ISO-10303-21;
HEADER;
/* Generated by software containing ST-Developer
 * from STEP Tools, Inc. (www.steptools.com) 
 */

FILE_DESCRIPTION(
/* description */ (''),
/* implementation_level */ '2;1');

FILE_NAME(
/* name */ 'elivators.stp',
/* time_stamp */ '2026-05-11T01:00:29+12:00',
/* author */ ('Jake'),
/* organization */ (''),
/* preprocessor_version */ 'ST-DEVELOPER v20.1',
/* originating_system */ 'Autodesk Inventor 2026',
/* authorisation */ '');

FILE_SCHEMA (('AUTOMOTIVE_DESIGN { 1 0 10303 214 3 1 1 }'));
ENDSEC;

DATA;
#10=MECHANICAL_DESIGN_GEOMETRIC_PRESENTATION_REPRESENTATION('',(#13),#3100);
#11=SHAPE_REPRESENTATION_RELATIONSHIP('SRR','None',#3107,#12);
#12=ADVANCED_BREP_SHAPE_REPRESENTATION('',(#14),#3099);
#13=STYLED_ITEM('',(#3116),#14);
#14=MANIFOLD_SOLID_BREP('Solid1',#222);
#15=FACE_BOUND('',#75,.T.);
#16=FACE_BOUND('',#76,.T.);
#17=FACE_BOUND('',#77,.T.);
#18=B_SPLINE_CURVE_WITH_KNOTS('',3,(#393,#394,#395,#396),.UNSPECIFIED.,
 .F.,.F.,(4,4),(0.789194492094879,0.789449636500686),.UNSPECIFIED.);
#19=B_SPLINE_CURVE_WITH_KNOTS('',3,(#398,#399,#400,#401,#402,#403,#404,
#405,#406,#407,#408,#409,#410,#411,#412,#413,#414),.UNSPECIFIED.,.F.,.F.,
(4,1,1,1,1,1,1,1,1,1,1,1,2,4),(-5.55725020222126,-5.00152518199913,-4.44580016177701,
-3.89007514155488,-3.33435012133276,-3.05648761122169,-2.2229000808885,
-1.94503757077744,-1.66717506066638,-1.11145004044425,-0.555725020222126,
-0.277862510111063,0.,0.00022804576934304),.UNSPECIFIED.);
#20=B_SPLINE_CURVE_WITH_KNOTS('',3,(#416,#417,#418,#419,#420,#421,#422,
#423,#424,#425,#426,#427,#428,#429,#430,#431,#432,#433,#434,#435,#436,#437,
#438,#439,#440,#441,#442,#443,#444,#445),.UNSPECIFIED.,.F.,.F.,(4,2,2,2,
2,2,2,2,2,2,2,2,2,2,4),(0.,0.00990444244626983,0.0130859072955073,0.01509875302119,
0.0168127091771706,0.0187495722138403,0.0219859639539434,0.0298105593862797,
0.0581575330228739,0.240555208007206,0.35097231041981,0.411315833864955,
0.493447688013958,0.629788596951485,0.804442843458196),.UNSPECIFIED.);
#21=B_SPLINE_CURVE_WITH_KNOTS('',3,(#447,#448,#449,#450,#451,#452,#453,
#454,#455,#456,#457,#458,#459,#460,#461,#462),.UNSPECIFIED.,.F.,.F.,(4,
2,1,1,1,1,1,1,1,1,1,1,4),(-1.05639654921876,0.,0.277862510111063,0.555725020222126,
1.11145004044425,1.66717506066638,1.94503757077744,2.2229000808885,3.05648761122169,
3.33435012133276,3.89007514155488,4.44580016177701,4.5302166789402),
 .UNSPECIFIED.);
#22=B_SPLINE_CURVE_WITH_KNOTS('',3,(#463,#464,#465,#466,#467,#468,#469,
#470,#471,#472,#473,#474,#475,#476,#477,#478),.UNSPECIFIED.,.F.,.F.,(4,
2,2,2,2,2,2,4),(-0.00395686895568158,0.,0.633320518669403,1.26167260592588,
1.4662225873684,1.54265946267127,1.58645157829232,1.62096186524984),
 .UNSPECIFIED.);
#23=B_SPLINE_CURVE_WITH_KNOTS('',3,(#481,#482,#483,#484,#485,#486,#487,
#488),.UNSPECIFIED.,.F.,.F.,(4,2,2,4),(-0.885764056895389,-0.862157764576121,
-0.804525782789008,-0.782081297487168),.UNSPECIFIED.);
#24=B_SPLINE_CURVE_WITH_KNOTS('',3,(#490,#491,#492,#493,#494,#495),
 .UNSPECIFIED.,.F.,.F.,(4,2,4),(0.00604537412962648,0.0187723546410595,
0.0283770439522462),.UNSPECIFIED.);
#25=B_SPLINE_CURVE_WITH_KNOTS('',3,(#496,#497,#498,#499,#500,#501,#502,
#503,#504,#505,#506,#507,#508,#509,#510,#511,#512,#513,#514,#515,#516,#517,
#518,#519,#520,#521,#522,#523,#524,#525,#526,#527,#528,#529,#530,#531,#532,
#533,#534,#535,#536,#537,#538,#539,#540,#541,#542,#543,#544,#545,#546,#547,
#548,#549,#550,#551,#552,#553,#554,#555,#556,#557,#558,#559,#560,#561,#562,
#563,#564,#565,#566,#567,#568,#569,#570,#571,#572,#573,#574,#575,#576,#577,
#578,#579,#580,#581,#582,#583,#584,#585,#586,#587,#588,#589,#590,#591,#592,
#593,#594,#595,#596,#597,#598,#599,#600,#601,#602,#603,#604,#605,#606,#607,
#608,#609,#610,#611,#612,#613,#614,#615,#616,#617,#618,#619,#620,#621,#622,
#623,#624,#625,#626,#627,#628,#629,#630,#631,#632,#633,#634,#635,#636,#637,
#638,#639,#640,#641,#642,#643,#644,#645,#646,#647,#648,#649,#650,#651,#652,
#653,#654,#655,#656,#657,#658,#659,#660,#661,#662,#663,#664,#665,#666,#667,
#668,#669,#670,#671,#672,#673,#674,#675,#676,#677,#678,#679,#680,#681,#682,
#683,#684,#685,#686,#687,#688,#689,#690,#691,#692,#693,#694,#695,#696,#697,
#698,#699,#700,#701,#702,#703,#704,#705,#706,#707,#708,#709,#710,#711,#712,
#713,#714,#715,#716,#717,#718,#719,#720,#721,#722,#723,#724,#725,#726,#727,
#728,#729,#730,#731,#732,#733,#734,#735,#736,#737,#738,#739,#740,#741,#742,
#743,#744,#745,#746,#747,#748,#749,#750,#751,#752,#753,#754,#755,#756,#757,
#758,#759,#760,#761,#762,#763,#764,#765,#766,#767,#768,#769,#770,#771,#772,
#773,#774,#775,#776,#777,#778,#779,#780,#781,#782,#783,#784,#785,#786,#787,
#788,#789,#790,#791,#792,#793,#794,#795,#796,#797,#798,#799,#800,#801,#802,
#803,#804,#805),.UNSPECIFIED.,.F.,.F.,(4,1,1,1,1,1,1,1,1,1,1,1,1,1,1,1,
1,1,1,1,1,1,1,1,1,1,1,1,1,1,1,1,1,1,1,1,1,1,1,1,1,1,1,1,1,1,1,1,1,1,1,1,
1,1,1,1,1,1,1,1,1,1,1,1,1,1,1,1,1,1,1,1,1,1,1,1,1,1,1,1,1,1,1,1,1,1,1,1,
1,1,1,1,1,1,1,1,1,1,1,1,1,1,1,1,1,1,1,1,1,1,1,1,1,1,1,1,1,1,1,1,1,1,1,1,
1,1,1,1,1,1,1,1,1,1,1,1,1,1,1,1,1,1,1,1,1,1,1,1,1,1,1,1,1,1,1,1,1,1,1,1,
1,1,1,1,1,1,1,1,1,1,1,1,1,1,1,1,1,1,1,1,1,1,1,1,1,1,1,1,1,1,1,1,1,1,1,1,
1,1,1,1,1,1,1,1,1,1,1,1,1,1,1,1,1,1,1,1,1,1,1,1,1,1,1,1,1,1,1,1,1,1,1,1,
1,1,1,1,1,1,1,1,1,1,1,1,1,1,1,1,1,1,1,1,1,1,1,1,1,1,1,1,1,1,1,1,1,1,1,1,
1,1,1,1,1,1,1,1,1,1,1,1,1,1,1,1,1,1,1,1,1,1,1,1,1,1,1,1,1,1,1,1,1,1,1,1,
1,1,1,4),(1.0171956964567,1.04125626692934,1.07100644598446,1.10075662503959,
1.13050680409471,1.16025698314983,1.19000716220496,1.21975734126008,1.24950752031521,
1.27925769937033,1.30900787842545,1.33875805748058,1.3685082365357,1.39825841559083,
1.42800859464595,1.45775877370107,1.4875089527562,1.51725913181132,1.54700931086645,
1.57675948992157,1.60650966897669,1.63625984803182,1.66601002708694,1.69576020614207,
1.72551038519719,1.75526056425231,1.78501074330744,1.81476092236256,1.84451110141769,
1.87426128047281,1.90401145952793,1.92384491223135,1.94367836493477,1.96351181763818,
1.9833452703416,2.00317872304501,2.02301217574843,2.04284562845185,2.06267908115526,
2.08251253385868,2.10234598656209,2.12217943926551,2.14201289196892,2.16184634467234,
2.18167979737576,2.20151325007917,2.22134670278259,2.241180155486,2.26101360818942,
2.28084706089284,2.30068051359625,2.32051396629967,2.34034741900308,2.3601808717065,
2.38001432440992,2.39984777711333,2.41968122981675,2.43951468252016,2.45934813522358,
2.479181587927,2.49901504063041,2.51884849333383,2.53868194603724,2.55851539874066,
2.57834885144408,2.59818230414749,2.61801575685091,2.63784920955432,2.65768266225774,
2.67751611496116,2.69734956766457,2.71718302036799,2.7370164730714,2.75684992577482,
2.77668337847824,2.79651683118165,2.81635028388507,2.83618373658848,2.8560171892919,
2.87585064199532,2.89568409469873,2.91551754740215,2.93535100010556,2.95518445280898,
2.9750179055124,2.99485135821581,3.01468481091923,3.03451826362264,3.05435171632606,
3.07418516902948,3.09401862173289,3.11385207443631,3.13368552713972,3.15351897984314,
3.17335243254656,3.19318588524997,3.21301933795339,3.2328527906568,3.25268624336022,
3.27251969606364,3.29235314876705,3.31218660147047,3.33202005417388,3.3518535068773,
3.37168695958071,3.39152041228413,3.41135386498755,3.43118731769096,3.45102077039438,
3.4708542230978,3.49068767580121,3.51052112850463,3.53035458120804,3.55018803391146,
3.57002148661487,3.58985493931829,3.60968839202171,3.62952184472512,3.64935529742854,
3.66918875013195,3.68902220283537,3.70885565553879,3.7286891082422,3.74852256094562,
3.76835601364903,3.78818946635245,3.80802291905587,3.83777309811099,3.86752327716611,
3.89727345622124,3.92702363527636,3.95677381433149,3.98652399338661,4.01627417244173,
4.0311492619693,4.04602435149686,4.06089944102442,4.07577453055198,4.10552470960711,
4.13527488866223,4.15014997818979,4.16502506771735,4.17990015724492,4.19477524677248,
4.2245254258276,4.25427560488273,4.26915069441029,4.28402578393785,4.29890087346541,
4.31377596299297,4.3435261420481,4.37327632110322,4.38815141063078,4.40302650015835,
4.41790158968591,4.43277667921347,4.46252685826859,4.49227703732372,4.50715212685128,
4.52202721637884,4.5369023059064,4.55177739543397,4.58152757448909,4.61127775354421,
4.62615284307178,4.64102793259934,4.67077811165446,4.70052829070958,4.71540338023715,
4.73027846976471,4.76002864881983,4.78977882787496,4.80465391740252,4.81952900693008,
4.8492791859852,4.87902936504033,4.89390445456789,4.90877954409545,4.93852972315058,
4.9682799022057,4.98315499173326,4.99803008126082,5.01290517078839,5.02778026031595,
5.05753043937107,5.0872806184262,5.10215570795376,5.11703079748132,5.13190588700888,
5.14678097653644,5.17653115559157,5.20628133464669,5.22115642417425,5.23603151370182,
5.25090660322938,5.26578169275694,5.29553187181206,5.32528205086719,5.34015714039475,
5.35503222992231,5.36990731944987,5.38478240897744,5.41453258803256,5.44428276708768,
5.45915785661525,5.47403294614281,5.48890803567037,5.50378312519793,5.53353330425306,
5.56328348330818,5.57815857283574,5.5930336623633,5.60790875189087,5.62278384141843,
5.65253402047355,5.68228419952868,5.69715928905624,5.7120343785838,5.72690946811136,
5.74178455763892,5.77153473669405,5.80128491574917,5.81616000527673,5.8310350948043,
5.84591018433186,5.86078527385942,5.89053545291454,5.92028563196967,5.93516072149723,
5.95003581102479,5.96491090055235,5.97978599007992,6.00953616913504,6.03928634819016,
6.05416143771773,6.06903652724529,6.09878670630041,6.12853688535554,6.1434119748831,
6.15828706441066,6.18803724346578,6.21778742252091,6.23266251204847,6.24753760157603,
6.27728778063115,6.30703795968628,6.32191304921384,6.3367881387414,6.35166322826896,
6.36653831779653,6.39628849685165,6.41116358637921,6.42603867590677,6.44091376543434,
6.4557888549619,6.47066394448946,6.48553903401702,6.50041412354458,6.51528921307215,
6.51900798545404,6.52272675783593,6.53016430259971,6.54503939212727,6.55991448165483,
6.56735202641861,6.57478957118239,6.58222711594618,6.58966466070996,6.59710220547374,
6.60453975023752,6.60639913642846,6.60732882952394,6.60825852261941,6.6119772950013,
6.61941483976508,6.62127422595603,6.62173907250376,6.6222039190515,6.62313361214697,
6.62499299833792,6.62685238452886,6.62778207762433,6.62871177071981,6.62917661726754,
6.62964146381528,6.63057115691075,6.63103600345849,6.63150085000622,6.63196569655396,
6.6324305431017,6.63266296637556,6.63289538964943,6.63336023619717,6.6334764478341,
6.63359265947104,6.63382508274491,6.63394129438184,6.63405750601877,6.63411561183724,
6.63417371765571,6.63423182347417,6.63426087638341,6.63427540283802,6.63428266606533,
6.63428992929264,6.6491650188202,6.6528837912021,6.66404010834777),
 .UNSPECIFIED.);
#26=B_SPLINE_CURVE_WITH_KNOTS('',4,(#829,#830,#831,#832,#833,#834,#835,
#836,#837,#838),.UNSPECIFIED.,.F.,.F.,(5,1,1,1,1,1,5),(0.,0.242886613709563,
0.391055522906784,0.528467101755963,0.648060890786911,0.748818928339084,
1.),.UNSPECIFIED.);
#27=B_SPLINE_CURVE_WITH_KNOTS('',3,(#841,#842,#843,#844,#845,#846,#847,
#848,#849,#850,#851,#852,#853,#854),.UNSPECIFIED.,.F.,.F.,(4,2,2,2,2,2,
4),(-0.0406063815823242,-0.0285872667653544,-0.0186020059340659,-0.00627355072681054,
-0.00260878143386634,-0.00108729404413919,0.),.UNSPECIFIED.);
#28=B_SPLINE_CURVE_WITH_KNOTS('',4,(#885,#886,#887,#888,#889,#890,#891,
#892,#893,#894,#895,#896,#897,#898),.UNSPECIFIED.,.F.,.F.,(5,1,1,1,1,1,
1,1,1,1,5),(0.,0.246118493591927,0.336296593795093,0.42387361297861,0.507544148972955,
0.580994117564793,0.654304112317678,0.727384797542752,0.797224242784722,
0.863113469912861,1.),.UNSPECIFIED.);
#29=B_SPLINE_CURVE_WITH_KNOTS('',3,(#924,#925,#926,#927),.UNSPECIFIED.,
 .F.,.F.,(4,4),(0.,1.),.UNSPECIFIED.);
#30=B_SPLINE_CURVE_WITH_KNOTS('',3,(#928,#929,#930,#931,#932,#933),
 .UNSPECIFIED.,.F.,.F.,(4,2,4),(-0.0189827690038761,-0.0187723546410595,
-0.00604537412962648),.UNSPECIFIED.);
#31=B_SPLINE_CURVE_WITH_KNOTS('',3,(#2656,#2657,#2658,#2659,#2660,#2661,
#2662,#2663,#2664,#2665,#2666,#2667,#2668,#2669,#2670,#2671,#2672,#2673,
#2674,#2675,#2676,#2677,#2678,#2679,#2680,#2681,#2682,#2683,#2684,#2685,
#2686,#2687,#2688,#2689,#2690,#2691,#2692,#2693,#2694,#2695,#2696,#2697,
#2698,#2699,#2700,#2701,#2702,#2703,#2704,#2705,#2706,#2707,#2708,#2709,
#2710,#2711,#2712,#2713,#2714,#2715,#2716,#2717,#2718,#2719,#2720,#2721,
#2722,#2723,#2724,#2725,#2726,#2727,#2728,#2729,#2730,#2731,#2732,#2733,
#2734,#2735,#2736,#2737,#2738,#2739,#2740,#2741,#2742,#2743,#2744,#2745,
#2746,#2747,#2748,#2749,#2750,#2751,#2752,#2753,#2754,#2755,#2756,#2757,
#2758,#2759,#2760,#2761,#2762,#2763,#2764,#2765,#2766,#2767,#2768,#2769,
#2770,#2771,#2772,#2773,#2774,#2775,#2776,#2777,#2778,#2779,#2780,#2781,
#2782,#2783,#2784,#2785,#2786,#2787,#2788,#2789,#2790,#2791,#2792,#2793,
#2794,#2795,#2796,#2797,#2798,#2799,#2800,#2801,#2802,#2803,#2804,#2805,
#2806,#2807,#2808,#2809,#2810,#2811,#2812,#2813,#2814,#2815,#2816,#2817,
#2818,#2819,#2820,#2821,#2822,#2823,#2824,#2825,#2826,#2827,#2828,#2829,
#2830,#2831,#2832,#2833,#2834,#2835,#2836,#2837,#2838,#2839,#2840,#2841,
#2842,#2843,#2844,#2845,#2846,#2847,#2848,#2849,#2850,#2851,#2852,#2853,
#2854,#2855,#2856,#2857,#2858,#2859,#2860,#2861,#2862,#2863,#2864,#2865,
#2866,#2867,#2868,#2869,#2870,#2871,#2872,#2873,#2874,#2875,#2876,#2877,
#2878,#2879,#2880,#2881,#2882,#2883,#2884,#2885,#2886,#2887,#2888,#2889,
#2890,#2891,#2892,#2893,#2894,#2895,#2896,#2897,#2898,#2899,#2900,#2901,
#2902,#2903,#2904,#2905,#2906,#2907,#2908,#2909,#2910,#2911,#2912,#2913,
#2914,#2915,#2916,#2917,#2918,#2919,#2920,#2921,#2922,#2923,#2924,#2925,
#2926,#2927,#2928,#2929,#2930,#2931,#2932,#2933,#2934,#2935,#2936,#2937,
#2938,#2939,#2940,#2941,#2942,#2943,#2944,#2945,#2946,#2947,#2948,#2949,
#2950,#2951,#2952,#2953,#2954,#2955,#2956,#2957,#2958,#2959,#2960,#2961,
#2962,#2963,#2964,#2965,#2966,#2967,#2968,#2969,#2970,#2971,#2972,#2973,
#2974,#2975,#2976,#2977,#2978,#2979,#2980,#2981,#2982,#2983,#2984,#2985,
#2986,#2987,#2988,#2989,#2990,#2991,#2992,#2993,#2994,#2995,#2996,#2997,
#2998,#2999),.UNSPECIFIED.,.F.,.F.,(4,1,1,1,1,1,1,1,1,1,1,1,1,1,1,1,1,1,
1,1,1,1,1,1,1,1,1,1,1,1,1,1,1,1,1,1,1,1,1,1,1,1,1,1,1,1,1,1,1,1,1,1,1,1,
1,1,1,1,1,1,1,1,1,1,1,1,1,1,1,1,1,1,1,1,1,1,1,1,1,1,1,1,1,1,1,1,1,1,1,1,
1,1,1,1,1,1,1,1,1,1,1,1,1,1,1,1,1,1,1,1,1,1,1,1,1,1,1,1,1,1,1,1,1,1,1,1,
1,1,1,1,1,1,1,1,1,1,1,1,1,1,1,1,1,1,1,1,1,1,1,1,1,1,1,1,1,1,1,1,1,1,1,1,
1,1,1,1,1,1,1,1,1,1,1,1,1,1,1,1,1,1,1,1,1,1,1,1,1,1,1,1,1,1,1,1,1,1,1,1,
1,1,1,1,1,1,1,1,1,1,1,1,1,1,1,1,1,1,1,1,1,1,1,1,1,1,1,1,1,1,1,1,1,1,1,1,
1,1,1,1,1,1,1,1,1,1,1,1,1,1,1,1,1,1,1,1,1,1,1,1,1,1,1,1,1,1,1,1,1,1,1,1,
1,1,1,1,1,1,1,1,1,1,1,1,1,1,1,1,1,1,1,1,1,1,1,1,1,1,1,1,1,1,1,1,1,1,1,1,
1,1,1,1,1,1,1,1,1,1,1,1,1,1,1,1,1,1,1,1,1,1,1,1,1,1,1,1,1,1,1,1,1,1,1,4),
(-6.66404010834777,-6.6528837912021,-6.6491650188202,-6.63428992929264,
-6.63428266606533,-6.63427540283802,-6.63426087638341,-6.63423182347417,
-6.63417371765571,-6.63411561183724,-6.63405750601877,-6.63394129438184,
-6.63382508274491,-6.63359265947104,-6.6334764478341,-6.63336023619717,
-6.63289538964943,-6.63266296637556,-6.6324305431017,-6.63196569655396,
-6.63150085000622,-6.63103600345849,-6.63057115691075,-6.62964146381528,
-6.62917661726754,-6.62871177071981,-6.62778207762433,-6.62685238452886,
-6.62499299833792,-6.62313361214697,-6.6222039190515,-6.62173907250376,
-6.62127422595603,-6.61941483976508,-6.6119772950013,-6.60825852261941,
-6.60732882952394,-6.60639913642846,-6.60453975023752,-6.59710220547374,
-6.58966466070996,-6.58222711594618,-6.57478957118239,-6.56735202641861,
-6.55991448165483,-6.54503939212727,-6.53016430259971,-6.52272675783593,
-6.51900798545404,-6.51528921307215,-6.50041412354458,-6.48553903401702,
-6.47066394448946,-6.4557888549619,-6.44091376543434,-6.42603867590677,
-6.41116358637921,-6.39628849685165,-6.36653831779653,-6.35166322826896,
-6.3367881387414,-6.32191304921384,-6.30703795968628,-6.27728778063115,
-6.24753760157603,-6.23266251204847,-6.21778742252091,-6.18803724346578,
-6.15828706441066,-6.1434119748831,-6.12853688535554,-6.09878670630041,
-6.06903652724529,-6.05416143771773,-6.03928634819016,-6.00953616913504,
-5.97978599007992,-5.96491090055235,-5.95003581102479,-5.93516072149723,
-5.92028563196967,-5.89053545291454,-5.86078527385942,-5.84591018433186,
-5.8310350948043,-5.81616000527673,-5.80128491574917,-5.77153473669405,
-5.74178455763892,-5.72690946811136,-5.7120343785838,-5.69715928905624,
-5.68228419952868,-5.65253402047355,-5.62278384141843,-5.60790875189087,
-5.5930336623633,-5.57815857283574,-5.56328348330818,-5.53353330425306,
-5.50378312519793,-5.48890803567037,-5.47403294614281,-5.45915785661525,
-5.44428276708768,-5.41453258803256,-5.38478240897744,-5.36990731944987,
-5.35503222992231,-5.34015714039475,-5.32528205086719,-5.29553187181206,
-5.26578169275694,-5.25090660322938,-5.23603151370182,-5.22115642417425,
-5.20628133464669,-5.17653115559157,-5.14678097653644,-5.13190588700888,
-5.11703079748132,-5.10215570795376,-5.0872806184262,-5.05753043937107,
-5.02778026031595,-5.01290517078839,-4.99803008126082,-4.98315499173326,
-4.9682799022057,-4.93852972315058,-4.90877954409545,-4.89390445456789,
-4.87902936504033,-4.8492791859852,-4.81952900693008,-4.80465391740252,
-4.78977882787496,-4.76002864881983,-4.73027846976471,-4.71540338023715,
-4.70052829070958,-4.67077811165446,-4.64102793259934,-4.62615284307178,
-4.61127775354421,-4.58152757448909,-4.55177739543397,-4.5369023059064,
-4.52202721637884,-4.50715212685128,-4.49227703732372,-4.46252685826859,
-4.43277667921347,-4.41790158968591,-4.40302650015835,-4.38815141063078,
-4.37327632110322,-4.3435261420481,-4.31377596299297,-4.29890087346541,
-4.28402578393785,-4.26915069441029,-4.25427560488273,-4.2245254258276,
-4.19477524677248,-4.17990015724492,-4.16502506771735,-4.15014997818979,
-4.13527488866223,-4.10552470960711,-4.07577453055198,-4.06089944102442,
-4.04602435149686,-4.0311492619693,-4.01627417244173,-3.98652399338661,
-3.95677381433149,-3.92702363527636,-3.89727345622124,-3.86752327716611,
-3.83777309811099,-3.80802291905587,-3.78818946635245,-3.76835601364903,
-3.74852256094562,-3.7286891082422,-3.70885565553879,-3.68902220283537,
-3.66918875013195,-3.64935529742854,-3.62952184472512,-3.60968839202171,
-3.58985493931829,-3.57002148661487,-3.55018803391146,-3.53035458120804,
-3.51052112850463,-3.49068767580121,-3.4708542230978,-3.45102077039438,
-3.43118731769096,-3.41135386498755,-3.39152041228413,-3.37168695958071,
-3.3518535068773,-3.33202005417388,-3.31218660147047,-3.29235314876705,
-3.27251969606364,-3.25268624336022,-3.2328527906568,-3.21301933795339,
-3.19318588524997,-3.17335243254656,-3.15351897984314,-3.13368552713972,
-3.11385207443631,-3.09401862173289,-3.07418516902948,-3.05435171632606,
-3.03451826362264,-3.01468481091923,-2.99485135821581,-2.9750179055124,
-2.95518445280898,-2.93535100010556,-2.91551754740215,-2.89568409469873,
-2.87585064199532,-2.8560171892919,-2.83618373658848,-2.81635028388507,
-2.79651683118165,-2.77668337847824,-2.75684992577482,-2.7370164730714,
-2.71718302036799,-2.69734956766457,-2.67751611496116,-2.65768266225774,
-2.63784920955432,-2.61801575685091,-2.59818230414749,-2.57834885144408,
-2.55851539874066,-2.53868194603724,-2.51884849333383,-2.49901504063041,
-2.479181587927,-2.45934813522358,-2.43951468252016,-2.41968122981675,-2.39984777711333,
-2.38001432440992,-2.3601808717065,-2.34034741900308,-2.32051396629967,
-2.30068051359625,-2.28084706089284,-2.26101360818942,-2.241180155486,-2.22134670278259,
-2.20151325007917,-2.18167979737576,-2.16184634467234,-2.14201289196892,
-2.12217943926551,-2.10234598656209,-2.08251253385868,-2.06267908115526,
-2.04284562845185,-2.02301217574843,-2.00317872304501,-1.9833452703416,
-1.96351181763818,-1.94367836493477,-1.92384491223135,-1.90401145952793,
-1.87426128047281,-1.84451110141769,-1.81476092236256,-1.78501074330744,
-1.75526056425231,-1.72551038519719,-1.69576020614207,-1.66601002708694,
-1.63625984803182,-1.60650966897669,-1.57675948992157,-1.54700931086645,
-1.51725913181132,-1.4875089527562,-1.45775877370107,-1.42800859464595,
-1.39825841559083,-1.3685082365357,-1.33875805748058,-1.30900787842545,
-1.27925769937033,-1.24950752031521,-1.21975734126008,-1.19000716220496,
-1.16025698314983,-1.13050680409471,-1.10075662503959,-1.07100644598446,
-1.04125626692934,-1.01150608787421,-0.98175590881909,-0.952005729763966,
-0.922255550708843,-0.892505371653719,-0.862755192598595,-0.833005013543471,
-0.803254834488347,-0.773504655433223,-0.743754476378099,-0.714004297322975,
-0.684254118267851,-0.654503939212727,-0.624753760157603,-0.595003581102479,
-0.565253402047355,-0.535503222992231,-0.505753043937107,-0.476002864881983,
-0.446252685826859,-0.416502506771735,-0.386752327716611,-0.357002148661487,
-0.327251969606363,-0.297501790551239,-0.267751611496115,-0.238001432440992,
-0.208251253385868,-0.178501074330744,-0.14875089527562,-0.119000716220496,
-0.0892505371653718,-0.0595003581102478,-0.0297501790551238,1.11022302462516E-16),
 .UNSPECIFIED.);
#32=B_SPLINE_CURVE_WITH_KNOTS('',3,(#3020,#3021,#3022,#3023,#3024),
 .UNSPECIFIED.,.F.,.F.,(4,1,4),(-1.,-0.571428571428571,0.),
 .UNSPECIFIED.);
#33=B_SPLINE_CURVE_WITH_KNOTS('',4,(#3063,#3064,#3065,#3066,#3067,#3068,
#3069,#3070,#3071,#3072,#3073,#3074,#3075,#3076,#3077,#3078,#3079,#3080,
#3081),.UNSPECIFIED.,.F.,.F.,(5,1,1,1,1,1,1,1,1,1,1,1,1,1,1,5),(0.,0.0633016733690863,
0.0886896461029146,0.118829242090379,0.153430681406383,0.190744732951934,
0.231157972290868,0.27947520437783,0.331625560780267,0.389901646317268,
0.45736938645008,0.528084814730761,0.610256069246757,0.698469942201563,
0.79044757468533,1.),.UNSPECIFIED.);
#34=B_SPLINE_SURFACE_WITH_KNOTS('',3,3,((#306,#307,#308,#309,#310,#311,
#312,#313,#314,#315,#316,#317,#318,#319,#320,#321,#322),(#323,#324,#325,
#326,#327,#328,#329,#330,#331,#332,#333,#334,#335,#336,#337,#338,#339),
(#340,#341,#342,#343,#344,#345,#346,#347,#348,#349,#350,#351,#352,#353,
#354,#355,#356),(#357,#358,#359,#360,#361,#362,#363,#364,#365,#366,#367,
#368,#369,#370,#371,#372,#373),(#374,#375,#376,#377,#378,#379,#380,#381,
#382,#383,#384,#385,#386,#387,#388,#389,#390)),.UNSPECIFIED.,.F.,.F.,.F.,
(4,1,4),(4,2,1,1,1,1,1,1,1,1,1,1,1,4),(0.,0.571428571428571,1.),(-1.05639654921876,
0.,0.277862510111063,0.555725020222126,1.11145004044425,1.66717506066638,
1.94503757077744,2.2229000808885,3.05648761122169,3.33435012133276,3.89007514155488,
4.44580016177701,5.00152518199913,5.55725020222126),.UNSPECIFIED.);
#35=B_SPLINE_SURFACE_WITH_KNOTS('',4,1,((#806,#807),(#808,#809),(#810,#811),
(#812,#813),(#814,#815),(#816,#817),(#818,#819),(#820,#821),(#822,#823),
(#824,#825)),.UNSPECIFIED.,.F.,.F.,.F.,(5,1,1,1,1,1,5),(2,2),(0.,0.242886613709563,
0.391055522906784,0.528467101755963,0.648060890786911,0.748818928339084,
1.),(0.,15.),.UNSPECIFIED.);
#36=B_SPLINE_SURFACE_WITH_KNOTS('',4,1,((#855,#856),(#857,#858),(#859,#860),
(#861,#862),(#863,#864),(#865,#866),(#867,#868),(#869,#870),(#871,#872),
(#873,#874),(#875,#876),(#877,#878),(#879,#880),(#881,#882)),
 .UNSPECIFIED.,.F.,.F.,.F.,(5,1,1,1,1,1,1,1,1,1,5),(2,2),(0.,0.246118493591927,
0.336296593795093,0.42387361297861,0.507544148972955,0.580994117564793,
0.654304112317678,0.727384797542752,0.797224242784722,0.863113469912861,
1.),(0.,15.),.UNSPECIFIED.);
#37=B_SPLINE_SURFACE_WITH_KNOTS('',3,3,((#899,#900,#901,#902,#903,#904),
(#905,#906,#907,#908,#909,#910),(#911,#912,#913,#914,#915,#916),(#917,#918,
#919,#920,#921,#922)),.UNSPECIFIED.,.F.,.F.,.F.,(4,4),(4,2,4),(0.,1.),(-0.0283770439522462,
-0.0187723546410595,-0.00604537412962648),.UNSPECIFIED.);
#38=B_SPLINE_SURFACE_WITH_KNOTS('',3,3,((#934,#935,#936,#937,#938,#939,
#940,#941,#942,#943,#944,#945,#946,#947,#948,#949,#950,#951,#952,#953,#954,
#955,#956,#957,#958,#959,#960,#961,#962,#963,#964,#965,#966,#967,#968,#969,
#970,#971,#972,#973,#974,#975,#976,#977,#978,#979,#980,#981,#982,#983,#984,
#985,#986,#987,#988,#989,#990,#991,#992,#993,#994,#995,#996,#997,#998,#999,
#1000,#1001,#1002,#1003,#1004,#1005,#1006,#1007,#1008,#1009,#1010,#1011,
#1012,#1013,#1014,#1015,#1016,#1017,#1018,#1019,#1020,#1021,#1022,#1023,
#1024,#1025,#1026,#1027,#1028,#1029,#1030,#1031,#1032,#1033,#1034,#1035,
#1036,#1037,#1038,#1039,#1040,#1041,#1042,#1043,#1044,#1045,#1046,#1047,
#1048,#1049,#1050,#1051,#1052,#1053,#1054,#1055,#1056,#1057,#1058,#1059,
#1060,#1061,#1062,#1063,#1064,#1065,#1066,#1067,#1068,#1069,#1070,#1071,
#1072,#1073,#1074,#1075,#1076,#1077,#1078,#1079,#1080,#1081,#1082,#1083,
#1084,#1085,#1086,#1087,#1088,#1089,#1090,#1091,#1092,#1093,#1094,#1095,
#1096,#1097,#1098,#1099,#1100,#1101,#1102,#1103,#1104,#1105,#1106,#1107,
#1108,#1109,#1110,#1111,#1112,#1113,#1114,#1115,#1116,#1117,#1118,#1119,
#1120,#1121,#1122,#1123,#1124,#1125,#1126,#1127,#1128,#1129,#1130,#1131,
#1132,#1133,#1134,#1135,#1136,#1137,#1138,#1139,#1140,#1141,#1142,#1143,
#1144,#1145,#1146,#1147,#1148,#1149,#1150,#1151,#1152,#1153,#1154,#1155,
#1156,#1157,#1158,#1159,#1160,#1161,#1162,#1163,#1164,#1165,#1166,#1167,
#1168,#1169,#1170,#1171,#1172,#1173,#1174,#1175,#1176,#1177,#1178,#1179,
#1180,#1181,#1182,#1183,#1184,#1185,#1186,#1187,#1188,#1189,#1190,#1191,
#1192,#1193,#1194,#1195,#1196,#1197,#1198,#1199,#1200,#1201,#1202,#1203,
#1204,#1205,#1206,#1207,#1208,#1209,#1210,#1211,#1212,#1213,#1214,#1215,
#1216,#1217,#1218,#1219,#1220,#1221,#1222,#1223,#1224,#1225,#1226,#1227,
#1228,#1229,#1230,#1231,#1232,#1233,#1234,#1235,#1236,#1237,#1238,#1239,
#1240,#1241,#1242,#1243,#1244,#1245,#1246,#1247,#1248,#1249,#1250,#1251,
#1252,#1253,#1254,#1255,#1256,#1257,#1258,#1259,#1260,#1261,#1262,#1263,
#1264,#1265,#1266,#1267,#1268,#1269,#1270,#1271,#1272,#1273,#1274,#1275,
#1276,#1277),(#1278,#1279,#1280,#1281,#1282,#1283,#1284,#1285,#1286,#1287,
#1288,#1289,#1290,#1291,#1292,#1293,#1294,#1295,#1296,#1297,#1298,#1299,
#1300,#1301,#1302,#1303,#1304,#1305,#1306,#1307,#1308,#1309,#1310,#1311,
#1312,#1313,#1314,#1315,#1316,#1317,#1318,#1319,#1320,#1321,#1322,#1323,
#1324,#1325,#1326,#1327,#1328,#1329,#1330,#1331,#1332,#1333,#1334,#1335,
#1336,#1337,#1338,#1339,#1340,#1341,#1342,#1343,#1344,#1345,#1346,#1347,
#1348,#1349,#1350,#1351,#1352,#1353,#1354,#1355,#1356,#1357,#1358,#1359,
#1360,#1361,#1362,#1363,#1364,#1365,#1366,#1367,#1368,#1369,#1370,#1371,
#1372,#1373,#1374,#1375,#1376,#1377,#1378,#1379,#1380,#1381,#1382,#1383,
#1384,#1385,#1386,#1387,#1388,#1389,#1390,#1391,#1392,#1393,#1394,#1395,
#1396,#1397,#1398,#1399,#1400,#1401,#1402,#1403,#1404,#1405,#1406,#1407,
#1408,#1409,#1410,#1411,#1412,#1413,#1414,#1415,#1416,#1417,#1418,#1419,
#1420,#1421,#1422,#1423,#1424,#1425,#1426,#1427,#1428,#1429,#1430,#1431,
#1432,#1433,#1434,#1435,#1436,#1437,#1438,#1439,#1440,#1441,#1442,#1443,
#1444,#1445,#1446,#1447,#1448,#1449,#1450,#1451,#1452,#1453,#1454,#1455,
#1456,#1457,#1458,#1459,#1460,#1461,#1462,#1463,#1464,#1465,#1466,#1467,
#1468,#1469,#1470,#1471,#1472,#1473,#1474,#1475,#1476,#1477,#1478,#1479,
#1480,#1481,#1482,#1483,#1484,#1485,#1486,#1487,#1488,#1489,#1490,#1491,
#1492,#1493,#1494,#1495,#1496,#1497,#1498,#1499,#1500,#1501,#1502,#1503,
#1504,#1505,#1506,#1507,#1508,#1509,#1510,#1511,#1512,#1513,#1514,#1515,
#1516,#1517,#1518,#1519,#1520,#1521,#1522,#1523,#1524,#1525,#1526,#1527,
#1528,#1529,#1530,#1531,#1532,#1533,#1534,#1535,#1536,#1537,#1538,#1539,
#1540,#1541,#1542,#1543,#1544,#1545,#1546,#1547,#1548,#1549,#1550,#1551,
#1552,#1553,#1554,#1555,#1556,#1557,#1558,#1559,#1560,#1561,#1562,#1563,
#1564,#1565,#1566,#1567,#1568,#1569,#1570,#1571,#1572,#1573,#1574,#1575,
#1576,#1577,#1578,#1579,#1580,#1581,#1582,#1583,#1584,#1585,#1586,#1587,
#1588,#1589,#1590,#1591,#1592,#1593,#1594,#1595,#1596,#1597,#1598,#1599,
#1600,#1601,#1602,#1603,#1604,#1605,#1606,#1607,#1608,#1609,#1610,#1611,
#1612,#1613,#1614,#1615,#1616,#1617,#1618,#1619,#1620,#1621),(#1622,#1623,
#1624,#1625,#1626,#1627,#1628,#1629,#1630,#1631,#1632,#1633,#1634,#1635,
#1636,#1637,#1638,#1639,#1640,#1641,#1642,#1643,#1644,#1645,#1646,#1647,
#1648,#1649,#1650,#1651,#1652,#1653,#1654,#1655,#1656,#1657,#1658,#1659,
#1660,#1661,#1662,#1663,#1664,#1665,#1666,#1667,#1668,#1669,#1670,#1671,
#1672,#1673,#1674,#1675,#1676,#1677,#1678,#1679,#1680,#1681,#1682,#1683,
#1684,#1685,#1686,#1687,#1688,#1689,#1690,#1691,#1692,#1693,#1694,#1695,
#1696,#1697,#1698,#1699,#1700,#1701,#1702,#1703,#1704,#1705,#1706,#1707,
#1708,#1709,#1710,#1711,#1712,#1713,#1714,#1715,#1716,#1717,#1718,#1719,
#1720,#1721,#1722,#1723,#1724,#1725,#1726,#1727,#1728,#1729,#1730,#1731,
#1732,#1733,#1734,#1735,#1736,#1737,#1738,#1739,#1740,#1741,#1742,#1743,
#1744,#1745,#1746,#1747,#1748,#1749,#1750,#1751,#1752,#1753,#1754,#1755,
#1756,#1757,#1758,#1759,#1760,#1761,#1762,#1763,#1764,#1765,#1766,#1767,
#1768,#1769,#1770,#1771,#1772,#1773,#1774,#1775,#1776,#1777,#1778,#1779,
#1780,#1781,#1782,#1783,#1784,#1785,#1786,#1787,#1788,#1789,#1790,#1791,
#1792,#1793,#1794,#1795,#1796,#1797,#1798,#1799,#1800,#1801,#1802,#1803,
#1804,#1805,#1806,#1807,#1808,#1809,#1810,#1811,#1812,#1813,#1814,#1815,
#1816,#1817,#1818,#1819,#1820,#1821,#1822,#1823,#1824,#1825,#1826,#1827,
#1828,#1829,#1830,#1831,#1832,#1833,#1834,#1835,#1836,#1837,#1838,#1839,
#1840,#1841,#1842,#1843,#1844,#1845,#1846,#1847,#1848,#1849,#1850,#1851,
#1852,#1853,#1854,#1855,#1856,#1857,#1858,#1859,#1860,#1861,#1862,#1863,
#1864,#1865,#1866,#1867,#1868,#1869,#1870,#1871,#1872,#1873,#1874,#1875,
#1876,#1877,#1878,#1879,#1880,#1881,#1882,#1883,#1884,#1885,#1886,#1887,
#1888,#1889,#1890,#1891,#1892,#1893,#1894,#1895,#1896,#1897,#1898,#1899,
#1900,#1901,#1902,#1903,#1904,#1905,#1906,#1907,#1908,#1909,#1910,#1911,
#1912,#1913,#1914,#1915,#1916,#1917,#1918,#1919,#1920,#1921,#1922,#1923,
#1924,#1925,#1926,#1927,#1928,#1929,#1930,#1931,#1932,#1933,#1934,#1935,
#1936,#1937,#1938,#1939,#1940,#1941,#1942,#1943,#1944,#1945,#1946,#1947,
#1948,#1949,#1950,#1951,#1952,#1953,#1954,#1955,#1956,#1957,#1958,#1959,
#1960,#1961,#1962,#1963,#1964,#1965),(#1966,#1967,#1968,#1969,#1970,#1971,
#1972,#1973,#1974,#1975,#1976,#1977,#1978,#1979,#1980,#1981,#1982,#1983,
#1984,#1985,#1986,#1987,#1988,#1989,#1990,#1991,#1992,#1993,#1994,#1995,
#1996,#1997,#1998,#1999,#2000,#2001,#2002,#2003,#2004,#2005,#2006,#2007,
#2008,#2009,#2010,#2011,#2012,#2013,#2014,#2015,#2016,#2017,#2018,#2019,
#2020,#2021,#2022,#2023,#2024,#2025,#2026,#2027,#2028,#2029,#2030,#2031,
#2032,#2033,#2034,#2035,#2036,#2037,#2038,#2039,#2040,#2041,#2042,#2043,
#2044,#2045,#2046,#2047,#2048,#2049,#2050,#2051,#2052,#2053,#2054,#2055,
#2056,#2057,#2058,#2059,#2060,#2061,#2062,#2063,#2064,#2065,#2066,#2067,
#2068,#2069,#2070,#2071,#2072,#2073,#2074,#2075,#2076,#2077,#2078,#2079,
#2080,#2081,#2082,#2083,#2084,#2085,#2086,#2087,#2088,#2089,#2090,#2091,
#2092,#2093,#2094,#2095,#2096,#2097,#2098,#2099,#2100,#2101,#2102,#2103,
#2104,#2105,#2106,#2107,#2108,#2109,#2110,#2111,#2112,#2113,#2114,#2115,
#2116,#2117,#2118,#2119,#2120,#2121,#2122,#2123,#2124,#2125,#2126,#2127,
#2128,#2129,#2130,#2131,#2132,#2133,#2134,#2135,#2136,#2137,#2138,#2139,
#2140,#2141,#2142,#2143,#2144,#2145,#2146,#2147,#2148,#2149,#2150,#2151,
#2152,#2153,#2154,#2155,#2156,#2157,#2158,#2159,#2160,#2161,#2162,#2163,
#2164,#2165,#2166,#2167,#2168,#2169,#2170,#2171,#2172,#2173,#2174,#2175,
#2176,#2177,#2178,#2179,#2180,#2181,#2182,#2183,#2184,#2185,#2186,#2187,
#2188,#2189,#2190,#2191,#2192,#2193,#2194,#2195,#2196,#2197,#2198,#2199,
#2200,#2201,#2202,#2203,#2204,#2205,#2206,#2207,#2208,#2209,#2210,#2211,
#2212,#2213,#2214,#2215,#2216,#2217,#2218,#2219,#2220,#2221,#2222,#2223,
#2224,#2225,#2226,#2227,#2228,#2229,#2230,#2231,#2232,#2233,#2234,#2235,
#2236,#2237,#2238,#2239,#2240,#2241,#2242,#2243,#2244,#2245,#2246,#2247,
#2248,#2249,#2250,#2251,#2252,#2253,#2254,#2255,#2256,#2257,#2258,#2259,
#2260,#2261,#2262,#2263,#2264,#2265,#2266,#2267,#2268,#2269,#2270,#2271,
#2272,#2273,#2274,#2275,#2276,#2277,#2278,#2279,#2280,#2281,#2282,#2283,
#2284,#2285,#2286,#2287,#2288,#2289,#2290,#2291,#2292,#2293,#2294,#2295,
#2296,#2297,#2298,#2299,#2300,#2301,#2302,#2303,#2304,#2305,#2306,#2307,
#2308,#2309),(#2310,#2311,#2312,#2313,#2314,#2315,#2316,#2317,#2318,#2319,
#2320,#2321,#2322,#2323,#2324,#2325,#2326,#2327,#2328,#2329,#2330,#2331,
#2332,#2333,#2334,#2335,#2336,#2337,#2338,#2339,#2340,#2341,#2342,#2343,
#2344,#2345,#2346,#2347,#2348,#2349,#2350,#2351,#2352,#2353,#2354,#2355,
#2356,#2357,#2358,#2359,#2360,#2361,#2362,#2363,#2364,#2365,#2366,#2367,
#2368,#2369,#2370,#2371,#2372,#2373,#2374,#2375,#2376,#2377,#2378,#2379,
#2380,#2381,#2382,#2383,#2384,#2385,#2386,#2387,#2388,#2389,#2390,#2391,
#2392,#2393,#2394,#2395,#2396,#2397,#2398,#2399,#2400,#2401,#2402,#2403,
#2404,#2405,#2406,#2407,#2408,#2409,#2410,#2411,#2412,#2413,#2414,#2415,
#2416,#2417,#2418,#2419,#2420,#2421,#2422,#2423,#2424,#2425,#2426,#2427,
#2428,#2429,#2430,#2431,#2432,#2433,#2434,#2435,#2436,#2437,#2438,#2439,
#2440,#2441,#2442,#2443,#2444,#2445,#2446,#2447,#2448,#2449,#2450,#2451,
#2452,#2453,#2454,#2455,#2456,#2457,#2458,#2459,#2460,#2461,#2462,#2463,
#2464,#2465,#2466,#2467,#2468,#2469,#2470,#2471,#2472,#2473,#2474,#2475,
#2476,#2477,#2478,#2479,#2480,#2481,#2482,#2483,#2484,#2485,#2486,#2487,
#2488,#2489,#2490,#2491,#2492,#2493,#2494,#2495,#2496,#2497,#2498,#2499,
#2500,#2501,#2502,#2503,#2504,#2505,#2506,#2507,#2508,#2509,#2510,#2511,
#2512,#2513,#2514,#2515,#2516,#2517,#2518,#2519,#2520,#2521,#2522,#2523,
#2524,#2525,#2526,#2527,#2528,#2529,#2530,#2531,#2532,#2533,#2534,#2535,
#2536,#2537,#2538,#2539,#2540,#2541,#2542,#2543,#2544,#2545,#2546,#2547,
#2548,#2549,#2550,#2551,#2552,#2553,#2554,#2555,#2556,#2557,#2558,#2559,
#2560,#2561,#2562,#2563,#2564,#2565,#2566,#2567,#2568,#2569,#2570,#2571,
#2572,#2573,#2574,#2575,#2576,#2577,#2578,#2579,#2580,#2581,#2582,#2583,
#2584,#2585,#2586,#2587,#2588,#2589,#2590,#2591,#2592,#2593,#2594,#2595,
#2596,#2597,#2598,#2599,#2600,#2601,#2602,#2603,#2604,#2605,#2606,#2607,
#2608,#2609,#2610,#2611,#2612,#2613,#2614,#2615,#2616,#2617,#2618,#2619,
#2620,#2621,#2622,#2623,#2624,#2625,#2626,#2627,#2628,#2629,#2630,#2631,
#2632,#2633,#2634,#2635,#2636,#2637,#2638,#2639,#2640,#2641,#2642,#2643,
#2644,#2645,#2646,#2647,#2648,#2649,#2650,#2651,#2652,#2653)),
 .UNSPECIFIED.,.F.,.F.,.F.,(4,1,4),(4,1,1,1,1,1,1,1,1,1,1,1,1,1,1,1,1,1,
1,1,1,1,1,1,1,1,1,1,1,1,1,1,1,1,1,1,1,1,1,1,1,1,1,1,1,1,1,1,1,1,1,1,1,1,
1,1,1,1,1,1,1,1,1,1,1,1,1,1,1,1,1,1,1,1,1,1,1,1,1,1,1,1,1,1,1,1,1,1,1,1,
1,1,1,1,1,1,1,1,1,1,1,1,1,1,1,1,1,1,1,1,1,1,1,1,1,1,1,1,1,1,1,1,1,1,1,1,
1,1,1,1,1,1,1,1,1,1,1,1,1,1,1,1,1,1,1,1,1,1,1,1,1,1,1,1,1,1,1,1,1,1,1,1,
1,1,1,1,1,1,1,1,1,1,1,1,1,1,1,1,1,1,1,1,1,1,1,1,1,1,1,1,1,1,1,1,1,1,1,1,
1,1,1,1,1,1,1,1,1,1,1,1,1,1,1,1,1,1,1,1,1,1,1,1,1,1,1,1,1,1,1,1,1,1,1,1,
1,1,1,1,1,1,1,1,1,1,1,1,1,1,1,1,1,1,1,1,1,1,1,1,1,1,1,1,1,1,1,1,1,1,1,1,
1,1,1,1,1,1,1,1,1,1,1,1,1,1,1,1,1,1,1,1,1,1,1,1,1,1,1,1,1,1,1,1,1,1,1,1,
1,1,1,1,1,1,1,1,1,1,1,1,1,1,1,1,1,1,1,1,1,1,1,1,1,1,1,1,1,1,1,1,1,1,1,4),
(0.,0.571428571428571,1.),(-1.11022302462516E-16,0.0297501790551238,0.0595003581102478,
0.0892505371653718,0.119000716220496,0.14875089527562,0.178501074330744,
0.208251253385868,0.238001432440992,0.267751611496115,0.297501790551239,
0.327251969606363,0.357002148661487,0.386752327716611,0.416502506771735,
0.446252685826859,0.476002864881983,0.505753043937107,0.535503222992231,
0.565253402047355,0.595003581102479,0.624753760157603,0.654503939212727,
0.684254118267851,0.714004297322975,0.743754476378099,0.773504655433223,
0.803254834488347,0.833005013543471,0.862755192598595,0.892505371653719,
0.922255550708843,0.952005729763966,0.98175590881909,1.01150608787421,1.04125626692934,
1.07100644598446,1.10075662503959,1.13050680409471,1.16025698314983,1.19000716220496,
1.21975734126008,1.24950752031521,1.27925769937033,1.30900787842545,1.33875805748058,
1.3685082365357,1.39825841559083,1.42800859464595,1.45775877370107,1.4875089527562,
1.51725913181132,1.54700931086645,1.57675948992157,1.60650966897669,1.63625984803182,
1.66601002708694,1.69576020614207,1.72551038519719,1.75526056425231,1.78501074330744,
1.81476092236256,1.84451110141769,1.87426128047281,1.90401145952793,1.92384491223135,
1.94367836493477,1.96351181763818,1.9833452703416,2.00317872304501,2.02301217574843,
2.04284562845185,2.06267908115526,2.08251253385868,2.10234598656209,2.12217943926551,
2.14201289196892,2.16184634467234,2.18167979737576,2.20151325007917,2.22134670278259,
2.241180155486,2.26101360818942,2.28084706089284,2.30068051359625,2.32051396629967,
2.34034741900308,2.3601808717065,2.38001432440992,2.39984777711333,2.41968122981675,
2.43951468252016,2.45934813522358,2.479181587927,2.49901504063041,2.51884849333383,
2.53868194603724,2.55851539874066,2.57834885144408,2.59818230414749,2.61801575685091,
2.63784920955432,2.65768266225774,2.67751611496116,2.69734956766457,2.71718302036799,
2.7370164730714,2.75684992577482,2.77668337847824,2.79651683118165,2.81635028388507,
2.83618373658848,2.8560171892919,2.87585064199532,2.89568409469873,2.91551754740215,
2.93535100010556,2.95518445280898,2.9750179055124,2.99485135821581,3.01468481091923,
3.03451826362264,3.05435171632606,3.07418516902948,3.09401862173289,3.11385207443631,
3.13368552713972,3.15351897984314,3.17335243254656,3.19318588524997,3.21301933795339,
3.2328527906568,3.25268624336022,3.27251969606364,3.29235314876705,3.31218660147047,
3.33202005417388,3.3518535068773,3.37168695958071,3.39152041228413,3.41135386498755,
3.43118731769096,3.45102077039438,3.4708542230978,3.49068767580121,3.51052112850463,
3.53035458120804,3.55018803391146,3.57002148661487,3.58985493931829,3.60968839202171,
3.62952184472512,3.64935529742854,3.66918875013195,3.68902220283537,3.70885565553879,
3.7286891082422,3.74852256094562,3.76835601364903,3.78818946635245,3.80802291905587,
3.83777309811099,3.86752327716611,3.89727345622124,3.92702363527636,3.95677381433149,
3.98652399338661,4.01627417244173,4.0311492619693,4.04602435149686,4.06089944102442,
4.07577453055198,4.10552470960711,4.13527488866223,4.15014997818979,4.16502506771735,
4.17990015724492,4.19477524677248,4.2245254258276,4.25427560488273,4.26915069441029,
4.28402578393785,4.29890087346541,4.31377596299297,4.3435261420481,4.37327632110322,
4.38815141063078,4.40302650015835,4.41790158968591,4.43277667921347,4.46252685826859,
4.49227703732372,4.50715212685128,4.52202721637884,4.5369023059064,4.55177739543397,
4.58152757448909,4.61127775354421,4.62615284307178,4.64102793259934,4.67077811165446,
4.70052829070958,4.71540338023715,4.73027846976471,4.76002864881983,4.78977882787496,
4.80465391740252,4.81952900693008,4.8492791859852,4.87902936504033,4.89390445456789,
4.90877954409545,4.93852972315058,4.9682799022057,4.98315499173326,4.99803008126082,
5.01290517078839,5.02778026031595,5.05753043937107,5.0872806184262,5.10215570795376,
5.11703079748132,5.13190588700888,5.14678097653644,5.17653115559157,5.20628133464669,
5.22115642417425,5.23603151370182,5.25090660322938,5.26578169275694,5.29553187181206,
5.32528205086719,5.34015714039475,5.35503222992231,5.36990731944987,5.38478240897744,
5.41453258803256,5.44428276708768,5.45915785661525,5.47403294614281,5.48890803567037,
5.50378312519793,5.53353330425306,5.56328348330818,5.57815857283574,5.5930336623633,
5.60790875189087,5.62278384141843,5.65253402047355,5.68228419952868,5.69715928905624,
5.7120343785838,5.72690946811136,5.74178455763892,5.77153473669405,5.80128491574917,
5.81616000527673,5.8310350948043,5.84591018433186,5.86078527385942,5.89053545291454,
5.92028563196967,5.93516072149723,5.95003581102479,5.96491090055235,5.97978599007992,
6.00953616913504,6.03928634819016,6.05416143771773,6.06903652724529,6.09878670630041,
6.12853688535554,6.1434119748831,6.15828706441066,6.18803724346578,6.21778742252091,
6.23266251204847,6.24753760157603,6.27728778063115,6.30703795968628,6.32191304921384,
6.3367881387414,6.35166322826896,6.36653831779653,6.39628849685165,6.41116358637921,
6.42603867590677,6.44091376543434,6.4557888549619,6.47066394448946,6.48553903401702,
6.50041412354458,6.51528921307215,6.51900798545404,6.52272675783593,6.53016430259971,
6.54503939212727,6.55991448165483,6.56735202641861,6.57478957118239,6.58222711594618,
6.58966466070996,6.59710220547374,6.60453975023752,6.60639913642846,6.60732882952394,
6.60825852261941,6.6119772950013,6.61941483976508,6.62127422595603,6.62173907250376,
6.6222039190515,6.62313361214697,6.62499299833792,6.62685238452886,6.62778207762433,
6.62871177071981,6.62917661726754,6.62964146381528,6.63057115691075,6.63103600345849,
6.63150085000622,6.63196569655396,6.6324305431017,6.63266296637556,6.63289538964943,
6.63336023619717,6.6334764478341,6.63359265947104,6.63382508274491,6.63394129438184,
6.63405750601877,6.63411561183724,6.63417371765571,6.63423182347417,6.63426087638341,
6.63427540283802,6.63428266606533,6.63428992929264,6.6491650188202,6.6528837912021,
6.66404010834777),.UNSPECIFIED.);
#39=B_SPLINE_SURFACE_WITH_KNOTS('',3,3,((#3000,#3001,#3002,#3003,#3004),
(#3005,#3006,#3007,#3008,#3009),(#3010,#3011,#3012,#3013,#3014),(#3015,
#3016,#3017,#3018,#3019)),.UNSPECIFIED.,.F.,.F.,.F.,(4,4),(4,1,4),(0.,1.),
(0.,0.571428571428571,1.),.UNSPECIFIED.);
#40=B_SPLINE_SURFACE_WITH_KNOTS('',4,1,((#3025,#3026),(#3027,#3028),(#3029,
#3030),(#3031,#3032),(#3033,#3034),(#3035,#3036),(#3037,#3038),(#3039,#3040),
(#3041,#3042),(#3043,#3044),(#3045,#3046),(#3047,#3048),(#3049,#3050),(#3051,
#3052),(#3053,#3054),(#3055,#3056),(#3057,#3058),(#3059,#3060),(#3061,#3062)),
 .UNSPECIFIED.,.F.,.F.,.F.,(5,1,1,1,1,1,1,1,1,1,1,1,1,1,1,5),(2,2),(0.,
0.0633016733690863,0.0886896461029146,0.118829242090379,0.153430681406383,
0.190744732951934,0.231157972290868,0.27947520437783,0.331625560780267,
0.389901646317268,0.45736938645008,0.528084814730761,0.610256069246757,
0.698469942201563,0.79044757468533,1.),(0.,15.),.UNSPECIFIED.);
#41=PLANE('',#248);
#42=PLANE('',#254);
#43=PLANE('',#258);
#44=PLANE('',#259);
#45=FACE_OUTER_BOUND('',#60,.T.);
#46=FACE_OUTER_BOUND('',#61,.T.);
#47=FACE_OUTER_BOUND('',#62,.T.);
#48=FACE_OUTER_BOUND('',#63,.T.);
#49=FACE_OUTER_BOUND('',#64,.T.);
#50=FACE_OUTER_BOUND('',#65,.T.);
#51=FACE_OUTER_BOUND('',#66,.T.);
#52=FACE_OUTER_BOUND('',#67,.T.);
#53=FACE_OUTER_BOUND('',#68,.T.);
#54=FACE_OUTER_BOUND('',#69,.T.);
#55=FACE_OUTER_BOUND('',#70,.T.);
#56=FACE_OUTER_BOUND('',#71,.T.);
#57=FACE_OUTER_BOUND('',#72,.T.);
#58=FACE_OUTER_BOUND('',#73,.T.);
#59=FACE_OUTER_BOUND('',#74,.T.);
#60=EDGE_LOOP('',(#145,#146,#147,#148));
#61=EDGE_LOOP('',(#149));
#62=EDGE_LOOP('',(#150,#151,#152,#153,#154));
#63=EDGE_LOOP('',(#155,#156,#157,#158));
#64=EDGE_LOOP('',(#159,#160,#161,#162,#163,#164));
#65=EDGE_LOOP('',(#165,#166,#167,#168));
#66=EDGE_LOOP('',(#169,#170,#171,#172));
#67=EDGE_LOOP('',(#173,#174,#175,#176));
#68=EDGE_LOOP('',(#177,#178,#179));
#69=EDGE_LOOP('',(#180,#181,#182,#183,#184,#185,#186));
#70=EDGE_LOOP('',(#187,#188,#189,#190));
#71=EDGE_LOOP('',(#191));
#72=EDGE_LOOP('',(#192,#193,#194,#195));
#73=EDGE_LOOP('',(#196));
#74=EDGE_LOOP('',(#197,#198,#199));
#75=EDGE_LOOP('',(#200));
#76=EDGE_LOOP('',(#201));
#77=EDGE_LOOP('',(#202));
#78=LINE('',#303,#84);
#79=LINE('',#827,#85);
#80=LINE('',#840,#86);
#81=LINE('',#884,#87);
#82=LINE('',#3086,#88);
#83=LINE('',#3093,#89);
#84=VECTOR('',#266,0.5);
#85=VECTOR('',#273,10.);
#86=VECTOR('',#274,10.);
#87=VECTOR('',#275,10.);
#88=VECTOR('',#282,2.5);
#89=VECTOR('',#291,2.5);
#90=CIRCLE('',#246,0.5);
#91=CIRCLE('',#247,0.5);
#92=CIRCLE('',#250,2.);
#93=CIRCLE('',#252,2.5);
#94=CIRCLE('',#253,2.5);
#95=CIRCLE('',#256,2.5);
#96=CIRCLE('',#257,2.5);
#97=VERTEX_POINT('',#300);
#98=VERTEX_POINT('',#302);
#99=VERTEX_POINT('',#391);
#100=VERTEX_POINT('',#392);
#101=VERTEX_POINT('',#397);
#102=VERTEX_POINT('',#415);
#103=VERTEX_POINT('',#446);
#104=VERTEX_POINT('',#480);
#105=VERTEX_POINT('',#489);
#106=VERTEX_POINT('',#826);
#107=VERTEX_POINT('',#828);
#108=VERTEX_POINT('',#839);
#109=VERTEX_POINT('',#883);
#110=VERTEX_POINT('',#923);
#111=VERTEX_POINT('',#2654);
#112=VERTEX_POINT('',#3083);
#113=VERTEX_POINT('',#3085);
#114=VERTEX_POINT('',#3090);
#115=VERTEX_POINT('',#3092);
#116=EDGE_CURVE('',#97,#97,#90,.T.);
#117=EDGE_CURVE('',#97,#98,#78,.T.);
#118=EDGE_CURVE('',#98,#98,#91,.T.);
#119=EDGE_CURVE('',#99,#100,#18,.T.);
#120=EDGE_CURVE('',#100,#101,#19,.T.);
#121=EDGE_CURVE('',#101,#102,#20,.T.);
#122=EDGE_CURVE('',#102,#103,#21,.T.);
#123=EDGE_CURVE('',#103,#99,#22,.T.);
#124=EDGE_CURVE('',#104,#102,#23,.T.);
#125=EDGE_CURVE('',#105,#104,#24,.T.);
#126=EDGE_CURVE('',#103,#105,#25,.T.);
#127=EDGE_CURVE('',#106,#101,#79,.T.);
#128=EDGE_CURVE('',#106,#107,#26,.T.);
#129=EDGE_CURVE('',#107,#108,#80,.T.);
#130=EDGE_CURVE('',#104,#108,#27,.T.);
#131=EDGE_CURVE('',#109,#100,#81,.T.);
#132=EDGE_CURVE('',#109,#106,#28,.T.);
#133=EDGE_CURVE('',#110,#105,#29,.T.);
#134=EDGE_CURVE('',#108,#110,#30,.T.);
#135=EDGE_CURVE('',#105,#111,#92,.T.);
#136=EDGE_CURVE('',#111,#99,#31,.T.);
#137=EDGE_CURVE('',#110,#111,#32,.T.);
#138=EDGE_CURVE('',#107,#109,#33,.T.);
#139=EDGE_CURVE('',#112,#112,#93,.T.);
#140=EDGE_CURVE('',#112,#113,#82,.T.);
#141=EDGE_CURVE('',#113,#113,#94,.T.);
#142=EDGE_CURVE('',#114,#114,#95,.T.);
#143=EDGE_CURVE('',#114,#115,#83,.T.);
#144=EDGE_CURVE('',#115,#115,#96,.T.);
#145=ORIENTED_EDGE('',*,*,#116,.F.);
#146=ORIENTED_EDGE('',*,*,#117,.T.);
#147=ORIENTED_EDGE('',*,*,#118,.T.);
#148=ORIENTED_EDGE('',*,*,#117,.F.);
#149=ORIENTED_EDGE('',*,*,#118,.F.);
#150=ORIENTED_EDGE('',*,*,#119,.T.);
#151=ORIENTED_EDGE('',*,*,#120,.T.);
#152=ORIENTED_EDGE('',*,*,#121,.T.);
#153=ORIENTED_EDGE('',*,*,#122,.T.);
#154=ORIENTED_EDGE('',*,*,#123,.T.);
#155=ORIENTED_EDGE('',*,*,#122,.F.);
#156=ORIENTED_EDGE('',*,*,#124,.F.);
#157=ORIENTED_EDGE('',*,*,#125,.F.);
#158=ORIENTED_EDGE('',*,*,#126,.F.);
#159=ORIENTED_EDGE('',*,*,#121,.F.);
#160=ORIENTED_EDGE('',*,*,#127,.F.);
#161=ORIENTED_EDGE('',*,*,#128,.T.);
#162=ORIENTED_EDGE('',*,*,#129,.T.);
#163=ORIENTED_EDGE('',*,*,#130,.F.);
#164=ORIENTED_EDGE('',*,*,#124,.T.);
#165=ORIENTED_EDGE('',*,*,#120,.F.);
#166=ORIENTED_EDGE('',*,*,#131,.F.);
#167=ORIENTED_EDGE('',*,*,#132,.T.);
#168=ORIENTED_EDGE('',*,*,#127,.T.);
#169=ORIENTED_EDGE('',*,*,#133,.T.);
#170=ORIENTED_EDGE('',*,*,#125,.T.);
#171=ORIENTED_EDGE('',*,*,#130,.T.);
#172=ORIENTED_EDGE('',*,*,#134,.T.);
#173=ORIENTED_EDGE('',*,*,#123,.F.);
#174=ORIENTED_EDGE('',*,*,#126,.T.);
#175=ORIENTED_EDGE('',*,*,#135,.T.);
#176=ORIENTED_EDGE('',*,*,#136,.T.);
#177=ORIENTED_EDGE('',*,*,#135,.F.);
#178=ORIENTED_EDGE('',*,*,#133,.F.);
#179=ORIENTED_EDGE('',*,*,#137,.T.);
#180=ORIENTED_EDGE('',*,*,#119,.F.);
#181=ORIENTED_EDGE('',*,*,#136,.F.);
#182=ORIENTED_EDGE('',*,*,#137,.F.);
#183=ORIENTED_EDGE('',*,*,#134,.F.);
#184=ORIENTED_EDGE('',*,*,#129,.F.);
#185=ORIENTED_EDGE('',*,*,#138,.T.);
#186=ORIENTED_EDGE('',*,*,#131,.T.);
#187=ORIENTED_EDGE('',*,*,#139,.F.);
#188=ORIENTED_EDGE('',*,*,#140,.T.);
#189=ORIENTED_EDGE('',*,*,#141,.T.);
#190=ORIENTED_EDGE('',*,*,#140,.F.);
#191=ORIENTED_EDGE('',*,*,#141,.F.);
#192=ORIENTED_EDGE('',*,*,#142,.F.);
#193=ORIENTED_EDGE('',*,*,#143,.T.);
#194=ORIENTED_EDGE('',*,*,#144,.T.);
#195=ORIENTED_EDGE('',*,*,#143,.F.);
#196=ORIENTED_EDGE('',*,*,#144,.F.);
#197=ORIENTED_EDGE('',*,*,#132,.F.);
#198=ORIENTED_EDGE('',*,*,#138,.F.);
#199=ORIENTED_EDGE('',*,*,#128,.F.);
#200=ORIENTED_EDGE('',*,*,#116,.T.);
#201=ORIENTED_EDGE('',*,*,#139,.T.);
#202=ORIENTED_EDGE('',*,*,#142,.T.);
#203=CYLINDRICAL_SURFACE('',#245,0.5);
#204=CYLINDRICAL_SURFACE('',#249,50.);
#205=CYLINDRICAL_SURFACE('',#251,2.5);
#206=CYLINDRICAL_SURFACE('',#255,2.5);
#207=ADVANCED_FACE('',(#45),#203,.F.);
#208=ADVANCED_FACE('',(#46),#41,.T.);
#209=ADVANCED_FACE('',(#47),#34,.F.);
#210=ADVANCED_FACE('',(#48),#204,.T.);
#211=ADVANCED_FACE('',(#49),#35,.T.);
#212=ADVANCED_FACE('',(#50),#36,.T.);
#213=ADVANCED_FACE('',(#51),#37,.F.);
#214=ADVANCED_FACE('',(#52),#38,.F.);
#215=ADVANCED_FACE('',(#53),#39,.F.);
#216=ADVANCED_FACE('',(#54),#40,.T.);
#217=ADVANCED_FACE('',(#55),#205,.F.);
#218=ADVANCED_FACE('',(#56),#42,.T.);
#219=ADVANCED_FACE('',(#57),#206,.F.);
#220=ADVANCED_FACE('',(#58),#43,.T.);
#221=ADVANCED_FACE('',(#59,#15,#16,#17),#44,.F.);
#222=CLOSED_SHELL('',(#207,#208,#209,#210,#211,#212,#213,#214,#215,#216,
#217,#218,#219,#220,#221));
#223=DERIVED_UNIT_ELEMENT(#226,1.);
#224=DERIVED_UNIT_ELEMENT(#3102,-3.);
#225=DIMENSIONAL_EXPONENTS(0.,1.,0.,0.,0.,0.,0.);
#226=(
CONVERSION_BASED_UNIT('gram',#228)
MASS_UNIT()
NAMED_UNIT(#225)
);
#227=(
MASS_UNIT()
NAMED_UNIT(*)
SI_UNIT(.KILO.,.GRAM.)
);
#228=MASS_MEASURE_WITH_UNIT(MASS_MEASURE(0.001),#227);
#229=DERIVED_UNIT((#223,#224));
#230=MEASURE_REPRESENTATION_ITEM('density measure',
POSITIVE_RATIO_MEASURE(1.),#229);
#231=PROPERTY_DEFINITION_REPRESENTATION(#236,#233);
#232=PROPERTY_DEFINITION_REPRESENTATION(#237,#234);
#233=REPRESENTATION('material name',(#235),#3099);
#234=REPRESENTATION('density',(#230),#3099);
#235=DESCRIPTIVE_REPRESENTATION_ITEM('Generic','Generic');
#236=PROPERTY_DEFINITION('material property','material name',#3109);
#237=PROPERTY_DEFINITION('material property','density of part',#3109);
#238=DATE_TIME_ROLE('creation_date');
#239=APPLIED_DATE_AND_TIME_ASSIGNMENT(#240,#238,(#3109));
#240=DATE_AND_TIME(#241,#242);
#241=CALENDAR_DATE(2026,10,5);
#242=LOCAL_TIME(0,0,0.,#243);
#243=COORDINATED_UNIVERSAL_TIME_OFFSET(0,0,.BEHIND.);
#244=AXIS2_PLACEMENT_3D('',#298,#260,#261);
#245=AXIS2_PLACEMENT_3D('',#299,#262,#263);
#246=AXIS2_PLACEMENT_3D('',#301,#264,#265);
#247=AXIS2_PLACEMENT_3D('',#304,#267,#268);
#248=AXIS2_PLACEMENT_3D('',#305,#269,#270);
#249=AXIS2_PLACEMENT_3D('',#479,#271,#272);
#250=AXIS2_PLACEMENT_3D('',#2655,#276,#277);
#251=AXIS2_PLACEMENT_3D('',#3082,#278,#279);
#252=AXIS2_PLACEMENT_3D('',#3084,#280,#281);
#253=AXIS2_PLACEMENT_3D('',#3087,#283,#284);
#254=AXIS2_PLACEMENT_3D('',#3088,#285,#286);
#255=AXIS2_PLACEMENT_3D('',#3089,#287,#288);
#256=AXIS2_PLACEMENT_3D('',#3091,#289,#290);
#257=AXIS2_PLACEMENT_3D('',#3094,#292,#293);
#258=AXIS2_PLACEMENT_3D('',#3095,#294,#295);
#259=AXIS2_PLACEMENT_3D('',#3096,#296,#297);
#260=DIRECTION('axis',(0.,0.,1.));
#261=DIRECTION('refdir',(1.,0.,0.));
#262=DIRECTION('center_axis',(0.,0.,1.));
#263=DIRECTION('ref_axis',(-1.,0.,0.));
#264=DIRECTION('center_axis',(0.,0.,1.));
#265=DIRECTION('ref_axis',(-1.,0.,0.));
#266=DIRECTION('',(0.,0.,1.));
#267=DIRECTION('center_axis',(0.,0.,1.));
#268=DIRECTION('ref_axis',(-1.,0.,0.));
#269=DIRECTION('center_axis',(0.,0.,-1.));
#270=DIRECTION('ref_axis',(-1.,0.,0.));
#271=DIRECTION('center_axis',(0.,1.,0.));
#272=DIRECTION('ref_axis',(0.979853511484682,0.,-0.199717540619594));
#273=DIRECTION('',(0.,0.,1.));
#274=DIRECTION('',(0.,0.,1.));
#275=DIRECTION('',(0.,0.,1.));
#276=DIRECTION('center_axis',(0.193937616270075,-0.314495536263143,0.929236653746525));
#277=DIRECTION('ref_axis',(-0.978907443468295,0.,0.204304226883263));
#278=DIRECTION('center_axis',(0.,0.,1.));
#279=DIRECTION('ref_axis',(-1.,0.,0.));
#280=DIRECTION('center_axis',(0.,0.,1.));
#281=DIRECTION('ref_axis',(-1.,0.,0.));
#282=DIRECTION('',(0.,0.,1.));
#283=DIRECTION('center_axis',(0.,0.,1.));
#284=DIRECTION('ref_axis',(-1.,0.,0.));
#285=DIRECTION('center_axis',(0.,0.,-1.));
#286=DIRECTION('ref_axis',(-1.,0.,0.));
#287=DIRECTION('center_axis',(0.,0.,1.));
#288=DIRECTION('ref_axis',(-1.,0.,0.));
#289=DIRECTION('center_axis',(0.,0.,1.));
#290=DIRECTION('ref_axis',(-1.,0.,0.));
#291=DIRECTION('',(0.,0.,1.));
#292=DIRECTION('center_axis',(0.,0.,1.));
#293=DIRECTION('ref_axis',(-1.,0.,0.));
#294=DIRECTION('center_axis',(0.,0.,-1.));
#295=DIRECTION('ref_axis',(-1.,0.,0.));
#296=DIRECTION('center_axis',(0.,0.,1.));
#297=DIRECTION('ref_axis',(1.,0.,0.));
#298=CARTESIAN_POINT('',(0.,0.,0.));
#299=CARTESIAN_POINT('Origin',(35.0296048522959,0.,0.));
#300=CARTESIAN_POINT('',(35.5296048522959,6.12323399573677E-17,0.));
#301=CARTESIAN_POINT('Origin',(35.0296048522959,0.,0.));
#302=CARTESIAN_POINT('',(35.5296048522959,6.12323399573677E-17,10.));
#303=CARTESIAN_POINT('',(35.5296048522959,6.12323399573677E-17,0.));
#304=CARTESIAN_POINT('Origin',(35.0296048522959,0.,10.));
#305=CARTESIAN_POINT('Origin',(35.0296048522959,0.,10.));
#306=CARTESIAN_POINT('Ctrl Pts',(0.15939446425567,0.738764598836721,110.752402907345));
#307=CARTESIAN_POINT('Ctrl Pts',(0.946060066469593,0.92531613739582,114.329834554974));
#308=CARTESIAN_POINT('Ctrl Pts',(2.12627170461115,1.20501194951218,117.815174320634));
#309=CARTESIAN_POINT('Ctrl Pts',(4.071762839923,1.66692801858491,121.992093205136));
#310=CARTESIAN_POINT('Ctrl Pts',(4.93228968324738,1.85313188334278,123.709153803825));
#311=CARTESIAN_POINT('Ctrl Pts',(6.85193307687883,2.15468121645404,127.044668841773));
#312=CARTESIAN_POINT('Ctrl Pts',(9.61136838462669,2.40420953902487,131.002787405597));
#313=CARTESIAN_POINT('Ctrl Pts',(12.8134249604387,2.5080593635084,134.62055496873));
#314=CARTESIAN_POINT('Ctrl Pts',(15.6141246139688,2.49297038224087,137.278905196252));
#315=CARTESIAN_POINT('Ctrl Pts',(19.2966026960376,2.29767514742141,140.39111912165));
#316=CARTESIAN_POINT('Ctrl Pts',(23.3295063787108,2.07097912064532,143.065253549811));
#317=CARTESIAN_POINT('Ctrl Pts',(28.4624320687134,1.47894092022163,145.675343426644));
#318=CARTESIAN_POINT('Ctrl Pts',(32.9130262754515,0.947669148272057,147.474254134816));
#319=CARTESIAN_POINT('Ctrl Pts',(38.4460848656442,0.160821356691735,149.000783957078));
#320=CARTESIAN_POINT('Ctrl Pts',(44.0899192714944,-0.811878099087967,149.881807051452));
#321=CARTESIAN_POINT('Ctrl Pts',(47.8777653073926,-1.52619613139805,150.036994567916));
#322=CARTESIAN_POINT('Ctrl Pts',(49.7565638063994,-1.94755981460064,150.008287376166));
#323=CARTESIAN_POINT('Ctrl Pts',(0.153610743905548,1.24638656895212,110.726100925711));
#324=CARTESIAN_POINT('Ctrl Pts',(0.936418198636112,1.43395591979971,114.295376240096));
#325=CARTESIAN_POINT('Ctrl Pts',(2.11119261321936,1.71556627775683,117.772899052661));
#326=CARTESIAN_POINT('Ctrl Pts',(4.04777072733607,2.18045013932631,121.942147386569));
#327=CARTESIAN_POINT('Ctrl Pts',(4.90970752867003,2.38770472203994,123.66700947031));
#328=CARTESIAN_POINT('Ctrl Pts',(6.82917752320436,2.71097287032672,127.011115118755));
#329=CARTESIAN_POINT('Ctrl Pts',(9.60132790907311,2.99000556501701,130.990409594236));
#330=CARTESIAN_POINT('Ctrl Pts',(12.8028402085466,3.0982151420695,134.610768137028));
#331=CARTESIAN_POINT('Ctrl Pts',(15.6262027221458,3.10147727285212,137.290943948991));
#332=CARTESIAN_POINT('Ctrl Pts',(19.3200204355416,2.90958659768964,140.409752715054));
#333=CARTESIAN_POINT('Ctrl Pts',(23.3678489888675,2.68568190261558,143.089721176845));
#334=CARTESIAN_POINT('Ctrl Pts',(28.5314225246705,2.09418387161232,145.707360654478));
#335=CARTESIAN_POINT('Ctrl Pts',(32.9806579639467,1.55713991479657,147.49761631233));
#336=CARTESIAN_POINT('Ctrl Pts',(38.5463582145031,0.765473253866984,149.023994560582));
#337=CARTESIAN_POINT('Ctrl Pts',(44.1971769555643,-0.216636199623658,149.892283307336));
#338=CARTESIAN_POINT('Ctrl Pts',(48.0003285265935,-0.938158969718118,150.040389210113));
#339=CARTESIAN_POINT('Ctrl Pts',(49.8923627184741,-1.3661370829091,150.006212430178));
#340=CARTESIAN_POINT('Ctrl Pts',(0.491886922172511,2.12961081322332,110.603738738718));
#341=CARTESIAN_POINT('Ctrl Pts',(1.26447297491984,2.31884427913556,114.132174841407));
#342=CARTESIAN_POINT('Ctrl Pts',(2.4247750378911,2.60415191606752,117.571167077801));
#343=CARTESIAN_POINT('Ctrl Pts',(4.3367175407117,3.07433633557763,121.694151587217));
#344=CARTESIAN_POINT('Ctrl Pts',(5.22288855326452,3.31678819143412,123.405342954095));
#345=CARTESIAN_POINT('Ctrl Pts',(7.15602004181545,3.6761279828068,126.71966751647));
#346=CARTESIAN_POINT('Ctrl Pts',(9.96440791142067,4.00452016481829,130.671545168757));
#347=CARTESIAN_POINT('Ctrl Pts',(13.139003520826,4.1204147340723,134.257092348348));
#348=CARTESIAN_POINT('Ctrl Pts',(15.9960856712907,4.15317730319523,136.922528706674));
#349=CARTESIAN_POINT('Ctrl Pts',(19.6748111375431,3.96684917576276,140.013722370461));
#350=CARTESIAN_POINT('Ctrl Pts',(23.7106852554086,3.74799360535148,142.671660048141));
#351=CARTESIAN_POINT('Ctrl Pts',(28.8727132805819,3.15674532677769,145.266500216708));
#352=CARTESIAN_POINT('Ctrl Pts',(33.2685032884193,2.61066078445842,147.034188850947));
#353=CARTESIAN_POINT('Ctrl Pts',(38.8306228241302,1.81054490177519,148.544550007704));
#354=CARTESIAN_POINT('Ctrl Pts',(44.4324112301479,0.813001525957057,149.396693129965));
#355=CARTESIAN_POINT('Ctrl Pts',(48.2242867274073,0.0791412595796205,149.538846822992));
#356=CARTESIAN_POINT('Ctrl Pts',(50.1197618302584,-0.359778026575156,149.502000322868));
#357=CARTESIAN_POINT('Ctrl Pts',(1.27211441525603,2.59123111859524,110.407094233957));
#358=CARTESIAN_POINT('Ctrl Pts',(2.03241168932743,2.7790521718623,113.86960959712));
#359=CARTESIAN_POINT('Ctrl Pts',(3.17564866480291,3.06169458232401,117.243521396091));
#360=CARTESIAN_POINT('Ctrl Pts',(5.05801075672614,3.5280741844062,121.287295047353));
#361=CARTESIAN_POINT('Ctrl Pts',(5.98074831119574,3.7551610651461,122.954476680821));
#362=CARTESIAN_POINT('Ctrl Pts',(7.93039676918216,4.09477918604281,126.19015994421));
#363=CARTESIAN_POINT('Ctrl Pts',(10.7575386656602,4.38815244879059,130.035577763411));
#364=CARTESIAN_POINT('Ctrl Pts',(13.875940690584,4.49872189076574,133.542371671882));
#365=CARTESIAN_POINT('Ctrl Pts',(16.7217894293112,4.50413629638916,136.12829213066));
#366=CARTESIAN_POINT('Ctrl Pts',(20.3335881079216,4.31092550494102,139.147005052888));
#367=CARTESIAN_POINT('Ctrl Pts',(24.2951570786364,4.08554094853969,141.741498513029));
#368=CARTESIAN_POINT('Ctrl Pts',(29.3638853899755,3.4870209700043,144.273808238539));
#369=CARTESIAN_POINT('Ctrl Pts',(33.6560396095162,2.95092831946649,146.013054423845));
#370=CARTESIAN_POINT('Ctrl Pts',(39.1160550143307,2.14949117984609,147.491933395698));
#371=CARTESIAN_POINT('Ctrl Pts',(44.5988306258805,1.16354268887102,148.339669716722));
#372=CARTESIAN_POINT('Ctrl Pts',(48.3215110985031,0.434616769970156,148.486593564051));
#373=CARTESIAN_POINT('Ctrl Pts',(50.1874800859714,-0.00151558242054343,
148.456277167931));
#374=CARTESIAN_POINT('Ctrl Pts',(1.63309655311751,2.68040201945845,110.322871709812));
#375=CARTESIAN_POINT('Ctrl Pts',(2.38829553124287,2.86695355801755,113.757206091536));
#376=CARTESIAN_POINT('Ctrl Pts',(3.5243868462457,3.14733046540658,117.103132266569));
#377=CARTESIAN_POINT('Ctrl Pts',(5.39452689633308,3.61028819351824,121.112974395691));
#378=CARTESIAN_POINT('Ctrl Pts',(6.32838534418224,3.8200435871872,122.761352570433));
#379=CARTESIAN_POINT('Ctrl Pts',(8.27970228818381,4.13980785899863,125.963447006862));
#380=CARTESIAN_POINT('Ctrl Pts',(11.1033504469901,4.4024978119965,129.763240828134));
#381=CARTESIAN_POINT('Ctrl Pts',(14.1966054378055,4.50853665552351,133.236297688741));
#382=CARTESIAN_POINT('Ctrl Pts',(17.0262248164332,4.49210284293799,135.788313907163));
#383=CARTESIAN_POINT('Ctrl Pts',(20.6055876311709,4.29393907951091,138.776039275545));
#384=CARTESIAN_POINT('Ctrl Pts',(24.5308225172241,4.06406353864841,141.343208326579));
#385=CARTESIAN_POINT('Ctrl Pts',(29.5515545262761,3.46128559509937,143.848894608339));
#386=CARTESIAN_POINT('Ctrl Pts',(33.8017060127381,2.9327367922134,145.575848888185));
#387=CARTESIAN_POINT('Ctrl Pts',(39.2100655993665,2.13218391353611,147.041317517556));
#388=CARTESIAN_POINT('Ctrl Pts',(44.6416120628011,1.15592796029278,147.887099688155));
#389=CARTESIAN_POINT('Ctrl Pts',(48.3308544772309,0.432224942242272,148.03607970396));
#390=CARTESIAN_POINT('Ctrl Pts',(50.1809926378909,-4.16333634234434E-15,
148.008520799881));
#391=CARTESIAN_POINT('',(50.180992637891,5.61065627662007E-15,148.009929016252));
#392=CARTESIAN_POINT('',(50.1809926378909,4.66070119522462E-15,148.008520799881));
#393=CARTESIAN_POINT('Ctrl Pts',(50.1809925208672,-5.00985884582805E-7,
148.009929017257));
#394=CARTESIAN_POINT('Ctrl Pts',(50.1809928837649,-2.33584783679002E-7,
148.009459637252));
#395=CARTESIAN_POINT('Ctrl Pts',(50.180992462609,4.09489469874567E-8,148.008990237584));
#396=CARTESIAN_POINT('Ctrl Pts',(50.1809926378909,1.26981758441502E-14,
148.008520799881));
#397=CARTESIAN_POINT('',(5.00007232359158,3.51212257055389,120.277910507353));
#398=CARTESIAN_POINT('Ctrl Pts',(50.1810704192302,-2.62062956220301E-5,
148.014012035154));
#399=CARTESIAN_POINT('Ctrl Pts',(48.3307382714136,0.432246519877304,148.041604758674));
#400=CARTESIAN_POINT('Ctrl Pts',(44.6410859674403,1.15601343502356,147.892649958705));
#401=CARTESIAN_POINT('Ctrl Pts',(39.2089112489705,2.13238801937983,147.046843825812));
#402=CARTESIAN_POINT('Ctrl Pts',(33.7999185592096,2.93295166979918,145.581210729963));
#403=CARTESIAN_POINT('Ctrl Pts',(29.5492518369416,3.46159282584445,143.854105709101));
#404=CARTESIAN_POINT('Ctrl Pts',(24.5279316101614,4.06431860755134,141.34809291287));
#405=CARTESIAN_POINT('Ctrl Pts',(20.6022513535017,4.2941391565072,138.780588766333));
#406=CARTESIAN_POINT('Ctrl Pts',(17.0224909384086,4.49224227782916,135.792483367698));
#407=CARTESIAN_POINT('Ctrl Pts',(14.1926730972442,4.50840865467898,133.240051344514));
#408=CARTESIAN_POINT('Ctrl Pts',(11.0991097603586,4.40231436125712,129.766580737301));
#409=CARTESIAN_POINT('Ctrl Pts',(8.27541933237859,4.1392488982875,125.966227390605));
#410=CARTESIAN_POINT('Ctrl Pts',(6.32412312128705,3.81924171318147,122.763721020374));
#411=CARTESIAN_POINT('Ctrl Pts',(5.39040128618837,3.60927430724398,121.115112240127));
#412=CARTESIAN_POINT('Ctrl Pts',(5.00058944896105,3.51277444369388,120.279281341161));
#413=CARTESIAN_POINT('Ctrl Pts',(5.0002698031749,3.51269531382623,120.278595917243));
#414=CARTESIAN_POINT('Ctrl Pts',(4.99995017344851,3.51261618797442,120.27791048535));
#415=CARTESIAN_POINT('',(0.159394464255669,0.738764598836705,110.752402907345));
#416=CARTESIAN_POINT('Ctrl Pts',(5.00007232359151,3.51212257055387,120.277910507353));
#417=CARTESIAN_POINT('Ctrl Pts',(5.00007232359151,3.51212257055387,120.310925315507));
#418=CARTESIAN_POINT('Ctrl Pts',(4.99776100972965,3.51137767357245,120.351932918028));
#419=CARTESIAN_POINT('Ctrl Pts',(4.98437648225779,3.50715154488467,120.393325370114));
#420=CARTESIAN_POINT('Ctrl Pts',(4.97992722212358,3.50574886583192,120.403597360732));
#421=CARTESIAN_POINT('Ctrl Pts',(4.96984535714085,3.50259137047977,120.417382099744));
#422=CARTESIAN_POINT('Ctrl Pts',(4.96520384586122,3.501141564758,120.422053733413));
#423=CARTESIAN_POINT('Ctrl Pts',(4.95495123505953,3.4979554702948,120.428381017823));
#424=CARTESIAN_POINT('Ctrl Pts',(4.94987008934239,3.49638202016519,120.430206662151));
#425=CARTESIAN_POINT('Ctrl Pts',(4.93831196388826,3.49281845556027,120.431867127873));
#426=CARTESIAN_POINT('Ctrl Pts',(4.93209827976653,3.49091161122411,120.431360327462));
#427=CARTESIAN_POINT('Ctrl Pts',(4.91593420978702,3.48597201356317,120.427685021812));
#428=CARTESIAN_POINT('Ctrl Pts',(4.90593622719601,3.48293948932892,120.422877513005));
#429=CARTESIAN_POINT('Ctrl Pts',(4.87534074568132,3.47370780029623,120.40437855622));
#430=CARTESIAN_POINT('Ctrl Pts',(4.85312701524006,3.46709799363479,120.383729959358));
#431=CARTESIAN_POINT('Ctrl Pts',(4.76119401034975,3.43999053091437,120.285630236876));
#432=CARTESIAN_POINT('Ctrl Pts',(4.67626430207022,3.41581815292951,120.154679958003));
#433=CARTESIAN_POINT('Ctrl Pts',(4.30179684914906,3.31002000018739,119.555439634828));
#434=CARTESIAN_POINT('Ctrl Pts',(3.84910274688986,3.2037477880168,118.630668802526));
#435=CARTESIAN_POINT('Ctrl Pts',(2.84802258869137,2.83366668530774,116.965477980144));
#436=CARTESIAN_POINT('Ctrl Pts',(2.51025388973997,2.67893040127403,116.449291418873));
#437=CARTESIAN_POINT('Ctrl Pts',(1.92119793114564,2.372359882647,115.342238288114));
#438=CARTESIAN_POINT('Ctrl Pts',(1.73190973178141,2.26784285859278,114.947868436668));
#439=CARTESIAN_POINT('Ctrl Pts',(1.32988918058523,2.02839181622155,114.063846649454));
#440=CARTESIAN_POINT('Ctrl Pts',(1.15980035459329,1.90336706231809,113.670244407673));
#441=CARTESIAN_POINT('Ctrl Pts',(0.861249952256408,1.65995411270384,112.971173736691));
#442=CARTESIAN_POINT('Ctrl Pts',(0.652527955464107,1.46280144309734,112.427305106153));
#443=CARTESIAN_POINT('Ctrl Pts',(0.299409348317918,1.03439979989664,111.360029868634));
#444=CARTESIAN_POINT('Ctrl Pts',(0.198145482111616,0.82625013467401,110.928626600443));
#445=CARTESIAN_POINT('Ctrl Pts',(0.159394464255688,0.738764598836725,110.752402907345));
#446=CARTESIAN_POINT('',(39.3141424016939,-0.00945836367699071,149.068439757944));
#447=CARTESIAN_POINT('Ctrl Pts',(0.15939446425567,0.738764598836721,110.752402907345));
#448=CARTESIAN_POINT('Ctrl Pts',(0.946060066469593,0.92531613739582,114.329834554974));
#449=CARTESIAN_POINT('Ctrl Pts',(2.12627170461115,1.20501194951218,117.815174320634));
#450=CARTESIAN_POINT('Ctrl Pts',(4.071762839923,1.66692801858491,121.992093205136));
#451=CARTESIAN_POINT('Ctrl Pts',(4.93228968324738,1.85313188334278,123.709153803825));
#452=CARTESIAN_POINT('Ctrl Pts',(6.85193307687883,2.15468121645404,127.044668841773));
#453=CARTESIAN_POINT('Ctrl Pts',(9.61136838462669,2.40420953902487,131.002787405597));
#454=CARTESIAN_POINT('Ctrl Pts',(12.8134249604387,2.5080593635084,134.62055496873));
#455=CARTESIAN_POINT('Ctrl Pts',(15.6141246139688,2.49297038224087,137.278905196252));
#456=CARTESIAN_POINT('Ctrl Pts',(19.2966026960376,2.29767514742141,140.39111912165));
#457=CARTESIAN_POINT('Ctrl Pts',(23.3295063787108,2.07097912064532,143.065253549811));
#458=CARTESIAN_POINT('Ctrl Pts',(28.4624320687134,1.47894092022163,145.675343426644));
#459=CARTESIAN_POINT('Ctrl Pts',(32.9130262754515,0.947669148272057,147.474254134816));
#460=CARTESIAN_POINT('Ctrl Pts',(36.8818954634594,0.383262336966908,148.569235703761));
#461=CARTESIAN_POINT('Ctrl Pts',(39.0309095168701,0.0400376024968531,149.012622183479));
#462=CARTESIAN_POINT('Ctrl Pts',(39.3146869997713,-0.00588788358299935,
149.06860821714));
#463=CARTESIAN_POINT('Ctrl Pts',(39.3141424016924,-0.0094583636772469,149.068439757943));
#464=CARTESIAN_POINT('Ctrl Pts',(39.3270824998564,-0.0094657920565006,149.070992870035));
#465=CARTESIAN_POINT('Ctrl Pts',(39.3400242351765,-0.00947312764351042,
149.073537696752));
#466=CARTESIAN_POINT('Ctrl Pts',(41.4246295918572,-0.0106393179661364,149.482060673109));
#467=CARTESIAN_POINT('Ctrl Pts',(43.2769108498482,-0.00821675261421547,
149.625646062167));
#468=CARTESIAN_POINT('Ctrl Pts',(46.37738829822,-0.00729012078255431,149.592641195341));
#469=CARTESIAN_POINT('Ctrl Pts',(47.6588829429182,-0.00944917097810996,
149.416631630295));
#470=CARTESIAN_POINT('Ctrl Pts',(48.8741396328872,-0.00971691959035403,
149.068181060592));
#471=CARTESIAN_POINT('Ctrl Pts',(49.3068940349563,-0.00964012764507363,
148.924103186342));
#472=CARTESIAN_POINT('Ctrl Pts',(49.7778022302436,-0.00648351823260999,
148.634433015737));
#473=CARTESIAN_POINT('Ctrl Pts',(49.9066313134451,-0.005163060374724,148.538095145496));
#474=CARTESIAN_POINT('Ctrl Pts',(50.061991095761,-0.00272118850297021,148.359531585287));
#475=CARTESIAN_POINT('Ctrl Pts',(50.1105308398583,-0.00173516729279481,
148.286772914458));
#476=CARTESIAN_POINT('Ctrl Pts',(50.1671621464115,-0.000414701325904538,
148.14355983479));
#477=CARTESIAN_POINT('Ctrl Pts',(50.1808977177484,-2.73536766718259E-5,
148.077739680887));
#478=CARTESIAN_POINT('Ctrl Pts',(50.1809916624074,-2.81107123745238E-7,
148.009929014788));
#479=CARTESIAN_POINT('Origin',(48.9926755742341,0.,100.01412296902));
#480=CARTESIAN_POINT('',(0.027940354169704,0.2484777013994,110.136114118443));
#481=CARTESIAN_POINT('Ctrl Pts',(0.0279403541697058,0.248477701399409,110.136114118443));
#482=CARTESIAN_POINT('Ctrl Pts',(0.0348655046869537,0.296564637608159,110.169614262479));
#483=CARTESIAN_POINT('Ctrl Pts',(0.0422023452759191,0.340024845928502,110.204931556186));
#484=CARTESIAN_POINT('Ctrl Pts',(0.0686258214861598,0.476732259039537,110.33137812312));
#485=CARTESIAN_POINT('Ctrl Pts',(0.0901768627223525,0.555289688861596,110.433267435412));
#486=CARTESIAN_POINT('Ctrl Pts',(0.123479489865007,0.651093444168951,110.587846930283));
#487=CARTESIAN_POINT('Ctrl Pts',(0.137454182855271,0.689231518650992,110.652627530337));
#488=CARTESIAN_POINT('Ctrl Pts',(0.159394464255674,0.738764598836694,110.752402907345));
#489=CARTESIAN_POINT('',(0.0473034008193984,0.0449507040860557,110.229334313184));
#490=CARTESIAN_POINT('Ctrl Pts',(0.0473034008193932,0.0449507040860526,
110.229334313184));
#491=CARTESIAN_POINT('Ctrl Pts',(0.0424951758231411,0.0809419218171195,
110.206296085779));
#492=CARTESIAN_POINT('Ctrl Pts',(0.0386555988819293,0.119621412441475,110.187823368603));
#493=CARTESIAN_POINT('Ctrl Pts',(0.0328916479181637,0.188864715744637,110.160044043004));
#494=CARTESIAN_POINT('Ctrl Pts',(0.0304169141720632,0.218683039037578,110.148094380328));
#495=CARTESIAN_POINT('Ctrl Pts',(0.027940354169701,0.248477701399408,110.136114118443));
#496=CARTESIAN_POINT('Ctrl Pts',(39.3141424018497,-0.00945836365436922,
149.068439757958));
#497=CARTESIAN_POINT('Ctrl Pts',(39.2333017786332,-0.0225388864294543,149.052489711093));
#498=CARTESIAN_POINT('Ctrl Pts',(39.0525730307526,-0.0516816968943911,149.016367175271));
#499=CARTESIAN_POINT('Ctrl Pts',(38.7721702000334,-0.0965425577239567,148.958708388407));
#500=CARTESIAN_POINT('Ctrl Pts',(38.4729727021946,-0.143982628430509,148.895275178653));
#501=CARTESIAN_POINT('Ctrl Pts',(38.1740821184925,-0.190938287959883,148.82999378807));
#502=CARTESIAN_POINT('Ctrl Pts',(37.8755081712043,-0.237401715394001,148.762864652895));
#503=CARTESIAN_POINT('Ctrl Pts',(37.5772612229448,-0.283366725146306,148.693888383957));
#504=CARTESIAN_POINT('Ctrl Pts',(37.2793523287351,-0.328829130413774,148.623065799244));
#505=CARTESIAN_POINT('Ctrl Pts',(36.9817933004385,-0.373787109200207,148.550397963002));
#506=CARTESIAN_POINT('Ctrl Pts',(36.6845967435018,-0.418241456022408,148.475886217824));
#507=CARTESIAN_POINT('Ctrl Pts',(36.387776141034,-0.462195893277346,148.399532235871));
#508=CARTESIAN_POINT('Ctrl Pts',(36.0913458312376,-0.505657092646078,148.321338038458));
#509=CARTESIAN_POINT('Ctrl Pts',(35.7953211255102,-0.548634852694423,148.241306059469));
#510=CARTESIAN_POINT('Ctrl Pts',(35.4997178317985,-0.591141536660668,148.159439045697));
#511=CARTESIAN_POINT('Ctrl Pts',(35.2045515863094,-0.633190536597412,148.075739881883));
#512=CARTESIAN_POINT('Ctrl Pts',(34.9098378420397,-0.674795726604147,147.990211581933));
#513=CARTESIAN_POINT('Ctrl Pts',(34.615591753703,-0.715970898336344,147.902857250161));
#514=CARTESIAN_POINT('Ctrl Pts',(34.3218281382712,-0.756729353335747,147.813680060089));
#515=CARTESIAN_POINT('Ctrl Pts',(34.0285614335482,-0.797083574202469,147.722683231586));
#516=CARTESIAN_POINT('Ctrl Pts',(33.7358056844271,-0.837044994441987,147.629870014795));
#517=CARTESIAN_POINT('Ctrl Pts',(33.4435745392911,-0.876623838546456,147.53524367691));
#518=CARTESIAN_POINT('Ctrl Pts',(33.1518812593725,-0.915829022778004,147.438807492939));
#519=CARTESIAN_POINT('Ctrl Pts',(32.8607387353878,-0.954668099607687,147.340564739267));
#520=CARTESIAN_POINT('Ctrl Pts',(32.5701595099921,-0.993147233935767,147.240518689784));
#521=CARTESIAN_POINT('Ctrl Pts',(32.2801558034369,-1.03127120013333,147.138672613977));
#522=CARTESIAN_POINT('Ctrl Pts',(31.9907395408636,-1.06904339043235,147.035029776568));
#523=CARTESIAN_POINT('Ctrl Pts',(31.7019223799718,-1.10646582934944,146.929593438282));
#524=CARTESIAN_POINT('Ctrl Pts',(31.4137157376956,-1.14353918414958,146.822366857411));
#525=CARTESIAN_POINT('Ctrl Pts',(31.1261308160082,-1.18026277681796,146.713353291793));
#526=CARTESIAN_POINT('Ctrl Pts',(30.8391786242131,-1.2166345705736,146.602556001069));
#527=CARTESIAN_POINT('Ctrl Pts',(30.5846820712383,-1.24864933566737,146.502486887816));
#528=CARTESIAN_POINT('Ctrl Pts',(30.3624216397069,-1.27642891511271,146.413774529781));
#529=CARTESIAN_POINT('Ctrl Pts',(30.1722066062978,-1.30007817599395,146.336946472929));
#530=CARTESIAN_POINT('Ctrl Pts',(29.982288587957,-1.32356356984559,146.259330494977));
#531=CARTESIAN_POINT('Ctrl Pts',(29.7926706658957,-1.3468827153033,146.180927569143));
#532=CARTESIAN_POINT('Ctrl Pts',(29.6033558986477,-1.37003291903942,146.101738669964));
#533=CARTESIAN_POINT('Ctrl Pts',(29.4143473215874,-1.39301114779439,146.021764773036));
#534=CARTESIAN_POINT('Ctrl Pts',(29.2256479480722,-1.4158140172207,145.941006854818));
#535=CARTESIAN_POINT('Ctrl Pts',(29.0372607682101,-1.43843775691236,145.859465891689));
#536=CARTESIAN_POINT('Ctrl Pts',(28.8491887507616,-1.46087820681986,145.777142860241));
#537=CARTESIAN_POINT('Ctrl Pts',(28.6614348365559,-1.4831307279206,145.694038733904));
#538=CARTESIAN_POINT('Ctrl Pts',(28.474001967613,-1.50519046773096,145.610154495238));
#539=CARTESIAN_POINT('Ctrl Pts',(28.2868931148608,-1.52705262649109,145.525491148874));
#540=CARTESIAN_POINT('Ctrl Pts',(28.1001112711803,-1.54871239924382,145.440049718885));
#541=CARTESIAN_POINT('Ctrl Pts',(27.9136594526878,-1.57016499020346,145.353831250074));
#542=CARTESIAN_POINT('Ctrl Pts',(27.7275406968784,-1.59140560023638,145.266836807732));
#543=CARTESIAN_POINT('Ctrl Pts',(27.5417580622761,-1.61242942916754,145.17906747805));
#544=CARTESIAN_POINT('Ctrl Pts',(27.3563146276441,-1.63323167409903,145.090524368351));
#545=CARTESIAN_POINT('Ctrl Pts',(27.1712134915793,-1.65380753222228,145.001208607463));
#546=CARTESIAN_POINT('Ctrl Pts',(26.986457772145,-1.67415220462757,144.91112134613));
#547=CARTESIAN_POINT('Ctrl Pts',(26.8020506066873,-1.69426090278888,144.820263757493));
#548=CARTESIAN_POINT('Ctrl Pts',(26.6179951518134,-1.7141288573859,144.728637037671));
#549=CARTESIAN_POINT('Ctrl Pts',(26.4342945835682,-1.73375132989246,144.636242406467));
#550=CARTESIAN_POINT('Ctrl Pts',(26.2509520975188,-1.75312362653982,144.543081107847));
#551=CARTESIAN_POINT('Ctrl Pts',(26.0679709097183,-1.77224111718419,144.449154411368));
#552=CARTESIAN_POINT('Ctrl Pts',(25.8853542570191,-1.79109925579838,144.354463612687));
#553=CARTESIAN_POINT('Ctrl Pts',(25.703105398283,-1.80969360668663,144.259010035038));
#554=CARTESIAN_POINT('Ctrl Pts',(25.5212276154972,-1.82801987443555,144.162795030457));
#555=CARTESIAN_POINT('Ctrl Pts',(25.3397242153066,-1.84607393931115,144.065819981389));
#556=CARTESIAN_POINT('Ctrl Pts',(25.1585985307658,-1.86385189811473,143.968086302422));
#557=CARTESIAN_POINT('Ctrl Pts',(24.9778539234159,-1.88135011128178,143.869595442292));
#558=CARTESIAN_POINT('Ctrl Pts',(24.7974937856548,-1.89856525669457,143.770348886121));
#559=CARTESIAN_POINT('Ctrl Pts',(24.6175215434228,-1.91549439080506,143.670348157928));
#560=CARTESIAN_POINT('Ctrl Pts',(24.4379406591894,-1.93213501757226,143.569594823406));
#561=CARTESIAN_POINT('Ctrl Pts',(24.2587546352309,-1.94848516565482,143.468090492984));
#562=CARTESIAN_POINT('Ctrl Pts',(24.0799670171674,-1.96454347420093,143.36583682517));
#563=CARTESIAN_POINT('Ctrl Pts',(23.9015813977107,-1.98030928732568,143.262835530145));
#564=CARTESIAN_POINT('Ctrl Pts',(23.723601420562,-1.99578275729256,143.159088373598));
#565=CARTESIAN_POINT('Ctrl Pts',(23.5460307843481,-2.01096495567295,143.054597180737));
#566=CARTESIAN_POINT('Ctrl Pts',(23.3688732465124,-2.0258579922795,142.94936384044));
#567=CARTESIAN_POINT('Ctrl Pts',(23.1921326269078,-2.04046513894705,142.843390309373));
#568=CARTESIAN_POINT('Ctrl Pts',(23.0158128111176,-2.0547909596738,142.736678616119));
#569=CARTESIAN_POINT('Ctrl Pts',(22.8399177527568,-2.06884143617734,142.629230864805));
#570=CARTESIAN_POINT('Ctrl Pts',(22.6644514756675,-2.08262410422765,142.521049238815));
#571=CARTESIAN_POINT('Ctrl Pts',(22.4894180729577,-2.0961481525719,142.412136002589));
#572=CARTESIAN_POINT('Ctrl Pts',(22.3148217088954,-2.1094245804209,142.302493505338));
#573=CARTESIAN_POINT('Ctrl Pts',(22.1406666085865,-2.12246617263944,142.192124176913));
#574=CARTESIAN_POINT('Ctrl Pts',(21.966957070296,-2.13528784776619,142.081030538178));
#575=CARTESIAN_POINT('Ctrl Pts',(21.7936973551383,-2.14790505606358,141.96921513235));
#576=CARTESIAN_POINT('Ctrl Pts',(21.6208915942496,-2.16033230069235,141.856680463595));
#577=CARTESIAN_POINT('Ctrl Pts',(21.4485438008601,-2.17258327597332,141.743429001655));
#578=CARTESIAN_POINT('Ctrl Pts',(21.2766578586345,-2.184670628344,141.629463171235));
#579=CARTESIAN_POINT('Ctrl Pts',(21.1052375216753,-2.19660589166879,141.514785348632));
#580=CARTESIAN_POINT('Ctrl Pts',(20.9342864114017,-2.20839936798967,141.399397856281));
#581=CARTESIAN_POINT('Ctrl Pts',(20.7638080166419,-2.2200600535942,141.283302959285));
#582=CARTESIAN_POINT('Ctrl Pts',(20.5938056941225,-2.23159556774595,141.166502862189));
#583=CARTESIAN_POINT('Ctrl Pts',(20.4242826704608,-2.24301210241332,141.048999706754));
#584=CARTESIAN_POINT('Ctrl Pts',(20.255242045038,-2.25431438437273,140.930795570369));
#585=CARTESIAN_POINT('Ctrl Pts',(20.0866867938668,-2.26550565221602,140.811892465207));
#586=CARTESIAN_POINT('Ctrl Pts',(19.9186197742187,-2.27658764554979,140.692292338014));
#587=CARTESIAN_POINT('Ctrl Pts',(19.7510437299619,-2.28756060560996,140.571997070523));
#588=CARTESIAN_POINT('Ctrl Pts',(19.5839612973888,-2.29842328544565,140.451008480363));
#589=CARTESIAN_POINT('Ctrl Pts',(19.4173750116112,-2.30917296811934,140.329328322551));
#590=CARTESIAN_POINT('Ctrl Pts',(19.251287312985,-2.31980549120106,140.206958291185));
#591=CARTESIAN_POINT('Ctrl Pts',(19.0857005544591,-2.330315275811,140.083900022031));
#592=CARTESIAN_POINT('Ctrl Pts',(18.920617007487,-2.34069535870581,139.96015509424));
#593=CARTESIAN_POINT('Ctrl Pts',(18.7560388717243,-2.3509374254336,139.835725035135));
#594=CARTESIAN_POINT('Ctrl Pts',(18.5919682758669,-2.36103184394266,139.710611318559));
#595=CARTESIAN_POINT('Ctrl Pts',(18.4284073084284,-2.37096769452428,139.58481538611));
#596=CARTESIAN_POINT('Ctrl Pts',(18.2653581215777,-2.38073279302471,139.458338726713));
#597=CARTESIAN_POINT('Ctrl Pts',(18.102822928447,-2.39031371568843,139.331182876772));
#598=CARTESIAN_POINT('Ctrl Pts',(17.9408040037112,-2.39969582077063,139.203349422543));
#599=CARTESIAN_POINT('Ctrl Pts',(17.7793036832047,-2.40886325849672,139.074840001947));
#600=CARTESIAN_POINT('Ctrl Pts',(17.6183243650539,-2.4177989856875,138.945656307534));
#601=CARTESIAN_POINT('Ctrl Pts',(17.4578685112691,-2.42648474339447,138.815800090014));
#602=CARTESIAN_POINT('Ctrl Pts',(17.2979386501201,-2.43490109025301,138.685273162335));
#603=CARTESIAN_POINT('Ctrl Pts',(17.1385373789892,-2.4430272828183,138.554077404673));
#604=CARTESIAN_POINT('Ctrl Pts',(16.9796673709177,-2.45084142945147,138.422214772231));
#605=CARTESIAN_POINT('Ctrl Pts',(16.82133136966,-2.45832003012764,138.289687293922));
#606=CARTESIAN_POINT('Ctrl Pts',(16.6635322693936,-2.46544070206809,138.156497142548));
#607=CARTESIAN_POINT('Ctrl Pts',(16.5062731446972,-2.47218388661253,138.022646666228));
#608=CARTESIAN_POINT('Ctrl Pts',(16.3495572159293,-2.47853235427478,137.888138365445));
#609=CARTESIAN_POINT('Ctrl Pts',(16.1933878314943,-2.48447128368594,137.752974883276));
#610=CARTESIAN_POINT('Ctrl Pts',(16.037768443624,-2.48998810502235,137.617158989411));
#611=CARTESIAN_POINT('Ctrl Pts',(15.8827025876158,-2.49507244683524,137.480693566194));
#612=CARTESIAN_POINT('Ctrl Pts',(15.7281938603955,-2.49971604418556,137.343581593324));
#613=CARTESIAN_POINT('Ctrl Pts',(15.5742459004553,-2.50391267240013,137.205826132966));
#614=CARTESIAN_POINT('Ctrl Pts',(15.420862368041,-2.50765805003025,137.067430313606));
#615=CARTESIAN_POINT('Ctrl Pts',(15.2680469270861,-2.5109498189459,136.928397316298));
#616=CARTESIAN_POINT('Ctrl Pts',(15.1158032273145,-2.51378744329078,136.788730358196));
#617=CARTESIAN_POINT('Ctrl Pts',(14.9641348879933,-2.51617218350346,136.648432678442));
#618=CARTESIAN_POINT('Ctrl Pts',(14.813045482725,-2.5181070412381,136.507507523411));
#619=CARTESIAN_POINT('Ctrl Pts',(14.6625385250926,-2.51959673586165,136.365958132523));
#620=CARTESIAN_POINT('Ctrl Pts',(14.512617456584,-2.52064766794185,136.22378772511));
#621=CARTESIAN_POINT('Ctrl Pts',(14.3632856331899,-2.52126793665624,136.080999486133));
#622=CARTESIAN_POINT('Ctrl Pts',(14.2145463191811,-2.52146727779534,135.937596556565));
#623=CARTESIAN_POINT('Ctrl Pts',(14.0417120597755,-2.52122222009064,135.76957959126));
#624=CARTESIAN_POINT('Ctrl Pts',(13.8451850601992,-2.5202815421051,135.576545882894));
#625=CARTESIAN_POINT('Ctrl Pts',(13.625449099867,-2.51838335549247,135.358023465738));
#626=CARTESIAN_POINT('Ctrl Pts',(13.4070791830846,-2.51570699887339,135.138150899389));
#627=CARTESIAN_POINT('Ctrl Pts',(13.1900837682167,-2.51232482071445,134.916936986084));
#628=CARTESIAN_POINT('Ctrl Pts',(12.9744706121747,-2.50832073236427,134.694389917999));
#629=CARTESIAN_POINT('Ctrl Pts',(12.7602467506251,-2.50379316689806,134.470517213448));
#630=CARTESIAN_POINT('Ctrl Pts',(12.5828898991011,-2.49967616749133,134.282857622705));
#631=CARTESIAN_POINT('Ctrl Pts',(12.4417052732094,-2.49622383856647,134.13207382238));
#632=CARTESIAN_POINT('Ctrl Pts',(12.3361679851306,-2.49356548003565,134.018658721301));
#633=CARTESIAN_POINT('Ctrl Pts',(12.2309826335196,-2.49084778311997,133.904917183731));
#634=CARTESIAN_POINT('Ctrl Pts',(12.0912057736045,-2.48715629212684,133.752827659637));
#635=CARTESIAN_POINT('Ctrl Pts',(11.9173684685603,-2.48243422480462,133.561903902318));
#636=CARTESIAN_POINT('Ctrl Pts',(11.7447154691116,-2.47760853089808,133.369904126366));
#637=CARTESIAN_POINT('Ctrl Pts',(11.6073075898668,-2.4736987283432,133.215663017041));
#638=CARTESIAN_POINT('Ctrl Pts',(11.5046099871299,-2.47074236906799,133.099662703865));
#639=CARTESIAN_POINT('Ctrl Pts',(11.4022717549358,-2.46776174214089,132.98334409662));
#640=CARTESIAN_POINT('Ctrl Pts',(11.2663014211983,-2.46375141964463,132.827829900893));
#641=CARTESIAN_POINT('Ctrl Pts',(11.097242531433,-2.45866106703907,132.632647758188));
#642=CARTESIAN_POINT('Ctrl Pts',(10.9293969375633,-2.45341665329944,132.436422216731));
#643=CARTESIAN_POINT('Ctrl Pts',(10.7958535319377,-2.4490778388396,132.278821738932));
#644=CARTESIAN_POINT('Ctrl Pts',(10.696063864701,-2.44573512124519,132.160312980406));
#645=CARTESIAN_POINT('Ctrl Pts',(10.5966434642173,-2.44228558492147,132.041497487192));
#646=CARTESIAN_POINT('Ctrl Pts',(10.4645772220299,-2.43751560410314,131.882670224924));
#647=CARTESIAN_POINT('Ctrl Pts',(10.3004249157149,-2.4311778997904,131.683378329335));
#648=CARTESIAN_POINT('Ctrl Pts',(10.1375237440709,-2.42417747195343,131.483089215298));
#649=CARTESIAN_POINT('Ctrl Pts',(10.0079600928971,-2.41808274515984,131.322268158544));
#650=CARTESIAN_POINT('Ctrl Pts',(9.91116766666368,-2.41324321643757,131.201359701813));
#651=CARTESIAN_POINT('Ctrl Pts',(9.81475721507718,-2.40811533664183,131.080160809414));
#652=CARTESIAN_POINT('Ctrl Pts',(9.6867213882751,-2.40087336171158,130.918177975212));
#653=CARTESIAN_POINT('Ctrl Pts',(9.52763941055003,-2.39103362567736,130.714984194257));
#654=CARTESIAN_POINT('Ctrl Pts',(9.36984948465411,-2.38015085494259,130.51084881933));
#655=CARTESIAN_POINT('Ctrl Pts',(9.24439648052126,-2.37086043133457,130.346981292884));
#656=CARTESIAN_POINT('Ctrl Pts',(9.1506969084451,-2.36361439393743,130.223802203239));
#657=CARTESIAN_POINT('Ctrl Pts',(9.05738817456935,-2.35610457961941,130.100345766314));
#658=CARTESIAN_POINT('Ctrl Pts',(8.9334983500619,-2.3457599764807,129.935368624015));
#659=CARTESIAN_POINT('Ctrl Pts',(8.77961568954964,-2.3322456603836,129.728458316068));
#660=CARTESIAN_POINT('Ctrl Pts',(8.6270416560336,-2.31805078311188,129.52063422682));
#661=CARTESIAN_POINT('Ctrl Pts',(8.50576876964668,-2.30633958903116,129.35382902487));
#662=CARTESIAN_POINT('Ctrl Pts',(8.38502048320171,-2.29440733647952,129.186660602715));
#663=CARTESIAN_POINT('Ctrl Pts',(8.23506945760271,-2.27910660829856,128.977020416813));
#664=CARTESIAN_POINT('Ctrl Pts',(8.08643307278606,-2.26336031132776,128.766478007884));
#665=CARTESIAN_POINT('Ctrl Pts',(7.96831454888491,-2.2505310509918,128.597505756129));
#666=CARTESIAN_POINT('Ctrl Pts',(7.85072386254199,-2.23755717733702,128.428175877164));
#667=CARTESIAN_POINT('Ctrl Pts',(7.70472682057334,-2.22108738231342,128.215845556666));
#668=CARTESIAN_POINT('Ctrl Pts',(7.56005630629169,-2.20432420089438,128.002632183172));
#669=CARTESIAN_POINT('Ctrl Pts',(7.44511870669401,-2.1907594421914,127.831536290186));
#670=CARTESIAN_POINT('Ctrl Pts',(7.33071460167672,-2.17709809176934,127.660091809765));
#671=CARTESIAN_POINT('Ctrl Pts',(7.18871155168458,-2.15985164627692,127.44513549049));
#672=CARTESIAN_POINT('Ctrl Pts',(7.04804922386989,-2.14240435073648,127.229319100287));
#673=CARTESIAN_POINT('Ctrl Pts',(6.93632646689361,-2.12833818586029,127.0561543696));
#674=CARTESIAN_POINT('Ctrl Pts',(6.8251426519401,-2.11420303683639,126.882650014346));
#675=CARTESIAN_POINT('Ctrl Pts',(6.68717502592068,-2.09641051362531,126.665135492711));
#676=CARTESIAN_POINT('Ctrl Pts',(6.55056125429124,-2.07846404738814,126.446782814867));
#677=CARTESIAN_POINT('Ctrl Pts',(6.44208522994808,-2.06401709724627,126.271602313572));
#678=CARTESIAN_POINT('Ctrl Pts',(6.3611364046678,-2.05313691111887,126.139968943538));
#679=CARTESIAN_POINT('Ctrl Pts',(6.28059648108542,-2.04221141238512,126.008088788899));
#680=CARTESIAN_POINT('Ctrl Pts',(6.17375610230988,-2.02758248016649,125.831921225651));
#681=CARTESIAN_POINT('Ctrl Pts',(6.0412316096408,-2.0091779363415,125.611101218929));
#682=CARTESIAN_POINT('Ctrl Pts',(5.91008043591753,-1.99060286553357,125.3894764451));
#683=CARTESIAN_POINT('Ctrl Pts',(5.8059869745841,-1.97562863524149,125.211699936683));
#684=CARTESIAN_POINT('Ctrl Pts',(5.72833154867635,-1.96433695130981,125.078130885208));
#685=CARTESIAN_POINT('Ctrl Pts',(5.65109174333644,-1.95297993781786,124.94432688364));
#686=CARTESIAN_POINT('Ctrl Pts',(5.54866082850895,-1.93774320426735,124.765610725043));
#687=CARTESIAN_POINT('Ctrl Pts',(5.42166625651409,-1.91850677522995,124.541637396415));
#688=CARTESIAN_POINT('Ctrl Pts',(5.29607093199971,-1.89896890198521,124.316906717362));
#689=CARTESIAN_POINT('Ctrl Pts',(5.19643853554616,-1.88312008313281,124.136676161119));
#690=CARTESIAN_POINT('Ctrl Pts',(5.12213723337799,-1.8711125436826,124.001282364255));
#691=CARTESIAN_POINT('Ctrl Pts',(5.04826002674255,-1.85897150158305,123.865669900928));
#692=CARTESIAN_POINT('Ctrl Pts',(4.95032409357093,-1.84258582183446,123.684564892163));
#693=CARTESIAN_POINT('Ctrl Pts',(4.82897032037271,-1.82169402764475,123.457649071163));
#694=CARTESIAN_POINT('Ctrl Pts',(4.70904716478455,-1.800130415244,123.230039526087));
#695=CARTESIAN_POINT('Ctrl Pts',(4.61397329152869,-1.78238933310953,123.047549147874));
#696=CARTESIAN_POINT('Ctrl Pts',(4.54310184619474,-1.76881690944514,122.910483611576));
#697=CARTESIAN_POINT('Ctrl Pts',(4.47266592400102,-1.7549584434664,122.773223854169));
#698=CARTESIAN_POINT('Ctrl Pts',(4.37933377408709,-1.73608228636111,122.589955984496));
#699=CARTESIAN_POINT('Ctrl Pts',(4.26376305118756,-1.71172662469748,122.360399556868));
#700=CARTESIAN_POINT('Ctrl Pts',(4.14965379930441,-1.68641138826728,122.130222789933));
#701=CARTESIAN_POINT('Ctrl Pts',(4.05924154116571,-1.66567646515426,121.945707979562));
#702=CARTESIAN_POINT('Ctrl Pts',(3.9918691480734,-1.64991315251695,121.807134091319));
#703=CARTESIAN_POINT('Ctrl Pts',(3.92493275114766,-1.63396741234616,121.668371231395));
#704=CARTESIAN_POINT('Ctrl Pts',(3.83626448494277,-1.61250200752972,121.483100425044));
#705=CARTESIAN_POINT('Ctrl Pts',(3.72651525154444,-1.58535720853642,121.251033222727));
#706=CARTESIAN_POINT('Ctrl Pts',(3.61821064200875,-1.55794989831356,121.018322024044));
#707=CARTESIAN_POINT('Ctrl Pts',(3.53243304630281,-1.5359308569331,120.831765829134));
#708=CARTESIAN_POINT('Ctrl Pts',(3.46853299725765,-1.51938063526359,120.691655392791));
#709=CARTESIAN_POINT('Ctrl Pts',(3.40506628006602,-1.50280343971195,120.551352164046));
#710=CARTESIAN_POINT('Ctrl Pts',(3.32102223365541,-1.48067189172486,120.364025268641));
#711=CARTESIAN_POINT('Ctrl Pts',(3.21705244005803,-1.45296366693048,120.129389314027));
#712=CARTESIAN_POINT('Ctrl Pts',(3.11453358247902,-1.42519830216414,119.894126157588));
#713=CARTESIAN_POINT('Ctrl Pts',(3.03339209848788,-1.402934527654,119.705546598599));
#714=CARTESIAN_POINT('Ctrl Pts',(2.97297364029137,-1.386203683393,119.563929505072));
#715=CARTESIAN_POINT('Ctrl Pts',(2.91299366279241,-1.36943271765818,119.422132036963));
#716=CARTESIAN_POINT('Ctrl Pts',(2.83360612109436,-1.34700688963471,119.232831087961));
#717=CARTESIAN_POINT('Ctrl Pts',(2.7354720816095,-1.3188320596261,118.995764636167));
#718=CARTESIAN_POINT('Ctrl Pts',(2.63881116965404,-1.29040155153945,118.758126804447));
#719=CARTESIAN_POINT('Ctrl Pts',(2.5623701577473,-1.26745833277283,118.567684194928));
#720=CARTESIAN_POINT('Ctrl Pts',(2.50548427052667,-1.25013899302736,118.424688917371));
#721=CARTESIAN_POINT('Ctrl Pts',(2.44904428488884,-1.23269481802457,118.281533254209));
#722=CARTESIAN_POINT('Ctrl Pts',(2.37438692461544,-1.20925123094238,118.090449336998));
#723=CARTESIAN_POINT('Ctrl Pts',(2.28218533046233,-1.17956545220297,117.851209226556));
#724=CARTESIAN_POINT('Ctrl Pts',(2.19148458047404,-1.14927346008179,117.61147815322));
#725=CARTESIAN_POINT('Ctrl Pts',(2.11982888903701,-1.12461731208787,117.419413012762));
#726=CARTESIAN_POINT('Ctrl Pts',(2.06654062767202,-1.10590024568942,117.275227619468));
#727=CARTESIAN_POINT('Ctrl Pts',(2.01370687017888,-1.08694494603163,117.130909199476));
#728=CARTESIAN_POINT('Ctrl Pts',(1.94386887591717,-1.06133928432641,116.93831121628));
#729=CARTESIAN_POINT('Ctrl Pts',(1.85771138877628,-1.02868201004642,116.697245981671));
#730=CARTESIAN_POINT('Ctrl Pts',(1.7730762846646,-0.995147858580359,116.455770255222));
#731=CARTESIAN_POINT('Ctrl Pts',(1.7062822254664,-0.967830444139091,116.262349132106));
#732=CARTESIAN_POINT('Ctrl Pts',(1.64009761003233,-0.940205633329467,116.068769272582));
#733=CARTESIAN_POINT('Ctrl Pts',(1.55850895775252,-0.905136549512397,115.826497653476));
#734=CARTESIAN_POINT('Ctrl Pts',(1.47843944480092,-0.869468435940633,115.583825668635));
#735=CARTESIAN_POINT('Ctrl Pts',(1.41529245927441,-0.840648591443701,115.389442385449));
#736=CARTESIAN_POINT('Ctrl Pts',(1.35275032063265,-0.811662440223557,115.194893380666));
#737=CARTESIAN_POINT('Ctrl Pts',(1.2757050517267,-0.775162401665049,114.951392725034));
#738=CARTESIAN_POINT('Ctrl Pts',(1.20016569718726,-0.738416382343644,114.707463486059));
#739=CARTESIAN_POINT('Ctrl Pts',(1.14063569922845,-0.70893137055349,114.512057423742));
#740=CARTESIAN_POINT('Ctrl Pts',(1.0817060867291,-0.67940503073941,114.31647442496));
#741=CARTESIAN_POINT('Ctrl Pts',(1.00916863192966,-0.642452841236123,114.071660325172));
#742=CARTESIAN_POINT('Ctrl Pts',(0.93812840454056,-0.605511506508777,113.826391249667));
#743=CARTESIAN_POINT('Ctrl Pts',(0.882195050068016,-0.575974295018368,113.62990386493));
#744=CARTESIAN_POINT('Ctrl Pts',(0.840695020292722,-0.55382452251777,113.482404046119));
#745=CARTESIAN_POINT('Ctrl Pts',(0.799645727931573,-0.531670775959952,113.334772381726));
#746=CARTESIAN_POINT('Ctrl Pts',(0.745515983452861,-0.502106520117673,113.137760228155));
#747=CARTESIAN_POINT('Ctrl Pts',(0.692293011864789,-0.472469800856312,112.940503086754));
#748=CARTESIAN_POINT('Ctrl Pts',(0.639986045549629,-0.442618163188234,112.743036426823));
#749=CARTESIAN_POINT('Ctrl Pts',(0.601217228865868,-0.420059018970186,112.594845450774));
#750=CARTESIAN_POINT('Ctrl Pts',(0.562913860561937,-0.397246358321647,112.446580228718));
#751=CARTESIAN_POINT('Ctrl Pts',(0.52508143941617,-0.374054677262703,112.298264113377));
#752=CARTESIAN_POINT('Ctrl Pts',(0.487727290021208,-0.350304893002751,112.149928859266));
#753=CARTESIAN_POINT('Ctrl Pts',(0.450861328854419,-0.325749869776909,112.001618348218));
#754=CARTESIAN_POINT('Ctrl Pts',(0.41449110945952,-0.30019453139014,111.853369184911));
#755=CARTESIAN_POINT('Ctrl Pts',(0.387584066322986,-0.280303677591364,111.742228729943));
#756=CARTESIAN_POINT('Ctrl Pts',(0.369798697439412,-0.26678735761727,111.668149182744));
#757=CARTESIAN_POINT('Ctrl Pts',(0.357982383328543,-0.2577112385217,111.618766231801));
#758=CARTESIAN_POINT('Ctrl Pts',(0.337410105341746,-0.241664453951492,111.532354103313));
#759=CARTESIAN_POINT('Ctrl Pts',(0.308323016240647,-0.218314107688406,111.408925616328));
#760=CARTESIAN_POINT('Ctrl Pts',(0.27963436602257,-0.194469890684753,111.285507390167));
#761=CARTESIAN_POINT('Ctrl Pts',(0.256921213447258,-0.175114534649556,111.186775724537));
#762=CARTESIAN_POINT('Ctrl Pts',(0.240005222269833,-0.160456309283854,111.112728952745));
#763=CARTESIAN_POINT('Ctrl Pts',(0.223208290586518,-0.145651288052672,111.038685571567));
#764=CARTESIAN_POINT('Ctrl Pts',(0.2065309421213,-0.130688602215816,110.964648524516));
#765=CARTESIAN_POINT('Ctrl Pts',(0.189974097316354,-0.115550421501516,110.890622616165));
#766=CARTESIAN_POINT('Ctrl Pts',(0.177648009228003,-0.104042807606144,110.83511739472));
#767=CARTESIAN_POINT('Ctrl Pts',(0.170151052506762,-0.096938334510229,110.801206366877));
#768=CARTESIAN_POINT('Ctrl Pts',(0.16742879990733,-0.0943465660969202,110.788876167344));
#769=CARTESIAN_POINT('Ctrl Pts',(0.163349343056491,-0.0904504205876058,
110.770381993977));
#770=CARTESIAN_POINT('Ctrl Pts',(0.154531844777428,-0.0819612366271934,
110.730317782014));
#771=CARTESIAN_POINT('Ctrl Pts',(0.145091846945395,-0.0726831874276467,
110.687191758653));
#772=CARTESIAN_POINT('Ctrl Pts',(0.138047769332437,-0.0656155989977298,
110.65486511524));
#773=CARTESIAN_POINT('Ctrl Pts',(0.136037771340183,-0.0635878539419578,
110.645630356451));
#774=CARTESIAN_POINT('Ctrl Pts',(0.134698465852653,-0.0622337539399367,
110.639474235675));
#775=CARTESIAN_POINT('Ctrl Pts',(0.132356506550948,-0.0598579987176551,
110.628702063553));
#776=CARTESIAN_POINT('Ctrl Pts',(0.129016095223761,-0.0564460784129013,
110.61331636252));
#777=CARTESIAN_POINT('Ctrl Pts',(0.125682770510749,-0.0530083143038275,
110.59793527826));
#778=CARTESIAN_POINT('Ctrl Pts',(0.123020429906346,-0.0502413109546643,
110.585633511396));
#779=CARTESIAN_POINT('Ctrl Pts',(0.121358282041658,-0.0485046500756111,
110.577946274454));
#780=CARTESIAN_POINT('Ctrl Pts',(0.120029663192084,-0.0471107588049156,
110.571797356437));
#781=CARTESIAN_POINT('Ctrl Pts',(0.118701780884041,-0.0457137605773034,
110.565649036992));
#782=CARTESIAN_POINT('Ctrl Pts',(0.117375008433474,-0.0443120096719414,
110.559501640166));
#783=CARTESIAN_POINT('Ctrl Pts',(0.116049358854471,-0.0429052723268592,
110.553355229538));
#784=CARTESIAN_POINT('Ctrl Pts',(0.115055686080122,-0.0418476728495631,
110.548745929232));
#785=CARTESIAN_POINT('Ctrl Pts',(0.114062581176572,-0.0407874652899249,
110.544137153496));
#786=CARTESIAN_POINT('Ctrl Pts',(0.113235469856263,-0.039901734592284,110.540296958234));
#787=CARTESIAN_POINT('Ctrl Pts',(0.112574068417063,-0.039191780812996,110.537225082282));
#788=CARTESIAN_POINT('Ctrl Pts',(0.111912859328839,-0.0384809035193739,
110.534153396131));
#789=CARTESIAN_POINT('Ctrl Pts',(0.11133455449849,-0.0378576620792378,110.531465923106));
#790=CARTESIAN_POINT('Ctrl Pts',(0.110839046970114,-0.0373225542059018,
110.529162562472));
#791=CARTESIAN_POINT('Ctrl Pts',(0.110508757290995,-0.0369655744514227,
110.527627039023));
#792=CARTESIAN_POINT('Ctrl Pts',(0.110178540696453,-0.0366082315885122,
110.526091591403));
#793=CARTESIAN_POINT('Ctrl Pts',(0.109848397561322,-0.0362505191112245,
110.524556221433));
#794=CARTESIAN_POINT('Ctrl Pts',(0.109642088715327,-0.0360267946374129,
110.523596647585));
#795=CARTESIAN_POINT('Ctrl Pts',(0.109477060101569,-0.0358477210236438,
110.522829008396));
#796=CARTESIAN_POINT('Ctrl Pts',(0.109353297791442,-0.0357133699787584,
110.522253288557));
#797=CARTESIAN_POINT('Ctrl Pts',(0.109250170365981,-0.0356013695096545,
110.521773530991));
#798=CARTESIAN_POINT('Ctrl Pts',(0.109177984994863,-0.0355229516907852,
110.521437704018));
#799=CARTESIAN_POINT('Ctrl Pts',(0.109141893573139,-0.0354837339018397,
110.521269792851));
#800=CARTESIAN_POINT('Ctrl Pts',(0.109121269826422,-0.0354613276282783,
110.521173842152));
#801=CARTESIAN_POINT('Ctrl Pts',(0.098552181927313,-0.0239705134840418,
110.472001558654));
#802=CARTESIAN_POINT('Ctrl Pts',(0.0854625244582981,-0.00915626802105261,
110.410649226607));
#803=CARTESIAN_POINT('Ctrl Pts',(0.0649256531216349,0.0182302299552641,
110.313505559788));
#804=CARTESIAN_POINT('Ctrl Pts',(0.0548166471739243,0.0332543287911831,
110.265333435146));
#805=CARTESIAN_POINT('Ctrl Pts',(0.0473034008193896,0.0449507040860812,
110.229334313184));
#806=CARTESIAN_POINT('Ctrl Pts',(5.00007232359157,3.51212257055389,0.));
#807=CARTESIAN_POINT('Ctrl Pts',(5.00007232359157,3.51212257055389,150.));
#808=CARTESIAN_POINT('Ctrl Pts',(4.62103780158481,3.39151319764891,0.));
#809=CARTESIAN_POINT('Ctrl Pts',(4.62103780158481,3.39151319764891,150.));
#810=CARTESIAN_POINT('Ctrl Pts',(3.71326925053437,3.16545674656481,0.));
#811=CARTESIAN_POINT('Ctrl Pts',(3.71326925053437,3.16545674656481,150.));
#812=CARTESIAN_POINT('Ctrl Pts',(2.82249166741682,2.8684569101614,0.));
#813=CARTESIAN_POINT('Ctrl Pts',(2.82249166741682,2.8684569101614,150.));
#814=CARTESIAN_POINT('Ctrl Pts',(1.52295300908978,2.16131061249132,0.));
#815=CARTESIAN_POINT('Ctrl Pts',(1.52295300908978,2.16131061249132,150.));
#816=CARTESIAN_POINT('Ctrl Pts',(1.09431121340843,1.87667793816699,0.));
#817=CARTESIAN_POINT('Ctrl Pts',(1.09431121340843,1.87667793816699,150.));
#818=CARTESIAN_POINT('Ctrl Pts',(0.315493033476224,1.15863674258665,0.));
#819=CARTESIAN_POINT('Ctrl Pts',(0.315493033476224,1.15863674258665,150.));
#820=CARTESIAN_POINT('Ctrl Pts',(0.162153855080205,0.735869190766764,0.));
#821=CARTESIAN_POINT('Ctrl Pts',(0.162153855080205,0.735869190766764,150.));
#822=CARTESIAN_POINT('Ctrl Pts',(0.0481646163630975,0.556007607700218,0.));
#823=CARTESIAN_POINT('Ctrl Pts',(0.0481646163630975,0.556007607700218,150.));
#824=CARTESIAN_POINT('Ctrl Pts',(8.85666605776261E-16,-1.14296871875397E-16,
0.));
#825=CARTESIAN_POINT('Ctrl Pts',(8.85666605776261E-16,-1.14296871875397E-16,
150.));
#826=CARTESIAN_POINT('',(5.00007232359157,3.51212257055389,0.));
#827=CARTESIAN_POINT('',(5.00007232359157,3.51212257055389,0.));
#828=CARTESIAN_POINT('',(0.,0.,0.));
#829=CARTESIAN_POINT('Ctrl Pts',(5.00007232359157,3.51212257055389,0.));
#830=CARTESIAN_POINT('Ctrl Pts',(4.62103780158481,3.39151319764891,0.));
#831=CARTESIAN_POINT('Ctrl Pts',(3.71326925053437,3.16545674656481,0.));
#832=CARTESIAN_POINT('Ctrl Pts',(2.82249166741682,2.8684569101614,0.));
#833=CARTESIAN_POINT('Ctrl Pts',(1.52295300908978,2.16131061249132,0.));
#834=CARTESIAN_POINT('Ctrl Pts',(1.09431121340843,1.87667793816699,0.));
#835=CARTESIAN_POINT('Ctrl Pts',(0.315493033476224,1.15863674258665,0.));
#836=CARTESIAN_POINT('Ctrl Pts',(0.162153855080205,0.735869190766764,0.));
#837=CARTESIAN_POINT('Ctrl Pts',(0.0481646163630975,0.556007607700218,0.));
#838=CARTESIAN_POINT('Ctrl Pts',(8.85666605776261E-16,-1.14296871875397E-16,
0.));
#839=CARTESIAN_POINT('',(-3.21168259275318E-15,7.80771014256032E-15,109.765676752494));
#840=CARTESIAN_POINT('',(0.,0.,0.));
#841=CARTESIAN_POINT('Ctrl Pts',(0.0279403541697033,0.248477701399393,110.136114118443));
#842=CARTESIAN_POINT('Ctrl Pts',(0.0215573518982036,0.204155340132954,110.105236595284));
#843=CARTESIAN_POINT('Ctrl Pts',(0.0160475409683633,0.159116145853919,110.070604608709));
#844=CARTESIAN_POINT('Ctrl Pts',(0.00825488515622847,0.0883884603271228,
109.999991970631));
#845=CARTESIAN_POINT('Ctrl Pts',(0.00603649953595779,0.0655690303930632,
109.970168080042));
#846=CARTESIAN_POINT('Ctrl Pts',(0.00240942110418752,0.0275295341065484,
109.906150280297));
#847=CARTESIAN_POINT('Ctrl Pts',(0.00113370574425118,0.0129749760457227,
109.868463228309));
#848=CARTESIAN_POINT('Ctrl Pts',(0.000293609834495425,0.00338292160872292,
109.81602822464));
#849=CARTESIAN_POINT('Ctrl Pts',(0.000160234527621277,0.00184716396939218,
109.803921607572));
#850=CARTESIAN_POINT('Ctrl Pts',(5.01356492921561E-5,0.000578568128579846,
109.786681043468));
#851=CARTESIAN_POINT('Ctrl Pts',(2.74745809955985E-5,0.000317088081284861,
109.781616761109));
#852=CARTESIAN_POINT('Ctrl Pts',(4.69878625174311E-6,5.42512384060028E-5,
109.77292482669));
#853=CARTESIAN_POINT('Ctrl Pts',(-9.0696387242757E-16,-2.15535803459142E-14,
109.769301065975));
#854=CARTESIAN_POINT('Ctrl Pts',(-9.10208058173862E-16,-2.15910016512668E-14,
109.765676752494));
#855=CARTESIAN_POINT('Ctrl Pts',(50.1809926378909,3.37400995733587E-16,
0.));
#856=CARTESIAN_POINT('Ctrl Pts',(50.1809926378909,3.37400995733587E-16,
150.));
#857=CARTESIAN_POINT('Ctrl Pts',(46.3247098619032,0.900895746902804,0.));
#858=CARTESIAN_POINT('Ctrl Pts',(46.3247098619032,0.900895746902804,150.));
#859=CARTESIAN_POINT('Ctrl Pts',(41.1997038531982,1.72953901165943,0.));
#860=CARTESIAN_POINT('Ctrl Pts',(41.1997038531982,1.72953901165943,150.));
#861=CARTESIAN_POINT('Ctrl Pts',(38.1670766379358,2.3908444218677,0.));
#862=CARTESIAN_POINT('Ctrl Pts',(38.1670766379358,2.3908444218677,150.));
#863=CARTESIAN_POINT('Ctrl Pts',(28.3579797354023,3.60748764476958,0.));
#864=CARTESIAN_POINT('Ctrl Pts',(28.3579797354023,3.60748764476958,150.));
#865=CARTESIAN_POINT('Ctrl Pts',(25.9656129009379,3.90057495253144,0.));
#866=CARTESIAN_POINT('Ctrl Pts',(25.9656129009379,3.90057495253144,150.));
#867=CARTESIAN_POINT('Ctrl Pts',(22.2098100257962,4.20867671215765,0.));
#868=CARTESIAN_POINT('Ctrl Pts',(22.2098100257962,4.20867671215765,150.));
#869=CARTESIAN_POINT('Ctrl Pts',(18.6623344880333,4.40371817983184,0.));
#870=CARTESIAN_POINT('Ctrl Pts',(18.6623344880333,4.40371817983184,150.));
#871=CARTESIAN_POINT('Ctrl Pts',(16.2896091425841,4.53039729398674,0.));
#872=CARTESIAN_POINT('Ctrl Pts',(16.2896091425841,4.53039729398674,150.));
#873=CARTESIAN_POINT('Ctrl Pts',(13.4070346828442,4.48442016442294,0.));
#874=CARTESIAN_POINT('Ctrl Pts',(13.4070346828442,4.48442016442294,150.));
#875=CARTESIAN_POINT('Ctrl Pts',(9.39438899574992,4.32282158988307,0.));
#876=CARTESIAN_POINT('Ctrl Pts',(9.39438899574992,4.32282158988307,150.));
#877=CARTESIAN_POINT('Ctrl Pts',(6.98994639449095,3.9476911709297,0.));
#878=CARTESIAN_POINT('Ctrl Pts',(6.98994639449095,3.9476911709297,150.));
#879=CARTESIAN_POINT('Ctrl Pts',(5.98259683597176,3.75482875099859,0.));
#880=CARTESIAN_POINT('Ctrl Pts',(5.98259683597176,3.75482875099859,150.));
#881=CARTESIAN_POINT('Ctrl Pts',(5.00007232359159,3.51212257055389,0.));
#882=CARTESIAN_POINT('Ctrl Pts',(5.00007232359159,3.51212257055389,150.));
#883=CARTESIAN_POINT('',(50.1809926378909,0.,0.));
#884=CARTESIAN_POINT('',(50.1809926378909,0.,0.));
#885=CARTESIAN_POINT('Ctrl Pts',(50.1809926378909,3.37400995733587E-16,
0.));
#886=CARTESIAN_POINT('Ctrl Pts',(46.3247098619032,0.900895746902804,0.));
#887=CARTESIAN_POINT('Ctrl Pts',(41.1997038531982,1.72953901165943,0.));
#888=CARTESIAN_POINT('Ctrl Pts',(38.1670766379358,2.3908444218677,0.));
#889=CARTESIAN_POINT('Ctrl Pts',(28.3579797354023,3.60748764476958,0.));
#890=CARTESIAN_POINT('Ctrl Pts',(25.9656129009379,3.90057495253144,0.));
#891=CARTESIAN_POINT('Ctrl Pts',(22.2098100257962,4.20867671215765,0.));
#892=CARTESIAN_POINT('Ctrl Pts',(18.6623344880333,4.40371817983184,0.));
#893=CARTESIAN_POINT('Ctrl Pts',(16.2896091425841,4.53039729398674,0.));
#894=CARTESIAN_POINT('Ctrl Pts',(13.4070346828442,4.48442016442294,0.));
#895=CARTESIAN_POINT('Ctrl Pts',(9.39438899574992,4.32282158988307,0.));
#896=CARTESIAN_POINT('Ctrl Pts',(6.98994639449095,3.9476911709297,0.));
#897=CARTESIAN_POINT('Ctrl Pts',(5.98259683597176,3.75482875099859,0.));
#898=CARTESIAN_POINT('Ctrl Pts',(5.00007232359159,3.51212257055389,0.));
#899=CARTESIAN_POINT('Ctrl Pts',(-0.00713306835395777,0.0893911998090849,
109.731234472466));
#900=CARTESIAN_POINT('Ctrl Pts',(-0.00475557075169,0.0595965374472555,109.742735523876));
#901=CARTESIAN_POINT('Ctrl Pts',(-0.00249644529128362,0.0307440046332417,
109.754207200045));
#902=CARTESIAN_POINT('Ctrl Pts',(0.00375295392057105,-0.0464797432334692,
109.78087535262));
#903=CARTESIAN_POINT('Ctrl Pts',(0.0104085709740684,-0.124026407774216,
109.798609161109));
#904=CARTESIAN_POINT('Ctrl Pts',(0.0213663431326833,-0.209466713170081,
109.820725859417));
#905=CARTESIAN_POINT('Ctrl Pts',(-0.0112969148855562,0.141572283574266,
109.867275713551));
#906=CARTESIAN_POINT('Ctrl Pts',(-0.00891933225968398,0.111775847797603,
109.878940052074));
#907=CARTESIAN_POINT('Ctrl Pts',(-0.00658192857907957,0.0826097386887001,
109.890571784829));
#908=CARTESIAN_POINT('Ctrl Pts',(-0.000800908019211027,0.0079815343556673,
109.917634716067));
#909=CARTESIAN_POINT('Ctrl Pts',(0.00390488394874662,-0.0568535360786504,
109.935686896221));
#910=CARTESIAN_POINT('Ctrl Pts',(0.0107024065770676,-0.126317512507279,
109.958262871715));
#911=CARTESIAN_POINT('Ctrl Pts',(0.000487452740032422,0.195023976740067,
110.003311784427));
#912=CARTESIAN_POINT('Ctrl Pts',(0.00289851400743368,0.165228422827221,
110.015139378424));
#913=CARTESIAN_POINT('Ctrl Pts',(0.00530851291644355,0.13573627846198,110.026931271727));
#914=CARTESIAN_POINT('Ctrl Pts',(0.0109279099739371,0.0638004462040585,
110.054388803051));
#915=CARTESIAN_POINT('Ctrl Pts',(0.0146952486159589,0.0120429212325944,
110.072758838241));
#916=CARTESIAN_POINT('Ctrl Pts',(0.0194322881004199,-0.040685829185644,
110.095792094726));
#917=CARTESIAN_POINT('Ctrl Pts',(0.027940354169701,0.248477701399408,110.136114118443));
#918=CARTESIAN_POINT('Ctrl Pts',(0.0304169141720632,0.218683039037578,110.148094380328));
#919=CARTESIAN_POINT('Ctrl Pts',(0.0328916479181637,0.188864715744637,110.160044043004));
#920=CARTESIAN_POINT('Ctrl Pts',(0.0386555988819293,0.119621412441475,110.187823368603));
#921=CARTESIAN_POINT('Ctrl Pts',(0.0424951758231411,0.0809419218171195,
110.206296085779));
#922=CARTESIAN_POINT('Ctrl Pts',(0.0473034008193932,0.0449507040860526,
110.229334313184));
#923=CARTESIAN_POINT('',(0.0213663431326834,-0.209466713170081,109.820725859417));
#924=CARTESIAN_POINT('Ctrl Pts',(0.0213663431326833,-0.209466713170081,
109.820725859417));
#925=CARTESIAN_POINT('Ctrl Pts',(0.0107024065770676,-0.126317512507279,
109.958262871715));
#926=CARTESIAN_POINT('Ctrl Pts',(0.0194322881004199,-0.040685829185644,
110.095792094726));
#927=CARTESIAN_POINT('Ctrl Pts',(0.0473034008193932,0.0449507040860526,
110.229334313184));
#928=CARTESIAN_POINT('Ctrl Pts',(-8.09175627885282E-6,-6.52827396116105E-7,
109.765676755693));
#929=CARTESIAN_POINT('Ctrl Pts',(5.03629727597869E-5,-0.000724015919458516,
109.76592805203));
#930=CARTESIAN_POINT('Ctrl Pts',(0.000109016977130463,-0.00144941249630902,
109.766179347194));
#931=CARTESIAN_POINT('Ctrl Pts',(0.00372798222322798,-0.0461791061383816,
109.781630256855));
#932=CARTESIAN_POINT('Ctrl Pts',(0.0103728466195249,-0.123655599650795,
109.799365822731));
#933=CARTESIAN_POINT('Ctrl Pts',(0.0213076757518308,-0.209007708869442,
109.821485056202));
#934=CARTESIAN_POINT('Ctrl Pts',(49.653622617896,1.92179520448168,150.00975426822));
#935=CARTESIAN_POINT('Ctrl Pts',(49.5543706405905,1.89433761274644,150.011066388884));
#936=CARTESIAN_POINT('Ctrl Pts',(49.3542991347126,1.84497851237829,150.013117336234));
#937=CARTESIAN_POINT('Ctrl Pts',(49.0527579283202,1.77541266637731,150.014390532989));
#938=CARTESIAN_POINT('Ctrl Pts',(48.7503559793763,1.70903828657207,150.013840946962));
#939=CARTESIAN_POINT('Ctrl Pts',(48.447599575185,1.64457485334295,150.01145736702));
#940=CARTESIAN_POINT('Ctrl Pts',(48.1446310770214,1.58166604514677,150.007236753845));
#941=CARTESIAN_POINT('Ctrl Pts',(47.8415599847063,1.51992921915266,150.00117689293));
#942=CARTESIAN_POINT('Ctrl Pts',(47.5384133146399,1.45917748297706,149.993276398943));
#943=CARTESIAN_POINT('Ctrl Pts',(47.2352081880136,1.39924493242537,149.983533500771));
#944=CARTESIAN_POINT('Ctrl Pts',(46.9319472812942,1.34002360806573,149.971946253867));
#945=CARTESIAN_POINT('Ctrl Pts',(46.6286325734994,1.28142542932066,149.95851242017));
#946=CARTESIAN_POINT('Ctrl Pts',(46.3252628427638,1.2233849443227,149.943229486706));
#947=CARTESIAN_POINT('Ctrl Pts',(46.0218364042659,1.16584941838964,149.926094642864));
#948=CARTESIAN_POINT('Ctrl Pts',(45.7183540070027,1.10877798209708,149.907104989333));
#949=CARTESIAN_POINT('Ctrl Pts',(45.4148286835625,1.0521400275035,149.886258277165));
#950=CARTESIAN_POINT('Ctrl Pts',(45.1112931005326,0.995915137977466,149.863553915061));
#951=CARTESIAN_POINT('Ctrl Pts',(44.8077794738727,0.940087847298429,149.838991892769));
#952=CARTESIAN_POINT('Ctrl Pts',(44.5043178837262,0.884646505379955,149.812572576061));
#953=CARTESIAN_POINT('Ctrl Pts',(44.2009360495091,0.829582521496961,149.784296634305));
#954=CARTESIAN_POINT('Ctrl Pts',(43.897659022267,0.77488980889523,149.754164931759));
#955=CARTESIAN_POINT('Ctrl Pts',(43.5945091592044,0.720564377040219,149.722178445688));
#956=CARTESIAN_POINT('Ctrl Pts',(43.2915061757062,0.666604035045777,149.688338189225));
#957=CARTESIAN_POINT('Ctrl Pts',(42.9886673138217,0.613008176369656,149.652645151206));
#958=CARTESIAN_POINT('Ctrl Pts',(42.6860075676825,0.559777623124639,149.615100248806));
#959=CARTESIAN_POINT('Ctrl Pts',(42.3835399552917,0.506914512500591,149.575704294658));
#960=CARTESIAN_POINT('Ctrl Pts',(42.0812758107285,0.454422211506105,149.534457976627));
#961=CARTESIAN_POINT('Ctrl Pts',(41.7792250829244,0.402305248595859,149.491361849214));
#962=CARTESIAN_POINT('Ctrl Pts',(41.4773966269557,0.350569252599097,149.446416334751));
#963=CARTESIAN_POINT('Ctrl Pts',(41.1757984785454,0.299220890644371,149.399621732633));
#964=CARTESIAN_POINT('Ctrl Pts',(40.8744381046742,0.248267797738448,149.350978234731));
#965=CARTESIAN_POINT('Ctrl Pts',(40.5733226261232,0.197718491368276,149.300485945273));
#966=CARTESIAN_POINT('Ctrl Pts',(40.2724590099705,0.147582265095327,149.248144903661));
#967=CARTESIAN_POINT('Ctrl Pts',(39.9718542321656,0.0978690556757105,149.193955108979));
#968=CARTESIAN_POINT('Ctrl Pts',(39.6715154119848,0.0485892789568895,149.137916545248));
#969=CARTESIAN_POINT('Ctrl Pts',(39.3714499215822,-0.000246369347581095,
149.080029206879));
#970=CARTESIAN_POINT('Ctrl Pts',(39.0716654747844,-0.0486271504320425,149.020293124087));
#971=CARTESIAN_POINT('Ctrl Pts',(38.7721702000334,-0.0965425577239567,148.958708388407));
#972=CARTESIAN_POINT('Ctrl Pts',(38.4729727021946,-0.143982628430509,148.895275178653));
#973=CARTESIAN_POINT('Ctrl Pts',(38.1740821184925,-0.190938287959883,148.82999378807));
#974=CARTESIAN_POINT('Ctrl Pts',(37.8755081712043,-0.237401715394001,148.762864652895));
#975=CARTESIAN_POINT('Ctrl Pts',(37.5772612229448,-0.283366725146306,148.693888383957));
#976=CARTESIAN_POINT('Ctrl Pts',(37.2793523287351,-0.328829130413774,148.623065799244));
#977=CARTESIAN_POINT('Ctrl Pts',(36.9817933004385,-0.373787109200207,148.550397963002));
#978=CARTESIAN_POINT('Ctrl Pts',(36.6845967435018,-0.418241456022408,148.475886217824));
#979=CARTESIAN_POINT('Ctrl Pts',(36.387776141034,-0.462195893277346,148.399532235871));
#980=CARTESIAN_POINT('Ctrl Pts',(36.0913458312376,-0.505657092646078,148.321338038458));
#981=CARTESIAN_POINT('Ctrl Pts',(35.7953211255102,-0.548634852694423,148.241306059469));
#982=CARTESIAN_POINT('Ctrl Pts',(35.4997178317985,-0.591141536660668,148.159439045697));
#983=CARTESIAN_POINT('Ctrl Pts',(35.2045515863094,-0.633190536597412,148.075739881883));
#984=CARTESIAN_POINT('Ctrl Pts',(34.9098378420397,-0.674795726604147,147.990211581933));
#985=CARTESIAN_POINT('Ctrl Pts',(34.615591753703,-0.715970898336344,147.902857250161));
#986=CARTESIAN_POINT('Ctrl Pts',(34.3218281382712,-0.756729353335747,147.813680060089));
#987=CARTESIAN_POINT('Ctrl Pts',(34.0285614335482,-0.797083574202469,147.722683231586));
#988=CARTESIAN_POINT('Ctrl Pts',(33.7358056844271,-0.837044994441987,147.629870014795));
#989=CARTESIAN_POINT('Ctrl Pts',(33.4435745392911,-0.876623838546456,147.53524367691));
#990=CARTESIAN_POINT('Ctrl Pts',(33.1518812593725,-0.915829022778004,147.438807492939));
#991=CARTESIAN_POINT('Ctrl Pts',(32.8607387353878,-0.954668099607687,147.340564739267));
#992=CARTESIAN_POINT('Ctrl Pts',(32.5701595099921,-0.993147233935767,147.240518689784));
#993=CARTESIAN_POINT('Ctrl Pts',(32.2801558034369,-1.03127120013333,147.138672613977));
#994=CARTESIAN_POINT('Ctrl Pts',(31.9907395408636,-1.06904339043235,147.035029776568));
#995=CARTESIAN_POINT('Ctrl Pts',(31.7019223799718,-1.10646582934944,146.929593438282));
#996=CARTESIAN_POINT('Ctrl Pts',(31.4137157376956,-1.14353918414958,146.822366857411));
#997=CARTESIAN_POINT('Ctrl Pts',(31.1261308160082,-1.18026277681796,146.713353291793));
#998=CARTESIAN_POINT('Ctrl Pts',(30.8391786242131,-1.2166345705736,146.602556001069));
#999=CARTESIAN_POINT('Ctrl Pts',(30.5846820712383,-1.24864933566737,146.502486887816));
#1000=CARTESIAN_POINT('Ctrl Pts',(30.3624216397069,-1.27642891511271,146.413774529781));
#1001=CARTESIAN_POINT('Ctrl Pts',(30.1722066062978,-1.30007817599395,146.336946472929));
#1002=CARTESIAN_POINT('Ctrl Pts',(29.982288587957,-1.32356356984559,146.259330494977));
#1003=CARTESIAN_POINT('Ctrl Pts',(29.7926706658957,-1.3468827153033,146.180927569143));
#1004=CARTESIAN_POINT('Ctrl Pts',(29.6033558986477,-1.37003291903942,146.101738669964));
#1005=CARTESIAN_POINT('Ctrl Pts',(29.4143473215874,-1.39301114779439,146.021764773036));
#1006=CARTESIAN_POINT('Ctrl Pts',(29.2256479480722,-1.4158140172207,145.941006854818));
#1007=CARTESIAN_POINT('Ctrl Pts',(29.0372607682101,-1.43843775691236,145.859465891689));
#1008=CARTESIAN_POINT('Ctrl Pts',(28.8491887507616,-1.46087820681986,145.777142860241));
#1009=CARTESIAN_POINT('Ctrl Pts',(28.6614348365559,-1.4831307279206,145.694038733904));
#1010=CARTESIAN_POINT('Ctrl Pts',(28.474001967613,-1.50519046773096,145.610154495238));
#1011=CARTESIAN_POINT('Ctrl Pts',(28.2868931148608,-1.52705262649109,145.525491148874));
#1012=CARTESIAN_POINT('Ctrl Pts',(28.1001112711803,-1.54871239924382,145.440049718885));
#1013=CARTESIAN_POINT('Ctrl Pts',(27.9136594526878,-1.57016499020346,145.353831250074));
#1014=CARTESIAN_POINT('Ctrl Pts',(27.7275406968784,-1.59140560023638,145.266836807732));
#1015=CARTESIAN_POINT('Ctrl Pts',(27.5417580622761,-1.61242942916754,145.17906747805));
#1016=CARTESIAN_POINT('Ctrl Pts',(27.3563146276441,-1.63323167409903,145.090524368351));
#1017=CARTESIAN_POINT('Ctrl Pts',(27.1712134915793,-1.65380753222228,145.001208607463));
#1018=CARTESIAN_POINT('Ctrl Pts',(26.986457772145,-1.67415220462757,144.91112134613));
#1019=CARTESIAN_POINT('Ctrl Pts',(26.8020506066873,-1.69426090278888,144.820263757493));
#1020=CARTESIAN_POINT('Ctrl Pts',(26.6179951518134,-1.7141288573859,144.728637037671));
#1021=CARTESIAN_POINT('Ctrl Pts',(26.4342945835682,-1.73375132989246,144.636242406467));
#1022=CARTESIAN_POINT('Ctrl Pts',(26.2509520975188,-1.75312362653982,144.543081107847));
#1023=CARTESIAN_POINT('Ctrl Pts',(26.0679709097183,-1.77224111718419,144.449154411368));
#1024=CARTESIAN_POINT('Ctrl Pts',(25.8853542570191,-1.79109925579838,144.354463612687));
#1025=CARTESIAN_POINT('Ctrl Pts',(25.703105398283,-1.80969360668663,144.259010035038));
#1026=CARTESIAN_POINT('Ctrl Pts',(25.5212276154972,-1.82801987443555,144.162795030457));
#1027=CARTESIAN_POINT('Ctrl Pts',(25.3397242153066,-1.84607393931115,144.065819981389));
#1028=CARTESIAN_POINT('Ctrl Pts',(25.1585985307658,-1.86385189811473,143.968086302422));
#1029=CARTESIAN_POINT('Ctrl Pts',(24.9778539234159,-1.88135011128178,143.869595442292));
#1030=CARTESIAN_POINT('Ctrl Pts',(24.7974937856548,-1.89856525669457,143.770348886121));
#1031=CARTESIAN_POINT('Ctrl Pts',(24.6175215434228,-1.91549439080506,143.670348157928));
#1032=CARTESIAN_POINT('Ctrl Pts',(24.4379406591894,-1.93213501757226,143.569594823406));
#1033=CARTESIAN_POINT('Ctrl Pts',(24.2587546352309,-1.94848516565482,143.468090492984));
#1034=CARTESIAN_POINT('Ctrl Pts',(24.0799670171674,-1.96454347420093,143.36583682517));
#1035=CARTESIAN_POINT('Ctrl Pts',(23.9015813977107,-1.98030928732568,143.262835530145));
#1036=CARTESIAN_POINT('Ctrl Pts',(23.723601420562,-1.99578275729256,143.159088373598));
#1037=CARTESIAN_POINT('Ctrl Pts',(23.5460307843481,-2.01096495567295,143.054597180737));
#1038=CARTESIAN_POINT('Ctrl Pts',(23.3688732465124,-2.0258579922795,142.94936384044));
#1039=CARTESIAN_POINT('Ctrl Pts',(23.1921326269078,-2.04046513894705,142.843390309373));
#1040=CARTESIAN_POINT('Ctrl Pts',(23.0158128111176,-2.0547909596738,142.736678616119));
#1041=CARTESIAN_POINT('Ctrl Pts',(22.8399177527568,-2.06884143617734,142.629230864805));
#1042=CARTESIAN_POINT('Ctrl Pts',(22.6644514756675,-2.08262410422765,142.521049238815));
#1043=CARTESIAN_POINT('Ctrl Pts',(22.4894180729577,-2.0961481525719,142.412136002589));
#1044=CARTESIAN_POINT('Ctrl Pts',(22.3148217088954,-2.1094245804209,142.302493505338));
#1045=CARTESIAN_POINT('Ctrl Pts',(22.1406666085865,-2.12246617263944,142.192124176913));
#1046=CARTESIAN_POINT('Ctrl Pts',(21.966957070296,-2.13528784776619,142.081030538178));
#1047=CARTESIAN_POINT('Ctrl Pts',(21.7936973551383,-2.14790505606358,141.96921513235));
#1048=CARTESIAN_POINT('Ctrl Pts',(21.6208915942496,-2.16033230069235,141.856680463595));
#1049=CARTESIAN_POINT('Ctrl Pts',(21.4485438008601,-2.17258327597332,141.743429001655));
#1050=CARTESIAN_POINT('Ctrl Pts',(21.2766578586345,-2.184670628344,141.629463171235));
#1051=CARTESIAN_POINT('Ctrl Pts',(21.1052375216753,-2.19660589166879,141.514785348632));
#1052=CARTESIAN_POINT('Ctrl Pts',(20.9342864114017,-2.20839936798967,141.399397856281));
#1053=CARTESIAN_POINT('Ctrl Pts',(20.7638080166419,-2.2200600535942,141.283302959285));
#1054=CARTESIAN_POINT('Ctrl Pts',(20.5938056941225,-2.23159556774595,141.166502862189));
#1055=CARTESIAN_POINT('Ctrl Pts',(20.4242826704608,-2.24301210241332,141.048999706754));
#1056=CARTESIAN_POINT('Ctrl Pts',(20.255242045038,-2.25431438437273,140.930795570369));
#1057=CARTESIAN_POINT('Ctrl Pts',(20.0866867938668,-2.26550565221602,140.811892465207));
#1058=CARTESIAN_POINT('Ctrl Pts',(19.9186197742187,-2.27658764554979,140.692292338014));
#1059=CARTESIAN_POINT('Ctrl Pts',(19.7510437299619,-2.28756060560996,140.571997070523));
#1060=CARTESIAN_POINT('Ctrl Pts',(19.5839612973888,-2.29842328544565,140.451008480363));
#1061=CARTESIAN_POINT('Ctrl Pts',(19.4173750116112,-2.30917296811934,140.329328322551));
#1062=CARTESIAN_POINT('Ctrl Pts',(19.251287312985,-2.31980549120106,140.206958291185));
#1063=CARTESIAN_POINT('Ctrl Pts',(19.0857005544591,-2.330315275811,140.083900022031));
#1064=CARTESIAN_POINT('Ctrl Pts',(18.920617007487,-2.34069535870581,139.96015509424));
#1065=CARTESIAN_POINT('Ctrl Pts',(18.7560388717243,-2.3509374254336,139.835725035135));
#1066=CARTESIAN_POINT('Ctrl Pts',(18.5919682758669,-2.36103184394266,139.710611318559));
#1067=CARTESIAN_POINT('Ctrl Pts',(18.4284073084284,-2.37096769452428,139.58481538611));
#1068=CARTESIAN_POINT('Ctrl Pts',(18.2653581215777,-2.38073279302471,139.458338726713));
#1069=CARTESIAN_POINT('Ctrl Pts',(18.102822928447,-2.39031371568843,139.331182876772));
#1070=CARTESIAN_POINT('Ctrl Pts',(17.9408040037112,-2.39969582077063,139.203349422543));
#1071=CARTESIAN_POINT('Ctrl Pts',(17.7793036832047,-2.40886325849672,139.074840001947));
#1072=CARTESIAN_POINT('Ctrl Pts',(17.6183243650539,-2.4177989856875,138.945656307534));
#1073=CARTESIAN_POINT('Ctrl Pts',(17.4578685112691,-2.42648474339447,138.815800090014));
#1074=CARTESIAN_POINT('Ctrl Pts',(17.2979386501201,-2.43490109025301,138.685273162335));
#1075=CARTESIAN_POINT('Ctrl Pts',(17.1385373789892,-2.4430272828183,138.554077404673));
#1076=CARTESIAN_POINT('Ctrl Pts',(16.9796673709177,-2.45084142945147,138.422214772231));
#1077=CARTESIAN_POINT('Ctrl Pts',(16.82133136966,-2.45832003012764,138.289687293922));
#1078=CARTESIAN_POINT('Ctrl Pts',(16.6635322693936,-2.46544070206809,138.156497142548));
#1079=CARTESIAN_POINT('Ctrl Pts',(16.5062731446972,-2.47218388661253,138.022646666228));
#1080=CARTESIAN_POINT('Ctrl Pts',(16.3495572159293,-2.47853235427478,137.888138365445));
#1081=CARTESIAN_POINT('Ctrl Pts',(16.1933878314943,-2.48447128368594,137.752974883276));
#1082=CARTESIAN_POINT('Ctrl Pts',(16.037768443624,-2.48998810502235,137.617158989411));
#1083=CARTESIAN_POINT('Ctrl Pts',(15.8827025876158,-2.49507244683524,137.480693566194));
#1084=CARTESIAN_POINT('Ctrl Pts',(15.7281938603955,-2.49971604418556,137.343581593324));
#1085=CARTESIAN_POINT('Ctrl Pts',(15.5742459004553,-2.50391267240013,137.205826132966));
#1086=CARTESIAN_POINT('Ctrl Pts',(15.420862368041,-2.50765805003025,137.067430313606));
#1087=CARTESIAN_POINT('Ctrl Pts',(15.2680469270861,-2.5109498189459,136.928397316298));
#1088=CARTESIAN_POINT('Ctrl Pts',(15.1158032273145,-2.51378744329078,136.788730358196));
#1089=CARTESIAN_POINT('Ctrl Pts',(14.9641348879933,-2.51617218350346,136.648432678442));
#1090=CARTESIAN_POINT('Ctrl Pts',(14.813045482725,-2.5181070412381,136.507507523411));
#1091=CARTESIAN_POINT('Ctrl Pts',(14.6625385250926,-2.51959673586165,136.365958132523));
#1092=CARTESIAN_POINT('Ctrl Pts',(14.512617456584,-2.52064766794185,136.22378772511));
#1093=CARTESIAN_POINT('Ctrl Pts',(14.3632856331899,-2.52126793665624,136.080999486133));
#1094=CARTESIAN_POINT('Ctrl Pts',(14.2145463191811,-2.52146727779534,135.937596556565));
#1095=CARTESIAN_POINT('Ctrl Pts',(14.0417120597755,-2.52122222009064,135.76957959126));
#1096=CARTESIAN_POINT('Ctrl Pts',(13.8451850601992,-2.5202815421051,135.576545882894));
#1097=CARTESIAN_POINT('Ctrl Pts',(13.625449099867,-2.51838335549247,135.358023465738));
#1098=CARTESIAN_POINT('Ctrl Pts',(13.4070791830846,-2.51570699887339,135.138150899389));
#1099=CARTESIAN_POINT('Ctrl Pts',(13.1900837682167,-2.51232482071445,134.916936986084));
#1100=CARTESIAN_POINT('Ctrl Pts',(12.9744706121747,-2.50832073236427,134.694389917999));
#1101=CARTESIAN_POINT('Ctrl Pts',(12.7602467506251,-2.50379316689806,134.470517213448));
#1102=CARTESIAN_POINT('Ctrl Pts',(12.5828898991011,-2.49967616749133,134.282857622705));
#1103=CARTESIAN_POINT('Ctrl Pts',(12.4417052732094,-2.49622383856647,134.13207382238));
#1104=CARTESIAN_POINT('Ctrl Pts',(12.3361679851306,-2.49356548003565,134.018658721301));
#1105=CARTESIAN_POINT('Ctrl Pts',(12.2309826335196,-2.49084778311997,133.904917183731));
#1106=CARTESIAN_POINT('Ctrl Pts',(12.0912057736045,-2.48715629212684,133.752827659637));
#1107=CARTESIAN_POINT('Ctrl Pts',(11.9173684685603,-2.48243422480462,133.561903902318));
#1108=CARTESIAN_POINT('Ctrl Pts',(11.7447154691116,-2.47760853089808,133.369904126366));
#1109=CARTESIAN_POINT('Ctrl Pts',(11.6073075898668,-2.4736987283432,133.215663017041));
#1110=CARTESIAN_POINT('Ctrl Pts',(11.5046099871299,-2.47074236906799,133.099662703865));
#1111=CARTESIAN_POINT('Ctrl Pts',(11.4022717549358,-2.46776174214089,132.98334409662));
#1112=CARTESIAN_POINT('Ctrl Pts',(11.2663014211983,-2.46375141964463,132.827829900893));
#1113=CARTESIAN_POINT('Ctrl Pts',(11.097242531433,-2.45866106703907,132.632647758188));
#1114=CARTESIAN_POINT('Ctrl Pts',(10.9293969375633,-2.45341665329944,132.436422216731));
#1115=CARTESIAN_POINT('Ctrl Pts',(10.7958535319377,-2.4490778388396,132.278821738932));
#1116=CARTESIAN_POINT('Ctrl Pts',(10.696063864701,-2.44573512124519,132.160312980406));
#1117=CARTESIAN_POINT('Ctrl Pts',(10.5966434642173,-2.44228558492147,132.041497487192));
#1118=CARTESIAN_POINT('Ctrl Pts',(10.4645772220299,-2.43751560410314,131.882670224924));
#1119=CARTESIAN_POINT('Ctrl Pts',(10.3004249157149,-2.4311778997904,131.683378329335));
#1120=CARTESIAN_POINT('Ctrl Pts',(10.1375237440709,-2.42417747195343,131.483089215298));
#1121=CARTESIAN_POINT('Ctrl Pts',(10.0079600928971,-2.41808274515984,131.322268158544));
#1122=CARTESIAN_POINT('Ctrl Pts',(9.91116766666368,-2.41324321643757,131.201359701813));
#1123=CARTESIAN_POINT('Ctrl Pts',(9.81475721507718,-2.40811533664183,131.080160809414));
#1124=CARTESIAN_POINT('Ctrl Pts',(9.6867213882751,-2.40087336171158,130.918177975212));
#1125=CARTESIAN_POINT('Ctrl Pts',(9.52763941055003,-2.39103362567736,130.714984194257));
#1126=CARTESIAN_POINT('Ctrl Pts',(9.36984948465411,-2.38015085494259,130.51084881933));
#1127=CARTESIAN_POINT('Ctrl Pts',(9.24439648052126,-2.37086043133457,130.346981292884));
#1128=CARTESIAN_POINT('Ctrl Pts',(9.1506969084451,-2.36361439393743,130.223802203239));
#1129=CARTESIAN_POINT('Ctrl Pts',(9.05738817456935,-2.35610457961941,130.100345766314));
#1130=CARTESIAN_POINT('Ctrl Pts',(8.9334983500619,-2.3457599764807,129.935368624015));
#1131=CARTESIAN_POINT('Ctrl Pts',(8.77961568954964,-2.3322456603836,129.728458316068));
#1132=CARTESIAN_POINT('Ctrl Pts',(8.6270416560336,-2.31805078311188,129.52063422682));
#1133=CARTESIAN_POINT('Ctrl Pts',(8.50576876964668,-2.30633958903116,129.35382902487));
#1134=CARTESIAN_POINT('Ctrl Pts',(8.38502048320171,-2.29440733647952,129.186660602715));
#1135=CARTESIAN_POINT('Ctrl Pts',(8.23506945760271,-2.27910660829856,128.977020416813));
#1136=CARTESIAN_POINT('Ctrl Pts',(8.08643307278606,-2.26336031132776,128.766478007884));
#1137=CARTESIAN_POINT('Ctrl Pts',(7.96831454888491,-2.2505310509918,128.597505756129));
#1138=CARTESIAN_POINT('Ctrl Pts',(7.85072386254199,-2.23755717733702,128.428175877164));
#1139=CARTESIAN_POINT('Ctrl Pts',(7.70472682057334,-2.22108738231342,128.215845556666));
#1140=CARTESIAN_POINT('Ctrl Pts',(7.56005630629169,-2.20432420089438,128.002632183172));
#1141=CARTESIAN_POINT('Ctrl Pts',(7.44511870669401,-2.1907594421914,127.831536290186));
#1142=CARTESIAN_POINT('Ctrl Pts',(7.33071460167672,-2.17709809176934,127.660091809765));
#1143=CARTESIAN_POINT('Ctrl Pts',(7.18871155168458,-2.15985164627692,127.44513549049));
#1144=CARTESIAN_POINT('Ctrl Pts',(7.04804922386989,-2.14240435073648,127.229319100287));
#1145=CARTESIAN_POINT('Ctrl Pts',(6.93632646689361,-2.12833818586029,127.0561543696));
#1146=CARTESIAN_POINT('Ctrl Pts',(6.8251426519401,-2.11420303683639,126.882650014346));
#1147=CARTESIAN_POINT('Ctrl Pts',(6.68717502592068,-2.09641051362531,126.665135492711));
#1148=CARTESIAN_POINT('Ctrl Pts',(6.55056125429124,-2.07846404738814,126.446782814867));
#1149=CARTESIAN_POINT('Ctrl Pts',(6.44208522994808,-2.06401709724627,126.271602313572));
#1150=CARTESIAN_POINT('Ctrl Pts',(6.3611364046678,-2.05313691111887,126.139968943538));
#1151=CARTESIAN_POINT('Ctrl Pts',(6.28059648108542,-2.04221141238512,126.008088788899));
#1152=CARTESIAN_POINT('Ctrl Pts',(6.17375610230988,-2.02758248016649,125.831921225651));
#1153=CARTESIAN_POINT('Ctrl Pts',(6.0412316096408,-2.0091779363415,125.611101218929));
#1154=CARTESIAN_POINT('Ctrl Pts',(5.91008043591753,-1.99060286553357,125.3894764451));
#1155=CARTESIAN_POINT('Ctrl Pts',(5.8059869745841,-1.97562863524149,125.211699936683));
#1156=CARTESIAN_POINT('Ctrl Pts',(5.72833154867635,-1.96433695130981,125.078130885208));
#1157=CARTESIAN_POINT('Ctrl Pts',(5.65109174333644,-1.95297993781786,124.94432688364));
#1158=CARTESIAN_POINT('Ctrl Pts',(5.54866082850895,-1.93774320426735,124.765610725043));
#1159=CARTESIAN_POINT('Ctrl Pts',(5.42166625651409,-1.91850677522995,124.541637396415));
#1160=CARTESIAN_POINT('Ctrl Pts',(5.29607093199971,-1.89896890198521,124.316906717362));
#1161=CARTESIAN_POINT('Ctrl Pts',(5.19643853554616,-1.88312008313281,124.136676161119));
#1162=CARTESIAN_POINT('Ctrl Pts',(5.12213723337799,-1.8711125436826,124.001282364255));
#1163=CARTESIAN_POINT('Ctrl Pts',(5.04826002674255,-1.85897150158305,123.865669900928));
#1164=CARTESIAN_POINT('Ctrl Pts',(4.95032409357093,-1.84258582183446,123.684564892163));
#1165=CARTESIAN_POINT('Ctrl Pts',(4.82897032037271,-1.82169402764475,123.457649071163));
#1166=CARTESIAN_POINT('Ctrl Pts',(4.70904716478455,-1.800130415244,123.230039526087));
#1167=CARTESIAN_POINT('Ctrl Pts',(4.61397329152869,-1.78238933310953,123.047549147874));
#1168=CARTESIAN_POINT('Ctrl Pts',(4.54310184619474,-1.76881690944514,122.910483611576));
#1169=CARTESIAN_POINT('Ctrl Pts',(4.47266592400102,-1.7549584434664,122.773223854169));
#1170=CARTESIAN_POINT('Ctrl Pts',(4.37933377408709,-1.73608228636111,122.589955984496));
#1171=CARTESIAN_POINT('Ctrl Pts',(4.26376305118756,-1.71172662469748,122.360399556868));
#1172=CARTESIAN_POINT('Ctrl Pts',(4.14965379930441,-1.68641138826728,122.130222789933));
#1173=CARTESIAN_POINT('Ctrl Pts',(4.05924154116571,-1.66567646515426,121.945707979562));
#1174=CARTESIAN_POINT('Ctrl Pts',(3.9918691480734,-1.64991315251695,121.807134091319));
#1175=CARTESIAN_POINT('Ctrl Pts',(3.92493275114766,-1.63396741234616,121.668371231395));
#1176=CARTESIAN_POINT('Ctrl Pts',(3.83626448494277,-1.61250200752972,121.483100425044));
#1177=CARTESIAN_POINT('Ctrl Pts',(3.72651525154444,-1.58535720853642,121.251033222727));
#1178=CARTESIAN_POINT('Ctrl Pts',(3.61821064200875,-1.55794989831356,121.018322024044));
#1179=CARTESIAN_POINT('Ctrl Pts',(3.53243304630281,-1.5359308569331,120.831765829134));
#1180=CARTESIAN_POINT('Ctrl Pts',(3.46853299725765,-1.51938063526359,120.691655392791));
#1181=CARTESIAN_POINT('Ctrl Pts',(3.40506628006602,-1.50280343971195,120.551352164046));
#1182=CARTESIAN_POINT('Ctrl Pts',(3.32102223365541,-1.48067189172486,120.364025268641));
#1183=CARTESIAN_POINT('Ctrl Pts',(3.21705244005803,-1.45296366693048,120.129389314027));
#1184=CARTESIAN_POINT('Ctrl Pts',(3.11453358247902,-1.42519830216414,119.894126157588));
#1185=CARTESIAN_POINT('Ctrl Pts',(3.03339209848788,-1.402934527654,119.705546598599));
#1186=CARTESIAN_POINT('Ctrl Pts',(2.97297364029137,-1.386203683393,119.563929505072));
#1187=CARTESIAN_POINT('Ctrl Pts',(2.91299366279241,-1.36943271765818,119.422132036963));
#1188=CARTESIAN_POINT('Ctrl Pts',(2.83360612109436,-1.34700688963471,119.232831087961));
#1189=CARTESIAN_POINT('Ctrl Pts',(2.7354720816095,-1.3188320596261,118.995764636167));
#1190=CARTESIAN_POINT('Ctrl Pts',(2.63881116965404,-1.29040155153945,118.758126804447));
#1191=CARTESIAN_POINT('Ctrl Pts',(2.5623701577473,-1.26745833277283,118.567684194928));
#1192=CARTESIAN_POINT('Ctrl Pts',(2.50548427052667,-1.25013899302736,118.424688917371));
#1193=CARTESIAN_POINT('Ctrl Pts',(2.44904428488884,-1.23269481802457,118.281533254209));
#1194=CARTESIAN_POINT('Ctrl Pts',(2.37438692461544,-1.20925123094238,118.090449336998));
#1195=CARTESIAN_POINT('Ctrl Pts',(2.28218533046233,-1.17956545220297,117.851209226556));
#1196=CARTESIAN_POINT('Ctrl Pts',(2.19148458047404,-1.14927346008179,117.61147815322));
#1197=CARTESIAN_POINT('Ctrl Pts',(2.11982888903701,-1.12461731208787,117.419413012762));
#1198=CARTESIAN_POINT('Ctrl Pts',(2.06654062767202,-1.10590024568942,117.275227619468));
#1199=CARTESIAN_POINT('Ctrl Pts',(2.01370687017888,-1.08694494603163,117.130909199476));
#1200=CARTESIAN_POINT('Ctrl Pts',(1.94386887591717,-1.06133928432641,116.93831121628));
#1201=CARTESIAN_POINT('Ctrl Pts',(1.85771138877628,-1.02868201004642,116.697245981671));
#1202=CARTESIAN_POINT('Ctrl Pts',(1.7730762846646,-0.995147858580359,116.455770255222));
#1203=CARTESIAN_POINT('Ctrl Pts',(1.7062822254664,-0.967830444139091,116.262349132106));
#1204=CARTESIAN_POINT('Ctrl Pts',(1.64009761003233,-0.940205633329467,116.068769272582));
#1205=CARTESIAN_POINT('Ctrl Pts',(1.55850895775252,-0.905136549512397,115.826497653476));
#1206=CARTESIAN_POINT('Ctrl Pts',(1.47843944480092,-0.869468435940633,115.583825668635));
#1207=CARTESIAN_POINT('Ctrl Pts',(1.41529245927441,-0.840648591443701,115.389442385449));
#1208=CARTESIAN_POINT('Ctrl Pts',(1.35275032063265,-0.811662440223557,115.194893380666));
#1209=CARTESIAN_POINT('Ctrl Pts',(1.2757050517267,-0.775162401665049,114.951392725034));
#1210=CARTESIAN_POINT('Ctrl Pts',(1.20016569718726,-0.738416382343644,114.707463486059));
#1211=CARTESIAN_POINT('Ctrl Pts',(1.14063569922845,-0.70893137055349,114.512057423742));
#1212=CARTESIAN_POINT('Ctrl Pts',(1.0817060867291,-0.67940503073941,114.31647442496));
#1213=CARTESIAN_POINT('Ctrl Pts',(1.00916863192966,-0.642452841236123,114.071660325172));
#1214=CARTESIAN_POINT('Ctrl Pts',(0.93812840454056,-0.605511506508777,113.826391249667));
#1215=CARTESIAN_POINT('Ctrl Pts',(0.882195050068016,-0.575974295018368,
113.62990386493));
#1216=CARTESIAN_POINT('Ctrl Pts',(0.840695020292722,-0.55382452251777,113.482404046119));
#1217=CARTESIAN_POINT('Ctrl Pts',(0.799645727931573,-0.531670775959952,
113.334772381726));
#1218=CARTESIAN_POINT('Ctrl Pts',(0.745515983452861,-0.502106520117673,
113.137760228155));
#1219=CARTESIAN_POINT('Ctrl Pts',(0.692293011864789,-0.472469800856312,
112.940503086754));
#1220=CARTESIAN_POINT('Ctrl Pts',(0.639986045549629,-0.442618163188234,
112.743036426823));
#1221=CARTESIAN_POINT('Ctrl Pts',(0.601217228865868,-0.420059018970186,
112.594845450774));
#1222=CARTESIAN_POINT('Ctrl Pts',(0.562913860561937,-0.397246358321647,
112.446580228718));
#1223=CARTESIAN_POINT('Ctrl Pts',(0.52508143941617,-0.374054677262703,112.298264113377));
#1224=CARTESIAN_POINT('Ctrl Pts',(0.487727290021208,-0.350304893002751,
112.149928859266));
#1225=CARTESIAN_POINT('Ctrl Pts',(0.450861328854419,-0.325749869776909,
112.001618348218));
#1226=CARTESIAN_POINT('Ctrl Pts',(0.41449110945952,-0.30019453139014,111.853369184911));
#1227=CARTESIAN_POINT('Ctrl Pts',(0.387584066322986,-0.280303677591364,
111.742228729943));
#1228=CARTESIAN_POINT('Ctrl Pts',(0.369798697439412,-0.26678735761727,111.668149182744));
#1229=CARTESIAN_POINT('Ctrl Pts',(0.357982383328543,-0.2577112385217,111.618766231801));
#1230=CARTESIAN_POINT('Ctrl Pts',(0.337410105341746,-0.241664453951492,
111.532354103313));
#1231=CARTESIAN_POINT('Ctrl Pts',(0.308323016240647,-0.218314107688406,
111.408925616328));
#1232=CARTESIAN_POINT('Ctrl Pts',(0.27963436602257,-0.194469890684753,111.285507390167));
#1233=CARTESIAN_POINT('Ctrl Pts',(0.256921213447258,-0.175114534649556,
111.186775724537));
#1234=CARTESIAN_POINT('Ctrl Pts',(0.240005222269833,-0.160456309283854,
111.112728952745));
#1235=CARTESIAN_POINT('Ctrl Pts',(0.223208290586518,-0.145651288052672,
111.038685571567));
#1236=CARTESIAN_POINT('Ctrl Pts',(0.2065309421213,-0.130688602215816,110.964648524516));
#1237=CARTESIAN_POINT('Ctrl Pts',(0.189974097316354,-0.115550421501516,
110.890622616165));
#1238=CARTESIAN_POINT('Ctrl Pts',(0.177648009228003,-0.104042807606144,
110.83511739472));
#1239=CARTESIAN_POINT('Ctrl Pts',(0.170151052506762,-0.096938334510229,
110.801206366877));
#1240=CARTESIAN_POINT('Ctrl Pts',(0.16742879990733,-0.0943465660969202,
110.788876167344));
#1241=CARTESIAN_POINT('Ctrl Pts',(0.163349343056491,-0.0904504205876058,
110.770381993977));
#1242=CARTESIAN_POINT('Ctrl Pts',(0.154531844777428,-0.0819612366271934,
110.730317782014));
#1243=CARTESIAN_POINT('Ctrl Pts',(0.145091846945395,-0.0726831874276467,
110.687191758653));
#1244=CARTESIAN_POINT('Ctrl Pts',(0.138047769332437,-0.0656155989977298,
110.65486511524));
#1245=CARTESIAN_POINT('Ctrl Pts',(0.136037771340183,-0.0635878539419578,
110.645630356451));
#1246=CARTESIAN_POINT('Ctrl Pts',(0.134698465852653,-0.0622337539399367,
110.639474235675));
#1247=CARTESIAN_POINT('Ctrl Pts',(0.132356506550948,-0.0598579987176551,
110.628702063553));
#1248=CARTESIAN_POINT('Ctrl Pts',(0.129016095223761,-0.0564460784129013,
110.61331636252));
#1249=CARTESIAN_POINT('Ctrl Pts',(0.125682770510749,-0.0530083143038275,
110.59793527826));
#1250=CARTESIAN_POINT('Ctrl Pts',(0.123020429906346,-0.0502413109546643,
110.585633511396));
#1251=CARTESIAN_POINT('Ctrl Pts',(0.121358282041658,-0.0485046500756111,
110.577946274454));
#1252=CARTESIAN_POINT('Ctrl Pts',(0.120029663192084,-0.0471107588049156,
110.571797356437));
#1253=CARTESIAN_POINT('Ctrl Pts',(0.118701780884041,-0.0457137605773034,
110.565649036992));
#1254=CARTESIAN_POINT('Ctrl Pts',(0.117375008433474,-0.0443120096719414,
110.559501640166));
#1255=CARTESIAN_POINT('Ctrl Pts',(0.116049358854471,-0.0429052723268592,
110.553355229538));
#1256=CARTESIAN_POINT('Ctrl Pts',(0.115055686080122,-0.0418476728495631,
110.548745929232));
#1257=CARTESIAN_POINT('Ctrl Pts',(0.114062581176572,-0.0407874652899249,
110.544137153496));
#1258=CARTESIAN_POINT('Ctrl Pts',(0.113235469856263,-0.039901734592284,
110.540296958234));
#1259=CARTESIAN_POINT('Ctrl Pts',(0.112574068417063,-0.039191780812996,
110.537225082282));
#1260=CARTESIAN_POINT('Ctrl Pts',(0.111912859328839,-0.0384809035193739,
110.534153396131));
#1261=CARTESIAN_POINT('Ctrl Pts',(0.11133455449849,-0.0378576620792378,
110.531465923106));
#1262=CARTESIAN_POINT('Ctrl Pts',(0.110839046970114,-0.0373225542059018,
110.529162562472));
#1263=CARTESIAN_POINT('Ctrl Pts',(0.110508757290995,-0.0369655744514227,
110.527627039023));
#1264=CARTESIAN_POINT('Ctrl Pts',(0.110178540696453,-0.0366082315885122,
110.526091591403));
#1265=CARTESIAN_POINT('Ctrl Pts',(0.109848397561322,-0.0362505191112245,
110.524556221433));
#1266=CARTESIAN_POINT('Ctrl Pts',(0.109642088715327,-0.0360267946374129,
110.523596647585));
#1267=CARTESIAN_POINT('Ctrl Pts',(0.109477060101569,-0.0358477210236438,
110.522829008396));
#1268=CARTESIAN_POINT('Ctrl Pts',(0.109353297791442,-0.0357133699787584,
110.522253288557));
#1269=CARTESIAN_POINT('Ctrl Pts',(0.109250170365981,-0.0356013695096545,
110.521773530991));
#1270=CARTESIAN_POINT('Ctrl Pts',(0.109177984994863,-0.0355229516907852,
110.521437704018));
#1271=CARTESIAN_POINT('Ctrl Pts',(0.109141893573139,-0.0354837339018397,
110.521269792851));
#1272=CARTESIAN_POINT('Ctrl Pts',(0.109121269826422,-0.0354613276282783,
110.521173842152));
#1273=CARTESIAN_POINT('Ctrl Pts',(0.098552181927313,-0.0239705134840418,
110.472001558654));
#1274=CARTESIAN_POINT('Ctrl Pts',(0.0854625244582981,-0.00915626802105261,
110.410649226607));
#1275=CARTESIAN_POINT('Ctrl Pts',(0.0649256531216349,0.0182302299552641,
110.313505559788));
#1276=CARTESIAN_POINT('Ctrl Pts',(0.0548166471739243,0.0332543287911831,
110.265333435146));
#1277=CARTESIAN_POINT('Ctrl Pts',(0.0473034008193896,0.0449507040860812,
110.229334313184));
#1278=CARTESIAN_POINT('Ctrl Pts',(49.818907651223,1.34813148758936,150.007569184217));
#1279=CARTESIAN_POINT('Ctrl Pts',(49.7048463895412,1.31605280462509,150.009420544907));
#1280=CARTESIAN_POINT('Ctrl Pts',(49.4982976037742,1.26485395941569,150.01209591437));
#1281=CARTESIAN_POINT('Ctrl Pts',(49.1879257069141,1.19247650042075,150.014264016112));
#1282=CARTESIAN_POINT('Ctrl Pts',(48.8817071175636,1.12480204620192,150.014493290051));
#1283=CARTESIAN_POINT('Ctrl Pts',(48.575410012054,1.05903928320621,150.012870514167));
#1284=CARTESIAN_POINT('Ctrl Pts',(48.2700952715109,0.995173733331382,150.009377148149));
#1285=CARTESIAN_POINT('Ctrl Pts',(47.9649658858399,0.932539366295432,150.004030556517));
#1286=CARTESIAN_POINT('Ctrl Pts',(47.6601716799373,0.871002110993655,149.996828029116));
#1287=CARTESIAN_POINT('Ctrl Pts',(47.3555169153992,0.810332630625032,149.987772732787));
#1288=CARTESIAN_POINT('Ctrl Pts',(47.0509948840965,0.750425097406783,149.976863387965));
#1289=CARTESIAN_POINT('Ctrl Pts',(46.7465429551041,0.691173631265043,149.964099331519));
#1290=CARTESIAN_POINT('Ctrl Pts',(46.442139362178,0.632508742480028,149.949478622746));
#1291=CARTESIAN_POINT('Ctrl Pts',(46.1377556822558,0.574370949538657,149.932999042837));
#1292=CARTESIAN_POINT('Ctrl Pts',(45.8333772753944,0.516715991088934,149.91465797028));
#1293=CARTESIAN_POINT('Ctrl Pts',(45.5290029015634,0.45950994444661,149.894453315778));
#1294=CARTESIAN_POINT('Ctrl Pts',(45.2246548122388,0.402730166882794,149.872384470251));
#1295=CARTESIAN_POINT('Ctrl Pts',(44.9203562695561,0.346359297067746,149.848451325246));
#1296=CARTESIAN_POINT('Ctrl Pts',(44.616130079934,0.290384236247449,149.822654070969));
#1297=CARTESIAN_POINT('Ctrl Pts',(44.3119977134181,0.234795204415432,149.794993139971));
#1298=CARTESIAN_POINT('Ctrl Pts',(44.0079788749468,0.179585168260623,149.765469103159));
#1299=CARTESIAN_POINT('Ctrl Pts',(43.7040912331361,0.124749369522707,149.734082593966));
#1300=CARTESIAN_POINT('Ctrl Pts',(43.4003503570583,0.0702850038279217,149.700834234206));
#1301=CARTESIAN_POINT('Ctrl Pts',(43.0967697689402,0.0161909772962803,149.665724576642));
#1302=CARTESIAN_POINT('Ctrl Pts',(42.7933610963881,-0.0375322657929215,
149.62875405961));
#1303=CARTESIAN_POINT('Ctrl Pts',(42.4901342856433,-0.0908828708120382,
149.589922976226));
#1304=CARTESIAN_POINT('Ctrl Pts',(42.1870978557511,-0.143857667806628,149.549231456575));
#1305=CARTESIAN_POINT('Ctrl Pts',(41.8842591732581,-0.196452247428492,149.506679462371));
#1306=CARTESIAN_POINT('Ctrl Pts',(41.581624733299,-0.248661027499072,149.462266792617));
#1307=CARTESIAN_POINT('Ctrl Pts',(41.2792004368165,-0.300477319266456,149.415993099004));
#1308=CARTESIAN_POINT('Ctrl Pts',(40.9769918548475,-0.351893401321575,149.367857909656));
#1309=CARTESIAN_POINT('Ctrl Pts',(40.6750044793516,-0.402900607858161,149.317860659977));
#1310=CARTESIAN_POINT('Ctrl Pts',(40.3732439488585,-0.453489438917064,149.266000729586));
#1311=CARTESIAN_POINT('Ctrl Pts',(40.0717162703825,-0.503649695977844,149.212277484395));
#1312=CARTESIAN_POINT('Ctrl Pts',(39.7704279879311,-0.553370654206762,149.156690323407));
#1313=CARTESIAN_POINT('Ctrl Pts',(39.4693864154694,-0.602641261850307,149.099238729264));
#1314=CARTESIAN_POINT('Ctrl Pts',(39.1685996673711,-0.651450401813643,149.039922323204));
#1315=CARTESIAN_POINT('Ctrl Pts',(38.8680771061599,-0.699787142745559,148.978740921359));
#1316=CARTESIAN_POINT('Ctrl Pts',(38.5678287800831,-0.74764114832986,148.915694597472));
#1317=CARTESIAN_POINT('Ctrl Pts',(38.2678671396174,-0.795002847527262,148.850783737224));
#1318=CARTESIAN_POINT('Ctrl Pts',(37.9682034416242,-0.841864261642685,148.78400911369));
#1319=CARTESIAN_POINT('Ctrl Pts',(37.6688563337137,-0.888218388335977,148.715371909191));
#1320=CARTESIAN_POINT('Ctrl Pts',(37.3698322678899,-0.934061935353142,148.644873847066));
#1321=CARTESIAN_POINT('Ctrl Pts',(37.0711708225109,-0.979390282414615,148.572517045767));
#1322=CARTESIAN_POINT('Ctrl Pts',(36.7728391546621,-1.02421037473342,148.498304475939));
#1323=CARTESIAN_POINT('Ctrl Pts',(36.474917934246,-1.06851886758571,148.422239553966));
#1324=CARTESIAN_POINT('Ctrl Pts',(36.1774007908741,-1.11232586539729,148.344325893077));
#1325=CARTESIAN_POINT('Ctrl Pts',(35.8803103042992,-1.15564157391069,148.264568183815));
#1326=CARTESIAN_POINT('Ctrl Pts',(35.5836663451717,-1.19847876813279,148.182970510317));
#1327=CARTESIAN_POINT('Ctrl Pts',(35.2874858478505,-1.24085134752775,148.09953664778));
#1328=CARTESIAN_POINT('Ctrl Pts',(34.9917848465252,-1.28277364680149,148.014270225988));
#1329=CARTESIAN_POINT('Ctrl Pts',(34.6965778451919,-1.32425989667168,147.927174666717));
#1330=CARTESIAN_POINT('Ctrl Pts',(34.4018783351281,-1.36532377697881,147.838253220473));
#1331=CARTESIAN_POINT('Ctrl Pts',(34.1076988211029,-1.40597808731426,147.747508972523));
#1332=CARTESIAN_POINT('Ctrl Pts',(33.8140510432251,-1.44623450801204,147.654944867037));
#1333=CARTESIAN_POINT('Ctrl Pts',(33.5209460951186,-1.48610344036131,147.560563725775));
#1334=CARTESIAN_POINT('Ctrl Pts',(33.2283945437495,-1.5255939085596,147.464368264675));
#1335=CARTESIAN_POINT('Ctrl Pts',(32.9364065522477,-1.56471350423573,147.366361115005));
#1336=CARTESIAN_POINT('Ctrl Pts',(32.6449918998762,-1.60346837005332,147.266544823524));
#1337=CARTESIAN_POINT('Ctrl Pts',(32.354160198815,-1.64186318636378,147.164921893729));
#1338=CARTESIAN_POINT('Ctrl Pts',(32.0639206085377,-1.67990120842838,147.061494724209));
#1339=CARTESIAN_POINT('Ctrl Pts',(31.7742826829283,-1.71758421511997,146.956265778343));
#1340=CARTESIAN_POINT('Ctrl Pts',(31.4852545926885,-1.75491266609456,146.849237216661));
#1341=CARTESIAN_POINT('Ctrl Pts',(31.1968474111571,-1.79188536284438,146.740411768015));
#1342=CARTESIAN_POINT('Ctrl Pts',(30.9090654230838,-1.82850022419448,146.629790741672));
#1343=CARTESIAN_POINT('Ctrl Pts',(30.653833496255,-1.86072436429494,146.529869015944));
#1344=CARTESIAN_POINT('Ctrl Pts',(30.4309029475147,-1.88868410077261,146.441272576015));
#1345=CARTESIAN_POINT('Ctrl Pts',(30.2401121054684,-1.91248407164522,146.36453814213));
#1346=CARTESIAN_POINT('Ctrl Pts',(30.0496115727003,-1.93611663209165,146.287008698114));
#1347=CARTESIAN_POINT('Ctrl Pts',(29.8594050170972,-1.9595790708105,146.208685062669));
#1348=CARTESIAN_POINT('Ctrl Pts',(29.6694935305178,-1.98286853544801,146.129567465241));
#1349=CARTESIAN_POINT('Ctrl Pts',(29.4798798605633,-2.00598169619332,146.049656544978));
#1350=CARTESIAN_POINT('Ctrl Pts',(29.2905647085465,-2.02891493957897,145.968952278911));
#1351=CARTESIAN_POINT('Ctrl Pts',(29.1015525825659,-2.0516640673715,145.887455889896));
#1352=CARTESIAN_POINT('Ctrl Pts',(28.9128393506371,-2.07422480364654,145.805165641484));
#1353=CARTESIAN_POINT('Ctrl Pts',(28.7244405024876,-2.09659154958341,145.72208643865));
#1354=CARTESIAN_POINT('Ctrl Pts',(28.5363268659933,-2.11876058478584,145.638208127732));
#1355=CARTESIAN_POINT('Ctrl Pts',(28.3485401632209,-2.14072545465496,145.553544990781));
#1356=CARTESIAN_POINT('Ctrl Pts',(28.1610666852085,-2.16248173655475,145.46809182505));
#1357=CARTESIAN_POINT('Ctrl Pts',(27.9739097369658,-2.18402446994646,145.381849679057));
#1358=CARTESIAN_POINT('Ctrl Pts',(27.7870728068349,-2.20534863227128,145.294819532133));
#1359=CARTESIAN_POINT('Ctrl Pts',(27.6005590045295,-2.22644923318128,145.20700231019));
#1360=CARTESIAN_POINT('Ctrl Pts',(27.4143716191148,-2.24732125827473,145.118398977178));
#1361=CARTESIAN_POINT('Ctrl Pts',(27.2285139656472,-2.26795970548098,145.029010560877));
#1362=CARTESIAN_POINT('Ctrl Pts',(27.0429892636877,-2.28835955858757,144.938838005747));
#1363=CARTESIAN_POINT('Ctrl Pts',(26.8578011436487,-2.30851584963199,144.847882562663));
#1364=CARTESIAN_POINT('Ctrl Pts',(26.6729531789004,-2.32842356912563,144.756145286675));
#1365=CARTESIAN_POINT('Ctrl Pts',(26.4884324309072,-2.34807752865554,144.663619026427));
#1366=CARTESIAN_POINT('Ctrl Pts',(26.3042797886528,-2.36747366021677,144.570324490668));
#1367=CARTESIAN_POINT('Ctrl Pts',(26.1204676621114,-2.38660639457076,144.476246357497));
#1368=CARTESIAN_POINT('Ctrl Pts',(25.9370130370605,-2.40547136735848,144.381393015798));
#1369=CARTESIAN_POINT('Ctrl Pts',(25.7539139970615,-2.42406387389572,144.285762824495));
#1370=CARTESIAN_POINT('Ctrl Pts',(25.5711769274071,-2.44237958093139,144.189358579515));
#1371=CARTESIAN_POINT('Ctrl Pts',(25.3888047875784,-2.46041427661476,144.092181281995));
#1372=CARTESIAN_POINT('Ctrl Pts',(25.206802210436,-2.47816404525275,143.994232853583));
#1373=CARTESIAN_POINT('Ctrl Pts',(25.0251733254147,-2.49562526835104,143.895514983759));
#1374=CARTESIAN_POINT('Ctrl Pts',(24.8439227301043,-2.5127947117178,143.796029651789));
#1375=CARTESIAN_POINT('Ctrl Pts',(24.6630551016334,-2.52966958716634,143.695778926262));
#1376=CARTESIAN_POINT('Ctrl Pts',(24.4825753977575,-2.54624763783744,143.59476507899));
#1377=CARTESIAN_POINT('Ctrl Pts',(24.302488803998,-2.56252722659468,143.492990564816));
#1378=CARTESIAN_POINT('Ctrl Pts',(24.1228007911594,-2.57850743681444,143.390458061056));
#1379=CARTESIAN_POINT('Ctrl Pts',(23.9435171249015,-2.59418818160341,143.287170482441));
#1380=CARTESIAN_POINT('Ctrl Pts',(23.7646438945953,-2.6095703228347,143.183131007268));
#1381=CARTESIAN_POINT('Ctrl Pts',(23.5861875312361,-2.62465579829333,143.078343098664));
#1382=CARTESIAN_POINT('Ctrl Pts',(23.4081548249166,-2.63944775619027,142.972810526327));
#1383=CARTESIAN_POINT('Ctrl Pts',(23.2305529367572,-2.65395069401547,142.866537386026));
#1384=CARTESIAN_POINT('Ctrl Pts',(23.0533894009716,-2.66817060071717,142.759528113854));
#1385=CARTESIAN_POINT('Ctrl Pts',(22.8766721249615,-2.68211509411389,142.651787499952));
#1386=CARTESIAN_POINT('Ctrl Pts',(22.7004093599697,-2.69579355859134,142.543320684551));
#1387=CARTESIAN_POINT('Ctrl Pts',(22.5246096990006,-2.70921725461523,142.434133170663));
#1388=CARTESIAN_POINT('Ctrl Pts',(22.3492819628639,-2.72239944596907,142.324230767802));
#1389=CARTESIAN_POINT('Ctrl Pts',(22.1744352916796,-2.73535541606051,142.21361966053));
#1390=CARTESIAN_POINT('Ctrl Pts',(22.0000786490141,-2.74810264492338,142.102306114563));
#1391=CARTESIAN_POINT('Ctrl Pts',(21.8262139583107,-2.76065644506945,141.990291849216));
#1392=CARTESIAN_POINT('Ctrl Pts',(21.6528429239247,-2.77303108023341,141.877578441962));
#1393=CARTESIAN_POINT('Ctrl Pts',(21.4799667019281,-2.78523977840437,141.764167111701));
#1394=CARTESIAN_POINT('Ctrl Pts',(21.3075860752243,-2.79729454778625,141.650058812218));
#1395=CARTESIAN_POINT('Ctrl Pts',(21.1357014320113,-2.80920609911632,141.535254207481));
#1396=CARTESIAN_POINT('Ctrl Pts',(20.9643128335299,-2.82098374630059,141.419753703183));
#1397=CARTESIAN_POINT('Ctrl Pts',(20.7934200462929,-2.83263534100346,141.303557458361));
#1398=CARTESIAN_POINT('Ctrl Pts',(20.623022590992,-2.84416721678288,141.186665408846));
#1399=CARTESIAN_POINT('Ctrl Pts',(20.4531197838842,-2.85558415236069,141.069077287687));
#1400=CARTESIAN_POINT('Ctrl Pts',(20.283710779648,-2.8668893483687,140.950792647867));
#1401=CARTESIAN_POINT('Ctrl Pts',(20.1147946106153,-2.87808441809991,140.831810884113));
#1402=CARTESIAN_POINT('Ctrl Pts',(19.9463702234669,-2.88916938972839,140.712131254149));
#1403=CARTESIAN_POINT('Ctrl Pts',(19.7784365123729,-2.90014271869811,140.591752898913));
#1404=CARTESIAN_POINT('Ctrl Pts',(19.6109923479415,-2.91100130798839,140.470674860393));
#1405=CARTESIAN_POINT('Ctrl Pts',(19.4440366031513,-2.92174053508111,140.348896099428));
#1406=CARTESIAN_POINT('Ctrl Pts',(19.2775681727844,-2.93235428226557,140.226415506969));
#1407=CARTESIAN_POINT('Ctrl Pts',(19.111585994473,-2.94283497189929,140.103231923281));
#1408=CARTESIAN_POINT('Ctrl Pts',(18.9460890528302,-2.95317359700927,139.979344131226));
#1409=CARTESIAN_POINT('Ctrl Pts',(18.7810764101169,-2.96335976382713,139.854750901759));
#1410=CARTESIAN_POINT('Ctrl Pts',(18.6165471633942,-2.97338170260089,139.729450910728));
#1411=CARTESIAN_POINT('Ctrl Pts',(18.452500570188,-2.98322634202327,139.603442952855));
#1412=CARTESIAN_POINT('Ctrl Pts',(18.2889359175244,-2.9928792142939,139.476725572024));
#1413=CARTESIAN_POINT('Ctrl Pts',(18.1258530385397,-3.0023247307524,139.349298089137));
#1414=CARTESIAN_POINT('Ctrl Pts',(17.9632510809144,-3.01154559384689,139.221158209783));
#1415=CARTESIAN_POINT('Ctrl Pts',(17.8011313177781,-3.02052417920471,139.092307537329));
#1416=CARTESIAN_POINT('Ctrl Pts',(17.6394906058819,-3.02923933198688,138.962738799938));
#1417=CARTESIAN_POINT('Ctrl Pts',(17.4783364837764,-3.0376737390397,138.832465385004));
#1418=CARTESIAN_POINT('Ctrl Pts',(17.3176518776962,-3.04579662001152,138.701452313144));
#1419=CARTESIAN_POINT('Ctrl Pts',(17.157457336764,-3.05359491751802,138.569739860949));
#1420=CARTESIAN_POINT('Ctrl Pts',(16.9977445935833,-3.06103835750918,138.437307988019));
#1421=CARTESIAN_POINT('Ctrl Pts',(16.8385148872888,-3.06810080716602,138.304156752005));
#1422=CARTESIAN_POINT('Ctrl Pts',(16.6797790617551,-3.07476286208101,138.170294069277));
#1423=CARTESIAN_POINT('Ctrl Pts',(16.5215465686471,-3.08100738803422,138.035726879586));
#1424=CARTESIAN_POINT('Ctrl Pts',(16.3638272171392,-3.08681980374111,137.900462539098));
#1425=CARTESIAN_POINT('Ctrl Pts',(16.2066304203908,-3.09218791393672,137.764508373757));
#1426=CARTESIAN_POINT('Ctrl Pts',(16.0499654943356,-3.09710173453829,137.62787151837));
#1427=CARTESIAN_POINT('Ctrl Pts',(15.8938414950781,-3.10155374510581,137.490559712577));
#1428=CARTESIAN_POINT('Ctrl Pts',(15.7382674674041,-3.10553838432671,137.352580326165));
#1429=CARTESIAN_POINT('Ctrl Pts',(15.5832479827849,-3.10904403729984,137.213917032002));
#1430=CARTESIAN_POINT('Ctrl Pts',(15.4287998201599,-3.11208824050705,137.074631426184));
#1431=CARTESIAN_POINT('Ctrl Pts',(15.2749244269874,-3.1146553938637,136.934684916586));
#1432=CARTESIAN_POINT('Ctrl Pts',(15.1216325199918,-3.1167547360546,136.794104107764));
#1433=CARTESIAN_POINT('Ctrl Pts',(14.9689305192047,-3.11838754303183,136.652887621662));
#1434=CARTESIAN_POINT('Ctrl Pts',(14.8168263673928,-3.11956116994275,136.511046123596));
#1435=CARTESIAN_POINT('Ctrl Pts',(14.6653270132822,-3.12028285044071,136.368584736395));
#1436=CARTESIAN_POINT('Ctrl Pts',(14.5144395505506,-3.12056259328696,136.22551132043));
#1437=CARTESIAN_POINT('Ctrl Pts',(14.3641706672347,-3.12041139454728,136.081831327549));
#1438=CARTESIAN_POINT('Ctrl Pts',(14.21452709312,-3.11984328186137,135.937553658542));
#1439=CARTESIAN_POINT('Ctrl Pts',(14.040679631992,-3.11870940970936,135.768533424038));
#1440=CARTESIAN_POINT('Ctrl Pts',(13.8430619270667,-3.11678344085593,135.574424523333));
#1441=CARTESIAN_POINT('Ctrl Pts',(13.6221981706293,-3.11381252216774,135.354747110075));
#1442=CARTESIAN_POINT('Ctrl Pts',(13.4028121939917,-3.11012162367022,135.133806940975));
#1443=CARTESIAN_POINT('Ctrl Pts',(13.1849254746951,-3.10580049349037,134.911623967085));
#1444=CARTESIAN_POINT('Ctrl Pts',(12.9685589211144,-3.10095472767176,134.6882305965));
#1445=CARTESIAN_POINT('Ctrl Pts',(12.7537393189522,-3.09571220490432,134.463655162555));
#1446=CARTESIAN_POINT('Ctrl Pts',(12.5760156754924,-3.0911118785787,134.275545172124));
#1447=CARTESIAN_POINT('Ctrl Pts',(12.4345937620784,-3.08732254489613,134.124442425604));
#1448=CARTESIAN_POINT('Ctrl Pts',(12.3289081966859,-3.08443780334992,134.010818977024));
#1449=CARTESIAN_POINT('Ctrl Pts',(12.2235996826327,-3.08151770834024,133.896896112065));
#1450=CARTESIAN_POINT('Ctrl Pts',(12.0836870919149,-3.07758282649758,133.744589213406));
#1451=CARTESIAN_POINT('Ctrl Pts',(11.9097391543598,-3.07261019720415,133.553476592037));
#1452=CARTESIAN_POINT('Ctrl Pts',(11.7370085578748,-3.06756898842875,133.361304644002));
#1453=CARTESIAN_POINT('Ctrl Pts',(11.5995483666232,-3.0634949705331,133.206933693789));
#1454=CARTESIAN_POINT('Ctrl Pts',(11.4968139403879,-3.06041631699441,133.090842107546));
#1455=CARTESIAN_POINT('Ctrl Pts',(11.3944353700264,-3.05730694422968,132.974425145942));
#1456=CARTESIAN_POINT('Ctrl Pts',(11.2583984251407,-3.05310968821832,132.818765250406));
#1457=CARTESIAN_POINT('Ctrl Pts',(11.0892290140781,-3.04774398849532,132.623377374789));
#1458=CARTESIAN_POINT('Ctrl Pts',(10.9211874667678,-3.04211604904967,132.426847106124));
#1459=CARTESIAN_POINT('Ctrl Pts',(10.7874158651669,-3.03736331637703,132.268891432923));
#1460=CARTESIAN_POINT('Ctrl Pts',(10.6874115606034,-3.0336534067833,132.150066796131));
#1461=CARTESIAN_POINT('Ctrl Pts',(10.5877324924914,-3.02976777892836,132.030872849893));
#1462=CARTESIAN_POINT('Ctrl Pts',(10.4552514227803,-3.02431751653465,131.871452134569));
#1463=CARTESIAN_POINT('Ctrl Pts',(10.2904464919772,-3.01693255446538,131.671262755651));
#1464=CARTESIAN_POINT('Ctrl Pts',(10.1267045939873,-3.00858695483285,131.469825733992));
#1465=CARTESIAN_POINT('Ctrl Pts',(9.9963830219757,-3.00122653877886,131.307917434802));
#1466=CARTESIAN_POINT('Ctrl Pts',(9.89897815954427,-2.99535848890935,131.186134945429));
#1467=CARTESIAN_POINT('Ctrl Pts',(9.80192362839439,-2.98912605837147,131.064005766854));
#1468=CARTESIAN_POINT('Ctrl Pts',(9.67299789635228,-2.98032793211395,130.900723883705));
#1469=CARTESIAN_POINT('Ctrl Pts',(9.51278556031824,-2.96847663625846,130.695903203645));
#1470=CARTESIAN_POINT('Ctrl Pts',(9.35394523777717,-2.95560706966438,130.490209163253));
#1471=CARTESIAN_POINT('Ctrl Pts',(9.22773814879297,-2.94477388603729,130.325144753277));
#1472=CARTESIAN_POINT('Ctrl Pts',(9.13351093744155,-2.93640709789378,130.201112041386));
#1473=CARTESIAN_POINT('Ctrl Pts',(9.03971440587108,-2.92781702244262,130.076847990778));
#1474=CARTESIAN_POINT('Ctrl Pts',(8.91523021052942,-2.91608419281674,129.910848312357));
#1475=CARTESIAN_POINT('Ctrl Pts',(8.76068716837814,-2.90095647448738,129.702805308975));
#1476=CARTESIAN_POINT('Ctrl Pts',(8.60757409361823,-2.88527979318608,129.493981551513));
#1477=CARTESIAN_POINT('Ctrl Pts',(8.48594045110046,-2.87244723983953,129.326430351916));
#1478=CARTESIAN_POINT('Ctrl Pts',(8.36487149047833,-2.85943833175899,129.158559939044));
#1479=CARTESIAN_POINT('Ctrl Pts',(8.21457584986308,-2.84288497597743,128.948149573619));
#1480=CARTESIAN_POINT('Ctrl Pts',(8.06567386673423,-2.82597733995977,128.736926377267));
#1481=CARTESIAN_POINT('Ctrl Pts',(7.94738795627341,-2.81225987185537,128.567440428992));
#1482=CARTESIAN_POINT('Ctrl Pts',(7.82965502736546,-2.79842635060494,128.397624795385));
#1483=CARTESIAN_POINT('Ctrl Pts',(7.68351391295795,-2.78094211746612,128.184760038967));
#1484=CARTESIAN_POINT('Ctrl Pts',(7.53874773582249,-2.76321954622432,127.971067524788));
#1485=CARTESIAN_POINT('Ctrl Pts',(7.42376214412131,-2.74890897235333,127.799601980163));
#1486=CARTESIAN_POINT('Ctrl Pts',(7.3093241763125,-2.73451910034726,127.62780784092));
#1487=CARTESIAN_POINT('Ctrl Pts',(7.16730361105203,-2.71638973340442,127.412444385326));
#1488=CARTESIAN_POINT('Ctrl Pts',(7.02663543589719,-2.69810766965443,127.196306681685));
#1489=CARTESIAN_POINT('Ctrl Pts',(6.91493356403613,-2.683369639311,127.022860250283));
#1490=CARTESIAN_POINT('Ctrl Pts',(6.80377763878895,-2.66856946137574,126.849086127179));
#1491=CARTESIAN_POINT('Ctrl Pts',(6.66584853027902,-2.64996534996116,126.631280222908));
#1492=CARTESIAN_POINT('Ctrl Pts',(6.52928401981387,-2.63120615560185,126.412649060343));
#1493=CARTESIAN_POINT('Ctrl Pts',(6.4208593455424,-2.61609027781688,126.237222245351));
#1494=CARTESIAN_POINT('Ctrl Pts',(6.33994928312818,-2.60470290661553,126.105406038469));
#1495=CARTESIAN_POINT('Ctrl Pts',(6.25944835998851,-2.5932619338893,125.973341683681));
#1496=CARTESIAN_POINT('Ctrl Pts',(6.15266008191197,-2.57793102112763,125.796922683913));
#1497=CARTESIAN_POINT('Ctrl Pts',(6.02018526293942,-2.55863069954485,125.575810410427));
#1498=CARTESIAN_POINT('Ctrl Pts',(5.88907305303365,-2.53910349906032,125.353872362745));
#1499=CARTESIAN_POINT('Ctrl Pts',(5.78501457999312,-2.52331082769275,125.175800204148));
#1500=CARTESIAN_POINT('Ctrl Pts',(5.70737903039577,-2.51138028039663,125.04200018494));
#1501=CARTESIAN_POINT('Ctrl Pts',(5.63015300332735,-2.49935489569401,124.907952082187));
#1502=CARTESIAN_POINT('Ctrl Pts',(5.52773215549821,-2.48318116726686,124.72888756987));
#1503=CARTESIAN_POINT('Ctrl Pts',(5.40070867912553,-2.46269556476841,124.504469856824));
#1504=CARTESIAN_POINT('Ctrl Pts',(5.27504533783871,-2.44174889003766,124.279220452837));
#1505=CARTESIAN_POINT('Ctrl Pts',(5.17535404841874,-2.4246326425378,124.098485707904));
#1506=CARTESIAN_POINT('Ctrl Pts',(5.10099118657729,-2.41160553839875,123.962682803067));
#1507=CARTESIAN_POINT('Ctrl Pts',(5.02703546392847,-2.3983656314769,123.826623627411));
#1508=CARTESIAN_POINT('Ctrl Pts',(4.92897216325353,-2.38039386677702,123.644863602585));
#1509=CARTESIAN_POINT('Ctrl Pts',(4.80736869962249,-2.35729554134066,123.417054534868));
#1510=CARTESIAN_POINT('Ctrl Pts',(4.68711140299988,-2.3331208022383,123.188367258421));
#1511=CARTESIAN_POINT('Ctrl Pts',(4.59176265989193,-2.3129963151754,123.004860000706));
#1512=CARTESIAN_POINT('Ctrl Pts',(4.52066219394852,-2.29750932913888,122.866981854681));
#1513=CARTESIAN_POINT('Ctrl Pts',(4.4499821383302,-2.28162378714173,122.728868822198));
#1514=CARTESIAN_POINT('Ctrl Pts',(4.35632817405002,-2.25994551979455,122.544434354255));
#1515=CARTESIAN_POINT('Ctrl Pts',(4.24036911362651,-2.2320413777085,122.313457427478));
#1516=CARTESIAN_POINT('Ctrl Pts',(4.12590962918883,-2.20342011134371,122.082090497815));
#1517=CARTESIAN_POINT('Ctrl Pts',(4.03536764353739,-2.18025243038882,121.896729098531));
#1518=CARTESIAN_POINT('Ctrl Pts',(3.96793125610385,-2.16280606995731,121.757611956674));
#1519=CARTESIAN_POINT('Ctrl Pts',(3.90097550833354,-2.14531805103076,121.6183878807));
#1520=CARTESIAN_POINT('Ctrl Pts',(3.81233526905842,-2.12197740277791,121.432605914435));
#1521=CARTESIAN_POINT('Ctrl Pts',(3.70266776442434,-2.0928290155828,121.200116375309));
#1522=CARTESIAN_POINT('Ctrl Pts',(3.59453249217358,-2.06373362868538,120.967160079798));
#1523=CARTESIAN_POINT('Ctrl Pts',(3.50894912515918,-2.04047046422557,120.780454416996));
#1524=CARTESIAN_POINT('Ctrl Pts',(3.4452056354482,-2.02303290595935,120.640261254537));
#1525=CARTESIAN_POINT('Ctrl Pts',(3.38190449331534,-2.00559782311009,120.499895521136));
#1526=CARTESIAN_POINT('Ctrl Pts',(3.29809154454668,-1.9823416201459,120.312501138452));
#1527=CARTESIAN_POINT('Ctrl Pts',(3.19438985349148,-1.95324814222918,120.077826685807));
#1528=CARTESIAN_POINT('Ctrl Pts',(3.09213356874111,-1.92401983229828,119.842512999395));
#1529=CARTESIAN_POINT('Ctrl Pts',(3.0112153136475,-1.90047422783583,119.653843847543));
#1530=CARTESIAN_POINT('Ctrl Pts',(2.95095620066541,-1.88272774344557,119.512145438878));
#1531=CARTESIAN_POINT('Ctrl Pts',(2.89112898899325,-1.86488082643577,119.370249506638));
#1532=CARTESIAN_POINT('Ctrl Pts',(2.81193815962599,-1.84093113895054,119.18079018889));
#1533=CARTESIAN_POINT('Ctrl Pts',(2.71399555840366,-1.8106912037964,118.943503354924));
#1534=CARTESIAN_POINT('Ctrl Pts',(2.61749539805367,-1.77991957958626,118.705569575812));
#1535=CARTESIAN_POINT('Ctrl Pts',(2.54120074344551,-1.7548955720475,118.514815837266));
#1536=CARTESIAN_POINT('Ctrl Pts',(2.48441305895427,-1.73591563854633,118.371562757107));
#1537=CARTESIAN_POINT('Ctrl Pts',(2.42806275671273,-1.71670350775978,118.228122120525));
#1538=CARTESIAN_POINT('Ctrl Pts',(2.35351747139187,-1.69075035046121,118.036618865333));
#1539=CARTESIAN_POINT('Ctrl Pts',(2.26138281946444,-1.65765756120629,117.796816162053));
#1540=CARTESIAN_POINT('Ctrl Pts',(2.17072142354356,-1.62354160516871,117.556432444087));
#1541=CARTESIAN_POINT('Ctrl Pts',(2.09913512024462,-1.59555299605305,117.363772243937));
#1542=CARTESIAN_POINT('Ctrl Pts',(2.04589117869381,-1.57421627951112,117.219122208122));
#1543=CARTESIAN_POINT('Ctrl Pts',(1.99309967116063,-1.55252695993032,117.074323322824));
#1544=CARTESIAN_POINT('Ctrl Pts',(1.92332286987016,-1.52313053559596,116.881066067579));
#1545=CARTESIAN_POINT('Ctrl Pts',(1.83718402299739,-1.48555281716071,116.639202586711));
#1546=CARTESIAN_POINT('Ctrl Pts',(1.75260714583804,-1.44707385033904,116.397005485729));
#1547=CARTESIAN_POINT('Ctrl Pts',(1.6859376353633,-1.41587373526873,116.203063157927));
#1548=CARTESIAN_POINT('Ctrl Pts',(1.61989926111987,-1.38445130541083,116.009019271002));
#1549=CARTESIAN_POINT('Ctrl Pts',(1.53847704810486,-1.34485643627832,115.766309709753));
#1550=CARTESIAN_POINT('Ctrl Pts',(1.45863004090135,-1.30497124038043,115.523355697904));
#1551=CARTESIAN_POINT('Ctrl Pts',(1.39572918396017,-1.27295119603795,115.328818429128));
#1552=CARTESIAN_POINT('Ctrl Pts',(1.3334510278273,-1.24088797922688,115.134172139035));
#1553=CARTESIAN_POINT('Ctrl Pts',(1.25671898405854,-1.20078545600011,114.890672282512));
#1554=CARTESIAN_POINT('Ctrl Pts',(1.18152758561526,-1.16070671017544,114.646862454678));
#1555=CARTESIAN_POINT('Ctrl Pts',(1.12232486718773,-1.12868693987061,114.451600830284));
#1556=CARTESIAN_POINT('Ctrl Pts',(1.0637310524878,-1.0967104844902,114.256200487467));
#1557=CARTESIAN_POINT('Ctrl Pts',(0.991586527027556,-1.05687797813209,114.011703628485));
#1558=CARTESIAN_POINT('Ctrl Pts',(0.920943468489368,-1.01713382714122,113.766808917766));
#1559=CARTESIAN_POINT('Ctrl Pts',(0.865359427293091,-0.985262771654705,
113.57061263148));
#1560=CARTESIAN_POINT('Ctrl Pts',(0.824116544164221,-0.961290694142931,
113.423327515387));
#1561=CARTESIAN_POINT('Ctrl Pts',(0.783311721859266,-0.937205868625535,
113.275900710021));
#1562=CARTESIAN_POINT('Ctrl Pts',(0.729519180631478,-0.904842157782911,
113.079125845631));
#1563=CARTESIAN_POINT('Ctrl Pts',(0.676500950896199,-0.87200859422712,112.882077546997));
#1564=CARTESIAN_POINT('Ctrl Pts',(0.624476947913694,-0.838096211774407,
112.684653058531));
#1565=CARTESIAN_POINT('Ctrl Pts',(0.585876594261531,-0.811907540430247,
112.536404869228));
#1566=CARTESIAN_POINT('Ctrl Pts',(0.547718207496316,-0.784637181135249,
112.387947324096));
#1567=CARTESIAN_POINT('Ctrl Pts',(0.509984200819892,-0.755793170250688,
112.239250944074));
#1568=CARTESIAN_POINT('Ctrl Pts',(0.472681504107822,-0.724737169540845,
112.090281320285));
#1569=CARTESIAN_POINT('Ctrl Pts',(0.435805736668711,-0.690918916505589,
111.941067638199));
#1570=CARTESIAN_POINT('Ctrl Pts',(0.399443746455028,-0.65555334350494,111.791918771591));
#1571=CARTESIAN_POINT('Ctrl Pts',(0.372547198190382,-0.629056054112057,
111.680301095717));
#1572=CARTESIAN_POINT('Ctrl Pts',(0.354827178756269,-0.611477186374113,
111.605970269898));
#1573=CARTESIAN_POINT('Ctrl Pts',(0.343058778949885,-0.599780295265977,
111.556438908057));
#1574=CARTESIAN_POINT('Ctrl Pts',(0.322562452937944,-0.579367165872495,
111.469818005606));
#1575=CARTESIAN_POINT('Ctrl Pts',(0.293564211103991,-0.550299585416664,
111.346212906554));
#1576=CARTESIAN_POINT('Ctrl Pts',(0.26496910997813,-0.521109544429465,111.222714124874));
#1577=CARTESIAN_POINT('Ctrl Pts',(0.242381862239997,-0.497501898021962,
111.123934786308));
#1578=CARTESIAN_POINT('Ctrl Pts',(0.225549917520325,-0.479616745017891,
111.049860387625));
#1579=CARTESIAN_POINT('Ctrl Pts',(0.208851124914946,-0.461484004290295,
110.97578435067));
#1580=CARTESIAN_POINT('Ctrl Pts',(0.192272782379558,-0.443011164114238,
110.901701833629));
#1581=CARTESIAN_POINT('Ctrl Pts',(0.175809221997403,-0.424074652707908,
110.827606254492));
#1582=CARTESIAN_POINT('Ctrl Pts',(0.163541630003201,-0.409356765249228,
110.772014953656));
#1583=CARTESIAN_POINT('Ctrl Pts',(0.156085359997103,-0.400106558566968,
110.738032161564));
#1584=CARTESIAN_POINT('Ctrl Pts',(0.153378301155385,-0.396713359695717,
110.725673717037));
#1585=CARTESIAN_POINT('Ctrl Pts',(0.149320643203442,-0.391592961803015,
110.707135176758));
#1586=CARTESIAN_POINT('Ctrl Pts',(0.140545640980917,-0.380326378577277,
110.666963447788));
#1587=CARTESIAN_POINT('Ctrl Pts',(0.131128484517586,-0.367688072007079,
110.623689669059));
#1588=CARTESIAN_POINT('Ctrl Pts',(0.12411032167809,-0.35777577803249,110.591219467869));
#1589=CARTESIAN_POINT('Ctrl Pts',(0.122107863820369,-0.354908919631106,
110.581941149668));
#1590=CARTESIAN_POINT('Ctrl Pts',(0.120773514877357,-0.352988282049743,
110.575755319887));
#1591=CARTESIAN_POINT('Ctrl Pts',(0.11843957570352,-0.349601628720113,110.564929411982));
#1592=CARTESIAN_POINT('Ctrl Pts',(0.115108907154155,-0.344687073450776,
110.549461666286));
#1593=CARTESIAN_POINT('Ctrl Pts',(0.111783792444615,-0.339659510522065,
110.533990530804));
#1594=CARTESIAN_POINT('Ctrl Pts',(0.109127941750383,-0.33556187693843,110.521611188578));
#1595=CARTESIAN_POINT('Ctrl Pts',(0.107469314231732,-0.332967258034614,
110.513873080751));
#1596=CARTESIAN_POINT('Ctrl Pts',(0.106143466968422,-0.330870246915134,
110.50768190142));
#1597=CARTESIAN_POINT('Ctrl Pts',(0.104818202693333,-0.328758522909174,
110.501490258985));
#1598=CARTESIAN_POINT('Ctrl Pts',(0.103493421004115,-0.326623872972333,
110.495297942807));
#1599=CARTESIAN_POINT('Ctrl Pts',(0.102169808825114,-0.32446503548358,110.489104814901));
#1600=CARTESIAN_POINT('Ctrl Pts',(0.101177459010528,-0.322833298627954,
110.48445957371));
#1601=CARTESIAN_POINT('Ctrl Pts',(0.100185541461402,-0.321188548423421,
110.479813912448));
#1602=CARTESIAN_POINT('Ctrl Pts',(0.0993592503750151,-0.319806667900839,
110.475942169208));
#1603=CARTESIAN_POINT('Ctrl Pts',(0.098698475573114,-0.318694204117079,
110.472844542252));
#1604=CARTESIAN_POINT('Ctrl Pts',(0.0980378465745466,-0.317577003244814,
110.469746760019));
#1605=CARTESIAN_POINT('Ctrl Pts',(0.0974598746164369,-0.316593054245596,
110.467036002865));
#1606=CARTESIAN_POINT('Ctrl Pts',(0.0969646834720608,-0.315745023513969,
110.464712334335));
#1607=CARTESIAN_POINT('Ctrl Pts',(0.0966345898280542,-0.315178405433986,
110.46316318043));
#1608=CARTESIAN_POINT('Ctrl Pts',(0.0963045221302672,-0.314609854549531,
110.461613965229));
#1609=CARTESIAN_POINT('Ctrl Pts',(0.0959745273611957,-0.314039370019545,
110.460064684045));
#1610=CARTESIAN_POINT('Ctrl Pts',(0.0957682971321316,-0.313681989690728,
110.45909635591));
#1611=CARTESIAN_POINT('Ctrl Pts',(0.0956033294303842,-0.313395597032477,
110.458321677585));
#1612=CARTESIAN_POINT('Ctrl Pts',(0.0954796103412425,-0.313180541435629,
110.457740658637));
#1613=CARTESIAN_POINT('Ctrl Pts',(0.0953765138703132,-0.313001142208004,
110.457256473436));
#1614=CARTESIAN_POINT('Ctrl Pts',(0.0953043528875739,-0.312875418192296,
110.456917533833));
#1615=CARTESIAN_POINT('Ctrl Pts',(0.095268269525652,-0.312812569425123,
110.456748070439));
#1616=CARTESIAN_POINT('Ctrl Pts',(0.0952476560342042,-0.312776588926117,
110.456651223329));
#1617=CARTESIAN_POINT('Ctrl Pts',(0.0846762753937511,-0.294411850464061,
110.407031013172));
#1618=CARTESIAN_POINT('Ctrl Pts',(0.0714008125029125,-0.266909402464322,
110.344712624929));
#1619=CARTESIAN_POINT('Ctrl Pts',(0.0505948637505568,-0.206567166805187,
110.245223474249));
#1620=CARTESIAN_POINT('Ctrl Pts',(0.0404586535704434,-0.18471316648708,
110.196857401686));
#1621=CARTESIAN_POINT('Ctrl Pts',(0.0329623720367199,-0.166921103195498,
110.160620415109));
#1622=CARTESIAN_POINT('Ctrl Pts',(50.098376977507,0.35519691311424,149.503277193028));
#1623=CARTESIAN_POINT('Ctrl Pts',(49.9598842470812,0.315220704058273,149.505407314638));
#1624=CARTESIAN_POINT('Ctrl Pts',(49.7440186718482,0.260836247540371,149.508448611035));
#1625=CARTESIAN_POINT('Ctrl Pts',(49.4214169516342,0.183647294055512,149.511126996169));
#1626=CARTESIAN_POINT('Ctrl Pts',(49.1115689300335,0.113739551132255,149.511832067648));
#1627=CARTESIAN_POINT('Ctrl Pts',(48.8021793912876,0.045758830936266,149.510686644356));
#1628=CARTESIAN_POINT('Ctrl Pts',(48.4958411384808,-0.0197366932106093,
149.507671832008));
#1629=CARTESIAN_POINT('Ctrl Pts',(48.1902107006346,-0.0838947346649416,
149.502812699948));
#1630=CARTESIAN_POINT('Ctrl Pts',(47.8856379260734,-0.146761952564818,149.496107534893));
#1631=CARTESIAN_POINT('Ctrl Pts',(47.5815618168736,-0.208676090734606,149.487561786297));
#1632=CARTESIAN_POINT('Ctrl Pts',(47.2779562990649,-0.269740226938607,149.47717497351));
#1633=CARTESIAN_POINT('Ctrl Pts',(46.974646947532,-0.330090916880609,149.464947301367));
#1634=CARTESIAN_POINT('Ctrl Pts',(46.6715754444213,-0.389804905038086,149.45087729055));
#1635=CARTESIAN_POINT('Ctrl Pts',(46.3686667964716,-0.448953388221174,149.434963100226));
#1636=CARTESIAN_POINT('Ctrl Pts',(46.0658792840909,-0.507586593625153,149.417202329919));
#1637=CARTESIAN_POINT('Ctrl Pts',(45.7631865680786,-0.565744223403927,149.39759301212));
#1638=CARTESIAN_POINT('Ctrl Pts',(45.4605922725133,-0.623452821910825,149.376134540309));
#1639=CARTESIAN_POINT('Ctrl Pts',(45.1581036170463,-0.680733063640941,149.352826747312));
#1640=CARTESIAN_POINT('Ctrl Pts',(44.8557303062138,-0.737600585051569,149.327669712596));
#1641=CARTESIAN_POINT('Ctrl Pts',(44.5534825182964,-0.794067250275094,149.300663715133));
#1642=CARTESIAN_POINT('Ctrl Pts',(44.2513702579443,-0.850141755482428,149.271809134672));
#1643=CARTESIAN_POINT('Ctrl Pts',(43.9494026568249,-0.905830211504953,149.241106380352));
#1644=CARTESIAN_POINT('Ctrl Pts',(43.6475877053893,-0.961136508754363,149.20855581955));
#1645=CARTESIAN_POINT('Ctrl Pts',(43.3459321006465,-1.01606260969697,149.174157722815));
#1646=CARTESIAN_POINT('Ctrl Pts',(43.0444412666177,-1.07060875050548,149.137912220333));
#1647=CARTESIAN_POINT('Ctrl Pts',(42.7431194613695,-1.12477359379694,149.099819272824));
#1648=CARTESIAN_POINT('Ctrl Pts',(42.441969960601,-1.1785543407635,149.059878655508));
#1649=CARTESIAN_POINT('Ctrl Pts',(42.1409952859513,-1.23194682032303,149.018089954903));
#1650=CARTESIAN_POINT('Ctrl Pts',(41.8401974647946,-1.28494556514679,148.974452577287));
#1651=CARTESIAN_POINT('Ctrl Pts',(41.5395783076105,-1.33754388519153,148.928965767847));
#1652=CARTESIAN_POINT('Ctrl Pts',(41.2391396956818,-1.38973394714447,148.881628639427));
#1653=CARTESIAN_POINT('Ctrl Pts',(40.9388838733729,-1.44150686798254,148.83244020997));
#1654=CARTESIAN_POINT('Ctrl Pts',(40.6388137434738,-1.49285282972612,148.781399447878));
#1655=CARTESIAN_POINT('Ctrl Pts',(40.3389331618656,-1.54376122277669,148.728505324725));
#1656=CARTESIAN_POINT('Ctrl Pts',(40.0392472360391,-1.59422082279507,148.673756874813));
#1657=CARTESIAN_POINT('Ctrl Pts',(39.7397626130525,-1.64422000925969,148.617153261237));
#1658=CARTESIAN_POINT('Ctrl Pts',(39.4404877823237,-1.69374702310592,148.55869384766));
#1659=CARTESIAN_POINT('Ctrl Pts',(39.1414333192156,-1.74279028047343,148.498378275377));
#1660=CARTESIAN_POINT('Ctrl Pts',(38.8426122134703,-1.79133870691914,148.436206543014));
#1661=CARTESIAN_POINT('Ctrl Pts',(38.5440399099192,-1.83938216770412,148.372179089201));
#1662=CARTESIAN_POINT('Ctrl Pts',(38.2457348656611,-1.88691180010026,148.306296868869));
#1663=CARTESIAN_POINT('Ctrl Pts',(37.9477177018942,-1.93392065970089,148.238561433031));
#1664=CARTESIAN_POINT('Ctrl Pts',(37.6500133072406,-1.98040367791558,148.168974974526));
#1665=CARTESIAN_POINT('Ctrl Pts',(37.3526457678619,-2.02635917430704,148.097540409334));
#1666=CARTESIAN_POINT('Ctrl Pts',(37.05564953796,-2.0717866391729,148.024261315653));
#1667=CARTESIAN_POINT('Ctrl Pts',(36.7590488945909,-2.11669152209604,147.949142056829));
#1668=CARTESIAN_POINT('Ctrl Pts',(36.4628786622696,-2.16108052646992,147.872187615938));
#1669=CARTESIAN_POINT('Ctrl Pts',(36.1671726999717,-2.2049645286567,147.793403782266));
#1670=CARTESIAN_POINT('Ctrl Pts',(35.8719562537462,-2.24835718187946,147.712795485575));
#1671=CARTESIAN_POINT('Ctrl Pts',(35.5772487170987,-2.29127317671122,147.63036697272));
#1672=CARTESIAN_POINT('Ctrl Pts',(35.2830666103589,-2.33372767655498,147.546122230265));
#1673=CARTESIAN_POINT('Ctrl Pts',(34.9894231667525,-2.37573565897075,147.460064836491));
#1674=CARTESIAN_POINT('Ctrl Pts',(34.6963292747336,-2.41731147528827,147.372198061693));
#1675=CARTESIAN_POINT('Ctrl Pts',(34.403793818716,-2.45846848904589,147.282524877119));
#1676=CARTESIAN_POINT('Ctrl Pts',(34.111824207589,-2.49921883438302,147.191048008865));
#1677=CARTESIAN_POINT('Ctrl Pts',(33.8204267214716,-2.53957325121235,147.097769970626));
#1678=CARTESIAN_POINT('Ctrl Pts',(33.5296068311179,-2.57954098848582,147.002693100185));
#1679=CARTESIAN_POINT('Ctrl Pts',(33.2393694218205,-2.61912975454898,146.905819585647));
#1680=CARTESIAN_POINT('Ctrl Pts',(32.9497189733168,-2.65834569924763,146.807151488841));
#1681=CARTESIAN_POINT('Ctrl Pts',(32.6606596594079,-2.69719341989235,146.70669075749));
#1682=CARTESIAN_POINT('Ctrl Pts',(32.3721954577561,-2.73567596905171,146.604439241924));
#1683=CARTESIAN_POINT('Ctrl Pts',(32.0843300994256,-2.77379488478876,146.500398682747));
#1684=CARTESIAN_POINT('Ctrl Pts',(31.7970672700543,-2.81155017110137,146.394570747051));
#1685=CARTESIAN_POINT('Ctrl Pts',(31.5104101321686,-2.84894037599389,146.286956934999));
#1686=CARTESIAN_POINT('Ctrl Pts',(31.2243623282441,-2.88596241102806,146.177558767942));
#1687=CARTESIAN_POINT('Ctrl Pts',(30.9706406172966,-2.91853976448923,146.078730789536));
#1688=CARTESIAN_POINT('Ctrl Pts',(30.7490345642273,-2.94679905802963,145.99110175482));
#1689=CARTESIAN_POINT('Ctrl Pts',(30.559359826202,-2.97085071916106,145.915199387624));
#1690=CARTESIAN_POINT('Ctrl Pts',(30.3699594044021,-2.99472915268469,145.838505605522));
#1691=CARTESIAN_POINT('Ctrl Pts',(30.1808335356902,-3.01843143914907,145.761020587197));
#1692=CARTESIAN_POINT('Ctrl Pts',(29.9919825804577,-3.04195425160419,145.682744515879));
#1693=CARTESIAN_POINT('Ctrl Pts',(29.8034065350278,-3.06529388026067,145.603677469066));
#1694=CARTESIAN_POINT('Ctrl Pts',(29.6151054065984,-3.08844617284276,145.523819517747));
#1695=CARTESIAN_POINT('Ctrl Pts',(29.4270785381933,-3.11140654278791,145.443170522608));
#1696=CARTESIAN_POINT('Ctrl Pts',(29.2393259310846,-3.13416985173536,145.361730545073));
#1697=CARTESIAN_POINT('Ctrl Pts',(29.051845109942,-3.15673053877499,145.279498864874));
#1698=CARTESIAN_POINT('Ctrl Pts',(28.8646428197594,-3.17908301278818,145.196477338613));
#1699=CARTESIAN_POINT('Ctrl Pts',(28.6777178570698,-3.20122227962802,145.112665350513));
#1700=CARTESIAN_POINT('Ctrl Pts',(28.4910751653606,-3.22314291354839,145.028064270965));
#1701=CARTESIAN_POINT('Ctrl Pts',(28.3047177715557,-3.24483959519441,144.942674851181));
#1702=CARTESIAN_POINT('Ctrl Pts',(28.1186486900207,-3.26630700151756,144.856497868552));
#1703=CARTESIAN_POINT('Ctrl Pts',(27.9328709922775,-3.28753979236641,144.769534129059));
#1704=CARTESIAN_POINT('Ctrl Pts',(27.7473877653305,-3.30853262241892,144.681784463094));
#1705=CARTESIAN_POINT('Ctrl Pts',(27.5622021436349,-3.32928014085158,144.59324972818));
#1706=CARTESIAN_POINT('Ctrl Pts',(27.3773173443328,-3.34977700520233,144.503930830053));
#1707=CARTESIAN_POINT('Ctrl Pts',(27.1927366263311,-3.37001788205332,144.413828689967));
#1708=CARTESIAN_POINT('Ctrl Pts',(27.0084633734856,-3.3899974810353,144.322944303544));
#1709=CARTESIAN_POINT('Ctrl Pts',(26.824503004797,-3.40971059859424,144.231279561898));
#1710=CARTESIAN_POINT('Ctrl Pts',(26.6408549013356,-3.42915190652289,144.138833604031));
#1711=CARTESIAN_POINT('Ctrl Pts',(26.4575265528759,-3.44831646683131,144.045609308116));
#1712=CARTESIAN_POINT('Ctrl Pts',(26.2745205294791,-3.46719926683916,143.951607245375));
#1713=CARTESIAN_POINT('Ctrl Pts',(26.0918418605963,-3.48579555060805,143.856829116936));
#1714=CARTESIAN_POINT('Ctrl Pts',(25.9094949332005,-3.50410073819462,143.761276303163));
#1715=CARTESIAN_POINT('Ctrl Pts',(25.7274848963158,-3.52211053227926,143.664950514393));
#1716=CARTESIAN_POINT('Ctrl Pts',(25.5458171248392,-3.53982095511743,143.567853536431));
#1717=CARTESIAN_POINT('Ctrl Pts',(25.3644975297962,-3.55722842803729,143.469987370678));
#1718=CARTESIAN_POINT('Ctrl Pts',(25.1835325096194,-3.57432984602674,143.371354206803));
#1719=CARTESIAN_POINT('Ctrl Pts',(25.0029290635477,-3.59112266894171,143.271956471093));
#1720=CARTESIAN_POINT('Ctrl Pts',(24.8226948411294,-3.60760502088063,143.171796845236));
#1721=CARTESIAN_POINT('Ctrl Pts',(24.6428382245289,-3.62377580199837,143.0708783008));
#1722=CARTESIAN_POINT('Ctrl Pts',(24.4633684000449,-3.6396348111555,142.969204129387));
#1723=CARTESIAN_POINT('Ctrl Pts',(24.2842954354548,-3.65518287983972,142.866777976444));
#1724=CARTESIAN_POINT('Ctrl Pts',(24.1056303522469,-3.67042201618935,142.763603874142));
#1725=CARTESIAN_POINT('Ctrl Pts',(23.9273851941381,-3.68535555782407,142.659686274195));
#1726=CARTESIAN_POINT('Ctrl Pts',(23.7495730834212,-3.69998833095727,142.555030077687));
#1727=CARTESIAN_POINT('Ctrl Pts',(23.5722082674957,-3.71432681285615,142.449640662484));
#1728=CARTESIAN_POINT('Ctrl Pts',(23.3953061340361,-3.72837929243008,142.343523901339));
#1729=CARTESIAN_POINT('Ctrl Pts',(23.2188832240702,-3.7421560251311,142.236686179104));
#1730=CARTESIAN_POINT('Ctrl Pts',(23.0429571532401,-3.75566937105856,142.12913438134));
#1731=CARTESIAN_POINT('Ctrl Pts',(22.867546625001,-3.76893391792622,142.020875909141));
#1732=CARTESIAN_POINT('Ctrl Pts',(22.6926710870755,-3.78196655726468,141.911918583781));
#1733=CARTESIAN_POINT('Ctrl Pts',(22.5183510544247,-3.79478655779345,141.802270749419));
#1734=CARTESIAN_POINT('Ctrl Pts',(22.3446065436282,-3.80741546988039,141.691940799049));
#1735=CARTESIAN_POINT('Ctrl Pts',(22.1714352486267,-3.8198684705897,141.580929986803));
#1736=CARTESIAN_POINT('Ctrl Pts',(21.9988343859769,-3.83215949943762,141.469239340245));
#1737=CARTESIAN_POINT('Ctrl Pts',(21.8267996248536,-3.84430108234376,141.35686932409));
#1738=CARTESIAN_POINT('Ctrl Pts',(21.6553256446656,-3.8563042348934,141.243819995674));
#1739=CARTESIAN_POINT('Ctrl Pts',(21.4844060560263,-3.86817836716866,141.130090971189));
#1740=CARTESIAN_POINT('Ctrl Pts',(21.3140336091439,-3.87993121716883,141.015681480387));
#1741=CARTESIAN_POINT('Ctrl Pts',(21.1442002865517,-3.89156880056308,140.900590388672));
#1742=CARTESIAN_POINT('Ctrl Pts',(20.9748974490235,-3.90309538043035,140.78481623724));
#1743=CARTESIAN_POINT('Ctrl Pts',(20.8061159566161,-3.91451345313679,140.6683572777));
#1744=CARTESIAN_POINT('Ctrl Pts',(20.637846294093,-3.92582374926579,140.551211509803));
#1745=CARTESIAN_POINT('Ctrl Pts',(20.4700786842077,-3.93702524698068,140.433376717086));
#1746=CARTESIAN_POINT('Ctrl Pts',(20.3028031928293,-3.94811519568047,140.314850501427));
#1747=CARTESIAN_POINT('Ctrl Pts',(20.1360098217464,-3.95908914749625,140.195630314984));
#1748=CARTESIAN_POINT('Ctrl Pts',(19.9696885892056,-3.96994099440347,140.075713489343));
#1749=CARTESIAN_POINT('Ctrl Pts',(19.8038295970858,-3.98066300857219,139.955097261182));
#1750=CARTESIAN_POINT('Ctrl Pts',(19.6384230846413,-3.99124588416165,139.833778794486));
#1751=CARTESIAN_POINT('Ctrl Pts',(19.4734594688954,-4.00167877786905,139.71175519847));
#1752=CARTESIAN_POINT('Ctrl Pts',(19.3089293718565,-4.01194934806548,139.589023542605));
#1753=CARTESIAN_POINT('Ctrl Pts',(19.1448236355512,-4.02204378700085,139.465580865338));
#1754=CARTESIAN_POINT('Ctrl Pts',(18.9811333240362,-4.0319468534045,139.341424184138));
#1755=CARTESIAN_POINT('Ctrl Pts',(18.8178497262233,-4.04164188290351,139.216550496811));
#1756=CARTESIAN_POINT('Ctrl Pts',(18.6549644626769,-4.05111081603805,139.090956900282));
#1757=CARTESIAN_POINT('Ctrl Pts',(18.4924693811062,-4.06033415323745,138.964640480337));
#1758=CARTESIAN_POINT('Ctrl Pts',(18.3303566667044,-4.06929106005805,138.837598538745));
#1759=CARTESIAN_POINT('Ctrl Pts',(18.1686184324055,-4.07795908629194,138.70982803286));
#1760=CARTESIAN_POINT('Ctrl Pts',(18.0072474823297,-4.086314735187,138.581326824191));
#1761=CARTESIAN_POINT('Ctrl Pts',(17.8462353362864,-4.09433201753581,138.452090732558));
#1762=CARTESIAN_POINT('Ctrl Pts',(17.6855766133218,-4.10198564995457,138.322120353631));
#1763=CARTESIAN_POINT('Ctrl Pts',(17.5252612557462,-4.10924514227848,138.191408863538));
#1764=CARTESIAN_POINT('Ctrl Pts',(17.3652814969283,-4.11608074090388,138.059954864545));
#1765=CARTESIAN_POINT('Ctrl Pts',(17.2056324529641,-4.12246143113323,137.927756580551));
#1766=CARTESIAN_POINT('Ctrl Pts',(17.0463416765155,-4.12837232719984,137.794824842898));
#1767=CARTESIAN_POINT('Ctrl Pts',(16.8874328598625,-4.1338000015515,137.661169310951));
#1768=CARTESIAN_POINT('Ctrl Pts',(16.7289303104351,-4.13873401505691,137.526800124419));
#1769=CARTESIAN_POINT('Ctrl Pts',(16.5708571280144,-4.14316618652383,137.391727192608));
#1770=CARTESIAN_POINT('Ctrl Pts',(16.4132359658512,-4.14709081660521,137.255960497191));
#1771=CARTESIAN_POINT('Ctrl Pts',(16.2560886753981,-4.1505044210696,137.119509855951));
#1772=CARTESIAN_POINT('Ctrl Pts',(16.099436455093,-4.15340580010945,136.982385063015));
#1773=CARTESIAN_POINT('Ctrl Pts',(15.9433007540937,-4.15579752574623,136.84459821838));
#1774=CARTESIAN_POINT('Ctrl Pts',(15.7876994475585,-4.15767888031975,136.706153418196));
#1775=CARTESIAN_POINT('Ctrl Pts',(15.6326534745601,-4.1590581864313,136.567064819764));
#1776=CARTESIAN_POINT('Ctrl Pts',(15.4781808402449,-4.15994122064377,136.427339861041));
#1777=CARTESIAN_POINT('Ctrl Pts',(15.3243000412146,-4.16033771134811,136.286988720229));
#1778=CARTESIAN_POINT('Ctrl Pts',(15.1710286759211,-4.16025852050552,136.146020262522));
#1779=CARTESIAN_POINT('Ctrl Pts',(15.0183841552246,-4.15971689186661,136.004443842265));
#1780=CARTESIAN_POINT('Ctrl Pts',(14.8663834771635,-4.15872786578921,135.862268475415));
#1781=CARTESIAN_POINT('Ctrl Pts',(14.7150435246368,-4.15730875059784,135.719503405753));
#1782=CARTESIAN_POINT('Ctrl Pts',(14.5643809221741,-4.15547862627529,135.576157503473));
#1783=CARTESIAN_POINT('Ctrl Pts',(14.3894179499058,-4.15288976665283,135.408254410494));
#1784=CARTESIAN_POINT('Ctrl Pts',(14.1906443104974,-4.14931912520504,135.215424579209));
#1785=CARTESIAN_POINT('Ctrl Pts',(13.9686830678182,-4.14457150343677,134.997259061128));
#1786=CARTESIAN_POINT('Ctrl Pts',(13.7484404288858,-4.13919630874899,134.777892208687));
#1787=CARTESIAN_POINT('Ctrl Pts',(13.5299871774778,-4.13331874696427,134.557361574466));
#1788=CARTESIAN_POINT('Ctrl Pts',(13.3133884773103,-4.12707391734042,134.335701071145));
#1789=CARTESIAN_POINT('Ctrl Pts',(13.0987523508018,-4.12064379364226,134.112963736823));
#1790=CARTESIAN_POINT('Ctrl Pts',(12.9215169596368,-4.1152289410602,133.926453532953));
#1791=CARTESIAN_POINT('Ctrl Pts',(12.7806561784229,-4.11088341690262,133.776692988908));
#1792=CARTESIAN_POINT('Ctrl Pts',(12.6754677435975,-4.10762384358615,133.664093402387));
#1793=CARTESIAN_POINT('Ctrl Pts',(12.5707249611692,-4.10436647959986,133.551210626546));
#1794=CARTESIAN_POINT('Ctrl Pts',(12.4316498372035,-4.10003010156381,133.4003192189));
#1795=CARTESIAN_POINT('Ctrl Pts',(12.2588681826434,-4.09462223175991,133.210976484939));
#1796=CARTESIAN_POINT('Ctrl Pts',(12.0874276472232,-4.08922025053336,133.020641700885));
#1797=CARTESIAN_POINT('Ctrl Pts',(11.951021913499,-4.08487234949412,132.867755908804));
#1798=CARTESIAN_POINT('Ctrl Pts',(11.8490737905339,-4.0815856242209,132.752775414516));
#1799=CARTESIAN_POINT('Ctrl Pts',(11.7474642563319,-4.07825952362696,132.637472738434));
#1800=CARTESIAN_POINT('Ctrl Pts',(11.6124094035844,-4.07374674076084,132.483295417529));
#1801=CARTESIAN_POINT('Ctrl Pts',(11.4443328694478,-4.0679070583333,132.289725271741));
#1802=CARTESIAN_POINT('Ctrl Pts',(11.2770867429437,-4.06162006135353,132.094962003629));
#1803=CARTESIAN_POINT('Ctrl Pts',(11.1436843825781,-4.0561831470665,131.938396053692));
#1804=CARTESIAN_POINT('Ctrl Pts',(11.0438048892679,-4.05186079938859,131.820582550801));
#1805=CARTESIAN_POINT('Ctrl Pts',(10.9440734685324,-4.04725384132542,131.702371135144));
#1806=CARTESIAN_POINT('Ctrl Pts',(10.8112704019031,-4.04067624997235,131.544215222256));
#1807=CARTESIAN_POINT('Ctrl Pts',(10.6455453186677,-4.03153495316105,131.345487800036));
#1808=CARTESIAN_POINT('Ctrl Pts',(10.4801534955718,-4.02093261657546,131.145377302785));
#1809=CARTESIAN_POINT('Ctrl Pts',(10.3480895101227,-4.01149150158374,130.984489660661));
#1810=CARTESIAN_POINT('Ctrl Pts',(10.2491962216641,-4.00392465329146,130.863436850004));
#1811=CARTESIAN_POINT('Ctrl Pts',(10.1504880970857,-3.99587098142596,130.74201257678));
#1812=CARTESIAN_POINT('Ctrl Pts',(10.0191887306884,-3.98450847594683,130.579648483959));
#1813=CARTESIAN_POINT('Ctrl Pts',(9.85589197951493,-3.96929293385375,130.375926727413));
#1814=CARTESIAN_POINT('Ctrl Pts',(9.69412548305518,-3.95309338518064,130.171382245315));
#1815=CARTESIAN_POINT('Ctrl Pts',(9.56575994252579,-3.93970813283885,130.007316850737));
#1816=CARTESIAN_POINT('Ctrl Pts',(9.47002322460967,-3.92948324163254,129.884057986381));
#1817=CARTESIAN_POINT('Ctrl Pts',(9.37483376206725,-3.91909875672947,129.760594579859));
#1818=CARTESIAN_POINT('Ctrl Pts',(9.24864553751931,-3.90506681292535,129.595706480477));
#1819=CARTESIAN_POINT('Ctrl Pts',(9.09227940618073,-3.88721750505122,129.389085837858));
#1820=CARTESIAN_POINT('Ctrl Pts',(8.9376983090944,-3.86904363415665,129.1817769863));
#1821=CARTESIAN_POINT('Ctrl Pts',(8.81507133467929,-3.85434492782925,129.015506772676));
#1822=CARTESIAN_POINT('Ctrl Pts',(8.6931254821402,-3.8395472317154,128.84894921837));
#1823=CARTESIAN_POINT('Ctrl Pts',(8.54195027083784,-3.82087639910395,128.64020266412));
#1824=CARTESIAN_POINT('Ctrl Pts',(8.39239824351784,-3.80200847508769,128.430708416678));
#1825=CARTESIAN_POINT('Ctrl Pts',(8.27370304785587,-3.78681101281855,128.262656684784));
#1826=CARTESIAN_POINT('Ctrl Pts',(8.15563118900636,-3.77154770505314,128.094297378896));
#1827=CARTESIAN_POINT('Ctrl Pts',(8.00919656925857,-3.7523494617143,127.883264946826));
#1828=CARTESIAN_POINT('Ctrl Pts',(7.86426874307516,-3.73300910269224,127.671449766645));
#1829=CARTESIAN_POINT('Ctrl Pts',(7.7492134835371,-3.7174584300135,127.501525758987));
#1830=CARTESIAN_POINT('Ctrl Pts',(7.63474482925957,-3.70185572961183,127.331284954746));
#1831=CARTESIAN_POINT('Ctrl Pts',(7.49274967455937,-3.68225716594196,127.117888712703));
#1832=CARTESIAN_POINT('Ctrl Pts',(7.35218744504391,-3.66252918055035,126.90368964407));
#1833=CARTESIAN_POINT('Ctrl Pts',(7.24058338913904,-3.64667313295581,126.731854092995));
#1834=CARTESIAN_POINT('Ctrl Pts',(7.1295394032272,-3.63076371619301,126.559697249044));
#1835=CARTESIAN_POINT('Ctrl Pts',(6.99177852111094,-3.61077270018295,126.343895472));
#1836=CARTESIAN_POINT('Ctrl Pts',(6.855381372099,-3.59062377888651,126.127284067819));
#1837=CARTESIAN_POINT('Ctrl Pts',(6.74706426560607,-3.57439332897642,125.95350821723));
#1838=CARTESIAN_POINT('Ctrl Pts',(6.66622335122262,-3.56215849937815,125.822930815522));
#1839=CARTESIAN_POINT('Ctrl Pts',(6.58577530235367,-3.54985614571583,125.692107391652));
#1840=CARTESIAN_POINT('Ctrl Pts',(6.47902974803226,-3.53335465765046,125.517347528871));
#1841=CARTESIAN_POINT('Ctrl Pts',(6.34656100575971,-3.51252322242492,125.298276245066));
#1842=CARTESIAN_POINT('Ctrl Pts',(6.21534645553706,-3.49136775517999,125.078376111876));
#1843=CARTESIAN_POINT('Ctrl Pts',(6.11110604903984,-3.47420958685103,124.901958145436));
#1844=CARTESIAN_POINT('Ctrl Pts',(6.0332861146296,-3.46120992203884,124.769393213714));
#1845=CARTESIAN_POINT('Ctrl Pts',(5.95582019963536,-3.44806568101999,124.636575924201));
#1846=CARTESIAN_POINT('Ctrl Pts',(5.85299468527519,-3.43032607994959,124.459148180028));
#1847=CARTESIAN_POINT('Ctrl Pts',(5.72531256985557,-3.40770327498363,124.236721916264));
#1848=CARTESIAN_POINT('Ctrl Pts',(5.59869931002997,-3.38434527907906,124.013431467372));
#1849=CARTESIAN_POINT('Ctrl Pts',(5.49799966454011,-3.36511054892845,123.83427214086));
#1850=CARTESIAN_POINT('Ctrl Pts',(5.42275700075702,-3.35037430897379,123.699633600732));
#1851=CARTESIAN_POINT('Ctrl Pts',(5.34778083378135,-3.33529185786637,123.564722302406));
#1852=CARTESIAN_POINT('Ctrl Pts',(5.24814477094181,-3.31466488324855,123.384471315442));
#1853=CARTESIAN_POINT('Ctrl Pts',(5.12418324069768,-3.28779733698401,123.158449608641));
#1854=CARTESIAN_POINT('Ctrl Pts',(5.00087903043204,-3.25916619957934,122.931464250334));
#1855=CARTESIAN_POINT('Ctrl Pts',(4.90260281888571,-3.23505114137171,122.749308473591));
#1856=CARTESIAN_POINT('Ctrl Pts',(4.82910267028287,-3.21635184885945,122.612418684504));
#1857=CARTESIAN_POINT('Ctrl Pts',(4.75584923006517,-3.19706174608101,122.475276311386));
#1858=CARTESIAN_POINT('Ctrl Pts',(4.6586259344562,-3.17068555637483,122.292136110346));
#1859=CARTESIAN_POINT('Ctrl Pts',(4.53819976704809,-3.13680195072486,122.062786845852));
#1860=CARTESIAN_POINT('Ctrl Pts',(4.41978889079144,-3.10249301424979,121.833087209057));
#1861=CARTESIAN_POINT('Ctrl Pts',(4.32648091174098,-3.07523859980584,121.649207715568));
#1862=CARTESIAN_POINT('Ctrl Pts',(4.25722740029061,-3.05494825241188,121.51123745432));
#1863=CARTESIAN_POINT('Ctrl Pts',(4.18870432165028,-3.03485660221292,121.373206934024));
#1864=CARTESIAN_POINT('Ctrl Pts',(4.09829054730713,-3.00835189773452,121.189073662965));
#1865=CARTESIAN_POINT('Ctrl Pts',(3.98699680347593,-2.97575394493362,120.958700157762));
#1866=CARTESIAN_POINT('Ctrl Pts',(3.8777659046474,-2.94374635631396,120.72795796098));
#1867=CARTESIAN_POINT('Ctrl Pts',(3.79147780486954,-2.91837625570298,120.543090173867));
#1868=CARTESIAN_POINT('Ctrl Pts',(3.72728116449815,-2.89943304294869,120.404289513008));
#1869=CARTESIAN_POINT('Ctrl Pts',(3.66357473754351,-2.8805420680755,120.265328513131));
#1870=CARTESIAN_POINT('Ctrl Pts',(3.57925193133606,-2.85538101747518,120.079821702548));
#1871=CARTESIAN_POINT('Ctrl Pts',(3.474951117068,-2.82389426673817,119.847491491786));
#1872=CARTESIAN_POINT('Ctrl Pts',(3.37197239465731,-2.79214069962596,119.614525005621));
#1873=CARTESIAN_POINT('Ctrl Pts',(3.29029561634052,-2.76642396557951,119.427749093433));
#1874=CARTESIAN_POINT('Ctrl Pts',(3.22938417701734,-2.74695402022642,119.287463856187));
#1875=CARTESIAN_POINT('Ctrl Pts',(3.16881215434181,-2.72728111815878,119.146975420135));
#1876=CARTESIAN_POINT('Ctrl Pts',(3.08849211412029,-2.70074872696624,118.959386627222));
#1877=CARTESIAN_POINT('Ctrl Pts',(2.98890881502642,-2.66695344945661,118.724389608243));
#1878=CARTESIAN_POINT('Ctrl Pts',(2.89036367534234,-2.63215158523187,118.488717300334));
#1879=CARTESIAN_POINT('Ctrl Pts',(2.81212031153348,-2.60359857864606,118.299780445664));
#1880=CARTESIAN_POINT('Ctrl Pts',(2.75373031490076,-2.58179683269727,118.157878442713));
#1881=CARTESIAN_POINT('Ctrl Pts',(2.69562707682187,-2.55957939904534,118.01577909203));
#1882=CARTESIAN_POINT('Ctrl Pts',(2.61853233706945,-2.52936400412322,117.826053742649));
#1883=CARTESIAN_POINT('Ctrl Pts',(2.52286687079344,-2.49040813425553,117.588414009104));
#1884=CARTESIAN_POINT('Ctrl Pts',(2.42812772387842,-2.44971062062753,117.350162291473));
#1885=CARTESIAN_POINT('Ctrl Pts',(2.35290936744466,-2.41605191609454,117.159222287361));
#1886=CARTESIAN_POINT('Ctrl Pts',(2.29679635611768,-2.39025052527445,117.015854768881));
#1887=CARTESIAN_POINT('Ctrl Pts',(2.24100110931605,-2.363899300215,116.872335072682));
#1888=CARTESIAN_POINT('Ctrl Pts',(2.16705153019032,-2.32804317651823,116.680784698387));
#1889=CARTESIAN_POINT('Ctrl Pts',(2.0755549332782,-2.28199047524119,116.4410267283));
#1890=CARTESIAN_POINT('Ctrl Pts',(1.98569791567071,-2.23499013658262,116.200985056589));
#1891=CARTESIAN_POINT('Ctrl Pts',(1.91493976650218,-2.19715191825274,116.008832596401));
#1892=CARTESIAN_POINT('Ctrl Pts',(1.84496513778904,-2.15923417126823,115.816608157949));
#1893=CARTESIAN_POINT('Ctrl Pts',(1.7590153493166,-2.11182192687118,115.576201291512));
#1894=CARTESIAN_POINT('Ctrl Pts',(1.67511660725793,-2.06464652522714,115.335628623413));
#1895=CARTESIAN_POINT('Ctrl Pts',(1.60920935172665,-2.02713611779715,115.14305898286));
#1896=CARTESIAN_POINT('Ctrl Pts',(1.54410283751469,-1.98979247951031,114.950407837748));
#1897=CARTESIAN_POINT('Ctrl Pts',(1.46420720990455,-1.94344947687792,114.709427548238));
#1898=CARTESIAN_POINT('Ctrl Pts',(1.3862239894546,-1.89759296990376,114.468195703569));
#1899=CARTESIAN_POINT('Ctrl Pts',(1.32494478149077,-1.86121257418465,114.275042330108));
#1900=CARTESIAN_POINT('Ctrl Pts',(1.26438810844713,-1.82501942399992,114.081768576985));
#1901=CARTESIAN_POINT('Ctrl Pts',(1.19005491390962,-1.78017977418035,113.839944555997));
#1902=CARTESIAN_POINT('Ctrl Pts',(1.11733556575737,-1.73555489570477,113.597750992189));
#1903=CARTESIAN_POINT('Ctrl Pts',(1.05996769701091,-1.69965635703914,113.403736186115));
#1904=CARTESIAN_POINT('Ctrl Pts',(1.0173090007928,-1.67253684442822,113.258086737465));
#1905=CARTESIAN_POINT('Ctrl Pts',(0.974972811568672,-1.64510846643216,113.112290237093));
#1906=CARTESIAN_POINT('Ctrl Pts',(0.918873013130599,-1.60791877829132,112.917687674639));
#1907=CARTESIAN_POINT('Ctrl Pts',(0.863190973781076,-1.56945807452581,112.72275152691));
#1908=CARTESIAN_POINT('Ctrl Pts',(0.807476183100907,-1.52853577917255,112.527430582027));
#1909=CARTESIAN_POINT('Ctrl Pts',(0.765495826145899,-1.49605845741804,112.380718736604));
#1910=CARTESIAN_POINT('Ctrl Pts',(0.72307436702046,-1.46107291682824,112.233751731129));
#1911=CARTESIAN_POINT('Ctrl Pts',(0.679842566734357,-1.42243984483539,112.086475862255));
#1912=CARTESIAN_POINT('Ctrl Pts',(0.635371266488192,-1.37873367078147,111.93883848783));
#1913=CARTESIAN_POINT('Ctrl Pts',(0.58948156820026,-1.32885968346735,111.790862487803));
#1914=CARTESIAN_POINT('Ctrl Pts',(0.543841109445374,-1.2764823089763,111.642966755457));
#1915=CARTESIAN_POINT('Ctrl Pts',(0.51097972345481,-1.23848167422689,111.532353011646));
#1916=CARTESIAN_POINT('Ctrl Pts',(0.48964422553157,-1.21386018788355,111.458731656504));
#1917=CARTESIAN_POINT('Ctrl Pts',(0.475566436771612,-1.19761946799009,111.409680585401));
#1918=CARTESIAN_POINT('Ctrl Pts',(0.451295273397977,-1.16961877430325,111.323913208924));
#1919=CARTESIAN_POINT('Ctrl Pts',(0.417534224169862,-1.13057283508176,111.201558257418));
#1920=CARTESIAN_POINT('Ctrl Pts',(0.384640510275016,-1.09203275877043,111.079341400629));
#1921=CARTESIAN_POINT('Ctrl Pts',(0.358654657661138,-1.06102273910575,110.981609818508));
#1922=CARTESIAN_POINT('Ctrl Pts',(0.339280632695183,-1.03750954585543,110.908321185525));
#1923=CARTESIAN_POINT('Ctrl Pts',(0.319968379721522,-1.01358397019752,110.83503459642));
#1924=CARTESIAN_POINT('Ctrl Pts',(0.300647946040691,-0.989002283033257,
110.761739081391));
#1925=CARTESIAN_POINT('Ctrl Pts',(0.281232493248699,-0.963453117827084,
110.688422887186));
#1926=CARTESIAN_POINT('Ctrl Pts',(0.266482488984411,-0.943141479051675,
110.633404106233));
#1927=CARTESIAN_POINT('Ctrl Pts',(0.257364634027316,-0.930158491242718,
110.599767613495));
#1928=CARTESIAN_POINT('Ctrl Pts',(0.254037044494458,-0.925371591746858,
110.58753465033));
#1929=CARTESIAN_POINT('Ctrl Pts',(0.249032857489663,-0.918121621810264,
110.569183533942));
#1930=CARTESIAN_POINT('Ctrl Pts',(0.238117831738973,-0.902021197102955,
110.529413593066));
#1931=CARTESIAN_POINT('Ctrl Pts',(0.226143045030136,-0.883520627663552,
110.486557844921));
#1932=CARTESIAN_POINT('Ctrl Pts',(0.216962620791452,-0.868656029067903,
110.454395072966));
#1933=CARTESIAN_POINT('Ctrl Pts',(0.214323267056759,-0.864328686332199,
110.445203968539));
#1934=CARTESIAN_POINT('Ctrl Pts',(0.212559253781637,-0.861421987997705,
110.439076088386));
#1935=CARTESIAN_POINT('Ctrl Pts',(0.209460038703545,-0.856275528252727,
110.428350962258));
#1936=CARTESIAN_POINT('Ctrl Pts',(0.204995837224299,-0.848744330425413,
110.413025357647));
#1937=CARTESIAN_POINT('Ctrl Pts',(0.200476625438202,-0.840947928144618,
110.397693876122));
#1938=CARTESIAN_POINT('Ctrl Pts',(0.196824050782752,-0.834533250002112,
110.385424802193));
#1939=CARTESIAN_POINT('Ctrl Pts',(0.194524465844269,-0.830444470973114,
110.37775485194));
#1940=CARTESIAN_POINT('Ctrl Pts',(0.192674155853276,-0.827123052627209,
110.371617782042));
#1941=CARTESIAN_POINT('Ctrl Pts',(0.190816458662476,-0.823766687474281,
110.365479933775));
#1942=CARTESIAN_POINT('Ctrl Pts',(0.188947153139092,-0.820355436317047,
110.359340834015));
#1943=CARTESIAN_POINT('Ctrl Pts',(0.187065632268282,-0.816886733830542,
110.353200470085));
#1944=CARTESIAN_POINT('Ctrl Pts',(0.185648068045867,-0.814255002498161,
110.348594514956));
#1945=CARTESIAN_POINT('Ctrl Pts',(0.184223866246889,-0.811592116139432,
110.343987860436));
#1946=CARTESIAN_POINT('Ctrl Pts',(0.183031264924555,-0.809346006391073,
110.34014836968));
#1947=CARTESIAN_POINT('Ctrl Pts',(0.182073621224686,-0.807532442481898,
110.337076404737));
#1948=CARTESIAN_POINT('Ctrl Pts',(0.181113544782328,-0.80570749397773,110.334004183382));
#1949=CARTESIAN_POINT('Ctrl Pts',(0.180270166027689,-0.804095168639436,
110.331315630869));
#1950=CARTESIAN_POINT('Ctrl Pts',(0.179544889047985,-0.802702054704974,
110.32901091252));
#1951=CARTESIAN_POINT('Ctrl Pts',(0.179060718441826,-0.801770262683471,
110.32747436454));
#1952=CARTESIAN_POINT('Ctrl Pts',(0.178575543593359,-0.800833782300301,
110.325937707834));
#1953=CARTESIAN_POINT('Ctrl Pts',(0.178089374059616,-0.799892654450222,
110.324400947929));
#1954=CARTESIAN_POINT('Ctrl Pts',(0.177785087353931,-0.799302444241572,
110.323440426566));
#1955=CARTESIAN_POINT('Ctrl Pts',(0.177541408392968,-0.798829102077536,
110.322671983945));
#1956=CARTESIAN_POINT('Ctrl Pts',(0.177358509095044,-0.798473459251913,
110.322095636026));
#1957=CARTESIAN_POINT('Ctrl Pts',(0.177206006411749,-0.798176648883277,
110.321615339094));
#1958=CARTESIAN_POINT('Ctrl Pts',(0.177099164811648,-0.797968518685049,
110.321279118461));
#1959=CARTESIAN_POINT('Ctrl Pts',(0.177045768432392,-0.797864502115491,
110.321111014648));
#1960=CARTESIAN_POINT('Ctrl Pts',(0.177015196158556,-0.797804878544152,
110.321014943312));
#1961=CARTESIAN_POINT('Ctrl Pts',(0.161419440642898,-0.767461177452897,
110.271793538127));
#1962=CARTESIAN_POINT('Ctrl Pts',(0.138888852051811,-0.717770859003132,
110.209819627227));
#1963=CARTESIAN_POINT('Ctrl Pts',(0.0970689076790608,-0.59989430977765,
110.110705807453));
#1964=CARTESIAN_POINT('Ctrl Pts',(0.083373658042989,-0.566059102912658,
110.062805157867));
#1965=CARTESIAN_POINT('Ctrl Pts',(0.0725347645729016,-0.537617250050555,
110.026901132218));
#1966=CARTESIAN_POINT('Ctrl Pts',(50.1864576661953,0.00157486908654445,
148.4576460198));
#1967=CARTESIAN_POINT('Ctrl Pts',(50.0407018154312,-0.0405852023699035,
148.459164001216));
#1968=CARTESIAN_POINT('Ctrl Pts',(49.8248290810279,-0.0952774855328037,
148.461455463212));
#1969=CARTESIAN_POINT('Ctrl Pts',(49.5028425240332,-0.173042333757563,148.46311311269));
#1970=CARTESIAN_POINT('Ctrl Pts',(49.1967840853069,-0.24272662191608,148.462955283709));
#1971=CARTESIAN_POINT('Ctrl Pts',(48.8913858284717,-0.31051221190772,148.461009332099));
#1972=CARTESIAN_POINT('Ctrl Pts',(48.5898081831315,-0.375641503693114,148.457268307762));
#1973=CARTESIAN_POINT('Ctrl Pts',(48.2891383193795,-0.439415579929922,148.45173789579));
#1974=CARTESIAN_POINT('Ctrl Pts',(47.9898012915706,-0.501848430881643,148.444416803096));
#1975=CARTESIAN_POINT('Ctrl Pts',(47.6911023467422,-0.563311131947054,148.435305414861));
#1976=CARTESIAN_POINT('Ctrl Pts',(47.3930090973079,-0.623904128263705,148.424402312926));
#1977=CARTESIAN_POINT('Ctrl Pts',(47.0953064651457,-0.683772924393044,148.411706046636));
#1978=CARTESIAN_POINT('Ctrl Pts',(46.7979231143238,-0.742995835200373,148.397214491844));
#1979=CARTESIAN_POINT('Ctrl Pts',(46.5007672276053,-0.801647368886214,148.380925207622));
#1980=CARTESIAN_POINT('Ctrl Pts',(46.2037873276147,-0.859779371799253,148.362835528224));
#1981=CARTESIAN_POINT('Ctrl Pts',(45.9069477799534,-0.917433293446913,148.342943353053));
#1982=CARTESIAN_POINT('Ctrl Pts',(45.6102449203193,-0.974636982828206,148.321248104182));
#1983=CARTESIAN_POINT('Ctrl Pts',(45.3136796079193,-1.0314123276281,148.297749725408));
#1984=CARTESIAN_POINT('Ctrl Pts',(45.0172562833403,-1.08777600586102,148.272448487132));
#1985=CARTESIAN_POINT('Ctrl Pts',(44.7209805497646,-1.14374084766131,148.245344923443));
#1986=CARTESIAN_POINT('Ctrl Pts',(44.4248584539837,-1.1993164428735,148.216439729567));
#1987=CARTESIAN_POINT('Ctrl Pts',(44.1288956318403,-1.25450975566516,148.185733685432));
#1988=CARTESIAN_POINT('Ctrl Pts',(43.8330969646798,-1.30932550077582,148.153227582521));
#1989=CARTESIAN_POINT('Ctrl Pts',(43.5374663489195,-1.36376645015338,148.118922166942));
#1990=CARTESIAN_POINT('Ctrl Pts',(43.2420066635182,-1.41783364267308,148.082818094553));
#1991=CARTESIAN_POINT('Ctrl Pts',(42.9467198319421,-1.4715265434399,148.044915900153));
#1992=CARTESIAN_POINT('Ctrl Pts',(42.6516069727961,-1.524843159334,148.005215979085));
#1993=CARTESIAN_POINT('Ctrl Pts',(42.356668603389,-1.5777801291902,147.963718580513));
#1994=CARTESIAN_POINT('Ctrl Pts',(42.0619048834701,-1.63033279800184,147.920423810771));
#1995=CARTESIAN_POINT('Ctrl Pts',(41.767315884383,-1.682495285606,147.875331645313));
#1996=CARTESIAN_POINT('Ctrl Pts',(41.472901876538,-1.73426055800213,147.828441947701));
#1997=CARTESIAN_POINT('Ctrl Pts',(41.1786636293306,-1.78562050883603,147.779754494194));
#1998=CARTESIAN_POINT('Ctrl Pts',(40.884602722205,-1.83656605850377,147.729269002687));
#1999=CARTESIAN_POINT('Ctrl Pts',(40.5907218626916,-1.88708727624734,147.676985164966));
#2000=CARTESIAN_POINT('Ctrl Pts',(40.2970252163426,-1.93717353404701,147.622902681563));
#2001=CARTESIAN_POINT('Ctrl Pts',(40.0035187316415,-1.98681369136689,147.56702129858));
#2002=CARTESIAN_POINT('Ctrl Pts',(39.7102104878061,-2.03599632985908,147.509340846408));
#2003=CARTESIAN_POINT('Ctrl Pts',(39.4171109801396,-2.08471000712376,147.449861279615));
#2004=CARTESIAN_POINT('Ctrl Pts',(39.1242335047671,-2.13294360827044,147.388582719016));
#2005=CARTESIAN_POINT('Ctrl Pts',(38.8315942177406,-2.18068661306526,147.32550549288));
#2006=CARTESIAN_POINT('Ctrl Pts',(38.5392127789855,-2.22792968722283,147.260630183083));
#2007=CARTESIAN_POINT('Ctrl Pts',(38.2471113968683,-2.27466463039702,147.193957660726));
#2008=CARTESIAN_POINT('Ctrl Pts',(37.9553172165193,-2.32088587033148,147.125489143679));
#2009=CARTESIAN_POINT('Ctrl Pts',(37.6638565563103,-2.36658839359845,147.055226196598));
#2010=CARTESIAN_POINT('Ctrl Pts',(37.3727675697796,-2.4117738828571,146.983170853265));
#2011=CARTESIAN_POINT('Ctrl Pts',(37.0820768890366,-2.45644088900399,146.909325429513));
#2012=CARTESIAN_POINT('Ctrl Pts',(36.791823103118,-2.5005958981425,146.833692861267));
#2013=CARTESIAN_POINT('Ctrl Pts',(36.5020437399371,-2.5442471823245,146.756276496461));
#2014=CARTESIAN_POINT('Ctrl Pts',(36.212765759811,-2.58740676451849,146.677079662607));
#2015=CARTESIAN_POINT('Ctrl Pts',(35.9240090418153,-2.63008843891385,146.596105568037));
#2016=CARTESIAN_POINT('Ctrl Pts',(35.6357900288945,-2.67230676321938,146.513357434205));
#2017=CARTESIAN_POINT('Ctrl Pts',(35.348121224109,-2.71407651115521,146.428838419895));
#2018=CARTESIAN_POINT('Ctrl Pts',(35.0610123414468,-2.75541211020331,146.342551639091));
#2019=CARTESIAN_POINT('Ctrl Pts',(34.7744707195141,-2.79632725618229,146.254500147134));
#2020=CARTESIAN_POINT('Ctrl Pts',(34.4885019630704,-2.83683461024159,146.16468694643));
#2021=CARTESIAN_POINT('Ctrl Pts',(34.2031103611142,-2.8769455975089,146.073114986908));
#2022=CARTESIAN_POINT('Ctrl Pts',(33.9182992705862,-2.9166702746569,145.97978717109));
#2023=CARTESIAN_POINT('Ctrl Pts',(33.6340713822335,-2.95601725369291,145.884706356545));
#2024=CARTESIAN_POINT('Ctrl Pts',(33.3504289325528,-2.99499366823923,145.787875362197));
#2025=CARTESIAN_POINT('Ctrl Pts',(33.0673738156214,-3.03360515932173,145.6892969656));
#2026=CARTESIAN_POINT('Ctrl Pts',(32.7849077099003,-3.07185589463511,145.58897391832));
#2027=CARTESIAN_POINT('Ctrl Pts',(32.5030320014049,-3.10974855419301,145.486908916607));
#2028=CARTESIAN_POINT('Ctrl Pts',(32.2217480303507,-3.14728441029705,145.383104671003));
#2029=CARTESIAN_POINT('Ctrl Pts',(31.9410564691267,-3.18446318469193,145.27756374257));
#2030=CARTESIAN_POINT('Ctrl Pts',(31.6609585973824,-3.22128339751751,145.17028891176));
#2031=CARTESIAN_POINT('Ctrl Pts',(31.4125091699137,-3.25369061335965,145.073394128632));
#2032=CARTESIAN_POINT('Ctrl Pts',(31.1955033423363,-3.28181024389947,144.987491396375));
#2033=CARTESIAN_POINT('Ctrl Pts',(31.0097613396264,-3.30574807782525,144.913092684784));
#2034=CARTESIAN_POINT('Ctrl Pts',(30.8242825867009,-3.3295193430354,144.837927077837));
#2035=CARTESIAN_POINT('Ctrl Pts',(30.6390663450858,-3.35312162202301,144.761995234984));
#2036=CARTESIAN_POINT('Ctrl Pts',(30.4541120159719,-3.3765522559826,144.685297904996));
#2037=CARTESIAN_POINT('Ctrl Pts',(30.269418535748,-3.39980817603538,144.607835736614));
#2038=CARTESIAN_POINT('Ctrl Pts',(30.0849848036123,-3.42288598741789,144.529609472064));
#2039=CARTESIAN_POINT('Ctrl Pts',(29.9008089312426,-3.44578180913702,144.450619592812));
#2040=CARTESIAN_POINT('Ctrl Pts',(29.7168896639577,-3.46849151284786,144.370867083255));
#2041=CARTESIAN_POINT('Ctrl Pts',(29.5332229865565,-3.49101008331457,144.290351668512));
#2042=CARTESIAN_POINT('Ctrl Pts',(29.349815605334,-3.51333299726062,144.209076242659));
#2043=CARTESIAN_POINT('Ctrl Pts',(29.1666656641782,-3.53545447376182,144.127039250126));
#2044=CARTESIAN_POINT('Ctrl Pts',(28.9837778128022,-3.55736969007839,144.044242713304));
#2045=CARTESIAN_POINT('Ctrl Pts',(28.8011546929444,-3.579073568051,143.960687535021));
#2046=CARTESIAN_POINT('Ctrl Pts',(28.6187988906368,-3.60056099608034,143.876374652074));
#2047=CARTESIAN_POINT('Ctrl Pts',(28.4367130517207,-3.62182687156724,143.791305035655));
#2048=CARTESIAN_POINT('Ctrl Pts',(28.2548998220749,-3.64286607347593,143.705479676061));
#2049=CARTESIAN_POINT('Ctrl Pts',(28.0733618995274,-3.66367347921071,143.618899580862));
#2050=CARTESIAN_POINT('Ctrl Pts',(27.8921020567235,-3.68424395461423,143.531565803747));
#2051=CARTESIAN_POINT('Ctrl Pts',(27.7111231401398,-3.70457238359168,143.44347937774));
#2052=CARTESIAN_POINT('Ctrl Pts',(27.5304281039024,-3.72465363410367,143.354641408167));
#2053=CARTESIAN_POINT('Ctrl Pts',(27.3500216373626,-3.74448252803929,143.265054524859));
#2054=CARTESIAN_POINT('Ctrl Pts',(27.1699036600678,-3.76405431615121,143.174716374303));
#2055=CARTESIAN_POINT('Ctrl Pts',(26.9900805619146,-3.78336371857864,143.083631155827));
#2056=CARTESIAN_POINT('Ctrl Pts',(26.8105550015813,-3.80240595767946,142.99179884814));
#2057=CARTESIAN_POINT('Ctrl Pts',(26.631331683818,-3.82117618955922,142.899221302916));
#2058=CARTESIAN_POINT('Ctrl Pts',(26.4524149661009,-3.8396697945767,142.805899642303));
#2059=CARTESIAN_POINT('Ctrl Pts',(26.2738099822585,-3.85788230695008,142.711835391526));
#2060=CARTESIAN_POINT('Ctrl Pts',(26.0955222562816,-3.87580950962526,142.617029998403));
#2061=CARTESIAN_POINT('Ctrl Pts',(25.9175579797311,-3.89344746792722,142.521485051732));
#2062=CARTESIAN_POINT('Ctrl Pts',(25.7399240129798,-3.9107926009525,142.425202198672));
#2063=CARTESIAN_POINT('Ctrl Pts',(25.5626280166271,-3.92784174888961,142.328183193584));
#2064=CARTESIAN_POINT('Ctrl Pts',(25.3856785367138,-3.94459225527363,142.230429891252));
#2065=CARTESIAN_POINT('Ctrl Pts',(25.2090851188279,-3.9610420567291,142.131944265316));
#2066=CARTESIAN_POINT('Ctrl Pts',(25.0328584164509,-3.97718978399095,142.032728416818));
#2067=CARTESIAN_POINT('Ctrl Pts',(24.857010305695,-3.99303487274695,141.932784587809));
#2068=CARTESIAN_POINT('Ctrl Pts',(24.6815539962393,-4.0085776847553,141.832115173195));
#2069=CARTESIAN_POINT('Ctrl Pts',(24.5065041384188,-4.02381963796915,141.730722733379));
#2070=CARTESIAN_POINT('Ctrl Pts',(24.3318769158152,-4.03876334494341,141.628610005773));
#2071=CARTESIAN_POINT('Ctrl Pts',(24.1576901259541,-4.05341275615169,141.525779915691));
#2072=CARTESIAN_POINT('Ctrl Pts',(23.9839632198537,-4.067773308053,141.422235584367));
#2073=CARTESIAN_POINT('Ctrl Pts',(23.8107173392892,-4.081852065462,141.317980336353));
#2074=CARTESIAN_POINT('Ctrl Pts',(23.6379752300795,-4.0956578681683,141.213017698398));
#2075=CARTESIAN_POINT('Ctrl Pts',(23.4657612782192,-4.10920144113597,141.107351404725));
#2076=CARTESIAN_POINT('Ctrl Pts',(23.2941010627288,-4.12249554123943,141.000985370792));
#2077=CARTESIAN_POINT('Ctrl Pts',(23.1230218038144,-4.13555494744371,140.893923720382));
#2078=CARTESIAN_POINT('Ctrl Pts',(22.9525502577287,-4.14839672320274,140.786170651142));
#2079=CARTESIAN_POINT('Ctrl Pts',(22.7826827289507,-4.16103693530514,140.67772825521));
#2080=CARTESIAN_POINT('Ctrl Pts',(22.6134148244902,-4.17349055268068,140.56859852862));
#2081=CARTESIAN_POINT('Ctrl Pts',(22.4447399969292,-4.18577152757075,140.458783275079));
#2082=CARTESIAN_POINT('Ctrl Pts',(22.2766502831139,-4.19789257830682,140.348284145223));
#2083=CARTESIAN_POINT('Ctrl Pts',(22.1091361874204,-4.20986512034644,140.237102624589));
#2084=CARTESIAN_POINT('Ctrl Pts',(21.9421869543173,-4.22169915847297,140.125240046373));
#2085=CARTESIAN_POINT('Ctrl Pts',(21.7757906870876,-4.23340322105345,140.012697595825));
#2086=CARTESIAN_POINT('Ctrl Pts',(21.6099345399275,-4.2449843008346,139.899476320147));
#2087=CARTESIAN_POINT('Ctrl Pts',(21.4446048779968,-4.25644781645975,139.785577137401));
#2088=CARTESIAN_POINT('Ctrl Pts',(21.2797874445159,-4.26779758685755,139.671000846763));
#2089=CARTESIAN_POINT('Ctrl Pts',(21.1154675123396,-4.27903581977797,139.555748138633));
#2090=CARTESIAN_POINT('Ctrl Pts',(20.951630025022,-4.2901631114766,139.439819604865));
#2091=CARTESIAN_POINT('Ctrl Pts',(20.7882597214961,-4.30117845626003,139.323215748572));
#2092=CARTESIAN_POINT('Ctrl Pts',(20.62534124403,-4.31207926362088,139.205936993546));
#2093=CARTESIAN_POINT('Ctrl Pts',(20.4628592279477,-4.32286138141249,139.087983692751));
#2094=CARTESIAN_POINT('Ctrl Pts',(20.3007983721893,-4.33351912248864,138.969356136547));
#2095=CARTESIAN_POINT('Ctrl Pts',(20.1391434919098,-4.34404529448186,138.850054558774));
#2096=CARTESIAN_POINT('Ctrl Pts',(19.9778795500458,-4.35443122753672,138.730079144715));
#2097=CARTESIAN_POINT('Ctrl Pts',(19.8169916760998,-4.36466680626451,138.609430031552));
#2098=CARTESIAN_POINT('Ctrl Pts',(19.6564651544695,-4.37474048604248,138.488107322596));
#2099=CARTESIAN_POINT('Ctrl Pts',(19.4962854349708,-4.38463933387021,138.366111073346));
#2100=CARTESIAN_POINT('Ctrl Pts',(19.3364381766092,-4.39434898800606,138.243441446587));
#2101=CARTESIAN_POINT('Ctrl Pts',(19.1769092241549,-4.40385378193693,138.120098526633));
#2102=CARTESIAN_POINT('Ctrl Pts',(19.0176844526673,-4.41313647880729,137.996082742034));
#2103=CARTESIAN_POINT('Ctrl Pts',(18.8587498749385,-4.42217887644901,137.871393882216));
#2104=CARTESIAN_POINT('Ctrl Pts',(18.7000910920728,-4.43096036509665,137.746033361444));
#2105=CARTESIAN_POINT('Ctrl Pts',(18.5416942187488,-4.43946118265747,137.619998968463));
#2106=CARTESIAN_POINT('Ctrl Pts',(18.3835433294259,-4.44765467950851,137.493297119831));
#2107=CARTESIAN_POINT('Ctrl Pts',(18.2256252019395,-4.45552116013034,137.365920931898));
#2108=CARTESIAN_POINT('Ctrl Pts',(18.0679215801069,-4.46303223446838,137.237874067608));
#2109=CARTESIAN_POINT('Ctrl Pts',(17.9104207273588,-4.47016042911014,137.109157300204));
#2110=CARTESIAN_POINT('Ctrl Pts',(17.7531587981468,-4.47688428716884,136.979775279013));
#2111=CARTESIAN_POINT('Ctrl Pts',(17.5961665086546,-4.48318484507051,136.849732464974));
#2112=CARTESIAN_POINT('Ctrl Pts',(17.4394757252141,-4.4890458016286,136.719033557089));
#2113=CARTESIAN_POINT('Ctrl Pts',(17.2831168336171,-4.49445339257165,136.587683273821));
#2114=CARTESIAN_POINT('Ctrl Pts',(17.1271198067272,-4.49939629010984,136.455686480497));
#2115=CARTESIAN_POINT('Ctrl Pts',(16.9715138479787,-4.50386568277212,136.323047977872));
#2116=CARTESIAN_POINT('Ctrl Pts',(16.8163274512999,-4.50785501137729,136.189772680394));
#2117=CARTESIAN_POINT('Ctrl Pts',(16.6615859759359,-4.51135632513026,136.055869737593));
#2118=CARTESIAN_POINT('Ctrl Pts',(16.5073224945751,-4.51437615112334,135.921334458572));
#2119=CARTESIAN_POINT('Ctrl Pts',(16.3535586784275,-4.51690730714806,135.786179961461));
#2120=CARTESIAN_POINT('Ctrl Pts',(16.2003228237035,-4.51895509888575,135.650407761557));
#2121=CARTESIAN_POINT('Ctrl Pts',(16.0476397727897,-4.52052245826034,135.514024327466));
#2122=CARTESIAN_POINT('Ctrl Pts',(15.8955353738517,-4.52161627897038,135.377033958053));
#2123=CARTESIAN_POINT('Ctrl Pts',(15.7440346893416,-4.52224460531929,135.239441905489));
#2124=CARTESIAN_POINT('Ctrl Pts',(15.5931630013862,-4.52241793172225,135.101252898142));
#2125=CARTESIAN_POINT('Ctrl Pts',(15.4429454724956,-4.52214842162227,134.962472063277));
#2126=CARTESIAN_POINT('Ctrl Pts',(15.2934077994424,-4.52145080113974,134.823103873281));
#2127=CARTESIAN_POINT('Ctrl Pts',(15.1197701565767,-4.52015570981681,134.659829294355));
#2128=CARTESIAN_POINT('Ctrl Pts',(14.9225511248688,-4.51802568352571,134.472261457098));
#2129=CARTESIAN_POINT('Ctrl Pts',(14.7024217937426,-4.51481556497057,134.259966641393));
#2130=CARTESIAN_POINT('Ctrl Pts',(14.4841358430126,-4.51087964243155,134.046403609803));
#2131=CARTESIAN_POINT('Ctrl Pts',(14.267812088507,-4.50631789935079,133.831590529411));
#2132=CARTESIAN_POINT('Ctrl Pts',(14.0535645059516,-4.50124422459672,133.615541978682));
#2133=CARTESIAN_POINT('Ctrl Pts',(13.8415793388535,-4.4958008749338,133.398280043661));
#2134=CARTESIAN_POINT('Ctrl Pts',(13.6668091105613,-4.49105795145141,133.216219064271));
#2135=CARTESIAN_POINT('Ctrl Pts',(13.5280439377647,-4.48717147417183,133.069966387019));
#2136=CARTESIAN_POINT('Ctrl Pts',(13.4244862468166,-4.48422074942666,132.959972813539));
#2137=CARTESIAN_POINT('Ctrl Pts',(13.3214265731332,-4.481240838309,132.849674642835));
#2138=CARTESIAN_POINT('Ctrl Pts',(13.1846569523575,-4.47723508286374,132.702205225498));
#2139=CARTESIAN_POINT('Ctrl Pts',(13.0148574073263,-4.472183222939,132.517099309161));
#2140=CARTESIAN_POINT('Ctrl Pts',(12.8464771617915,-4.46707804888617,132.330976819471));
#2141=CARTESIAN_POINT('Ctrl Pts',(12.7125263001727,-4.4629555685726,132.181462874989));
#2142=CARTESIAN_POINT('Ctrl Pts',(12.6124104484942,-4.45983953453622,132.069017028033));
#2143=CARTESIAN_POINT('Ctrl Pts',(12.5126105261082,-4.45669122374933,131.956261003957));
#2144=CARTESIAN_POINT('Ctrl Pts',(12.3799180795614,-4.45243664260342,131.80550355938));
#2145=CARTESIAN_POINT('Ctrl Pts',(12.2146592038387,-4.44698241999275,131.616269113362));
#2146=CARTESIAN_POINT('Ctrl Pts',(12.0499225967363,-4.44122810237222,131.425975342388));
#2147=CARTESIAN_POINT('Ctrl Pts',(11.9182535716546,-4.4363434796828,131.273100204554));
#2148=CARTESIAN_POINT('Ctrl Pts',(11.8195165575839,-4.43251289760396,131.158119449171));
#2149=CARTESIAN_POINT('Ctrl Pts',(11.7207470186593,-4.42848310253824,131.042813641649));
#2150=CARTESIAN_POINT('Ctrl Pts',(11.5889613866734,-4.42280264926034,130.888637377485));
#2151=CARTESIAN_POINT('Ctrl Pts',(11.4239672829986,-4.4150459548647,130.695094890189));
#2152=CARTESIAN_POINT('Ctrl Pts',(11.2585133323605,-4.40619694113075,130.500467376749));
#2153=CARTESIAN_POINT('Ctrl Pts',(11.1259305373201,-4.39835328462693,130.344133762445));
#2154=CARTESIAN_POINT('Ctrl Pts',(11.0264332363708,-4.39207742374766,130.226570284628));
#2155=CARTESIAN_POINT('Ctrl Pts',(10.9269228227566,-4.38539357522272,130.108700554923));
#2156=CARTESIAN_POINT('Ctrl Pts',(10.7943335926796,-4.37593890565988,129.951143725383));
#2157=CARTESIAN_POINT('Ctrl Pts',(10.6292009726532,-4.36318051339874,129.75348201819));
#2158=CARTESIAN_POINT('Ctrl Pts',(10.4656330818542,-4.34935823863357,129.554940478913));
#2159=CARTESIAN_POINT('Ctrl Pts',(10.3359567596161,-4.33776881084942,129.395606272589));
#2160=CARTESIAN_POINT('Ctrl Pts',(10.2393180111914,-4.32883836158231,129.275855134202));
#2161=CARTESIAN_POINT('Ctrl Pts',(10.1433186466387,-4.31969212631475,129.155855951415));
#2162=CARTESIAN_POINT('Ctrl Pts',(10.0161769860678,-4.30723321076748,128.995529000886));
#2163=CARTESIAN_POINT('Ctrl Pts',(9.85886826549996,-4.29122080312917,128.794498929298));
#2164=CARTESIAN_POINT('Ctrl Pts',(9.70365290724142,-4.27470922506268,128.592648775));
#2165=CARTESIAN_POINT('Ctrl Pts',(9.5806823662077,-4.26124271680791,128.430677706161));
#2166=CARTESIAN_POINT('Ctrl Pts',(9.45849623287683,-4.24761972809367,128.26837657021));
#2167=CARTESIAN_POINT('Ctrl Pts',(9.30720521556582,-4.23032768528534,128.064874393157));
#2168=CARTESIAN_POINT('Ctrl Pts',(9.15774141362662,-4.2127254906584,127.860541978544));
#2169=CARTESIAN_POINT('Ctrl Pts',(9.03921749357955,-4.19847894706245,127.696579880941));
#2170=CARTESIAN_POINT('Ctrl Pts',(8.92137868716892,-4.18413123367442,127.53228539286));
#2171=CARTESIAN_POINT('Ctrl Pts',(8.77534287310707,-4.16602476136778,127.326290118777));
#2172=CARTESIAN_POINT('Ctrl Pts',(8.63092516695686,-4.14770927224191,127.119466984096));
#2173=CARTESIAN_POINT('Ctrl Pts',(8.51632837816724,-4.13294153328751,126.95351637799));
#2174=CARTESIAN_POINT('Ctrl Pts',(8.40234803727343,-4.11810264298276,126.787236187956));
#2175=CARTESIAN_POINT('Ctrl Pts',(8.26101038297324,-4.09942594951939,126.578770261295));
#2176=CARTESIAN_POINT('Ctrl Pts',(8.12115018697133,-4.08060021132849,126.369477693781));
#2177=CARTESIAN_POINT('Ctrl Pts',(8.01011496215702,-4.06543971129108,126.201563169965));
#2178=CARTESIAN_POINT('Ctrl Pts',(7.89964230781762,-4.05021853710394,126.033323674448));
#2179=CARTESIAN_POINT('Ctrl Pts',(7.76259494209942,-4.03108423192009,125.822411938528));
#2180=CARTESIAN_POINT('Ctrl Pts',(7.6268757285232,-4.01178835943538,125.610694022345));
#2181=CARTESIAN_POINT('Ctrl Pts',(7.51905712267817,-3.99623830902784,125.440842698217));
#2182=CARTESIAN_POINT('Ctrl Pts',(7.4385645867267,-3.98451867135369,125.313213610332));
#2183=CARTESIAN_POINT('Ctrl Pts',(7.35843411810822,-3.97273764008474,125.185344895674));
#2184=CARTESIAN_POINT('Ctrl Pts',(7.25206373579934,-3.95694120127487,125.014535091152));
#2185=CARTESIAN_POINT('Ctrl Pts',(7.11996300151882,-3.93702501835912,124.800421356716));
#2186=CARTESIAN_POINT('Ctrl Pts',(6.98893806055274,-3.91683163353255,124.585518130116));
#2187=CARTESIAN_POINT('Ctrl Pts',(6.88471084473437,-3.90047186556636,124.41312983552));
#2188=CARTESIAN_POINT('Ctrl Pts',(6.80682460834352,-3.88809288002987,124.283603844614));
#2189=CARTESIAN_POINT('Ctrl Pts',(6.72920693937945,-3.87559328710839,124.153844282936));
#2190=CARTESIAN_POINT('Ctrl Pts',(6.62605104267354,-3.8587485751366,123.980521679659));
#2191=CARTESIAN_POINT('Ctrl Pts',(6.49769252234679,-3.83733288272662,123.763282255824));
#2192=CARTESIAN_POINT('Ctrl Pts',(6.36995657215881,-3.81531109285754,123.545274534186));
#2193=CARTESIAN_POINT('Ctrl Pts',(6.2680168382571,-3.79722916513702,123.370415255727));
#2194=CARTESIAN_POINT('Ctrl Pts',(6.19165419946139,-3.78341209150958,123.2390413476));
#2195=CARTESIAN_POINT('Ctrl Pts',(6.11534519587974,-3.769308040389,123.107438751475));
#2196=CARTESIAN_POINT('Ctrl Pts',(6.01361345874337,-3.75007149777361,122.931664651725));
#2197=CARTESIAN_POINT('Ctrl Pts',(5.88637663465331,-3.72513945843655,122.711369243851));
#2198=CARTESIAN_POINT('Ctrl Pts',(5.75872690924097,-3.69871962585178,122.490318742357));
#2199=CARTESIAN_POINT('Ctrl Pts',(5.65626131734913,-3.6765192917672,122.313043464131));
#2200=CARTESIAN_POINT('Ctrl Pts',(5.57928275263262,-3.65932845535124,122.179871975271));
#2201=CARTESIAN_POINT('Ctrl Pts',(5.50225450250389,-3.64160063016171,122.046494160854));
#2202=CARTESIAN_POINT('Ctrl Pts',(5.39974295637042,-3.61732901785577,121.86840159617));
#2203=CARTESIAN_POINT('Ctrl Pts',(5.27254991997805,-3.58603055720172,121.645339843665));
#2204=CARTESIAN_POINT('Ctrl Pts',(5.14787306470522,-3.55408037482655,121.421747314173));
#2205=CARTESIAN_POINT('Ctrl Pts',(5.05015887477233,-3.52846702018575,121.24259457213));
#2206=CARTESIAN_POINT('Ctrl Pts',(4.97793705991495,-3.50930236439136,121.10808421883));
#2207=CARTESIAN_POINT('Ctrl Pts',(4.906795664753,-3.49022778858341,120.973428942759));
#2208=CARTESIAN_POINT('Ctrl Pts',(4.81333847959957,-3.46494638530489,120.793690378868));
#2209=CARTESIAN_POINT('Ctrl Pts',(4.69902274549876,-3.43367436313895,120.568627527356));
#2210=CARTESIAN_POINT('Ctrl Pts',(4.58753842866772,-3.40277941495873,120.343021284181));
#2211=CARTESIAN_POINT('Ctrl Pts',(4.4997315101674,-3.37820691757953,120.162197520328));
#2212=CARTESIAN_POINT('Ctrl Pts',(4.43449935820728,-3.35983198599484,120.026404568374));
#2213=CARTESIAN_POINT('Ctrl Pts',(4.36982207241824,-3.34148787979766,119.89043393523));
#2214=CARTESIAN_POINT('Ctrl Pts',(4.28424345985157,-3.3170370777362,119.708900477926));
#2215=CARTESIAN_POINT('Ctrl Pts',(4.17836252476409,-3.28643632275387,119.481524663806));
#2216=CARTESIAN_POINT('Ctrl Pts',(4.07357467392156,-3.25559269969036,119.253536624793));
#2217=CARTESIAN_POINT('Ctrl Pts',(3.99018046259604,-3.23063163711592,119.07078079933));
#2218=CARTESIAN_POINT('Ctrl Pts',(3.92783172677034,-3.21175022278986,118.933530152787));
#2219=CARTESIAN_POINT('Ctrl Pts',(3.86566035345204,-3.19268811127596,118.796097383893));
#2220=CARTESIAN_POINT('Ctrl Pts',(3.78297263217286,-3.16700040221003,118.612613120939));
#2221=CARTESIAN_POINT('Ctrl Pts',(3.67995733409085,-3.13433714165336,118.382804442171));
#2222=CARTESIAN_POINT('Ctrl Pts',(3.57724937499681,-3.10075438120947,118.152409258428));
#2223=CARTESIAN_POINT('Ctrl Pts',(3.49517486696977,-3.0732136157779,117.967753846729));
#2224=CARTESIAN_POINT('Ctrl Pts',(3.43364795570983,-3.05219664048038,117.829092499209));
#2225=CARTESIAN_POINT('Ctrl Pts',(3.37212984750813,-3.03078697543934,117.690264230811));
#2226=CARTESIAN_POINT('Ctrl Pts',(3.29009377676139,-3.00167472508637,117.504941555212));
#2227=CARTESIAN_POINT('Ctrl Pts',(3.18749827313865,-2.96416294433573,117.272879719881));
#2228=CARTESIAN_POINT('Ctrl Pts',(3.08476590113095,-2.92494129341176,117.040304506966));
#2229=CARTESIAN_POINT('Ctrl Pts',(3.0025180096203,-2.89243685268965,116.853958561169));
#2230=CARTESIAN_POINT('Ctrl Pts',(2.94082805547522,-2.86749034975094,116.714058346816));
#2231=CARTESIAN_POINT('Ctrl Pts',(2.8791719940656,-2.84197244840948,116.574023130232));
#2232=CARTESIAN_POINT('Ctrl Pts',(2.79705577715662,-2.80718543127384,116.387136231378));
#2233=CARTESIAN_POINT('Ctrl Pts',(2.69484279761988,-2.76238614810528,116.153213148107));
#2234=CARTESIAN_POINT('Ctrl Pts',(2.59423296452781,-2.71642097113278,115.918929289948));
#2235=CARTESIAN_POINT('Ctrl Pts',(2.51511223898244,-2.67925302511371,115.731308131543));
#2236=CARTESIAN_POINT('Ctrl Pts',(2.43699147800868,-2.64191419261858,115.543558633124));
#2237=CARTESIAN_POINT('Ctrl Pts',(2.34135570220296,-2.59508223749192,115.308630044599));
#2238=CARTESIAN_POINT('Ctrl Pts',(2.24853787459696,-2.54829915738052,115.073382628624));
#2239=CARTESIAN_POINT('Ctrl Pts',(2.1759577201678,-2.5109980620815,114.884988750345));
#2240=CARTESIAN_POINT('Ctrl Pts',(2.10447804090995,-2.47380969760698,114.696458982964));
#2241=CARTESIAN_POINT('Ctrl Pts',(2.01716087050855,-2.42758811523736,114.46053214191));
#2242=CARTESIAN_POINT('Ctrl Pts',(1.9324035125004,-2.38175995290152,114.224241780206));
#2243=CARTESIAN_POINT('Ctrl Pts',(1.86604597466558,-2.34534799193689,114.034984726448));
#2244=CARTESIAN_POINT('Ctrl Pts',(1.80060981820521,-2.30909722503577,113.845572575849));
#2245=CARTESIAN_POINT('Ctrl Pts',(1.72056647038477,-2.26415855979936,113.608509557725));
#2246=CARTESIAN_POINT('Ctrl Pts',(1.64230741805661,-2.21937768648195,113.371029672066));
#2247=CARTESIAN_POINT('Ctrl Pts',(1.58031634829034,-2.18329126328041,113.180786994742));
#2248=CARTESIAN_POINT('Ctrl Pts',(1.53401777695239,-2.15599793452874,113.0379731464));
#2249=CARTESIAN_POINT('Ctrl Pts',(1.48777907206853,-2.12835565581496,112.895026235139));
#2250=CARTESIAN_POINT('Ctrl Pts',(1.42596788811907,-2.0907973218714,112.704255097095));
#2251=CARTESIAN_POINT('Ctrl Pts',(1.36355872303237,-2.05185435722017,112.513213729963));
#2252=CARTESIAN_POINT('Ctrl Pts',(1.29922360279194,-2.01012377998848,112.321921863515));
#2253=CARTESIAN_POINT('Ctrl Pts',(1.2494341193354,-1.97682344909499,112.17832463559));
#2254=CARTESIAN_POINT('Ctrl Pts',(1.1973427413736,-1.94067926820301,112.034601531313));
#2255=CARTESIAN_POINT('Ctrl Pts',(1.14177987282076,-1.90035368948281,111.890751645858));
#2256=CARTESIAN_POINT('Ctrl Pts',(1.08136447623685,-1.85411591985573,111.746781113768));
#2257=CARTESIAN_POINT('Ctrl Pts',(1.01539366041413,-1.80047395555228,111.602725749782));
#2258=CARTESIAN_POINT('Ctrl Pts',(0.948841768361765,-1.74343960372301,111.458736019025));
#2259=CARTESIAN_POINT('Ctrl Pts',(0.902158940961931,-1.70190552013689,111.350865465188));
#2260=CARTESIAN_POINT('Ctrl Pts',(0.872446762616116,-1.6749890110167,111.278999028334));
#2261=CARTESIAN_POINT('Ctrl Pts',(0.852991658573783,-1.65723568530896,111.231099285627));
#2262=CARTESIAN_POINT('Ctrl Pts',(0.819815234426407,-1.62663876457481,111.147300976029));
#2263=CARTESIAN_POINT('Ctrl Pts',(0.774526209982525,-1.58400684378591,111.027649947466));
#2264=CARTESIAN_POINT('Ctrl Pts',(0.73100975434568,-1.54190738378061,110.908046565953));
#2265=CARTESIAN_POINT('Ctrl Pts',(0.696686718109059,-1.5079441027487,110.812379984213));
#2266=CARTESIAN_POINT('Ctrl Pts',(0.671020559536923,-1.48212717044684,110.740633971298));
#2267=CARTESIAN_POINT('Ctrl Pts',(0.645268172086745,-1.45575963219105,110.668891357314));
#2268=CARTESIAN_POINT('Ctrl Pts',(0.619197441995513,-1.4285284215336,110.597150449172));
#2269=CARTESIAN_POINT('Ctrl Pts',(0.59252119105524,-1.40002750942206,110.525410808703));
#2270=CARTESIAN_POINT('Ctrl Pts',(0.5716712848974,-1.37714156715139,110.471606014035));
#2271=CARTESIAN_POINT('Ctrl Pts',(0.558502540759285,-1.3623988364009,110.438727364881));
#2272=CARTESIAN_POINT('Ctrl Pts',(0.553664888186542,-1.3569502810432,110.42677179502));
#2273=CARTESIAN_POINT('Ctrl Pts',(0.546356186368543,-1.34868510914911,110.408838678015));
#2274=CARTESIAN_POINT('Ctrl Pts',(0.530226698449656,-1.3302560010651,110.369985129431));
#2275=CARTESIAN_POINT('Ctrl Pts',(0.511981381469712,-1.30886185028669,110.328147849249));
#2276=CARTESIAN_POINT('Ctrl Pts',(0.4975481533456,-1.29147918345629,110.296776108357));
#2277=CARTESIAN_POINT('Ctrl Pts',(0.493363362091053,-1.2864038886869,110.287813210445));
#2278=CARTESIAN_POINT('Ctrl Pts',(0.490556925870708,-1.28299083530497,110.28183806311));
#2279=CARTESIAN_POINT('Ctrl Pts',(0.485600174564636,-1.27693712776084,110.271381844433));
#2280=CARTESIAN_POINT('Ctrl Pts',(0.478382633078059,-1.26804614056635,110.256445267159));
#2281=CARTESIAN_POINT('Ctrl Pts',(0.470962854207209,-1.25879431326083,110.241510035606));
#2282=CARTESIAN_POINT('Ctrl Pts',(0.46489162498705,-1.25115029381909,110.229562801379));
#2283=CARTESIAN_POINT('Ctrl Pts',(0.461036304920767,-1.24626396392687,110.222096164583));
#2284=CARTESIAN_POINT('Ctrl Pts',(0.457913592909264,-1.24228583093311,110.216123116808));
#2285=CARTESIAN_POINT('Ctrl Pts',(0.454764194085208,-1.23825978713147,110.210150240064));
#2286=CARTESIAN_POINT('Ctrl Pts',(0.451572808095477,-1.23415852069356,110.204177599464));
#2287=CARTESIAN_POINT('Ctrl Pts',(0.448337604173979,-1.22997821606925,110.198205255408));
#2288=CARTESIAN_POINT('Ctrl Pts',(0.445888123378719,-1.22680144826641,110.193726133591));
#2289=CARTESIAN_POINT('Ctrl Pts',(0.44341485614597,-1.22358177719451,110.189247156539));
#2290=CARTESIAN_POINT('Ctrl Pts',(0.441333150063734,-1.22086146147557,110.185514795463));
#2291=CARTESIAN_POINT('Ctrl Pts',(0.439655068864076,-1.21866219102845,110.182528985657));
#2292=CARTESIAN_POINT('Ctrl Pts',(0.437968302218602,-1.21644720503731,110.179543227312));
#2293=CARTESIAN_POINT('Ctrl Pts',(0.436480532122206,-1.2144877172798,110.176930748441));
#2294=CARTESIAN_POINT('Ctrl Pts',(0.435196840944918,-1.21279276474544,110.174691536671));
#2295=CARTESIAN_POINT('Ctrl Pts',(0.43433872158355,-1.21165858018069,110.173198742055));
#2296=CARTESIAN_POINT('Ctrl Pts',(0.433477018753904,-1.21051791752679,110.171705965276));
#2297=CARTESIAN_POINT('Ctrl Pts',(0.43261178145158,-1.20937081889133,110.170213210613));
#2298=CARTESIAN_POINT('Ctrl Pts',(0.432069475164266,-1.20865110844024,110.169280246753));
#2299=CARTESIAN_POINT('Ctrl Pts',(0.431634741792788,-1.20807371297412,110.16853388154));
#2300=CARTESIAN_POINT('Ctrl Pts',(0.431308196900339,-1.20763978733495,110.167974109316));
#2301=CARTESIAN_POINT('Ctrl Pts',(0.431035760705904,-1.20727756795355,110.167507636317));
#2302=CARTESIAN_POINT('Ctrl Pts',(0.430844747625468,-1.20702351702252,110.167181103778));
#2303=CARTESIAN_POINT('Ctrl Pts',(0.430749314969637,-1.20689655237428,110.167017840874));
#2304=CARTESIAN_POINT('Ctrl Pts',(0.43069458730415,-1.20682375339584,110.166924543422));
#2305=CARTESIAN_POINT('Ctrl Pts',(0.402879732741341,-1.1697976237573,110.119115501975));
#2306=CARTESIAN_POINT('Ctrl Pts',(0.357654626084964,-1.10763078264588,110.059293401891));
#2307=CARTESIAN_POINT('Ctrl Pts',(0.263777928547203,-0.951408243705478,
109.964282272829));
#2308=CARTESIAN_POINT('Ctrl Pts',(0.240576787363483,-0.908671898076201,
109.917538929959));
#2309=CARTESIAN_POINT('Ctrl Pts',(0.221126230588228,-0.872419895285714,
109.882576850958));
#2310=CARTESIAN_POINT('Ctrl Pts',(50.1809926378909,-3.33066907387547E-15,
148.009929016252));
#2311=CARTESIAN_POINT('Ctrl Pts',(50.036007363084,-0.0417807218151838,148.01118865209));
#2312=CARTESIAN_POINT('Ctrl Pts',(49.8217958774725,-0.0960177138587557,
148.013157561545));
#2313=CARTESIAN_POINT('Ctrl Pts',(49.5023494629986,-0.173134309079348,148.01437983043));
#2314=CARTESIAN_POINT('Ctrl Pts',(49.1988727038835,-0.242248232891854,148.013852227845));
#2315=CARTESIAN_POINT('Ctrl Pts',(48.8960740427898,-0.309476835479443,148.0115639911));
#2316=CARTESIAN_POINT('Ctrl Pts',(48.5971123717125,-0.374071807342102,148.007512202452));
#2317=CARTESIAN_POINT('Ctrl Pts',(48.2990694228056,-0.437321283866175,148.001694735973));
#2318=CARTESIAN_POINT('Ctrl Pts',(48.0023691321637,-0.499239879998147,147.994110261746));
#2319=CARTESIAN_POINT('Ctrl Pts',(47.706315122725,-0.560195337958469,147.984757079501));
#2320=CARTESIAN_POINT('Ctrl Pts',(47.4108743509376,-0.620287554502287,147.973633322473));
#2321=CARTESIAN_POINT('Ctrl Pts',(47.1158311007322,-0.67966092467487,147.960736842124));
#2322=CARTESIAN_POINT('Ctrl Pts',(46.821113674557,-0.738393314307686,147.946065225998));
#2323=CARTESIAN_POINT('Ctrl Pts',(46.5266299656917,-0.796558781861142,147.92961577591));
#2324=CARTESIAN_POINT('Ctrl Pts',(46.2323282811175,-0.854208935773853,147.91138570852));
#2325=CARTESIAN_POINT('Ctrl Pts',(45.9381727113098,-0.911385073908225,147.891372864839));
#2326=CARTESIAN_POINT('Ctrl Pts',(45.6441591875095,-0.968115018544862,147.86957667722));
#2327=CARTESIAN_POINT('Ctrl Pts',(45.350288196555,-1.02442068875814,147.845997135819));
#2328=CARTESIAN_POINT('Ctrl Pts',(45.0565638485777,-1.08031884937694,147.820634591779));
#2329=CARTESIAN_POINT('Ctrl Pts',(44.7629914540495,-1.13582246213967,147.793489687693));
#2330=CARTESIAN_POINT('Ctrl Pts',(44.469576804049,-1.19094129008721,147.764563253249));
#2331=CARTESIAN_POINT('Ctrl Pts',(44.1763253127963,-1.24568250826448,147.733856226621));
#2332=CARTESIAN_POINT('Ctrl Pts',(43.8832416713636,-1.30005107810228,147.701369580417));
#2333=CARTESIAN_POINT('Ctrl Pts',(43.5903296137445,-1.35405005242245,147.667104263918));
#2334=CARTESIAN_POINT('Ctrl Pts',(43.2975918805752,-1.40768078403959,147.631061157614));
#2335=CARTESIAN_POINT('Ctrl Pts',(43.005030277009,-1.46094308389056,147.593241041633));
#2336=CARTESIAN_POINT('Ctrl Pts',(42.7126458190633,-1.5138353351677,147.553644576323));
#2337=CARTESIAN_POINT('Ctrl Pts',(42.4204389327576,-1.56635458150283,147.512272294006));
#2338=CARTESIAN_POINT('Ctrl Pts',(42.1284096933062,-1.6184965982777,147.469124600122));
#2339=CARTESIAN_POINT('Ctrl Pts',(41.8365580897398,-1.67025595721245,147.424201782088));
#2340=CARTESIAN_POINT('Ctrl Pts',(41.5448843076683,-1.72162609193059,147.377504024103));
#2341=CARTESIAN_POINT('Ctrl Pts',(41.2533890248524,-1.77259937188564,147.329031426223));
#2342=CARTESIAN_POINT('Ctrl Pts',(40.96207371713,-1.82316719121762,147.278784026276));
#2343=CARTESIAN_POINT('Ctrl Pts',(40.6709409733136,-1.87332007878292,147.226761823381));
#2344=CARTESIAN_POINT('Ctrl Pts',(40.3799948177486,-1.92304783514483,147.172964802198));
#2345=CARTESIAN_POINT('Ctrl Pts',(40.0892410382888,-1.97233970186611,147.117392957365));
#2346=CARTESIAN_POINT('Ctrl Pts',(39.7986875142245,-2.02118456759952,147.060046317884));
#2347=CARTESIAN_POINT('Ctrl Pts',(39.5083445364563,-2.0695712144725,147.000924971631));
#2348=CARTESIAN_POINT('Ctrl Pts',(39.2182251036218,-2.11748860603347,146.940029090267));
#2349=CARTESIAN_POINT('Ctrl Pts',(38.928345181031,-2.16492621645181,146.877358955308));
#2350=CARTESIAN_POINT('Ctrl Pts',(38.6387238845353,-2.21187439496964,146.81291498554));
#2351=CARTESIAN_POINT('Ctrl Pts',(38.3493835933953,-2.25832476063189,146.74669776736));
#2352=CARTESIAN_POINT('Ctrl Pts',(38.0603498909066,-2.30427060540155,146.678708086035));
#2353=CARTESIAN_POINT('Ctrl Pts',(37.7716514766411,-2.34970730680188,146.608946963243));
#2354=CARTESIAN_POINT('Ctrl Pts',(37.4833196470924,-2.39463268219988,146.537415687871));
#2355=CARTESIAN_POINT('Ctrl Pts',(37.1953882168393,-2.43904734331356,146.464115865197));
#2356=CARTESIAN_POINT('Ctrl Pts',(36.9078919545787,-2.48295495452628,146.389049435681));
#2357=CARTESIAN_POINT('Ctrl Pts',(36.6208680357482,-2.52636221298602,146.312218735851));
#2358=CARTESIAN_POINT('Ctrl Pts',(36.3343431872218,-2.56928013428788,146.23362640263));
#2359=CARTESIAN_POINT('Ctrl Pts',(36.0483370435349,-2.61172183444421,146.153275205369));
#2360=CARTESIAN_POINT('Ctrl Pts',(35.7628658696474,-2.65370138846146,146.071168037417));
#2361=CARTESIAN_POINT('Ctrl Pts',(35.4779420091811,-2.69523330792822,145.987307878915));
#2362=CARTESIAN_POINT('Ctrl Pts',(35.1935750454719,-2.73633193725876,145.901697776446));
#2363=CARTESIAN_POINT('Ctrl Pts',(34.9097722004886,-2.77701104998473,145.814340821083));
#2364=CARTESIAN_POINT('Ctrl Pts',(34.6265389732451,-2.81728351702373,145.725240132964));
#2365=CARTESIAN_POINT('Ctrl Pts',(34.3438795521028,-2.85716108425471,145.634398848594));
#2366=CARTESIAN_POINT('Ctrl Pts',(34.0617971935084,-2.89665421991656,145.541820111982));
#2367=CARTESIAN_POINT('Ctrl Pts',(33.7802944886279,-2.93577202464858,145.447507068457));
#2368=CARTESIAN_POINT('Ctrl Pts',(33.4993735645939,-2.97452218424326,145.351462860953));
#2369=CARTESIAN_POINT('Ctrl Pts',(33.2190362160723,-3.01291095386837,145.253690628178));
#2370=CARTESIAN_POINT('Ctrl Pts',(32.9392839845673,-3.05094316103324,145.154193504266));
#2371=CARTESIAN_POINT('Ctrl Pts',(32.6601181928836,-3.0886222205224,145.052974619512));
#2372=CARTESIAN_POINT('Ctrl Pts',(32.381539941397,-3.12595014976179,144.950037101875));
#2373=CARTESIAN_POINT('Ctrl Pts',(32.1035500761096,-3.16292758888872,144.845384078882));
#2374=CARTESIAN_POINT('Ctrl Pts',(31.8261491205615,-3.19955379828529,144.739018679787));
#2375=CARTESIAN_POINT('Ctrl Pts',(31.5800940800259,-3.23179636192563,144.642952331064));
#2376=CARTESIAN_POINT('Ctrl Pts',(31.3651774279491,-3.25977730929694,144.55778846735));
#2377=CARTESIAN_POINT('Ctrl Pts',(31.1812244661128,-3.28360096271575,144.484033532773));
#2378=CARTESIAN_POINT('Ctrl Pts',(30.9975323825616,-3.30726293689225,144.409522193939));
#2379=CARTESIAN_POINT('Ctrl Pts',(30.8141005564636,-3.33076125670719,144.334255385138));
#2380=CARTESIAN_POINT('Ctrl Pts',(30.6309281584325,-3.35409364772442,144.258234041926));
#2381=CARTESIAN_POINT('Ctrl Pts',(30.4480141134813,-3.37725751124513,144.181459100876));
#2382=CARTESIAN_POINT('Ctrl Pts',(30.2653570593823,-3.40024991730081,144.103931499386));
#2383=CARTESIAN_POINT('Ctrl Pts',(30.0829553088126,-3.42306757203972,144.025652174782));
#2384=CARTESIAN_POINT('Ctrl Pts',(29.9008067756802,-3.44570682222613,143.946622064592));
#2385=CARTESIAN_POINT('Ctrl Pts',(29.7189089676076,-3.46816356125951,143.866842103308));
#2386=CARTESIAN_POINT('Ctrl Pts',(29.537264590919,-3.49043281189573,143.786313234189));
#2387=CARTESIAN_POINT('Ctrl Pts',(29.355876237269,-3.51250966320213,143.70503642168));
#2388=CARTESIAN_POINT('Ctrl Pts',(29.1747464547573,-3.53438920089297,143.623012648891));
#2389=CARTESIAN_POINT('Ctrl Pts',(28.9938777472224,-3.55606652221857,143.540242918832));
#2390=CARTESIAN_POINT('Ctrl Pts',(28.8132726013298,-3.57753671928546,143.456728254183));
#2391=CARTESIAN_POINT('Ctrl Pts',(28.6329335020451,-3.59879487937514,143.372469697689));
#2392=CARTESIAN_POINT('Ctrl Pts',(28.452862954612,-3.61983608031325,143.287468312378));
#2393=CARTESIAN_POINT('Ctrl Pts',(28.2730635057014,-3.64065539071266,143.201725181925));
#2394=CARTESIAN_POINT('Ctrl Pts',(28.0935377676792,-3.6612478709561,143.115241411046));
#2395=CARTESIAN_POINT('Ctrl Pts',(27.9142884448073,-3.68160857685359,143.028018125954));
#2396=CARTESIAN_POINT('Ctrl Pts',(27.7353183630147,-3.70173256544625,142.940056474925));
#2397=CARTESIAN_POINT('Ctrl Pts',(27.5566305032171,-3.72161490344187,142.85135762897));
#2398=CARTESIAN_POINT('Ctrl Pts',(27.3782280363188,-3.74125067819421,142.761922782294));
#2399=CARTESIAN_POINT('Ctrl Pts',(27.2001143695555,-3.76063501259293,142.671753153674));
#2400=CARTESIAN_POINT('Ctrl Pts',(27.0222931896093,-3.77976308250185,142.58084998694));
#2401=CARTESIAN_POINT('Ctrl Pts',(26.8447685183087,-3.79863013893807,142.489214552397));
#2402=CARTESIAN_POINT('Ctrl Pts',(26.6675447714049,-3.81723153429212,142.396848148));
#2403=CARTESIAN_POINT('Ctrl Pts',(26.490626825945,-3.83556275370637,142.303752100894));
#2404=CARTESIAN_POINT('Ctrl Pts',(26.3140200945663,-3.85361945193821,142.209927769086));
#2405=CARTESIAN_POINT('Ctrl Pts',(26.1377306079929,-3.87139749643642,142.115376543361));
#2406=CARTESIAN_POINT('Ctrl Pts',(25.9617651054849,-3.88889301723151,142.020099849437));
#2407=CARTESIAN_POINT('Ctrl Pts',(25.7861311333142,-3.90610246431455,141.924099150372));
#2408=CARTESIAN_POINT('Ctrl Pts',(25.6108371506774,-3.92302267314257,141.82737594923));
#2409=CARTESIAN_POINT('Ctrl Pts',(25.4358926421605,-3.93965093884802,141.729931792026));
#2410=CARTESIAN_POINT('Ctrl Pts',(25.2613082349856,-3.95598509967593,141.631768270924));
#2411=CARTESIAN_POINT('Ctrl Pts',(25.0870958189567,-3.97202362989873,141.5328870277));
#2412=CARTESIAN_POINT('Ctrl Pts',(24.9132686649834,-3.98776574249267,141.433289757415));
#2413=CARTESIAN_POINT('Ctrl Pts',(24.7398415393927,-4.00321150091043,141.332978212269));
#2414=CARTESIAN_POINT('Ctrl Pts',(24.5668308042732,-4.01836194029564,141.231954205583));
#2415=CARTESIAN_POINT('Ctrl Pts',(24.394254505857,-4.03321919460026,141.130219615759));
#2416=CARTESIAN_POINT('Ctrl Pts',(24.2221324211619,-4.04778663310827,141.027776390235));
#2417=CARTESIAN_POINT('Ctrl Pts',(24.0504861020889,-4.06206899124392,140.924626548974));
#2418=CARTESIAN_POINT('Ctrl Pts',(23.8793387927194,-4.07607252089203,140.820772188023));
#2419=CARTESIAN_POINT('Ctrl Pts',(23.7087154706762,-4.0898050891605,140.716215481247));
#2420=CARTESIAN_POINT('Ctrl Pts',(23.5386423947929,-4.1032763740937,140.610958683885));
#2421=CARTESIAN_POINT('Ctrl Pts',(23.3691475623477,-4.11649779339345,140.505004128597));
#2422=CARTESIAN_POINT('Ctrl Pts',(23.2002585627413,-4.1294830242871,140.398354235412));
#2423=CARTESIAN_POINT('Ctrl Pts',(23.0319718234211,-4.14224867638837,140.291011445816));
#2424=CARTESIAN_POINT('Ctrl Pts',(22.8642830220348,-4.15481037173799,140.182978163812));
#2425=CARTESIAN_POINT('Ctrl Pts',(22.6971855999803,-4.16718301321385,140.07425676035));
#2426=CARTESIAN_POINT('Ctrl Pts',(22.5306715116396,-4.17938048156822,139.964849563146));
#2427=CARTESIAN_POINT('Ctrl Pts',(22.3647311037927,-4.19141558584657,139.854758853447));
#2428=CARTESIAN_POINT('Ctrl Pts',(22.1993533919688,-4.20329992593137,139.743986860791));
#2429=CARTESIAN_POINT('Ctrl Pts',(22.0345261808928,-4.2150438153401,139.632535759674));
#2430=CARTESIAN_POINT('Ctrl Pts',(21.8702362601584,-4.22665620064315,139.520407666462));
#2431=CARTESIAN_POINT('Ctrl Pts',(21.7064695677024,-4.23814460477667,139.407604637245));
#2432=CARTESIAN_POINT('Ctrl Pts',(21.5432113607273,-4.24951508162891,139.294128666315));
#2433=CARTESIAN_POINT('Ctrl Pts',(21.3804463709556,-4.26077218604294,139.179981685359));
#2434=CARTESIAN_POINT('Ctrl Pts',(21.2181589491874,-4.27191895573295,139.065165563254));
#2435=CARTESIAN_POINT('Ctrl Pts',(21.0563331930393,-4.28295690461161,138.949682106463));
#2436=CARTESIAN_POINT('Ctrl Pts',(20.8949530574356,-4.2938860255209,138.833533059909));
#2437=CARTESIAN_POINT('Ctrl Pts',(20.7340024461404,-4.30470480085705,138.71672010841));
#2438=CARTESIAN_POINT('Ctrl Pts',(20.5734652834707,-4.31541021933661,138.599244878298));
#2439=CARTESIAN_POINT('Ctrl Pts',(20.4133255669406,-4.32599779715134,138.48110893991));
#2440=CARTESIAN_POINT('Ctrl Pts',(20.2535673985638,-4.33646160200326,138.362313809231));
#2441=CARTESIAN_POINT('Ctrl Pts',(20.094175001029,-4.3467942779692,138.24286095249));
#2442=CARTESIAN_POINT('Ctrl Pts',(19.9351327056263,-4.35698707062451,138.122751784577));
#2443=CARTESIAN_POINT('Ctrl Pts',(19.7764249538238,-4.36702984798068,138.001987689426));
#2444=CARTESIAN_POINT('Ctrl Pts',(19.618036347078,-4.37691111451197,137.880570096406));
#2445=CARTESIAN_POINT('Ctrl Pts',(19.4599515906422,-4.38661802540596,137.758500480462));
#2446=CARTESIAN_POINT('Ctrl Pts',(19.3021553934536,-4.39613639863694,137.635780364402));
#2447=CARTESIAN_POINT('Ctrl Pts',(19.1446324230742,-4.40545070989209,137.51241132063));
#2448=CARTESIAN_POINT('Ctrl Pts',(18.987367080087,-4.41454410087174,137.388394973994));
#2449=CARTESIAN_POINT('Ctrl Pts',(18.8303436401136,-4.42339832531487,137.263733005174));
#2450=CARTESIAN_POINT('Ctrl Pts',(18.6735454954714,-4.43199380243149,137.138427154602));
#2451=CARTESIAN_POINT('Ctrl Pts',(18.516956412364,-4.44030939172161,137.012479227247));
#2452=CARTESIAN_POINT('Ctrl Pts',(18.3605570009993,-4.44832271584751,136.885891100102));
#2453=CARTESIAN_POINT('Ctrl Pts',(18.2043336233344,-4.45600916314054,136.758664720926));
#2454=CARTESIAN_POINT('Ctrl Pts',(18.0483229293943,-4.46334263600838,136.630802175606));
#2455=CARTESIAN_POINT('Ctrl Pts',(17.8925559369023,-4.47030030645475,136.50230571834));
#2456=CARTESIAN_POINT('Ctrl Pts',(17.7370649892391,-4.47686175959889,136.373177749588));
#2457=CARTESIAN_POINT('Ctrl Pts',(17.581880962313,-4.48300925820075,136.243420806705));
#2458=CARTESIAN_POINT('Ctrl Pts',(17.4270344535175,-4.48872754040525,136.113037548596));
#2459=CARTESIAN_POINT('Ctrl Pts',(17.2725552776427,-4.49400381250951,135.982030742307));
#2460=CARTESIAN_POINT('Ctrl Pts',(17.1184727117427,-4.49882765700512,135.850403248352));
#2461=CARTESIAN_POINT('Ctrl Pts',(16.9648154333258,-4.50319098079411,135.718158006408));
#2462=CARTESIAN_POINT('Ctrl Pts',(16.8116116154259,-4.50708791755907,135.585298019822));
#2463=CARTESIAN_POINT('Ctrl Pts',(16.6588889587594,-4.51051481794617,135.451826342407));
#2464=CARTESIAN_POINT('Ctrl Pts',(16.5066747835262,-4.51347014229803,135.317746062629));
#2465=CARTESIAN_POINT('Ctrl Pts',(16.3549961118669,-4.5159544374398,135.183060290065));
#2466=CARTESIAN_POINT('Ctrl Pts',(16.2038797706114,-4.51797027729788,135.047772141235));
#2467=CARTESIAN_POINT('Ctrl Pts',(16.0533525272321,-4.5195222381263,134.911884725983));
#2468=CARTESIAN_POINT('Ctrl Pts',(15.9034411987016,-4.52061685606255,134.775401134866));
#2469=CARTESIAN_POINT('Ctrl Pts',(15.7541728964362,-4.52126264676343,134.638324425449));
#2470=CARTESIAN_POINT('Ctrl Pts',(15.605575033317,-4.521470027864,134.500657613063));
#2471=CARTESIAN_POINT('Ctrl Pts',(15.4330261286366,-4.52121509025224,134.33936132637));
#2472=CARTESIAN_POINT('Ctrl Pts',(15.2370397303866,-4.52023760080863,134.154048966339));
#2473=CARTESIAN_POINT('Ctrl Pts',(15.0182963877136,-4.51826883311925,133.944267445869));
#2474=CARTESIAN_POINT('Ctrl Pts',(14.8014036643453,-4.51549930478479,133.733189782174));
#2475=CARTESIAN_POINT('Ctrl Pts',(14.5864933082931,-4.51200951484564,133.520824425401));
#2476=CARTESIAN_POINT('Ctrl Pts',(14.3736913311433,-4.50789233585511,133.30717924004));
#2477=CARTESIAN_POINT('Ctrl Pts',(14.1632037236071,-4.50325778432382,133.092261443671));
#2478=CARTESIAN_POINT('Ctrl Pts',(13.9897276454589,-4.49906272786925,132.912108236557));
#2479=CARTESIAN_POINT('Ctrl Pts',(13.8520209139003,-4.49555510333712,132.767355788246));
#2480=CARTESIAN_POINT('Ctrl Pts',(13.7492679899682,-4.49285899829216,132.65847729121));
#2481=CARTESIAN_POINT('Ctrl Pts',(13.6470223131482,-4.49010716131765,132.549285415142));
#2482=CARTESIAN_POINT('Ctrl Pts',(13.5113492909739,-4.48637472468909,132.403279472012));
#2483=CARTESIAN_POINT('Ctrl Pts',(13.3429376686384,-4.48160934142512,132.219992664986));
#2484=CARTESIAN_POINT('Ctrl Pts',(13.175956799265,-4.47674768790426,132.035672880072));
#2485=CARTESIAN_POINT('Ctrl Pts',(13.0431232421779,-4.47281055935403,131.88760141512));
#2486=CARTESIAN_POINT('Ctrl Pts',(12.9438413332335,-4.46983344316936,131.776241114472));
#2487=CARTESIAN_POINT('Ctrl Pts',(12.8448684776907,-4.4668307323021,131.664575251516));
#2488=CARTESIAN_POINT('Ctrl Pts',(12.7132641256375,-4.4627874583592,131.515281623618));
#2489=CARTESIAN_POINT('Ctrl Pts',(12.5493292309834,-4.4576458409392,131.327906766621));
#2490=CARTESIAN_POINT('Ctrl Pts',(12.3858360994705,-4.45232491038232,131.139530246823));
#2491=CARTESIAN_POINT('Ctrl Pts',(12.2550946130794,-4.44790027950735,130.988233788136));
#2492=CARTESIAN_POINT('Ctrl Pts',(12.1570121901357,-4.44447795537053,130.874465379951));
#2493=CARTESIAN_POINT('Ctrl Pts',(12.0588522662188,-4.44093042719485,130.760402506465));
#2494=CARTESIAN_POINT('Ctrl Pts',(11.9278106508399,-4.43600046492644,130.607928334687));
#2495=CARTESIAN_POINT('Ctrl Pts',(11.7636044045302,-4.42939836823766,130.416608114922));
#2496=CARTESIAN_POINT('Ctrl Pts',(11.5987266042858,-4.42202026656275,130.224330565447));
#2497=CARTESIAN_POINT('Ctrl Pts',(11.4664822182199,-4.41554077798746,130.069942350963));
#2498=CARTESIAN_POINT('Ctrl Pts',(11.3671767734825,-4.41036911918268,129.953870232501));
#2499=CARTESIAN_POINT('Ctrl Pts',(11.2678013382678,-4.40486363555909,129.837519295798));
#2500=CARTESIAN_POINT('Ctrl Pts',(11.1353254264397,-4.3970587900309,129.682015774964));
#2501=CARTESIAN_POINT('Ctrl Pts',(10.9702471329582,-4.38642309984439,129.486949745247));
#2502=CARTESIAN_POINT('Ctrl Pts',(10.8067115715954,-4.37467313169739,129.290979785317));
#2503=CARTESIAN_POINT('Ctrl Pts',(10.6770846577666,-4.36467335429599,129.13366695993));
#2504=CARTESIAN_POINT('Ctrl Pts',(10.5804960939306,-4.3568924814585,129.01541503387));
#2505=CARTESIAN_POINT('Ctrl Pts',(10.4845635747697,-4.34884958069649,128.896896854422));
#2506=CARTESIAN_POINT('Ctrl Pts',(10.3575372364191,-4.33780086551822,128.738518797815));
#2507=CARTESIAN_POINT('Ctrl Pts',(10.2004160676898,-4.32342594893267,128.539884902186));
#2508=CARTESIAN_POINT('Ctrl Pts',(10.0454555780674,-4.30840733466386,128.340373776508));
#2509=CARTESIAN_POINT('Ctrl Pts',(9.92272841140031,-4.29606173189675,128.180240782636));
#2510=CARTESIAN_POINT('Ctrl Pts',(9.80080899065393,-4.28351157809752,128.019759097367));
#2511=CARTESIAN_POINT('Ctrl Pts',(9.64988678908044,-4.26746945021076,127.818504518901));
#2512=CARTESIAN_POINT('Ctrl Pts',(9.50083788294045,-4.25102104948261,127.61638380633));
#2513=CARTESIAN_POINT('Ctrl Pts',(9.38267048261623,-4.23765163513324,127.454170444644));
#2514=CARTESIAN_POINT('Ctrl Pts',(9.26520201746706,-4.22415114934788,127.291613760839));
#2515=CARTESIAN_POINT('Ctrl Pts',(9.1196484228843,-4.20704692585064,127.08777665316));
#2516=CARTESIAN_POINT('Ctrl Pts',(8.97573639272725,-4.18967660898336,126.883091814606));
#2517=CARTESIAN_POINT('Ctrl Pts',(8.86155570691633,-4.17563967296105,126.71883975734));
#2518=CARTESIAN_POINT('Ctrl Pts',(8.74799663929293,-4.1615141770107,126.554253056135));
#2519=CARTESIAN_POINT('Ctrl Pts',(8.60719305918736,-4.14370075508227,126.347894989631));
#2520=CARTESIAN_POINT('Ctrl Pts',(8.46786526234114,-4.12569884018728,126.140711255036));
#2521=CARTESIAN_POINT('Ctrl Pts',(8.35725902570959,-4.11119300727721,125.974473113576));
#2522=CARTESIAN_POINT('Ctrl Pts',(8.24721279464962,-4.0966195338215,125.807908932533));
#2523=CARTESIAN_POINT('Ctrl Pts',(8.11068875393287,-4.07827957178349,125.599094991763));
#2524=CARTESIAN_POINT('Ctrl Pts',(7.97547486384448,-4.05977694146711,125.389476421033));
#2525=CARTESIAN_POINT('Ctrl Pts',(7.86804644977252,-4.04487338963815,125.22130313979));
#2526=CARTESIAN_POINT('Ctrl Pts',(7.78783640264498,-4.03364331181553,125.094935104557));
#2527=CARTESIAN_POINT('Ctrl Pts',(7.70797691336073,-4.02235875445612,124.968330156104));
#2528=CARTESIAN_POINT('Ctrl Pts',(7.60195054226504,-4.00723641276569,124.799209295386));
#2529=CARTESIAN_POINT('Ctrl Pts',(7.47023880345517,-3.98818279415652,124.587222088933));
#2530=CARTESIAN_POINT('Ctrl Pts',(7.33954001946687,-3.96890081098346,124.374462306057));
#2531=CARTESIAN_POINT('Ctrl Pts',(7.23553053914743,-3.9533153236551,124.203796857976));
#2532=CARTESIAN_POINT('Ctrl Pts',(7.15778111056429,-3.9415389796411,124.075570568561));
#2533=CARTESIAN_POINT('Ctrl Pts',(7.0802711161799,-3.92966746101659,123.947118727055));
#2534=CARTESIAN_POINT('Ctrl Pts',(6.9772157035502,-3.91369921484796,123.775551214802));
#2535=CARTESIAN_POINT('Ctrl Pts',(6.84888635439833,-3.89345146697345,123.560536819319));
#2536=CARTESIAN_POINT('Ctrl Pts',(6.72102762481809,-3.87273398292706,123.344795367429));
#2537=CARTESIAN_POINT('Ctrl Pts',(6.61888123867008,-3.855808585354,123.171774033436));
#2538=CARTESIAN_POINT('Ctrl Pts',(6.54229856469055,-3.84291695852279,123.041795988445));
#2539=CARTESIAN_POINT('Ctrl Pts',(6.46569722564479,-3.82980408878679,122.911608023652));
#2540=CARTESIAN_POINT('Ctrl Pts',(6.3634679234826,-3.81198791109037,122.737747215237));
#2541=CARTESIAN_POINT('Ctrl Pts',(6.23537289807571,-3.78902048671335,122.519908027078));
#2542=CARTESIAN_POINT('Ctrl Pts',(6.10649353141614,-3.76488628062054,122.301402863805));
#2543=CARTESIAN_POINT('Ctrl Pts',(6.00280418102405,-3.74473261765377,122.12621210072));
#2544=CARTESIAN_POINT('Ctrl Pts',(5.92478586078776,-3.7291699251554,121.994629185874));
#2545=CARTESIAN_POINT('Ctrl Pts',(5.84660785423145,-3.71314793402919,121.862859818763));
#2546=CARTESIAN_POINT('Ctrl Pts',(5.74246354137426,-3.69120831065963,121.686922663877));
#2547=CARTESIAN_POINT('Ctrl Pts',(5.61314042017862,-3.66281838264993,121.466548493354));
#2548=CARTESIAN_POINT('Ctrl Pts',(5.48644433543231,-3.6335347380985,121.245578797096));
#2549=CARTESIAN_POINT('Ctrl Pts',(5.3873205892817,-3.60985351707533,121.06844457914));
#2550=CARTESIAN_POINT('Ctrl Pts',(5.31414634534145,-3.59201855226144,120.935413646427));
#2551=CARTESIAN_POINT('Ctrl Pts',(5.24216707124466,-3.5741562799872,120.8022013009));
#2552=CARTESIAN_POINT('Ctrl Pts',(5.14774062701291,-3.55034346600943,120.624341326803));
#2553=CARTESIAN_POINT('Ctrl Pts',(5.03246326772747,-3.52064018347915,120.401556812579));
#2554=CARTESIAN_POINT('Ctrl Pts',(4.92027637220315,-3.49106588358655,120.178154061843));
#2555=CARTESIAN_POINT('Ctrl Pts',(4.8320084090654,-3.46746331591608,119.999060114729));
#2556=CARTESIAN_POINT('Ctrl Pts',(4.76646420413893,-3.44977979846149,119.86455409584));
#2557=CARTESIAN_POINT('Ctrl Pts',(4.70149542086121,-3.4321031684716,119.729862996245));
#2558=CARTESIAN_POINT('Ctrl Pts',(4.6155393738748,-3.40852495918633,119.550029176656));
#2559=CARTESIAN_POINT('Ctrl Pts',(4.50917074863765,-3.37899652982591,119.324778660226));
#2560=CARTESIAN_POINT('Ctrl Pts',(4.40380535303074,-3.34927209921992,119.098926030045));
#2561=CARTESIAN_POINT('Ctrl Pts',(4.3198518170985,-3.32527724029052,118.917889653416));
#2562=CARTESIAN_POINT('Ctrl Pts',(4.25702638500167,-3.30715518058528,118.78193724363));
#2563=CARTESIAN_POINT('Ctrl Pts',(4.19431648590495,-3.28889058226798,118.645811674245));
#2564=CARTESIAN_POINT('Ctrl Pts',(4.11082124138122,-3.26432199372856,118.464082763203));
#2565=CARTESIAN_POINT('Ctrl Pts',(4.00660746693335,-3.2331573647469,118.236498969481));
#2566=CARTESIAN_POINT('Ctrl Pts',(3.90241737980121,-3.2012387508794,118.00836665103));
#2567=CARTESIAN_POINT('Ctrl Pts',(3.81896833188545,-3.17514936032086,117.825541745891));
#2568=CARTESIAN_POINT('Ctrl Pts',(3.75630610234464,-3.1552770974548,117.688266279437));
#2569=CARTESIAN_POINT('Ctrl Pts',(3.6935424966473,-3.13507096472033,117.550836842802));
#2570=CARTESIAN_POINT('Ctrl Pts',(3.60969150785087,-3.10764437749505,117.367396282279));
#2571=CARTESIAN_POINT('Ctrl Pts',(3.50451364800934,-3.07237624266078,117.137725776255));
#2572=CARTESIAN_POINT('Ctrl Pts',(3.39876248856826,-3.03559394616825,116.907583945852));
#2573=CARTESIAN_POINT('Ctrl Pts',(3.31384177429289,-3.00515757919491,116.723201411012));
#2574=CARTESIAN_POINT('Ctrl Pts',(3.25001629405005,-2.98180659075777,116.58478343345));
#2575=CARTESIAN_POINT('Ctrl Pts',(3.18610091988969,-2.95792120056355,116.446237750257));
#2576=CARTESIAN_POINT('Ctrl Pts',(3.10081655243287,-2.92535128958351,116.261343686389));
#2577=CARTESIAN_POINT('Ctrl Pts',(2.99439344020725,-2.88333624650114,116.029921061165));
#2578=CARTESIAN_POINT('Ctrl Pts',(2.88950423608104,-2.84004434809698,115.798104363774));
#2579=CARTESIAN_POINT('Ctrl Pts',(2.80703195222999,-2.80490869834575,115.612420085582));
#2580=CARTESIAN_POINT('Ctrl Pts',(2.72562679774848,-2.76951453152147,115.426583420439));
#2581=CARTESIAN_POINT('Ctrl Pts',(2.62604183031445,-2.72492166005447,115.194002666098));
#2582=CARTESIAN_POINT('Ctrl Pts',(2.52954773491442,-2.6801407607962,114.961037560649));
#2583=CARTESIAN_POINT('Ctrl Pts',(2.45420172335409,-2.64431964893201,114.774429608791));
#2584=CARTESIAN_POINT('Ctrl Pts',(2.38006744652664,-2.60852829735567,114.587662564199));
#2585=CARTESIAN_POINT('Ctrl Pts',(2.2896300606338,-2.56389453081386,114.353901934792));
#2586=CARTESIAN_POINT('Ctrl Pts',(2.20199924852144,-2.5194869671928,114.119729865374));
#2587=CARTESIAN_POINT('Ctrl Pts',(2.13347793248517,-2.48413394878553,113.93214004555));
#2588=CARTESIAN_POINT('Ctrl Pts',(2.0659542747327,-2.44889104428259,113.744380366718));
#2589=CARTESIAN_POINT('Ctrl Pts',(1.98344844061779,-2.40510714151545,113.509358830919));
#2590=CARTESIAN_POINT('Ctrl Pts',(1.90278459228139,-2.36141335463119,113.273900518429));
#2591=CARTESIAN_POINT('Ctrl Pts',(1.83878285596859,-2.32620748134398,113.085272629079));
#2592=CARTESIAN_POINT('Ctrl Pts',(1.79089782291702,-2.29958478950054,112.943672803019));
#2593=CARTESIAN_POINT('Ctrl Pts',(1.74295470876488,-2.27263301548336,112.801946405197));
#2594=CARTESIAN_POINT('Ctrl Pts',(1.67864667640822,-2.23604612375702,112.612814737765));
#2595=CARTESIAN_POINT('Ctrl Pts',(1.61328179690242,-2.19814293400306,112.423447881998));
#2596=CARTESIAN_POINT('Ctrl Pts',(1.5451576260437,-2.15765226812798,112.233879888456));
#2597=CARTESIAN_POINT('Ctrl Pts',(1.49192479102332,-2.12539221169404,112.091616551437));
#2598=CARTESIAN_POINT('Ctrl Pts',(1.43555563002501,-2.09043755047453,111.949281938251));
#2599=CARTESIAN_POINT('Ctrl Pts',(1.37451106586277,-2.05148150162864,111.806898467505));
#2600=CARTESIAN_POINT('Ctrl Pts',(1.3069624177697,-2.00680342992734,111.664496623538));
#2601=CARTESIAN_POINT('Ctrl Pts',(1.23192264231558,-1.95478873230624,111.522118532901));
#2602=CARTESIAN_POINT('Ctrl Pts',(1.15581412312701,-1.89906043928119,111.379799336099));
#2603=CARTESIAN_POINT('Ctrl Pts',(1.1027396138892,-1.85814221135494,111.273104499285));
#2604=CARTESIAN_POINT('Ctrl Pts',(1.0691325529076,-1.83153652898209,111.201988133966));
#2605=CARTESIAN_POINT('Ctrl Pts',(1.04717104907917,-1.81396322284121,111.154580501057));
#2606=CARTESIAN_POINT('Ctrl Pts',(1.00982849809981,-1.78361259078228,111.071624857684));
#2607=CARTESIAN_POINT('Ctrl Pts',(0.959109205210959,-1.74117100920041,110.953133510103));
#2608=CARTESIAN_POINT('Ctrl Pts',(0.910551686093104,-1.69911079447991,110.834652012884));
#2609=CARTESIAN_POINT('Ctrl Pts',(0.872253718389985,-1.6651107931683,110.739869613845));
#2610=CARTESIAN_POINT('Ctrl Pts',(0.843578258037371,-1.63922199191816,110.668784712879));
#2611=CARTESIAN_POINT('Ctrl Pts',(0.814736968459926,-1.61274061178624,110.597703066922));
#2612=CARTESIAN_POINT('Ctrl Pts',(0.785419566611358,-1.58534156992947,110.526627501726));
#2613=CARTESIAN_POINT('Ctrl Pts',(0.755241546662415,-1.55660267415161,110.455562629678));
#2614=CARTESIAN_POINT('Ctrl Pts',(0.731441714905074,-1.53346153871083,110.402277617051));
#2615=CARTESIAN_POINT('Ctrl Pts',(0.7163098832852,-1.51852430803978,110.369723030314));
#2616=CARTESIAN_POINT('Ctrl Pts',(0.71073997726244,-1.51300035404372,110.357886038762));
#2617=CARTESIAN_POINT('Ctrl Pts',(0.702313319673135,-1.50461685558823,110.340131632326));
#2618=CARTESIAN_POINT('Ctrl Pts',(0.683651552660843,-1.48590151786254,110.301669988827));
#2619=CARTESIAN_POINT('Ctrl Pts',(0.662353272924805,-1.4641058688177,110.260269006327));
#2620=CARTESIAN_POINT('Ctrl Pts',(0.645354988083403,-1.44634105427774,110.22923542864));
#2621=CARTESIAN_POINT('Ctrl Pts',(0.640414955717794,-1.44114966987844,110.220370060202));
#2622=CARTESIAN_POINT('Ctrl Pts',(0.63709894841698,-1.43765732454545,110.214460184257));
#2623=CARTESIAN_POINT('Ctrl Pts',(0.631233775242437,-1.43145952352472,110.204118899018));
#2624=CARTESIAN_POINT('Ctrl Pts',(0.622668525800318,-1.42234657278333,110.189348626019));
#2625=CARTESIAN_POINT('Ctrl Pts',(0.613827163115968,-1.41284853646326,110.174582785121));
#2626=CARTESIAN_POINT('Ctrl Pts',(0.606569302353508,-1.40499107794322,110.16277308893));
#2627=CARTESIAN_POINT('Ctrl Pts',(0.601950184592581,-1.39996377301139,110.155393341462));
#2628=CARTESIAN_POINT('Ctrl Pts',(0.598202435913781,-1.3958680548327,110.149490380165));
#2629=CARTESIAN_POINT('Ctrl Pts',(0.594418288205352,-1.39172104840801,110.143587993497));
#2630=CARTESIAN_POINT('Ctrl Pts',(0.590576876453208,-1.38749341337544,110.137686492542));
#2631=CARTESIAN_POINT('Ctrl Pts',(0.586675716032122,-1.38318112623873,110.131785938338));
#2632=CARTESIAN_POINT('Ctrl Pts',(0.583718379016255,-1.3799023596189,110.127361010044));
#2633=CARTESIAN_POINT('Ctrl Pts',(0.580728611542107,-1.37657757425896,110.122936585336));
#2634=CARTESIAN_POINT('Ctrl Pts',(0.578208986056421,-1.37376693163582,110.119249997884));
#2635=CARTESIAN_POINT('Ctrl Pts',(0.576175950083164,-1.3714937149071,110.116300996969));
#2636=CARTESIAN_POINT('Ctrl Pts',(0.574131073914407,-1.36920362383291,110.113352178264));
#2637=CARTESIAN_POINT('Ctrl Pts',(0.5723256552821,-1.36717681860466,110.11077220416));
#2638=CARTESIAN_POINT('Ctrl Pts',(0.570766621425709,-1.36542303281547,110.108560977951));
#2639=CARTESIAN_POINT('Ctrl Pts',(0.569724095925987,-1.3642493111848,110.10708687544));
#2640=CARTESIAN_POINT('Ctrl Pts',(0.5686766861932,-1.36306862304899,110.105612845725));
#2641=CARTESIAN_POINT('Ctrl Pts',(0.567624458272708,-1.36188101933486,110.104138890553));
#2642=CARTESIAN_POINT('Ctrl Pts',(0.566964726588507,-1.36113578455598,110.103217699659));
#2643=CARTESIAN_POINT('Ctrl Pts',(0.566435729897208,-1.36053784676836,110.102480766038));
#2644=CARTESIAN_POINT('Ctrl Pts',(0.56603830867678,-1.36008845015028,110.101928074992));
#2645=CARTESIAN_POINT('Ctrl Pts',(0.565706692618527,-1.35971328739193,110.101467507729));
#2646=CARTESIAN_POINT('Ctrl Pts',(0.565474144498346,-1.35945014536976,110.101145113835));
#2647=CARTESIAN_POINT('Ctrl Pts',(0.565357968089184,-1.35931863191399,110.100983919115));
#2648=CARTESIAN_POINT('Ctrl Pts',(0.565291320579349,-1.35924322631605,110.100891806444));
#2649=CARTESIAN_POINT('Ctrl Pts',(0.531446321968342,-1.32088754313075,110.053686414311));
#2650=CARTESIAN_POINT('Ctrl Pts',(0.475005664877793,-1.25615415942964,109.994788175995));
#2651=CARTESIAN_POINT('Ctrl Pts',(0.354786934907259,-1.08920551420486,109.901530255907));
#2652=CARTESIAN_POINT('Ctrl Pts',(0.326663179423262,-1.04356203860891,109.855285016501));
#2653=CARTESIAN_POINT('Ctrl Pts',(0.302773409895724,-1.00482161257261,109.820725859417));
#2654=CARTESIAN_POINT('',(0.302773409895751,-1.00482161257265,109.820725859417));
#2655=CARTESIAN_POINT('Origin',(2.00511828775599,0.0449507040860703,109.820725859417));
#2656=CARTESIAN_POINT('Ctrl Pts',(0.302773409895724,-1.00482161257261,109.820725859417));
#2657=CARTESIAN_POINT('Ctrl Pts',(0.326663179423262,-1.04356203860891,109.855285016501));
#2658=CARTESIAN_POINT('Ctrl Pts',(0.354786934907259,-1.08920551420486,109.901530255907));
#2659=CARTESIAN_POINT('Ctrl Pts',(0.475005664877793,-1.25615415942964,109.994788175995));
#2660=CARTESIAN_POINT('Ctrl Pts',(0.531446321968342,-1.32088754313075,110.053686414311));
#2661=CARTESIAN_POINT('Ctrl Pts',(0.565291320579349,-1.35924322631605,110.100891806444));
#2662=CARTESIAN_POINT('Ctrl Pts',(0.565357968089184,-1.35931863191399,110.100983919115));
#2663=CARTESIAN_POINT('Ctrl Pts',(0.565474144498346,-1.35945014536976,110.101145113835));
#2664=CARTESIAN_POINT('Ctrl Pts',(0.565706692618527,-1.35971328739193,110.101467507729));
#2665=CARTESIAN_POINT('Ctrl Pts',(0.56603830867678,-1.36008845015028,110.101928074992));
#2666=CARTESIAN_POINT('Ctrl Pts',(0.566435729897208,-1.36053784676836,110.102480766038));
#2667=CARTESIAN_POINT('Ctrl Pts',(0.566964726588507,-1.36113578455598,110.103217699659));
#2668=CARTESIAN_POINT('Ctrl Pts',(0.567624458272708,-1.36188101933486,110.104138890553));
#2669=CARTESIAN_POINT('Ctrl Pts',(0.5686766861932,-1.36306862304899,110.105612845725));
#2670=CARTESIAN_POINT('Ctrl Pts',(0.569724095925987,-1.3642493111848,110.10708687544));
#2671=CARTESIAN_POINT('Ctrl Pts',(0.570766621425709,-1.36542303281547,110.108560977951));
#2672=CARTESIAN_POINT('Ctrl Pts',(0.5723256552821,-1.36717681860466,110.11077220416));
#2673=CARTESIAN_POINT('Ctrl Pts',(0.574131073914407,-1.36920362383291,110.113352178264));
#2674=CARTESIAN_POINT('Ctrl Pts',(0.576175950083164,-1.3714937149071,110.116300996969));
#2675=CARTESIAN_POINT('Ctrl Pts',(0.578208986056421,-1.37376693163582,110.119249997884));
#2676=CARTESIAN_POINT('Ctrl Pts',(0.580728611542107,-1.37657757425896,110.122936585336));
#2677=CARTESIAN_POINT('Ctrl Pts',(0.583718379016255,-1.3799023596189,110.127361010044));
#2678=CARTESIAN_POINT('Ctrl Pts',(0.586675716032122,-1.38318112623873,110.131785938338));
#2679=CARTESIAN_POINT('Ctrl Pts',(0.590576876453208,-1.38749341337544,110.137686492542));
#2680=CARTESIAN_POINT('Ctrl Pts',(0.594418288205352,-1.39172104840801,110.143587993497));
#2681=CARTESIAN_POINT('Ctrl Pts',(0.598202435913781,-1.3958680548327,110.149490380165));
#2682=CARTESIAN_POINT('Ctrl Pts',(0.601950184592581,-1.39996377301139,110.155393341462));
#2683=CARTESIAN_POINT('Ctrl Pts',(0.606569302353508,-1.40499107794322,110.16277308893));
#2684=CARTESIAN_POINT('Ctrl Pts',(0.613827163115968,-1.41284853646326,110.174582785121));
#2685=CARTESIAN_POINT('Ctrl Pts',(0.622668525800318,-1.42234657278333,110.189348626019));
#2686=CARTESIAN_POINT('Ctrl Pts',(0.631233775242437,-1.43145952352472,110.204118899018));
#2687=CARTESIAN_POINT('Ctrl Pts',(0.63709894841698,-1.43765732454545,110.214460184257));
#2688=CARTESIAN_POINT('Ctrl Pts',(0.640414955717794,-1.44114966987844,110.220370060202));
#2689=CARTESIAN_POINT('Ctrl Pts',(0.645354988083403,-1.44634105427774,110.22923542864));
#2690=CARTESIAN_POINT('Ctrl Pts',(0.662353272924805,-1.4641058688177,110.260269006327));
#2691=CARTESIAN_POINT('Ctrl Pts',(0.683651552660843,-1.48590151786254,110.301669988827));
#2692=CARTESIAN_POINT('Ctrl Pts',(0.702313319673135,-1.50461685558823,110.340131632326));
#2693=CARTESIAN_POINT('Ctrl Pts',(0.71073997726244,-1.51300035404372,110.357886038762));
#2694=CARTESIAN_POINT('Ctrl Pts',(0.7163098832852,-1.51852430803978,110.369723030314));
#2695=CARTESIAN_POINT('Ctrl Pts',(0.731441714905074,-1.53346153871083,110.402277617051));
#2696=CARTESIAN_POINT('Ctrl Pts',(0.755241546662415,-1.55660267415161,110.455562629678));
#2697=CARTESIAN_POINT('Ctrl Pts',(0.785419566611358,-1.58534156992947,110.526627501726));
#2698=CARTESIAN_POINT('Ctrl Pts',(0.814736968459926,-1.61274061178624,110.597703066922));
#2699=CARTESIAN_POINT('Ctrl Pts',(0.843578258037371,-1.63922199191816,110.668784712879));
#2700=CARTESIAN_POINT('Ctrl Pts',(0.872253718389985,-1.6651107931683,110.739869613845));
#2701=CARTESIAN_POINT('Ctrl Pts',(0.910551686093104,-1.69911079447991,110.834652012884));
#2702=CARTESIAN_POINT('Ctrl Pts',(0.959109205210959,-1.74117100920041,110.953133510103));
#2703=CARTESIAN_POINT('Ctrl Pts',(1.00982849809981,-1.78361259078228,111.071624857684));
#2704=CARTESIAN_POINT('Ctrl Pts',(1.04717104907917,-1.81396322284121,111.154580501057));
#2705=CARTESIAN_POINT('Ctrl Pts',(1.0691325529076,-1.83153652898209,111.201988133966));
#2706=CARTESIAN_POINT('Ctrl Pts',(1.1027396138892,-1.85814221135494,111.273104499285));
#2707=CARTESIAN_POINT('Ctrl Pts',(1.15581412312701,-1.89906043928119,111.379799336099));
#2708=CARTESIAN_POINT('Ctrl Pts',(1.23192264231558,-1.95478873230624,111.522118532901));
#2709=CARTESIAN_POINT('Ctrl Pts',(1.3069624177697,-2.00680342992734,111.664496623538));
#2710=CARTESIAN_POINT('Ctrl Pts',(1.37451106586277,-2.05148150162864,111.806898467505));
#2711=CARTESIAN_POINT('Ctrl Pts',(1.43555563002501,-2.09043755047453,111.949281938251));
#2712=CARTESIAN_POINT('Ctrl Pts',(1.49192479102332,-2.12539221169404,112.091616551437));
#2713=CARTESIAN_POINT('Ctrl Pts',(1.5451576260437,-2.15765226812798,112.233879888456));
#2714=CARTESIAN_POINT('Ctrl Pts',(1.61328179690242,-2.19814293400306,112.423447881998));
#2715=CARTESIAN_POINT('Ctrl Pts',(1.67864667640822,-2.23604612375702,112.612814737765));
#2716=CARTESIAN_POINT('Ctrl Pts',(1.74295470876488,-2.27263301548336,112.801946405197));
#2717=CARTESIAN_POINT('Ctrl Pts',(1.79089782291702,-2.29958478950054,112.943672803019));
#2718=CARTESIAN_POINT('Ctrl Pts',(1.83878285596859,-2.32620748134398,113.085272629079));
#2719=CARTESIAN_POINT('Ctrl Pts',(1.90278459228139,-2.36141335463119,113.273900518429));
#2720=CARTESIAN_POINT('Ctrl Pts',(1.98344844061779,-2.40510714151545,113.509358830919));
#2721=CARTESIAN_POINT('Ctrl Pts',(2.0659542747327,-2.44889104428259,113.744380366718));
#2722=CARTESIAN_POINT('Ctrl Pts',(2.13347793248517,-2.48413394878553,113.93214004555));
#2723=CARTESIAN_POINT('Ctrl Pts',(2.20199924852144,-2.5194869671928,114.119729865374));
#2724=CARTESIAN_POINT('Ctrl Pts',(2.2896300606338,-2.56389453081386,114.353901934792));
#2725=CARTESIAN_POINT('Ctrl Pts',(2.38006744652664,-2.60852829735567,114.587662564199));
#2726=CARTESIAN_POINT('Ctrl Pts',(2.45420172335409,-2.64431964893201,114.774429608791));
#2727=CARTESIAN_POINT('Ctrl Pts',(2.52954773491442,-2.6801407607962,114.961037560649));
#2728=CARTESIAN_POINT('Ctrl Pts',(2.62604183031445,-2.72492166005447,115.194002666098));
#2729=CARTESIAN_POINT('Ctrl Pts',(2.72562679774848,-2.76951453152147,115.426583420439));
#2730=CARTESIAN_POINT('Ctrl Pts',(2.80703195222999,-2.80490869834575,115.612420085582));
#2731=CARTESIAN_POINT('Ctrl Pts',(2.88950423608104,-2.84004434809698,115.798104363774));
#2732=CARTESIAN_POINT('Ctrl Pts',(2.99439344020725,-2.88333624650114,116.029921061165));
#2733=CARTESIAN_POINT('Ctrl Pts',(3.10081655243287,-2.92535128958351,116.261343686389));
#2734=CARTESIAN_POINT('Ctrl Pts',(3.18610091988969,-2.95792120056355,116.446237750257));
#2735=CARTESIAN_POINT('Ctrl Pts',(3.25001629405005,-2.98180659075777,116.58478343345));
#2736=CARTESIAN_POINT('Ctrl Pts',(3.31384177429289,-3.00515757919491,116.723201411012));
#2737=CARTESIAN_POINT('Ctrl Pts',(3.39876248856826,-3.03559394616825,116.907583945852));
#2738=CARTESIAN_POINT('Ctrl Pts',(3.50451364800934,-3.07237624266078,117.137725776255));
#2739=CARTESIAN_POINT('Ctrl Pts',(3.60969150785087,-3.10764437749505,117.367396282279));
#2740=CARTESIAN_POINT('Ctrl Pts',(3.6935424966473,-3.13507096472033,117.550836842802));
#2741=CARTESIAN_POINT('Ctrl Pts',(3.75630610234464,-3.1552770974548,117.688266279437));
#2742=CARTESIAN_POINT('Ctrl Pts',(3.81896833188545,-3.17514936032086,117.825541745891));
#2743=CARTESIAN_POINT('Ctrl Pts',(3.90241737980121,-3.2012387508794,118.00836665103));
#2744=CARTESIAN_POINT('Ctrl Pts',(4.00660746693335,-3.2331573647469,118.236498969481));
#2745=CARTESIAN_POINT('Ctrl Pts',(4.11082124138122,-3.26432199372856,118.464082763203));
#2746=CARTESIAN_POINT('Ctrl Pts',(4.19431648590495,-3.28889058226798,118.645811674245));
#2747=CARTESIAN_POINT('Ctrl Pts',(4.25702638500167,-3.30715518058528,118.78193724363));
#2748=CARTESIAN_POINT('Ctrl Pts',(4.3198518170985,-3.32527724029052,118.917889653416));
#2749=CARTESIAN_POINT('Ctrl Pts',(4.40380535303074,-3.34927209921992,119.098926030045));
#2750=CARTESIAN_POINT('Ctrl Pts',(4.50917074863765,-3.37899652982591,119.324778660226));
#2751=CARTESIAN_POINT('Ctrl Pts',(4.6155393738748,-3.40852495918633,119.550029176656));
#2752=CARTESIAN_POINT('Ctrl Pts',(4.70149542086121,-3.4321031684716,119.729862996245));
#2753=CARTESIAN_POINT('Ctrl Pts',(4.76646420413893,-3.44977979846149,119.86455409584));
#2754=CARTESIAN_POINT('Ctrl Pts',(4.8320084090654,-3.46746331591608,119.999060114729));
#2755=CARTESIAN_POINT('Ctrl Pts',(4.92027637220315,-3.49106588358655,120.178154061843));
#2756=CARTESIAN_POINT('Ctrl Pts',(5.03246326772747,-3.52064018347915,120.401556812579));
#2757=CARTESIAN_POINT('Ctrl Pts',(5.14774062701291,-3.55034346600943,120.624341326803));
#2758=CARTESIAN_POINT('Ctrl Pts',(5.24216707124466,-3.5741562799872,120.8022013009));
#2759=CARTESIAN_POINT('Ctrl Pts',(5.31414634534145,-3.59201855226144,120.935413646427));
#2760=CARTESIAN_POINT('Ctrl Pts',(5.3873205892817,-3.60985351707533,121.06844457914));
#2761=CARTESIAN_POINT('Ctrl Pts',(5.48644433543231,-3.6335347380985,121.245578797096));
#2762=CARTESIAN_POINT('Ctrl Pts',(5.61314042017862,-3.66281838264993,121.466548493354));
#2763=CARTESIAN_POINT('Ctrl Pts',(5.74246354137426,-3.69120831065963,121.686922663877));
#2764=CARTESIAN_POINT('Ctrl Pts',(5.84660785423145,-3.71314793402919,121.862859818763));
#2765=CARTESIAN_POINT('Ctrl Pts',(5.92478586078776,-3.7291699251554,121.994629185874));
#2766=CARTESIAN_POINT('Ctrl Pts',(6.00280418102405,-3.74473261765377,122.12621210072));
#2767=CARTESIAN_POINT('Ctrl Pts',(6.10649353141614,-3.76488628062054,122.301402863805));
#2768=CARTESIAN_POINT('Ctrl Pts',(6.23537289807571,-3.78902048671335,122.519908027078));
#2769=CARTESIAN_POINT('Ctrl Pts',(6.3634679234826,-3.81198791109037,122.737747215237));
#2770=CARTESIAN_POINT('Ctrl Pts',(6.46569722564479,-3.82980408878679,122.911608023652));
#2771=CARTESIAN_POINT('Ctrl Pts',(6.54229856469055,-3.84291695852279,123.041795988445));
#2772=CARTESIAN_POINT('Ctrl Pts',(6.61888123867008,-3.855808585354,123.171774033436));
#2773=CARTESIAN_POINT('Ctrl Pts',(6.72102762481809,-3.87273398292706,123.344795367429));
#2774=CARTESIAN_POINT('Ctrl Pts',(6.84888635439833,-3.89345146697345,123.560536819319));
#2775=CARTESIAN_POINT('Ctrl Pts',(6.9772157035502,-3.91369921484796,123.775551214802));
#2776=CARTESIAN_POINT('Ctrl Pts',(7.0802711161799,-3.92966746101659,123.947118727055));
#2777=CARTESIAN_POINT('Ctrl Pts',(7.15778111056429,-3.9415389796411,124.075570568561));
#2778=CARTESIAN_POINT('Ctrl Pts',(7.23553053914743,-3.9533153236551,124.203796857976));
#2779=CARTESIAN_POINT('Ctrl Pts',(7.33954001946687,-3.96890081098346,124.374462306057));
#2780=CARTESIAN_POINT('Ctrl Pts',(7.47023880345517,-3.98818279415652,124.587222088933));
#2781=CARTESIAN_POINT('Ctrl Pts',(7.60195054226504,-4.00723641276569,124.799209295386));
#2782=CARTESIAN_POINT('Ctrl Pts',(7.70797691336073,-4.02235875445612,124.968330156104));
#2783=CARTESIAN_POINT('Ctrl Pts',(7.78783640264498,-4.03364331181553,125.094935104557));
#2784=CARTESIAN_POINT('Ctrl Pts',(7.86804644977252,-4.04487338963815,125.22130313979));
#2785=CARTESIAN_POINT('Ctrl Pts',(7.97547486384448,-4.05977694146711,125.389476421033));
#2786=CARTESIAN_POINT('Ctrl Pts',(8.11068875393287,-4.07827957178349,125.599094991763));
#2787=CARTESIAN_POINT('Ctrl Pts',(8.24721279464962,-4.0966195338215,125.807908932533));
#2788=CARTESIAN_POINT('Ctrl Pts',(8.35725902570959,-4.11119300727721,125.974473113576));
#2789=CARTESIAN_POINT('Ctrl Pts',(8.46786526234114,-4.12569884018728,126.140711255036));
#2790=CARTESIAN_POINT('Ctrl Pts',(8.60719305918736,-4.14370075508227,126.347894989631));
#2791=CARTESIAN_POINT('Ctrl Pts',(8.74799663929293,-4.1615141770107,126.554253056135));
#2792=CARTESIAN_POINT('Ctrl Pts',(8.86155570691633,-4.17563967296105,126.71883975734));
#2793=CARTESIAN_POINT('Ctrl Pts',(8.97573639272725,-4.18967660898336,126.883091814606));
#2794=CARTESIAN_POINT('Ctrl Pts',(9.1196484228843,-4.20704692585064,127.08777665316));
#2795=CARTESIAN_POINT('Ctrl Pts',(9.26520201746706,-4.22415114934788,127.291613760839));
#2796=CARTESIAN_POINT('Ctrl Pts',(9.38267048261623,-4.23765163513324,127.454170444644));
#2797=CARTESIAN_POINT('Ctrl Pts',(9.50083788294045,-4.25102104948261,127.61638380633));
#2798=CARTESIAN_POINT('Ctrl Pts',(9.64988678908044,-4.26746945021076,127.818504518901));
#2799=CARTESIAN_POINT('Ctrl Pts',(9.80080899065393,-4.28351157809752,128.019759097367));
#2800=CARTESIAN_POINT('Ctrl Pts',(9.92272841140031,-4.29606173189675,128.180240782636));
#2801=CARTESIAN_POINT('Ctrl Pts',(10.0454555780674,-4.30840733466386,128.340373776508));
#2802=CARTESIAN_POINT('Ctrl Pts',(10.2004160676898,-4.32342594893267,128.539884902186));
#2803=CARTESIAN_POINT('Ctrl Pts',(10.3575372364191,-4.33780086551822,128.738518797815));
#2804=CARTESIAN_POINT('Ctrl Pts',(10.4845635747697,-4.34884958069649,128.896896854422));
#2805=CARTESIAN_POINT('Ctrl Pts',(10.5804960939306,-4.3568924814585,129.01541503387));
#2806=CARTESIAN_POINT('Ctrl Pts',(10.6770846577666,-4.36467335429599,129.13366695993));
#2807=CARTESIAN_POINT('Ctrl Pts',(10.8067115715954,-4.37467313169739,129.290979785317));
#2808=CARTESIAN_POINT('Ctrl Pts',(10.9702471329582,-4.38642309984439,129.486949745247));
#2809=CARTESIAN_POINT('Ctrl Pts',(11.1353254264397,-4.3970587900309,129.682015774964));
#2810=CARTESIAN_POINT('Ctrl Pts',(11.2678013382678,-4.40486363555909,129.837519295798));
#2811=CARTESIAN_POINT('Ctrl Pts',(11.3671767734825,-4.41036911918268,129.953870232501));
#2812=CARTESIAN_POINT('Ctrl Pts',(11.4664822182199,-4.41554077798746,130.069942350963));
#2813=CARTESIAN_POINT('Ctrl Pts',(11.5987266042858,-4.42202026656275,130.224330565447));
#2814=CARTESIAN_POINT('Ctrl Pts',(11.7636044045302,-4.42939836823766,130.416608114922));
#2815=CARTESIAN_POINT('Ctrl Pts',(11.9278106508399,-4.43600046492644,130.607928334687));
#2816=CARTESIAN_POINT('Ctrl Pts',(12.0588522662188,-4.44093042719485,130.760402506465));
#2817=CARTESIAN_POINT('Ctrl Pts',(12.1570121901357,-4.44447795537053,130.874465379951));
#2818=CARTESIAN_POINT('Ctrl Pts',(12.2550946130794,-4.44790027950735,130.988233788136));
#2819=CARTESIAN_POINT('Ctrl Pts',(12.3858360994705,-4.45232491038232,131.139530246823));
#2820=CARTESIAN_POINT('Ctrl Pts',(12.5493292309834,-4.4576458409392,131.327906766621));
#2821=CARTESIAN_POINT('Ctrl Pts',(12.7132641256375,-4.4627874583592,131.515281623618));
#2822=CARTESIAN_POINT('Ctrl Pts',(12.8448684776907,-4.4668307323021,131.664575251516));
#2823=CARTESIAN_POINT('Ctrl Pts',(12.9438413332335,-4.46983344316936,131.776241114472));
#2824=CARTESIAN_POINT('Ctrl Pts',(13.0431232421779,-4.47281055935403,131.88760141512));
#2825=CARTESIAN_POINT('Ctrl Pts',(13.175956799265,-4.47674768790426,132.035672880072));
#2826=CARTESIAN_POINT('Ctrl Pts',(13.3429376686384,-4.48160934142512,132.219992664986));
#2827=CARTESIAN_POINT('Ctrl Pts',(13.5113492909739,-4.48637472468909,132.403279472012));
#2828=CARTESIAN_POINT('Ctrl Pts',(13.6470223131482,-4.49010716131765,132.549285415142));
#2829=CARTESIAN_POINT('Ctrl Pts',(13.7492679899682,-4.49285899829216,132.65847729121));
#2830=CARTESIAN_POINT('Ctrl Pts',(13.8520209139003,-4.49555510333712,132.767355788246));
#2831=CARTESIAN_POINT('Ctrl Pts',(13.9897276454589,-4.49906272786925,132.912108236557));
#2832=CARTESIAN_POINT('Ctrl Pts',(14.1632037236071,-4.50325778432382,133.092261443671));
#2833=CARTESIAN_POINT('Ctrl Pts',(14.3736913311433,-4.50789233585511,133.30717924004));
#2834=CARTESIAN_POINT('Ctrl Pts',(14.5864933082931,-4.51200951484564,133.520824425401));
#2835=CARTESIAN_POINT('Ctrl Pts',(14.8014036643453,-4.51549930478479,133.733189782174));
#2836=CARTESIAN_POINT('Ctrl Pts',(15.0182963877136,-4.51826883311925,133.944267445869));
#2837=CARTESIAN_POINT('Ctrl Pts',(15.2370397303866,-4.52023760080863,134.154048966339));
#2838=CARTESIAN_POINT('Ctrl Pts',(15.4330261286366,-4.52121509025224,134.33936132637));
#2839=CARTESIAN_POINT('Ctrl Pts',(15.605575033317,-4.521470027864,134.500657613063));
#2840=CARTESIAN_POINT('Ctrl Pts',(15.7541728964362,-4.52126264676343,134.638324425449));
#2841=CARTESIAN_POINT('Ctrl Pts',(15.9034411987016,-4.52061685606255,134.775401134866));
#2842=CARTESIAN_POINT('Ctrl Pts',(16.0533525272321,-4.5195222381263,134.911884725983));
#2843=CARTESIAN_POINT('Ctrl Pts',(16.2038797706114,-4.51797027729788,135.047772141235));
#2844=CARTESIAN_POINT('Ctrl Pts',(16.3549961118669,-4.5159544374398,135.183060290065));
#2845=CARTESIAN_POINT('Ctrl Pts',(16.5066747835262,-4.51347014229803,135.317746062629));
#2846=CARTESIAN_POINT('Ctrl Pts',(16.6588889587594,-4.51051481794617,135.451826342407));
#2847=CARTESIAN_POINT('Ctrl Pts',(16.8116116154259,-4.50708791755907,135.585298019822));
#2848=CARTESIAN_POINT('Ctrl Pts',(16.9648154333258,-4.50319098079411,135.718158006408));
#2849=CARTESIAN_POINT('Ctrl Pts',(17.1184727117427,-4.49882765700512,135.850403248352));
#2850=CARTESIAN_POINT('Ctrl Pts',(17.2725552776427,-4.49400381250951,135.982030742307));
#2851=CARTESIAN_POINT('Ctrl Pts',(17.4270344535175,-4.48872754040525,136.113037548596));
#2852=CARTESIAN_POINT('Ctrl Pts',(17.581880962313,-4.48300925820075,136.243420806705));
#2853=CARTESIAN_POINT('Ctrl Pts',(17.7370649892391,-4.47686175959889,136.373177749588));
#2854=CARTESIAN_POINT('Ctrl Pts',(17.8925559369023,-4.47030030645475,136.50230571834));
#2855=CARTESIAN_POINT('Ctrl Pts',(18.0483229293943,-4.46334263600838,136.630802175606));
#2856=CARTESIAN_POINT('Ctrl Pts',(18.2043336233344,-4.45600916314054,136.758664720926));
#2857=CARTESIAN_POINT('Ctrl Pts',(18.3605570009993,-4.44832271584751,136.885891100102));
#2858=CARTESIAN_POINT('Ctrl Pts',(18.516956412364,-4.44030939172161,137.012479227247));
#2859=CARTESIAN_POINT('Ctrl Pts',(18.6735454954714,-4.43199380243149,137.138427154602));
#2860=CARTESIAN_POINT('Ctrl Pts',(18.8303436401136,-4.42339832531487,137.263733005174));
#2861=CARTESIAN_POINT('Ctrl Pts',(18.987367080087,-4.41454410087174,137.388394973994));
#2862=CARTESIAN_POINT('Ctrl Pts',(19.1446324230742,-4.40545070989209,137.51241132063));
#2863=CARTESIAN_POINT('Ctrl Pts',(19.3021553934536,-4.39613639863694,137.635780364402));
#2864=CARTESIAN_POINT('Ctrl Pts',(19.4599515906422,-4.38661802540596,137.758500480462));
#2865=CARTESIAN_POINT('Ctrl Pts',(19.618036347078,-4.37691111451197,137.880570096406));
#2866=CARTESIAN_POINT('Ctrl Pts',(19.7764249538238,-4.36702984798068,138.001987689426));
#2867=CARTESIAN_POINT('Ctrl Pts',(19.9351327056263,-4.35698707062451,138.122751784577));
#2868=CARTESIAN_POINT('Ctrl Pts',(20.094175001029,-4.3467942779692,138.24286095249));
#2869=CARTESIAN_POINT('Ctrl Pts',(20.2535673985638,-4.33646160200326,138.362313809231));
#2870=CARTESIAN_POINT('Ctrl Pts',(20.4133255669406,-4.32599779715134,138.48110893991));
#2871=CARTESIAN_POINT('Ctrl Pts',(20.5734652834707,-4.31541021933661,138.599244878298));
#2872=CARTESIAN_POINT('Ctrl Pts',(20.7340024461404,-4.30470480085705,138.71672010841));
#2873=CARTESIAN_POINT('Ctrl Pts',(20.8949530574356,-4.2938860255209,138.833533059909));
#2874=CARTESIAN_POINT('Ctrl Pts',(21.0563331930393,-4.28295690461161,138.949682106463));
#2875=CARTESIAN_POINT('Ctrl Pts',(21.2181589491874,-4.27191895573295,139.065165563254));
#2876=CARTESIAN_POINT('Ctrl Pts',(21.3804463709556,-4.26077218604294,139.179981685359));
#2877=CARTESIAN_POINT('Ctrl Pts',(21.5432113607273,-4.24951508162891,139.294128666315));
#2878=CARTESIAN_POINT('Ctrl Pts',(21.7064695677024,-4.23814460477667,139.407604637245));
#2879=CARTESIAN_POINT('Ctrl Pts',(21.8702362601584,-4.22665620064315,139.520407666462));
#2880=CARTESIAN_POINT('Ctrl Pts',(22.0345261808928,-4.2150438153401,139.632535759674));
#2881=CARTESIAN_POINT('Ctrl Pts',(22.1993533919688,-4.20329992593137,139.743986860791));
#2882=CARTESIAN_POINT('Ctrl Pts',(22.3647311037927,-4.19141558584657,139.854758853447));
#2883=CARTESIAN_POINT('Ctrl Pts',(22.5306715116396,-4.17938048156822,139.964849563146));
#2884=CARTESIAN_POINT('Ctrl Pts',(22.6971855999803,-4.16718301321385,140.07425676035));
#2885=CARTESIAN_POINT('Ctrl Pts',(22.8642830220348,-4.15481037173799,140.182978163812));
#2886=CARTESIAN_POINT('Ctrl Pts',(23.0319718234211,-4.14224867638837,140.291011445816));
#2887=CARTESIAN_POINT('Ctrl Pts',(23.2002585627413,-4.1294830242871,140.398354235412));
#2888=CARTESIAN_POINT('Ctrl Pts',(23.3691475623477,-4.11649779339345,140.505004128597));
#2889=CARTESIAN_POINT('Ctrl Pts',(23.5386423947929,-4.1032763740937,140.610958683885));
#2890=CARTESIAN_POINT('Ctrl Pts',(23.7087154706762,-4.0898050891605,140.716215481247));
#2891=CARTESIAN_POINT('Ctrl Pts',(23.8793387927194,-4.07607252089203,140.820772188023));
#2892=CARTESIAN_POINT('Ctrl Pts',(24.0504861020889,-4.06206899124392,140.924626548974));
#2893=CARTESIAN_POINT('Ctrl Pts',(24.2221324211619,-4.04778663310827,141.027776390235));
#2894=CARTESIAN_POINT('Ctrl Pts',(24.394254505857,-4.03321919460026,141.130219615759));
#2895=CARTESIAN_POINT('Ctrl Pts',(24.5668308042732,-4.01836194029564,141.231954205583));
#2896=CARTESIAN_POINT('Ctrl Pts',(24.7398415393927,-4.00321150091043,141.332978212269));
#2897=CARTESIAN_POINT('Ctrl Pts',(24.9132686649834,-3.98776574249267,141.433289757415));
#2898=CARTESIAN_POINT('Ctrl Pts',(25.0870958189567,-3.97202362989873,141.5328870277));
#2899=CARTESIAN_POINT('Ctrl Pts',(25.2613082349856,-3.95598509967593,141.631768270924));
#2900=CARTESIAN_POINT('Ctrl Pts',(25.4358926421605,-3.93965093884802,141.729931792026));
#2901=CARTESIAN_POINT('Ctrl Pts',(25.6108371506774,-3.92302267314257,141.82737594923));
#2902=CARTESIAN_POINT('Ctrl Pts',(25.7861311333142,-3.90610246431455,141.924099150372));
#2903=CARTESIAN_POINT('Ctrl Pts',(25.9617651054849,-3.88889301723151,142.020099849437));
#2904=CARTESIAN_POINT('Ctrl Pts',(26.1377306079929,-3.87139749643642,142.115376543361));
#2905=CARTESIAN_POINT('Ctrl Pts',(26.3140200945663,-3.85361945193821,142.209927769086));
#2906=CARTESIAN_POINT('Ctrl Pts',(26.490626825945,-3.83556275370637,142.303752100894));
#2907=CARTESIAN_POINT('Ctrl Pts',(26.6675447714049,-3.81723153429212,142.396848148));
#2908=CARTESIAN_POINT('Ctrl Pts',(26.8447685183087,-3.79863013893807,142.489214552397));
#2909=CARTESIAN_POINT('Ctrl Pts',(27.0222931896093,-3.77976308250185,142.58084998694));
#2910=CARTESIAN_POINT('Ctrl Pts',(27.2001143695555,-3.76063501259293,142.671753153674));
#2911=CARTESIAN_POINT('Ctrl Pts',(27.3782280363188,-3.74125067819421,142.761922782294));
#2912=CARTESIAN_POINT('Ctrl Pts',(27.5566305032171,-3.72161490344187,142.85135762897));
#2913=CARTESIAN_POINT('Ctrl Pts',(27.7353183630147,-3.70173256544625,142.940056474925));
#2914=CARTESIAN_POINT('Ctrl Pts',(27.9142884448073,-3.68160857685359,143.028018125954));
#2915=CARTESIAN_POINT('Ctrl Pts',(28.0935377676792,-3.6612478709561,143.115241411046));
#2916=CARTESIAN_POINT('Ctrl Pts',(28.2730635057014,-3.64065539071266,143.201725181925));
#2917=CARTESIAN_POINT('Ctrl Pts',(28.452862954612,-3.61983608031325,143.287468312378));
#2918=CARTESIAN_POINT('Ctrl Pts',(28.6329335020451,-3.59879487937514,143.372469697689));
#2919=CARTESIAN_POINT('Ctrl Pts',(28.8132726013298,-3.57753671928546,143.456728254183));
#2920=CARTESIAN_POINT('Ctrl Pts',(28.9938777472224,-3.55606652221857,143.540242918832));
#2921=CARTESIAN_POINT('Ctrl Pts',(29.1747464547573,-3.53438920089297,143.623012648891));
#2922=CARTESIAN_POINT('Ctrl Pts',(29.355876237269,-3.51250966320213,143.70503642168));
#2923=CARTESIAN_POINT('Ctrl Pts',(29.537264590919,-3.49043281189573,143.786313234189));
#2924=CARTESIAN_POINT('Ctrl Pts',(29.7189089676076,-3.46816356125951,143.866842103308));
#2925=CARTESIAN_POINT('Ctrl Pts',(29.9008067756802,-3.44570682222613,143.946622064592));
#2926=CARTESIAN_POINT('Ctrl Pts',(30.0829553088126,-3.42306757203972,144.025652174782));
#2927=CARTESIAN_POINT('Ctrl Pts',(30.2653570593823,-3.40024991730081,144.103931499386));
#2928=CARTESIAN_POINT('Ctrl Pts',(30.4480141134813,-3.37725751124513,144.181459100876));
#2929=CARTESIAN_POINT('Ctrl Pts',(30.6309281584325,-3.35409364772442,144.258234041926));
#2930=CARTESIAN_POINT('Ctrl Pts',(30.8141005564636,-3.33076125670719,144.334255385138));
#2931=CARTESIAN_POINT('Ctrl Pts',(30.9975323825616,-3.30726293689225,144.409522193939));
#2932=CARTESIAN_POINT('Ctrl Pts',(31.1812244661128,-3.28360096271575,144.484033532773));
#2933=CARTESIAN_POINT('Ctrl Pts',(31.3651774279491,-3.25977730929694,144.55778846735));
#2934=CARTESIAN_POINT('Ctrl Pts',(31.5800940800259,-3.23179636192563,144.642952331064));
#2935=CARTESIAN_POINT('Ctrl Pts',(31.8261491205615,-3.19955379828529,144.739018679787));
#2936=CARTESIAN_POINT('Ctrl Pts',(32.1035500761096,-3.16292758888872,144.845384078882));
#2937=CARTESIAN_POINT('Ctrl Pts',(32.381539941397,-3.12595014976179,144.950037101875));
#2938=CARTESIAN_POINT('Ctrl Pts',(32.6601181928836,-3.0886222205224,145.052974619512));
#2939=CARTESIAN_POINT('Ctrl Pts',(32.9392839845673,-3.05094316103324,145.154193504266));
#2940=CARTESIAN_POINT('Ctrl Pts',(33.2190362160723,-3.01291095386837,145.253690628178));
#2941=CARTESIAN_POINT('Ctrl Pts',(33.4993735645939,-2.97452218424326,145.351462860953));
#2942=CARTESIAN_POINT('Ctrl Pts',(33.7802944886279,-2.93577202464858,145.447507068457));
#2943=CARTESIAN_POINT('Ctrl Pts',(34.0617971935084,-2.89665421991656,145.541820111982));
#2944=CARTESIAN_POINT('Ctrl Pts',(34.3438795521028,-2.85716108425471,145.634398848594));
#2945=CARTESIAN_POINT('Ctrl Pts',(34.6265389732451,-2.81728351702373,145.725240132964));
#2946=CARTESIAN_POINT('Ctrl Pts',(34.9097722004886,-2.77701104998473,145.814340821083));
#2947=CARTESIAN_POINT('Ctrl Pts',(35.1935750454719,-2.73633193725876,145.901697776446));
#2948=CARTESIAN_POINT('Ctrl Pts',(35.4779420091811,-2.69523330792822,145.987307878915));
#2949=CARTESIAN_POINT('Ctrl Pts',(35.7628658696474,-2.65370138846146,146.071168037417));
#2950=CARTESIAN_POINT('Ctrl Pts',(36.0483370435349,-2.61172183444421,146.153275205369));
#2951=CARTESIAN_POINT('Ctrl Pts',(36.3343431872218,-2.56928013428788,146.23362640263));
#2952=CARTESIAN_POINT('Ctrl Pts',(36.6208680357482,-2.52636221298602,146.312218735851));
#2953=CARTESIAN_POINT('Ctrl Pts',(36.9078919545787,-2.48295495452628,146.389049435681));
#2954=CARTESIAN_POINT('Ctrl Pts',(37.1953882168393,-2.43904734331356,146.464115865197));
#2955=CARTESIAN_POINT('Ctrl Pts',(37.4833196470924,-2.39463268219988,146.537415687871));
#2956=CARTESIAN_POINT('Ctrl Pts',(37.7716514766411,-2.34970730680188,146.608946963243));
#2957=CARTESIAN_POINT('Ctrl Pts',(38.0603498909066,-2.30427060540155,146.678708086035));
#2958=CARTESIAN_POINT('Ctrl Pts',(38.3493835933953,-2.25832476063189,146.74669776736));
#2959=CARTESIAN_POINT('Ctrl Pts',(38.6387238845353,-2.21187439496964,146.81291498554));
#2960=CARTESIAN_POINT('Ctrl Pts',(38.928345181031,-2.16492621645181,146.877358955308));
#2961=CARTESIAN_POINT('Ctrl Pts',(39.2182251036218,-2.11748860603347,146.940029090267));
#2962=CARTESIAN_POINT('Ctrl Pts',(39.5083445364563,-2.0695712144725,147.000924971631));
#2963=CARTESIAN_POINT('Ctrl Pts',(39.7986875142245,-2.02118456759952,147.060046317884));
#2964=CARTESIAN_POINT('Ctrl Pts',(40.0892410382888,-1.97233970186611,147.117392957365));
#2965=CARTESIAN_POINT('Ctrl Pts',(40.3799948177486,-1.92304783514483,147.172964802198));
#2966=CARTESIAN_POINT('Ctrl Pts',(40.6709409733136,-1.87332007878292,147.226761823381));
#2967=CARTESIAN_POINT('Ctrl Pts',(40.96207371713,-1.82316719121762,147.278784026276));
#2968=CARTESIAN_POINT('Ctrl Pts',(41.2533890248524,-1.77259937188564,147.329031426223));
#2969=CARTESIAN_POINT('Ctrl Pts',(41.5448843076683,-1.72162609193059,147.377504024103));
#2970=CARTESIAN_POINT('Ctrl Pts',(41.8365580897398,-1.67025595721245,147.424201782088));
#2971=CARTESIAN_POINT('Ctrl Pts',(42.1284096933062,-1.6184965982777,147.469124600122));
#2972=CARTESIAN_POINT('Ctrl Pts',(42.4204389327576,-1.56635458150283,147.512272294006));
#2973=CARTESIAN_POINT('Ctrl Pts',(42.7126458190633,-1.5138353351677,147.553644576323));
#2974=CARTESIAN_POINT('Ctrl Pts',(43.005030277009,-1.46094308389056,147.593241041633));
#2975=CARTESIAN_POINT('Ctrl Pts',(43.2975918805752,-1.40768078403959,147.631061157614));
#2976=CARTESIAN_POINT('Ctrl Pts',(43.5903296137445,-1.35405005242245,147.667104263918));
#2977=CARTESIAN_POINT('Ctrl Pts',(43.8832416713636,-1.30005107810228,147.701369580417));
#2978=CARTESIAN_POINT('Ctrl Pts',(44.1763253127963,-1.24568250826448,147.733856226621));
#2979=CARTESIAN_POINT('Ctrl Pts',(44.469576804049,-1.19094129008721,147.764563253249));
#2980=CARTESIAN_POINT('Ctrl Pts',(44.7629914540495,-1.13582246213967,147.793489687693));
#2981=CARTESIAN_POINT('Ctrl Pts',(45.0565638485777,-1.08031884937694,147.820634591779));
#2982=CARTESIAN_POINT('Ctrl Pts',(45.350288196555,-1.02442068875814,147.845997135819));
#2983=CARTESIAN_POINT('Ctrl Pts',(45.6441591875095,-0.968115018544862,147.86957667722));
#2984=CARTESIAN_POINT('Ctrl Pts',(45.9381727113098,-0.911385073908225,147.891372864839));
#2985=CARTESIAN_POINT('Ctrl Pts',(46.2323282811175,-0.854208935773853,147.91138570852));
#2986=CARTESIAN_POINT('Ctrl Pts',(46.5266299656917,-0.796558781861142,147.92961577591));
#2987=CARTESIAN_POINT('Ctrl Pts',(46.821113674557,-0.738393314307686,147.946065225998));
#2988=CARTESIAN_POINT('Ctrl Pts',(47.1158311007322,-0.67966092467487,147.960736842124));
#2989=CARTESIAN_POINT('Ctrl Pts',(47.4108743509376,-0.620287554502287,147.973633322473));
#2990=CARTESIAN_POINT('Ctrl Pts',(47.706315122725,-0.560195337958469,147.984757079501));
#2991=CARTESIAN_POINT('Ctrl Pts',(48.0023691321637,-0.499239879998147,147.994110261746));
#2992=CARTESIAN_POINT('Ctrl Pts',(48.2990694228056,-0.437321283866175,148.001694735973));
#2993=CARTESIAN_POINT('Ctrl Pts',(48.5971123717125,-0.374071807342102,148.007512202452));
#2994=CARTESIAN_POINT('Ctrl Pts',(48.8960740427898,-0.309476835479443,148.0115639911));
#2995=CARTESIAN_POINT('Ctrl Pts',(49.1988727038835,-0.242248232891854,148.013852227845));
#2996=CARTESIAN_POINT('Ctrl Pts',(49.5023494629986,-0.173134309079348,148.01437983043));
#2997=CARTESIAN_POINT('Ctrl Pts',(49.8217958774725,-0.0960177138587557,
148.013157561545));
#2998=CARTESIAN_POINT('Ctrl Pts',(50.036007363084,-0.0417807218151838,148.01118865209));
#2999=CARTESIAN_POINT('Ctrl Pts',(50.1809926378909,-3.33066907387547E-15,
148.009929016252));
#3000=CARTESIAN_POINT('Ctrl Pts',(0.0473034008193984,0.0449507040860703,
110.229334313184));
#3001=CARTESIAN_POINT('Ctrl Pts',(0.0473034008193984,0.0449507040860703,
110.229334313184));
#3002=CARTESIAN_POINT('Ctrl Pts',(0.0473034008193954,0.0449507040860602,
110.229334313184));
#3003=CARTESIAN_POINT('Ctrl Pts',(0.0473034008193932,0.0449507040860526,
110.229334313184));
#3004=CARTESIAN_POINT('Ctrl Pts',(0.0473034008193932,0.0449507040860526,
110.229334313184));
#3005=CARTESIAN_POINT('Ctrl Pts',(0.0222066004497271,-0.325824958656706,
110.109084991552));
#3006=CARTESIAN_POINT('Ctrl Pts',(0.0198703918827233,-0.27790892871819,
110.109848659771));
#3007=CARTESIAN_POINT('Ctrl Pts',(0.0193829538566778,-0.174579854315535,
110.101427893898));
#3008=CARTESIAN_POINT('Ctrl Pts',(0.0197049250159983,-0.0767393711361517,
110.095494581263));
#3009=CARTESIAN_POINT('Ctrl Pts',(0.0194322881004199,-0.040685829185644,
110.095792094726));
#3010=CARTESIAN_POINT('Ctrl Pts',(0.112263324844915,-0.695884272236553,
109.965044839679));
#3011=CARTESIAN_POINT('Ctrl Pts',(0.0803716304330446,-0.617762611232043,
109.899020856053));
#3012=CARTESIAN_POINT('Ctrl Pts',(0.0374521442427516,-0.459667472414726,
109.939575263457));
#3013=CARTESIAN_POINT('Ctrl Pts',(0.0186256212385197,-0.207810526764508,
109.979206546489));
#3014=CARTESIAN_POINT('Ctrl Pts',(0.0107024065770676,-0.126317512507279,
109.958262871715));
#3015=CARTESIAN_POINT('Ctrl Pts',(0.302773409895752,-1.00482161257265,109.820725859417));
#3016=CARTESIAN_POINT('Ctrl Pts',(0.235595662783735,-0.895883996398582,
109.72354592169));
#3017=CARTESIAN_POINT('Ctrl Pts',(0.101086725057326,-0.665015202435604,
109.787804594872));
#3018=CARTESIAN_POINT('Ctrl Pts',(0.0362164234825004,-0.325256253404679,
109.85069862598));
#3019=CARTESIAN_POINT('Ctrl Pts',(0.0213663431326833,-0.209466713170081,
109.820725859417));
#3020=CARTESIAN_POINT('Ctrl Pts',(0.0213663431326833,-0.209466713170081,
109.820725859417));
#3021=CARTESIAN_POINT('Ctrl Pts',(0.0362164234825004,-0.325256253404679,
109.85069862598));
#3022=CARTESIAN_POINT('Ctrl Pts',(0.101086725057326,-0.665015202435604,
109.787804594872));
#3023=CARTESIAN_POINT('Ctrl Pts',(0.235595662783735,-0.895883996398582,
109.72354592169));
#3024=CARTESIAN_POINT('Ctrl Pts',(0.302773409895752,-1.00482161257265,109.820725859417));
#3025=CARTESIAN_POINT('Ctrl Pts',(-2.77423302367597E-15,1.83182621802516E-15,
0.));
#3026=CARTESIAN_POINT('Ctrl Pts',(-2.77423302367597E-15,1.83182621802516E-15,
150.));
#3027=CARTESIAN_POINT('Ctrl Pts',(0.0451826887650632,-0.56622684080551,
0.));
#3028=CARTESIAN_POINT('Ctrl Pts',(0.0451826887650632,-0.56622684080551,
150.));
#3029=CARTESIAN_POINT('Ctrl Pts',(0.165590208106522,-0.726096580815966,
0.));
#3030=CARTESIAN_POINT('Ctrl Pts',(0.165590208106522,-0.726096580815966,
150.));
#3031=CARTESIAN_POINT('Ctrl Pts',(0.313368293938258,-1.1687196011378,0.));
#3032=CARTESIAN_POINT('Ctrl Pts',(0.313368293938258,-1.1687196011378,150.));
#3033=CARTESIAN_POINT('Ctrl Pts',(1.09392715551755,-1.87723523343933,0.));
#3034=CARTESIAN_POINT('Ctrl Pts',(1.09392715551755,-1.87723523343933,150.));
#3035=CARTESIAN_POINT('Ctrl Pts',(1.52687531200349,-2.16403137260334,0.));
#3036=CARTESIAN_POINT('Ctrl Pts',(1.52687531200349,-2.16403137260334,150.));
#3037=CARTESIAN_POINT('Ctrl Pts',(2.64972892179226,-2.77780334871399,0.));
#3038=CARTESIAN_POINT('Ctrl Pts',(2.64972892179226,-2.77780334871399,150.));
#3039=CARTESIAN_POINT('Ctrl Pts',(3.79286267479317,-3.19208815993173,0.));
#3040=CARTESIAN_POINT('Ctrl Pts',(3.79286267479317,-3.19208815993173,150.));
#3041=CARTESIAN_POINT('Ctrl Pts',(5.30053222122738,-3.5969267914487,0.));
#3042=CARTESIAN_POINT('Ctrl Pts',(5.30053222122738,-3.5969267914487,150.));
#3043=CARTESIAN_POINT('Ctrl Pts',(6.31108023642821,-3.84666532715695,0.));
#3044=CARTESIAN_POINT('Ctrl Pts',(6.31108023642821,-3.84666532715695,150.));
#3045=CARTESIAN_POINT('Ctrl Pts',(10.6871169193011,-4.44263499427823,0.));
#3046=CARTESIAN_POINT('Ctrl Pts',(10.6871169193011,-4.44263499427823,150.));
#3047=CARTESIAN_POINT('Ctrl Pts',(12.4281847878521,-4.42778202907315,0.));
#3048=CARTESIAN_POINT('Ctrl Pts',(12.4281847878521,-4.42778202907315,150.));
#3049=CARTESIAN_POINT('Ctrl Pts',(16.410914517818,-4.62641735626263,0.));
#3050=CARTESIAN_POINT('Ctrl Pts',(16.410914517818,-4.62641735626263,150.));
#3051=CARTESIAN_POINT('Ctrl Pts',(21.1873407815787,-4.25790829183185,0.));
#3052=CARTESIAN_POINT('Ctrl Pts',(21.1873407815787,-4.25790829183185,150.));
#3053=CARTESIAN_POINT('Ctrl Pts',(25.9384985774591,-3.98530085261751,0.));
#3054=CARTESIAN_POINT('Ctrl Pts',(25.9384985774591,-3.98530085261751,150.));
#3055=CARTESIAN_POINT('Ctrl Pts',(37.0943494543534,-2.5258288815581,0.));
#3056=CARTESIAN_POINT('Ctrl Pts',(37.0943494543534,-2.5258288815581,150.));
#3057=CARTESIAN_POINT('Ctrl Pts',(41.1982453000429,-1.83006371519716,0.));
#3058=CARTESIAN_POINT('Ctrl Pts',(41.1982453000429,-1.83006371519716,150.));
#3059=CARTESIAN_POINT('Ctrl Pts',(48.7504751601264,-0.412235331276507,0.));
#3060=CARTESIAN_POINT('Ctrl Pts',(48.7504751601264,-0.412235331276507,150.));
#3061=CARTESIAN_POINT('Ctrl Pts',(50.1809926378909,-2.17426426099962E-15,
0.));
#3062=CARTESIAN_POINT('Ctrl Pts',(50.1809926378909,-2.17426426099962E-15,
150.));
#3063=CARTESIAN_POINT('Ctrl Pts',(-2.77423302367597E-15,1.83182621802516E-15,
0.));
#3064=CARTESIAN_POINT('Ctrl Pts',(0.0451826887650632,-0.56622684080551,
0.));
#3065=CARTESIAN_POINT('Ctrl Pts',(0.165590208106522,-0.726096580815966,
0.));
#3066=CARTESIAN_POINT('Ctrl Pts',(0.313368293938258,-1.1687196011378,0.));
#3067=CARTESIAN_POINT('Ctrl Pts',(1.09392715551755,-1.87723523343933,0.));
#3068=CARTESIAN_POINT('Ctrl Pts',(1.52687531200349,-2.16403137260334,0.));
#3069=CARTESIAN_POINT('Ctrl Pts',(2.64972892179226,-2.77780334871399,0.));
#3070=CARTESIAN_POINT('Ctrl Pts',(3.79286267479317,-3.19208815993173,0.));
#3071=CARTESIAN_POINT('Ctrl Pts',(5.30053222122738,-3.5969267914487,0.));
#3072=CARTESIAN_POINT('Ctrl Pts',(6.31108023642821,-3.84666532715695,0.));
#3073=CARTESIAN_POINT('Ctrl Pts',(10.6871169193011,-4.44263499427823,0.));
#3074=CARTESIAN_POINT('Ctrl Pts',(12.4281847878521,-4.42778202907315,0.));
#3075=CARTESIAN_POINT('Ctrl Pts',(16.410914517818,-4.62641735626263,0.));
#3076=CARTESIAN_POINT('Ctrl Pts',(21.1873407815787,-4.25790829183185,0.));
#3077=CARTESIAN_POINT('Ctrl Pts',(25.9384985774591,-3.98530085261751,0.));
#3078=CARTESIAN_POINT('Ctrl Pts',(37.0943494543534,-2.5258288815581,0.));
#3079=CARTESIAN_POINT('Ctrl Pts',(41.1982453000429,-1.83006371519716,0.));
#3080=CARTESIAN_POINT('Ctrl Pts',(48.7504751601264,-0.412235331276507,0.));
#3081=CARTESIAN_POINT('Ctrl Pts',(50.1809926378909,-2.17426426099962E-15,
0.));
#3082=CARTESIAN_POINT('Origin',(30.,0.,0.));
#3083=CARTESIAN_POINT('',(32.5,3.06161699786838E-16,0.));
#3084=CARTESIAN_POINT('Origin',(30.,0.,0.));
#3085=CARTESIAN_POINT('',(32.5,3.06161699786838E-16,130.));
#3086=CARTESIAN_POINT('',(32.5,3.06161699786838E-16,0.));
#3087=CARTESIAN_POINT('Origin',(30.,0.,130.));
#3088=CARTESIAN_POINT('Origin',(30.,0.,130.));
#3089=CARTESIAN_POINT('Origin',(5.,0.,0.));
#3090=CARTESIAN_POINT('',(7.5,3.06161699786838E-16,0.));
#3091=CARTESIAN_POINT('Origin',(5.,0.,0.));
#3092=CARTESIAN_POINT('',(7.5,3.06161699786838E-16,100.));
#3093=CARTESIAN_POINT('',(7.5,3.06161699786838E-16,0.));
#3094=CARTESIAN_POINT('Origin',(5.,0.,100.));
#3095=CARTESIAN_POINT('Origin',(5.,0.,100.));
#3096=CARTESIAN_POINT('Origin',(25.0904963189455,-0.0480100311379425,0.));
#3097=UNCERTAINTY_MEASURE_WITH_UNIT(LENGTH_MEASURE(0.01),#3101,
'DISTANCE_ACCURACY_VALUE',
'Maximum model space distance between geometric entities at asserted c
onnectivities');
#3098=UNCERTAINTY_MEASURE_WITH_UNIT(LENGTH_MEASURE(0.01),#3101,
'DISTANCE_ACCURACY_VALUE',
'Maximum model space distance between geometric entities at asserted c
onnectivities');
#3099=(
GEOMETRIC_REPRESENTATION_CONTEXT(3)
GLOBAL_UNCERTAINTY_ASSIGNED_CONTEXT((#3097))
GLOBAL_UNIT_ASSIGNED_CONTEXT((#3101,#3103,#3104))
REPRESENTATION_CONTEXT('','3D')
);
#3100=(
GEOMETRIC_REPRESENTATION_CONTEXT(3)
GLOBAL_UNCERTAINTY_ASSIGNED_CONTEXT((#3098))
GLOBAL_UNIT_ASSIGNED_CONTEXT((#3101,#3103,#3104))
REPRESENTATION_CONTEXT('','3D')
);
#3101=(
LENGTH_UNIT()
NAMED_UNIT(*)
SI_UNIT(.MILLI.,.METRE.)
);
#3102=(
LENGTH_UNIT()
NAMED_UNIT(*)
SI_UNIT(.CENTI.,.METRE.)
);
#3103=(
NAMED_UNIT(*)
PLANE_ANGLE_UNIT()
SI_UNIT($,.RADIAN.)
);
#3104=(
NAMED_UNIT(*)
SI_UNIT($,.STERADIAN.)
SOLID_ANGLE_UNIT()
);
#3105=SHAPE_DEFINITION_REPRESENTATION(#3106,#3107);
#3106=PRODUCT_DEFINITION_SHAPE('',$,#3109);
#3107=SHAPE_REPRESENTATION('',(#244),#3099);
#3108=PRODUCT_DEFINITION_CONTEXT('part definition',#3113,'design');
#3109=PRODUCT_DEFINITION('elivators','elivators',#3110,#3108);
#3110=PRODUCT_DEFINITION_FORMATION('',$,#3115);
#3111=PRODUCT_RELATED_PRODUCT_CATEGORY('elivators','elivators',(#3115));
#3112=APPLICATION_PROTOCOL_DEFINITION('international standard',
'automotive_design',2009,#3113);
#3113=APPLICATION_CONTEXT(
'Core Data for Automotive Mechanical Design Process');
#3114=PRODUCT_CONTEXT('part definition',#3113,'mechanical');
#3115=PRODUCT('elivators','elivators',$,(#3114));
#3116=PRESENTATION_STYLE_ASSIGNMENT((#3117));
#3117=SURFACE_STYLE_USAGE(.BOTH.,#3120);
#3118=SURFACE_STYLE_RENDERING_WITH_PROPERTIES($,#3124,(#3119));
#3119=SURFACE_STYLE_TRANSPARENT(0.);
#3120=SURFACE_SIDE_STYLE('',(#3121,#3118));
#3121=SURFACE_STYLE_FILL_AREA(#3122);
#3122=FILL_AREA_STYLE('',(#3123));
#3123=FILL_AREA_STYLE_COLOUR('',#3124);
#3124=COLOUR_RGB('',0.749019607843137,0.749019607843137,0.749019607843137);
ENDSEC;
END-ISO-10303-21;
