ISO-10303-21;
HEADER;
/* Generated by software containing ST-Developer
 * from STEP Tools, Inc. (www.steptools.com) 
 */

FILE_DESCRIPTION(
/* description */ (''),
/* implementation_level */ '2;1');

FILE_NAME(
/* name */ 
'I think done body unless hugo hass a hissy fit part 1  .stp',
/* time_stamp */ '2026-05-21T22:38:07+12:00',
/* author */ ('Jake'),
/* organization */ (''),
/* preprocessor_version */ 'ST-DEVELOPER v20.1',
/* originating_system */ 'Autodesk Inventor 2026',
/* authorisation */ '');

FILE_SCHEMA (('AUTOMOTIVE_DESIGN { 1 0 10303 214 3 1 1 }'));
ENDSEC;

DATA;
#10=MECHANICAL_DESIGN_GEOMETRIC_PRESENTATION_REPRESENTATION('',(#75,#76,
#77,#78,#79,#80,#81,#82,#83,#84,#85,#86,#87,#88,#89,#90,#91,#92,#93,#94,
#95,#96,#97,#98,#99,#100,#101,#102,#103,#104,#105,#106,#107,#108,#109,#110,
#111,#112,#113,#114),#12662);
#11=GEOMETRICALLY_BOUNDED_WIREFRAME_SHAPE_REPRESENTATION('',(#12,#13,#14,
#15,#16,#17,#18,#19,#20,#21,#22,#23,#24,#25,#26,#27,#28,#29,#30),#12661);
#12=GEOMETRIC_CURVE_SET('Sketch12',(#12541));
#13=GEOMETRIC_CURVE_SET('Sketch14',(#39,#40,#41,#42,#43,#44,#45,#46,#47,
#48,#49,#12564,#12565,#12566,#12567));
#14=GEOMETRIC_CURVE_SET('Sketch18',(#12568));
#15=GEOMETRIC_CURVE_SET('Sketch20',(#50,#51,#52,#34,#53,#35,#36,#54,#37,
#55,#56,#38,#12598));
#16=GEOMETRIC_CURVE_SET('Sketch25',(#12599));
#17=GEOMETRIC_CURVE_SET('Sketch26',(#57,#58,#59,#12606));
#18=GEOMETRIC_CURVE_SET('Sketch28',(#12607));
#19=GEOMETRIC_CURVE_SET('Sketch39',(#12608));
#20=GEOMETRIC_CURVE_SET('Sketch46',(#12609));
#21=GEOMETRIC_CURVE_SET('Sketch63',(#12610));
#22=GEOMETRIC_CURVE_SET('Sketch101',(#572,#573,#574,#12614));
#23=GEOMETRIC_CURVE_SET('Sketch119',(#12615));
#24=GEOMETRIC_CURVE_SET('Sketch121',(#60,#61,#62,#63,#64,#65,#12628,#12629));
#25=GEOMETRIC_CURVE_SET('Sketch125',(#66,#67,#68,#69,#70,#71,#72,#73,#74,
#12648));
#26=GEOMETRIC_CURVE_SET('Sketch138',(#12649));
#27=GEOMETRIC_CURVE_SET('Sketch145',(#575,#576,#577,#12653));
#28=GEOMETRIC_CURVE_SET('Sketch146',(#12654));
#29=GEOMETRIC_CURVE_SET('Sketch149',(#12655));
#30=GEOMETRIC_CURVE_SET('Sketch150',(#578,#579,#12658));
#31=SHAPE_REPRESENTATION_RELATIONSHIP('SRR','None',#12669,#33);
#32=SHAPE_REPRESENTATION_RELATIONSHIP('SRR','None',#12669,#11);
#33=ADVANCED_BREP_SHAPE_REPRESENTATION('',(#115,#116),#12661);
#34=TRIMMED_CURVE('',#567,(#12576,PARAMETER_VALUE(1.5707963267949)),(#12577,
PARAMETER_VALUE(3.15179030181595)),.T.,.PARAMETER.);
#35=TRIMMED_CURVE('',#568,(#12581,PARAMETER_VALUE(3.17675451141043)),(#12582,
PARAMETER_VALUE(4.67722712256405)),.T.,.PARAMETER.);
#36=TRIMMED_CURVE('',#569,(#12584,PARAMETER_VALUE(4.74755563454003)),(#12585,
PARAMETER_VALUE(6.24816006573701)),.T.,.PARAMETER.);
#37=TRIMMED_CURVE('',#570,(#12589,PARAMETER_VALUE(4.71238898038469)),(#12590,
PARAMETER_VALUE(6.28332671989235)),.T.,.PARAMETER.);
#38=TRIMMED_CURVE('',#571,(#12596,PARAMETER_VALUE(0.)),(#12597,
PARAMETER_VALUE(1.56070473452082)),.T.,.PARAMETER.);
#39=POLYLINE('',(#12542,#12543));
#40=POLYLINE('',(#12544,#12545));
#41=POLYLINE('',(#12546,#12547));
#42=POLYLINE('',(#12548,#12549));
#43=POLYLINE('',(#12550,#12551));
#44=POLYLINE('',(#12552,#12553));
#45=POLYLINE('',(#12554,#12555));
#46=POLYLINE('',(#12556,#12557));
#47=POLYLINE('',(#12558,#12559));
#48=POLYLINE('',(#12560,#12561));
#49=POLYLINE('',(#12562,#12563));
#50=POLYLINE('',(#12569,#12570));
#51=POLYLINE('',(#12571,#12572));
#52=POLYLINE('',(#12573,#12574));
#53=POLYLINE('',(#12578,#12579));
#54=POLYLINE('',(#12586,#12587));
#55=POLYLINE('',(#12591,#12592));
#56=POLYLINE('',(#12593,#12594));
#57=POLYLINE('',(#12600,#12601));
#58=POLYLINE('',(#12602,#12603));
#59=POLYLINE('',(#12604,#12605));
#60=POLYLINE('',(#12616,#12617));
#61=POLYLINE('',(#12618,#12619));
#62=POLYLINE('',(#12620,#12621));
#63=POLYLINE('',(#12622,#12623));
#64=POLYLINE('',(#12624,#12625));
#65=POLYLINE('',(#12626,#12627));
#66=POLYLINE('',(#12630,#12631));
#67=POLYLINE('',(#12632,#12633));
#68=POLYLINE('',(#12634,#12635));
#69=POLYLINE('',(#12636,#12637));
#70=POLYLINE('',(#12638,#12639));
#71=POLYLINE('',(#12640,#12641));
#72=POLYLINE('',(#12642,#12643));
#73=POLYLINE('',(#12644,#12645));
#74=POLYLINE('',(#12646,#12647));
#75=STYLED_ITEM('',(#12678),#115);
#76=STYLED_ITEM('',(#12678),#116);
#77=STYLED_ITEM('',(#12680),#39);
#78=STYLED_ITEM('',(#12679),#40);
#79=STYLED_ITEM('',(#12680),#41);
#80=STYLED_ITEM('',(#12679),#42);
#81=STYLED_ITEM('',(#12680),#43);
#82=STYLED_ITEM('',(#12680),#44);
#83=STYLED_ITEM('',(#12680),#45);
#84=STYLED_ITEM('',(#12680),#46);
#85=STYLED_ITEM('',(#12679),#47);
#86=STYLED_ITEM('',(#12680),#48);
#87=STYLED_ITEM('',(#12679),#50);
#88=STYLED_ITEM('',(#12680),#51);
#89=STYLED_ITEM('',(#12679),#52);
#90=STYLED_ITEM('',(#12680),#34);
#91=STYLED_ITEM('',(#12680),#53);
#92=STYLED_ITEM('',(#12679),#36);
#93=STYLED_ITEM('',(#12680),#54);
#94=STYLED_ITEM('',(#12680),#37);
#95=STYLED_ITEM('',(#12679),#55);
#96=STYLED_ITEM('',(#12680),#56);
#97=STYLED_ITEM('',(#12680),#38);
#98=STYLED_ITEM('',(#12681),#57);
#99=STYLED_ITEM('',(#12681),#59);
#100=STYLED_ITEM('',(#12681),#572);
#101=STYLED_ITEM('',(#12680),#574);
#102=STYLED_ITEM('',(#12681),#61);
#103=STYLED_ITEM('',(#12681),#63);
#104=STYLED_ITEM('',(#12680),#66);
#105=STYLED_ITEM('',(#12680),#67);
#106=STYLED_ITEM('',(#12680),#68);
#107=STYLED_ITEM('',(#12680),#69);
#108=STYLED_ITEM('',(#12680),#70);
#109=STYLED_ITEM('',(#12680),#71);
#110=STYLED_ITEM('',(#12681),#72);
#111=STYLED_ITEM('',(#12680),#73);
#112=STYLED_ITEM('',(#12681),#575);
#113=STYLED_ITEM('',(#12679),#578);
#114=STYLED_ITEM('',(#12680),#579);
#115=MANIFOLD_SOLID_BREP('Solid1',#6998);
#116=MANIFOLD_SOLID_BREP('Solid1',#6999);
#117=B_SPLINE_SURFACE_WITH_KNOTS('',3,3,((#10620,#10621,#10622,#10623),
(#10624,#10625,#10626,#10627),(#10628,#10629,#10630,#10631),(#10632,#10633,
#10634,#10635),(#10636,#10637,#10638,#10639),(#10640,#10641,#10642,#10643),
(#10644,#10645,#10646,#10647)),.UNSPECIFIED.,.F.,.F.,.F.,(4,1,1,1,4),(4,
4),(0.,0.285714285714286,0.571428571428571,0.857142857142857,1.),(0.,1.),
 .UNSPECIFIED.);
#118=B_SPLINE_SURFACE_WITH_KNOTS('',3,3,((#10661,#10662,#10663,#10664),
(#10665,#10666,#10667,#10668),(#10669,#10670,#10671,#10672),(#10673,#10674,
#10675,#10676),(#10677,#10678,#10679,#10680),(#10681,#10682,#10683,#10684),
(#10685,#10686,#10687,#10688)),.UNSPECIFIED.,.F.,.F.,.F.,(4,1,1,1,4),(4,
4),(0.,0.285714285714286,0.571428571428571,0.857142857142857,1.),(0.,1.),
 .UNSPECIFIED.);
#119=B_SPLINE_SURFACE_WITH_KNOTS('',3,3,((#10697,#10698,#10699,#10700),
(#10701,#10702,#10703,#10704),(#10705,#10706,#10707,#10708),(#10709,#10710,
#10711,#10712),(#10713,#10714,#10715,#10716),(#10717,#10718,#10719,#10720),
(#10721,#10722,#10723,#10724)),.UNSPECIFIED.,.F.,.F.,.F.,(4,1,1,1,4),(4,
4),(0.,0.285714285714286,0.571428571428571,0.857142857142857,1.),(0.,1.),
 .UNSPECIFIED.);
#120=B_SPLINE_SURFACE_WITH_KNOTS('',3,3,((#10732,#10733,#10734,#10735),
(#10736,#10737,#10738,#10739),(#10740,#10741,#10742,#10743),(#10744,#10745,
#10746,#10747),(#10748,#10749,#10750,#10751),(#10752,#10753,#10754,#10755),
(#10756,#10757,#10758,#10759)),.UNSPECIFIED.,.F.,.F.,.F.,(4,1,1,1,4),(4,
4),(0.,0.285714285714286,0.571428571428571,0.857142857142857,1.),(0.,1.),
 .UNSPECIFIED.);
#121=B_SPLINE_SURFACE_WITH_KNOTS('',3,3,((#10914,#10915,#10916,#10917),
(#10918,#10919,#10920,#10921),(#10922,#10923,#10924,#10925),(#10926,#10927,
#10928,#10929),(#10930,#10931,#10932,#10933),(#10934,#10935,#10936,#10937),
(#10938,#10939,#10940,#10941)),.UNSPECIFIED.,.F.,.F.,.F.,(4,1,1,1,4),(4,
4),(0.,0.285714285714286,0.571428571428571,0.857142857142857,1.),(0.,1.),
 .UNSPECIFIED.);
#122=B_SPLINE_SURFACE_WITH_KNOTS('',3,3,((#10950,#10951,#10952,#10953),
(#10954,#10955,#10956,#10957),(#10958,#10959,#10960,#10961),(#10962,#10963,
#10964,#10965),(#10966,#10967,#10968,#10969),(#10970,#10971,#10972,#10973),
(#10974,#10975,#10976,#10977)),.UNSPECIFIED.,.F.,.F.,.F.,(4,1,1,1,4),(4,
4),(0.,0.285714285714286,0.571428571428571,0.857142857142857,1.),(0.,1.),
 .UNSPECIFIED.);
#123=B_SPLINE_SURFACE_WITH_KNOTS('',3,3,((#10982,#10983,#10984,#10985),
(#10986,#10987,#10988,#10989),(#10990,#10991,#10992,#10993),(#10994,#10995,
#10996,#10997),(#10998,#10999,#11000,#11001),(#11002,#11003,#11004,#11005),
(#11006,#11007,#11008,#11009)),.UNSPECIFIED.,.F.,.F.,.F.,(4,1,1,1,4),(4,
4),(0.,0.285714285714286,0.571428571428571,0.857142857142857,1.),(0.,1.),
 .UNSPECIFIED.);
#124=B_SPLINE_SURFACE_WITH_KNOTS('',3,3,((#11013,#11014,#11015,#11016),
(#11017,#11018,#11019,#11020),(#11021,#11022,#11023,#11024),(#11025,#11026,
#11027,#11028),(#11029,#11030,#11031,#11032),(#11033,#11034,#11035,#11036),
(#11037,#11038,#11039,#11040)),.UNSPECIFIED.,.F.,.F.,.F.,(4,1,1,1,4),(4,
4),(0.,0.285714285714286,0.571428571428571,0.857142857142857,1.),(0.,1.),
 .UNSPECIFIED.);
#125=B_SPLINE_SURFACE_WITH_KNOTS('',3,3,((#11371,#11372,#11373,#11374),
(#11375,#11376,#11377,#11378),(#11379,#11380,#11381,#11382),(#11383,#11384,
#11385,#11386),(#11387,#11388,#11389,#11390),(#11391,#11392,#11393,#11394),
(#11395,#11396,#11397,#11398)),.UNSPECIFIED.,.F.,.F.,.F.,(4,1,1,1,4),(4,
4),(0.,0.285714285714286,0.571428571428571,0.785714285714286,1.),(0.,1.),
 .UNSPECIFIED.);
#126=B_SPLINE_SURFACE_WITH_KNOTS('',3,3,((#11404,#11405,#11406,#11407),
(#11408,#11409,#11410,#11411),(#11412,#11413,#11414,#11415),(#11416,#11417,
#11418,#11419),(#11420,#11421,#11422,#11423),(#11424,#11425,#11426,#11427),
(#11428,#11429,#11430,#11431)),.UNSPECIFIED.,.F.,.F.,.F.,(4,1,1,1,4),(4,
4),(0.,0.285714285714286,0.571428571428571,0.785714285714286,1.),(0.,1.),
 .UNSPECIFIED.);
#127=B_SPLINE_SURFACE_WITH_KNOTS('',3,3,((#11437,#11438,#11439,#11440),
(#11441,#11442,#11443,#11444),(#11445,#11446,#11447,#11448),(#11449,#11450,
#11451,#11452),(#11453,#11454,#11455,#11456),(#11457,#11458,#11459,#11460),
(#11461,#11462,#11463,#11464)),.UNSPECIFIED.,.F.,.F.,.F.,(4,1,1,1,4),(4,
4),(0.,0.285714285714286,0.571428571428571,0.857142857142857,1.),(0.,1.),
 .UNSPECIFIED.);
#128=B_SPLINE_SURFACE_WITH_KNOTS('',3,3,((#11469,#11470,#11471,#11472),
(#11473,#11474,#11475,#11476),(#11477,#11478,#11479,#11480),(#11481,#11482,
#11483,#11484),(#11485,#11486,#11487,#11488),(#11489,#11490,#11491,#11492),
(#11493,#11494,#11495,#11496)),.UNSPECIFIED.,.F.,.F.,.F.,(4,1,1,1,4),(4,
4),(0.,0.285714285714286,0.571428571428571,0.857142857142857,1.),(0.,1.),
 .UNSPECIFIED.);
#129=B_SPLINE_SURFACE_WITH_KNOTS('',3,3,((#11537,#11538,#11539,#11540),
(#11541,#11542,#11543,#11544),(#11545,#11546,#11547,#11548),(#11549,#11550,
#11551,#11552),(#11553,#11554,#11555,#11556),(#11557,#11558,#11559,#11560),
(#11561,#11562,#11563,#11564)),.UNSPECIFIED.,.F.,.F.,.F.,(4,1,1,1,4),(4,
4),(0.,0.285714285714286,0.571428571428571,0.857142857142857,1.),(0.,1.),
 .UNSPECIFIED.);
#130=B_SPLINE_SURFACE_WITH_KNOTS('',3,3,((#11569,#11570,#11571,#11572),
(#11573,#11574,#11575,#11576),(#11577,#11578,#11579,#11580),(#11581,#11582,
#11583,#11584),(#11585,#11586,#11587,#11588),(#11589,#11590,#11591,#11592),
(#11593,#11594,#11595,#11596)),.UNSPECIFIED.,.F.,.F.,.F.,(4,1,1,1,4),(4,
4),(0.,0.285714285714286,0.571428571428571,0.857142857142857,1.),(0.,1.),
 .UNSPECIFIED.);
#131=B_SPLINE_SURFACE_WITH_KNOTS('',3,3,((#11602,#11603,#11604,#11605),
(#11606,#11607,#11608,#11609),(#11610,#11611,#11612,#11613),(#11614,#11615,
#11616,#11617),(#11618,#11619,#11620,#11621),(#11622,#11623,#11624,#11625),
(#11626,#11627,#11628,#11629)),.UNSPECIFIED.,.F.,.F.,.F.,(4,1,1,1,4),(4,
4),(0.,0.285714285714286,0.571428571428571,0.785714285714286,1.),(0.,1.),
 .UNSPECIFIED.);
#132=B_SPLINE_SURFACE_WITH_KNOTS('',3,3,((#11637,#11638,#11639,#11640),
(#11641,#11642,#11643,#11644),(#11645,#11646,#11647,#11648),(#11649,#11650,
#11651,#11652),(#11653,#11654,#11655,#11656),(#11657,#11658,#11659,#11660),
(#11661,#11662,#11663,#11664)),.UNSPECIFIED.,.F.,.F.,.F.,(4,1,1,1,4),(4,
4),(0.,0.285714285714286,0.571428571428571,0.785714285714286,1.),(0.,1.),
 .UNSPECIFIED.);
#133=CYLINDRICAL_SURFACE('',#7043,4.);
#134=CYLINDRICAL_SURFACE('',#7045,3.99999999999999);
#135=CYLINDRICAL_SURFACE('',#7054,5.);
#136=CYLINDRICAL_SURFACE('',#7057,5.);
#137=CYLINDRICAL_SURFACE('',#7060,4.);
#138=CYLINDRICAL_SURFACE('',#7062,4.);
#139=CYLINDRICAL_SURFACE('',#7064,36.);
#140=CYLINDRICAL_SURFACE('',#7071,4.);
#141=CYLINDRICAL_SURFACE('',#7073,5.);
#142=CYLINDRICAL_SURFACE('',#7076,5.);
#143=CYLINDRICAL_SURFACE('',#7078,5.);
#144=CYLINDRICAL_SURFACE('',#7080,5.);
#145=CYLINDRICAL_SURFACE('',#7082,36.);
#146=CYLINDRICAL_SURFACE('',#7089,34.);
#147=CYLINDRICAL_SURFACE('',#7102,55.);
#148=CYLINDRICAL_SURFACE('',#7150,57.);
#149=CYLINDRICAL_SURFACE('',#7155,55.0000000000001);
#150=CYLINDRICAL_SURFACE('',#7158,55.);
#151=CYLINDRICAL_SURFACE('',#7175,25.8);
#152=CYLINDRICAL_SURFACE('',#7177,19.8);
#153=CYLINDRICAL_SURFACE('',#7181,15.8);
#154=CYLINDRICAL_SURFACE('',#7185,21.8);
#155=CYLINDRICAL_SURFACE('',#7212,25.8);
#156=CYLINDRICAL_SURFACE('',#7217,15.8);
#157=CYLINDRICAL_SURFACE('',#7219,19.8);
#158=CYLINDRICAL_SURFACE('',#7225,21.8);
#159=CYLINDRICAL_SURFACE('',#7237,25.8000000000001);
#160=CYLINDRICAL_SURFACE('',#7241,25.8);
#161=CYLINDRICAL_SURFACE('',#7245,19.8);
#162=CYLINDRICAL_SURFACE('',#7249,19.8);
#163=CYLINDRICAL_SURFACE('',#7252,15.8);
#164=CYLINDRICAL_SURFACE('',#7255,15.8);
#165=CYLINDRICAL_SURFACE('',#7259,21.8);
#166=CYLINDRICAL_SURFACE('',#7263,21.8);
#167=CYLINDRICAL_SURFACE('',#7299,22.);
#168=CYLINDRICAL_SURFACE('',#7302,16.);
#169=CYLINDRICAL_SURFACE('',#7305,16.);
#170=CYLINDRICAL_SURFACE('',#7308,22.0000008621826);
#171=CYLINDRICAL_SURFACE('',#7314,16.);
#172=CYLINDRICAL_SURFACE('',#7317,22.);
#173=CYLINDRICAL_SURFACE('',#7320,22.2858330909091);
#174=CYLINDRICAL_SURFACE('',#7323,16.);
#175=CYLINDRICAL_SURFACE('',#7342,31.);
#176=CYLINDRICAL_SURFACE('',#7346,1.05);
#177=CYLINDRICAL_SURFACE('',#7347,1.05);
#178=CYLINDRICAL_SURFACE('',#7348,1.05);
#179=CYLINDRICAL_SURFACE('',#7349,1.05);
#180=CYLINDRICAL_SURFACE('',#7350,1.05);
#181=CYLINDRICAL_SURFACE('',#7351,1.05);
#182=CYLINDRICAL_SURFACE('',#7352,1.05);
#183=CYLINDRICAL_SURFACE('',#7353,1.05);
#184=CYLINDRICAL_SURFACE('',#7356,73.);
#185=CYLINDRICAL_SURFACE('',#7362,73.0000000000001);
#186=CYLINDRICAL_SURFACE('',#7366,72.9999999999996);
#187=CYLINDRICAL_SURFACE('',#7374,73.);
#188=CYLINDRICAL_SURFACE('',#7379,73.0000000000001);
#189=CYLINDRICAL_SURFACE('',#7384,73.0000000000006);
#190=CYLINDRICAL_SURFACE('',#7392,72.9999999999999);
#191=CYLINDRICAL_SURFACE('',#7395,73.);
#192=CYLINDRICAL_SURFACE('',#7399,73.0000000000001);
#193=CYLINDRICAL_SURFACE('',#7404,72.9999999999999);
#194=CYLINDRICAL_SURFACE('',#7412,71.4407387796679);
#195=CYLINDRICAL_SURFACE('',#7415,72.9999999999999);
#196=CYLINDRICAL_SURFACE('',#7420,73.);
#197=CYLINDRICAL_SURFACE('',#7426,73.);
#198=CYLINDRICAL_SURFACE('',#7429,73.);
#199=CYLINDRICAL_SURFACE('',#7432,72.9999999999998);
#200=CYLINDRICAL_SURFACE('',#7436,72.9999999999999);
#201=CYLINDRICAL_SURFACE('',#7439,73.);
#202=CYLINDRICAL_SURFACE('',#7443,72.9999999999999);
#203=CYLINDRICAL_SURFACE('',#7455,72.9999999999997);
#204=CYLINDRICAL_SURFACE('',#7456,72.9999999999999);
#205=CYLINDRICAL_SURFACE('',#7467,2.25);
#206=CYLINDRICAL_SURFACE('',#7469,2.25);
#207=CYLINDRICAL_SURFACE('',#7471,2.25);
#208=CYLINDRICAL_SURFACE('',#7479,2.25);
#209=CYLINDRICAL_SURFACE('',#7489,2.25);
#210=CYLINDRICAL_SURFACE('',#7490,2.25);
#211=CYLINDRICAL_SURFACE('',#7491,2.25);
#212=CYLINDRICAL_SURFACE('',#7498,2.25);
#213=CYLINDRICAL_SURFACE('',#7510,34.);
#214=CYLINDRICAL_SURFACE('',#7514,34.);
#215=CYLINDRICAL_SURFACE('',#7520,34.);
#216=CYLINDRICAL_SURFACE('',#7522,34.);
#217=CYLINDRICAL_SURFACE('',#7529,2.5);
#218=CYLINDRICAL_SURFACE('',#7530,2.49999999999999);
#219=CYLINDRICAL_SURFACE('',#7554,34.);
#220=CYLINDRICAL_SURFACE('',#7556,4.00000000000001);
#221=CYLINDRICAL_SURFACE('',#7558,4.00000000000001);
#222=CYLINDRICAL_SURFACE('',#7559,4.00000000000001);
#223=CYLINDRICAL_SURFACE('',#7573,5.);
#224=CYLINDRICAL_SURFACE('',#7575,5.);
#225=CYLINDRICAL_SURFACE('',#7576,4.5);
#226=CYLINDRICAL_SURFACE('',#7577,4.5);
#227=CYLINDRICAL_SURFACE('',#7578,5.);
#228=CYLINDRICAL_SURFACE('',#7579,34.);
#229=CYLINDRICAL_SURFACE('',#7582,4.);
#230=CYLINDRICAL_SURFACE('',#7587,4.);
#231=CYLINDRICAL_SURFACE('',#7588,4.);
#232=CYLINDRICAL_SURFACE('',#7589,57.);
#233=CYLINDRICAL_SURFACE('',#7590,55.0000000000001);
#234=CYLINDRICAL_SURFACE('',#7593,34.);
#235=CYLINDRICAL_SURFACE('',#7600,5.);
#236=CYLINDRICAL_SURFACE('',#7601,5.);
#237=CYLINDRICAL_SURFACE('',#7602,4.5);
#238=CYLINDRICAL_SURFACE('',#7603,4.5);
#239=CYLINDRICAL_SURFACE('',#7604,5.);
#240=CYLINDRICAL_SURFACE('',#7605,4.);
#241=CYLINDRICAL_SURFACE('',#7606,4.5);
#242=CYLINDRICAL_SURFACE('',#7609,4.);
#243=FACE_BOUND('',#944,.T.);
#244=FACE_BOUND('',#945,.T.);
#245=FACE_BOUND('',#946,.T.);
#246=FACE_BOUND('',#947,.T.);
#247=FACE_BOUND('',#950,.T.);
#248=FACE_BOUND('',#951,.T.);
#249=FACE_BOUND('',#953,.T.);
#250=FACE_BOUND('',#955,.T.);
#251=FACE_BOUND('',#965,.T.);
#252=FACE_BOUND('',#973,.T.);
#253=FACE_BOUND('',#976,.T.);
#254=FACE_BOUND('',#977,.T.);
#255=FACE_BOUND('',#978,.T.);
#256=FACE_BOUND('',#979,.T.);
#257=FACE_BOUND('',#981,.T.);
#258=FACE_BOUND('',#982,.T.);
#259=FACE_BOUND('',#984,.T.);
#260=FACE_BOUND('',#985,.T.);
#261=FACE_BOUND('',#986,.T.);
#262=FACE_BOUND('',#987,.T.);
#263=FACE_BOUND('',#988,.T.);
#264=FACE_BOUND('',#990,.T.);
#265=FACE_BOUND('',#991,.T.);
#266=FACE_BOUND('',#992,.T.);
#267=FACE_BOUND('',#993,.T.);
#268=FACE_BOUND('',#997,.T.);
#269=FACE_BOUND('',#998,.T.);
#270=FACE_BOUND('',#999,.T.);
#271=FACE_BOUND('',#1000,.T.);
#272=FACE_BOUND('',#1001,.T.);
#273=FACE_BOUND('',#1003,.T.);
#274=FACE_BOUND('',#1004,.T.);
#275=FACE_BOUND('',#1006,.T.);
#276=FACE_BOUND('',#1008,.T.);
#277=FACE_BOUND('',#1010,.T.);
#278=FACE_BOUND('',#1013,.T.);
#279=FACE_BOUND('',#1016,.T.);
#280=FACE_BOUND('',#1029,.T.);
#281=FACE_BOUND('',#1032,.T.);
#282=FACE_BOUND('',#1039,.T.);
#283=FACE_BOUND('',#1047,.T.);
#284=FACE_BOUND('',#1049,.T.);
#285=FACE_BOUND('',#1053,.T.);
#286=FACE_BOUND('',#1058,.T.);
#287=FACE_BOUND('',#1066,.T.);
#288=FACE_BOUND('',#1097,.T.);
#289=FACE_BOUND('',#1102,.T.);
#290=FACE_BOUND('',#1104,.T.);
#291=FACE_BOUND('',#1105,.T.);
#292=FACE_BOUND('',#1106,.T.);
#293=FACE_BOUND('',#1107,.T.);
#294=FACE_BOUND('',#1108,.T.);
#295=FACE_BOUND('',#1110,.T.);
#296=FACE_BOUND('',#1112,.T.);
#297=FACE_BOUND('',#1114,.T.);
#298=FACE_BOUND('',#1116,.T.);
#299=FACE_BOUND('',#1118,.T.);
#300=FACE_BOUND('',#1120,.T.);
#301=FACE_BOUND('',#1294,.T.);
#302=FACE_BOUND('',#1296,.T.);
#303=FACE_BOUND('',#1313,.T.);
#304=FACE_BOUND('',#1315,.T.);
#305=FACE_BOUND('',#1330,.T.);
#306=FACE_BOUND('',#1332,.T.);
#307=FACE_BOUND('',#1333,.T.);
#308=FACE_BOUND('',#1334,.T.);
#309=FACE_BOUND('',#1335,.T.);
#310=FACE_BOUND('',#1351,.T.);
#311=FACE_BOUND('',#1352,.T.);
#312=FACE_BOUND('',#1354,.T.);
#313=FACE_BOUND('',#1355,.T.);
#314=FACE_BOUND('',#1357,.T.);
#315=FACE_BOUND('',#1358,.T.);
#316=FACE_BOUND('',#1359,.T.);
#317=FACE_BOUND('',#1360,.T.);
#318=FACE_BOUND('',#1376,.T.);
#319=FACE_BOUND('',#1378,.T.);
#320=CIRCLE('',#7025,72.9999999999997);
#321=CIRCLE('',#7026,72.9999999999999);
#322=CIRCLE('',#7027,5.);
#323=CIRCLE('',#7028,5.);
#324=CIRCLE('',#7029,5.);
#325=CIRCLE('',#7030,5.);
#326=CIRCLE('',#7033,34.);
#327=CIRCLE('',#7034,34.);
#328=CIRCLE('',#7035,2.5);
#329=CIRCLE('',#7036,2.49999999999999);
#330=CIRCLE('',#7038,4.5);
#331=CIRCLE('',#7039,4.);
#332=CIRCLE('',#7041,4.5);
#333=CIRCLE('',#7042,4.00000000000002);
#334=CIRCLE('',#7044,4.);
#335=CIRCLE('',#7046,3.99999999999999);
#336=CIRCLE('',#7048,4.);
#337=CIRCLE('',#7049,4.);
#338=CIRCLE('',#7050,4.00000000000001);
#339=CIRCLE('',#7051,4.);
#340=CIRCLE('',#7052,4.);
#341=CIRCLE('',#7053,4.);
#342=CIRCLE('',#7055,5.);
#343=CIRCLE('',#7056,5.);
#344=CIRCLE('',#7058,5.);
#345=CIRCLE('',#7059,5.);
#346=CIRCLE('',#7061,4.00000000000001);
#347=CIRCLE('',#7063,4.00000000000001);
#348=CIRCLE('',#7065,36.);
#349=CIRCLE('',#7066,36.);
#350=CIRCLE('',#7068,4.00000000000001);
#351=CIRCLE('',#7069,4.);
#352=CIRCLE('',#7070,4.);
#353=CIRCLE('',#7072,4.);
#354=CIRCLE('',#7074,5.);
#355=CIRCLE('',#7075,5.);
#356=CIRCLE('',#7077,4.99999999999999);
#357=CIRCLE('',#7079,5.);
#358=CIRCLE('',#7081,5.);
#359=CIRCLE('',#7083,36.);
#360=CIRCLE('',#7084,36.);
#361=CIRCLE('',#7086,5.);
#362=CIRCLE('',#7087,5.);
#363=CIRCLE('',#7088,5.);
#364=CIRCLE('',#7090,34.);
#365=CIRCLE('',#7091,34.);
#366=CIRCLE('',#7093,73.);
#367=CIRCLE('',#7094,73.);
#368=CIRCLE('',#7095,2.25);
#369=CIRCLE('',#7096,2.25);
#370=CIRCLE('',#7097,72.9999999999997);
#371=CIRCLE('',#7098,73.0000000000001);
#372=CIRCLE('',#7099,2.25);
#373=CIRCLE('',#7100,2.25);
#374=CIRCLE('',#7101,4.);
#375=CIRCLE('',#7103,55.);
#376=CIRCLE('',#7104,54.9999999999998);
#377=CIRCLE('',#7105,55.);
#378=CIRCLE('',#7107,73.);
#379=CIRCLE('',#7108,73.);
#380=CIRCLE('',#7109,2.25);
#381=CIRCLE('',#7110,2.25);
#382=CIRCLE('',#7111,73.0000000000001);
#383=CIRCLE('',#7112,72.9999999999997);
#384=CIRCLE('',#7113,2.25);
#385=CIRCLE('',#7114,2.25);
#386=CIRCLE('',#7115,5.);
#387=CIRCLE('',#7116,31.);
#388=CIRCLE('',#7117,5.);
#389=CIRCLE('',#7119,73.);
#390=CIRCLE('',#7120,73.);
#391=CIRCLE('',#7121,2.25);
#392=CIRCLE('',#7122,2.25);
#393=CIRCLE('',#7123,73.);
#394=CIRCLE('',#7124,73.0000000000001);
#395=CIRCLE('',#7125,2.25);
#396=CIRCLE('',#7126,2.25);
#397=CIRCLE('',#7127,5.);
#398=CIRCLE('',#7128,5.);
#399=CIRCLE('',#7131,4.00000000000001);
#400=CIRCLE('',#7132,4.);
#401=CIRCLE('',#7134,22.);
#402=CIRCLE('',#7135,22.);
#403=CIRCLE('',#7136,28.);
#404=CIRCLE('',#7137,28.);
#405=CIRCLE('',#7138,16.);
#406=CIRCLE('',#7139,16.);
#407=CIRCLE('',#7140,22.);
#408=CIRCLE('',#7141,22.2858330909091);
#409=CIRCLE('',#7142,21.8);
#410=CIRCLE('',#7143,25.8);
#411=CIRCLE('',#7144,19.8);
#412=CIRCLE('',#7145,15.8);
#413=CIRCLE('',#7146,15.8);
#414=CIRCLE('',#7147,19.8);
#415=CIRCLE('',#7148,21.8);
#416=CIRCLE('',#7149,25.8);
#417=CIRCLE('',#7151,57.);
#418=CIRCLE('',#7152,57.);
#419=CIRCLE('',#7157,72.9999999999999);
#420=CIRCLE('',#7160,55.0000000000001);
#421=CIRCLE('',#7162,4.5);
#422=CIRCLE('',#7163,4.00000000000001);
#423=CIRCLE('',#7165,34.);
#424=CIRCLE('',#7166,56.9999999999999);
#425=CIRCLE('',#7167,28.);
#426=CIRCLE('',#7169,28.);
#427=CIRCLE('',#7171,22.);
#428=CIRCLE('',#7173,22.);
#429=CIRCLE('',#7176,25.8);
#430=CIRCLE('',#7178,19.8);
#431=CIRCLE('',#7180,1.05);
#432=CIRCLE('',#7182,15.8);
#433=CIRCLE('',#7184,1.05);
#434=CIRCLE('',#7186,21.8);
#435=CIRCLE('',#7188,21.8);
#436=CIRCLE('',#7190,19.8);
#437=CIRCLE('',#7192,25.8);
#438=CIRCLE('',#7194,15.8);
#439=CIRCLE('',#7196,1.05);
#440=CIRCLE('',#7204,1.05);
#441=CIRCLE('',#7206,1.05);
#442=CIRCLE('',#7210,1.05);
#443=CIRCLE('',#7215,1.05);
#444=CIRCLE('',#7223,1.05);
#445=CIRCLE('',#7227,57.);
#446=CIRCLE('',#7233,55.0000000000001);
#447=CIRCLE('',#7235,15.8);
#448=CIRCLE('',#7236,19.8);
#449=CIRCLE('',#7238,25.8000000000001);
#450=CIRCLE('',#7239,25.8000000000001);
#451=CIRCLE('',#7242,25.8);
#452=CIRCLE('',#7243,25.8);
#453=CIRCLE('',#7246,19.8);
#454=CIRCLE('',#7247,19.8);
#455=CIRCLE('',#7250,19.8);
#456=CIRCLE('',#7253,15.8);
#457=CIRCLE('',#7256,15.8);
#458=CIRCLE('',#7257,15.8);
#459=CIRCLE('',#7260,21.8);
#460=CIRCLE('',#7261,21.8);
#461=CIRCLE('',#7264,21.8);
#462=CIRCLE('',#7265,21.8);
#463=CIRCLE('',#7268,1.05);
#464=CIRCLE('',#7273,1.05);
#465=CIRCLE('',#7275,22.);
#466=CIRCLE('',#7276,16.);
#467=CIRCLE('',#7277,16.);
#468=CIRCLE('',#7278,22.0000008621826);
#469=CIRCLE('',#7280,1.05);
#470=CIRCLE('',#7282,1.05);
#471=CIRCLE('',#7284,1.05);
#472=CIRCLE('',#7286,1.05);
#473=CIRCLE('',#7288,1.05);
#474=CIRCLE('',#7290,1.05);
#475=CIRCLE('',#7300,22.);
#476=CIRCLE('',#7303,16.);
#477=CIRCLE('',#7306,16.);
#478=CIRCLE('',#7309,22.0000008621826);
#479=CIRCLE('',#7315,16.);
#480=CIRCLE('',#7318,22.);
#481=CIRCLE('',#7321,22.2858330909091);
#482=CIRCLE('',#7324,16.);
#483=CIRCLE('',#7325,34.);
#484=CIRCLE('',#7328,55.);
#485=CIRCLE('',#7330,55.5217391304348);
#486=CIRCLE('',#7334,54.9999999999999);
#487=CIRCLE('',#7337,34.);
#488=CIRCLE('',#7343,31.);
#489=CIRCLE('',#7355,73.0000000000001);
#490=CIRCLE('',#7357,73.);
#491=CIRCLE('',#7358,73.);
#492=CIRCLE('',#7361,73.0000000000001);
#493=CIRCLE('',#7363,73.0000000000001);
#494=CIRCLE('',#7364,73.0000000000001);
#495=CIRCLE('',#7367,72.9999999999996);
#496=CIRCLE('',#7371,73.);
#497=CIRCLE('',#7373,73.);
#498=CIRCLE('',#7375,73.);
#499=CIRCLE('',#7376,73.);
#500=CIRCLE('',#7380,73.0000000000001);
#501=CIRCLE('',#7381,73.0000000000001);
#502=CIRCLE('',#7388,73.);
#503=CIRCLE('',#7390,72.9999999999999);
#504=CIRCLE('',#7391,73.);
#505=CIRCLE('',#7393,72.9999999999999);
#506=CIRCLE('',#7394,72.9999999999999);
#507=CIRCLE('',#7396,73.);
#508=CIRCLE('',#7397,73.);
#509=CIRCLE('',#7400,73.0000000000001);
#510=CIRCLE('',#7411,71.4407387796679);
#511=CIRCLE('',#7413,71.4407387796679);
#512=CIRCLE('',#7416,72.9999999999999);
#513=CIRCLE('',#7417,72.9999999999999);
#514=CIRCLE('',#7421,73.);
#515=CIRCLE('',#7422,73.);
#516=CIRCLE('',#7424,73.);
#517=CIRCLE('',#7425,72.9999999999998);
#518=CIRCLE('',#7430,73.);
#519=CIRCLE('',#7433,72.9999999999998);
#520=CIRCLE('',#7440,73.);
#521=CIRCLE('',#7442,34.);
#522=CIRCLE('',#7444,72.9999999999999);
#523=CIRCLE('',#7445,72.9999999999999);
#524=CIRCLE('',#7448,72.9999999999997);
#525=CIRCLE('',#7449,72.9999999999999);
#526=CIRCLE('',#7457,72.9999999999997);
#527=CIRCLE('',#7468,2.25);
#528=CIRCLE('',#7470,2.25);
#529=CIRCLE('',#7472,2.25);
#530=CIRCLE('',#7473,2.25);
#531=CIRCLE('',#7474,2.25);
#532=CIRCLE('',#7480,2.25);
#533=CIRCLE('',#7481,2.25);
#534=CIRCLE('',#7482,2.25);
#535=CIRCLE('',#7492,2.25);
#536=CIRCLE('',#7493,2.25);
#537=CIRCLE('',#7499,2.25);
#538=CIRCLE('',#7500,2.25);
#539=CIRCLE('',#7508,34.);
#540=CIRCLE('',#7513,34.);
#541=CIRCLE('',#7515,34.);
#542=CIRCLE('',#7519,34.);
#543=CIRCLE('',#7521,34.);
#544=CIRCLE('',#7523,34.);
#545=CIRCLE('',#7526,2.5);
#546=CIRCLE('',#7528,2.49999999999999);
#547=CIRCLE('',#7557,4.00000000000001);
#548=CIRCLE('',#7560,4.00000000000001);
#549=CIRCLE('',#7561,4.00000000000001);
#550=CIRCLE('',#7562,4.00000000000001);
#551=CIRCLE('',#7564,4.5);
#552=CIRCLE('',#7565,4.);
#553=CIRCLE('',#7567,4.);
#554=CIRCLE('',#7569,4.5);
#555=CIRCLE('',#7570,4.5);
#556=CIRCLE('',#7574,5.);
#557=CIRCLE('',#7583,4.);
#558=CIRCLE('',#7584,4.);
#559=CIRCLE('',#7585,4.);
#560=CIRCLE('',#7586,4.);
#561=CIRCLE('',#7592,5.);
#562=CIRCLE('',#7595,4.5);
#563=CIRCLE('',#7607,4.5);
#564=CIRCLE('',#7608,4.5);
#565=CIRCLE('',#7610,4.);
#566=CIRCLE('',#7611,4.);
#567=CIRCLE('',#7614,28.0014559514972);
#568=CIRCLE('',#7615,22.);
#569=CIRCLE('',#7616,22.);
#570=CIRCLE('',#7617,21.2130002121041);
#571=CIRCLE('',#7618,28.2854402857143);
#572=CIRCLE('',#7619,12.5);
#573=CIRCLE('',#7620,12.5);
#574=CIRCLE('',#7621,14.);
#575=CIRCLE('',#7622,12.5);
#576=CIRCLE('',#7623,14.);
#577=CIRCLE('',#7624,12.5);
#578=CIRCLE('',#7625,12.5);
#579=CIRCLE('',#7626,14.);
#580=FACE_OUTER_BOUND('',#941,.T.);
#581=FACE_OUTER_BOUND('',#942,.T.);
#582=FACE_OUTER_BOUND('',#943,.T.);
#583=FACE_OUTER_BOUND('',#948,.T.);
#584=FACE_OUTER_BOUND('',#949,.T.);
#585=FACE_OUTER_BOUND('',#952,.T.);
#586=FACE_OUTER_BOUND('',#954,.T.);
#587=FACE_OUTER_BOUND('',#956,.T.);
#588=FACE_OUTER_BOUND('',#957,.T.);
#589=FACE_OUTER_BOUND('',#958,.T.);
#590=FACE_OUTER_BOUND('',#959,.T.);
#591=FACE_OUTER_BOUND('',#960,.T.);
#592=FACE_OUTER_BOUND('',#961,.T.);
#593=FACE_OUTER_BOUND('',#962,.T.);
#594=FACE_OUTER_BOUND('',#963,.T.);
#595=FACE_OUTER_BOUND('',#964,.T.);
#596=FACE_OUTER_BOUND('',#966,.T.);
#597=FACE_OUTER_BOUND('',#967,.T.);
#598=FACE_OUTER_BOUND('',#968,.T.);
#599=FACE_OUTER_BOUND('',#969,.T.);
#600=FACE_OUTER_BOUND('',#970,.T.);
#601=FACE_OUTER_BOUND('',#971,.T.);
#602=FACE_OUTER_BOUND('',#972,.T.);
#603=FACE_OUTER_BOUND('',#974,.T.);
#604=FACE_OUTER_BOUND('',#975,.T.);
#605=FACE_OUTER_BOUND('',#980,.T.);
#606=FACE_OUTER_BOUND('',#983,.T.);
#607=FACE_OUTER_BOUND('',#989,.T.);
#608=FACE_OUTER_BOUND('',#994,.T.);
#609=FACE_OUTER_BOUND('',#995,.T.);
#610=FACE_OUTER_BOUND('',#996,.T.);
#611=FACE_OUTER_BOUND('',#1002,.T.);
#612=FACE_OUTER_BOUND('',#1005,.T.);
#613=FACE_OUTER_BOUND('',#1007,.T.);
#614=FACE_OUTER_BOUND('',#1009,.T.);
#615=FACE_OUTER_BOUND('',#1011,.T.);
#616=FACE_OUTER_BOUND('',#1012,.T.);
#617=FACE_OUTER_BOUND('',#1014,.T.);
#618=FACE_OUTER_BOUND('',#1015,.T.);
#619=FACE_OUTER_BOUND('',#1017,.T.);
#620=FACE_OUTER_BOUND('',#1018,.T.);
#621=FACE_OUTER_BOUND('',#1019,.T.);
#622=FACE_OUTER_BOUND('',#1020,.T.);
#623=FACE_OUTER_BOUND('',#1021,.T.);
#624=FACE_OUTER_BOUND('',#1022,.T.);
#625=FACE_OUTER_BOUND('',#1023,.T.);
#626=FACE_OUTER_BOUND('',#1024,.T.);
#627=FACE_OUTER_BOUND('',#1025,.T.);
#628=FACE_OUTER_BOUND('',#1026,.T.);
#629=FACE_OUTER_BOUND('',#1027,.T.);
#630=FACE_OUTER_BOUND('',#1028,.T.);
#631=FACE_OUTER_BOUND('',#1030,.T.);
#632=FACE_OUTER_BOUND('',#1031,.T.);
#633=FACE_OUTER_BOUND('',#1033,.T.);
#634=FACE_OUTER_BOUND('',#1034,.T.);
#635=FACE_OUTER_BOUND('',#1035,.T.);
#636=FACE_OUTER_BOUND('',#1036,.T.);
#637=FACE_OUTER_BOUND('',#1037,.T.);
#638=FACE_OUTER_BOUND('',#1038,.T.);
#639=FACE_OUTER_BOUND('',#1040,.T.);
#640=FACE_OUTER_BOUND('',#1041,.T.);
#641=FACE_OUTER_BOUND('',#1042,.T.);
#642=FACE_OUTER_BOUND('',#1043,.T.);
#643=FACE_OUTER_BOUND('',#1044,.T.);
#644=FACE_OUTER_BOUND('',#1045,.T.);
#645=FACE_OUTER_BOUND('',#1046,.T.);
#646=FACE_OUTER_BOUND('',#1048,.T.);
#647=FACE_OUTER_BOUND('',#1050,.T.);
#648=FACE_OUTER_BOUND('',#1051,.T.);
#649=FACE_OUTER_BOUND('',#1052,.T.);
#650=FACE_OUTER_BOUND('',#1054,.T.);
#651=FACE_OUTER_BOUND('',#1055,.T.);
#652=FACE_OUTER_BOUND('',#1056,.T.);
#653=FACE_OUTER_BOUND('',#1057,.T.);
#654=FACE_OUTER_BOUND('',#1059,.T.);
#655=FACE_OUTER_BOUND('',#1060,.T.);
#656=FACE_OUTER_BOUND('',#1061,.T.);
#657=FACE_OUTER_BOUND('',#1062,.T.);
#658=FACE_OUTER_BOUND('',#1063,.T.);
#659=FACE_OUTER_BOUND('',#1064,.T.);
#660=FACE_OUTER_BOUND('',#1065,.T.);
#661=FACE_OUTER_BOUND('',#1067,.T.);
#662=FACE_OUTER_BOUND('',#1068,.T.);
#663=FACE_OUTER_BOUND('',#1069,.T.);
#664=FACE_OUTER_BOUND('',#1070,.T.);
#665=FACE_OUTER_BOUND('',#1071,.T.);
#666=FACE_OUTER_BOUND('',#1072,.T.);
#667=FACE_OUTER_BOUND('',#1073,.T.);
#668=FACE_OUTER_BOUND('',#1074,.T.);
#669=FACE_OUTER_BOUND('',#1075,.T.);
#670=FACE_OUTER_BOUND('',#1076,.T.);
#671=FACE_OUTER_BOUND('',#1077,.T.);
#672=FACE_OUTER_BOUND('',#1078,.T.);
#673=FACE_OUTER_BOUND('',#1079,.T.);
#674=FACE_OUTER_BOUND('',#1080,.T.);
#675=FACE_OUTER_BOUND('',#1081,.T.);
#676=FACE_OUTER_BOUND('',#1082,.T.);
#677=FACE_OUTER_BOUND('',#1083,.T.);
#678=FACE_OUTER_BOUND('',#1084,.T.);
#679=FACE_OUTER_BOUND('',#1085,.T.);
#680=FACE_OUTER_BOUND('',#1086,.T.);
#681=FACE_OUTER_BOUND('',#1087,.T.);
#682=FACE_OUTER_BOUND('',#1088,.T.);
#683=FACE_OUTER_BOUND('',#1089,.T.);
#684=FACE_OUTER_BOUND('',#1090,.T.);
#685=FACE_OUTER_BOUND('',#1091,.T.);
#686=FACE_OUTER_BOUND('',#1092,.T.);
#687=FACE_OUTER_BOUND('',#1093,.T.);
#688=FACE_OUTER_BOUND('',#1094,.T.);
#689=FACE_OUTER_BOUND('',#1095,.T.);
#690=FACE_OUTER_BOUND('',#1096,.T.);
#691=FACE_OUTER_BOUND('',#1098,.T.);
#692=FACE_OUTER_BOUND('',#1099,.T.);
#693=FACE_OUTER_BOUND('',#1100,.T.);
#694=FACE_OUTER_BOUND('',#1101,.T.);
#695=FACE_OUTER_BOUND('',#1103,.T.);
#696=FACE_OUTER_BOUND('',#1109,.T.);
#697=FACE_OUTER_BOUND('',#1111,.T.);
#698=FACE_OUTER_BOUND('',#1113,.T.);
#699=FACE_OUTER_BOUND('',#1115,.T.);
#700=FACE_OUTER_BOUND('',#1117,.T.);
#701=FACE_OUTER_BOUND('',#1119,.T.);
#702=FACE_OUTER_BOUND('',#1121,.T.);
#703=FACE_OUTER_BOUND('',#1122,.T.);
#704=FACE_OUTER_BOUND('',#1123,.T.);
#705=FACE_OUTER_BOUND('',#1124,.T.);
#706=FACE_OUTER_BOUND('',#1125,.T.);
#707=FACE_OUTER_BOUND('',#1126,.T.);
#708=FACE_OUTER_BOUND('',#1127,.T.);
#709=FACE_OUTER_BOUND('',#1128,.T.);
#710=FACE_OUTER_BOUND('',#1129,.T.);
#711=FACE_OUTER_BOUND('',#1130,.T.);
#712=FACE_OUTER_BOUND('',#1131,.T.);
#713=FACE_OUTER_BOUND('',#1132,.T.);
#714=FACE_OUTER_BOUND('',#1133,.T.);
#715=FACE_OUTER_BOUND('',#1134,.T.);
#716=FACE_OUTER_BOUND('',#1135,.T.);
#717=FACE_OUTER_BOUND('',#1136,.T.);
#718=FACE_OUTER_BOUND('',#1137,.T.);
#719=FACE_OUTER_BOUND('',#1138,.T.);
#720=FACE_OUTER_BOUND('',#1139,.T.);
#721=FACE_OUTER_BOUND('',#1140,.T.);
#722=FACE_OUTER_BOUND('',#1141,.T.);
#723=FACE_OUTER_BOUND('',#1142,.T.);
#724=FACE_OUTER_BOUND('',#1143,.T.);
#725=FACE_OUTER_BOUND('',#1144,.T.);
#726=FACE_OUTER_BOUND('',#1145,.T.);
#727=FACE_OUTER_BOUND('',#1146,.T.);
#728=FACE_OUTER_BOUND('',#1147,.T.);
#729=FACE_OUTER_BOUND('',#1148,.T.);
#730=FACE_OUTER_BOUND('',#1149,.T.);
#731=FACE_OUTER_BOUND('',#1150,.T.);
#732=FACE_OUTER_BOUND('',#1151,.T.);
#733=FACE_OUTER_BOUND('',#1152,.T.);
#734=FACE_OUTER_BOUND('',#1153,.T.);
#735=FACE_OUTER_BOUND('',#1154,.T.);
#736=FACE_OUTER_BOUND('',#1155,.T.);
#737=FACE_OUTER_BOUND('',#1156,.T.);
#738=FACE_OUTER_BOUND('',#1157,.T.);
#739=FACE_OUTER_BOUND('',#1158,.T.);
#740=FACE_OUTER_BOUND('',#1159,.T.);
#741=FACE_OUTER_BOUND('',#1160,.T.);
#742=FACE_OUTER_BOUND('',#1161,.T.);
#743=FACE_OUTER_BOUND('',#1162,.T.);
#744=FACE_OUTER_BOUND('',#1163,.T.);
#745=FACE_OUTER_BOUND('',#1164,.T.);
#746=FACE_OUTER_BOUND('',#1165,.T.);
#747=FACE_OUTER_BOUND('',#1166,.T.);
#748=FACE_OUTER_BOUND('',#1167,.T.);
#749=FACE_OUTER_BOUND('',#1168,.T.);
#750=FACE_OUTER_BOUND('',#1169,.T.);
#751=FACE_OUTER_BOUND('',#1170,.T.);
#752=FACE_OUTER_BOUND('',#1171,.T.);
#753=FACE_OUTER_BOUND('',#1172,.T.);
#754=FACE_OUTER_BOUND('',#1173,.T.);
#755=FACE_OUTER_BOUND('',#1174,.T.);
#756=FACE_OUTER_BOUND('',#1175,.T.);
#757=FACE_OUTER_BOUND('',#1176,.T.);
#758=FACE_OUTER_BOUND('',#1177,.T.);
#759=FACE_OUTER_BOUND('',#1178,.T.);
#760=FACE_OUTER_BOUND('',#1179,.T.);
#761=FACE_OUTER_BOUND('',#1180,.T.);
#762=FACE_OUTER_BOUND('',#1181,.T.);
#763=FACE_OUTER_BOUND('',#1182,.T.);
#764=FACE_OUTER_BOUND('',#1183,.T.);
#765=FACE_OUTER_BOUND('',#1184,.T.);
#766=FACE_OUTER_BOUND('',#1185,.T.);
#767=FACE_OUTER_BOUND('',#1186,.T.);
#768=FACE_OUTER_BOUND('',#1187,.T.);
#769=FACE_OUTER_BOUND('',#1188,.T.);
#770=FACE_OUTER_BOUND('',#1189,.T.);
#771=FACE_OUTER_BOUND('',#1190,.T.);
#772=FACE_OUTER_BOUND('',#1191,.T.);
#773=FACE_OUTER_BOUND('',#1192,.T.);
#774=FACE_OUTER_BOUND('',#1193,.T.);
#775=FACE_OUTER_BOUND('',#1194,.T.);
#776=FACE_OUTER_BOUND('',#1195,.T.);
#777=FACE_OUTER_BOUND('',#1196,.T.);
#778=FACE_OUTER_BOUND('',#1197,.T.);
#779=FACE_OUTER_BOUND('',#1198,.T.);
#780=FACE_OUTER_BOUND('',#1199,.T.);
#781=FACE_OUTER_BOUND('',#1200,.T.);
#782=FACE_OUTER_BOUND('',#1201,.T.);
#783=FACE_OUTER_BOUND('',#1202,.T.);
#784=FACE_OUTER_BOUND('',#1203,.T.);
#785=FACE_OUTER_BOUND('',#1204,.T.);
#786=FACE_OUTER_BOUND('',#1205,.T.);
#787=FACE_OUTER_BOUND('',#1206,.T.);
#788=FACE_OUTER_BOUND('',#1207,.T.);
#789=FACE_OUTER_BOUND('',#1208,.T.);
#790=FACE_OUTER_BOUND('',#1209,.T.);
#791=FACE_OUTER_BOUND('',#1210,.T.);
#792=FACE_OUTER_BOUND('',#1211,.T.);
#793=FACE_OUTER_BOUND('',#1212,.T.);
#794=FACE_OUTER_BOUND('',#1213,.T.);
#795=FACE_OUTER_BOUND('',#1214,.T.);
#796=FACE_OUTER_BOUND('',#1215,.T.);
#797=FACE_OUTER_BOUND('',#1216,.T.);
#798=FACE_OUTER_BOUND('',#1217,.T.);
#799=FACE_OUTER_BOUND('',#1218,.T.);
#800=FACE_OUTER_BOUND('',#1219,.T.);
#801=FACE_OUTER_BOUND('',#1220,.T.);
#802=FACE_OUTER_BOUND('',#1221,.T.);
#803=FACE_OUTER_BOUND('',#1222,.T.);
#804=FACE_OUTER_BOUND('',#1223,.T.);
#805=FACE_OUTER_BOUND('',#1224,.T.);
#806=FACE_OUTER_BOUND('',#1225,.T.);
#807=FACE_OUTER_BOUND('',#1226,.T.);
#808=FACE_OUTER_BOUND('',#1227,.T.);
#809=FACE_OUTER_BOUND('',#1228,.T.);
#810=FACE_OUTER_BOUND('',#1229,.T.);
#811=FACE_OUTER_BOUND('',#1230,.T.);
#812=FACE_OUTER_BOUND('',#1231,.T.);
#813=FACE_OUTER_BOUND('',#1232,.T.);
#814=FACE_OUTER_BOUND('',#1233,.T.);
#815=FACE_OUTER_BOUND('',#1234,.T.);
#816=FACE_OUTER_BOUND('',#1235,.T.);
#817=FACE_OUTER_BOUND('',#1236,.T.);
#818=FACE_OUTER_BOUND('',#1237,.T.);
#819=FACE_OUTER_BOUND('',#1238,.T.);
#820=FACE_OUTER_BOUND('',#1239,.T.);
#821=FACE_OUTER_BOUND('',#1240,.T.);
#822=FACE_OUTER_BOUND('',#1241,.T.);
#823=FACE_OUTER_BOUND('',#1242,.T.);
#824=FACE_OUTER_BOUND('',#1243,.T.);
#825=FACE_OUTER_BOUND('',#1244,.T.);
#826=FACE_OUTER_BOUND('',#1245,.T.);
#827=FACE_OUTER_BOUND('',#1246,.T.);
#828=FACE_OUTER_BOUND('',#1247,.T.);
#829=FACE_OUTER_BOUND('',#1248,.T.);
#830=FACE_OUTER_BOUND('',#1249,.T.);
#831=FACE_OUTER_BOUND('',#1250,.T.);
#832=FACE_OUTER_BOUND('',#1251,.T.);
#833=FACE_OUTER_BOUND('',#1252,.T.);
#834=FACE_OUTER_BOUND('',#1253,.T.);
#835=FACE_OUTER_BOUND('',#1254,.T.);
#836=FACE_OUTER_BOUND('',#1255,.T.);
#837=FACE_OUTER_BOUND('',#1256,.T.);
#838=FACE_OUTER_BOUND('',#1257,.T.);
#839=FACE_OUTER_BOUND('',#1258,.T.);
#840=FACE_OUTER_BOUND('',#1259,.T.);
#841=FACE_OUTER_BOUND('',#1260,.T.);
#842=FACE_OUTER_BOUND('',#1261,.T.);
#843=FACE_OUTER_BOUND('',#1262,.T.);
#844=FACE_OUTER_BOUND('',#1263,.T.);
#845=FACE_OUTER_BOUND('',#1264,.T.);
#846=FACE_OUTER_BOUND('',#1265,.T.);
#847=FACE_OUTER_BOUND('',#1266,.T.);
#848=FACE_OUTER_BOUND('',#1267,.T.);
#849=FACE_OUTER_BOUND('',#1268,.T.);
#850=FACE_OUTER_BOUND('',#1269,.T.);
#851=FACE_OUTER_BOUND('',#1270,.T.);
#852=FACE_OUTER_BOUND('',#1271,.T.);
#853=FACE_OUTER_BOUND('',#1272,.T.);
#854=FACE_OUTER_BOUND('',#1273,.T.);
#855=FACE_OUTER_BOUND('',#1274,.T.);
#856=FACE_OUTER_BOUND('',#1275,.T.);
#857=FACE_OUTER_BOUND('',#1276,.T.);
#858=FACE_OUTER_BOUND('',#1277,.T.);
#859=FACE_OUTER_BOUND('',#1278,.T.);
#860=FACE_OUTER_BOUND('',#1279,.T.);
#861=FACE_OUTER_BOUND('',#1280,.T.);
#862=FACE_OUTER_BOUND('',#1281,.T.);
#863=FACE_OUTER_BOUND('',#1282,.T.);
#864=FACE_OUTER_BOUND('',#1283,.T.);
#865=FACE_OUTER_BOUND('',#1284,.T.);
#866=FACE_OUTER_BOUND('',#1285,.T.);
#867=FACE_OUTER_BOUND('',#1286,.T.);
#868=FACE_OUTER_BOUND('',#1287,.T.);
#869=FACE_OUTER_BOUND('',#1288,.T.);
#870=FACE_OUTER_BOUND('',#1289,.T.);
#871=FACE_OUTER_BOUND('',#1290,.T.);
#872=FACE_OUTER_BOUND('',#1291,.T.);
#873=FACE_OUTER_BOUND('',#1292,.T.);
#874=FACE_OUTER_BOUND('',#1293,.T.);
#875=FACE_OUTER_BOUND('',#1295,.T.);
#876=FACE_OUTER_BOUND('',#1297,.T.);
#877=FACE_OUTER_BOUND('',#1298,.T.);
#878=FACE_OUTER_BOUND('',#1299,.T.);
#879=FACE_OUTER_BOUND('',#1300,.T.);
#880=FACE_OUTER_BOUND('',#1301,.T.);
#881=FACE_OUTER_BOUND('',#1302,.T.);
#882=FACE_OUTER_BOUND('',#1303,.T.);
#883=FACE_OUTER_BOUND('',#1304,.T.);
#884=FACE_OUTER_BOUND('',#1305,.T.);
#885=FACE_OUTER_BOUND('',#1306,.T.);
#886=FACE_OUTER_BOUND('',#1307,.T.);
#887=FACE_OUTER_BOUND('',#1308,.T.);
#888=FACE_OUTER_BOUND('',#1309,.T.);
#889=FACE_OUTER_BOUND('',#1310,.T.);
#890=FACE_OUTER_BOUND('',#1311,.T.);
#891=FACE_OUTER_BOUND('',#1312,.T.);
#892=FACE_OUTER_BOUND('',#1314,.T.);
#893=FACE_OUTER_BOUND('',#1316,.T.);
#894=FACE_OUTER_BOUND('',#1317,.T.);
#895=FACE_OUTER_BOUND('',#1318,.T.);
#896=FACE_OUTER_BOUND('',#1319,.T.);
#897=FACE_OUTER_BOUND('',#1320,.T.);
#898=FACE_OUTER_BOUND('',#1321,.T.);
#899=FACE_OUTER_BOUND('',#1322,.T.);
#900=FACE_OUTER_BOUND('',#1323,.T.);
#901=FACE_OUTER_BOUND('',#1324,.T.);
#902=FACE_OUTER_BOUND('',#1325,.T.);
#903=FACE_OUTER_BOUND('',#1326,.T.);
#904=FACE_OUTER_BOUND('',#1327,.T.);
#905=FACE_OUTER_BOUND('',#1328,.T.);
#906=FACE_OUTER_BOUND('',#1329,.T.);
#907=FACE_OUTER_BOUND('',#1331,.T.);
#908=FACE_OUTER_BOUND('',#1336,.T.);
#909=FACE_OUTER_BOUND('',#1337,.T.);
#910=FACE_OUTER_BOUND('',#1338,.T.);
#911=FACE_OUTER_BOUND('',#1339,.T.);
#912=FACE_OUTER_BOUND('',#1340,.T.);
#913=FACE_OUTER_BOUND('',#1341,.T.);
#914=FACE_OUTER_BOUND('',#1342,.T.);
#915=FACE_OUTER_BOUND('',#1343,.T.);
#916=FACE_OUTER_BOUND('',#1344,.T.);
#917=FACE_OUTER_BOUND('',#1345,.T.);
#918=FACE_OUTER_BOUND('',#1346,.T.);
#919=FACE_OUTER_BOUND('',#1347,.T.);
#920=FACE_OUTER_BOUND('',#1348,.T.);
#921=FACE_OUTER_BOUND('',#1349,.T.);
#922=FACE_OUTER_BOUND('',#1350,.T.);
#923=FACE_OUTER_BOUND('',#1353,.T.);
#924=FACE_OUTER_BOUND('',#1356,.T.);
#925=FACE_OUTER_BOUND('',#1361,.T.);
#926=FACE_OUTER_BOUND('',#1362,.T.);
#927=FACE_OUTER_BOUND('',#1363,.T.);
#928=FACE_OUTER_BOUND('',#1364,.T.);
#929=FACE_OUTER_BOUND('',#1365,.T.);
#930=FACE_OUTER_BOUND('',#1366,.T.);
#931=FACE_OUTER_BOUND('',#1367,.T.);
#932=FACE_OUTER_BOUND('',#1368,.T.);
#933=FACE_OUTER_BOUND('',#1369,.T.);
#934=FACE_OUTER_BOUND('',#1370,.T.);
#935=FACE_OUTER_BOUND('',#1371,.T.);
#936=FACE_OUTER_BOUND('',#1372,.T.);
#937=FACE_OUTER_BOUND('',#1373,.T.);
#938=FACE_OUTER_BOUND('',#1374,.T.);
#939=FACE_OUTER_BOUND('',#1375,.T.);
#940=FACE_OUTER_BOUND('',#1377,.T.);
#941=EDGE_LOOP('',(#4420,#4421,#4422,#4423,#4424));
#942=EDGE_LOOP('',(#4425,#4426,#4427,#4428,#4429));
#943=EDGE_LOOP('',(#4430,#4431,#4432,#4433,#4434,#4435,#4436,#4437));
#944=EDGE_LOOP('',(#4438));
#945=EDGE_LOOP('',(#4439));
#946=EDGE_LOOP('',(#4440));
#947=EDGE_LOOP('',(#4441));
#948=EDGE_LOOP('',(#4442,#4443,#4444,#4445));
#949=EDGE_LOOP('',(#4446,#4447,#4448,#4449,#4450,#4451,#4452,#4453,#4454,
#4455));
#950=EDGE_LOOP('',(#4456));
#951=EDGE_LOOP('',(#4457));
#952=EDGE_LOOP('',(#4458));
#953=EDGE_LOOP('',(#4459));
#954=EDGE_LOOP('',(#4460));
#955=EDGE_LOOP('',(#4461));
#956=EDGE_LOOP('',(#4462,#4463,#4464,#4465));
#957=EDGE_LOOP('',(#4466,#4467,#4468,#4469));
#958=EDGE_LOOP('',(#4470,#4471,#4472,#4473,#4474,#4475,#4476,#4477,#4478,
#4479,#4480,#4481,#4482,#4483));
#959=EDGE_LOOP('',(#4484,#4485,#4486,#4487));
#960=EDGE_LOOP('',(#4488,#4489,#4490,#4491));
#961=EDGE_LOOP('',(#4492,#4493,#4494,#4495));
#962=EDGE_LOOP('',(#4496,#4497,#4498,#4499));
#963=EDGE_LOOP('',(#4500,#4501,#4502,#4503,#4504,#4505,#4506,#4507,#4508,
#4509));
#964=EDGE_LOOP('',(#4510,#4511,#4512,#4513,#4514,#4515,#4516,#4517,#4518));
#965=EDGE_LOOP('',(#4519,#4520,#4521,#4522));
#966=EDGE_LOOP('',(#4523,#4524,#4525,#4526,#4527,#4528));
#967=EDGE_LOOP('',(#4529,#4530,#4531,#4532,#4533,#4534));
#968=EDGE_LOOP('',(#4535,#4536,#4537,#4538,#4539));
#969=EDGE_LOOP('',(#4540,#4541,#4542,#4543,#4544));
#970=EDGE_LOOP('',(#4545,#4546,#4547,#4548,#4549,#4550));
#971=EDGE_LOOP('',(#4551,#4552,#4553,#4554,#4555,#4556,#4557,#4558,#4559,
#4560,#4561));
#972=EDGE_LOOP('',(#4562,#4563,#4564,#4565,#4566,#4567,#4568,#4569,#4570,
#4571,#4572,#4573,#4574,#4575));
#973=EDGE_LOOP('',(#4576,#4577,#4578,#4579));
#974=EDGE_LOOP('',(#4580,#4581,#4582,#4583,#4584,#4585,#4586,#4587,#4588,
#4589));
#975=EDGE_LOOP('',(#4590,#4591,#4592,#4593,#4594,#4595,#4596,#4597,#4598,
#4599,#4600,#4601,#4602,#4603,#4604,#4605,#4606,#4607,#4608,#4609,#4610,
#4611));
#976=EDGE_LOOP('',(#4612));
#977=EDGE_LOOP('',(#4613));
#978=EDGE_LOOP('',(#4614));
#979=EDGE_LOOP('',(#4615));
#980=EDGE_LOOP('',(#4616,#4617,#4618,#4619,#4620,#4621,#4622,#4623));
#981=EDGE_LOOP('',(#4624,#4625));
#982=EDGE_LOOP('',(#4626,#4627));
#983=EDGE_LOOP('',(#4628,#4629,#4630,#4631,#4632,#4633,#4634,#4635,#4636,
#4637,#4638,#4639,#4640,#4641,#4642,#4643,#4644,#4645,#4646,#4647,#4648,
#4649,#4650));
#984=EDGE_LOOP('',(#4651));
#985=EDGE_LOOP('',(#4652,#4653,#4654));
#986=EDGE_LOOP('',(#4655));
#987=EDGE_LOOP('',(#4656));
#988=EDGE_LOOP('',(#4657));
#989=EDGE_LOOP('',(#4658,#4659,#4660,#4661,#4662,#4663,#4664,#4665,#4666,
#4667,#4668,#4669,#4670,#4671,#4672,#4673,#4674,#4675,#4676,#4677,#4678,
#4679));
#990=EDGE_LOOP('',(#4680));
#991=EDGE_LOOP('',(#4681));
#992=EDGE_LOOP('',(#4682));
#993=EDGE_LOOP('',(#4683));
#994=EDGE_LOOP('',(#4684,#4685,#4686,#4687,#4688));
#995=EDGE_LOOP('',(#4689,#4690,#4691,#4692,#4693,#4694,#4695,#4696));
#996=EDGE_LOOP('',(#4697,#4698,#4699,#4700,#4701,#4702,#4703,#4704));
#997=EDGE_LOOP('',(#4705,#4706,#4707,#4708,#4709,#4710,#4711,#4712));
#998=EDGE_LOOP('',(#4713,#4714,#4715,#4716,#4717,#4718,#4719,#4720));
#999=EDGE_LOOP('',(#4721,#4722,#4723,#4724,#4725,#4726,#4727,#4728));
#1000=EDGE_LOOP('',(#4729,#4730,#4731,#4732,#4733,#4734,#4735,#4736));
#1001=EDGE_LOOP('',(#4737,#4738,#4739,#4740,#4741,#4742,#4743,#4744));
#1002=EDGE_LOOP('',(#4745,#4746,#4747,#4748,#4749,#4750));
#1003=EDGE_LOOP('',(#4751));
#1004=EDGE_LOOP('',(#4752,#4753));
#1005=EDGE_LOOP('',(#4754,#4755,#4756,#4757));
#1006=EDGE_LOOP('',(#4758,#4759,#4760,#4761));
#1007=EDGE_LOOP('',(#4762,#4763,#4764,#4765));
#1008=EDGE_LOOP('',(#4766,#4767,#4768,#4769));
#1009=EDGE_LOOP('',(#4770));
#1010=EDGE_LOOP('',(#4771,#4772));
#1011=EDGE_LOOP('',(#4773,#4774,#4775,#4776));
#1012=EDGE_LOOP('',(#4777));
#1013=EDGE_LOOP('',(#4778,#4779));
#1014=EDGE_LOOP('',(#4780,#4781,#4782,#4783,#4784,#4785));
#1015=EDGE_LOOP('',(#4786));
#1016=EDGE_LOOP('',(#4787));
#1017=EDGE_LOOP('',(#4788,#4789,#4790));
#1018=EDGE_LOOP('',(#4791,#4792,#4793,#4794));
#1019=EDGE_LOOP('',(#4795,#4796,#4797,#4798));
#1020=EDGE_LOOP('',(#4799,#4800,#4801,#4802));
#1021=EDGE_LOOP('',(#4803,#4804,#4805,#4806));
#1022=EDGE_LOOP('',(#4807,#4808,#4809,#4810));
#1023=EDGE_LOOP('',(#4811,#4812,#4813,#4814));
#1024=EDGE_LOOP('',(#4815,#4816,#4817,#4818));
#1025=EDGE_LOOP('',(#4819,#4820,#4821,#4822));
#1026=EDGE_LOOP('',(#4823,#4824,#4825,#4826));
#1027=EDGE_LOOP('',(#4827,#4828,#4829,#4830));
#1028=EDGE_LOOP('',(#4831,#4832,#4833,#4834));
#1029=EDGE_LOOP('',(#4835));
#1030=EDGE_LOOP('',(#4836,#4837,#4838,#4839));
#1031=EDGE_LOOP('',(#4840,#4841,#4842,#4843));
#1032=EDGE_LOOP('',(#4844));
#1033=EDGE_LOOP('',(#4845,#4846,#4847,#4848));
#1034=EDGE_LOOP('',(#4849,#4850,#4851,#4852,#4853,#4854,#4855,#4856));
#1035=EDGE_LOOP('',(#4857,#4858,#4859,#4860,#4861,#4862,#4863,#4864));
#1036=EDGE_LOOP('',(#4865,#4866,#4867,#4868,#4869,#4870,#4871,#4872));
#1037=EDGE_LOOP('',(#4873,#4874,#4875,#4876,#4877,#4878,#4879,#4880));
#1038=EDGE_LOOP('',(#4881,#4882,#4883,#4884));
#1039=EDGE_LOOP('',(#4885));
#1040=EDGE_LOOP('',(#4886,#4887,#4888,#4889));
#1041=EDGE_LOOP('',(#4890,#4891,#4892,#4893));
#1042=EDGE_LOOP('',(#4894,#4895,#4896,#4897));
#1043=EDGE_LOOP('',(#4898,#4899,#4900,#4901));
#1044=EDGE_LOOP('',(#4902,#4903,#4904,#4905));
#1045=EDGE_LOOP('',(#4906,#4907,#4908,#4909));
#1046=EDGE_LOOP('',(#4910,#4911,#4912,#4913));
#1047=EDGE_LOOP('',(#4914));
#1048=EDGE_LOOP('',(#4915,#4916,#4917,#4918));
#1049=EDGE_LOOP('',(#4919));
#1050=EDGE_LOOP('',(#4920,#4921,#4922,#4923));
#1051=EDGE_LOOP('',(#4924,#4925,#4926,#4927));
#1052=EDGE_LOOP('',(#4928,#4929,#4930,#4931));
#1053=EDGE_LOOP('',(#4932));
#1054=EDGE_LOOP('',(#4933,#4934,#4935,#4936));
#1055=EDGE_LOOP('',(#4937,#4938,#4939,#4940));
#1056=EDGE_LOOP('',(#4941,#4942,#4943,#4944));
#1057=EDGE_LOOP('',(#4945,#4946,#4947,#4948));
#1058=EDGE_LOOP('',(#4949));
#1059=EDGE_LOOP('',(#4950,#4951,#4952,#4953));
#1060=EDGE_LOOP('',(#4954,#4955,#4956,#4957));
#1061=EDGE_LOOP('',(#4958,#4959,#4960,#4961));
#1062=EDGE_LOOP('',(#4962,#4963,#4964,#4965));
#1063=EDGE_LOOP('',(#4966,#4967,#4968,#4969));
#1064=EDGE_LOOP('',(#4970,#4971,#4972,#4973));
#1065=EDGE_LOOP('',(#4974,#4975,#4976,#4977));
#1066=EDGE_LOOP('',(#4978));
#1067=EDGE_LOOP('',(#4979,#4980,#4981,#4982));
#1068=EDGE_LOOP('',(#4983,#4984,#4985,#4986));
#1069=EDGE_LOOP('',(#4987,#4988,#4989,#4990));
#1070=EDGE_LOOP('',(#4991,#4992,#4993,#4994));
#1071=EDGE_LOOP('',(#4995,#4996,#4997,#4998));
#1072=EDGE_LOOP('',(#4999,#5000,#5001,#5002));
#1073=EDGE_LOOP('',(#5003,#5004,#5005,#5006));
#1074=EDGE_LOOP('',(#5007,#5008,#5009,#5010));
#1075=EDGE_LOOP('',(#5011,#5012,#5013,#5014));
#1076=EDGE_LOOP('',(#5015,#5016,#5017,#5018));
#1077=EDGE_LOOP('',(#5019,#5020,#5021,#5022));
#1078=EDGE_LOOP('',(#5023,#5024,#5025));
#1079=EDGE_LOOP('',(#5026,#5027,#5028,#5029,#5030,#5031,#5032,#5033));
#1080=EDGE_LOOP('',(#5034,#5035,#5036,#5037));
#1081=EDGE_LOOP('',(#5038,#5039,#5040,#5041));
#1082=EDGE_LOOP('',(#5042,#5043,#5044,#5045));
#1083=EDGE_LOOP('',(#5046,#5047,#5048,#5049));
#1084=EDGE_LOOP('',(#5050,#5051,#5052,#5053));
#1085=EDGE_LOOP('',(#5054,#5055,#5056,#5057));
#1086=EDGE_LOOP('',(#5058,#5059,#5060,#5061));
#1087=EDGE_LOOP('',(#5062,#5063,#5064,#5065));
#1088=EDGE_LOOP('',(#5066,#5067,#5068,#5069));
#1089=EDGE_LOOP('',(#5070,#5071,#5072,#5073));
#1090=EDGE_LOOP('',(#5074,#5075,#5076,#5077));
#1091=EDGE_LOOP('',(#5078,#5079,#5080,#5081));
#1092=EDGE_LOOP('',(#5082,#5083,#5084,#5085));
#1093=EDGE_LOOP('',(#5086,#5087,#5088,#5089));
#1094=EDGE_LOOP('',(#5090,#5091,#5092,#5093));
#1095=EDGE_LOOP('',(#5094,#5095,#5096,#5097));
#1096=EDGE_LOOP('',(#5098,#5099,#5100,#5101));
#1097=EDGE_LOOP('',(#5102));
#1098=EDGE_LOOP('',(#5103,#5104,#5105,#5106,#5107,#5108,#5109,#5110));
#1099=EDGE_LOOP('',(#5111,#5112,#5113,#5114,#5115,#5116,#5117,#5118));
#1100=EDGE_LOOP('',(#5119,#5120,#5121,#5122,#5123,#5124,#5125,#5126));
#1101=EDGE_LOOP('',(#5127,#5128,#5129,#5130));
#1102=EDGE_LOOP('',(#5131));
#1103=EDGE_LOOP('',(#5132,#5133,#5134,#5135,#5136,#5137,#5138,#5139));
#1104=EDGE_LOOP('',(#5140,#5141,#5142,#5143,#5144,#5145,#5146,#5147));
#1105=EDGE_LOOP('',(#5148,#5149,#5150,#5151,#5152,#5153,#5154,#5155));
#1106=EDGE_LOOP('',(#5156,#5157,#5158,#5159,#5160,#5161,#5162,#5163));
#1107=EDGE_LOOP('',(#5164,#5165,#5166,#5167,#5168,#5169,#5170,#5171));
#1108=EDGE_LOOP('',(#5172,#5173,#5174,#5175,#5176,#5177,#5178,#5179));
#1109=EDGE_LOOP('',(#5180,#5181,#5182,#5183));
#1110=EDGE_LOOP('',(#5184));
#1111=EDGE_LOOP('',(#5185,#5186,#5187,#5188));
#1112=EDGE_LOOP('',(#5189));
#1113=EDGE_LOOP('',(#5190,#5191,#5192,#5193));
#1114=EDGE_LOOP('',(#5194));
#1115=EDGE_LOOP('',(#5195,#5196,#5197,#5198));
#1116=EDGE_LOOP('',(#5199));
#1117=EDGE_LOOP('',(#5200,#5201,#5202,#5203));
#1118=EDGE_LOOP('',(#5204));
#1119=EDGE_LOOP('',(#5205,#5206,#5207,#5208));
#1120=EDGE_LOOP('',(#5209));
#1121=EDGE_LOOP('',(#5210,#5211,#5212,#5213));
#1122=EDGE_LOOP('',(#5214,#5215,#5216,#5217));
#1123=EDGE_LOOP('',(#5218,#5219,#5220,#5221));
#1124=EDGE_LOOP('',(#5222,#5223,#5224,#5225));
#1125=EDGE_LOOP('',(#5226,#5227,#5228,#5229));
#1126=EDGE_LOOP('',(#5230,#5231,#5232,#5233));
#1127=EDGE_LOOP('',(#5234,#5235,#5236,#5237));
#1128=EDGE_LOOP('',(#5238,#5239,#5240,#5241));
#1129=EDGE_LOOP('',(#5242,#5243,#5244,#5245));
#1130=EDGE_LOOP('',(#5246,#5247,#5248,#5249));
#1131=EDGE_LOOP('',(#5250,#5251,#5252,#5253));
#1132=EDGE_LOOP('',(#5254,#5255,#5256,#5257));
#1133=EDGE_LOOP('',(#5258,#5259,#5260,#5261));
#1134=EDGE_LOOP('',(#5262,#5263,#5264,#5265));
#1135=EDGE_LOOP('',(#5266,#5267,#5268,#5269));
#1136=EDGE_LOOP('',(#5270,#5271,#5272,#5273));
#1137=EDGE_LOOP('',(#5274,#5275,#5276,#5277,#5278,#5279,#5280,#5281));
#1138=EDGE_LOOP('',(#5282,#5283,#5284,#5285,#5286,#5287,#5288,#5289));
#1139=EDGE_LOOP('',(#5290,#5291,#5292,#5293));
#1140=EDGE_LOOP('',(#5294,#5295,#5296,#5297));
#1141=EDGE_LOOP('',(#5298,#5299,#5300,#5301));
#1142=EDGE_LOOP('',(#5302,#5303,#5304,#5305));
#1143=EDGE_LOOP('',(#5306,#5307,#5308,#5309));
#1144=EDGE_LOOP('',(#5310,#5311,#5312,#5313));
#1145=EDGE_LOOP('',(#5314,#5315,#5316,#5317));
#1146=EDGE_LOOP('',(#5318,#5319,#5320,#5321));
#1147=EDGE_LOOP('',(#5322,#5323,#5324,#5325,#5326));
#1148=EDGE_LOOP('',(#5327,#5328,#5329,#5330));
#1149=EDGE_LOOP('',(#5331,#5332,#5333,#5334,#5335));
#1150=EDGE_LOOP('',(#5336,#5337,#5338,#5339));
#1151=EDGE_LOOP('',(#5340,#5341,#5342,#5343,#5344));
#1152=EDGE_LOOP('',(#5345,#5346,#5347,#5348));
#1153=EDGE_LOOP('',(#5349,#5350,#5351,#5352,#5353));
#1154=EDGE_LOOP('',(#5354,#5355,#5356,#5357));
#1155=EDGE_LOOP('',(#5358,#5359,#5360,#5361,#5362,#5363,#5364,#5365));
#1156=EDGE_LOOP('',(#5366,#5367));
#1157=EDGE_LOOP('',(#5368,#5369,#5370));
#1158=EDGE_LOOP('',(#5371,#5372,#5373));
#1159=EDGE_LOOP('',(#5374,#5375,#5376,#5377));
#1160=EDGE_LOOP('',(#5378,#5379,#5380,#5381));
#1161=EDGE_LOOP('',(#5382,#5383,#5384,#5385));
#1162=EDGE_LOOP('',(#5386,#5387,#5388,#5389));
#1163=EDGE_LOOP('',(#5390,#5391,#5392,#5393,#5394,#5395,#5396));
#1164=EDGE_LOOP('',(#5397,#5398,#5399,#5400));
#1165=EDGE_LOOP('',(#5401,#5402,#5403,#5404,#5405,#5406,#5407));
#1166=EDGE_LOOP('',(#5408,#5409,#5410,#5411));
#1167=EDGE_LOOP('',(#5412,#5413,#5414,#5415));
#1168=EDGE_LOOP('',(#5416,#5417,#5418));
#1169=EDGE_LOOP('',(#5419,#5420,#5421,#5422));
#1170=EDGE_LOOP('',(#5423,#5424,#5425,#5426));
#1171=EDGE_LOOP('',(#5427,#5428,#5429,#5430));
#1172=EDGE_LOOP('',(#5431,#5432,#5433,#5434));
#1173=EDGE_LOOP('',(#5435,#5436,#5437,#5438));
#1174=EDGE_LOOP('',(#5439,#5440,#5441,#5442));
#1175=EDGE_LOOP('',(#5443,#5444,#5445,#5446));
#1176=EDGE_LOOP('',(#5447,#5448,#5449,#5450));
#1177=EDGE_LOOP('',(#5451,#5452,#5453,#5454));
#1178=EDGE_LOOP('',(#5455,#5456));
#1179=EDGE_LOOP('',(#5457,#5458,#5459,#5460));
#1180=EDGE_LOOP('',(#5461,#5462,#5463,#5464,#5465));
#1181=EDGE_LOOP('',(#5466,#5467,#5468,#5469));
#1182=EDGE_LOOP('',(#5470,#5471,#5472,#5473,#5474,#5475));
#1183=EDGE_LOOP('',(#5476,#5477,#5478,#5479));
#1184=EDGE_LOOP('',(#5480,#5481,#5482,#5483));
#1185=EDGE_LOOP('',(#5484,#5485,#5486,#5487,#5488,#5489));
#1186=EDGE_LOOP('',(#5490,#5491,#5492,#5493));
#1187=EDGE_LOOP('',(#5494,#5495,#5496,#5497));
#1188=EDGE_LOOP('',(#5498,#5499,#5500,#5501));
#1189=EDGE_LOOP('',(#5502,#5503,#5504,#5505,#5506,#5507));
#1190=EDGE_LOOP('',(#5508,#5509,#5510,#5511));
#1191=EDGE_LOOP('',(#5512,#5513));
#1192=EDGE_LOOP('',(#5514,#5515,#5516,#5517));
#1193=EDGE_LOOP('',(#5518,#5519,#5520,#5521,#5522));
#1194=EDGE_LOOP('',(#5523,#5524,#5525,#5526,#5527,#5528,#5529,#5530,#5531,
#5532,#5533,#5534));
#1195=EDGE_LOOP('',(#5535,#5536,#5537,#5538));
#1196=EDGE_LOOP('',(#5539,#5540,#5541,#5542));
#1197=EDGE_LOOP('',(#5543,#5544,#5545,#5546));
#1198=EDGE_LOOP('',(#5547,#5548,#5549,#5550));
#1199=EDGE_LOOP('',(#5551,#5552,#5553,#5554));
#1200=EDGE_LOOP('',(#5555,#5556,#5557,#5558,#5559,#5560));
#1201=EDGE_LOOP('',(#5561,#5562,#5563,#5564,#5565,#5566));
#1202=EDGE_LOOP('',(#5567,#5568,#5569,#5570));
#1203=EDGE_LOOP('',(#5571,#5572,#5573,#5574));
#1204=EDGE_LOOP('',(#5575,#5576,#5577,#5578,#5579));
#1205=EDGE_LOOP('',(#5580,#5581));
#1206=EDGE_LOOP('',(#5582,#5583));
#1207=EDGE_LOOP('',(#5584,#5585,#5586,#5587));
#1208=EDGE_LOOP('',(#5588,#5589,#5590,#5591,#5592,#5593));
#1209=EDGE_LOOP('',(#5594,#5595,#5596,#5597));
#1210=EDGE_LOOP('',(#5598,#5599,#5600,#5601,#5602,#5603,#5604,#5605));
#1211=EDGE_LOOP('',(#5606,#5607,#5608,#5609,#5610));
#1212=EDGE_LOOP('',(#5611,#5612,#5613,#5614,#5615,#5616,#5617,#5618));
#1213=EDGE_LOOP('',(#5619,#5620,#5621,#5622,#5623,#5624,#5625,#5626,#5627,
#5628,#5629,#5630));
#1214=EDGE_LOOP('',(#5631,#5632,#5633,#5634));
#1215=EDGE_LOOP('',(#5635,#5636,#5637));
#1216=EDGE_LOOP('',(#5638,#5639,#5640,#5641));
#1217=EDGE_LOOP('',(#5642,#5643,#5644,#5645,#5646,#5647));
#1218=EDGE_LOOP('',(#5648,#5649,#5650,#5651));
#1219=EDGE_LOOP('',(#5652,#5653,#5654,#5655));
#1220=EDGE_LOOP('',(#5656,#5657,#5658,#5659,#5660,#5661,#5662,#5663,#5664,
#5665,#5666,#5667));
#1221=EDGE_LOOP('',(#5668,#5669,#5670,#5671));
#1222=EDGE_LOOP('',(#5672,#5673,#5674,#5675));
#1223=EDGE_LOOP('',(#5676,#5677,#5678,#5679));
#1224=EDGE_LOOP('',(#5680,#5681,#5682,#5683));
#1225=EDGE_LOOP('',(#5684,#5685,#5686,#5687));
#1226=EDGE_LOOP('',(#5688,#5689,#5690,#5691));
#1227=EDGE_LOOP('',(#5692,#5693,#5694,#5695,#5696,#5697));
#1228=EDGE_LOOP('',(#5698,#5699,#5700,#5701,#5702,#5703,#5704,#5705,#5706,
#5707,#5708,#5709));
#1229=EDGE_LOOP('',(#5710,#5711,#5712,#5713));
#1230=EDGE_LOOP('',(#5714,#5715,#5716,#5717));
#1231=EDGE_LOOP('',(#5718,#5719,#5720,#5721,#5722,#5723,#5724,#5725,#5726,
#5727,#5728,#5729));
#1232=EDGE_LOOP('',(#5730,#5731,#5732,#5733));
#1233=EDGE_LOOP('',(#5734,#5735,#5736,#5737,#5738));
#1234=EDGE_LOOP('',(#5739,#5740,#5741,#5742,#5743));
#1235=EDGE_LOOP('',(#5744,#5745,#5746,#5747,#5748));
#1236=EDGE_LOOP('',(#5749,#5750,#5751,#5752,#5753,#5754,#5755,#5756,#5757,
#5758,#5759,#5760));
#1237=EDGE_LOOP('',(#5761,#5762,#5763,#5764,#5765,#5766,#5767,#5768));
#1238=EDGE_LOOP('',(#5769,#5770,#5771,#5772));
#1239=EDGE_LOOP('',(#5773,#5774,#5775,#5776));
#1240=EDGE_LOOP('',(#5777,#5778,#5779,#5780));
#1241=EDGE_LOOP('',(#5781,#5782,#5783,#5784,#5785,#5786,#5787));
#1242=EDGE_LOOP('',(#5788,#5789,#5790,#5791));
#1243=EDGE_LOOP('',(#5792,#5793,#5794,#5795,#5796));
#1244=EDGE_LOOP('',(#5797,#5798,#5799,#5800,#5801,#5802));
#1245=EDGE_LOOP('',(#5803,#5804,#5805,#5806));
#1246=EDGE_LOOP('',(#5807,#5808,#5809,#5810,#5811,#5812,#5813,#5814));
#1247=EDGE_LOOP('',(#5815,#5816,#5817,#5818,#5819,#5820,#5821,#5822,#5823,
#5824,#5825,#5826));
#1248=EDGE_LOOP('',(#5827,#5828,#5829,#5830,#5831,#5832));
#1249=EDGE_LOOP('',(#5833,#5834,#5835,#5836,#5837,#5838,#5839,#5840));
#1250=EDGE_LOOP('',(#5841,#5842,#5843,#5844));
#1251=EDGE_LOOP('',(#5845,#5846,#5847,#5848));
#1252=EDGE_LOOP('',(#5849,#5850,#5851,#5852,#5853,#5854,#5855,#5856));
#1253=EDGE_LOOP('',(#5857,#5858,#5859,#5860));
#1254=EDGE_LOOP('',(#5861,#5862,#5863,#5864));
#1255=EDGE_LOOP('',(#5865,#5866,#5867,#5868,#5869,#5870,#5871,#5872));
#1256=EDGE_LOOP('',(#5873,#5874,#5875,#5876));
#1257=EDGE_LOOP('',(#5877,#5878,#5879,#5880));
#1258=EDGE_LOOP('',(#5881,#5882,#5883,#5884));
#1259=EDGE_LOOP('',(#5885,#5886,#5887,#5888));
#1260=EDGE_LOOP('',(#5889,#5890,#5891,#5892,#5893,#5894,#5895,#5896));
#1261=EDGE_LOOP('',(#5897,#5898,#5899,#5900));
#1262=EDGE_LOOP('',(#5901,#5902,#5903,#5904));
#1263=EDGE_LOOP('',(#5905,#5906,#5907,#5908));
#1264=EDGE_LOOP('',(#5909,#5910,#5911,#5912));
#1265=EDGE_LOOP('',(#5913,#5914,#5915,#5916));
#1266=EDGE_LOOP('',(#5917,#5918,#5919,#5920));
#1267=EDGE_LOOP('',(#5921,#5922,#5923,#5924));
#1268=EDGE_LOOP('',(#5925,#5926,#5927,#5928));
#1269=EDGE_LOOP('',(#5929,#5930,#5931,#5932,#5933,#5934,#5935,#5936));
#1270=EDGE_LOOP('',(#5937,#5938,#5939,#5940));
#1271=EDGE_LOOP('',(#5941,#5942,#5943,#5944));
#1272=EDGE_LOOP('',(#5945,#5946,#5947,#5948));
#1273=EDGE_LOOP('',(#5949,#5950,#5951,#5952));
#1274=EDGE_LOOP('',(#5953,#5954,#5955,#5956,#5957,#5958,#5959,#5960));
#1275=EDGE_LOOP('',(#5961,#5962,#5963,#5964));
#1276=EDGE_LOOP('',(#5965,#5966,#5967,#5968));
#1277=EDGE_LOOP('',(#5969,#5970,#5971,#5972));
#1278=EDGE_LOOP('',(#5973,#5974,#5975,#5976));
#1279=EDGE_LOOP('',(#5977,#5978,#5979,#5980,#5981));
#1280=EDGE_LOOP('',(#5982,#5983,#5984,#5985,#5986));
#1281=EDGE_LOOP('',(#5987,#5988,#5989));
#1282=EDGE_LOOP('',(#5990,#5991,#5992,#5993));
#1283=EDGE_LOOP('',(#5994,#5995,#5996,#5997,#5998,#5999,#6000,#6001));
#1284=EDGE_LOOP('',(#6002,#6003,#6004,#6005,#6006));
#1285=EDGE_LOOP('',(#6007,#6008,#6009));
#1286=EDGE_LOOP('',(#6010,#6011,#6012,#6013));
#1287=EDGE_LOOP('',(#6014,#6015,#6016));
#1288=EDGE_LOOP('',(#6017,#6018,#6019,#6020,#6021));
#1289=EDGE_LOOP('',(#6022,#6023,#6024));
#1290=EDGE_LOOP('',(#6025,#6026,#6027,#6028,#6029));
#1291=EDGE_LOOP('',(#6030,#6031,#6032,#6033));
#1292=EDGE_LOOP('',(#6034,#6035,#6036,#6037));
#1293=EDGE_LOOP('',(#6038,#6039,#6040));
#1294=EDGE_LOOP('',(#6041));
#1295=EDGE_LOOP('',(#6042,#6043,#6044));
#1296=EDGE_LOOP('',(#6045));
#1297=EDGE_LOOP('',(#6046,#6047,#6048,#6049));
#1298=EDGE_LOOP('',(#6050,#6051,#6052,#6053));
#1299=EDGE_LOOP('',(#6054,#6055,#6056,#6057));
#1300=EDGE_LOOP('',(#6058,#6059,#6060,#6061));
#1301=EDGE_LOOP('',(#6062,#6063,#6064,#6065));
#1302=EDGE_LOOP('',(#6066,#6067,#6068,#6069));
#1303=EDGE_LOOP('',(#6070,#6071,#6072,#6073));
#1304=EDGE_LOOP('',(#6074,#6075,#6076,#6077));
#1305=EDGE_LOOP('',(#6078,#6079,#6080,#6081));
#1306=EDGE_LOOP('',(#6082,#6083,#6084,#6085));
#1307=EDGE_LOOP('',(#6086,#6087,#6088,#6089));
#1308=EDGE_LOOP('',(#6090,#6091,#6092,#6093));
#1309=EDGE_LOOP('',(#6094,#6095,#6096,#6097));
#1310=EDGE_LOOP('',(#6098,#6099,#6100,#6101));
#1311=EDGE_LOOP('',(#6102,#6103,#6104,#6105));
#1312=EDGE_LOOP('',(#6106,#6107,#6108,#6109));
#1313=EDGE_LOOP('',(#6110,#6111,#6112,#6113));
#1314=EDGE_LOOP('',(#6114,#6115,#6116,#6117));
#1315=EDGE_LOOP('',(#6118,#6119,#6120,#6121));
#1316=EDGE_LOOP('',(#6122,#6123,#6124,#6125));
#1317=EDGE_LOOP('',(#6126,#6127,#6128,#6129));
#1318=EDGE_LOOP('',(#6130,#6131,#6132,#6133));
#1319=EDGE_LOOP('',(#6134,#6135,#6136,#6137));
#1320=EDGE_LOOP('',(#6138,#6139,#6140,#6141));
#1321=EDGE_LOOP('',(#6142,#6143,#6144,#6145));
#1322=EDGE_LOOP('',(#6146,#6147,#6148,#6149));
#1323=EDGE_LOOP('',(#6150,#6151,#6152,#6153));
#1324=EDGE_LOOP('',(#6154,#6155,#6156,#6157,#6158));
#1325=EDGE_LOOP('',(#6159,#6160,#6161,#6162));
#1326=EDGE_LOOP('',(#6163,#6164,#6165,#6166));
#1327=EDGE_LOOP('',(#6167,#6168,#6169,#6170,#6171,#6172));
#1328=EDGE_LOOP('',(#6173,#6174,#6175,#6176,#6177,#6178,#6179,#6180,#6181,
#6182,#6183,#6184,#6185,#6186,#6187,#6188));
#1329=EDGE_LOOP('',(#6189));
#1330=EDGE_LOOP('',(#6190));
#1331=EDGE_LOOP('',(#6191,#6192,#6193,#6194,#6195,#6196,#6197,#6198,#6199,
#6200,#6201,#6202,#6203,#6204,#6205,#6206,#6207,#6208,#6209,#6210));
#1332=EDGE_LOOP('',(#6211));
#1333=EDGE_LOOP('',(#6212));
#1334=EDGE_LOOP('',(#6213));
#1335=EDGE_LOOP('',(#6214));
#1336=EDGE_LOOP('',(#6215,#6216,#6217,#6218,#6219));
#1337=EDGE_LOOP('',(#6220,#6221,#6222,#6223));
#1338=EDGE_LOOP('',(#6224,#6225,#6226,#6227));
#1339=EDGE_LOOP('',(#6228,#6229,#6230,#6231,#6232));
#1340=EDGE_LOOP('',(#6233,#6234,#6235,#6236,#6237,#6238));
#1341=EDGE_LOOP('',(#6239,#6240,#6241,#6242));
#1342=EDGE_LOOP('',(#6243,#6244,#6245,#6246,#6247,#6248));
#1343=EDGE_LOOP('',(#6249,#6250,#6251,#6252));
#1344=EDGE_LOOP('',(#6253,#6254,#6255,#6256,#6257));
#1345=EDGE_LOOP('',(#6258,#6259,#6260,#6261));
#1346=EDGE_LOOP('',(#6262,#6263,#6264,#6265));
#1347=EDGE_LOOP('',(#6266,#6267,#6268,#6269,#6270,#6271,#6272,#6273,#6274,
#6275,#6276,#6277,#6278,#6279,#6280,#6281));
#1348=EDGE_LOOP('',(#6282,#6283,#6284,#6285));
#1349=EDGE_LOOP('',(#6286,#6287,#6288,#6289,#6290,#6291));
#1350=EDGE_LOOP('',(#6292,#6293,#6294,#6295,#6296,#6297));
#1351=EDGE_LOOP('',(#6298));
#1352=EDGE_LOOP('',(#6299,#6300));
#1353=EDGE_LOOP('',(#6301,#6302,#6303,#6304,#6305,#6306,#6307,#6308));
#1354=EDGE_LOOP('',(#6309,#6310));
#1355=EDGE_LOOP('',(#6311,#6312));
#1356=EDGE_LOOP('',(#6313,#6314,#6315,#6316,#6317));
#1357=EDGE_LOOP('',(#6318));
#1358=EDGE_LOOP('',(#6319));
#1359=EDGE_LOOP('',(#6320));
#1360=EDGE_LOOP('',(#6321));
#1361=EDGE_LOOP('',(#6322,#6323,#6324,#6325,#6326,#6327,#6328,#6329));
#1362=EDGE_LOOP('',(#6330,#6331,#6332,#6333,#6334));
#1363=EDGE_LOOP('',(#6335,#6336,#6337,#6338,#6339,#6340,#6341,#6342));
#1364=EDGE_LOOP('',(#6343,#6344,#6345,#6346));
#1365=EDGE_LOOP('',(#6347,#6348,#6349,#6350));
#1366=EDGE_LOOP('',(#6351,#6352,#6353,#6354,#6355,#6356,#6357,#6358));
#1367=EDGE_LOOP('',(#6359,#6360,#6361,#6362,#6363,#6364));
#1368=EDGE_LOOP('',(#6365,#6366,#6367,#6368,#6369));
#1369=EDGE_LOOP('',(#6370,#6371,#6372,#6373,#6374,#6375));
#1370=EDGE_LOOP('',(#6376,#6377,#6378,#6379));
#1371=EDGE_LOOP('',(#6380,#6381,#6382,#6383));
#1372=EDGE_LOOP('',(#6384,#6385,#6386,#6387,#6388,#6389));
#1373=EDGE_LOOP('',(#6390,#6391,#6392,#6393));
#1374=EDGE_LOOP('',(#6394,#6395,#6396,#6397));
#1375=EDGE_LOOP('',(#6398));
#1376=EDGE_LOOP('',(#6399));
#1377=EDGE_LOOP('',(#6400));
#1378=EDGE_LOOP('',(#6401));
#1379=LINE('',#9548,#2076);
#1380=LINE('',#9550,#2077);
#1381=LINE('',#9552,#2078);
#1382=LINE('',#9560,#2079);
#1383=LINE('',#9562,#2080);
#1384=LINE('',#9564,#2081);
#1385=LINE('',#9566,#2082);
#1386=LINE('',#9567,#2083);
#1387=LINE('',#9571,#2084);
#1388=LINE('',#9573,#2085);
#1389=LINE('',#9574,#2086);
#1390=LINE('',#9578,#2087);
#1391=LINE('',#9581,#2088);
#1392=LINE('',#9593,#2089);
#1393=LINE('',#9595,#2090);
#1394=LINE('',#9597,#2091);
#1395=LINE('',#9598,#2092);
#1396=LINE('',#9601,#2093);
#1397=LINE('',#9605,#2094);
#1398=LINE('',#9607,#2095);
#1399=LINE('',#9609,#2096);
#1400=LINE('',#9611,#2097);
#1401=LINE('',#9613,#2098);
#1402=LINE('',#9616,#2099);
#1403=LINE('',#9634,#2100);
#1404=LINE('',#9638,#2101);
#1405=LINE('',#9646,#2102);
#1406=LINE('',#9650,#2103);
#1407=LINE('',#9652,#2104);
#1408=LINE('',#9654,#2105);
#1409=LINE('',#9658,#2106);
#1410=LINE('',#9664,#2107);
#1411=LINE('',#9666,#2108);
#1412=LINE('',#9667,#2109);
#1413=LINE('',#9672,#2110);
#1414=LINE('',#9678,#2111);
#1415=LINE('',#9717,#2112);
#1416=LINE('',#9756,#2113);
#1417=LINE('',#9776,#2114);
#1418=LINE('',#9780,#2115);
#1419=LINE('',#9782,#2116);
#1420=LINE('',#9784,#2117);
#1421=LINE('',#9803,#2118);
#1422=LINE('',#9807,#2119);
#1423=LINE('',#9809,#2120);
#1424=LINE('',#9811,#2121);
#1425=LINE('',#9817,#2122);
#1426=LINE('',#9818,#2123);
#1427=LINE('',#9821,#2124);
#1428=LINE('',#9823,#2125);
#1429=LINE('',#9825,#2126);
#1430=LINE('',#9826,#2127);
#1431=LINE('',#9830,#2128);
#1432=LINE('',#9833,#2129);
#1433=LINE('',#9893,#2130);
#1434=LINE('',#9935,#2131);
#1435=LINE('',#9939,#2132);
#1436=LINE('',#9977,#2133);
#1437=LINE('',#9979,#2134);
#1438=LINE('',#9981,#2135);
#1439=LINE('',#9985,#2136);
#1440=LINE('',#10005,#2137);
#1441=LINE('',#10011,#2138);
#1442=LINE('',#10013,#2139);
#1443=LINE('',#10015,#2140);
#1444=LINE('',#10018,#2141);
#1445=LINE('',#10020,#2142);
#1446=LINE('',#10022,#2143);
#1447=LINE('',#10023,#2144);
#1448=LINE('',#10026,#2145);
#1449=LINE('',#10028,#2146);
#1450=LINE('',#10030,#2147);
#1451=LINE('',#10031,#2148);
#1452=LINE('',#10052,#2149);
#1453=LINE('',#10057,#2150);
#1454=LINE('',#10060,#2151);
#1455=LINE('',#10062,#2152);
#1456=LINE('',#10066,#2153);
#1457=LINE('',#10072,#2154);
#1458=LINE('',#10076,#2155);
#1459=LINE('',#10078,#2156);
#1460=LINE('',#10080,#2157);
#1461=LINE('',#10082,#2158);
#1462=LINE('',#10083,#2159);
#1463=LINE('',#10085,#2160);
#1464=LINE('',#10089,#2161);
#1465=LINE('',#10098,#2162);
#1466=LINE('',#10102,#2163);
#1467=LINE('',#10104,#2164);
#1468=LINE('',#10106,#2165);
#1469=LINE('',#10110,#2166);
#1470=LINE('',#10153,#2167);
#1471=LINE('',#10157,#2168);
#1472=LINE('',#10159,#2169);
#1473=LINE('',#10161,#2170);
#1474=LINE('',#10163,#2171);
#1475=LINE('',#10165,#2172);
#1476=LINE('',#10167,#2173);
#1477=LINE('',#10171,#2174);
#1478=LINE('',#10177,#2175);
#1479=LINE('',#10181,#2176);
#1480=LINE('',#10183,#2177);
#1481=LINE('',#10185,#2178);
#1482=LINE('',#10187,#2179);
#1483=LINE('',#10189,#2180);
#1484=LINE('',#10193,#2181);
#1485=LINE('',#10201,#2182);
#1486=LINE('',#10204,#2183);
#1487=LINE('',#10210,#2184);
#1488=LINE('',#10214,#2185);
#1489=LINE('',#10216,#2186);
#1490=LINE('',#10218,#2187);
#1491=LINE('',#10220,#2188);
#1492=LINE('',#10222,#2189);
#1493=LINE('',#10226,#2190);
#1494=LINE('',#10232,#2191);
#1495=LINE('',#10236,#2192);
#1496=LINE('',#10238,#2193);
#1497=LINE('',#10240,#2194);
#1498=LINE('',#10242,#2195);
#1499=LINE('',#10244,#2196);
#1500=LINE('',#10248,#2197);
#1501=LINE('',#10257,#2198);
#1502=LINE('',#10261,#2199);
#1503=LINE('',#10263,#2200);
#1504=LINE('',#10265,#2201);
#1505=LINE('',#10267,#2202);
#1506=LINE('',#10272,#2203);
#1507=LINE('',#10276,#2204);
#1508=LINE('',#10280,#2205);
#1509=LINE('',#10284,#2206);
#1510=LINE('',#10290,#2207);
#1511=LINE('',#10294,#2208);
#1512=LINE('',#10298,#2209);
#1513=LINE('',#10301,#2210);
#1514=LINE('',#10304,#2211);
#1515=LINE('',#10306,#2212);
#1516=LINE('',#10310,#2213);
#1517=LINE('',#10312,#2214);
#1518=LINE('',#10314,#2215);
#1519=LINE('',#10317,#2216);
#1520=LINE('',#10320,#2217);
#1521=LINE('',#10322,#2218);
#1522=LINE('',#10326,#2219);
#1523=LINE('',#10328,#2220);
#1524=LINE('',#10330,#2221);
#1525=LINE('',#10333,#2222);
#1526=LINE('',#10336,#2223);
#1527=LINE('',#10338,#2224);
#1528=LINE('',#10342,#2225);
#1529=LINE('',#10344,#2226);
#1530=LINE('',#10346,#2227);
#1531=LINE('',#10349,#2228);
#1532=LINE('',#10354,#2229);
#1533=LINE('',#10356,#2230);
#1534=LINE('',#10358,#2231);
#1535=LINE('',#10362,#2232);
#1536=LINE('',#10364,#2233);
#1537=LINE('',#10365,#2234);
#1538=LINE('',#10369,#2235);
#1539=LINE('',#10373,#2236);
#1540=LINE('',#10375,#2237);
#1541=LINE('',#10377,#2238);
#1542=LINE('',#10420,#2239);
#1543=LINE('',#10422,#2240);
#1544=LINE('',#10424,#2241);
#1545=LINE('',#10425,#2242);
#1546=LINE('',#10428,#2243);
#1547=LINE('',#10430,#2244);
#1548=LINE('',#10432,#2245);
#1549=LINE('',#10433,#2246);
#1550=LINE('',#10436,#2247);
#1551=LINE('',#10438,#2248);
#1552=LINE('',#10439,#2249);
#1553=LINE('',#10442,#2250);
#1554=LINE('',#10444,#2251);
#1555=LINE('',#10446,#2252);
#1556=LINE('',#10447,#2253);
#1557=LINE('',#10525,#2254);
#1558=LINE('',#10526,#2255);
#1559=LINE('',#10605,#2256);
#1560=LINE('',#10606,#2257);
#1561=LINE('',#10608,#2258);
#1562=LINE('',#10611,#2259);
#1563=LINE('',#10618,#2260);
#1564=LINE('',#10652,#2261);
#1565=LINE('',#10655,#2262);
#1566=LINE('',#10657,#2263);
#1567=LINE('',#10659,#2264);
#1568=LINE('',#10660,#2265);
#1569=LINE('',#10691,#2266);
#1570=LINE('',#10693,#2267);
#1571=LINE('',#10695,#2268);
#1572=LINE('',#10696,#2269);
#1573=LINE('',#10727,#2270);
#1574=LINE('',#10730,#2271);
#1575=LINE('',#10731,#2272);
#1576=LINE('',#10762,#2273);
#1577=LINE('',#10764,#2274);
#1578=LINE('',#10765,#2275);
#1579=LINE('',#10768,#2276);
#1580=LINE('',#10771,#2277);
#1581=LINE('',#10774,#2278);
#1582=LINE('',#10777,#2279);
#1583=LINE('',#10780,#2280);
#1584=LINE('',#10781,#2281);
#1585=LINE('',#10786,#2282);
#1586=LINE('',#10789,#2283);
#1587=LINE('',#10792,#2284);
#1588=LINE('',#10793,#2285);
#1589=LINE('',#10798,#2286);
#1590=LINE('',#10801,#2287);
#1591=LINE('',#10804,#2288);
#1592=LINE('',#10806,#2289);
#1593=LINE('',#10810,#2290);
#1594=LINE('',#10812,#2291);
#1595=LINE('',#10813,#2292);
#1596=LINE('',#10817,#2293);
#1597=LINE('',#10819,#2294);
#1598=LINE('',#10823,#2295);
#1599=LINE('',#10824,#2296);
#1600=LINE('',#10825,#2297);
#1601=LINE('',#10829,#2298);
#1602=LINE('',#10830,#2299);
#1603=LINE('',#10832,#2300);
#1604=LINE('',#10834,#2301);
#1605=LINE('',#10836,#2302);
#1606=LINE('',#10839,#2303);
#1607=LINE('',#10843,#2304);
#1608=LINE('',#10845,#2305);
#1609=LINE('',#10849,#2306);
#1610=LINE('',#10851,#2307);
#1611=LINE('',#10852,#2308);
#1612=LINE('',#10853,#2309);
#1613=LINE('',#10855,#2310);
#1614=LINE('',#10859,#2311);
#1615=LINE('',#10861,#2312);
#1616=LINE('',#10862,#2313);
#1617=LINE('',#10864,#2314);
#1618=LINE('',#10866,#2315);
#1619=LINE('',#10867,#2316);
#1620=LINE('',#10869,#2317);
#1621=LINE('',#10871,#2318);
#1622=LINE('',#10873,#2319);
#1623=LINE('',#10877,#2320);
#1624=LINE('',#10878,#2321);
#1625=LINE('',#10883,#2322);
#1626=LINE('',#10885,#2323);
#1627=LINE('',#10889,#2324);
#1628=LINE('',#10892,#2325);
#1629=LINE('',#10894,#2326);
#1630=LINE('',#10901,#2327);
#1631=LINE('',#10903,#2328);
#1632=LINE('',#10905,#2329);
#1633=LINE('',#10907,#2330);
#1634=LINE('',#10908,#2331);
#1635=LINE('',#10945,#2332);
#1636=LINE('',#10946,#2333);
#1637=LINE('',#10948,#2334);
#1638=LINE('',#10949,#2335);
#1639=LINE('',#10978,#2336);
#1640=LINE('',#10980,#2337);
#1641=LINE('',#10981,#2338);
#1642=LINE('',#11010,#2339);
#1643=LINE('',#11012,#2340);
#1644=LINE('',#11041,#2341);
#1645=LINE('',#11043,#2342);
#1646=LINE('',#11055,#2343);
#1647=LINE('',#11059,#2344);
#1648=LINE('',#11061,#2345);
#1649=LINE('',#11065,#2346);
#1650=LINE('',#11067,#2347);
#1651=LINE('',#11069,#2348);
#1652=LINE('',#11072,#2349);
#1653=LINE('',#11078,#2350);
#1654=LINE('',#11081,#2351);
#1655=LINE('',#11085,#2352);
#1656=LINE('',#11086,#2353);
#1657=LINE('',#11087,#2354);
#1658=LINE('',#11093,#2355);
#1659=LINE('',#11096,#2356);
#1660=LINE('',#11100,#2357);
#1661=LINE('',#11101,#2358);
#1662=LINE('',#11102,#2359);
#1663=LINE('',#11108,#2360);
#1664=LINE('',#11111,#2361);
#1665=LINE('',#11115,#2362);
#1666=LINE('',#11116,#2363);
#1667=LINE('',#11117,#2364);
#1668=LINE('',#11122,#2365);
#1669=LINE('',#11123,#2366);
#1670=LINE('',#11126,#2367);
#1671=LINE('',#11127,#2368);
#1672=LINE('',#11132,#2369);
#1673=LINE('',#11133,#2370);
#1674=LINE('',#11137,#2371);
#1675=LINE('',#11139,#2372);
#1676=LINE('',#11141,#2373);
#1677=LINE('',#11142,#2374);
#1678=LINE('',#11147,#2375);
#1679=LINE('',#11152,#2376);
#1680=LINE('',#11154,#2377);
#1681=LINE('',#11156,#2378);
#1682=LINE('',#11157,#2379);
#1683=LINE('',#11162,#2380);
#1684=LINE('',#11167,#2381);
#1685=LINE('',#11169,#2382);
#1686=LINE('',#11171,#2383);
#1687=LINE('',#11172,#2384);
#1688=LINE('',#11177,#2385);
#1689=LINE('',#11181,#2386);
#1690=LINE('',#11182,#2387);
#1691=LINE('',#11186,#2388);
#1692=LINE('',#11187,#2389);
#1693=LINE('',#11188,#2390);
#1694=LINE('',#11192,#2391);
#1695=LINE('',#11194,#2392);
#1696=LINE('',#11195,#2393);
#1697=LINE('',#11199,#2394);
#1698=LINE('',#11200,#2395);
#1699=LINE('',#11201,#2396);
#1700=LINE('',#11202,#2397);
#1701=LINE('',#11206,#2398);
#1702=LINE('',#11207,#2399);
#1703=LINE('',#11208,#2400);
#1704=LINE('',#11209,#2401);
#1705=LINE('',#11212,#2402);
#1706=LINE('',#11213,#2403);
#1707=LINE('',#11219,#2404);
#1708=LINE('',#11223,#2405);
#1709=LINE('',#11227,#2406);
#1710=LINE('',#11231,#2407);
#1711=LINE('',#11234,#2408);
#1712=LINE('',#11235,#2409);
#1713=LINE('',#11237,#2410);
#1714=LINE('',#11238,#2411);
#1715=LINE('',#11239,#2412);
#1716=LINE('',#11241,#2413);
#1717=LINE('',#11243,#2414);
#1718=LINE('',#11244,#2415);
#1719=LINE('',#11246,#2416);
#1720=LINE('',#11247,#2417);
#1721=LINE('',#11249,#2418);
#1722=LINE('',#11250,#2419);
#1723=LINE('',#11251,#2420);
#1724=LINE('',#11252,#2421);
#1725=LINE('',#11254,#2422);
#1726=LINE('',#11258,#2423);
#1727=LINE('',#11262,#2424);
#1728=LINE('',#11266,#2425);
#1729=LINE('',#11270,#2426);
#1730=LINE('',#11274,#2427);
#1731=LINE('',#11287,#2428);
#1732=LINE('',#11290,#2429);
#1733=LINE('',#11293,#2430);
#1734=LINE('',#11294,#2431);
#1735=LINE('',#11298,#2432);
#1736=LINE('',#11301,#2433);
#1737=LINE('',#11302,#2434);
#1738=LINE('',#11306,#2435);
#1739=LINE('',#11309,#2436);
#1740=LINE('',#11310,#2437);
#1741=LINE('',#11314,#2438);
#1742=LINE('',#11316,#2439);
#1743=LINE('',#11320,#2440);
#1744=LINE('',#11321,#2441);
#1745=LINE('',#11322,#2442);
#1746=LINE('',#11324,#2443);
#1747=LINE('',#11326,#2444);
#1748=LINE('',#11327,#2445);
#1749=LINE('',#11331,#2446);
#1750=LINE('',#11332,#2447);
#1751=LINE('',#11333,#2448);
#1752=LINE('',#11335,#2449);
#1753=LINE('',#11337,#2450);
#1754=LINE('',#11338,#2451);
#1755=LINE('',#11341,#2452);
#1756=LINE('',#11343,#2453);
#1757=LINE('',#11344,#2454);
#1758=LINE('',#11348,#2455);
#1759=LINE('',#11351,#2456);
#1760=LINE('',#11352,#2457);
#1761=LINE('',#11356,#2458);
#1762=LINE('',#11359,#2459);
#1763=LINE('',#11360,#2460);
#1764=LINE('',#11364,#2461);
#1765=LINE('',#11367,#2462);
#1766=LINE('',#11368,#2463);
#1767=LINE('',#11399,#2464);
#1768=LINE('',#11401,#2465);
#1769=LINE('',#11403,#2466);
#1770=LINE('',#11432,#2467);
#1771=LINE('',#11435,#2468);
#1772=LINE('',#11436,#2469);
#1773=LINE('',#11466,#2470);
#1774=LINE('',#11468,#2471);
#1775=LINE('',#11499,#2472);
#1776=LINE('',#11501,#2473);
#1777=LINE('',#11504,#2474);
#1778=LINE('',#11505,#2475);
#1779=LINE('',#11507,#2476);
#1780=LINE('',#11509,#2477);
#1781=LINE('',#11511,#2478);
#1782=LINE('',#11512,#2479);
#1783=LINE('',#11531,#2480);
#1784=LINE('',#11565,#2481);
#1785=LINE('',#11566,#2482);
#1786=LINE('',#11568,#2483);
#1787=LINE('',#11597,#2484);
#1788=LINE('',#11600,#2485);
#1789=LINE('',#11601,#2486);
#1790=LINE('',#11630,#2487);
#1791=LINE('',#11636,#2488);
#1792=LINE('',#11671,#2489);
#1793=LINE('',#11685,#2490);
#1794=LINE('',#11688,#2491);
#1795=LINE('',#11690,#2492);
#1796=LINE('',#11694,#2493);
#1797=LINE('',#11695,#2494);
#1798=LINE('',#11697,#2495);
#1799=LINE('',#11699,#2496);
#1800=LINE('',#11701,#2497);
#1801=LINE('',#11703,#2498);
#1802=LINE('',#11705,#2499);
#1803=LINE('',#11707,#2500);
#1804=LINE('',#11709,#2501);
#1805=LINE('',#11711,#2502);
#1806=LINE('',#11713,#2503);
#1807=LINE('',#11719,#2504);
#1808=LINE('',#11722,#2505);
#1809=LINE('',#11724,#2506);
#1810=LINE('',#11726,#2507);
#1811=LINE('',#11727,#2508);
#1812=LINE('',#11731,#2509);
#1813=LINE('',#11732,#2510);
#1814=LINE('',#11736,#2511);
#1815=LINE('',#11740,#2512);
#1816=LINE('',#11744,#2513);
#1817=LINE('',#11745,#2514);
#1818=LINE('',#11748,#2515);
#1819=LINE('',#11751,#2516);
#1820=LINE('',#11753,#2517);
#1821=LINE('',#11755,#2518);
#1822=LINE('',#11756,#2519);
#1823=LINE('',#11760,#2520);
#1824=LINE('',#11761,#2521);
#1825=LINE('',#11762,#2522);
#1826=LINE('',#11766,#2523);
#1827=LINE('',#11768,#2524);
#1828=LINE('',#11773,#2525);
#1829=LINE('',#11778,#2526);
#1830=LINE('',#11779,#2527);
#1831=LINE('',#11784,#2528);
#1832=LINE('',#11787,#2529);
#1833=LINE('',#11789,#2530);
#1834=LINE('',#11790,#2531);
#1835=LINE('',#11791,#2532);
#1836=LINE('',#11793,#2533);
#1837=LINE('',#11794,#2534);
#1838=LINE('',#11795,#2535);
#1839=LINE('',#11797,#2536);
#1840=LINE('',#11798,#2537);
#1841=LINE('',#11800,#2538);
#1842=LINE('',#11804,#2539);
#1843=LINE('',#11806,#2540);
#1844=LINE('',#11808,#2541);
#1845=LINE('',#11809,#2542);
#1846=LINE('',#11813,#2543);
#1847=LINE('',#11815,#2544);
#1848=LINE('',#11822,#2545);
#1849=LINE('',#11826,#2546);
#1850=LINE('',#11831,#2547);
#1851=LINE('',#11832,#2548);
#1852=LINE('',#11834,#2549);
#1853=LINE('',#11836,#2550);
#1854=LINE('',#11838,#2551);
#1855=LINE('',#11839,#2552);
#1856=LINE('',#11843,#2553);
#1857=LINE('',#11844,#2554);
#1858=LINE('',#11846,#2555);
#1859=LINE('',#11847,#2556);
#1860=LINE('',#11850,#2557);
#1861=LINE('',#11851,#2558);
#1862=LINE('',#11853,#2559);
#1863=LINE('',#11855,#2560);
#1864=LINE('',#11856,#2561);
#1865=LINE('',#11858,#2562);
#1866=LINE('',#11869,#2563);
#1867=LINE('',#11872,#2564);
#1868=LINE('',#11876,#2565);
#1869=LINE('',#11877,#2566);
#1870=LINE('',#11878,#2567);
#1871=LINE('',#11880,#2568);
#1872=LINE('',#11881,#2569);
#1873=LINE('',#11885,#2570);
#1874=LINE('',#11886,#2571);
#1875=LINE('',#11887,#2572);
#1876=LINE('',#11891,#2573);
#1877=LINE('',#11894,#2574);
#1878=LINE('',#11896,#2575);
#1879=LINE('',#11898,#2576);
#1880=LINE('',#11901,#2577);
#1881=LINE('',#11902,#2578);
#1882=LINE('',#11903,#2579);
#1883=LINE('',#11905,#2580);
#1884=LINE('',#11906,#2581);
#1885=LINE('',#11908,#2582);
#1886=LINE('',#11911,#2583);
#1887=LINE('',#11912,#2584);
#1888=LINE('',#11916,#2585);
#1889=LINE('',#11917,#2586);
#1890=LINE('',#11919,#2587);
#1891=LINE('',#11921,#2588);
#1892=LINE('',#11922,#2589);
#1893=LINE('',#11926,#2590);
#1894=LINE('',#11927,#2591);
#1895=LINE('',#11928,#2592);
#1896=LINE('',#11930,#2593);
#1897=LINE('',#11932,#2594);
#1898=LINE('',#11933,#2595);
#1899=LINE('',#11935,#2596);
#1900=LINE('',#11937,#2597);
#1901=LINE('',#11938,#2598);
#1902=LINE('',#11939,#2599);
#1903=LINE('',#11941,#2600);
#1904=LINE('',#11946,#2601);
#1905=LINE('',#11950,#2602);
#1906=LINE('',#11952,#2603);
#1907=LINE('',#11953,#2604);
#1908=LINE('',#11956,#2605);
#1909=LINE('',#11960,#2606);
#1910=LINE('',#11963,#2607);
#1911=LINE('',#11964,#2608);
#1912=LINE('',#11966,#2609);
#1913=LINE('',#11970,#2610);
#1914=LINE('',#11971,#2611);
#1915=LINE('',#11972,#2612);
#1916=LINE('',#11974,#2613);
#1917=LINE('',#11975,#2614);
#1918=LINE('',#11979,#2615);
#1919=LINE('',#11981,#2616);
#1920=LINE('',#11982,#2617);
#1921=LINE('',#11983,#2618);
#1922=LINE('',#11987,#2619);
#1923=LINE('',#11992,#2620);
#1924=LINE('',#11993,#2621);
#1925=LINE('',#11995,#2622);
#1926=LINE('',#11996,#2623);
#1927=LINE('',#11998,#2624);
#1928=LINE('',#11999,#2625);
#1929=LINE('',#12001,#2626);
#1930=LINE('',#12004,#2627);
#1931=LINE('',#12008,#2628);
#1932=LINE('',#12009,#2629);
#1933=LINE('',#12011,#2630);
#1934=LINE('',#12013,#2631);
#1935=LINE('',#12015,#2632);
#1936=LINE('',#12016,#2633);
#1937=LINE('',#12019,#2634);
#1938=LINE('',#12020,#2635);
#1939=LINE('',#12023,#2636);
#1940=LINE('',#12024,#2637);
#1941=LINE('',#12028,#2638);
#1942=LINE('',#12030,#2639);
#1943=LINE('',#12031,#2640);
#1944=LINE('',#12033,#2641);
#1945=LINE('',#12035,#2642);
#1946=LINE('',#12036,#2643);
#1947=LINE('',#12040,#2644);
#1948=LINE('',#12047,#2645);
#1949=LINE('',#12050,#2646);
#1950=LINE('',#12054,#2647);
#1951=LINE('',#12055,#2648);
#1952=LINE('',#12058,#2649);
#1953=LINE('',#12059,#2650);
#1954=LINE('',#12061,#2651);
#1955=LINE('',#12067,#2652);
#1956=LINE('',#12072,#2653);
#1957=LINE('',#12073,#2654);
#1958=LINE('',#12076,#2655);
#1959=LINE('',#12077,#2656);
#1960=LINE('',#12079,#2657);
#1961=LINE('',#12082,#2658);
#1962=LINE('',#12084,#2659);
#1963=LINE('',#12086,#2660);
#1964=LINE('',#12092,#2661);
#1965=LINE('',#12094,#2662);
#1966=LINE('',#12097,#2663);
#1967=LINE('',#12098,#2664);
#1968=LINE('',#12101,#2665);
#1969=LINE('',#12102,#2666);
#1970=LINE('',#12104,#2667);
#1971=LINE('',#12110,#2668);
#1972=LINE('',#12114,#2669);
#1973=LINE('',#12115,#2670);
#1974=LINE('',#12118,#2671);
#1975=LINE('',#12119,#2672);
#1976=LINE('',#12121,#2673);
#1977=LINE('',#12124,#2674);
#1978=LINE('',#12125,#2675);
#1979=LINE('',#12127,#2676);
#1980=LINE('',#12130,#2677);
#1981=LINE('',#12134,#2678);
#1982=LINE('',#12136,#2679);
#1983=LINE('',#12137,#2680);
#1984=LINE('',#12139,#2681);
#1985=LINE('',#12140,#2682);
#1986=LINE('',#12146,#2683);
#1987=LINE('',#12149,#2684);
#1988=LINE('',#12154,#2685);
#1989=LINE('',#12160,#2686);
#1990=LINE('',#12162,#2687);
#1991=LINE('',#12170,#2688);
#1992=LINE('',#12172,#2689);
#1993=LINE('',#12174,#2690);
#1994=LINE('',#12175,#2691);
#1995=LINE('',#12177,#2692);
#1996=LINE('',#12179,#2693);
#1997=LINE('',#12183,#2694);
#1998=LINE('',#12185,#2695);
#1999=LINE('',#12186,#2696);
#2000=LINE('',#12189,#2697);
#2001=LINE('',#12191,#2698);
#2002=LINE('',#12192,#2699);
#2003=LINE('',#12195,#2700);
#2004=LINE('',#12197,#2701);
#2005=LINE('',#12198,#2702);
#2006=LINE('',#12201,#2703);
#2007=LINE('',#12203,#2704);
#2008=LINE('',#12204,#2705);
#2009=LINE('',#12207,#2706);
#2010=LINE('',#12208,#2707);
#2011=LINE('',#12210,#2708);
#2012=LINE('',#12211,#2709);
#2013=LINE('',#12213,#2710);
#2014=LINE('',#12215,#2711);
#2015=LINE('',#12218,#2712);
#2016=LINE('',#12221,#2713);
#2017=LINE('',#12223,#2714);
#2018=LINE('',#12225,#2715);
#2019=LINE('',#12226,#2716);
#2020=LINE('',#12230,#2717);
#2021=LINE('',#12232,#2718);
#2022=LINE('',#12234,#2719);
#2023=LINE('',#12235,#2720);
#2024=LINE('',#12238,#2721);
#2025=LINE('',#12240,#2722);
#2026=LINE('',#12242,#2723);
#2027=LINE('',#12243,#2724);
#2028=LINE('',#12245,#2725);
#2029=LINE('',#12246,#2726);
#2030=LINE('',#12248,#2727);
#2031=LINE('',#12250,#2728);
#2032=LINE('',#12253,#2729);
#2033=LINE('',#12254,#2730);
#2034=LINE('',#12256,#2731);
#2035=LINE('',#12258,#2732);
#2036=LINE('',#12278,#2733);
#2037=LINE('',#12297,#2734);
#2038=LINE('',#12300,#2735);
#2039=LINE('',#12301,#2736);
#2040=LINE('',#12305,#2737);
#2041=LINE('',#12307,#2738);
#2042=LINE('',#12310,#2739);
#2043=LINE('',#12311,#2740);
#2044=LINE('',#12314,#2741);
#2045=LINE('',#12323,#2742);
#2046=LINE('',#12324,#2743);
#2047=LINE('',#12332,#2744);
#2048=LINE('',#12334,#2745);
#2049=LINE('',#12337,#2746);
#2050=LINE('',#12340,#2747);
#2051=LINE('',#12342,#2748);
#2052=LINE('',#12344,#2749);
#2053=LINE('',#12346,#2750);
#2054=LINE('',#12368,#2751);
#2055=LINE('',#12385,#2752);
#2056=LINE('',#12388,#2753);
#2057=LINE('',#12389,#2754);
#2058=LINE('',#12392,#2755);
#2059=LINE('',#12393,#2756);
#2060=LINE('',#12397,#2757);
#2061=LINE('',#12399,#2758);
#2062=LINE('',#12403,#2759);
#2063=LINE('',#12406,#2760);
#2064=LINE('',#12409,#2761);
#2065=LINE('',#12449,#2762);
#2066=LINE('',#12510,#2763);
#2067=LINE('',#12513,#2764);
#2068=LINE('',#12516,#2765);
#2069=LINE('',#12518,#2766);
#2070=LINE('',#12520,#2767);
#2071=LINE('',#12522,#2768);
#2072=LINE('',#12524,#2769);
#2073=LINE('',#12526,#2770);
#2074=LINE('',#12531,#2771);
#2075=LINE('',#12537,#2772);
#2076=VECTOR('',#7631,10.);
#2077=VECTOR('',#7632,10.);
#2078=VECTOR('',#7633,10.);
#2079=VECTOR('',#7636,10.);
#2080=VECTOR('',#7637,10.);
#2081=VECTOR('',#7638,10.);
#2082=VECTOR('',#7639,10.);
#2083=VECTOR('',#7640,10.);
#2084=VECTOR('',#7643,10.);
#2085=VECTOR('',#7644,10.);
#2086=VECTOR('',#7645,10.);
#2087=VECTOR('',#7648,10.);
#2088=VECTOR('',#7651,10.);
#2089=VECTOR('',#7662,10.);
#2090=VECTOR('',#7663,10.);
#2091=VECTOR('',#7664,10.);
#2092=VECTOR('',#7665,10.);
#2093=VECTOR('',#7668,10.);
#2094=VECTOR('',#7671,10.);
#2095=VECTOR('',#7672,10.);
#2096=VECTOR('',#7673,10.);
#2097=VECTOR('',#7674,10.);
#2098=VECTOR('',#7675,10.);
#2099=VECTOR('',#7678,10.);
#2100=VECTOR('',#7699,4.);
#2101=VECTOR('',#7704,3.99999999999999);
#2102=VECTOR('',#7711,10.);
#2103=VECTOR('',#7714,10.);
#2104=VECTOR('',#7715,10.);
#2105=VECTOR('',#7716,10.);
#2106=VECTOR('',#7719,10.);
#2107=VECTOR('',#7724,10.);
#2108=VECTOR('',#7725,10.);
#2109=VECTOR('',#7726,10.);
#2110=VECTOR('',#7731,5.);
#2111=VECTOR('',#7738,5.);
#2112=VECTOR('',#7743,4.);
#2113=VECTOR('',#7748,4.);
#2114=VECTOR('',#7753,10.);
#2115=VECTOR('',#7756,10.);
#2116=VECTOR('',#7757,10.);
#2117=VECTOR('',#7758,10.);
#2118=VECTOR('',#7763,10.);
#2119=VECTOR('',#7766,10.);
#2120=VECTOR('',#7767,10.);
#2121=VECTOR('',#7768,10.);
#2122=VECTOR('',#7773,10.);
#2123=VECTOR('',#7774,10.);
#2124=VECTOR('',#7775,10.);
#2125=VECTOR('',#7776,10.);
#2126=VECTOR('',#7777,10.);
#2127=VECTOR('',#7778,10.);
#2128=VECTOR('',#7783,4.);
#2129=VECTOR('',#7786,5.);
#2130=VECTOR('',#7793,5.);
#2131=VECTOR('',#7798,5.);
#2132=VECTOR('',#7803,5.);
#2133=VECTOR('',#7810,10.);
#2134=VECTOR('',#7811,10.);
#2135=VECTOR('',#7812,10.);
#2136=VECTOR('',#7815,10.);
#2137=VECTOR('',#7818,10.);
#2138=VECTOR('',#7823,10.);
#2139=VECTOR('',#7824,10.);
#2140=VECTOR('',#7825,10.);
#2141=VECTOR('',#7828,10.);
#2142=VECTOR('',#7829,10.);
#2143=VECTOR('',#7830,10.);
#2144=VECTOR('',#7831,10.);
#2145=VECTOR('',#7832,10.);
#2146=VECTOR('',#7833,10.);
#2147=VECTOR('',#7834,10.);
#2148=VECTOR('',#7835,10.);
#2149=VECTOR('',#7840,10.);
#2150=VECTOR('',#7845,10.);
#2151=VECTOR('',#7848,10.);
#2152=VECTOR('',#7849,10.);
#2153=VECTOR('',#7852,10.);
#2154=VECTOR('',#7857,10.);
#2155=VECTOR('',#7860,10.);
#2156=VECTOR('',#7861,10.);
#2157=VECTOR('',#7862,10.);
#2158=VECTOR('',#7863,10.);
#2159=VECTOR('',#7864,10.);
#2160=VECTOR('',#7865,10.);
#2161=VECTOR('',#7868,10.);
#2162=VECTOR('',#7877,10.);
#2163=VECTOR('',#7880,10.);
#2164=VECTOR('',#7881,10.);
#2165=VECTOR('',#7882,10.);
#2166=VECTOR('',#7885,10.);
#2167=VECTOR('',#7890,10.);
#2168=VECTOR('',#7893,10.);
#2169=VECTOR('',#7894,10.);
#2170=VECTOR('',#7895,10.);
#2171=VECTOR('',#7896,10.);
#2172=VECTOR('',#7897,10.);
#2173=VECTOR('',#7898,10.);
#2174=VECTOR('',#7901,10.);
#2175=VECTOR('',#7906,10.);
#2176=VECTOR('',#7909,10.);
#2177=VECTOR('',#7910,10.);
#2178=VECTOR('',#7911,10.);
#2179=VECTOR('',#7912,10.);
#2180=VECTOR('',#7913,10.);
#2181=VECTOR('',#7916,10.);
#2182=VECTOR('',#7923,10.);
#2183=VECTOR('',#7926,10.);
#2184=VECTOR('',#7931,10.);
#2185=VECTOR('',#7934,10.);
#2186=VECTOR('',#7935,10.);
#2187=VECTOR('',#7936,10.);
#2188=VECTOR('',#7937,10.);
#2189=VECTOR('',#7938,10.);
#2190=VECTOR('',#7941,10.);
#2191=VECTOR('',#7946,10.);
#2192=VECTOR('',#7949,10.);
#2193=VECTOR('',#7950,10.);
#2194=VECTOR('',#7951,10.);
#2195=VECTOR('',#7952,10.);
#2196=VECTOR('',#7953,10.);
#2197=VECTOR('',#7956,10.);
#2198=VECTOR('',#7967,10.);
#2199=VECTOR('',#7970,10.);
#2200=VECTOR('',#7971,10.);
#2201=VECTOR('',#7972,10.);
#2202=VECTOR('',#7975,10.);
#2203=VECTOR('',#7980,10.);
#2204=VECTOR('',#7983,10.);
#2205=VECTOR('',#7986,10.);
#2206=VECTOR('',#7989,10.);
#2207=VECTOR('',#7994,10.);
#2208=VECTOR('',#7997,10.);
#2209=VECTOR('',#8000,10.);
#2210=VECTOR('',#8003,10.);
#2211=VECTOR('',#8004,10.);
#2212=VECTOR('',#8005,10.);
#2213=VECTOR('',#8008,10.);
#2214=VECTOR('',#8009,10.);
#2215=VECTOR('',#8010,10.);
#2216=VECTOR('',#8013,10.);
#2217=VECTOR('',#8014,10.);
#2218=VECTOR('',#8015,10.);
#2219=VECTOR('',#8018,10.);
#2220=VECTOR('',#8019,10.);
#2221=VECTOR('',#8020,10.);
#2222=VECTOR('',#8023,10.);
#2223=VECTOR('',#8024,10.);
#2224=VECTOR('',#8025,10.);
#2225=VECTOR('',#8028,10.);
#2226=VECTOR('',#8029,10.);
#2227=VECTOR('',#8030,10.);
#2228=VECTOR('',#8033,10.);
#2229=VECTOR('',#8036,10.);
#2230=VECTOR('',#8037,10.);
#2231=VECTOR('',#8038,10.);
#2232=VECTOR('',#8041,10.);
#2233=VECTOR('',#8042,10.);
#2234=VECTOR('',#8043,10.);
#2235=VECTOR('',#8046,10.);
#2236=VECTOR('',#8049,10.);
#2237=VECTOR('',#8050,10.);
#2238=VECTOR('',#8051,10.);
#2239=VECTOR('',#8056,10.);
#2240=VECTOR('',#8057,10.);
#2241=VECTOR('',#8058,10.);
#2242=VECTOR('',#8059,10.);
#2243=VECTOR('',#8060,10.);
#2244=VECTOR('',#8061,10.);
#2245=VECTOR('',#8062,10.);
#2246=VECTOR('',#8063,10.);
#2247=VECTOR('',#8066,10.);
#2248=VECTOR('',#8067,10.);
#2249=VECTOR('',#8068,10.);
#2250=VECTOR('',#8069,10.);
#2251=VECTOR('',#8070,10.);
#2252=VECTOR('',#8071,10.);
#2253=VECTOR('',#8072,10.);
#2254=VECTOR('',#8077,10.);
#2255=VECTOR('',#8078,10.);
#2256=VECTOR('',#8085,10.);
#2257=VECTOR('',#8086,10.);
#2258=VECTOR('',#8087,10.);
#2259=VECTOR('',#8090,10.);
#2260=VECTOR('',#8099,10.);
#2261=VECTOR('',#8104,62.1269720491833);
#2262=VECTOR('',#8107,56.0178542966437);
#2263=VECTOR('',#8110,10.);
#2264=VECTOR('',#8111,10.);
#2265=VECTOR('',#8112,10.);
#2266=VECTOR('',#8115,62.1274687155368);
#2267=VECTOR('',#8118,10.);
#2268=VECTOR('',#8119,10.);
#2269=VECTOR('',#8120,10.);
#2270=VECTOR('',#8123,57.1143271780383);
#2271=VECTOR('',#8126,10.);
#2272=VECTOR('',#8127,10.);
#2273=VECTOR('',#8130,61.354239103749);
#2274=VECTOR('',#8133,10.);
#2275=VECTOR('',#8134,10.);
#2276=VECTOR('',#8137,10.);
#2277=VECTOR('',#8140,10.);
#2278=VECTOR('',#8143,10.);
#2279=VECTOR('',#8146,10.);
#2280=VECTOR('',#8149,10.);
#2281=VECTOR('',#8150,10.);
#2282=VECTOR('',#8155,10.);
#2283=VECTOR('',#8158,10.);
#2284=VECTOR('',#8161,10.);
#2285=VECTOR('',#8162,10.);
#2286=VECTOR('',#8167,10.);
#2287=VECTOR('',#8170,10.);
#2288=VECTOR('',#8173,10.);
#2289=VECTOR('',#8174,10.);
#2290=VECTOR('',#8177,10.);
#2291=VECTOR('',#8178,10.);
#2292=VECTOR('',#8179,10.);
#2293=VECTOR('',#8182,10.);
#2294=VECTOR('',#8183,10.);
#2295=VECTOR('',#8186,10.);
#2296=VECTOR('',#8187,10.);
#2297=VECTOR('',#8188,10.);
#2298=VECTOR('',#8191,10.);
#2299=VECTOR('',#8192,10.);
#2300=VECTOR('',#8193,10.);
#2301=VECTOR('',#8194,10.);
#2302=VECTOR('',#8195,10.);
#2303=VECTOR('',#8198,10.);
#2304=VECTOR('',#8201,10.);
#2305=VECTOR('',#8202,10.);
#2306=VECTOR('',#8205,10.);
#2307=VECTOR('',#8206,10.);
#2308=VECTOR('',#8207,10.);
#2309=VECTOR('',#8208,10.);
#2310=VECTOR('',#8211,10.);
#2311=VECTOR('',#8216,10.);
#2312=VECTOR('',#8219,10.);
#2313=VECTOR('',#8220,10.);
#2314=VECTOR('',#8223,10.);
#2315=VECTOR('',#8226,10.);
#2316=VECTOR('',#8227,10.);
#2317=VECTOR('',#8230,10.);
#2318=VECTOR('',#8233,10.);
#2319=VECTOR('',#8236,10.);
#2320=VECTOR('',#8241,10.);
#2321=VECTOR('',#8242,10.);
#2322=VECTOR('',#8249,10.);
#2323=VECTOR('',#8252,10.);
#2324=VECTOR('',#8257,10.);
#2325=VECTOR('',#8262,10.);
#2326=VECTOR('',#8265,10.);
#2327=VECTOR('',#8276,10.);
#2328=VECTOR('',#8279,10.);
#2329=VECTOR('',#8282,10.);
#2330=VECTOR('',#8285,10.);
#2331=VECTOR('',#8286,10.);
#2332=VECTOR('',#8297,56.0178542966437);
#2333=VECTOR('',#8298,62.1269720491833);
#2334=VECTOR('',#8301,10.);
#2335=VECTOR('',#8302,10.);
#2336=VECTOR('',#8303,62.1274687155368);
#2337=VECTOR('',#8306,10.);
#2338=VECTOR('',#8307,10.);
#2339=VECTOR('',#8308,57.1143271780383);
#2340=VECTOR('',#8311,10.);
#2341=VECTOR('',#8312,61.354239103749);
#2342=VECTOR('',#8315,10.);
#2343=VECTOR('',#8320,10.);
#2344=VECTOR('',#8323,10.);
#2345=VECTOR('',#8324,10.);
#2346=VECTOR('',#8327,10.);
#2347=VECTOR('',#8328,10.);
#2348=VECTOR('',#8329,10.);
#2349=VECTOR('',#8332,10.);
#2350=VECTOR('',#8337,10.);
#2351=VECTOR('',#8340,10.);
#2352=VECTOR('',#8343,10.);
#2353=VECTOR('',#8344,10.);
#2354=VECTOR('',#8345,10.);
#2355=VECTOR('',#8350,10.);
#2356=VECTOR('',#8353,10.);
#2357=VECTOR('',#8356,10.);
#2358=VECTOR('',#8357,10.);
#2359=VECTOR('',#8358,10.);
#2360=VECTOR('',#8363,10.);
#2361=VECTOR('',#8366,10.);
#2362=VECTOR('',#8369,10.);
#2363=VECTOR('',#8370,10.);
#2364=VECTOR('',#8371,10.);
#2365=VECTOR('',#8376,10.);
#2366=VECTOR('',#8377,10.);
#2367=VECTOR('',#8380,10.);
#2368=VECTOR('',#8381,10.);
#2369=VECTOR('',#8386,10.);
#2370=VECTOR('',#8387,10.);
#2371=VECTOR('',#8390,10.);
#2372=VECTOR('',#8391,10.);
#2373=VECTOR('',#8392,10.);
#2374=VECTOR('',#8393,10.);
#2375=VECTOR('',#8398,10.);
#2376=VECTOR('',#8403,10.);
#2377=VECTOR('',#8404,10.);
#2378=VECTOR('',#8405,10.);
#2379=VECTOR('',#8406,10.);
#2380=VECTOR('',#8411,10.);
#2381=VECTOR('',#8416,10.);
#2382=VECTOR('',#8417,10.);
#2383=VECTOR('',#8418,10.);
#2384=VECTOR('',#8419,10.);
#2385=VECTOR('',#8424,10.);
#2386=VECTOR('',#8429,10.);
#2387=VECTOR('',#8430,10.);
#2388=VECTOR('',#8433,10.);
#2389=VECTOR('',#8434,10.);
#2390=VECTOR('',#8435,10.);
#2391=VECTOR('',#8440,10.);
#2392=VECTOR('',#8441,10.);
#2393=VECTOR('',#8442,10.);
#2394=VECTOR('',#8445,10.);
#2395=VECTOR('',#8446,10.);
#2396=VECTOR('',#8447,10.);
#2397=VECTOR('',#8448,10.);
#2398=VECTOR('',#8451,10.);
#2399=VECTOR('',#8452,10.);
#2400=VECTOR('',#8453,10.);
#2401=VECTOR('',#8454,10.);
#2402=VECTOR('',#8457,10.);
#2403=VECTOR('',#8458,10.);
#2404=VECTOR('',#8463,10.);
#2405=VECTOR('',#8466,10.);
#2406=VECTOR('',#8469,10.);
#2407=VECTOR('',#8472,10.);
#2408=VECTOR('',#8475,10.);
#2409=VECTOR('',#8476,10.);
#2410=VECTOR('',#8477,10.);
#2411=VECTOR('',#8478,10.);
#2412=VECTOR('',#8479,10.);
#2413=VECTOR('',#8480,10.);
#2414=VECTOR('',#8481,10.);
#2415=VECTOR('',#8482,10.);
#2416=VECTOR('',#8483,10.);
#2417=VECTOR('',#8484,10.);
#2418=VECTOR('',#8485,10.);
#2419=VECTOR('',#8486,10.);
#2420=VECTOR('',#8487,10.);
#2421=VECTOR('',#8488,10.);
#2422=VECTOR('',#8491,10.);
#2423=VECTOR('',#8496,10.);
#2424=VECTOR('',#8501,10.);
#2425=VECTOR('',#8506,10.);
#2426=VECTOR('',#8511,10.);
#2427=VECTOR('',#8516,10.);
#2428=VECTOR('',#8537,10.);
#2429=VECTOR('',#8540,10.);
#2430=VECTOR('',#8543,10.);
#2431=VECTOR('',#8544,10.);
#2432=VECTOR('',#8549,10.);
#2433=VECTOR('',#8552,10.);
#2434=VECTOR('',#8553,10.);
#2435=VECTOR('',#8558,10.);
#2436=VECTOR('',#8561,10.);
#2437=VECTOR('',#8562,10.);
#2438=VECTOR('',#8567,10.);
#2439=VECTOR('',#8570,10.);
#2440=VECTOR('',#8573,10.);
#2441=VECTOR('',#8574,10.);
#2442=VECTOR('',#8575,10.);
#2443=VECTOR('',#8576,10.);
#2444=VECTOR('',#8577,10.);
#2445=VECTOR('',#8578,10.);
#2446=VECTOR('',#8581,10.);
#2447=VECTOR('',#8582,10.);
#2448=VECTOR('',#8583,10.);
#2449=VECTOR('',#8584,10.);
#2450=VECTOR('',#8585,10.);
#2451=VECTOR('',#8586,10.);
#2452=VECTOR('',#8589,10.);
#2453=VECTOR('',#8590,10.);
#2454=VECTOR('',#8591,10.);
#2455=VECTOR('',#8596,10.);
#2456=VECTOR('',#8599,10.);
#2457=VECTOR('',#8600,10.);
#2458=VECTOR('',#8605,10.);
#2459=VECTOR('',#8608,10.);
#2460=VECTOR('',#8609,10.);
#2461=VECTOR('',#8614,10.);
#2462=VECTOR('',#8617,10.);
#2463=VECTOR('',#8618,10.);
#2464=VECTOR('',#8623,62.3485577700078);
#2465=VECTOR('',#8626,56.789491712816);
#2466=VECTOR('',#8629,10.);
#2467=VECTOR('',#8630,62.3484030990369);
#2468=VECTOR('',#8633,10.);
#2469=VECTOR('',#8634,10.);
#2470=VECTOR('',#8637,55.6866231693034);
#2471=VECTOR('',#8640,10.);
#2472=VECTOR('',#8643,63.1091170592649);
#2473=VECTOR('',#8646,10.);
#2474=VECTOR('',#8649,10.);
#2475=VECTOR('',#8650,10.);
#2476=VECTOR('',#8651,10.);
#2477=VECTOR('',#8652,10.);
#2478=VECTOR('',#8653,10.);
#2479=VECTOR('',#8654,10.);
#2480=VECTOR('',#8663,10.);
#2481=VECTOR('',#8666,55.6871611893587);
#2482=VECTOR('',#8667,63.1091170592649);
#2483=VECTOR('',#8670,10.);
#2484=VECTOR('',#8671,63.1072779415399);
#2485=VECTOR('',#8674,10.);
#2486=VECTOR('',#8675,10.);
#2487=VECTOR('',#8676,56.789491712816);
#2488=VECTOR('',#8679,10.);
#2489=VECTOR('',#8680,62.3485577700078);
#2490=VECTOR('',#8683,10.);
#2491=VECTOR('',#8686,10.);
#2492=VECTOR('',#8687,10.);
#2493=VECTOR('',#8692,10.);
#2494=VECTOR('',#8693,10.);
#2495=VECTOR('',#8696,10.);
#2496=VECTOR('',#8699,1.05);
#2497=VECTOR('',#8702,1.05);
#2498=VECTOR('',#8705,1.05);
#2499=VECTOR('',#8708,1.05);
#2500=VECTOR('',#8711,1.05);
#2501=VECTOR('',#8714,1.05);
#2502=VECTOR('',#8717,1.05);
#2503=VECTOR('',#8720,1.05);
#2504=VECTOR('',#8729,10.);
#2505=VECTOR('',#8732,10.);
#2506=VECTOR('',#8735,10.);
#2507=VECTOR('',#8736,10.);
#2508=VECTOR('',#8737,10.);
#2509=VECTOR('',#8740,10.);
#2510=VECTOR('',#8741,10.);
#2511=VECTOR('',#8746,10.);
#2512=VECTOR('',#8749,10.);
#2513=VECTOR('',#8754,10.);
#2514=VECTOR('',#8755,10.);
#2515=VECTOR('',#8758,10.);
#2516=VECTOR('',#8761,10.);
#2517=VECTOR('',#8764,10.);
#2518=VECTOR('',#8765,10.);
#2519=VECTOR('',#8766,10.);
#2520=VECTOR('',#8769,10.);
#2521=VECTOR('',#8770,10.);
#2522=VECTOR('',#8771,10.);
#2523=VECTOR('',#8774,10.);
#2524=VECTOR('',#8777,10.);
#2525=VECTOR('',#8784,10.);
#2526=VECTOR('',#8791,10.);
#2527=VECTOR('',#8792,10.);
#2528=VECTOR('',#8799,10.);
#2529=VECTOR('',#8802,10.);
#2530=VECTOR('',#8805,10.);
#2531=VECTOR('',#8806,10.);
#2532=VECTOR('',#8807,10.);
#2533=VECTOR('',#8810,10.);
#2534=VECTOR('',#8811,10.);
#2535=VECTOR('',#8812,10.);
#2536=VECTOR('',#8815,10.);
#2537=VECTOR('',#8816,10.);
#2538=VECTOR('',#8819,10.);
#2539=VECTOR('',#8822,10.);
#2540=VECTOR('',#8823,10.);
#2541=VECTOR('',#8824,10.);
#2542=VECTOR('',#8825,10.);
#2543=VECTOR('',#8828,10.);
#2544=VECTOR('',#8831,10.);
#2545=VECTOR('',#8842,10.);
#2546=VECTOR('',#8847,10.);
#2547=VECTOR('',#8854,10.);
#2548=VECTOR('',#8855,10.);
#2549=VECTOR('',#8858,10.);
#2550=VECTOR('',#8861,10.);
#2551=VECTOR('',#8864,10.);
#2552=VECTOR('',#8865,10.);
#2553=VECTOR('',#8872,10.);
#2554=VECTOR('',#8873,10.);
#2555=VECTOR('',#8876,10.);
#2556=VECTOR('',#8877,10.);
#2557=VECTOR('',#8880,10.);
#2558=VECTOR('',#8881,10.);
#2559=VECTOR('',#8884,10.);
#2560=VECTOR('',#8887,10.);
#2561=VECTOR('',#8888,10.);
#2562=VECTOR('',#8891,10.);
#2563=VECTOR('',#8906,10.);
#2564=VECTOR('',#8909,10.);
#2565=VECTOR('',#8912,10.);
#2566=VECTOR('',#8913,10.);
#2567=VECTOR('',#8914,10.);
#2568=VECTOR('',#8915,10.);
#2569=VECTOR('',#8916,10.);
#2570=VECTOR('',#8919,10.);
#2571=VECTOR('',#8920,10.);
#2572=VECTOR('',#8921,10.);
#2573=VECTOR('',#8928,10.);
#2574=VECTOR('',#8933,10.);
#2575=VECTOR('',#8934,10.);
#2576=VECTOR('',#8935,10.);
#2577=VECTOR('',#8938,10.);
#2578=VECTOR('',#8939,10.);
#2579=VECTOR('',#8940,10.);
#2580=VECTOR('',#8943,10.);
#2581=VECTOR('',#8944,10.);
#2582=VECTOR('',#8947,10.);
#2583=VECTOR('',#8950,10.);
#2584=VECTOR('',#8951,10.);
#2585=VECTOR('',#8956,10.);
#2586=VECTOR('',#8957,10.);
#2587=VECTOR('',#8960,10.);
#2588=VECTOR('',#8961,10.);
#2589=VECTOR('',#8962,10.);
#2590=VECTOR('',#8969,10.);
#2591=VECTOR('',#8970,10.);
#2592=VECTOR('',#8971,10.);
#2593=VECTOR('',#8974,10.);
#2594=VECTOR('',#8977,10.);
#2595=VECTOR('',#8978,10.);
#2596=VECTOR('',#8981,10.);
#2597=VECTOR('',#8984,10.);
#2598=VECTOR('',#8985,10.);
#2599=VECTOR('',#8986,10.);
#2600=VECTOR('',#8989,10.);
#2601=VECTOR('',#8994,10.);
#2602=VECTOR('',#8997,10.);
#2603=VECTOR('',#8998,10.);
#2604=VECTOR('',#8999,10.);
#2605=VECTOR('',#9002,10.);
#2606=VECTOR('',#9009,10.);
#2607=VECTOR('',#9014,10.);
#2608=VECTOR('',#9015,10.);
#2609=VECTOR('',#9016,10.);
#2610=VECTOR('',#9019,10.);
#2611=VECTOR('',#9020,10.);
#2612=VECTOR('',#9021,10.);
#2613=VECTOR('',#9024,10.);
#2614=VECTOR('',#9025,10.);
#2615=VECTOR('',#9032,10.);
#2616=VECTOR('',#9035,10.);
#2617=VECTOR('',#9036,10.);
#2618=VECTOR('',#9037,10.);
#2619=VECTOR('',#9042,10.);
#2620=VECTOR('',#9047,10.);
#2621=VECTOR('',#9048,10.);
#2622=VECTOR('',#9049,10.);
#2623=VECTOR('',#9050,10.);
#2624=VECTOR('',#9053,10.);
#2625=VECTOR('',#9054,10.);
#2626=VECTOR('',#9057,10.);
#2627=VECTOR('',#9062,10.);
#2628=VECTOR('',#9065,10.);
#2629=VECTOR('',#9066,10.);
#2630=VECTOR('',#9067,10.);
#2631=VECTOR('',#9068,10.);
#2632=VECTOR('',#9069,10.);
#2633=VECTOR('',#9070,10.);
#2634=VECTOR('',#9073,10.);
#2635=VECTOR('',#9074,10.);
#2636=VECTOR('',#9077,10.);
#2637=VECTOR('',#9078,10.);
#2638=VECTOR('',#9081,10.);
#2639=VECTOR('',#9082,10.);
#2640=VECTOR('',#9083,10.);
#2641=VECTOR('',#9084,10.);
#2642=VECTOR('',#9085,10.);
#2643=VECTOR('',#9086,10.);
#2644=VECTOR('',#9091,10.);
#2645=VECTOR('',#9100,10.);
#2646=VECTOR('',#9103,10.);
#2647=VECTOR('',#9108,10.);
#2648=VECTOR('',#9109,10.);
#2649=VECTOR('',#9112,10.);
#2650=VECTOR('',#9113,10.);
#2651=VECTOR('',#9116,10.);
#2652=VECTOR('',#9123,10.);
#2653=VECTOR('',#9130,10.);
#2654=VECTOR('',#9131,10.);
#2655=VECTOR('',#9134,10.);
#2656=VECTOR('',#9135,10.);
#2657=VECTOR('',#9138,10.);
#2658=VECTOR('',#9143,10.);
#2659=VECTOR('',#9146,10.);
#2660=VECTOR('',#9149,10.);
#2661=VECTOR('',#9156,10.);
#2662=VECTOR('',#9159,10.);
#2663=VECTOR('',#9162,10.);
#2664=VECTOR('',#9163,10.);
#2665=VECTOR('',#9166,10.);
#2666=VECTOR('',#9167,10.);
#2667=VECTOR('',#9170,10.);
#2668=VECTOR('',#9177,10.);
#2669=VECTOR('',#9182,10.);
#2670=VECTOR('',#9183,10.);
#2671=VECTOR('',#9186,10.);
#2672=VECTOR('',#9187,10.);
#2673=VECTOR('',#9190,10.);
#2674=VECTOR('',#9195,10.);
#2675=VECTOR('',#9196,10.);
#2676=VECTOR('',#9199,10.);
#2677=VECTOR('',#9202,10.);
#2678=VECTOR('',#9207,10.);
#2679=VECTOR('',#9208,10.);
#2680=VECTOR('',#9209,10.);
#2681=VECTOR('',#9212,10.);
#2682=VECTOR('',#9213,10.);
#2683=VECTOR('',#9222,10.);
#2684=VECTOR('',#9227,10.);
#2685=VECTOR('',#9234,10.);
#2686=VECTOR('',#9243,10.);
#2687=VECTOR('',#9246,10.);
#2688=VECTOR('',#9257,2.5);
#2689=VECTOR('',#9260,2.49999999999999);
#2690=VECTOR('',#9263,10.);
#2691=VECTOR('',#9264,10.);
#2692=VECTOR('',#9267,10.);
#2693=VECTOR('',#9270,10.);
#2694=VECTOR('',#9275,10.);
#2695=VECTOR('',#9276,10.);
#2696=VECTOR('',#9277,10.);
#2697=VECTOR('',#9280,10.);
#2698=VECTOR('',#9281,10.);
#2699=VECTOR('',#9282,10.);
#2700=VECTOR('',#9285,10.);
#2701=VECTOR('',#9286,10.);
#2702=VECTOR('',#9287,10.);
#2703=VECTOR('',#9290,10.);
#2704=VECTOR('',#9291,10.);
#2705=VECTOR('',#9292,10.);
#2706=VECTOR('',#9295,10.);
#2707=VECTOR('',#9296,10.);
#2708=VECTOR('',#9299,10.);
#2709=VECTOR('',#9300,10.);
#2710=VECTOR('',#9303,10.);
#2711=VECTOR('',#9306,10.);
#2712=VECTOR('',#9311,10.);
#2713=VECTOR('',#9312,10.);
#2714=VECTOR('',#9313,10.);
#2715=VECTOR('',#9314,10.);
#2716=VECTOR('',#9315,10.);
#2717=VECTOR('',#9318,10.);
#2718=VECTOR('',#9319,10.);
#2719=VECTOR('',#9320,10.);
#2720=VECTOR('',#9321,10.);
#2721=VECTOR('',#9322,10.);
#2722=VECTOR('',#9323,10.);
#2723=VECTOR('',#9324,10.);
#2724=VECTOR('',#9325,10.);
#2725=VECTOR('',#9328,10.);
#2726=VECTOR('',#9329,10.);
#2727=VECTOR('',#9332,10.);
#2728=VECTOR('',#9335,10.);
#2729=VECTOR('',#9340,10.);
#2730=VECTOR('',#9341,10.);
#2731=VECTOR('',#9344,10.);
#2732=VECTOR('',#9347,10.);
#2733=VECTOR('',#9352,10.);
#2734=VECTOR('',#9353,10.);
#2735=VECTOR('',#9356,10.);
#2736=VECTOR('',#9357,10.);
#2737=VECTOR('',#9362,4.00000000000001);
#2738=VECTOR('',#9365,4.00000000000001);
#2739=VECTOR('',#9368,10.);
#2740=VECTOR('',#9369,4.00000000000001);
#2741=VECTOR('',#9372,10.);
#2742=VECTOR('',#9385,10.);
#2743=VECTOR('',#9386,10.);
#2744=VECTOR('',#9397,10.);
#2745=VECTOR('',#9400,10.);
#2746=VECTOR('',#9403,5.);
#2747=VECTOR('',#9408,5.);
#2748=VECTOR('',#9411,4.5);
#2749=VECTOR('',#9414,4.5);
#2750=VECTOR('',#9417,5.);
#2751=VECTOR('',#9420,10.);
#2752=VECTOR('',#9421,10.);
#2753=VECTOR('',#9424,10.);
#2754=VECTOR('',#9425,10.);
#2755=VECTOR('',#9428,10.);
#2756=VECTOR('',#9429,10.);
#2757=VECTOR('',#9434,10.);
#2758=VECTOR('',#9435,4.);
#2759=VECTOR('',#9440,10.);
#2760=VECTOR('',#9445,4.);
#2761=VECTOR('',#9448,4.);
#2762=VECTOR('',#9453,10.);
#2763=VECTOR('',#9466,10.);
#2764=VECTOR('',#9471,10.);
#2765=VECTOR('',#9476,5.);
#2766=VECTOR('',#9479,5.);
#2767=VECTOR('',#9482,4.5);
#2768=VECTOR('',#9485,4.5);
#2769=VECTOR('',#9488,5.);
#2770=VECTOR('',#9491,4.);
#2771=VECTOR('',#9496,4.5);
#2772=VECTOR('',#9503,4.);
#2773=B_SPLINE_CURVE_WITH_KNOTS('',3,(#9540,#9541,#9542,#9543,#9544,#9545,
#9546),.UNSPECIFIED.,.F.,.F.,(4,1,1,1,4),(0.209006621115287,0.285714285714286,
0.571428571428571,0.785714285714286,0.949127850696753),.UNSPECIFIED.);
#2774=B_SPLINE_CURVE_WITH_KNOTS('',3,(#9553,#9554,#9555,#9556),
 .UNSPECIFIED.,.F.,.F.,(4,4),(0.160440904394109,0.208995391070826),
 .UNSPECIFIED.);
#2775=B_SPLINE_CURVE_WITH_KNOTS('',3,(#9682,#9683,#9684,#9685,#9686,#9687,
#9688,#9689,#9690,#9691,#9692,#9693,#9694,#9695,#9696,#9697,#9698,#9699,
#9700,#9701,#9702,#9703,#9704,#9705,#9706,#9707,#9708,#9709,#9710,#9711,
#9712,#9713,#9714,#9715),.UNSPECIFIED.,.T.,.F.,(4,2,2,2,2,2,2,2,2,2,2,2,
2,2,2,2,4),(0.,0.150509698435661,0.301019396871322,0.453801675160961,0.6065839534506,
0.760996505249167,0.915409057047734,1.06609137205731,1.21677368706689,1.36745600207646,
1.51813831708604,1.67255086888461,1.82696342068317,1.97974569897281,2.13252797726245,
2.28303767569811,2.43354737413377),.UNSPECIFIED.);
#2776=B_SPLINE_CURVE_WITH_KNOTS('',3,(#9721,#9722,#9723,#9724,#9725,#9726,
#9727,#9728,#9729,#9730,#9731,#9732,#9733,#9734,#9735,#9736,#9737,#9738,
#9739,#9740,#9741,#9742,#9743,#9744,#9745,#9746,#9747,#9748,#9749,#9750,
#9751,#9752,#9753,#9754),.UNSPECIFIED.,.T.,.F.,(4,2,2,2,2,2,2,2,2,2,2,2,
2,2,2,2,4),(0.,0.150509698435661,0.301019396871321,0.453801675160961,0.606583953450601,
0.760996505249168,0.915409057047735,1.06609137205731,1.21677368706689,1.36745600207646,
1.51813831708604,1.67255086888461,1.82696342068318,1.97974569897281,2.13252797726245,
2.28303767569812,2.43354737413378),.UNSPECIFIED.);
#2777=B_SPLINE_CURVE_WITH_KNOTS('',3,(#9760,#9761,#9762,#9763,#9764,#9765,
#9766,#9767,#9768,#9769,#9770,#9771,#9772,#9773,#9774),.UNSPECIFIED.,.F.,
 .F.,(4,2,2,3,2,2,4),(-0.402687926526357,-0.30138531831659,-0.150692659158295,
0.,0.150752819566306,0.301505639132611,0.402692590906652),.UNSPECIFIED.);
#2778=B_SPLINE_CURVE_WITH_KNOTS('',3,(#9786,#9787,#9788,#9789,#9790,#9791,
#9792,#9793,#9794,#9795,#9796,#9797,#9798,#9799),.UNSPECIFIED.,.F.,.F.,
(4,2,2,2,2,2,4),(0.804946150148991,0.906133101923034,1.05688592148934,1.20763874105565,
1.35839156062195,1.50914438018826,1.6103313319623),.UNSPECIFIED.);
#2779=B_SPLINE_CURVE_WITH_KNOTS('',3,(#9837,#9838,#9839,#9840,#9841,#9842,
#9843,#9844,#9845,#9846,#9847,#9848,#9849,#9850,#9851),.UNSPECIFIED.,.F.,
 .F.,(4,2,2,3,2,2,4),(-0.556362731816503,-0.377077307395377,-0.188538653697689,
0.,0.188538653697689,0.377077307395377,0.55636273181616),.UNSPECIFIED.);
#2780=B_SPLINE_CURVE_WITH_KNOTS('',3,(#9856,#9857,#9858,#9859,#9860,#9861,
#9862,#9863,#9864,#9865,#9866,#9867,#9868,#9869,#9870,#9871,#9872,#9873),
 .UNSPECIFIED.,.F.,.F.,(4,2,2,2,2,2,2,2,4),(0.,0.18843957322484,0.376879146449681,
0.570200048698911,0.763520950948141,0.954215866034765,1.14491078112139,
1.33306810753405,1.52122543394671),.UNSPECIFIED.);
#2781=B_SPLINE_CURVE_WITH_KNOTS('',3,(#9874,#9875,#9876,#9877,#9878,#9879,
#9880,#9881,#9882,#9883,#9884,#9885,#9886,#9887,#9888,#9889,#9890,#9891),
 .UNSPECIFIED.,.F.,.F.,(4,2,2,2,2,2,2,2,4),(1.52122543394671,1.70982539905929,
1.89842536417187,2.08867764579761,2.27892992742334,2.47092455837144,2.66291918931953,
2.85268704236512,3.04245489541072),.UNSPECIFIED.);
#2782=B_SPLINE_CURVE_WITH_KNOTS('',3,(#9898,#9899,#9900,#9901,#9902,#9903,
#9904,#9905,#9906,#9907,#9908,#9909,#9910,#9911,#9912,#9913,#9914,#9915),
 .UNSPECIFIED.,.F.,.F.,(4,2,2,2,2,2,2,2,4),(0.,0.188599965112579,0.377199930225159,
0.567452211850897,0.757704493476635,0.949699124424729,1.14169375537282,
1.33146160841842,1.52122946146401),.UNSPECIFIED.);
#2783=B_SPLINE_CURVE_WITH_KNOTS('',3,(#9916,#9917,#9918,#9919,#9920,#9921,
#9922,#9923,#9924,#9925,#9926,#9927,#9928,#9929,#9930,#9931,#9932,#9933),
 .UNSPECIFIED.,.F.,.F.,(4,2,2,2,2,2,2,2,4),(1.52122946146401,1.70966903468885,
1.89810860791369,2.09142951016292,2.28475041241215,2.47544532749877,2.6661402425854,
2.85429756899806,3.04245489541072),.UNSPECIFIED.);
#2784=B_SPLINE_CURVE_WITH_KNOTS('',3,(#9941,#9942,#9943,#9944,#9945,#9946,
#9947,#9948),.UNSPECIFIED.,.F.,.F.,(4,2,2,4),(0.95456586259726,1.13385128701805,
1.32238994071573,1.51092859441342),.UNSPECIFIED.);
#2785=B_SPLINE_CURVE_WITH_KNOTS('',3,(#9951,#9952,#9953,#9954,#9955,#9956,
#9957,#9958),.UNSPECIFIED.,.F.,.F.,(4,2,2,4),(1.51092859441342,1.69946724811111,
1.8880059018088,2.06729132622959),.UNSPECIFIED.);
#2786=B_SPLINE_CURVE_WITH_KNOTS('',3,(#9960,#9961,#9962,#9963,#9964,#9965,
#9966,#9967,#9968,#9969,#9970,#9971,#9972,#9973),.UNSPECIFIED.,.F.,.F.,
(4,2,2,2,2,2,4),(0.804946150148988,0.906133101923033,1.05688592148934,1.20763874105564,
1.35839156062195,1.50914438018826,1.6103313319623),.UNSPECIFIED.);
#2787=B_SPLINE_CURVE_WITH_KNOTS('',3,(#9987,#9988,#9989,#9990,#9991,#9992,
#9993,#9994),.UNSPECIFIED.,.F.,.F.,(4,2,2,4),(0.804946150148985,0.90613310192303,
1.05688592148934,1.20763874105564),.UNSPECIFIED.);
#2788=B_SPLINE_CURVE_WITH_KNOTS('',3,(#9995,#9996,#9997,#9998,#9999,#10000,
#10001,#10002),.UNSPECIFIED.,.F.,.F.,(4,2,2,4),(1.20763874105564,1.35833140021394,
1.50902405937223,1.61032666757489),.UNSPECIFIED.);
#2789=B_SPLINE_CURVE_WITH_KNOTS('',3,(#10034,#10035,#10036,#10037,#10038,
#10039,#10040,#10041),.UNSPECIFIED.,.F.,.F.,(4,2,2,4),(0.954565862597257,
1.13385128701804,1.32238994071573,1.51092859441342),.UNSPECIFIED.);
#2790=B_SPLINE_CURVE_WITH_KNOTS('',3,(#10042,#10043,#10044,#10045,#10046,
#10047,#10048,#10049),.UNSPECIFIED.,.F.,.F.,(4,2,2,4),(1.51092859441342,
1.69946724811111,1.8880059018088,2.06729132622959),.UNSPECIFIED.);
#2791=B_SPLINE_CURVE_WITH_KNOTS('',3,(#10114,#10115,#10116,#10117,#10118,
#10119,#10120,#10121,#10122,#10123,#10124,#10125,#10126,#10127,#10128,#10129,
#10130,#10131),.UNSPECIFIED.,.F.,.F.,(4,2,2,2,2,2,2,2,4),(0.,0.18815732641266,
0.376314652825321,0.567009567911945,0.757704482998569,0.9510253852478,1.14434628749703,
1.33278586072187,1.52122543394671),.UNSPECIFIED.);
#2792=B_SPLINE_CURVE_WITH_KNOTS('',3,(#10132,#10133,#10134,#10135,#10136,
#10137,#10138,#10139,#10140,#10141,#10142,#10143,#10144,#10145,#10146,#10147,
#10148,#10149),.UNSPECIFIED.,.F.,.F.,(4,2,2,2,2,2,2,2,4),(1.52122543394671,
1.70966500717155,1.89810458039639,2.09142548264562,2.28474638489485,2.47544129998148,
2.6661362150681,2.85429354148076,3.04245086789342),.UNSPECIFIED.);
#2793=B_SPLINE_CURVE_WITH_KNOTS('',3,(#10381,#10382,#10383,#10384,#10385,
#10386,#10387,#10388,#10389,#10390,#10391,#10392,#10393,#10394,#10395,#10396,
#10397,#10398),.UNSPECIFIED.,.F.,.F.,(4,2,2,2,2,2,2,2,4),(0.,0.150509698435661,
0.301019396871321,0.453801675160961,0.606583953450601,0.760996505249167,
0.915409057047733,1.06609137205731,1.21677368706689),.UNSPECIFIED.);
#2794=B_SPLINE_CURVE_WITH_KNOTS('',3,(#10399,#10400,#10401,#10402,#10403,
#10404,#10405,#10406,#10407,#10408,#10409,#10410,#10411,#10412,#10413,#10414,
#10415,#10416),.UNSPECIFIED.,.F.,.F.,(4,2,2,2,2,2,2,2,4),(1.21677368706689,
1.36745600207647,1.51813831708605,1.67255086888461,1.82696342068318,1.97974569897282,
2.13252797726246,2.28303767569812,2.43354737413378),.UNSPECIFIED.);
#2795=B_SPLINE_CURVE_WITH_KNOTS('',3,(#10450,#10451,#10452,#10453,#10454,
#10455,#10456,#10457,#10458,#10459,#10460,#10461,#10462,#10463,#10464,#10465,
#10466,#10467,#10468,#10469,#10470,#10471,#10472,#10473,#10474,#10475,#10476,
#10477,#10478,#10479,#10480,#10481,#10482,#10483),.UNSPECIFIED.,.T.,.F.,
(4,2,2,2,2,2,2,2,2,2,2,2,2,2,2,2,4),(0.,0.16956020245389,0.33912040490778,
0.512966614663238,0.686812824418696,0.858533501220851,1.03025417802301,
1.19958757931627,1.36892098060954,1.5382543819028,1.70758778319607,1.87930845999822,
2.05102913680037,2.22487534655583,2.39872155631129,2.56828175876518,2.73784196121907),
 .UNSPECIFIED.);
#2796=B_SPLINE_CURVE_WITH_KNOTS('',3,(#10486,#10487,#10488,#10489,#10490,
#10491,#10492,#10493,#10494,#10495,#10496,#10497,#10498,#10499,#10500,#10501,
#10502,#10503),.UNSPECIFIED.,.F.,.F.,(4,2,2,2,2,2,2,2,4),(0.,0.150691047921897,
0.301382095843794,0.45578775141749,0.610193406991186,0.762920699445399,
0.915647991899611,1.06616111908913,1.21667424627864),.UNSPECIFIED.);
#2797=B_SPLINE_CURVE_WITH_KNOTS('',3,(#10504,#10505,#10506,#10507,#10508,
#10509,#10510,#10511,#10512,#10513,#10514,#10515,#10516,#10517,#10518,#10519,
#10520,#10521),.UNSPECIFIED.,.F.,.F.,(4,2,2,2,2,2,2,2,4),(1.21667424627864,
1.36718737346816,1.51770050065767,1.67042779311188,1.8231550855661,1.97756074113979,
2.13196639671349,2.28265744463539,2.43334849255728),.UNSPECIFIED.);
#2798=B_SPLINE_CURVE_WITH_KNOTS('',3,(#10530,#10531,#10532,#10533,#10534,
#10535,#10536,#10537,#10538,#10539,#10540,#10541,#10542,#10543,#10544,#10545,
#10546,#10547,#10548,#10549,#10550,#10551,#10552,#10553,#10554,#10555,#10556,
#10557,#10558,#10559,#10560,#10561,#10562,#10563),.UNSPECIFIED.,.T.,.F.,
(4,2,2,2,2,2,2,2,2,2,2,2,2,2,2,2,4),(0.,0.169333401293265,0.338666802586531,
0.510387479388685,0.682108156190839,0.855954365946298,1.02980057570176,
1.19936077815565,1.36892098060954,1.53848118306343,1.70804138551732,1.88188759527277,
2.05573380502823,2.22745448183039,2.39917515863254,2.5685085599258,2.73784196121907),
 .UNSPECIFIED.);
#2799=B_SPLINE_CURVE_WITH_KNOTS('',3,(#10566,#10567,#10568,#10569,#10570,
#10571,#10572,#10573,#10574,#10575,#10576,#10577,#10578,#10579,#10580,#10581,
#10582,#10583),.UNSPECIFIED.,.F.,.F.,(4,2,2,2,2,2,2,2,4),(0.,0.150513127189515,
0.301026254379031,0.453753546833245,0.606480839287459,0.760886494861157,
0.915292150434854,1.06598319835675,1.21667424627865),.UNSPECIFIED.);
#2800=B_SPLINE_CURVE_WITH_KNOTS('',3,(#10584,#10585,#10586,#10587,#10588,
#10589,#10590,#10591,#10592,#10593,#10594,#10595,#10596,#10597,#10598,#10599,
#10600,#10601),.UNSPECIFIED.,.F.,.F.,(4,2,2,2,2,2,2,2,4),(1.21667424627865,
1.36736529420055,1.51805634212244,1.67246199769614,1.82686765326984,1.97959494572405,
2.13232223817827,2.28283536536778,2.43334849255729),.UNSPECIFIED.);
#2801=B_SPLINE_CURVE_WITH_KNOTS('',3,(#11046,#11047,#11048,#11049,#11050,
#11051,#11052),.UNSPECIFIED.,.F.,.F.,(4,1,1,1,4),(0.0478287706687917,0.285714285714286,
0.571428571428571,0.857142857142857,1.),.UNSPECIFIED.);
#2802=B_SPLINE_CURVE_WITH_KNOTS('',3,(#11515,#11516,#11517,#11518,#11519,
#11520,#11521),.UNSPECIFIED.,.F.,.F.,(4,1,1,1,4),(0.,0.285714285714286,
0.571428571428571,0.857142857142857,1.),.UNSPECIFIED.);
#2803=B_SPLINE_CURVE_WITH_KNOTS('',3,(#11524,#11525,#11526,#11527),
 .UNSPECIFIED.,.F.,.F.,(4,4),(0.,0.160449315735944),.UNSPECIFIED.);
#2804=B_SPLINE_CURVE_WITH_KNOTS('',3,(#11532,#11533,#11534,#11535),
 .UNSPECIFIED.,.F.,.F.,(4,4),(0.839550684264056,1.),.UNSPECIFIED.);
#2805=B_SPLINE_CURVE_WITH_KNOTS('',3,(#11631,#11632,#11633,#11634),
 .UNSPECIFIED.,.F.,.F.,(4,4),(0.949127850696753,1.),.UNSPECIFIED.);
#2806=B_SPLINE_CURVE_WITH_KNOTS('',3,(#11667,#11668,#11669,#11670),
 .UNSPECIFIED.,.F.,.F.,(4,4),(0.,0.0508721493118116),.UNSPECIFIED.);
#2807=B_SPLINE_CURVE_WITH_KNOTS('',3,(#11673,#11674,#11675,#11676),
 .UNSPECIFIED.,.F.,.F.,(4,4),(0.790993378884713,0.839550684264056),
 .UNSPECIFIED.);
#2808=B_SPLINE_CURVE_WITH_KNOTS('',3,(#11677,#11678,#11679,#11680,#11681,
#11682,#11683),.UNSPECIFIED.,.F.,.F.,(4,1,1,1,4),(0.0508718843550584,0.285714285714286,
0.571428571428571,0.785714285714286,0.790988694612372),.UNSPECIFIED.);
#2809=B_SPLINE_CURVE_WITH_KNOTS('',3,(#12263,#12264,#12265,#12266,#12267,
#12268,#12269,#12270,#12271,#12272,#12273,#12274,#12275,#12276),
 .UNSPECIFIED.,.F.,.F.,(4,2,2,2,2,2,4),(0.87954958799378,1.02013738865333,
1.18977876086396,1.3594201330746,1.52906150528524,1.69870287749588,1.83929067815543),
 .UNSPECIFIED.);
#2810=B_SPLINE_CURVE_WITH_KNOTS('',3,(#12280,#12281,#12282,#12283,#12284,
#12285,#12286,#12287),.UNSPECIFIED.,.F.,.F.,(4,2,2,4),(0.805350830898805,
0.906527249518221,1.05728573693347,1.20804422434872),.UNSPECIFIED.);
#2811=B_SPLINE_CURVE_WITH_KNOTS('',3,(#12289,#12290,#12291,#12292,#12293,
#12294,#12295,#12296),.UNSPECIFIED.,.F.,.F.,(4,2,2,4),(1.20804422434872,
1.35880271176397,1.50956119917922,1.61073761779863),.UNSPECIFIED.);
#2812=B_SPLINE_CURVE_WITH_KNOTS('',3,(#12350,#12351,#12352,#12353,#12354,
#12355,#12356,#12357),.UNSPECIFIED.,.F.,.F.,(4,2,2,4),(-0.479863534573273,
-0.33908843850518,-0.16954421925259,0.),.UNSPECIFIED.);
#2813=B_SPLINE_CURVE_WITH_KNOTS('',3,(#12359,#12360,#12361,#12362,#12363,
#12364,#12365,#12366),.UNSPECIFIED.,.F.,.F.,(4,2,2,4),(0.,0.169641372210634,
0.339282744421268,0.479870545080821),.UNSPECIFIED.);
#2814=B_SPLINE_CURVE_WITH_KNOTS('',3,(#12370,#12371,#12372,#12373,#12374,
#12375,#12376,#12377,#12378,#12379,#12380,#12381,#12382,#12383,#12384),
 .UNSPECIFIED.,.F.,.F.,(4,2,2,3,2,2,4),(-0.402693393459128,-0.301516974830494,
-0.150758487415247,0.,0.150692032043673,0.301384064087346,0.402688241628346),
 .UNSPECIFIED.);
#2815=B_SPLINE_CURVE_WITH_KNOTS('',3,(#12411,#12412,#12413,#12414,#12415,
#12416,#12417,#12418,#12419,#12420,#12421,#12422,#12423,#12424,#12425,#12426,
#12427,#12428),.UNSPECIFIED.,.F.,.F.,(4,2,2,2,2,2,2,2,4),(0.,0.150682315009577,
0.301364630019154,0.45577718181772,0.610189733616285,0.762972011905924,
0.915754290195563,1.06626398863122,1.21677368706688),.UNSPECIFIED.);
#2816=B_SPLINE_CURVE_WITH_KNOTS('',3,(#12429,#12430,#12431,#12432,#12433,
#12434,#12435,#12436,#12437,#12438,#12439,#12440,#12441,#12442,#12443,#12444,
#12445,#12446),.UNSPECIFIED.,.F.,.F.,(4,2,2,2,2,2,2,2,4),(1.21677368706688,
1.36728338550254,1.51779308393821,1.67057536222784,1.82335764051748,1.97777019231605,
2.13218274411461,2.28286505912419,2.43354737413377),.UNSPECIFIED.);
#2817=B_SPLINE_CURVE_WITH_KNOTS('',3,(#12452,#12453,#12454,#12455,#12456,
#12457,#12458,#12459,#12460,#12461,#12462,#12463,#12464,#12465,#12466,#12467,
#12468,#12469),.UNSPECIFIED.,.F.,.F.,(4,2,2,2,2,2,2,2,4),(0.,0.18843957322484,
0.37687914644968,0.570200048698911,0.763520950948142,0.954215866034766,
1.14491078112139,1.33306810753405,1.52122543394671),.UNSPECIFIED.);
#2818=B_SPLINE_CURVE_WITH_KNOTS('',3,(#12470,#12471,#12472,#12473,#12474,
#12475,#12476,#12477,#12478,#12479,#12480,#12481,#12482,#12483,#12484,#12485,
#12486,#12487),.UNSPECIFIED.,.F.,.F.,(4,2,2,2,2,2,2,2,4),(1.52122543394671,
1.70938276035937,1.89754008677203,2.08823500185866,2.27892991694528,2.47225081919451,
2.66557172144374,2.85401129466858,3.04245086789342),.UNSPECIFIED.);
#2819=B_SPLINE_CURVE_WITH_KNOTS('',3,(#12492,#12493,#12494,#12495,#12496,
#12497,#12498,#12499,#12500,#12501,#12502,#12503,#12504,#12505,#12506),
 .UNSPECIFIED.,.F.,.F.,(4,2,2,3,2,2,4),(-0.556362731816502,-0.377077307395372,
-0.188538653697686,0.,0.188405791617631,0.376811583235262,0.556354073873402),
 .UNSPECIFIED.);
#2820=VERTEX_POINT('',#9538);
#2821=VERTEX_POINT('',#9539);
#2822=VERTEX_POINT('',#9547);
#2823=VERTEX_POINT('',#9549);
#2824=VERTEX_POINT('',#9551);
#2825=VERTEX_POINT('',#9558);
#2826=VERTEX_POINT('',#9559);
#2827=VERTEX_POINT('',#9561);
#2828=VERTEX_POINT('',#9563);
#2829=VERTEX_POINT('',#9565);
#2830=VERTEX_POINT('',#9569);
#2831=VERTEX_POINT('',#9570);
#2832=VERTEX_POINT('',#9572);
#2833=VERTEX_POINT('',#9575);
#2834=VERTEX_POINT('',#9577);
#2835=VERTEX_POINT('',#9579);
#2836=VERTEX_POINT('',#9582);
#2837=VERTEX_POINT('',#9584);
#2838=VERTEX_POINT('',#9586);
#2839=VERTEX_POINT('',#9588);
#2840=VERTEX_POINT('',#9591);
#2841=VERTEX_POINT('',#9592);
#2842=VERTEX_POINT('',#9594);
#2843=VERTEX_POINT('',#9596);
#2844=VERTEX_POINT('',#9600);
#2845=VERTEX_POINT('',#9602);
#2846=VERTEX_POINT('',#9604);
#2847=VERTEX_POINT('',#9606);
#2848=VERTEX_POINT('',#9608);
#2849=VERTEX_POINT('',#9610);
#2850=VERTEX_POINT('',#9612);
#2851=VERTEX_POINT('',#9614);
#2852=VERTEX_POINT('',#9617);
#2853=VERTEX_POINT('',#9619);
#2854=VERTEX_POINT('',#9622);
#2855=VERTEX_POINT('',#9624);
#2856=VERTEX_POINT('',#9627);
#2857=VERTEX_POINT('',#9629);
#2858=VERTEX_POINT('',#9632);
#2859=VERTEX_POINT('',#9636);
#2860=VERTEX_POINT('',#9640);
#2861=VERTEX_POINT('',#9641);
#2862=VERTEX_POINT('',#9643);
#2863=VERTEX_POINT('',#9645);
#2864=VERTEX_POINT('',#9647);
#2865=VERTEX_POINT('',#9649);
#2866=VERTEX_POINT('',#9651);
#2867=VERTEX_POINT('',#9653);
#2868=VERTEX_POINT('',#9655);
#2869=VERTEX_POINT('',#9657);
#2870=VERTEX_POINT('',#9659);
#2871=VERTEX_POINT('',#9661);
#2872=VERTEX_POINT('',#9663);
#2873=VERTEX_POINT('',#9665);
#2874=VERTEX_POINT('',#9669);
#2875=VERTEX_POINT('',#9671);
#2876=VERTEX_POINT('',#9675);
#2877=VERTEX_POINT('',#9677);
#2878=VERTEX_POINT('',#9681);
#2879=VERTEX_POINT('',#9716);
#2880=VERTEX_POINT('',#9720);
#2881=VERTEX_POINT('',#9755);
#2882=VERTEX_POINT('',#9759);
#2883=VERTEX_POINT('',#9775);
#2884=VERTEX_POINT('',#9777);
#2885=VERTEX_POINT('',#9779);
#2886=VERTEX_POINT('',#9781);
#2887=VERTEX_POINT('',#9783);
#2888=VERTEX_POINT('',#9801);
#2889=VERTEX_POINT('',#9802);
#2890=VERTEX_POINT('',#9804);
#2891=VERTEX_POINT('',#9806);
#2892=VERTEX_POINT('',#9808);
#2893=VERTEX_POINT('',#9810);
#2894=VERTEX_POINT('',#9812);
#2895=VERTEX_POINT('',#9814);
#2896=VERTEX_POINT('',#9816);
#2897=VERTEX_POINT('',#9819);
#2898=VERTEX_POINT('',#9820);
#2899=VERTEX_POINT('',#9822);
#2900=VERTEX_POINT('',#9824);
#2901=VERTEX_POINT('',#9828);
#2902=VERTEX_POINT('',#9832);
#2903=VERTEX_POINT('',#9834);
#2904=VERTEX_POINT('',#9836);
#2905=VERTEX_POINT('',#9854);
#2906=VERTEX_POINT('',#9855);
#2907=VERTEX_POINT('',#9892);
#2908=VERTEX_POINT('',#9896);
#2909=VERTEX_POINT('',#9897);
#2910=VERTEX_POINT('',#9934);
#2911=VERTEX_POINT('',#9938);
#2912=VERTEX_POINT('',#9940);
#2913=VERTEX_POINT('',#9949);
#2914=VERTEX_POINT('',#9974);
#2915=VERTEX_POINT('',#9976);
#2916=VERTEX_POINT('',#9978);
#2917=VERTEX_POINT('',#9980);
#2918=VERTEX_POINT('',#9982);
#2919=VERTEX_POINT('',#9984);
#2920=VERTEX_POINT('',#9986);
#2921=VERTEX_POINT('',#10004);
#2922=VERTEX_POINT('',#10006);
#2923=VERTEX_POINT('',#10008);
#2924=VERTEX_POINT('',#10010);
#2925=VERTEX_POINT('',#10012);
#2926=VERTEX_POINT('',#10014);
#2927=VERTEX_POINT('',#10016);
#2928=VERTEX_POINT('',#10019);
#2929=VERTEX_POINT('',#10021);
#2930=VERTEX_POINT('',#10024);
#2931=VERTEX_POINT('',#10025);
#2932=VERTEX_POINT('',#10027);
#2933=VERTEX_POINT('',#10029);
#2934=VERTEX_POINT('',#10033);
#2935=VERTEX_POINT('',#10050);
#2936=VERTEX_POINT('',#10055);
#2937=VERTEX_POINT('',#10056);
#2938=VERTEX_POINT('',#10058);
#2939=VERTEX_POINT('',#10061);
#2940=VERTEX_POINT('',#10063);
#2941=VERTEX_POINT('',#10065);
#2942=VERTEX_POINT('',#10067);
#2943=VERTEX_POINT('',#10069);
#2944=VERTEX_POINT('',#10071);
#2945=VERTEX_POINT('',#10073);
#2946=VERTEX_POINT('',#10075);
#2947=VERTEX_POINT('',#10077);
#2948=VERTEX_POINT('',#10079);
#2949=VERTEX_POINT('',#10081);
#2950=VERTEX_POINT('',#10084);
#2951=VERTEX_POINT('',#10086);
#2952=VERTEX_POINT('',#10088);
#2953=VERTEX_POINT('',#10090);
#2954=VERTEX_POINT('',#10093);
#2955=VERTEX_POINT('',#10096);
#2956=VERTEX_POINT('',#10097);
#2957=VERTEX_POINT('',#10099);
#2958=VERTEX_POINT('',#10101);
#2959=VERTEX_POINT('',#10103);
#2960=VERTEX_POINT('',#10105);
#2961=VERTEX_POINT('',#10107);
#2962=VERTEX_POINT('',#10109);
#2963=VERTEX_POINT('',#10112);
#2964=VERTEX_POINT('',#10113);
#2965=VERTEX_POINT('',#10151);
#2966=VERTEX_POINT('',#10152);
#2967=VERTEX_POINT('',#10154);
#2968=VERTEX_POINT('',#10156);
#2969=VERTEX_POINT('',#10158);
#2970=VERTEX_POINT('',#10160);
#2971=VERTEX_POINT('',#10162);
#2972=VERTEX_POINT('',#10164);
#2973=VERTEX_POINT('',#10166);
#2974=VERTEX_POINT('',#10168);
#2975=VERTEX_POINT('',#10170);
#2976=VERTEX_POINT('',#10172);
#2977=VERTEX_POINT('',#10174);
#2978=VERTEX_POINT('',#10176);
#2979=VERTEX_POINT('',#10178);
#2980=VERTEX_POINT('',#10180);
#2981=VERTEX_POINT('',#10182);
#2982=VERTEX_POINT('',#10184);
#2983=VERTEX_POINT('',#10186);
#2984=VERTEX_POINT('',#10188);
#2985=VERTEX_POINT('',#10190);
#2986=VERTEX_POINT('',#10192);
#2987=VERTEX_POINT('',#10194);
#2988=VERTEX_POINT('',#10197);
#2989=VERTEX_POINT('',#10199);
#2990=VERTEX_POINT('',#10200);
#2991=VERTEX_POINT('',#10202);
#2992=VERTEX_POINT('',#10205);
#2993=VERTEX_POINT('',#10208);
#2994=VERTEX_POINT('',#10209);
#2995=VERTEX_POINT('',#10211);
#2996=VERTEX_POINT('',#10213);
#2997=VERTEX_POINT('',#10215);
#2998=VERTEX_POINT('',#10217);
#2999=VERTEX_POINT('',#10219);
#3000=VERTEX_POINT('',#10221);
#3001=VERTEX_POINT('',#10223);
#3002=VERTEX_POINT('',#10225);
#3003=VERTEX_POINT('',#10227);
#3004=VERTEX_POINT('',#10229);
#3005=VERTEX_POINT('',#10231);
#3006=VERTEX_POINT('',#10233);
#3007=VERTEX_POINT('',#10235);
#3008=VERTEX_POINT('',#10237);
#3009=VERTEX_POINT('',#10239);
#3010=VERTEX_POINT('',#10241);
#3011=VERTEX_POINT('',#10243);
#3012=VERTEX_POINT('',#10245);
#3013=VERTEX_POINT('',#10247);
#3014=VERTEX_POINT('',#10249);
#3015=VERTEX_POINT('',#10252);
#3016=VERTEX_POINT('',#10254);
#3017=VERTEX_POINT('',#10259);
#3018=VERTEX_POINT('',#10260);
#3019=VERTEX_POINT('',#10262);
#3020=VERTEX_POINT('',#10264);
#3021=VERTEX_POINT('',#10270);
#3022=VERTEX_POINT('',#10271);
#3023=VERTEX_POINT('',#10273);
#3024=VERTEX_POINT('',#10275);
#3025=VERTEX_POINT('',#10277);
#3026=VERTEX_POINT('',#10279);
#3027=VERTEX_POINT('',#10281);
#3028=VERTEX_POINT('',#10283);
#3029=VERTEX_POINT('',#10286);
#3030=VERTEX_POINT('',#10287);
#3031=VERTEX_POINT('',#10289);
#3032=VERTEX_POINT('',#10291);
#3033=VERTEX_POINT('',#10293);
#3034=VERTEX_POINT('',#10295);
#3035=VERTEX_POINT('',#10297);
#3036=VERTEX_POINT('',#10299);
#3037=VERTEX_POINT('',#10302);
#3038=VERTEX_POINT('',#10303);
#3039=VERTEX_POINT('',#10305);
#3040=VERTEX_POINT('',#10307);
#3041=VERTEX_POINT('',#10309);
#3042=VERTEX_POINT('',#10311);
#3043=VERTEX_POINT('',#10313);
#3044=VERTEX_POINT('',#10315);
#3045=VERTEX_POINT('',#10318);
#3046=VERTEX_POINT('',#10319);
#3047=VERTEX_POINT('',#10321);
#3048=VERTEX_POINT('',#10323);
#3049=VERTEX_POINT('',#10325);
#3050=VERTEX_POINT('',#10327);
#3051=VERTEX_POINT('',#10329);
#3052=VERTEX_POINT('',#10331);
#3053=VERTEX_POINT('',#10334);
#3054=VERTEX_POINT('',#10335);
#3055=VERTEX_POINT('',#10337);
#3056=VERTEX_POINT('',#10339);
#3057=VERTEX_POINT('',#10341);
#3058=VERTEX_POINT('',#10343);
#3059=VERTEX_POINT('',#10345);
#3060=VERTEX_POINT('',#10347);
#3061=VERTEX_POINT('',#10350);
#3062=VERTEX_POINT('',#10351);
#3063=VERTEX_POINT('',#10353);
#3064=VERTEX_POINT('',#10355);
#3065=VERTEX_POINT('',#10357);
#3066=VERTEX_POINT('',#10359);
#3067=VERTEX_POINT('',#10361);
#3068=VERTEX_POINT('',#10363);
#3069=VERTEX_POINT('',#10367);
#3070=VERTEX_POINT('',#10368);
#3071=VERTEX_POINT('',#10370);
#3072=VERTEX_POINT('',#10372);
#3073=VERTEX_POINT('',#10374);
#3074=VERTEX_POINT('',#10376);
#3075=VERTEX_POINT('',#10379);
#3076=VERTEX_POINT('',#10380);
#3077=VERTEX_POINT('',#10418);
#3078=VERTEX_POINT('',#10419);
#3079=VERTEX_POINT('',#10421);
#3080=VERTEX_POINT('',#10423);
#3081=VERTEX_POINT('',#10426);
#3082=VERTEX_POINT('',#10427);
#3083=VERTEX_POINT('',#10429);
#3084=VERTEX_POINT('',#10431);
#3085=VERTEX_POINT('',#10435);
#3086=VERTEX_POINT('',#10437);
#3087=VERTEX_POINT('',#10440);
#3088=VERTEX_POINT('',#10441);
#3089=VERTEX_POINT('',#10443);
#3090=VERTEX_POINT('',#10445);
#3091=VERTEX_POINT('',#10449);
#3092=VERTEX_POINT('',#10484);
#3093=VERTEX_POINT('',#10485);
#3094=VERTEX_POINT('',#10523);
#3095=VERTEX_POINT('',#10524);
#3096=VERTEX_POINT('',#10529);
#3097=VERTEX_POINT('',#10564);
#3098=VERTEX_POINT('',#10565);
#3099=VERTEX_POINT('',#10603);
#3100=VERTEX_POINT('',#10604);
#3101=VERTEX_POINT('',#10607);
#3102=VERTEX_POINT('',#10609);
#3103=VERTEX_POINT('',#10613);
#3104=VERTEX_POINT('',#10615);
#3105=VERTEX_POINT('',#10648);
#3106=VERTEX_POINT('',#10649);
#3107=VERTEX_POINT('',#10651);
#3108=VERTEX_POINT('',#10653);
#3109=VERTEX_POINT('',#10658);
#3110=VERTEX_POINT('',#10689);
#3111=VERTEX_POINT('',#10694);
#3112=VERTEX_POINT('',#10725);
#3113=VERTEX_POINT('',#10729);
#3114=VERTEX_POINT('',#10760);
#3115=VERTEX_POINT('',#10767);
#3116=VERTEX_POINT('',#10769);
#3117=VERTEX_POINT('',#10773);
#3118=VERTEX_POINT('',#10775);
#3119=VERTEX_POINT('',#10779);
#3120=VERTEX_POINT('',#10782);
#3121=VERTEX_POINT('',#10785);
#3122=VERTEX_POINT('',#10787);
#3123=VERTEX_POINT('',#10791);
#3124=VERTEX_POINT('',#10794);
#3125=VERTEX_POINT('',#10797);
#3126=VERTEX_POINT('',#10799);
#3127=VERTEX_POINT('',#10803);
#3128=VERTEX_POINT('',#10805);
#3129=VERTEX_POINT('',#10807);
#3130=VERTEX_POINT('',#10809);
#3131=VERTEX_POINT('',#10811);
#3132=VERTEX_POINT('',#10815);
#3133=VERTEX_POINT('',#10816);
#3134=VERTEX_POINT('',#10818);
#3135=VERTEX_POINT('',#10820);
#3136=VERTEX_POINT('',#10822);
#3137=VERTEX_POINT('',#10827);
#3138=VERTEX_POINT('',#10828);
#3139=VERTEX_POINT('',#10831);
#3140=VERTEX_POINT('',#10833);
#3141=VERTEX_POINT('',#10835);
#3142=VERTEX_POINT('',#10837);
#3143=VERTEX_POINT('',#10841);
#3144=VERTEX_POINT('',#10842);
#3145=VERTEX_POINT('',#10844);
#3146=VERTEX_POINT('',#10846);
#3147=VERTEX_POINT('',#10848);
#3148=VERTEX_POINT('',#10850);
#3149=VERTEX_POINT('',#10856);
#3150=VERTEX_POINT('',#10874);
#3151=VERTEX_POINT('',#10879);
#3152=VERTEX_POINT('',#10886);
#3153=VERTEX_POINT('',#10895);
#3154=VERTEX_POINT('',#10909);
#3155=VERTEX_POINT('',#10942);
#3156=VERTEX_POINT('',#10943);
#3157=VERTEX_POINT('',#11045);
#3158=VERTEX_POINT('',#11053);
#3159=VERTEX_POINT('',#11057);
#3160=VERTEX_POINT('',#11058);
#3161=VERTEX_POINT('',#11060);
#3162=VERTEX_POINT('',#11062);
#3163=VERTEX_POINT('',#11064);
#3164=VERTEX_POINT('',#11066);
#3165=VERTEX_POINT('',#11068);
#3166=VERTEX_POINT('',#11070);
#3167=VERTEX_POINT('',#11074);
#3168=VERTEX_POINT('',#11075);
#3169=VERTEX_POINT('',#11077);
#3170=VERTEX_POINT('',#11079);
#3171=VERTEX_POINT('',#11083);
#3172=VERTEX_POINT('',#11084);
#3173=VERTEX_POINT('',#11089);
#3174=VERTEX_POINT('',#11090);
#3175=VERTEX_POINT('',#11092);
#3176=VERTEX_POINT('',#11094);
#3177=VERTEX_POINT('',#11098);
#3178=VERTEX_POINT('',#11099);
#3179=VERTEX_POINT('',#11104);
#3180=VERTEX_POINT('',#11105);
#3181=VERTEX_POINT('',#11107);
#3182=VERTEX_POINT('',#11109);
#3183=VERTEX_POINT('',#11113);
#3184=VERTEX_POINT('',#11114);
#3185=VERTEX_POINT('',#11119);
#3186=VERTEX_POINT('',#11120);
#3187=VERTEX_POINT('',#11125);
#3188=VERTEX_POINT('',#11129);
#3189=VERTEX_POINT('',#11130);
#3190=VERTEX_POINT('',#11135);
#3191=VERTEX_POINT('',#11136);
#3192=VERTEX_POINT('',#11138);
#3193=VERTEX_POINT('',#11140);
#3194=VERTEX_POINT('',#11144);
#3195=VERTEX_POINT('',#11146);
#3196=VERTEX_POINT('',#11150);
#3197=VERTEX_POINT('',#11151);
#3198=VERTEX_POINT('',#11153);
#3199=VERTEX_POINT('',#11155);
#3200=VERTEX_POINT('',#11159);
#3201=VERTEX_POINT('',#11161);
#3202=VERTEX_POINT('',#11165);
#3203=VERTEX_POINT('',#11166);
#3204=VERTEX_POINT('',#11168);
#3205=VERTEX_POINT('',#11170);
#3206=VERTEX_POINT('',#11174);
#3207=VERTEX_POINT('',#11176);
#3208=VERTEX_POINT('',#11180);
#3209=VERTEX_POINT('',#11184);
#3210=VERTEX_POINT('',#11185);
#3211=VERTEX_POINT('',#11189);
#3212=VERTEX_POINT('',#11193);
#3213=VERTEX_POINT('',#11197);
#3214=VERTEX_POINT('',#11198);
#3215=VERTEX_POINT('',#11204);
#3216=VERTEX_POINT('',#11205);
#3217=VERTEX_POINT('',#11211);
#3218=VERTEX_POINT('',#11214);
#3219=VERTEX_POINT('',#11217);
#3220=VERTEX_POINT('',#11218);
#3221=VERTEX_POINT('',#11220);
#3222=VERTEX_POINT('',#11222);
#3223=VERTEX_POINT('',#11224);
#3224=VERTEX_POINT('',#11226);
#3225=VERTEX_POINT('',#11228);
#3226=VERTEX_POINT('',#11230);
#3227=VERTEX_POINT('',#11233);
#3228=VERTEX_POINT('',#11236);
#3229=VERTEX_POINT('',#11240);
#3230=VERTEX_POINT('',#11242);
#3231=VERTEX_POINT('',#11245);
#3232=VERTEX_POINT('',#11248);
#3233=VERTEX_POINT('',#11255);
#3234=VERTEX_POINT('',#11259);
#3235=VERTEX_POINT('',#11263);
#3236=VERTEX_POINT('',#11267);
#3237=VERTEX_POINT('',#11271);
#3238=VERTEX_POINT('',#11275);
#3239=VERTEX_POINT('',#11286);
#3240=VERTEX_POINT('',#11288);
#3241=VERTEX_POINT('',#11292);
#3242=VERTEX_POINT('',#11296);
#3243=VERTEX_POINT('',#11300);
#3244=VERTEX_POINT('',#11304);
#3245=VERTEX_POINT('',#11308);
#3246=VERTEX_POINT('',#11312);
#3247=VERTEX_POINT('',#11318);
#3248=VERTEX_POINT('',#11319);
#3249=VERTEX_POINT('',#11323);
#3250=VERTEX_POINT('',#11325);
#3251=VERTEX_POINT('',#11329);
#3252=VERTEX_POINT('',#11330);
#3253=VERTEX_POINT('',#11334);
#3254=VERTEX_POINT('',#11336);
#3255=VERTEX_POINT('',#11340);
#3256=VERTEX_POINT('',#11342);
#3257=VERTEX_POINT('',#11346);
#3258=VERTEX_POINT('',#11350);
#3259=VERTEX_POINT('',#11354);
#3260=VERTEX_POINT('',#11358);
#3261=VERTEX_POINT('',#11362);
#3262=VERTEX_POINT('',#11366);
#3263=VERTEX_POINT('',#11434);
#3264=VERTEX_POINT('',#11497);
#3265=VERTEX_POINT('',#11503);
#3266=VERTEX_POINT('',#11506);
#3267=VERTEX_POINT('',#11508);
#3268=VERTEX_POINT('',#11510);
#3269=VERTEX_POINT('',#11514);
#3270=VERTEX_POINT('',#11529);
#3271=VERTEX_POINT('',#11530);
#3272=VERTEX_POINT('',#11599);
#3273=VERTEX_POINT('',#11665);
#3274=VERTEX_POINT('',#11666);
#3275=VERTEX_POINT('',#11672);
#3276=VERTEX_POINT('',#11687);
#3277=VERTEX_POINT('',#11689);
#3278=VERTEX_POINT('',#11693);
#3279=VERTEX_POINT('',#11718);
#3280=VERTEX_POINT('',#11720);
#3281=VERTEX_POINT('',#11725);
#3282=VERTEX_POINT('',#11729);
#3283=VERTEX_POINT('',#11730);
#3284=VERTEX_POINT('',#11735);
#3285=VERTEX_POINT('',#11737);
#3286=VERTEX_POINT('',#11739);
#3287=VERTEX_POINT('',#11743);
#3288=VERTEX_POINT('',#11747);
#3289=VERTEX_POINT('',#11749);
#3290=VERTEX_POINT('',#11754);
#3291=VERTEX_POINT('',#11758);
#3292=VERTEX_POINT('',#11759);
#3293=VERTEX_POINT('',#11764);
#3294=VERTEX_POINT('',#11765);
#3295=VERTEX_POINT('',#11772);
#3296=VERTEX_POINT('',#11777);
#3297=VERTEX_POINT('',#11783);
#3298=VERTEX_POINT('',#11785);
#3299=VERTEX_POINT('',#11802);
#3300=VERTEX_POINT('',#11803);
#3301=VERTEX_POINT('',#11805);
#3302=VERTEX_POINT('',#11807);
#3303=VERTEX_POINT('',#11811);
#3304=VERTEX_POINT('',#11812);
#3305=VERTEX_POINT('',#11820);
#3306=VERTEX_POINT('',#11825);
#3307=VERTEX_POINT('',#11830);
#3308=VERTEX_POINT('',#11849);
#3309=VERTEX_POINT('',#11865);
#3310=VERTEX_POINT('',#11866);
#3311=VERTEX_POINT('',#11868);
#3312=VERTEX_POINT('',#11870);
#3313=VERTEX_POINT('',#11874);
#3314=VERTEX_POINT('',#11875);
#3315=VERTEX_POINT('',#11879);
#3316=VERTEX_POINT('',#11883);
#3317=VERTEX_POINT('',#11884);
#3318=VERTEX_POINT('',#11895);
#3319=VERTEX_POINT('',#11897);
#3320=VERTEX_POINT('',#11899);
#3321=VERTEX_POINT('',#11910);
#3322=VERTEX_POINT('',#11914);
#3323=VERTEX_POINT('',#11920);
#3324=VERTEX_POINT('',#11944);
#3325=VERTEX_POINT('',#11945);
#3326=VERTEX_POINT('',#11947);
#3327=VERTEX_POINT('',#11949);
#3328=VERTEX_POINT('',#11951);
#3329=VERTEX_POINT('',#11955);
#3330=VERTEX_POINT('',#11965);
#3331=VERTEX_POINT('',#11967);
#3332=VERTEX_POINT('',#11969);
#3333=VERTEX_POINT('',#11986);
#3334=VERTEX_POINT('',#11990);
#3335=VERTEX_POINT('',#11991);
#3336=VERTEX_POINT('',#11994);
#3337=VERTEX_POINT('',#12006);
#3338=VERTEX_POINT('',#12007);
#3339=VERTEX_POINT('',#12010);
#3340=VERTEX_POINT('',#12012);
#3341=VERTEX_POINT('',#12014);
#3342=VERTEX_POINT('',#12018);
#3343=VERTEX_POINT('',#12022);
#3344=VERTEX_POINT('',#12026);
#3345=VERTEX_POINT('',#12027);
#3346=VERTEX_POINT('',#12029);
#3347=VERTEX_POINT('',#12032);
#3348=VERTEX_POINT('',#12034);
#3349=VERTEX_POINT('',#12038);
#3350=VERTEX_POINT('',#12044);
#3351=VERTEX_POINT('',#12046);
#3352=VERTEX_POINT('',#12049);
#3353=VERTEX_POINT('',#12053);
#3354=VERTEX_POINT('',#12057);
#3355=VERTEX_POINT('',#12064);
#3356=VERTEX_POINT('',#12066);
#3357=VERTEX_POINT('',#12071);
#3358=VERTEX_POINT('',#12075);
#3359=VERTEX_POINT('',#12089);
#3360=VERTEX_POINT('',#12091);
#3361=VERTEX_POINT('',#12096);
#3362=VERTEX_POINT('',#12100);
#3363=VERTEX_POINT('',#12107);
#3364=VERTEX_POINT('',#12109);
#3365=VERTEX_POINT('',#12113);
#3366=VERTEX_POINT('',#12117);
#3367=VERTEX_POINT('',#12129);
#3368=VERTEX_POINT('',#12133);
#3369=VERTEX_POINT('',#12135);
#3370=VERTEX_POINT('',#12145);
#3371=VERTEX_POINT('',#12152);
#3372=VERTEX_POINT('',#12158);
#3373=VERTEX_POINT('',#12164);
#3374=VERTEX_POINT('',#12167);
#3375=VERTEX_POINT('',#12182);
#3376=VERTEX_POINT('',#12184);
#3377=VERTEX_POINT('',#12188);
#3378=VERTEX_POINT('',#12190);
#3379=VERTEX_POINT('',#12194);
#3380=VERTEX_POINT('',#12196);
#3381=VERTEX_POINT('',#12200);
#3382=VERTEX_POINT('',#12202);
#3383=VERTEX_POINT('',#12206);
#3384=VERTEX_POINT('',#12219);
#3385=VERTEX_POINT('',#12220);
#3386=VERTEX_POINT('',#12222);
#3387=VERTEX_POINT('',#12224);
#3388=VERTEX_POINT('',#12228);
#3389=VERTEX_POINT('',#12229);
#3390=VERTEX_POINT('',#12231);
#3391=VERTEX_POINT('',#12233);
#3392=VERTEX_POINT('',#12236);
#3393=VERTEX_POINT('',#12237);
#3394=VERTEX_POINT('',#12239);
#3395=VERTEX_POINT('',#12241);
#3396=VERTEX_POINT('',#12261);
#3397=VERTEX_POINT('',#12262);
#3398=VERTEX_POINT('',#12277);
#3399=VERTEX_POINT('',#12279);
#3400=VERTEX_POINT('',#12288);
#3401=VERTEX_POINT('',#12299);
#3402=VERTEX_POINT('',#12303);
#3403=VERTEX_POINT('',#12309);
#3404=VERTEX_POINT('',#12313);
#3405=VERTEX_POINT('',#12318);
#3406=VERTEX_POINT('',#12320);
#3407=VERTEX_POINT('',#12325);
#3408=VERTEX_POINT('',#12328);
#3409=VERTEX_POINT('',#12336);
#3410=VERTEX_POINT('',#12348);
#3411=VERTEX_POINT('',#12349);
#3412=VERTEX_POINT('',#12358);
#3413=VERTEX_POINT('',#12367);
#3414=VERTEX_POINT('',#12369);
#3415=VERTEX_POINT('',#12387);
#3416=VERTEX_POINT('',#12391);
#3417=VERTEX_POINT('',#12395);
#3418=VERTEX_POINT('',#12398);
#3419=VERTEX_POINT('',#12402);
#3420=VERTEX_POINT('',#12408);
#3421=VERTEX_POINT('',#12410);
#3422=VERTEX_POINT('',#12450);
#3423=VERTEX_POINT('',#12451);
#3424=VERTEX_POINT('',#12489);
#3425=VERTEX_POINT('',#12528);
#3426=VERTEX_POINT('',#12530);
#3427=VERTEX_POINT('',#12534);
#3428=VERTEX_POINT('',#12536);
#3429=EDGE_CURVE('',#2820,#2821,#2773,.T.);
#3430=EDGE_CURVE('',#2821,#2822,#1379,.T.);
#3431=EDGE_CURVE('',#2823,#2822,#1380,.T.);
#3432=EDGE_CURVE('',#2823,#2824,#1381,.T.);
#3433=EDGE_CURVE('',#2824,#2820,#2774,.T.);
#3434=EDGE_CURVE('',#2825,#2826,#1382,.T.);
#3435=EDGE_CURVE('',#2826,#2827,#1383,.T.);
#3436=EDGE_CURVE('',#2828,#2827,#1384,.T.);
#3437=EDGE_CURVE('',#2828,#2829,#1385,.T.);
#3438=EDGE_CURVE('',#2829,#2825,#1386,.T.);
#3439=EDGE_CURVE('',#2830,#2831,#1387,.T.);
#3440=EDGE_CURVE('',#2831,#2832,#1388,.T.);
#3441=EDGE_CURVE('',#2832,#2823,#1389,.T.);
#3442=EDGE_CURVE('',#2822,#2833,#320,.T.);
#3443=EDGE_CURVE('',#2833,#2834,#1390,.T.);
#3444=EDGE_CURVE('',#2834,#2835,#321,.T.);
#3445=EDGE_CURVE('',#2835,#2830,#1391,.T.);
#3446=EDGE_CURVE('',#2836,#2836,#322,.T.);
#3447=EDGE_CURVE('',#2837,#2837,#323,.T.);
#3448=EDGE_CURVE('',#2838,#2838,#324,.T.);
#3449=EDGE_CURVE('',#2839,#2839,#325,.T.);
#3450=EDGE_CURVE('',#2840,#2841,#1392,.T.);
#3451=EDGE_CURVE('',#2841,#2842,#1393,.T.);
#3452=EDGE_CURVE('',#2843,#2842,#1394,.T.);
#3453=EDGE_CURVE('',#2843,#2840,#1395,.T.);
#3454=EDGE_CURVE('',#2831,#2844,#1396,.T.);
#3455=EDGE_CURVE('',#2845,#2844,#326,.T.);
#3456=EDGE_CURVE('',#2846,#2845,#1397,.T.);
#3457=EDGE_CURVE('',#2847,#2846,#1398,.T.);
#3458=EDGE_CURVE('',#2848,#2847,#1399,.T.);
#3459=EDGE_CURVE('',#2849,#2848,#1400,.T.);
#3460=EDGE_CURVE('',#2850,#2849,#1401,.T.);
#3461=EDGE_CURVE('',#2851,#2850,#327,.T.);
#3462=EDGE_CURVE('',#2851,#2832,#1402,.T.);
#3463=EDGE_CURVE('',#2852,#2852,#328,.T.);
#3464=EDGE_CURVE('',#2853,#2853,#329,.T.);
#3465=EDGE_CURVE('',#2854,#2854,#330,.T.);
#3466=EDGE_CURVE('',#2855,#2855,#331,.T.);
#3467=EDGE_CURVE('',#2856,#2856,#332,.T.);
#3468=EDGE_CURVE('',#2857,#2857,#333,.T.);
#3469=EDGE_CURVE('',#2858,#2858,#334,.T.);
#3470=EDGE_CURVE('',#2858,#2855,#1403,.T.);
#3471=EDGE_CURVE('',#2859,#2859,#335,.T.);
#3472=EDGE_CURVE('',#2859,#2857,#1404,.T.);
#3473=EDGE_CURVE('',#2860,#2861,#336,.T.);
#3474=EDGE_CURVE('',#2861,#2862,#337,.T.);
#3475=EDGE_CURVE('',#2862,#2863,#1405,.T.);
#3476=EDGE_CURVE('',#2863,#2864,#338,.T.);
#3477=EDGE_CURVE('',#2864,#2865,#1406,.T.);
#3478=EDGE_CURVE('',#2865,#2866,#1407,.T.);
#3479=EDGE_CURVE('',#2866,#2867,#1408,.T.);
#3480=EDGE_CURVE('',#2867,#2868,#339,.T.);
#3481=EDGE_CURVE('',#2869,#2868,#1409,.T.);
#3482=EDGE_CURVE('',#2870,#2869,#340,.T.);
#3483=EDGE_CURVE('',#2871,#2870,#341,.T.);
#3484=EDGE_CURVE('',#2872,#2871,#1410,.T.);
#3485=EDGE_CURVE('',#2873,#2872,#1411,.T.);
#3486=EDGE_CURVE('',#2873,#2860,#1412,.T.);
#3487=EDGE_CURVE('',#2874,#2874,#342,.T.);
#3488=EDGE_CURVE('',#2874,#2875,#1413,.T.);
#3489=EDGE_CURVE('',#2875,#2875,#343,.T.);
#3490=EDGE_CURVE('',#2876,#2876,#344,.T.);
#3491=EDGE_CURVE('',#2876,#2877,#1414,.T.);
#3492=EDGE_CURVE('',#2877,#2877,#345,.T.);
#3493=EDGE_CURVE('',#2878,#2878,#2775,.T.);
#3494=EDGE_CURVE('',#2878,#2879,#1415,.T.);
#3495=EDGE_CURVE('',#2879,#2879,#346,.T.);
#3496=EDGE_CURVE('',#2880,#2880,#2776,.T.);
#3497=EDGE_CURVE('',#2880,#2881,#1416,.T.);
#3498=EDGE_CURVE('',#2881,#2881,#347,.T.);
#3499=EDGE_CURVE('',#2868,#2882,#2777,.T.);
#3500=EDGE_CURVE('',#2882,#2883,#1417,.T.);
#3501=EDGE_CURVE('',#2884,#2883,#348,.T.);
#3502=EDGE_CURVE('',#2885,#2884,#1418,.T.);
#3503=EDGE_CURVE('',#2886,#2885,#1419,.T.);
#3504=EDGE_CURVE('',#2887,#2886,#1420,.T.);
#3505=EDGE_CURVE('',#2872,#2887,#349,.T.);
#3506=EDGE_CURVE('',#2869,#2871,#2778,.T.);
#3507=EDGE_CURVE('',#2888,#2889,#1421,.T.);
#3508=EDGE_CURVE('',#2889,#2890,#350,.T.);
#3509=EDGE_CURVE('',#2890,#2891,#1422,.T.);
#3510=EDGE_CURVE('',#2891,#2892,#1423,.T.);
#3511=EDGE_CURVE('',#2892,#2893,#1424,.T.);
#3512=EDGE_CURVE('',#2893,#2894,#351,.T.);
#3513=EDGE_CURVE('',#2894,#2895,#352,.T.);
#3514=EDGE_CURVE('',#2895,#2896,#1425,.T.);
#3515=EDGE_CURVE('',#2896,#2888,#1426,.T.);
#3516=EDGE_CURVE('',#2897,#2898,#1427,.T.);
#3517=EDGE_CURVE('',#2898,#2899,#1428,.T.);
#3518=EDGE_CURVE('',#2899,#2900,#1429,.T.);
#3519=EDGE_CURVE('',#2900,#2897,#1430,.T.);
#3520=EDGE_CURVE('',#2901,#2901,#353,.T.);
#3521=EDGE_CURVE('',#2901,#2870,#1431,.T.);
#3522=EDGE_CURVE('',#2839,#2902,#1432,.T.);
#3523=EDGE_CURVE('',#2903,#2902,#354,.T.);
#3524=EDGE_CURVE('',#2904,#2903,#2779,.T.);
#3525=EDGE_CURVE('',#2902,#2904,#355,.T.);
#3526=EDGE_CURVE('',#2905,#2906,#2780,.T.);
#3527=EDGE_CURVE('',#2906,#2905,#2781,.T.);
#3528=EDGE_CURVE('',#2906,#2907,#1433,.T.);
#3529=EDGE_CURVE('',#2907,#2907,#356,.T.);
#3530=EDGE_CURVE('',#2908,#2909,#2782,.T.);
#3531=EDGE_CURVE('',#2909,#2908,#2783,.T.);
#3532=EDGE_CURVE('',#2909,#2910,#1434,.T.);
#3533=EDGE_CURVE('',#2910,#2910,#357,.T.);
#3534=EDGE_CURVE('',#2838,#2911,#1435,.T.);
#3535=EDGE_CURVE('',#2912,#2911,#2784,.T.);
#3536=EDGE_CURVE('',#2913,#2912,#358,.T.);
#3537=EDGE_CURVE('',#2911,#2913,#2785,.T.);
#3538=EDGE_CURVE('',#2862,#2860,#2786,.T.);
#3539=EDGE_CURVE('',#2914,#2873,#359,.T.);
#3540=EDGE_CURVE('',#2914,#2915,#1436,.T.);
#3541=EDGE_CURVE('',#2915,#2916,#1437,.T.);
#3542=EDGE_CURVE('',#2916,#2917,#1438,.T.);
#3543=EDGE_CURVE('',#2918,#2917,#360,.T.);
#3544=EDGE_CURVE('',#2919,#2918,#1439,.T.);
#3545=EDGE_CURVE('',#2919,#2920,#2787,.T.);
#3546=EDGE_CURVE('',#2920,#2863,#2788,.T.);
#3547=EDGE_CURVE('',#2904,#2921,#1440,.T.);
#3548=EDGE_CURVE('',#2921,#2922,#361,.T.);
#3549=EDGE_CURVE('',#2922,#2923,#362,.T.);
#3550=EDGE_CURVE('',#2923,#2924,#1441,.T.);
#3551=EDGE_CURVE('',#2925,#2924,#1442,.T.);
#3552=EDGE_CURVE('',#2926,#2925,#1443,.T.);
#3553=EDGE_CURVE('',#2926,#2927,#363,.T.);
#3554=EDGE_CURVE('',#2913,#2927,#1444,.T.);
#3555=EDGE_CURVE('',#2928,#2912,#1445,.T.);
#3556=EDGE_CURVE('',#2929,#2928,#1446,.T.);
#3557=EDGE_CURVE('',#2929,#2903,#1447,.T.);
#3558=EDGE_CURVE('',#2930,#2931,#1448,.T.);
#3559=EDGE_CURVE('',#2931,#2932,#1449,.T.);
#3560=EDGE_CURVE('',#2932,#2933,#1450,.T.);
#3561=EDGE_CURVE('',#2933,#2930,#1451,.T.);
#3562=EDGE_CURVE('',#2927,#2934,#2789,.T.);
#3563=EDGE_CURVE('',#2934,#2926,#2790,.T.);
#3564=EDGE_CURVE('',#2935,#2925,#364,.T.);
#3565=EDGE_CURVE('',#2935,#2851,#1452,.T.);
#3566=EDGE_CURVE('',#2928,#2851,#365,.T.);
#3567=EDGE_CURVE('',#2936,#2937,#1453,.T.);
#3568=EDGE_CURVE('',#2938,#2937,#366,.T.);
#3569=EDGE_CURVE('',#2886,#2938,#1454,.T.);
#3570=EDGE_CURVE('',#2885,#2939,#1455,.T.);
#3571=EDGE_CURVE('',#2939,#2940,#367,.T.);
#3572=EDGE_CURVE('',#2940,#2941,#1456,.T.);
#3573=EDGE_CURVE('',#2942,#2941,#368,.T.);
#3574=EDGE_CURVE('',#2943,#2942,#369,.T.);
#3575=EDGE_CURVE('',#2943,#2944,#1457,.T.);
#3576=EDGE_CURVE('',#2944,#2945,#370,.T.);
#3577=EDGE_CURVE('',#2945,#2946,#1458,.T.);
#3578=EDGE_CURVE('',#2946,#2947,#1459,.T.);
#3579=EDGE_CURVE('',#2948,#2947,#1460,.T.);
#3580=EDGE_CURVE('',#2948,#2949,#1461,.T.);
#3581=EDGE_CURVE('',#2916,#2949,#1462,.T.);
#3582=EDGE_CURVE('',#2915,#2950,#1463,.T.);
#3583=EDGE_CURVE('',#2951,#2950,#371,.T.);
#3584=EDGE_CURVE('',#2951,#2952,#1464,.T.);
#3585=EDGE_CURVE('',#2953,#2952,#372,.T.);
#3586=EDGE_CURVE('',#2936,#2953,#373,.T.);
#3587=EDGE_CURVE('',#2954,#2954,#374,.T.);
#3588=EDGE_CURVE('',#2955,#2956,#1465,.T.);
#3589=EDGE_CURVE('',#2956,#2957,#375,.T.);
#3590=EDGE_CURVE('',#2957,#2958,#1466,.T.);
#3591=EDGE_CURVE('',#2958,#2959,#1467,.T.);
#3592=EDGE_CURVE('',#2959,#2960,#1468,.T.);
#3593=EDGE_CURVE('',#2961,#2960,#376,.T.);
#3594=EDGE_CURVE('',#2962,#2961,#1469,.T.);
#3595=EDGE_CURVE('',#2955,#2962,#377,.T.);
#3596=EDGE_CURVE('',#2963,#2964,#2791,.T.);
#3597=EDGE_CURVE('',#2964,#2963,#2792,.T.);
#3598=EDGE_CURVE('',#2965,#2966,#1470,.T.);
#3599=EDGE_CURVE('',#2966,#2967,#378,.T.);
#3600=EDGE_CURVE('',#2967,#2968,#1471,.T.);
#3601=EDGE_CURVE('',#2969,#2968,#1472,.T.);
#3602=EDGE_CURVE('',#2970,#2969,#1473,.T.);
#3603=EDGE_CURVE('',#2971,#2970,#1474,.T.);
#3604=EDGE_CURVE('',#2971,#2972,#1475,.T.);
#3605=EDGE_CURVE('',#2972,#2973,#1476,.T.);
#3606=EDGE_CURVE('',#2973,#2974,#379,.T.);
#3607=EDGE_CURVE('',#2974,#2975,#1477,.T.);
#3608=EDGE_CURVE('',#2976,#2975,#380,.T.);
#3609=EDGE_CURVE('',#2977,#2976,#381,.T.);
#3610=EDGE_CURVE('',#2977,#2978,#1478,.T.);
#3611=EDGE_CURVE('',#2978,#2979,#382,.T.);
#3612=EDGE_CURVE('',#2979,#2980,#1479,.T.);
#3613=EDGE_CURVE('',#2981,#2980,#1480,.T.);
#3614=EDGE_CURVE('',#2982,#2981,#1481,.T.);
#3615=EDGE_CURVE('',#2983,#2982,#1482,.T.);
#3616=EDGE_CURVE('',#2983,#2984,#1483,.T.);
#3617=EDGE_CURVE('',#2984,#2985,#383,.T.);
#3618=EDGE_CURVE('',#2985,#2986,#1484,.T.);
#3619=EDGE_CURVE('',#2987,#2986,#384,.T.);
#3620=EDGE_CURVE('',#2965,#2987,#385,.T.);
#3621=EDGE_CURVE('',#2988,#2988,#386,.T.);
#3622=EDGE_CURVE('',#2989,#2990,#1485,.T.);
#3623=EDGE_CURVE('',#2989,#2991,#387,.T.);
#3624=EDGE_CURVE('',#2990,#2991,#1486,.T.);
#3625=EDGE_CURVE('',#2992,#2992,#388,.T.);
#3626=EDGE_CURVE('',#2993,#2994,#1487,.T.);
#3627=EDGE_CURVE('',#2994,#2995,#389,.T.);
#3628=EDGE_CURVE('',#2995,#2996,#1488,.T.);
#3629=EDGE_CURVE('',#2997,#2996,#1489,.T.);
#3630=EDGE_CURVE('',#2998,#2997,#1490,.T.);
#3631=EDGE_CURVE('',#2999,#2998,#1491,.T.);
#3632=EDGE_CURVE('',#2999,#3000,#1492,.T.);
#3633=EDGE_CURVE('',#3000,#3001,#390,.T.);
#3634=EDGE_CURVE('',#3001,#3002,#1493,.T.);
#3635=EDGE_CURVE('',#3003,#3002,#391,.T.);
#3636=EDGE_CURVE('',#3004,#3003,#392,.T.);
#3637=EDGE_CURVE('',#3004,#3005,#1494,.T.);
#3638=EDGE_CURVE('',#3005,#3006,#393,.T.);
#3639=EDGE_CURVE('',#3006,#3007,#1495,.T.);
#3640=EDGE_CURVE('',#3008,#3007,#1496,.T.);
#3641=EDGE_CURVE('',#3009,#3008,#1497,.T.);
#3642=EDGE_CURVE('',#3010,#3009,#1498,.T.);
#3643=EDGE_CURVE('',#3010,#3011,#1499,.T.);
#3644=EDGE_CURVE('',#3011,#3012,#394,.T.);
#3645=EDGE_CURVE('',#3012,#3013,#1500,.T.);
#3646=EDGE_CURVE('',#3014,#3013,#395,.T.);
#3647=EDGE_CURVE('',#2993,#3014,#396,.T.);
#3648=EDGE_CURVE('',#3015,#3015,#397,.T.);
#3649=EDGE_CURVE('',#3016,#3016,#398,.T.);
#3650=EDGE_CURVE('',#2824,#2935,#1501,.T.);
#3651=EDGE_CURVE('',#3017,#3018,#1502,.T.);
#3652=EDGE_CURVE('',#3018,#3019,#1503,.T.);
#3653=EDGE_CURVE('',#3019,#3020,#1504,.T.);
#3654=EDGE_CURVE('',#3020,#2919,#399,.T.);
#3655=EDGE_CURVE('',#2883,#2918,#1505,.T.);
#3656=EDGE_CURVE('',#2882,#3017,#400,.T.);
#3657=EDGE_CURVE('',#3021,#3022,#1506,.T.);
#3658=EDGE_CURVE('',#3022,#3023,#401,.T.);
#3659=EDGE_CURVE('',#3023,#3024,#1507,.T.);
#3660=EDGE_CURVE('',#3024,#3025,#402,.T.);
#3661=EDGE_CURVE('',#3025,#3026,#1508,.T.);
#3662=EDGE_CURVE('',#3026,#3027,#403,.T.);
#3663=EDGE_CURVE('',#3027,#3028,#1509,.T.);
#3664=EDGE_CURVE('',#3028,#3021,#404,.T.);
#3665=EDGE_CURVE('',#3029,#3030,#405,.T.);
#3666=EDGE_CURVE('',#3030,#3031,#1510,.T.);
#3667=EDGE_CURVE('',#3031,#3032,#406,.T.);
#3668=EDGE_CURVE('',#3032,#3033,#1511,.T.);
#3669=EDGE_CURVE('',#3033,#3034,#407,.T.);
#3670=EDGE_CURVE('',#3034,#3035,#1512,.T.);
#3671=EDGE_CURVE('',#3035,#3036,#408,.T.);
#3672=EDGE_CURVE('',#3036,#3029,#1513,.T.);
#3673=EDGE_CURVE('',#3037,#3038,#1514,.T.);
#3674=EDGE_CURVE('',#3039,#3037,#1515,.T.);
#3675=EDGE_CURVE('',#3040,#3039,#409,.T.);
#3676=EDGE_CURVE('',#3041,#3040,#1516,.T.);
#3677=EDGE_CURVE('',#3042,#3041,#1517,.T.);
#3678=EDGE_CURVE('',#3043,#3042,#1518,.T.);
#3679=EDGE_CURVE('',#3044,#3043,#410,.T.);
#3680=EDGE_CURVE('',#3038,#3044,#1519,.T.);
#3681=EDGE_CURVE('',#3045,#3046,#1520,.T.);
#3682=EDGE_CURVE('',#3047,#3045,#1521,.T.);
#3683=EDGE_CURVE('',#3048,#3047,#411,.T.);
#3684=EDGE_CURVE('',#3049,#3048,#1522,.T.);
#3685=EDGE_CURVE('',#3050,#3049,#1523,.T.);
#3686=EDGE_CURVE('',#3051,#3050,#1524,.T.);
#3687=EDGE_CURVE('',#3052,#3051,#412,.T.);
#3688=EDGE_CURVE('',#3046,#3052,#1525,.T.);
#3689=EDGE_CURVE('',#3053,#3054,#1526,.T.);
#3690=EDGE_CURVE('',#3055,#3053,#1527,.T.);
#3691=EDGE_CURVE('',#3056,#3055,#413,.T.);
#3692=EDGE_CURVE('',#3057,#3056,#1528,.T.);
#3693=EDGE_CURVE('',#3058,#3057,#1529,.T.);
#3694=EDGE_CURVE('',#3059,#3058,#1530,.T.);
#3695=EDGE_CURVE('',#3060,#3059,#414,.T.);
#3696=EDGE_CURVE('',#3054,#3060,#1531,.T.);
#3697=EDGE_CURVE('',#3061,#3062,#415,.T.);
#3698=EDGE_CURVE('',#3063,#3061,#1532,.T.);
#3699=EDGE_CURVE('',#3064,#3063,#1533,.T.);
#3700=EDGE_CURVE('',#3065,#3064,#1534,.T.);
#3701=EDGE_CURVE('',#3066,#3065,#416,.T.);
#3702=EDGE_CURVE('',#3067,#3066,#1535,.T.);
#3703=EDGE_CURVE('',#3068,#3067,#1536,.T.);
#3704=EDGE_CURVE('',#3062,#3068,#1537,.T.);
#3705=EDGE_CURVE('',#3069,#3070,#1538,.T.);
#3706=EDGE_CURVE('',#3071,#3070,#417,.T.);
#3707=EDGE_CURVE('',#3072,#3071,#1539,.T.);
#3708=EDGE_CURVE('',#3073,#3072,#1540,.T.);
#3709=EDGE_CURVE('',#3074,#3073,#1541,.T.);
#3710=EDGE_CURVE('',#3069,#3074,#418,.T.);
#3711=EDGE_CURVE('',#3075,#3076,#2793,.T.);
#3712=EDGE_CURVE('',#3076,#3075,#2794,.T.);
#3713=EDGE_CURVE('',#3077,#3078,#1542,.T.);
#3714=EDGE_CURVE('',#3078,#3079,#1543,.T.);
#3715=EDGE_CURVE('',#3079,#3080,#1544,.T.);
#3716=EDGE_CURVE('',#3080,#3077,#1545,.T.);
#3717=EDGE_CURVE('',#3081,#3082,#1546,.T.);
#3718=EDGE_CURVE('',#3082,#3083,#1547,.T.);
#3719=EDGE_CURVE('',#3083,#3084,#1548,.T.);
#3720=EDGE_CURVE('',#3084,#3081,#1549,.T.);
#3721=EDGE_CURVE('',#2962,#3085,#1550,.T.);
#3722=EDGE_CURVE('',#3086,#2961,#1551,.T.);
#3723=EDGE_CURVE('',#3085,#3086,#1552,.T.);
#3724=EDGE_CURVE('',#3087,#3088,#1553,.T.);
#3725=EDGE_CURVE('',#3088,#3089,#1554,.T.);
#3726=EDGE_CURVE('',#3089,#3090,#1555,.T.);
#3727=EDGE_CURVE('',#3090,#3087,#1556,.T.);
#3728=EDGE_CURVE('',#3091,#3091,#2795,.T.);
#3729=EDGE_CURVE('',#3092,#3093,#2796,.T.);
#3730=EDGE_CURVE('',#3093,#3092,#2797,.T.);
#3731=EDGE_CURVE('',#3094,#3095,#1557,.T.);
#3732=EDGE_CURVE('',#2850,#3095,#1558,.T.);
#3733=EDGE_CURVE('',#2849,#3094,#419,.T.);
#3734=EDGE_CURVE('',#3096,#3096,#2798,.T.);
#3735=EDGE_CURVE('',#3097,#3098,#2799,.T.);
#3736=EDGE_CURVE('',#3098,#3097,#2800,.T.);
#3737=EDGE_CURVE('',#3099,#3100,#1559,.T.);
#3738=EDGE_CURVE('',#3100,#2957,#1560,.T.);
#3739=EDGE_CURVE('',#2956,#3101,#1561,.T.);
#3740=EDGE_CURVE('',#3102,#3101,#420,.T.);
#3741=EDGE_CURVE('',#3102,#3099,#1562,.T.);
#3742=EDGE_CURVE('',#3103,#3103,#421,.T.);
#3743=EDGE_CURVE('',#3104,#3104,#422,.T.);
#3744=EDGE_CURVE('',#2947,#2828,#1563,.T.);
#3745=EDGE_CURVE('',#2948,#2828,#423,.T.);
#3746=EDGE_CURVE('',#3105,#3106,#424,.T.);
#3747=EDGE_CURVE('',#3106,#3107,#1564,.T.);
#3748=EDGE_CURVE('',#3108,#3107,#425,.T.);
#3749=EDGE_CURVE('',#3105,#3108,#1565,.T.);
#3750=EDGE_CURVE('',#3070,#3105,#1566,.T.);
#3751=EDGE_CURVE('',#3109,#3108,#1567,.T.);
#3752=EDGE_CURVE('',#3070,#3109,#1568,.T.);
#3753=EDGE_CURVE('',#3110,#3109,#426,.T.);
#3754=EDGE_CURVE('',#3071,#3110,#1569,.T.);
#3755=EDGE_CURVE('',#2917,#3071,#1570,.T.);
#3756=EDGE_CURVE('',#3111,#3110,#1571,.T.);
#3757=EDGE_CURVE('',#2917,#3111,#1572,.T.);
#3758=EDGE_CURVE('',#3112,#3111,#427,.T.);
#3759=EDGE_CURVE('',#2918,#3112,#1573,.T.);
#3760=EDGE_CURVE('',#3113,#3112,#1574,.T.);
#3761=EDGE_CURVE('',#2883,#3113,#1575,.T.);
#3762=EDGE_CURVE('',#3114,#3113,#428,.T.);
#3763=EDGE_CURVE('',#2884,#3114,#1576,.T.);
#3764=EDGE_CURVE('',#3106,#2884,#1577,.T.);
#3765=EDGE_CURVE('',#3107,#3114,#1578,.T.);
#3766=EDGE_CURVE('',#3043,#3115,#1579,.T.);
#3767=EDGE_CURVE('',#3116,#3115,#429,.T.);
#3768=EDGE_CURVE('',#3116,#3044,#1580,.T.);
#3769=EDGE_CURVE('',#3059,#3117,#1581,.T.);
#3770=EDGE_CURVE('',#3118,#3117,#430,.T.);
#3771=EDGE_CURVE('',#3060,#3118,#1582,.T.);
#3772=EDGE_CURVE('',#3042,#3119,#1583,.T.);
#3773=EDGE_CURVE('',#3115,#3119,#1584,.T.);
#3774=EDGE_CURVE('',#3120,#3120,#431,.T.);
#3775=EDGE_CURVE('',#3051,#3121,#1585,.T.);
#3776=EDGE_CURVE('',#3122,#3121,#432,.T.);
#3777=EDGE_CURVE('',#3052,#3122,#1586,.T.);
#3778=EDGE_CURVE('',#3123,#3122,#1587,.T.);
#3779=EDGE_CURVE('',#3123,#3046,#1588,.T.);
#3780=EDGE_CURVE('',#3124,#3124,#433,.T.);
#3781=EDGE_CURVE('',#3062,#3125,#1589,.T.);
#3782=EDGE_CURVE('',#3126,#3125,#434,.T.);
#3783=EDGE_CURVE('',#3061,#3126,#1590,.T.);
#3784=EDGE_CURVE('',#3119,#3127,#1591,.T.);
#3785=EDGE_CURVE('',#3127,#3128,#1592,.T.);
#3786=EDGE_CURVE('',#3128,#3129,#435,.T.);
#3787=EDGE_CURVE('',#3129,#3130,#1593,.T.);
#3788=EDGE_CURVE('',#3130,#3131,#1594,.T.);
#3789=EDGE_CURVE('',#3131,#3116,#1595,.T.);
#3790=EDGE_CURVE('',#3132,#3133,#1596,.T.);
#3791=EDGE_CURVE('',#3133,#3134,#1597,.T.);
#3792=EDGE_CURVE('',#3134,#3135,#436,.T.);
#3793=EDGE_CURVE('',#3135,#3136,#1598,.T.);
#3794=EDGE_CURVE('',#3136,#3123,#1599,.T.);
#3795=EDGE_CURVE('',#3121,#3132,#1600,.T.);
#3796=EDGE_CURVE('',#3137,#3138,#1601,.T.);
#3797=EDGE_CURVE('',#3138,#3126,#1602,.T.);
#3798=EDGE_CURVE('',#3125,#3139,#1603,.T.);
#3799=EDGE_CURVE('',#3139,#3140,#1604,.T.);
#3800=EDGE_CURVE('',#3140,#3141,#1605,.T.);
#3801=EDGE_CURVE('',#3141,#3142,#437,.T.);
#3802=EDGE_CURVE('',#3142,#3137,#1606,.T.);
#3803=EDGE_CURVE('',#3143,#3144,#1607,.T.);
#3804=EDGE_CURVE('',#3144,#3145,#1608,.T.);
#3805=EDGE_CURVE('',#3145,#3146,#438,.T.);
#3806=EDGE_CURVE('',#3146,#3147,#1609,.T.);
#3807=EDGE_CURVE('',#3147,#3148,#1610,.T.);
#3808=EDGE_CURVE('',#3148,#3118,#1611,.T.);
#3809=EDGE_CURVE('',#3117,#3143,#1612,.T.);
#3810=EDGE_CURVE('',#3058,#3143,#1613,.T.);
#3811=EDGE_CURVE('',#3149,#3149,#439,.T.);
#3812=EDGE_CURVE('',#3131,#3038,#1614,.T.);
#3813=EDGE_CURVE('',#3148,#3054,#1615,.T.);
#3814=EDGE_CURVE('',#3053,#3147,#1616,.T.);
#3815=EDGE_CURVE('',#3045,#3136,#1617,.T.);
#3816=EDGE_CURVE('',#3140,#3067,#1618,.T.);
#3817=EDGE_CURVE('',#3068,#3139,#1619,.T.);
#3818=EDGE_CURVE('',#3037,#3130,#1620,.T.);
#3819=EDGE_CURVE('',#3129,#3039,#1621,.T.);
#3820=EDGE_CURVE('',#3138,#3063,#1622,.T.);
#3821=EDGE_CURVE('',#3150,#3150,#440,.T.);
#3822=EDGE_CURVE('',#3056,#3145,#1623,.T.);
#3823=EDGE_CURVE('',#3144,#3057,#1624,.T.);
#3824=EDGE_CURVE('',#3151,#3151,#441,.T.);
#3825=EDGE_CURVE('',#3064,#3137,#1625,.T.);
#3826=EDGE_CURVE('',#3065,#3142,#1626,.T.);
#3827=EDGE_CURVE('',#3152,#3152,#442,.T.);
#3828=EDGE_CURVE('',#3066,#3141,#1627,.T.);
#3829=EDGE_CURVE('',#3055,#3146,#1628,.T.);
#3830=EDGE_CURVE('',#3047,#3135,#1629,.T.);
#3831=EDGE_CURVE('',#3153,#3153,#443,.T.);
#3832=EDGE_CURVE('',#3048,#3134,#1630,.T.);
#3833=EDGE_CURVE('',#3133,#3049,#1631,.T.);
#3834=EDGE_CURVE('',#3050,#3132,#1632,.T.);
#3835=EDGE_CURVE('',#3040,#3128,#1633,.T.);
#3836=EDGE_CURVE('',#3127,#3041,#1634,.T.);
#3837=EDGE_CURVE('',#3154,#3154,#444,.T.);
#3838=EDGE_CURVE('',#3155,#3156,#445,.T.);
#3839=EDGE_CURVE('',#3156,#3027,#1635,.T.);
#3840=EDGE_CURVE('',#3155,#3026,#1636,.T.);
#3841=EDGE_CURVE('',#3156,#3069,#1637,.T.);
#3842=EDGE_CURVE('',#3069,#3028,#1638,.T.);
#3843=EDGE_CURVE('',#3074,#3021,#1639,.T.);
#3844=EDGE_CURVE('',#3074,#2914,#1640,.T.);
#3845=EDGE_CURVE('',#2914,#3022,#1641,.T.);
#3846=EDGE_CURVE('',#2873,#3023,#1642,.T.);
#3847=EDGE_CURVE('',#2872,#3024,#1643,.T.);
#3848=EDGE_CURVE('',#2887,#3025,#1644,.T.);
#3849=EDGE_CURVE('',#2887,#3155,#1645,.T.);
#3850=EDGE_CURVE('',#3157,#3085,#2801,.T.);
#3851=EDGE_CURVE('',#3085,#3158,#446,.T.);
#3852=EDGE_CURVE('',#3157,#3158,#1646,.T.);
#3853=EDGE_CURVE('',#3159,#3160,#1647,.T.);
#3854=EDGE_CURVE('',#3160,#3161,#1648,.T.);
#3855=EDGE_CURVE('',#3161,#3162,#447,.T.);
#3856=EDGE_CURVE('',#3162,#3163,#1649,.T.);
#3857=EDGE_CURVE('',#3163,#3164,#1650,.T.);
#3858=EDGE_CURVE('',#3164,#3165,#1651,.T.);
#3859=EDGE_CURVE('',#3165,#3166,#448,.T.);
#3860=EDGE_CURVE('',#3166,#3159,#1652,.T.);
#3861=EDGE_CURVE('',#3167,#3168,#449,.T.);
#3862=EDGE_CURVE('',#3167,#3169,#1653,.T.);
#3863=EDGE_CURVE('',#3170,#3169,#450,.T.);
#3864=EDGE_CURVE('',#3168,#3170,#1654,.T.);
#3865=EDGE_CURVE('',#3171,#3172,#1655,.T.);
#3866=EDGE_CURVE('',#3169,#3172,#1656,.T.);
#3867=EDGE_CURVE('',#3171,#3167,#1657,.T.);
#3868=EDGE_CURVE('',#3173,#3174,#451,.T.);
#3869=EDGE_CURVE('',#3173,#3175,#1658,.T.);
#3870=EDGE_CURVE('',#3176,#3175,#452,.T.);
#3871=EDGE_CURVE('',#3174,#3176,#1659,.T.);
#3872=EDGE_CURVE('',#3177,#3178,#1660,.T.);
#3873=EDGE_CURVE('',#3175,#3178,#1661,.T.);
#3874=EDGE_CURVE('',#3177,#3173,#1662,.T.);
#3875=EDGE_CURVE('',#3179,#3180,#453,.T.);
#3876=EDGE_CURVE('',#3179,#3181,#1663,.T.);
#3877=EDGE_CURVE('',#3182,#3181,#454,.T.);
#3878=EDGE_CURVE('',#3180,#3182,#1664,.T.);
#3879=EDGE_CURVE('',#3183,#3184,#1665,.T.);
#3880=EDGE_CURVE('',#3181,#3184,#1666,.T.);
#3881=EDGE_CURVE('',#3183,#3179,#1667,.T.);
#3882=EDGE_CURVE('',#3185,#3186,#455,.T.);
#3883=EDGE_CURVE('',#3185,#3166,#1668,.T.);
#3884=EDGE_CURVE('',#3186,#3165,#1669,.T.);
#3885=EDGE_CURVE('',#3187,#3159,#1670,.T.);
#3886=EDGE_CURVE('',#3187,#3185,#1671,.T.);
#3887=EDGE_CURVE('',#3188,#3189,#456,.T.);
#3888=EDGE_CURVE('',#3188,#3162,#1672,.T.);
#3889=EDGE_CURVE('',#3189,#3161,#1673,.T.);
#3890=EDGE_CURVE('',#3190,#3191,#1674,.T.);
#3891=EDGE_CURVE('',#3192,#3191,#1675,.T.);
#3892=EDGE_CURVE('',#3192,#3193,#1676,.T.);
#3893=EDGE_CURVE('',#3190,#3193,#1677,.T.);
#3894=EDGE_CURVE('',#3194,#3192,#457,.T.);
#3895=EDGE_CURVE('',#3194,#3195,#1678,.T.);
#3896=EDGE_CURVE('',#3193,#3195,#458,.T.);
#3897=EDGE_CURVE('',#3196,#3197,#1679,.T.);
#3898=EDGE_CURVE('',#3198,#3197,#1680,.T.);
#3899=EDGE_CURVE('',#3198,#3199,#1681,.T.);
#3900=EDGE_CURVE('',#3196,#3199,#1682,.T.);
#3901=EDGE_CURVE('',#3200,#3198,#459,.T.);
#3902=EDGE_CURVE('',#3200,#3201,#1683,.T.);
#3903=EDGE_CURVE('',#3199,#3201,#460,.T.);
#3904=EDGE_CURVE('',#3202,#3203,#1684,.T.);
#3905=EDGE_CURVE('',#3204,#3203,#1685,.T.);
#3906=EDGE_CURVE('',#3204,#3205,#1686,.T.);
#3907=EDGE_CURVE('',#3202,#3205,#1687,.T.);
#3908=EDGE_CURVE('',#3206,#3204,#461,.T.);
#3909=EDGE_CURVE('',#3206,#3207,#1688,.T.);
#3910=EDGE_CURVE('',#3205,#3207,#462,.T.);
#3911=EDGE_CURVE('',#3160,#3208,#1689,.T.);
#3912=EDGE_CURVE('',#3189,#3208,#1690,.T.);
#3913=EDGE_CURVE('',#3209,#3210,#1691,.T.);
#3914=EDGE_CURVE('',#3180,#3210,#1692,.T.);
#3915=EDGE_CURVE('',#3209,#3182,#1693,.T.);
#3916=EDGE_CURVE('',#3211,#3211,#463,.T.);
#3917=EDGE_CURVE('',#3184,#3190,#1694,.T.);
#3918=EDGE_CURVE('',#3195,#3212,#1695,.T.);
#3919=EDGE_CURVE('',#3212,#3209,#1696,.T.);
#3920=EDGE_CURVE('',#3213,#3214,#1697,.T.);
#3921=EDGE_CURVE('',#3214,#3170,#1698,.T.);
#3922=EDGE_CURVE('',#3172,#3202,#1699,.T.);
#3923=EDGE_CURVE('',#3207,#3213,#1700,.T.);
#3924=EDGE_CURVE('',#3215,#3216,#1701,.T.);
#3925=EDGE_CURVE('',#3216,#3176,#1702,.T.);
#3926=EDGE_CURVE('',#3178,#3196,#1703,.T.);
#3927=EDGE_CURVE('',#3201,#3215,#1704,.T.);
#3928=EDGE_CURVE('',#3217,#3212,#1705,.T.);
#3929=EDGE_CURVE('',#3217,#3194,#1706,.T.);
#3930=EDGE_CURVE('',#3218,#3218,#464,.T.);
#3931=EDGE_CURVE('',#3219,#3220,#1707,.T.);
#3932=EDGE_CURVE('',#3220,#3221,#465,.T.);
#3933=EDGE_CURVE('',#3221,#3222,#1708,.T.);
#3934=EDGE_CURVE('',#3222,#3223,#466,.T.);
#3935=EDGE_CURVE('',#3223,#3224,#1709,.T.);
#3936=EDGE_CURVE('',#3224,#3225,#467,.T.);
#3937=EDGE_CURVE('',#3225,#3226,#1710,.T.);
#3938=EDGE_CURVE('',#3226,#3219,#468,.T.);
#3939=EDGE_CURVE('',#3227,#3206,#1711,.T.);
#3940=EDGE_CURVE('',#3171,#3203,#1712,.T.);
#3941=EDGE_CURVE('',#3168,#3228,#1713,.T.);
#3942=EDGE_CURVE('',#3227,#3228,#1714,.T.);
#3943=EDGE_CURVE('',#3187,#3208,#1715,.T.);
#3944=EDGE_CURVE('',#3186,#3229,#1716,.T.);
#3945=EDGE_CURVE('',#3230,#3229,#1717,.T.);
#3946=EDGE_CURVE('',#3230,#3188,#1718,.T.);
#3947=EDGE_CURVE('',#3231,#3200,#1719,.T.);
#3948=EDGE_CURVE('',#3177,#3197,#1720,.T.);
#3949=EDGE_CURVE('',#3174,#3232,#1721,.T.);
#3950=EDGE_CURVE('',#3231,#3232,#1722,.T.);
#3951=EDGE_CURVE('',#3183,#3191,#1723,.T.);
#3952=EDGE_CURVE('',#3217,#3210,#1724,.T.);
#3953=EDGE_CURVE('',#3216,#3232,#1725,.T.);
#3954=EDGE_CURVE('',#3233,#3233,#469,.T.);
#3955=EDGE_CURVE('',#3231,#3215,#1726,.T.);
#3956=EDGE_CURVE('',#3234,#3234,#470,.T.);
#3957=EDGE_CURVE('',#3164,#3229,#1727,.T.);
#3958=EDGE_CURVE('',#3235,#3235,#471,.T.);
#3959=EDGE_CURVE('',#3230,#3163,#1728,.T.);
#3960=EDGE_CURVE('',#3236,#3236,#472,.T.);
#3961=EDGE_CURVE('',#3214,#3228,#1729,.T.);
#3962=EDGE_CURVE('',#3237,#3237,#473,.T.);
#3963=EDGE_CURVE('',#3227,#3213,#1730,.T.);
#3964=EDGE_CURVE('',#3238,#3238,#474,.T.);
#3965=EDGE_CURVE('',#3220,#3239,#1731,.T.);
#3966=EDGE_CURVE('',#3239,#3240,#475,.T.);
#3967=EDGE_CURVE('',#3221,#3240,#1732,.T.);
#3968=EDGE_CURVE('',#3240,#3241,#1733,.T.);
#3969=EDGE_CURVE('',#3222,#3241,#1734,.T.);
#3970=EDGE_CURVE('',#3241,#3242,#476,.T.);
#3971=EDGE_CURVE('',#3223,#3242,#1735,.T.);
#3972=EDGE_CURVE('',#3242,#3243,#1736,.T.);
#3973=EDGE_CURVE('',#3224,#3243,#1737,.T.);
#3974=EDGE_CURVE('',#3243,#3244,#477,.T.);
#3975=EDGE_CURVE('',#3225,#3244,#1738,.T.);
#3976=EDGE_CURVE('',#3244,#3245,#1739,.T.);
#3977=EDGE_CURVE('',#3226,#3245,#1740,.T.);
#3978=EDGE_CURVE('',#3245,#3246,#478,.T.);
#3979=EDGE_CURVE('',#3219,#3246,#1741,.T.);
#3980=EDGE_CURVE('',#3246,#3239,#1742,.T.);
#3981=EDGE_CURVE('',#3247,#3248,#1743,.T.);
#3982=EDGE_CURVE('',#3248,#2941,#1744,.T.);
#3983=EDGE_CURVE('',#2966,#2940,#1745,.T.);
#3984=EDGE_CURVE('',#2965,#3249,#1746,.T.);
#3985=EDGE_CURVE('',#3249,#3250,#1747,.T.);
#3986=EDGE_CURVE('',#3250,#3247,#1748,.T.);
#3987=EDGE_CURVE('',#3251,#3252,#1749,.T.);
#3988=EDGE_CURVE('',#3252,#2986,#1750,.T.);
#3989=EDGE_CURVE('',#2944,#2985,#1751,.T.);
#3990=EDGE_CURVE('',#2943,#3253,#1752,.T.);
#3991=EDGE_CURVE('',#3253,#3254,#1753,.T.);
#3992=EDGE_CURVE('',#3254,#3251,#1754,.T.);
#3993=EDGE_CURVE('',#3030,#3255,#1755,.T.);
#3994=EDGE_CURVE('',#3255,#3256,#1756,.T.);
#3995=EDGE_CURVE('',#3031,#3256,#1757,.T.);
#3996=EDGE_CURVE('',#3256,#3257,#479,.T.);
#3997=EDGE_CURVE('',#3032,#3257,#1758,.T.);
#3998=EDGE_CURVE('',#3257,#3258,#1759,.T.);
#3999=EDGE_CURVE('',#3033,#3258,#1760,.T.);
#4000=EDGE_CURVE('',#3258,#3259,#480,.T.);
#4001=EDGE_CURVE('',#3034,#3259,#1761,.T.);
#4002=EDGE_CURVE('',#3259,#3260,#1762,.T.);
#4003=EDGE_CURVE('',#3035,#3260,#1763,.T.);
#4004=EDGE_CURVE('',#3260,#3261,#481,.T.);
#4005=EDGE_CURVE('',#3036,#3261,#1764,.T.);
#4006=EDGE_CURVE('',#3261,#3262,#1765,.T.);
#4007=EDGE_CURVE('',#3029,#3262,#1766,.T.);
#4008=EDGE_CURVE('',#3262,#3255,#482,.T.);
#4009=EDGE_CURVE('',#3262,#2845,#1767,.T.);
#4010=EDGE_CURVE('',#2844,#2929,#483,.T.);
#4011=EDGE_CURVE('',#3255,#2929,#1768,.T.);
#4012=EDGE_CURVE('',#3256,#2928,#1769,.T.);
#4013=EDGE_CURVE('',#3257,#2850,#1770,.T.);
#4014=EDGE_CURVE('',#2850,#3263,#1771,.T.);
#4015=EDGE_CURVE('',#3258,#3263,#1772,.T.);
#4016=EDGE_CURVE('',#2955,#3263,#484,.T.);
#4017=EDGE_CURVE('',#3259,#2962,#1773,.T.);
#4018=EDGE_CURVE('',#3260,#3085,#1774,.T.);
#4019=EDGE_CURVE('',#3264,#3157,#485,.T.);
#4020=EDGE_CURVE('',#3261,#3264,#1775,.T.);
#4021=EDGE_CURVE('',#3264,#2845,#1776,.T.);
#4022=EDGE_CURVE('',#3264,#3265,#1777,.T.);
#4023=EDGE_CURVE('',#2955,#3157,#1778,.T.);
#4024=EDGE_CURVE('',#3266,#3263,#1779,.T.);
#4025=EDGE_CURVE('',#3267,#3266,#1780,.T.);
#4026=EDGE_CURVE('',#3268,#3267,#1781,.T.);
#4027=EDGE_CURVE('',#3265,#3268,#1782,.T.);
#4028=EDGE_CURVE('',#3086,#3269,#2802,.T.);
#4029=EDGE_CURVE('',#3269,#3086,#486,.T.);
#4030=EDGE_CURVE('',#2925,#2824,#2803,.T.);
#4031=EDGE_CURVE('',#3270,#3271,#1783,.T.);
#4032=EDGE_CURVE('',#3271,#2924,#2804,.T.);
#4033=EDGE_CURVE('',#2924,#3270,#487,.T.);
#4034=EDGE_CURVE('',#3086,#3246,#1784,.T.);
#4035=EDGE_CURVE('',#3269,#3245,#1785,.T.);
#4036=EDGE_CURVE('',#2961,#3239,#1786,.T.);
#4037=EDGE_CURVE('',#2960,#3240,#1787,.T.);
#4038=EDGE_CURVE('',#2960,#3272,#1788,.T.);
#4039=EDGE_CURVE('',#3272,#3241,#1789,.T.);
#4040=EDGE_CURVE('',#2925,#3242,#1790,.T.);
#4041=EDGE_CURVE('',#2821,#3272,#2805,.T.);
#4042=EDGE_CURVE('',#2924,#3243,#1791,.T.);
#4043=EDGE_CURVE('',#3273,#3274,#2806,.T.);
#4044=EDGE_CURVE('',#3273,#3244,#1792,.T.);
#4045=EDGE_CURVE('',#3275,#3271,#2807,.T.);
#4046=EDGE_CURVE('',#3274,#3275,#2808,.T.);
#4047=EDGE_CURVE('',#3273,#3269,#1793,.T.);
#4048=EDGE_CURVE('',#3276,#2991,#1794,.T.);
#4049=EDGE_CURVE('',#3277,#2989,#1795,.T.);
#4050=EDGE_CURVE('',#3277,#3276,#488,.T.);
#4051=EDGE_CURVE('',#3278,#3276,#1796,.T.);
#4052=EDGE_CURVE('',#3278,#3277,#1797,.T.);
#4053=EDGE_CURVE('',#2990,#3278,#1798,.T.);
#4054=EDGE_CURVE('',#3233,#3234,#1799,.T.);
#4055=EDGE_CURVE('',#3237,#3238,#1800,.T.);
#4056=EDGE_CURVE('',#3235,#3236,#1801,.T.);
#4057=EDGE_CURVE('',#3211,#3218,#1802,.T.);
#4058=EDGE_CURVE('',#3152,#3150,#1803,.T.);
#4059=EDGE_CURVE('',#3149,#3151,#1804,.T.);
#4060=EDGE_CURVE('',#3153,#3124,#1805,.T.);
#4061=EDGE_CURVE('',#3120,#3154,#1806,.T.);
#4062=EDGE_CURVE('',#3268,#3265,#489,.T.);
#4063=EDGE_CURVE('',#2994,#2995,#490,.T.);
#4064=EDGE_CURVE('',#2994,#3279,#1807,.T.);
#4065=EDGE_CURVE('',#3279,#3280,#491,.T.);
#4066=EDGE_CURVE('',#3280,#2995,#1808,.T.);
#4067=EDGE_CURVE('',#2995,#2996,#1809,.T.);
#4068=EDGE_CURVE('',#3280,#3281,#1810,.T.);
#4069=EDGE_CURVE('',#2997,#3281,#1811,.T.);
#4070=EDGE_CURVE('',#3282,#3283,#1812,.T.);
#4071=EDGE_CURVE('',#3264,#3283,#1813,.T.);
#4072=EDGE_CURVE('',#3265,#3282,#492,.T.);
#4073=EDGE_CURVE('',#3284,#3282,#1814,.T.);
#4074=EDGE_CURVE('',#3285,#3268,#493,.T.);
#4075=EDGE_CURVE('',#3286,#3285,#1815,.T.);
#4076=EDGE_CURVE('',#3284,#3286,#494,.T.);
#4077=EDGE_CURVE('',#3287,#3284,#1816,.T.);
#4078=EDGE_CURVE('',#3283,#3287,#1817,.T.);
#4079=EDGE_CURVE('',#3288,#2994,#1818,.T.);
#4080=EDGE_CURVE('',#3289,#3288,#495,.T.);
#4081=EDGE_CURVE('',#2995,#3289,#1819,.T.);
#4082=EDGE_CURVE('',#2996,#2971,#1820,.T.);
#4083=EDGE_CURVE('',#3290,#3289,#1821,.T.);
#4084=EDGE_CURVE('',#2972,#3290,#1822,.T.);
#4085=EDGE_CURVE('',#3291,#3292,#1823,.T.);
#4086=EDGE_CURVE('',#3292,#3286,#1824,.T.);
#4087=EDGE_CURVE('',#3291,#3285,#1825,.T.);
#4088=EDGE_CURVE('',#3293,#3294,#1826,.T.);
#4089=EDGE_CURVE('',#3294,#3266,#496,.T.);
#4090=EDGE_CURVE('',#3263,#3293,#1827,.T.);
#4091=EDGE_CURVE('',#3267,#3291,#497,.T.);
#4092=EDGE_CURVE('',#3294,#3295,#1828,.T.);
#4093=EDGE_CURVE('',#3292,#3295,#498,.T.);
#4094=EDGE_CURVE('',#3266,#3267,#499,.T.);
#4095=EDGE_CURVE('',#3296,#3293,#1829,.T.);
#4096=EDGE_CURVE('',#3295,#3296,#1830,.T.);
#4097=EDGE_CURVE('',#3011,#3012,#500,.T.);
#4098=EDGE_CURVE('',#3297,#3011,#1831,.T.);
#4099=EDGE_CURVE('',#3297,#3298,#501,.T.);
#4100=EDGE_CURVE('',#3298,#3012,#1832,.T.);
#4101=EDGE_CURVE('',#3073,#3297,#1833,.T.);
#4102=EDGE_CURVE('',#3010,#3011,#1834,.T.);
#4103=EDGE_CURVE('',#3073,#3009,#1835,.T.);
#4104=EDGE_CURVE('',#2994,#3012,#1836,.T.);
#4105=EDGE_CURVE('',#3287,#2996,#1837,.T.);
#4106=EDGE_CURVE('',#3010,#3296,#1838,.T.);
#4107=EDGE_CURVE('',#3011,#2979,#1839,.T.);
#4108=EDGE_CURVE('',#3012,#2978,#1840,.T.);
#4109=EDGE_CURVE('',#2980,#3010,#1841,.T.);
#4110=EDGE_CURVE('',#3299,#3300,#1842,.T.);
#4111=EDGE_CURVE('',#3301,#3300,#1843,.T.);
#4112=EDGE_CURVE('',#3301,#3302,#1844,.T.);
#4113=EDGE_CURVE('',#3299,#3302,#1845,.T.);
#4114=EDGE_CURVE('',#3303,#3304,#1846,.T.);
#4115=EDGE_CURVE('',#3304,#2846,#502,.T.);
#4116=EDGE_CURVE('',#2845,#3303,#1847,.T.);
#4117=EDGE_CURVE('',#3300,#2848,#503,.T.);
#4118=EDGE_CURVE('',#2847,#3301,#504,.T.);
#4119=EDGE_CURVE('',#3305,#3299,#505,.T.);
#4120=EDGE_CURVE('',#3094,#3305,#1848,.T.);
#4121=EDGE_CURVE('',#2848,#2849,#506,.T.);
#4122=EDGE_CURVE('',#3304,#3306,#1849,.T.);
#4123=EDGE_CURVE('',#3302,#3306,#507,.T.);
#4124=EDGE_CURVE('',#2846,#2847,#508,.T.);
#4125=EDGE_CURVE('',#3307,#3303,#1850,.T.);
#4126=EDGE_CURVE('',#3306,#3307,#1851,.T.);
#4127=EDGE_CURVE('',#2950,#2979,#1852,.T.);
#4128=EDGE_CURVE('',#2978,#2979,#509,.T.);
#4129=EDGE_CURVE('',#2978,#2951,#1853,.T.);
#4130=EDGE_CURVE('',#2979,#2980,#1854,.T.);
#4131=EDGE_CURVE('',#2981,#2915,#1855,.T.);
#4132=EDGE_CURVE('',#2938,#2973,#1856,.T.);
#4133=EDGE_CURVE('',#2937,#2974,#1857,.T.);
#4134=EDGE_CURVE('',#2971,#2972,#1858,.T.);
#4135=EDGE_CURVE('',#2886,#2970,#1859,.T.);
#4136=EDGE_CURVE('',#3095,#3308,#1860,.T.);
#4137=EDGE_CURVE('',#3308,#3305,#1861,.T.);
#4138=EDGE_CURVE('',#3308,#2980,#1862,.T.);
#4139=EDGE_CURVE('',#2974,#2978,#1863,.T.);
#4140=EDGE_CURVE('',#2974,#3288,#1864,.T.);
#4141=EDGE_CURVE('',#2971,#3307,#1865,.T.);
#4142=EDGE_CURVE('',#2972,#2974,#510,.T.);
#4143=EDGE_CURVE('',#3288,#3290,#511,.T.);
#4144=EDGE_CURVE('',#3309,#3310,#512,.T.);
#4145=EDGE_CURVE('',#3309,#3311,#1866,.T.);
#4146=EDGE_CURVE('',#3312,#3311,#513,.T.);
#4147=EDGE_CURVE('',#3310,#3312,#1867,.T.);
#4148=EDGE_CURVE('',#3313,#3314,#1868,.T.);
#4149=EDGE_CURVE('',#3313,#3000,#1869,.T.);
#4150=EDGE_CURVE('',#2999,#3000,#1870,.T.);
#4151=EDGE_CURVE('',#3315,#2998,#1871,.T.);
#4152=EDGE_CURVE('',#3315,#3314,#1872,.T.);
#4153=EDGE_CURVE('',#3316,#3317,#1873,.T.);
#4154=EDGE_CURVE('',#3311,#3316,#1874,.T.);
#4155=EDGE_CURVE('',#3317,#3309,#1875,.T.);
#4156=EDGE_CURVE('',#3000,#3001,#514,.T.);
#4157=EDGE_CURVE('',#3099,#3313,#515,.T.);
#4158=EDGE_CURVE('',#3001,#3099,#1876,.T.);
#4159=EDGE_CURVE('',#3005,#3006,#516,.T.);
#4160=EDGE_CURVE('',#3006,#3007,#1877,.T.);
#4161=EDGE_CURVE('',#3318,#3007,#1878,.T.);
#4162=EDGE_CURVE('',#3318,#3319,#1879,.T.);
#4163=EDGE_CURVE('',#3319,#3320,#517,.T.);
#4164=EDGE_CURVE('',#3312,#3320,#1880,.T.);
#4165=EDGE_CURVE('',#2999,#3316,#1881,.T.);
#4166=EDGE_CURVE('',#3005,#3001,#1882,.T.);
#4167=EDGE_CURVE('',#3000,#2967,#1883,.T.);
#4168=EDGE_CURVE('',#3001,#2966,#1884,.T.);
#4169=EDGE_CURVE('',#2968,#2999,#1885,.T.);
#4170=EDGE_CURVE('',#3320,#3321,#1886,.T.);
#4171=EDGE_CURVE('',#3310,#3321,#1887,.T.);
#4172=EDGE_CURVE('',#3322,#3100,#518,.T.);
#4173=EDGE_CURVE('',#3322,#3006,#1888,.T.);
#4174=EDGE_CURVE('',#3005,#3100,#1889,.T.);
#4175=EDGE_CURVE('',#2959,#3318,#1890,.T.);
#4176=EDGE_CURVE('',#3323,#2959,#1891,.T.);
#4177=EDGE_CURVE('',#3323,#3319,#1892,.T.);
#4178=EDGE_CURVE('',#3321,#3323,#519,.T.);
#4179=EDGE_CURVE('',#2958,#3322,#1893,.T.);
#4180=EDGE_CURVE('',#2958,#3072,#1894,.T.);
#4181=EDGE_CURVE('',#3008,#3072,#1895,.T.);
#4182=EDGE_CURVE('',#3314,#3317,#1896,.T.);
#4183=EDGE_CURVE('',#2985,#3005,#1897,.T.);
#4184=EDGE_CURVE('',#3006,#2984,#1898,.T.);
#4185=EDGE_CURVE('',#3007,#2983,#1899,.T.);
#4186=EDGE_CURVE('',#2969,#2885,#1900,.T.);
#4187=EDGE_CURVE('',#3315,#3106,#1901,.T.);
#4188=EDGE_CURVE('',#3155,#3281,#1902,.T.);
#4189=EDGE_CURVE('',#2939,#2967,#1903,.T.);
#4190=EDGE_CURVE('',#2966,#2967,#520,.T.);
#4191=EDGE_CURVE('',#3324,#3325,#1904,.T.);
#4192=EDGE_CURVE('',#3326,#3324,#521,.T.);
#4193=EDGE_CURVE('',#3327,#3326,#1905,.T.);
#4194=EDGE_CURVE('',#3327,#3328,#1906,.T.);
#4195=EDGE_CURVE('',#3325,#3328,#1907,.T.);
#4196=EDGE_CURVE('',#2834,#3329,#1908,.T.);
#4197=EDGE_CURVE('',#3328,#3329,#522,.T.);
#4198=EDGE_CURVE('',#2835,#3327,#523,.T.);
#4199=EDGE_CURVE('',#2967,#2968,#1909,.T.);
#4200=EDGE_CURVE('',#2984,#2985,#524,.T.);
#4201=EDGE_CURVE('',#2966,#2985,#1910,.T.);
#4202=EDGE_CURVE('',#3325,#2968,#1911,.T.);
#4203=EDGE_CURVE('',#3329,#3330,#1912,.T.);
#4204=EDGE_CURVE('',#3330,#3331,#525,.T.);
#4205=EDGE_CURVE('',#3331,#3332,#1913,.T.);
#4206=EDGE_CURVE('',#2983,#3332,#1914,.T.);
#4207=EDGE_CURVE('',#2983,#2984,#1915,.T.);
#4208=EDGE_CURVE('',#3317,#3269,#1916,.T.);
#4209=EDGE_CURVE('',#3324,#3273,#1917,.T.);
#4210=EDGE_CURVE('',#2833,#3330,#1918,.T.);
#4211=EDGE_CURVE('',#2945,#2984,#1919,.T.);
#4212=EDGE_CURVE('',#2916,#2982,#1920,.T.);
#4213=EDGE_CURVE('',#2946,#2949,#1921,.T.);
#4214=EDGE_CURVE('',#3333,#3331,#1922,.T.);
#4215=EDGE_CURVE('',#3333,#2822,#526,.T.);
#4216=EDGE_CURVE('',#3334,#3335,#1923,.T.);
#4217=EDGE_CURVE('',#3332,#3334,#1924,.T.);
#4218=EDGE_CURVE('',#3336,#3333,#1925,.T.);
#4219=EDGE_CURVE('',#3336,#3335,#1926,.T.);
#4220=EDGE_CURVE('',#3335,#2946,#1927,.T.);
#4221=EDGE_CURVE('',#2949,#3334,#1928,.T.);
#4222=EDGE_CURVE('',#3334,#3272,#1929,.T.);
#4223=EDGE_CURVE('',#2829,#3336,#1930,.T.);
#4224=EDGE_CURVE('',#3337,#3338,#1931,.T.);
#4225=EDGE_CURVE('',#3338,#3013,#1932,.T.);
#4226=EDGE_CURVE('',#3339,#3298,#1933,.T.);
#4227=EDGE_CURVE('',#3339,#3340,#1934,.T.);
#4228=EDGE_CURVE('',#3340,#3341,#1935,.T.);
#4229=EDGE_CURVE('',#3341,#3337,#1936,.T.);
#4230=EDGE_CURVE('',#3004,#3342,#1937,.T.);
#4231=EDGE_CURVE('',#3100,#3342,#1938,.T.);
#4232=EDGE_CURVE('',#3343,#3002,#1939,.T.);
#4233=EDGE_CURVE('',#3343,#3099,#1940,.T.);
#4234=EDGE_CURVE('',#3344,#3345,#1941,.T.);
#4235=EDGE_CURVE('',#3345,#3346,#1942,.T.);
#4236=EDGE_CURVE('',#3279,#3346,#1943,.T.);
#4237=EDGE_CURVE('',#2993,#3347,#1944,.T.);
#4238=EDGE_CURVE('',#3347,#3348,#1945,.T.);
#4239=EDGE_CURVE('',#3348,#3344,#1946,.T.);
#4240=EDGE_CURVE('',#3349,#3342,#527,.T.);
#4241=EDGE_CURVE('',#3349,#3003,#1947,.T.);
#4242=EDGE_CURVE('',#3343,#3349,#528,.T.);
#4243=EDGE_CURVE('',#3345,#3350,#529,.T.);
#4244=EDGE_CURVE('',#3350,#3351,#1948,.T.);
#4245=EDGE_CURVE('',#3351,#3347,#530,.T.);
#4246=EDGE_CURVE('',#3352,#3014,#1949,.T.);
#4247=EDGE_CURVE('',#3352,#3346,#531,.T.);
#4248=EDGE_CURVE('',#3351,#3353,#1950,.T.);
#4249=EDGE_CURVE('',#3348,#3353,#1951,.T.);
#4250=EDGE_CURVE('',#3353,#3354,#1952,.T.);
#4251=EDGE_CURVE('',#3344,#3354,#1953,.T.);
#4252=EDGE_CURVE('',#3354,#3350,#1954,.T.);
#4253=EDGE_CURVE('',#3338,#3355,#532,.T.);
#4254=EDGE_CURVE('',#3355,#3356,#1955,.T.);
#4255=EDGE_CURVE('',#3356,#3340,#533,.T.);
#4256=EDGE_CURVE('',#3339,#3352,#534,.T.);
#4257=EDGE_CURVE('',#3356,#3357,#1956,.T.);
#4258=EDGE_CURVE('',#3341,#3357,#1957,.T.);
#4259=EDGE_CURVE('',#3357,#3358,#1958,.T.);
#4260=EDGE_CURVE('',#3337,#3358,#1959,.T.);
#4261=EDGE_CURVE('',#3358,#3355,#1960,.T.);
#4262=EDGE_CURVE('',#2977,#2952,#1961,.T.);
#4263=EDGE_CURVE('',#2936,#2975,#1962,.T.);
#4264=EDGE_CURVE('',#2953,#2976,#1963,.T.);
#4265=EDGE_CURVE('',#3252,#3359,#535,.T.);
#4266=EDGE_CURVE('',#3359,#3360,#1964,.T.);
#4267=EDGE_CURVE('',#3360,#3253,#536,.T.);
#4268=EDGE_CURVE('',#2942,#2987,#1965,.T.);
#4269=EDGE_CURVE('',#3360,#3361,#1966,.T.);
#4270=EDGE_CURVE('',#3254,#3361,#1967,.T.);
#4271=EDGE_CURVE('',#3361,#3362,#1968,.T.);
#4272=EDGE_CURVE('',#3251,#3362,#1969,.T.);
#4273=EDGE_CURVE('',#3362,#3359,#1970,.T.);
#4274=EDGE_CURVE('',#3248,#3363,#537,.T.);
#4275=EDGE_CURVE('',#3363,#3364,#1971,.T.);
#4276=EDGE_CURVE('',#3364,#3249,#538,.T.);
#4277=EDGE_CURVE('',#3364,#3365,#1972,.T.);
#4278=EDGE_CURVE('',#3250,#3365,#1973,.T.);
#4279=EDGE_CURVE('',#3365,#3366,#1974,.T.);
#4280=EDGE_CURVE('',#3247,#3366,#1975,.T.);
#4281=EDGE_CURVE('',#3366,#3363,#1976,.T.);
#4282=EDGE_CURVE('',#2835,#3274,#1977,.T.);
#4283=EDGE_CURVE('',#3271,#2830,#1978,.T.);
#4284=EDGE_CURVE('',#2844,#3270,#1979,.T.);
#4285=EDGE_CURVE('',#3367,#2821,#1980,.T.);
#4286=EDGE_CURVE('',#3272,#3367,#539,.T.);
#4287=EDGE_CURVE('',#2825,#3368,#1981,.T.);
#4288=EDGE_CURVE('',#3369,#3368,#1982,.T.);
#4289=EDGE_CURVE('',#3369,#2826,#1983,.T.);
#4290=EDGE_CURVE('',#3336,#3367,#1984,.T.);
#4291=EDGE_CURVE('',#2828,#2829,#1985,.T.);
#4292=EDGE_CURVE('',#3368,#2829,#540,.T.);
#4293=EDGE_CURVE('',#3370,#3326,#1986,.T.);
#4294=EDGE_CURVE('',#3370,#3273,#541,.T.);
#4295=EDGE_CURVE('',#3274,#3370,#1987,.T.);
#4296=EDGE_CURVE('',#2842,#3371,#542,.T.);
#4297=EDGE_CURVE('',#3371,#2841,#1988,.T.);
#4298=EDGE_CURVE('',#2827,#3369,#543,.T.);
#4299=EDGE_CURVE('',#3372,#2843,#544,.T.);
#4300=EDGE_CURVE('',#3371,#3372,#1989,.T.);
#4301=EDGE_CURVE('',#2840,#3372,#1990,.T.);
#4302=EDGE_CURVE('',#3373,#3373,#545,.T.);
#4303=EDGE_CURVE('',#3374,#3374,#546,.T.);
#4304=EDGE_CURVE('',#2852,#3373,#1991,.T.);
#4305=EDGE_CURVE('',#2853,#3374,#1992,.T.);
#4306=EDGE_CURVE('',#2897,#2930,#1993,.T.);
#4307=EDGE_CURVE('',#2898,#2933,#1994,.T.);
#4308=EDGE_CURVE('',#2899,#2932,#1995,.T.);
#4309=EDGE_CURVE('',#2900,#2931,#1996,.T.);
#4310=EDGE_CURVE('',#2865,#3375,#1997,.T.);
#4311=EDGE_CURVE('',#3375,#3376,#1998,.T.);
#4312=EDGE_CURVE('',#2866,#3376,#1999,.T.);
#4313=EDGE_CURVE('',#3018,#3377,#2000,.T.);
#4314=EDGE_CURVE('',#3377,#3378,#2001,.T.);
#4315=EDGE_CURVE('',#3019,#3378,#2002,.T.);
#4316=EDGE_CURVE('',#2896,#3379,#2003,.T.);
#4317=EDGE_CURVE('',#3379,#3380,#2004,.T.);
#4318=EDGE_CURVE('',#2888,#3380,#2005,.T.);
#4319=EDGE_CURVE('',#2890,#3381,#2006,.T.);
#4320=EDGE_CURVE('',#3381,#3382,#2007,.T.);
#4321=EDGE_CURVE('',#2891,#3382,#2008,.T.);
#4322=EDGE_CURVE('',#3382,#3383,#2009,.T.);
#4323=EDGE_CURVE('',#2892,#3383,#2010,.T.);
#4324=EDGE_CURVE('',#3082,#3087,#2011,.T.);
#4325=EDGE_CURVE('',#3083,#3090,#2012,.T.);
#4326=EDGE_CURVE('',#3084,#3089,#2013,.T.);
#4327=EDGE_CURVE('',#3081,#3088,#2014,.T.);
#4328=EDGE_CURVE('',#3156,#3105,#2015,.T.);
#4329=EDGE_CURVE('',#3384,#3385,#2016,.T.);
#4330=EDGE_CURVE('',#3385,#3386,#2017,.T.);
#4331=EDGE_CURVE('',#3386,#3387,#2018,.T.);
#4332=EDGE_CURVE('',#3387,#3384,#2019,.T.);
#4333=EDGE_CURVE('',#3388,#3389,#2020,.T.);
#4334=EDGE_CURVE('',#3390,#3388,#2021,.T.);
#4335=EDGE_CURVE('',#3391,#3390,#2022,.T.);
#4336=EDGE_CURVE('',#3389,#3391,#2023,.T.);
#4337=EDGE_CURVE('',#3392,#3393,#2024,.T.);
#4338=EDGE_CURVE('',#3394,#3392,#2025,.T.);
#4339=EDGE_CURVE('',#3395,#3394,#2026,.T.);
#4340=EDGE_CURVE('',#3393,#3395,#2027,.T.);
#4341=EDGE_CURVE('',#3385,#3388,#2028,.T.);
#4342=EDGE_CURVE('',#3386,#3389,#2029,.T.);
#4343=EDGE_CURVE('',#3387,#3391,#2030,.T.);
#4344=EDGE_CURVE('',#3384,#3390,#2031,.T.);
#4345=EDGE_CURVE('',#3078,#3392,#2032,.T.);
#4346=EDGE_CURVE('',#3079,#3393,#2033,.T.);
#4347=EDGE_CURVE('',#3080,#3395,#2034,.T.);
#4348=EDGE_CURVE('',#3077,#3394,#2035,.T.);
#4349=EDGE_CURVE('',#3396,#3397,#2809,.T.);
#4350=EDGE_CURVE('',#3397,#3398,#2036,.T.);
#4351=EDGE_CURVE('',#3398,#3399,#2810,.T.);
#4352=EDGE_CURVE('',#3399,#3400,#2811,.T.);
#4353=EDGE_CURVE('',#3400,#3396,#2037,.T.);
#4354=EDGE_CURVE('',#3380,#3401,#2038,.T.);
#4355=EDGE_CURVE('',#3401,#2889,#2039,.T.);
#4356=EDGE_CURVE('',#3402,#3402,#547,.T.);
#4357=EDGE_CURVE('',#3402,#3104,#2040,.T.);
#4358=EDGE_CURVE('',#3098,#3076,#2041,.T.);
#4359=EDGE_CURVE('',#2864,#3403,#2042,.T.);
#4360=EDGE_CURVE('',#2920,#3399,#2043,.T.);
#4361=EDGE_CURVE('',#3400,#3398,#548,.T.);
#4362=EDGE_CURVE('',#3404,#3020,#2044,.T.);
#4363=EDGE_CURVE('',#3381,#3404,#549,.T.);
#4364=EDGE_CURVE('',#3403,#3401,#550,.T.);
#4365=EDGE_CURVE('',#3405,#3405,#551,.T.);
#4366=EDGE_CURVE('',#3406,#3406,#552,.T.);
#4367=EDGE_CURVE('',#3102,#3314,#2045,.T.);
#4368=EDGE_CURVE('',#3281,#3315,#2046,.T.);
#4369=EDGE_CURVE('',#3407,#3407,#553,.T.);
#4370=EDGE_CURVE('',#3397,#3408,#554,.T.);
#4371=EDGE_CURVE('',#3408,#3396,#555,.T.);
#4372=EDGE_CURVE('',#3378,#3404,#2047,.T.);
#4373=EDGE_CURVE('',#3403,#3375,#2048,.T.);
#4374=EDGE_CURVE('',#2964,#3409,#2049,.T.);
#4375=EDGE_CURVE('',#3409,#3409,#556,.T.);
#4376=EDGE_CURVE('',#2837,#2934,#2050,.T.);
#4377=EDGE_CURVE('',#3096,#3103,#2051,.T.);
#4378=EDGE_CURVE('',#2856,#3408,#2052,.T.);
#4379=EDGE_CURVE('',#3016,#2992,#2053,.T.);
#4380=EDGE_CURVE('',#3410,#3411,#2812,.T.);
#4381=EDGE_CURVE('',#3411,#3412,#2813,.T.);
#4382=EDGE_CURVE('',#3413,#3412,#2054,.T.);
#4383=EDGE_CURVE('',#3413,#3414,#2814,.T.);
#4384=EDGE_CURVE('',#3410,#3414,#2055,.T.);
#4385=EDGE_CURVE('',#3017,#3415,#2056,.T.);
#4386=EDGE_CURVE('',#3415,#3377,#2057,.T.);
#4387=EDGE_CURVE('',#3376,#3416,#2058,.T.);
#4388=EDGE_CURVE('',#3416,#2867,#2059,.T.);
#4389=EDGE_CURVE('',#3417,#3416,#557,.T.);
#4390=EDGE_CURVE('',#2895,#3417,#2060,.T.);
#4391=EDGE_CURVE('',#2894,#3418,#2061,.T.);
#4392=EDGE_CURVE('',#3414,#3418,#558,.T.);
#4393=EDGE_CURVE('',#3418,#3413,#559,.T.);
#4394=EDGE_CURVE('',#3419,#2893,#2062,.T.);
#4395=EDGE_CURVE('',#3415,#3419,#560,.T.);
#4396=EDGE_CURVE('',#3407,#3406,#2063,.T.);
#4397=EDGE_CURVE('',#3093,#3420,#2064,.T.);
#4398=EDGE_CURVE('',#3421,#3420,#2815,.T.);
#4399=EDGE_CURVE('',#3420,#3421,#2816,.T.);
#4400=EDGE_CURVE('',#3101,#3158,#2065,.T.);
#4401=EDGE_CURVE('',#3422,#3423,#2817,.T.);
#4402=EDGE_CURVE('',#3423,#3422,#2818,.T.);
#4403=EDGE_CURVE('',#3424,#3424,#561,.T.);
#4404=EDGE_CURVE('',#2923,#2921,#2819,.T.);
#4405=EDGE_CURVE('',#3412,#3410,#562,.T.);
#4406=EDGE_CURVE('',#3383,#3419,#2066,.T.);
#4407=EDGE_CURVE('',#3417,#3379,#2067,.T.);
#4408=EDGE_CURVE('',#2836,#2922,#2068,.T.);
#4409=EDGE_CURVE('',#3423,#3424,#2069,.T.);
#4410=EDGE_CURVE('',#2854,#3411,#2070,.T.);
#4411=EDGE_CURVE('',#3091,#3405,#2071,.T.);
#4412=EDGE_CURVE('',#2988,#3015,#2072,.T.);
#4413=EDGE_CURVE('',#2954,#2861,#2073,.T.);
#4414=EDGE_CURVE('',#3425,#3425,#563,.T.);
#4415=EDGE_CURVE('',#3425,#3426,#2074,.T.);
#4416=EDGE_CURVE('',#3426,#3426,#564,.T.);
#4417=EDGE_CURVE('',#3427,#3427,#565,.T.);
#4418=EDGE_CURVE('',#3427,#3428,#2075,.T.);
#4419=EDGE_CURVE('',#3428,#3428,#566,.T.);
#4420=ORIENTED_EDGE('',*,*,#3429,.T.);
#4421=ORIENTED_EDGE('',*,*,#3430,.T.);
#4422=ORIENTED_EDGE('',*,*,#3431,.F.);
#4423=ORIENTED_EDGE('',*,*,#3432,.T.);
#4424=ORIENTED_EDGE('',*,*,#3433,.T.);
#4425=ORIENTED_EDGE('',*,*,#3434,.T.);
#4426=ORIENTED_EDGE('',*,*,#3435,.T.);
#4427=ORIENTED_EDGE('',*,*,#3436,.F.);
#4428=ORIENTED_EDGE('',*,*,#3437,.T.);
#4429=ORIENTED_EDGE('',*,*,#3438,.T.);
#4430=ORIENTED_EDGE('',*,*,#3439,.T.);
#4431=ORIENTED_EDGE('',*,*,#3440,.T.);
#4432=ORIENTED_EDGE('',*,*,#3441,.T.);
#4433=ORIENTED_EDGE('',*,*,#3431,.T.);
#4434=ORIENTED_EDGE('',*,*,#3442,.T.);
#4435=ORIENTED_EDGE('',*,*,#3443,.T.);
#4436=ORIENTED_EDGE('',*,*,#3444,.T.);
#4437=ORIENTED_EDGE('',*,*,#3445,.T.);
#4438=ORIENTED_EDGE('',*,*,#3446,.T.);
#4439=ORIENTED_EDGE('',*,*,#3447,.T.);
#4440=ORIENTED_EDGE('',*,*,#3448,.T.);
#4441=ORIENTED_EDGE('',*,*,#3449,.T.);
#4442=ORIENTED_EDGE('',*,*,#3450,.T.);
#4443=ORIENTED_EDGE('',*,*,#3451,.T.);
#4444=ORIENTED_EDGE('',*,*,#3452,.F.);
#4445=ORIENTED_EDGE('',*,*,#3453,.T.);
#4446=ORIENTED_EDGE('',*,*,#3454,.T.);
#4447=ORIENTED_EDGE('',*,*,#3455,.F.);
#4448=ORIENTED_EDGE('',*,*,#3456,.F.);
#4449=ORIENTED_EDGE('',*,*,#3457,.F.);
#4450=ORIENTED_EDGE('',*,*,#3458,.F.);
#4451=ORIENTED_EDGE('',*,*,#3459,.F.);
#4452=ORIENTED_EDGE('',*,*,#3460,.F.);
#4453=ORIENTED_EDGE('',*,*,#3461,.F.);
#4454=ORIENTED_EDGE('',*,*,#3462,.T.);
#4455=ORIENTED_EDGE('',*,*,#3440,.F.);
#4456=ORIENTED_EDGE('',*,*,#3463,.T.);
#4457=ORIENTED_EDGE('',*,*,#3464,.T.);
#4458=ORIENTED_EDGE('',*,*,#3465,.F.);
#4459=ORIENTED_EDGE('',*,*,#3466,.T.);
#4460=ORIENTED_EDGE('',*,*,#3467,.F.);
#4461=ORIENTED_EDGE('',*,*,#3468,.T.);
#4462=ORIENTED_EDGE('',*,*,#3469,.F.);
#4463=ORIENTED_EDGE('',*,*,#3470,.T.);
#4464=ORIENTED_EDGE('',*,*,#3466,.F.);
#4465=ORIENTED_EDGE('',*,*,#3470,.F.);
#4466=ORIENTED_EDGE('',*,*,#3471,.F.);
#4467=ORIENTED_EDGE('',*,*,#3472,.T.);
#4468=ORIENTED_EDGE('',*,*,#3468,.F.);
#4469=ORIENTED_EDGE('',*,*,#3472,.F.);
#4470=ORIENTED_EDGE('',*,*,#3473,.T.);
#4471=ORIENTED_EDGE('',*,*,#3474,.T.);
#4472=ORIENTED_EDGE('',*,*,#3475,.T.);
#4473=ORIENTED_EDGE('',*,*,#3476,.T.);
#4474=ORIENTED_EDGE('',*,*,#3477,.T.);
#4475=ORIENTED_EDGE('',*,*,#3478,.T.);
#4476=ORIENTED_EDGE('',*,*,#3479,.T.);
#4477=ORIENTED_EDGE('',*,*,#3480,.T.);
#4478=ORIENTED_EDGE('',*,*,#3481,.F.);
#4479=ORIENTED_EDGE('',*,*,#3482,.F.);
#4480=ORIENTED_EDGE('',*,*,#3483,.F.);
#4481=ORIENTED_EDGE('',*,*,#3484,.F.);
#4482=ORIENTED_EDGE('',*,*,#3485,.F.);
#4483=ORIENTED_EDGE('',*,*,#3486,.T.);
#4484=ORIENTED_EDGE('',*,*,#3487,.F.);
#4485=ORIENTED_EDGE('',*,*,#3488,.T.);
#4486=ORIENTED_EDGE('',*,*,#3489,.F.);
#4487=ORIENTED_EDGE('',*,*,#3488,.F.);
#4488=ORIENTED_EDGE('',*,*,#3490,.F.);
#4489=ORIENTED_EDGE('',*,*,#3491,.T.);
#4490=ORIENTED_EDGE('',*,*,#3492,.F.);
#4491=ORIENTED_EDGE('',*,*,#3491,.F.);
#4492=ORIENTED_EDGE('',*,*,#3493,.F.);
#4493=ORIENTED_EDGE('',*,*,#3494,.T.);
#4494=ORIENTED_EDGE('',*,*,#3495,.F.);
#4495=ORIENTED_EDGE('',*,*,#3494,.F.);
#4496=ORIENTED_EDGE('',*,*,#3496,.T.);
#4497=ORIENTED_EDGE('',*,*,#3497,.T.);
#4498=ORIENTED_EDGE('',*,*,#3498,.F.);
#4499=ORIENTED_EDGE('',*,*,#3497,.F.);
#4500=ORIENTED_EDGE('',*,*,#3481,.T.);
#4501=ORIENTED_EDGE('',*,*,#3499,.T.);
#4502=ORIENTED_EDGE('',*,*,#3500,.T.);
#4503=ORIENTED_EDGE('',*,*,#3501,.F.);
#4504=ORIENTED_EDGE('',*,*,#3502,.F.);
#4505=ORIENTED_EDGE('',*,*,#3503,.F.);
#4506=ORIENTED_EDGE('',*,*,#3504,.F.);
#4507=ORIENTED_EDGE('',*,*,#3505,.F.);
#4508=ORIENTED_EDGE('',*,*,#3484,.T.);
#4509=ORIENTED_EDGE('',*,*,#3506,.F.);
#4510=ORIENTED_EDGE('',*,*,#3507,.T.);
#4511=ORIENTED_EDGE('',*,*,#3508,.T.);
#4512=ORIENTED_EDGE('',*,*,#3509,.T.);
#4513=ORIENTED_EDGE('',*,*,#3510,.T.);
#4514=ORIENTED_EDGE('',*,*,#3511,.T.);
#4515=ORIENTED_EDGE('',*,*,#3512,.T.);
#4516=ORIENTED_EDGE('',*,*,#3513,.T.);
#4517=ORIENTED_EDGE('',*,*,#3514,.T.);
#4518=ORIENTED_EDGE('',*,*,#3515,.T.);
#4519=ORIENTED_EDGE('',*,*,#3516,.T.);
#4520=ORIENTED_EDGE('',*,*,#3517,.T.);
#4521=ORIENTED_EDGE('',*,*,#3518,.T.);
#4522=ORIENTED_EDGE('',*,*,#3519,.T.);
#4523=ORIENTED_EDGE('',*,*,#3520,.T.);
#4524=ORIENTED_EDGE('',*,*,#3521,.T.);
#4525=ORIENTED_EDGE('',*,*,#3482,.T.);
#4526=ORIENTED_EDGE('',*,*,#3506,.T.);
#4527=ORIENTED_EDGE('',*,*,#3483,.T.);
#4528=ORIENTED_EDGE('',*,*,#3521,.F.);
#4529=ORIENTED_EDGE('',*,*,#3449,.F.);
#4530=ORIENTED_EDGE('',*,*,#3522,.T.);
#4531=ORIENTED_EDGE('',*,*,#3523,.F.);
#4532=ORIENTED_EDGE('',*,*,#3524,.F.);
#4533=ORIENTED_EDGE('',*,*,#3525,.F.);
#4534=ORIENTED_EDGE('',*,*,#3522,.F.);
#4535=ORIENTED_EDGE('',*,*,#3526,.F.);
#4536=ORIENTED_EDGE('',*,*,#3527,.F.);
#4537=ORIENTED_EDGE('',*,*,#3528,.T.);
#4538=ORIENTED_EDGE('',*,*,#3529,.F.);
#4539=ORIENTED_EDGE('',*,*,#3528,.F.);
#4540=ORIENTED_EDGE('',*,*,#3530,.F.);
#4541=ORIENTED_EDGE('',*,*,#3531,.F.);
#4542=ORIENTED_EDGE('',*,*,#3532,.T.);
#4543=ORIENTED_EDGE('',*,*,#3533,.F.);
#4544=ORIENTED_EDGE('',*,*,#3532,.F.);
#4545=ORIENTED_EDGE('',*,*,#3448,.F.);
#4546=ORIENTED_EDGE('',*,*,#3534,.T.);
#4547=ORIENTED_EDGE('',*,*,#3535,.F.);
#4548=ORIENTED_EDGE('',*,*,#3536,.F.);
#4549=ORIENTED_EDGE('',*,*,#3537,.F.);
#4550=ORIENTED_EDGE('',*,*,#3534,.F.);
#4551=ORIENTED_EDGE('',*,*,#3538,.T.);
#4552=ORIENTED_EDGE('',*,*,#3486,.F.);
#4553=ORIENTED_EDGE('',*,*,#3539,.F.);
#4554=ORIENTED_EDGE('',*,*,#3540,.T.);
#4555=ORIENTED_EDGE('',*,*,#3541,.T.);
#4556=ORIENTED_EDGE('',*,*,#3542,.T.);
#4557=ORIENTED_EDGE('',*,*,#3543,.F.);
#4558=ORIENTED_EDGE('',*,*,#3544,.F.);
#4559=ORIENTED_EDGE('',*,*,#3545,.T.);
#4560=ORIENTED_EDGE('',*,*,#3546,.T.);
#4561=ORIENTED_EDGE('',*,*,#3475,.F.);
#4562=ORIENTED_EDGE('',*,*,#3523,.T.);
#4563=ORIENTED_EDGE('',*,*,#3525,.T.);
#4564=ORIENTED_EDGE('',*,*,#3547,.T.);
#4565=ORIENTED_EDGE('',*,*,#3548,.T.);
#4566=ORIENTED_EDGE('',*,*,#3549,.T.);
#4567=ORIENTED_EDGE('',*,*,#3550,.T.);
#4568=ORIENTED_EDGE('',*,*,#3551,.F.);
#4569=ORIENTED_EDGE('',*,*,#3552,.F.);
#4570=ORIENTED_EDGE('',*,*,#3553,.T.);
#4571=ORIENTED_EDGE('',*,*,#3554,.F.);
#4572=ORIENTED_EDGE('',*,*,#3536,.T.);
#4573=ORIENTED_EDGE('',*,*,#3555,.F.);
#4574=ORIENTED_EDGE('',*,*,#3556,.F.);
#4575=ORIENTED_EDGE('',*,*,#3557,.T.);
#4576=ORIENTED_EDGE('',*,*,#3558,.T.);
#4577=ORIENTED_EDGE('',*,*,#3559,.T.);
#4578=ORIENTED_EDGE('',*,*,#3560,.T.);
#4579=ORIENTED_EDGE('',*,*,#3561,.T.);
#4580=ORIENTED_EDGE('',*,*,#3535,.T.);
#4581=ORIENTED_EDGE('',*,*,#3537,.T.);
#4582=ORIENTED_EDGE('',*,*,#3554,.T.);
#4583=ORIENTED_EDGE('',*,*,#3562,.T.);
#4584=ORIENTED_EDGE('',*,*,#3563,.T.);
#4585=ORIENTED_EDGE('',*,*,#3552,.T.);
#4586=ORIENTED_EDGE('',*,*,#3564,.F.);
#4587=ORIENTED_EDGE('',*,*,#3565,.T.);
#4588=ORIENTED_EDGE('',*,*,#3566,.F.);
#4589=ORIENTED_EDGE('',*,*,#3555,.T.);
#4590=ORIENTED_EDGE('',*,*,#3567,.T.);
#4591=ORIENTED_EDGE('',*,*,#3568,.F.);
#4592=ORIENTED_EDGE('',*,*,#3569,.F.);
#4593=ORIENTED_EDGE('',*,*,#3503,.T.);
#4594=ORIENTED_EDGE('',*,*,#3570,.T.);
#4595=ORIENTED_EDGE('',*,*,#3571,.T.);
#4596=ORIENTED_EDGE('',*,*,#3572,.T.);
#4597=ORIENTED_EDGE('',*,*,#3573,.F.);
#4598=ORIENTED_EDGE('',*,*,#3574,.F.);
#4599=ORIENTED_EDGE('',*,*,#3575,.T.);
#4600=ORIENTED_EDGE('',*,*,#3576,.T.);
#4601=ORIENTED_EDGE('',*,*,#3577,.T.);
#4602=ORIENTED_EDGE('',*,*,#3578,.T.);
#4603=ORIENTED_EDGE('',*,*,#3579,.F.);
#4604=ORIENTED_EDGE('',*,*,#3580,.T.);
#4605=ORIENTED_EDGE('',*,*,#3581,.F.);
#4606=ORIENTED_EDGE('',*,*,#3541,.F.);
#4607=ORIENTED_EDGE('',*,*,#3582,.T.);
#4608=ORIENTED_EDGE('',*,*,#3583,.F.);
#4609=ORIENTED_EDGE('',*,*,#3584,.T.);
#4610=ORIENTED_EDGE('',*,*,#3585,.F.);
#4611=ORIENTED_EDGE('',*,*,#3586,.F.);
#4612=ORIENTED_EDGE('',*,*,#3469,.T.);
#4613=ORIENTED_EDGE('',*,*,#3471,.T.);
#4614=ORIENTED_EDGE('',*,*,#3587,.T.);
#4615=ORIENTED_EDGE('',*,*,#3520,.F.);
#4616=ORIENTED_EDGE('',*,*,#3588,.T.);
#4617=ORIENTED_EDGE('',*,*,#3589,.T.);
#4618=ORIENTED_EDGE('',*,*,#3590,.T.);
#4619=ORIENTED_EDGE('',*,*,#3591,.T.);
#4620=ORIENTED_EDGE('',*,*,#3592,.T.);
#4621=ORIENTED_EDGE('',*,*,#3593,.F.);
#4622=ORIENTED_EDGE('',*,*,#3594,.F.);
#4623=ORIENTED_EDGE('',*,*,#3595,.F.);
#4624=ORIENTED_EDGE('',*,*,#3596,.T.);
#4625=ORIENTED_EDGE('',*,*,#3597,.T.);
#4626=ORIENTED_EDGE('',*,*,#3530,.T.);
#4627=ORIENTED_EDGE('',*,*,#3531,.T.);
#4628=ORIENTED_EDGE('',*,*,#3598,.T.);
#4629=ORIENTED_EDGE('',*,*,#3599,.T.);
#4630=ORIENTED_EDGE('',*,*,#3600,.T.);
#4631=ORIENTED_EDGE('',*,*,#3601,.F.);
#4632=ORIENTED_EDGE('',*,*,#3602,.F.);
#4633=ORIENTED_EDGE('',*,*,#3603,.F.);
#4634=ORIENTED_EDGE('',*,*,#3604,.T.);
#4635=ORIENTED_EDGE('',*,*,#3605,.T.);
#4636=ORIENTED_EDGE('',*,*,#3606,.T.);
#4637=ORIENTED_EDGE('',*,*,#3607,.T.);
#4638=ORIENTED_EDGE('',*,*,#3608,.F.);
#4639=ORIENTED_EDGE('',*,*,#3609,.F.);
#4640=ORIENTED_EDGE('',*,*,#3610,.T.);
#4641=ORIENTED_EDGE('',*,*,#3611,.T.);
#4642=ORIENTED_EDGE('',*,*,#3612,.T.);
#4643=ORIENTED_EDGE('',*,*,#3613,.F.);
#4644=ORIENTED_EDGE('',*,*,#3614,.F.);
#4645=ORIENTED_EDGE('',*,*,#3615,.F.);
#4646=ORIENTED_EDGE('',*,*,#3616,.T.);
#4647=ORIENTED_EDGE('',*,*,#3617,.T.);
#4648=ORIENTED_EDGE('',*,*,#3618,.T.);
#4649=ORIENTED_EDGE('',*,*,#3619,.F.);
#4650=ORIENTED_EDGE('',*,*,#3620,.F.);
#4651=ORIENTED_EDGE('',*,*,#3621,.T.);
#4652=ORIENTED_EDGE('',*,*,#3622,.F.);
#4653=ORIENTED_EDGE('',*,*,#3623,.T.);
#4654=ORIENTED_EDGE('',*,*,#3624,.F.);
#4655=ORIENTED_EDGE('',*,*,#3625,.T.);
#4656=ORIENTED_EDGE('',*,*,#3490,.T.);
#4657=ORIENTED_EDGE('',*,*,#3487,.T.);
#4658=ORIENTED_EDGE('',*,*,#3626,.T.);
#4659=ORIENTED_EDGE('',*,*,#3627,.T.);
#4660=ORIENTED_EDGE('',*,*,#3628,.T.);
#4661=ORIENTED_EDGE('',*,*,#3629,.F.);
#4662=ORIENTED_EDGE('',*,*,#3630,.F.);
#4663=ORIENTED_EDGE('',*,*,#3631,.F.);
#4664=ORIENTED_EDGE('',*,*,#3632,.T.);
#4665=ORIENTED_EDGE('',*,*,#3633,.T.);
#4666=ORIENTED_EDGE('',*,*,#3634,.T.);
#4667=ORIENTED_EDGE('',*,*,#3635,.F.);
#4668=ORIENTED_EDGE('',*,*,#3636,.F.);
#4669=ORIENTED_EDGE('',*,*,#3637,.T.);
#4670=ORIENTED_EDGE('',*,*,#3638,.T.);
#4671=ORIENTED_EDGE('',*,*,#3639,.T.);
#4672=ORIENTED_EDGE('',*,*,#3640,.F.);
#4673=ORIENTED_EDGE('',*,*,#3641,.F.);
#4674=ORIENTED_EDGE('',*,*,#3642,.F.);
#4675=ORIENTED_EDGE('',*,*,#3643,.T.);
#4676=ORIENTED_EDGE('',*,*,#3644,.T.);
#4677=ORIENTED_EDGE('',*,*,#3645,.T.);
#4678=ORIENTED_EDGE('',*,*,#3646,.F.);
#4679=ORIENTED_EDGE('',*,*,#3647,.F.);
#4680=ORIENTED_EDGE('',*,*,#3648,.T.);
#4681=ORIENTED_EDGE('',*,*,#3649,.T.);
#4682=ORIENTED_EDGE('',*,*,#3492,.T.);
#4683=ORIENTED_EDGE('',*,*,#3489,.T.);
#4684=ORIENTED_EDGE('',*,*,#3441,.F.);
#4685=ORIENTED_EDGE('',*,*,#3462,.F.);
#4686=ORIENTED_EDGE('',*,*,#3565,.F.);
#4687=ORIENTED_EDGE('',*,*,#3650,.F.);
#4688=ORIENTED_EDGE('',*,*,#3432,.F.);
#4689=ORIENTED_EDGE('',*,*,#3651,.T.);
#4690=ORIENTED_EDGE('',*,*,#3652,.T.);
#4691=ORIENTED_EDGE('',*,*,#3653,.T.);
#4692=ORIENTED_EDGE('',*,*,#3654,.T.);
#4693=ORIENTED_EDGE('',*,*,#3544,.T.);
#4694=ORIENTED_EDGE('',*,*,#3655,.F.);
#4695=ORIENTED_EDGE('',*,*,#3500,.F.);
#4696=ORIENTED_EDGE('',*,*,#3656,.T.);
#4697=ORIENTED_EDGE('',*,*,#3657,.T.);
#4698=ORIENTED_EDGE('',*,*,#3658,.T.);
#4699=ORIENTED_EDGE('',*,*,#3659,.T.);
#4700=ORIENTED_EDGE('',*,*,#3660,.T.);
#4701=ORIENTED_EDGE('',*,*,#3661,.T.);
#4702=ORIENTED_EDGE('',*,*,#3662,.T.);
#4703=ORIENTED_EDGE('',*,*,#3663,.T.);
#4704=ORIENTED_EDGE('',*,*,#3664,.T.);
#4705=ORIENTED_EDGE('',*,*,#3665,.T.);
#4706=ORIENTED_EDGE('',*,*,#3666,.T.);
#4707=ORIENTED_EDGE('',*,*,#3667,.T.);
#4708=ORIENTED_EDGE('',*,*,#3668,.T.);
#4709=ORIENTED_EDGE('',*,*,#3669,.T.);
#4710=ORIENTED_EDGE('',*,*,#3670,.T.);
#4711=ORIENTED_EDGE('',*,*,#3671,.T.);
#4712=ORIENTED_EDGE('',*,*,#3672,.T.);
#4713=ORIENTED_EDGE('',*,*,#3673,.F.);
#4714=ORIENTED_EDGE('',*,*,#3674,.F.);
#4715=ORIENTED_EDGE('',*,*,#3675,.F.);
#4716=ORIENTED_EDGE('',*,*,#3676,.F.);
#4717=ORIENTED_EDGE('',*,*,#3677,.F.);
#4718=ORIENTED_EDGE('',*,*,#3678,.F.);
#4719=ORIENTED_EDGE('',*,*,#3679,.F.);
#4720=ORIENTED_EDGE('',*,*,#3680,.F.);
#4721=ORIENTED_EDGE('',*,*,#3681,.F.);
#4722=ORIENTED_EDGE('',*,*,#3682,.F.);
#4723=ORIENTED_EDGE('',*,*,#3683,.F.);
#4724=ORIENTED_EDGE('',*,*,#3684,.F.);
#4725=ORIENTED_EDGE('',*,*,#3685,.F.);
#4726=ORIENTED_EDGE('',*,*,#3686,.F.);
#4727=ORIENTED_EDGE('',*,*,#3687,.F.);
#4728=ORIENTED_EDGE('',*,*,#3688,.F.);
#4729=ORIENTED_EDGE('',*,*,#3689,.F.);
#4730=ORIENTED_EDGE('',*,*,#3690,.F.);
#4731=ORIENTED_EDGE('',*,*,#3691,.F.);
#4732=ORIENTED_EDGE('',*,*,#3692,.F.);
#4733=ORIENTED_EDGE('',*,*,#3693,.F.);
#4734=ORIENTED_EDGE('',*,*,#3694,.F.);
#4735=ORIENTED_EDGE('',*,*,#3695,.F.);
#4736=ORIENTED_EDGE('',*,*,#3696,.F.);
#4737=ORIENTED_EDGE('',*,*,#3697,.F.);
#4738=ORIENTED_EDGE('',*,*,#3698,.F.);
#4739=ORIENTED_EDGE('',*,*,#3699,.F.);
#4740=ORIENTED_EDGE('',*,*,#3700,.F.);
#4741=ORIENTED_EDGE('',*,*,#3701,.F.);
#4742=ORIENTED_EDGE('',*,*,#3702,.F.);
#4743=ORIENTED_EDGE('',*,*,#3703,.F.);
#4744=ORIENTED_EDGE('',*,*,#3704,.F.);
#4745=ORIENTED_EDGE('',*,*,#3705,.T.);
#4746=ORIENTED_EDGE('',*,*,#3706,.F.);
#4747=ORIENTED_EDGE('',*,*,#3707,.F.);
#4748=ORIENTED_EDGE('',*,*,#3708,.F.);
#4749=ORIENTED_EDGE('',*,*,#3709,.F.);
#4750=ORIENTED_EDGE('',*,*,#3710,.F.);
#4751=ORIENTED_EDGE('',*,*,#3493,.T.);
#4752=ORIENTED_EDGE('',*,*,#3711,.T.);
#4753=ORIENTED_EDGE('',*,*,#3712,.T.);
#4754=ORIENTED_EDGE('',*,*,#3713,.T.);
#4755=ORIENTED_EDGE('',*,*,#3714,.T.);
#4756=ORIENTED_EDGE('',*,*,#3715,.T.);
#4757=ORIENTED_EDGE('',*,*,#3716,.T.);
#4758=ORIENTED_EDGE('',*,*,#3717,.T.);
#4759=ORIENTED_EDGE('',*,*,#3718,.T.);
#4760=ORIENTED_EDGE('',*,*,#3719,.T.);
#4761=ORIENTED_EDGE('',*,*,#3720,.T.);
#4762=ORIENTED_EDGE('',*,*,#3721,.F.);
#4763=ORIENTED_EDGE('',*,*,#3594,.T.);
#4764=ORIENTED_EDGE('',*,*,#3722,.F.);
#4765=ORIENTED_EDGE('',*,*,#3723,.F.);
#4766=ORIENTED_EDGE('',*,*,#3724,.T.);
#4767=ORIENTED_EDGE('',*,*,#3725,.T.);
#4768=ORIENTED_EDGE('',*,*,#3726,.T.);
#4769=ORIENTED_EDGE('',*,*,#3727,.T.);
#4770=ORIENTED_EDGE('',*,*,#3728,.T.);
#4771=ORIENTED_EDGE('',*,*,#3729,.T.);
#4772=ORIENTED_EDGE('',*,*,#3730,.T.);
#4773=ORIENTED_EDGE('',*,*,#3731,.T.);
#4774=ORIENTED_EDGE('',*,*,#3732,.F.);
#4775=ORIENTED_EDGE('',*,*,#3460,.T.);
#4776=ORIENTED_EDGE('',*,*,#3733,.T.);
#4777=ORIENTED_EDGE('',*,*,#3734,.T.);
#4778=ORIENTED_EDGE('',*,*,#3735,.T.);
#4779=ORIENTED_EDGE('',*,*,#3736,.T.);
#4780=ORIENTED_EDGE('',*,*,#3737,.T.);
#4781=ORIENTED_EDGE('',*,*,#3738,.T.);
#4782=ORIENTED_EDGE('',*,*,#3589,.F.);
#4783=ORIENTED_EDGE('',*,*,#3739,.T.);
#4784=ORIENTED_EDGE('',*,*,#3740,.F.);
#4785=ORIENTED_EDGE('',*,*,#3741,.T.);
#4786=ORIENTED_EDGE('',*,*,#3742,.T.);
#4787=ORIENTED_EDGE('',*,*,#3743,.T.);
#4788=ORIENTED_EDGE('',*,*,#3744,.T.);
#4789=ORIENTED_EDGE('',*,*,#3745,.F.);
#4790=ORIENTED_EDGE('',*,*,#3579,.T.);
#4791=ORIENTED_EDGE('',*,*,#3746,.T.);
#4792=ORIENTED_EDGE('',*,*,#3747,.T.);
#4793=ORIENTED_EDGE('',*,*,#3748,.F.);
#4794=ORIENTED_EDGE('',*,*,#3749,.F.);
#4795=ORIENTED_EDGE('',*,*,#3750,.T.);
#4796=ORIENTED_EDGE('',*,*,#3749,.T.);
#4797=ORIENTED_EDGE('',*,*,#3751,.F.);
#4798=ORIENTED_EDGE('',*,*,#3752,.F.);
#4799=ORIENTED_EDGE('',*,*,#3706,.T.);
#4800=ORIENTED_EDGE('',*,*,#3752,.T.);
#4801=ORIENTED_EDGE('',*,*,#3753,.F.);
#4802=ORIENTED_EDGE('',*,*,#3754,.F.);
#4803=ORIENTED_EDGE('',*,*,#3755,.T.);
#4804=ORIENTED_EDGE('',*,*,#3754,.T.);
#4805=ORIENTED_EDGE('',*,*,#3756,.F.);
#4806=ORIENTED_EDGE('',*,*,#3757,.F.);
#4807=ORIENTED_EDGE('',*,*,#3543,.T.);
#4808=ORIENTED_EDGE('',*,*,#3757,.T.);
#4809=ORIENTED_EDGE('',*,*,#3758,.F.);
#4810=ORIENTED_EDGE('',*,*,#3759,.F.);
#4811=ORIENTED_EDGE('',*,*,#3655,.T.);
#4812=ORIENTED_EDGE('',*,*,#3759,.T.);
#4813=ORIENTED_EDGE('',*,*,#3760,.F.);
#4814=ORIENTED_EDGE('',*,*,#3761,.F.);
#4815=ORIENTED_EDGE('',*,*,#3501,.T.);
#4816=ORIENTED_EDGE('',*,*,#3761,.T.);
#4817=ORIENTED_EDGE('',*,*,#3762,.F.);
#4818=ORIENTED_EDGE('',*,*,#3763,.F.);
#4819=ORIENTED_EDGE('',*,*,#3764,.T.);
#4820=ORIENTED_EDGE('',*,*,#3763,.T.);
#4821=ORIENTED_EDGE('',*,*,#3765,.F.);
#4822=ORIENTED_EDGE('',*,*,#3747,.F.);
#4823=ORIENTED_EDGE('',*,*,#3679,.T.);
#4824=ORIENTED_EDGE('',*,*,#3766,.T.);
#4825=ORIENTED_EDGE('',*,*,#3767,.F.);
#4826=ORIENTED_EDGE('',*,*,#3768,.T.);
#4827=ORIENTED_EDGE('',*,*,#3695,.T.);
#4828=ORIENTED_EDGE('',*,*,#3769,.T.);
#4829=ORIENTED_EDGE('',*,*,#3770,.F.);
#4830=ORIENTED_EDGE('',*,*,#3771,.F.);
#4831=ORIENTED_EDGE('',*,*,#3678,.T.);
#4832=ORIENTED_EDGE('',*,*,#3772,.T.);
#4833=ORIENTED_EDGE('',*,*,#3773,.F.);
#4834=ORIENTED_EDGE('',*,*,#3766,.F.);
#4835=ORIENTED_EDGE('',*,*,#3774,.T.);
#4836=ORIENTED_EDGE('',*,*,#3687,.T.);
#4837=ORIENTED_EDGE('',*,*,#3775,.T.);
#4838=ORIENTED_EDGE('',*,*,#3776,.F.);
#4839=ORIENTED_EDGE('',*,*,#3777,.F.);
#4840=ORIENTED_EDGE('',*,*,#3688,.T.);
#4841=ORIENTED_EDGE('',*,*,#3777,.T.);
#4842=ORIENTED_EDGE('',*,*,#3778,.F.);
#4843=ORIENTED_EDGE('',*,*,#3779,.T.);
#4844=ORIENTED_EDGE('',*,*,#3780,.T.);
#4845=ORIENTED_EDGE('',*,*,#3697,.T.);
#4846=ORIENTED_EDGE('',*,*,#3781,.T.);
#4847=ORIENTED_EDGE('',*,*,#3782,.F.);
#4848=ORIENTED_EDGE('',*,*,#3783,.F.);
#4849=ORIENTED_EDGE('',*,*,#3784,.T.);
#4850=ORIENTED_EDGE('',*,*,#3785,.T.);
#4851=ORIENTED_EDGE('',*,*,#3786,.T.);
#4852=ORIENTED_EDGE('',*,*,#3787,.T.);
#4853=ORIENTED_EDGE('',*,*,#3788,.T.);
#4854=ORIENTED_EDGE('',*,*,#3789,.T.);
#4855=ORIENTED_EDGE('',*,*,#3767,.T.);
#4856=ORIENTED_EDGE('',*,*,#3773,.T.);
#4857=ORIENTED_EDGE('',*,*,#3790,.T.);
#4858=ORIENTED_EDGE('',*,*,#3791,.T.);
#4859=ORIENTED_EDGE('',*,*,#3792,.T.);
#4860=ORIENTED_EDGE('',*,*,#3793,.T.);
#4861=ORIENTED_EDGE('',*,*,#3794,.T.);
#4862=ORIENTED_EDGE('',*,*,#3778,.T.);
#4863=ORIENTED_EDGE('',*,*,#3776,.T.);
#4864=ORIENTED_EDGE('',*,*,#3795,.T.);
#4865=ORIENTED_EDGE('',*,*,#3796,.T.);
#4866=ORIENTED_EDGE('',*,*,#3797,.T.);
#4867=ORIENTED_EDGE('',*,*,#3782,.T.);
#4868=ORIENTED_EDGE('',*,*,#3798,.T.);
#4869=ORIENTED_EDGE('',*,*,#3799,.T.);
#4870=ORIENTED_EDGE('',*,*,#3800,.T.);
#4871=ORIENTED_EDGE('',*,*,#3801,.T.);
#4872=ORIENTED_EDGE('',*,*,#3802,.T.);
#4873=ORIENTED_EDGE('',*,*,#3803,.T.);
#4874=ORIENTED_EDGE('',*,*,#3804,.T.);
#4875=ORIENTED_EDGE('',*,*,#3805,.T.);
#4876=ORIENTED_EDGE('',*,*,#3806,.T.);
#4877=ORIENTED_EDGE('',*,*,#3807,.T.);
#4878=ORIENTED_EDGE('',*,*,#3808,.T.);
#4879=ORIENTED_EDGE('',*,*,#3770,.T.);
#4880=ORIENTED_EDGE('',*,*,#3809,.T.);
#4881=ORIENTED_EDGE('',*,*,#3694,.T.);
#4882=ORIENTED_EDGE('',*,*,#3810,.T.);
#4883=ORIENTED_EDGE('',*,*,#3809,.F.);
#4884=ORIENTED_EDGE('',*,*,#3769,.F.);
#4885=ORIENTED_EDGE('',*,*,#3811,.T.);
#4886=ORIENTED_EDGE('',*,*,#3680,.T.);
#4887=ORIENTED_EDGE('',*,*,#3768,.F.);
#4888=ORIENTED_EDGE('',*,*,#3789,.F.);
#4889=ORIENTED_EDGE('',*,*,#3812,.T.);
#4890=ORIENTED_EDGE('',*,*,#3689,.T.);
#4891=ORIENTED_EDGE('',*,*,#3813,.F.);
#4892=ORIENTED_EDGE('',*,*,#3807,.F.);
#4893=ORIENTED_EDGE('',*,*,#3814,.F.);
#4894=ORIENTED_EDGE('',*,*,#3681,.T.);
#4895=ORIENTED_EDGE('',*,*,#3779,.F.);
#4896=ORIENTED_EDGE('',*,*,#3794,.F.);
#4897=ORIENTED_EDGE('',*,*,#3815,.F.);
#4898=ORIENTED_EDGE('',*,*,#3703,.T.);
#4899=ORIENTED_EDGE('',*,*,#3816,.F.);
#4900=ORIENTED_EDGE('',*,*,#3799,.F.);
#4901=ORIENTED_EDGE('',*,*,#3817,.F.);
#4902=ORIENTED_EDGE('',*,*,#3673,.T.);
#4903=ORIENTED_EDGE('',*,*,#3812,.F.);
#4904=ORIENTED_EDGE('',*,*,#3788,.F.);
#4905=ORIENTED_EDGE('',*,*,#3818,.F.);
#4906=ORIENTED_EDGE('',*,*,#3674,.T.);
#4907=ORIENTED_EDGE('',*,*,#3818,.T.);
#4908=ORIENTED_EDGE('',*,*,#3787,.F.);
#4909=ORIENTED_EDGE('',*,*,#3819,.T.);
#4910=ORIENTED_EDGE('',*,*,#3698,.T.);
#4911=ORIENTED_EDGE('',*,*,#3783,.T.);
#4912=ORIENTED_EDGE('',*,*,#3797,.F.);
#4913=ORIENTED_EDGE('',*,*,#3820,.T.);
#4914=ORIENTED_EDGE('',*,*,#3821,.T.);
#4915=ORIENTED_EDGE('',*,*,#3692,.T.);
#4916=ORIENTED_EDGE('',*,*,#3822,.T.);
#4917=ORIENTED_EDGE('',*,*,#3804,.F.);
#4918=ORIENTED_EDGE('',*,*,#3823,.T.);
#4919=ORIENTED_EDGE('',*,*,#3824,.T.);
#4920=ORIENTED_EDGE('',*,*,#3704,.T.);
#4921=ORIENTED_EDGE('',*,*,#3817,.T.);
#4922=ORIENTED_EDGE('',*,*,#3798,.F.);
#4923=ORIENTED_EDGE('',*,*,#3781,.F.);
#4924=ORIENTED_EDGE('',*,*,#3699,.T.);
#4925=ORIENTED_EDGE('',*,*,#3820,.F.);
#4926=ORIENTED_EDGE('',*,*,#3796,.F.);
#4927=ORIENTED_EDGE('',*,*,#3825,.F.);
#4928=ORIENTED_EDGE('',*,*,#3700,.T.);
#4929=ORIENTED_EDGE('',*,*,#3825,.T.);
#4930=ORIENTED_EDGE('',*,*,#3802,.F.);
#4931=ORIENTED_EDGE('',*,*,#3826,.F.);
#4932=ORIENTED_EDGE('',*,*,#3827,.T.);
#4933=ORIENTED_EDGE('',*,*,#3702,.T.);
#4934=ORIENTED_EDGE('',*,*,#3828,.T.);
#4935=ORIENTED_EDGE('',*,*,#3800,.F.);
#4936=ORIENTED_EDGE('',*,*,#3816,.T.);
#4937=ORIENTED_EDGE('',*,*,#3701,.T.);
#4938=ORIENTED_EDGE('',*,*,#3826,.T.);
#4939=ORIENTED_EDGE('',*,*,#3801,.F.);
#4940=ORIENTED_EDGE('',*,*,#3828,.F.);
#4941=ORIENTED_EDGE('',*,*,#3690,.T.);
#4942=ORIENTED_EDGE('',*,*,#3814,.T.);
#4943=ORIENTED_EDGE('',*,*,#3806,.F.);
#4944=ORIENTED_EDGE('',*,*,#3829,.F.);
#4945=ORIENTED_EDGE('',*,*,#3682,.T.);
#4946=ORIENTED_EDGE('',*,*,#3815,.T.);
#4947=ORIENTED_EDGE('',*,*,#3793,.F.);
#4948=ORIENTED_EDGE('',*,*,#3830,.F.);
#4949=ORIENTED_EDGE('',*,*,#3831,.T.);
#4950=ORIENTED_EDGE('',*,*,#3696,.T.);
#4951=ORIENTED_EDGE('',*,*,#3771,.T.);
#4952=ORIENTED_EDGE('',*,*,#3808,.F.);
#4953=ORIENTED_EDGE('',*,*,#3813,.T.);
#4954=ORIENTED_EDGE('',*,*,#3691,.T.);
#4955=ORIENTED_EDGE('',*,*,#3829,.T.);
#4956=ORIENTED_EDGE('',*,*,#3805,.F.);
#4957=ORIENTED_EDGE('',*,*,#3822,.F.);
#4958=ORIENTED_EDGE('',*,*,#3693,.T.);
#4959=ORIENTED_EDGE('',*,*,#3823,.F.);
#4960=ORIENTED_EDGE('',*,*,#3803,.F.);
#4961=ORIENTED_EDGE('',*,*,#3810,.F.);
#4962=ORIENTED_EDGE('',*,*,#3683,.T.);
#4963=ORIENTED_EDGE('',*,*,#3830,.T.);
#4964=ORIENTED_EDGE('',*,*,#3792,.F.);
#4965=ORIENTED_EDGE('',*,*,#3832,.F.);
#4966=ORIENTED_EDGE('',*,*,#3684,.T.);
#4967=ORIENTED_EDGE('',*,*,#3832,.T.);
#4968=ORIENTED_EDGE('',*,*,#3791,.F.);
#4969=ORIENTED_EDGE('',*,*,#3833,.T.);
#4970=ORIENTED_EDGE('',*,*,#3685,.T.);
#4971=ORIENTED_EDGE('',*,*,#3833,.F.);
#4972=ORIENTED_EDGE('',*,*,#3790,.F.);
#4973=ORIENTED_EDGE('',*,*,#3834,.F.);
#4974=ORIENTED_EDGE('',*,*,#3676,.T.);
#4975=ORIENTED_EDGE('',*,*,#3835,.T.);
#4976=ORIENTED_EDGE('',*,*,#3785,.F.);
#4977=ORIENTED_EDGE('',*,*,#3836,.T.);
#4978=ORIENTED_EDGE('',*,*,#3837,.T.);
#4979=ORIENTED_EDGE('',*,*,#3686,.T.);
#4980=ORIENTED_EDGE('',*,*,#3834,.T.);
#4981=ORIENTED_EDGE('',*,*,#3795,.F.);
#4982=ORIENTED_EDGE('',*,*,#3775,.F.);
#4983=ORIENTED_EDGE('',*,*,#3675,.T.);
#4984=ORIENTED_EDGE('',*,*,#3819,.F.);
#4985=ORIENTED_EDGE('',*,*,#3786,.F.);
#4986=ORIENTED_EDGE('',*,*,#3835,.F.);
#4987=ORIENTED_EDGE('',*,*,#3677,.T.);
#4988=ORIENTED_EDGE('',*,*,#3836,.F.);
#4989=ORIENTED_EDGE('',*,*,#3784,.F.);
#4990=ORIENTED_EDGE('',*,*,#3772,.F.);
#4991=ORIENTED_EDGE('',*,*,#3838,.T.);
#4992=ORIENTED_EDGE('',*,*,#3839,.T.);
#4993=ORIENTED_EDGE('',*,*,#3662,.F.);
#4994=ORIENTED_EDGE('',*,*,#3840,.F.);
#4995=ORIENTED_EDGE('',*,*,#3841,.T.);
#4996=ORIENTED_EDGE('',*,*,#3842,.T.);
#4997=ORIENTED_EDGE('',*,*,#3663,.F.);
#4998=ORIENTED_EDGE('',*,*,#3839,.F.);
#4999=ORIENTED_EDGE('',*,*,#3710,.T.);
#5000=ORIENTED_EDGE('',*,*,#3843,.T.);
#5001=ORIENTED_EDGE('',*,*,#3664,.F.);
#5002=ORIENTED_EDGE('',*,*,#3842,.F.);
#5003=ORIENTED_EDGE('',*,*,#3844,.T.);
#5004=ORIENTED_EDGE('',*,*,#3845,.T.);
#5005=ORIENTED_EDGE('',*,*,#3657,.F.);
#5006=ORIENTED_EDGE('',*,*,#3843,.F.);
#5007=ORIENTED_EDGE('',*,*,#3539,.T.);
#5008=ORIENTED_EDGE('',*,*,#3846,.T.);
#5009=ORIENTED_EDGE('',*,*,#3658,.F.);
#5010=ORIENTED_EDGE('',*,*,#3845,.F.);
#5011=ORIENTED_EDGE('',*,*,#3485,.T.);
#5012=ORIENTED_EDGE('',*,*,#3847,.T.);
#5013=ORIENTED_EDGE('',*,*,#3659,.F.);
#5014=ORIENTED_EDGE('',*,*,#3846,.F.);
#5015=ORIENTED_EDGE('',*,*,#3505,.T.);
#5016=ORIENTED_EDGE('',*,*,#3848,.T.);
#5017=ORIENTED_EDGE('',*,*,#3660,.F.);
#5018=ORIENTED_EDGE('',*,*,#3847,.F.);
#5019=ORIENTED_EDGE('',*,*,#3849,.T.);
#5020=ORIENTED_EDGE('',*,*,#3840,.T.);
#5021=ORIENTED_EDGE('',*,*,#3661,.F.);
#5022=ORIENTED_EDGE('',*,*,#3848,.F.);
#5023=ORIENTED_EDGE('',*,*,#3850,.T.);
#5024=ORIENTED_EDGE('',*,*,#3851,.T.);
#5025=ORIENTED_EDGE('',*,*,#3852,.F.);
#5026=ORIENTED_EDGE('',*,*,#3853,.T.);
#5027=ORIENTED_EDGE('',*,*,#3854,.T.);
#5028=ORIENTED_EDGE('',*,*,#3855,.T.);
#5029=ORIENTED_EDGE('',*,*,#3856,.T.);
#5030=ORIENTED_EDGE('',*,*,#3857,.T.);
#5031=ORIENTED_EDGE('',*,*,#3858,.T.);
#5032=ORIENTED_EDGE('',*,*,#3859,.T.);
#5033=ORIENTED_EDGE('',*,*,#3860,.T.);
#5034=ORIENTED_EDGE('',*,*,#3861,.F.);
#5035=ORIENTED_EDGE('',*,*,#3862,.T.);
#5036=ORIENTED_EDGE('',*,*,#3863,.F.);
#5037=ORIENTED_EDGE('',*,*,#3864,.F.);
#5038=ORIENTED_EDGE('',*,*,#3865,.T.);
#5039=ORIENTED_EDGE('',*,*,#3866,.F.);
#5040=ORIENTED_EDGE('',*,*,#3862,.F.);
#5041=ORIENTED_EDGE('',*,*,#3867,.F.);
#5042=ORIENTED_EDGE('',*,*,#3868,.F.);
#5043=ORIENTED_EDGE('',*,*,#3869,.T.);
#5044=ORIENTED_EDGE('',*,*,#3870,.F.);
#5045=ORIENTED_EDGE('',*,*,#3871,.F.);
#5046=ORIENTED_EDGE('',*,*,#3872,.T.);
#5047=ORIENTED_EDGE('',*,*,#3873,.F.);
#5048=ORIENTED_EDGE('',*,*,#3869,.F.);
#5049=ORIENTED_EDGE('',*,*,#3874,.F.);
#5050=ORIENTED_EDGE('',*,*,#3875,.F.);
#5051=ORIENTED_EDGE('',*,*,#3876,.T.);
#5052=ORIENTED_EDGE('',*,*,#3877,.F.);
#5053=ORIENTED_EDGE('',*,*,#3878,.F.);
#5054=ORIENTED_EDGE('',*,*,#3879,.T.);
#5055=ORIENTED_EDGE('',*,*,#3880,.F.);
#5056=ORIENTED_EDGE('',*,*,#3876,.F.);
#5057=ORIENTED_EDGE('',*,*,#3881,.F.);
#5058=ORIENTED_EDGE('',*,*,#3882,.F.);
#5059=ORIENTED_EDGE('',*,*,#3883,.T.);
#5060=ORIENTED_EDGE('',*,*,#3859,.F.);
#5061=ORIENTED_EDGE('',*,*,#3884,.F.);
#5062=ORIENTED_EDGE('',*,*,#3885,.T.);
#5063=ORIENTED_EDGE('',*,*,#3860,.F.);
#5064=ORIENTED_EDGE('',*,*,#3883,.F.);
#5065=ORIENTED_EDGE('',*,*,#3886,.F.);
#5066=ORIENTED_EDGE('',*,*,#3887,.F.);
#5067=ORIENTED_EDGE('',*,*,#3888,.T.);
#5068=ORIENTED_EDGE('',*,*,#3855,.F.);
#5069=ORIENTED_EDGE('',*,*,#3889,.F.);
#5070=ORIENTED_EDGE('',*,*,#3890,.T.);
#5071=ORIENTED_EDGE('',*,*,#3891,.F.);
#5072=ORIENTED_EDGE('',*,*,#3892,.T.);
#5073=ORIENTED_EDGE('',*,*,#3893,.F.);
#5074=ORIENTED_EDGE('',*,*,#3894,.F.);
#5075=ORIENTED_EDGE('',*,*,#3895,.T.);
#5076=ORIENTED_EDGE('',*,*,#3896,.F.);
#5077=ORIENTED_EDGE('',*,*,#3892,.F.);
#5078=ORIENTED_EDGE('',*,*,#3897,.T.);
#5079=ORIENTED_EDGE('',*,*,#3898,.F.);
#5080=ORIENTED_EDGE('',*,*,#3899,.T.);
#5081=ORIENTED_EDGE('',*,*,#3900,.F.);
#5082=ORIENTED_EDGE('',*,*,#3901,.F.);
#5083=ORIENTED_EDGE('',*,*,#3902,.T.);
#5084=ORIENTED_EDGE('',*,*,#3903,.F.);
#5085=ORIENTED_EDGE('',*,*,#3899,.F.);
#5086=ORIENTED_EDGE('',*,*,#3904,.T.);
#5087=ORIENTED_EDGE('',*,*,#3905,.F.);
#5088=ORIENTED_EDGE('',*,*,#3906,.T.);
#5089=ORIENTED_EDGE('',*,*,#3907,.F.);
#5090=ORIENTED_EDGE('',*,*,#3908,.F.);
#5091=ORIENTED_EDGE('',*,*,#3909,.T.);
#5092=ORIENTED_EDGE('',*,*,#3910,.F.);
#5093=ORIENTED_EDGE('',*,*,#3906,.F.);
#5094=ORIENTED_EDGE('',*,*,#3911,.T.);
#5095=ORIENTED_EDGE('',*,*,#3912,.F.);
#5096=ORIENTED_EDGE('',*,*,#3889,.T.);
#5097=ORIENTED_EDGE('',*,*,#3854,.F.);
#5098=ORIENTED_EDGE('',*,*,#3913,.T.);
#5099=ORIENTED_EDGE('',*,*,#3914,.F.);
#5100=ORIENTED_EDGE('',*,*,#3878,.T.);
#5101=ORIENTED_EDGE('',*,*,#3915,.F.);
#5102=ORIENTED_EDGE('',*,*,#3916,.T.);
#5103=ORIENTED_EDGE('',*,*,#3917,.T.);
#5104=ORIENTED_EDGE('',*,*,#3893,.T.);
#5105=ORIENTED_EDGE('',*,*,#3896,.T.);
#5106=ORIENTED_EDGE('',*,*,#3918,.T.);
#5107=ORIENTED_EDGE('',*,*,#3919,.T.);
#5108=ORIENTED_EDGE('',*,*,#3915,.T.);
#5109=ORIENTED_EDGE('',*,*,#3877,.T.);
#5110=ORIENTED_EDGE('',*,*,#3880,.T.);
#5111=ORIENTED_EDGE('',*,*,#3920,.T.);
#5112=ORIENTED_EDGE('',*,*,#3921,.T.);
#5113=ORIENTED_EDGE('',*,*,#3863,.T.);
#5114=ORIENTED_EDGE('',*,*,#3866,.T.);
#5115=ORIENTED_EDGE('',*,*,#3922,.T.);
#5116=ORIENTED_EDGE('',*,*,#3907,.T.);
#5117=ORIENTED_EDGE('',*,*,#3910,.T.);
#5118=ORIENTED_EDGE('',*,*,#3923,.T.);
#5119=ORIENTED_EDGE('',*,*,#3924,.T.);
#5120=ORIENTED_EDGE('',*,*,#3925,.T.);
#5121=ORIENTED_EDGE('',*,*,#3870,.T.);
#5122=ORIENTED_EDGE('',*,*,#3873,.T.);
#5123=ORIENTED_EDGE('',*,*,#3926,.T.);
#5124=ORIENTED_EDGE('',*,*,#3900,.T.);
#5125=ORIENTED_EDGE('',*,*,#3903,.T.);
#5126=ORIENTED_EDGE('',*,*,#3927,.T.);
#5127=ORIENTED_EDGE('',*,*,#3928,.T.);
#5128=ORIENTED_EDGE('',*,*,#3918,.F.);
#5129=ORIENTED_EDGE('',*,*,#3895,.F.);
#5130=ORIENTED_EDGE('',*,*,#3929,.F.);
#5131=ORIENTED_EDGE('',*,*,#3930,.T.);
#5132=ORIENTED_EDGE('',*,*,#3765,.T.);
#5133=ORIENTED_EDGE('',*,*,#3762,.T.);
#5134=ORIENTED_EDGE('',*,*,#3760,.T.);
#5135=ORIENTED_EDGE('',*,*,#3758,.T.);
#5136=ORIENTED_EDGE('',*,*,#3756,.T.);
#5137=ORIENTED_EDGE('',*,*,#3753,.T.);
#5138=ORIENTED_EDGE('',*,*,#3751,.T.);
#5139=ORIENTED_EDGE('',*,*,#3748,.T.);
#5140=ORIENTED_EDGE('',*,*,#3931,.T.);
#5141=ORIENTED_EDGE('',*,*,#3932,.T.);
#5142=ORIENTED_EDGE('',*,*,#3933,.T.);
#5143=ORIENTED_EDGE('',*,*,#3934,.T.);
#5144=ORIENTED_EDGE('',*,*,#3935,.T.);
#5145=ORIENTED_EDGE('',*,*,#3936,.T.);
#5146=ORIENTED_EDGE('',*,*,#3937,.T.);
#5147=ORIENTED_EDGE('',*,*,#3938,.T.);
#5148=ORIENTED_EDGE('',*,*,#3939,.T.);
#5149=ORIENTED_EDGE('',*,*,#3908,.T.);
#5150=ORIENTED_EDGE('',*,*,#3905,.T.);
#5151=ORIENTED_EDGE('',*,*,#3940,.F.);
#5152=ORIENTED_EDGE('',*,*,#3867,.T.);
#5153=ORIENTED_EDGE('',*,*,#3861,.T.);
#5154=ORIENTED_EDGE('',*,*,#3941,.T.);
#5155=ORIENTED_EDGE('',*,*,#3942,.F.);
#5156=ORIENTED_EDGE('',*,*,#3943,.F.);
#5157=ORIENTED_EDGE('',*,*,#3886,.T.);
#5158=ORIENTED_EDGE('',*,*,#3882,.T.);
#5159=ORIENTED_EDGE('',*,*,#3944,.T.);
#5160=ORIENTED_EDGE('',*,*,#3945,.F.);
#5161=ORIENTED_EDGE('',*,*,#3946,.T.);
#5162=ORIENTED_EDGE('',*,*,#3887,.T.);
#5163=ORIENTED_EDGE('',*,*,#3912,.T.);
#5164=ORIENTED_EDGE('',*,*,#3947,.T.);
#5165=ORIENTED_EDGE('',*,*,#3901,.T.);
#5166=ORIENTED_EDGE('',*,*,#3898,.T.);
#5167=ORIENTED_EDGE('',*,*,#3948,.F.);
#5168=ORIENTED_EDGE('',*,*,#3874,.T.);
#5169=ORIENTED_EDGE('',*,*,#3868,.T.);
#5170=ORIENTED_EDGE('',*,*,#3949,.T.);
#5171=ORIENTED_EDGE('',*,*,#3950,.F.);
#5172=ORIENTED_EDGE('',*,*,#3951,.F.);
#5173=ORIENTED_EDGE('',*,*,#3881,.T.);
#5174=ORIENTED_EDGE('',*,*,#3875,.T.);
#5175=ORIENTED_EDGE('',*,*,#3914,.T.);
#5176=ORIENTED_EDGE('',*,*,#3952,.F.);
#5177=ORIENTED_EDGE('',*,*,#3929,.T.);
#5178=ORIENTED_EDGE('',*,*,#3894,.T.);
#5179=ORIENTED_EDGE('',*,*,#3891,.T.);
#5180=ORIENTED_EDGE('',*,*,#3953,.T.);
#5181=ORIENTED_EDGE('',*,*,#3949,.F.);
#5182=ORIENTED_EDGE('',*,*,#3871,.T.);
#5183=ORIENTED_EDGE('',*,*,#3925,.F.);
#5184=ORIENTED_EDGE('',*,*,#3954,.T.);
#5185=ORIENTED_EDGE('',*,*,#3955,.T.);
#5186=ORIENTED_EDGE('',*,*,#3927,.F.);
#5187=ORIENTED_EDGE('',*,*,#3902,.F.);
#5188=ORIENTED_EDGE('',*,*,#3947,.F.);
#5189=ORIENTED_EDGE('',*,*,#3956,.T.);
#5190=ORIENTED_EDGE('',*,*,#3957,.T.);
#5191=ORIENTED_EDGE('',*,*,#3944,.F.);
#5192=ORIENTED_EDGE('',*,*,#3884,.T.);
#5193=ORIENTED_EDGE('',*,*,#3858,.F.);
#5194=ORIENTED_EDGE('',*,*,#3958,.T.);
#5195=ORIENTED_EDGE('',*,*,#3959,.T.);
#5196=ORIENTED_EDGE('',*,*,#3856,.F.);
#5197=ORIENTED_EDGE('',*,*,#3888,.F.);
#5198=ORIENTED_EDGE('',*,*,#3946,.F.);
#5199=ORIENTED_EDGE('',*,*,#3960,.T.);
#5200=ORIENTED_EDGE('',*,*,#3961,.T.);
#5201=ORIENTED_EDGE('',*,*,#3941,.F.);
#5202=ORIENTED_EDGE('',*,*,#3864,.T.);
#5203=ORIENTED_EDGE('',*,*,#3921,.F.);
#5204=ORIENTED_EDGE('',*,*,#3962,.T.);
#5205=ORIENTED_EDGE('',*,*,#3963,.T.);
#5206=ORIENTED_EDGE('',*,*,#3923,.F.);
#5207=ORIENTED_EDGE('',*,*,#3909,.F.);
#5208=ORIENTED_EDGE('',*,*,#3939,.F.);
#5209=ORIENTED_EDGE('',*,*,#3964,.T.);
#5210=ORIENTED_EDGE('',*,*,#3897,.F.);
#5211=ORIENTED_EDGE('',*,*,#3926,.F.);
#5212=ORIENTED_EDGE('',*,*,#3872,.F.);
#5213=ORIENTED_EDGE('',*,*,#3948,.T.);
#5214=ORIENTED_EDGE('',*,*,#3928,.F.);
#5215=ORIENTED_EDGE('',*,*,#3952,.T.);
#5216=ORIENTED_EDGE('',*,*,#3913,.F.);
#5217=ORIENTED_EDGE('',*,*,#3919,.F.);
#5218=ORIENTED_EDGE('',*,*,#3904,.F.);
#5219=ORIENTED_EDGE('',*,*,#3922,.F.);
#5220=ORIENTED_EDGE('',*,*,#3865,.F.);
#5221=ORIENTED_EDGE('',*,*,#3940,.T.);
#5222=ORIENTED_EDGE('',*,*,#3955,.F.);
#5223=ORIENTED_EDGE('',*,*,#3950,.T.);
#5224=ORIENTED_EDGE('',*,*,#3953,.F.);
#5225=ORIENTED_EDGE('',*,*,#3924,.F.);
#5226=ORIENTED_EDGE('',*,*,#3890,.F.);
#5227=ORIENTED_EDGE('',*,*,#3917,.F.);
#5228=ORIENTED_EDGE('',*,*,#3879,.F.);
#5229=ORIENTED_EDGE('',*,*,#3951,.T.);
#5230=ORIENTED_EDGE('',*,*,#3959,.F.);
#5231=ORIENTED_EDGE('',*,*,#3945,.T.);
#5232=ORIENTED_EDGE('',*,*,#3957,.F.);
#5233=ORIENTED_EDGE('',*,*,#3857,.F.);
#5234=ORIENTED_EDGE('',*,*,#3911,.F.);
#5235=ORIENTED_EDGE('',*,*,#3853,.F.);
#5236=ORIENTED_EDGE('',*,*,#3885,.F.);
#5237=ORIENTED_EDGE('',*,*,#3943,.T.);
#5238=ORIENTED_EDGE('',*,*,#3963,.F.);
#5239=ORIENTED_EDGE('',*,*,#3942,.T.);
#5240=ORIENTED_EDGE('',*,*,#3961,.F.);
#5241=ORIENTED_EDGE('',*,*,#3920,.F.);
#5242=ORIENTED_EDGE('',*,*,#3932,.F.);
#5243=ORIENTED_EDGE('',*,*,#3965,.T.);
#5244=ORIENTED_EDGE('',*,*,#3966,.T.);
#5245=ORIENTED_EDGE('',*,*,#3967,.F.);
#5246=ORIENTED_EDGE('',*,*,#3933,.F.);
#5247=ORIENTED_EDGE('',*,*,#3967,.T.);
#5248=ORIENTED_EDGE('',*,*,#3968,.T.);
#5249=ORIENTED_EDGE('',*,*,#3969,.F.);
#5250=ORIENTED_EDGE('',*,*,#3934,.F.);
#5251=ORIENTED_EDGE('',*,*,#3969,.T.);
#5252=ORIENTED_EDGE('',*,*,#3970,.T.);
#5253=ORIENTED_EDGE('',*,*,#3971,.F.);
#5254=ORIENTED_EDGE('',*,*,#3935,.F.);
#5255=ORIENTED_EDGE('',*,*,#3971,.T.);
#5256=ORIENTED_EDGE('',*,*,#3972,.T.);
#5257=ORIENTED_EDGE('',*,*,#3973,.F.);
#5258=ORIENTED_EDGE('',*,*,#3936,.F.);
#5259=ORIENTED_EDGE('',*,*,#3973,.T.);
#5260=ORIENTED_EDGE('',*,*,#3974,.T.);
#5261=ORIENTED_EDGE('',*,*,#3975,.F.);
#5262=ORIENTED_EDGE('',*,*,#3937,.F.);
#5263=ORIENTED_EDGE('',*,*,#3975,.T.);
#5264=ORIENTED_EDGE('',*,*,#3976,.T.);
#5265=ORIENTED_EDGE('',*,*,#3977,.F.);
#5266=ORIENTED_EDGE('',*,*,#3938,.F.);
#5267=ORIENTED_EDGE('',*,*,#3977,.T.);
#5268=ORIENTED_EDGE('',*,*,#3978,.T.);
#5269=ORIENTED_EDGE('',*,*,#3979,.F.);
#5270=ORIENTED_EDGE('',*,*,#3931,.F.);
#5271=ORIENTED_EDGE('',*,*,#3979,.T.);
#5272=ORIENTED_EDGE('',*,*,#3980,.T.);
#5273=ORIENTED_EDGE('',*,*,#3965,.F.);
#5274=ORIENTED_EDGE('',*,*,#3981,.T.);
#5275=ORIENTED_EDGE('',*,*,#3982,.T.);
#5276=ORIENTED_EDGE('',*,*,#3572,.F.);
#5277=ORIENTED_EDGE('',*,*,#3983,.F.);
#5278=ORIENTED_EDGE('',*,*,#3598,.F.);
#5279=ORIENTED_EDGE('',*,*,#3984,.T.);
#5280=ORIENTED_EDGE('',*,*,#3985,.T.);
#5281=ORIENTED_EDGE('',*,*,#3986,.T.);
#5282=ORIENTED_EDGE('',*,*,#3987,.T.);
#5283=ORIENTED_EDGE('',*,*,#3988,.T.);
#5284=ORIENTED_EDGE('',*,*,#3618,.F.);
#5285=ORIENTED_EDGE('',*,*,#3989,.F.);
#5286=ORIENTED_EDGE('',*,*,#3575,.F.);
#5287=ORIENTED_EDGE('',*,*,#3990,.T.);
#5288=ORIENTED_EDGE('',*,*,#3991,.T.);
#5289=ORIENTED_EDGE('',*,*,#3992,.T.);
#5290=ORIENTED_EDGE('',*,*,#3666,.F.);
#5291=ORIENTED_EDGE('',*,*,#3993,.T.);
#5292=ORIENTED_EDGE('',*,*,#3994,.T.);
#5293=ORIENTED_EDGE('',*,*,#3995,.F.);
#5294=ORIENTED_EDGE('',*,*,#3667,.F.);
#5295=ORIENTED_EDGE('',*,*,#3995,.T.);
#5296=ORIENTED_EDGE('',*,*,#3996,.T.);
#5297=ORIENTED_EDGE('',*,*,#3997,.F.);
#5298=ORIENTED_EDGE('',*,*,#3668,.F.);
#5299=ORIENTED_EDGE('',*,*,#3997,.T.);
#5300=ORIENTED_EDGE('',*,*,#3998,.T.);
#5301=ORIENTED_EDGE('',*,*,#3999,.F.);
#5302=ORIENTED_EDGE('',*,*,#3669,.F.);
#5303=ORIENTED_EDGE('',*,*,#3999,.T.);
#5304=ORIENTED_EDGE('',*,*,#4000,.T.);
#5305=ORIENTED_EDGE('',*,*,#4001,.F.);
#5306=ORIENTED_EDGE('',*,*,#3670,.F.);
#5307=ORIENTED_EDGE('',*,*,#4001,.T.);
#5308=ORIENTED_EDGE('',*,*,#4002,.T.);
#5309=ORIENTED_EDGE('',*,*,#4003,.F.);
#5310=ORIENTED_EDGE('',*,*,#3671,.F.);
#5311=ORIENTED_EDGE('',*,*,#4003,.T.);
#5312=ORIENTED_EDGE('',*,*,#4004,.T.);
#5313=ORIENTED_EDGE('',*,*,#4005,.F.);
#5314=ORIENTED_EDGE('',*,*,#3672,.F.);
#5315=ORIENTED_EDGE('',*,*,#4005,.T.);
#5316=ORIENTED_EDGE('',*,*,#4006,.T.);
#5317=ORIENTED_EDGE('',*,*,#4007,.F.);
#5318=ORIENTED_EDGE('',*,*,#3665,.F.);
#5319=ORIENTED_EDGE('',*,*,#4007,.T.);
#5320=ORIENTED_EDGE('',*,*,#4008,.T.);
#5321=ORIENTED_EDGE('',*,*,#3993,.F.);
#5322=ORIENTED_EDGE('',*,*,#4008,.F.);
#5323=ORIENTED_EDGE('',*,*,#4009,.T.);
#5324=ORIENTED_EDGE('',*,*,#3455,.T.);
#5325=ORIENTED_EDGE('',*,*,#4010,.T.);
#5326=ORIENTED_EDGE('',*,*,#4011,.F.);
#5327=ORIENTED_EDGE('',*,*,#3994,.F.);
#5328=ORIENTED_EDGE('',*,*,#4011,.T.);
#5329=ORIENTED_EDGE('',*,*,#3556,.T.);
#5330=ORIENTED_EDGE('',*,*,#4012,.F.);
#5331=ORIENTED_EDGE('',*,*,#3996,.F.);
#5332=ORIENTED_EDGE('',*,*,#4012,.T.);
#5333=ORIENTED_EDGE('',*,*,#3566,.T.);
#5334=ORIENTED_EDGE('',*,*,#3461,.T.);
#5335=ORIENTED_EDGE('',*,*,#4013,.F.);
#5336=ORIENTED_EDGE('',*,*,#3998,.F.);
#5337=ORIENTED_EDGE('',*,*,#4013,.T.);
#5338=ORIENTED_EDGE('',*,*,#4014,.T.);
#5339=ORIENTED_EDGE('',*,*,#4015,.F.);
#5340=ORIENTED_EDGE('',*,*,#4000,.F.);
#5341=ORIENTED_EDGE('',*,*,#4015,.T.);
#5342=ORIENTED_EDGE('',*,*,#4016,.F.);
#5343=ORIENTED_EDGE('',*,*,#3595,.T.);
#5344=ORIENTED_EDGE('',*,*,#4017,.F.);
#5345=ORIENTED_EDGE('',*,*,#4002,.F.);
#5346=ORIENTED_EDGE('',*,*,#4017,.T.);
#5347=ORIENTED_EDGE('',*,*,#3721,.T.);
#5348=ORIENTED_EDGE('',*,*,#4018,.F.);
#5349=ORIENTED_EDGE('',*,*,#4004,.F.);
#5350=ORIENTED_EDGE('',*,*,#4018,.T.);
#5351=ORIENTED_EDGE('',*,*,#3850,.F.);
#5352=ORIENTED_EDGE('',*,*,#4019,.F.);
#5353=ORIENTED_EDGE('',*,*,#4020,.F.);
#5354=ORIENTED_EDGE('',*,*,#4006,.F.);
#5355=ORIENTED_EDGE('',*,*,#4020,.T.);
#5356=ORIENTED_EDGE('',*,*,#4021,.T.);
#5357=ORIENTED_EDGE('',*,*,#4009,.F.);
#5358=ORIENTED_EDGE('',*,*,#4022,.F.);
#5359=ORIENTED_EDGE('',*,*,#4019,.T.);
#5360=ORIENTED_EDGE('',*,*,#4023,.F.);
#5361=ORIENTED_EDGE('',*,*,#4016,.T.);
#5362=ORIENTED_EDGE('',*,*,#4024,.F.);
#5363=ORIENTED_EDGE('',*,*,#4025,.F.);
#5364=ORIENTED_EDGE('',*,*,#4026,.F.);
#5365=ORIENTED_EDGE('',*,*,#4027,.F.);
#5366=ORIENTED_EDGE('',*,*,#4028,.T.);
#5367=ORIENTED_EDGE('',*,*,#4029,.T.);
#5368=ORIENTED_EDGE('',*,*,#3650,.T.);
#5369=ORIENTED_EDGE('',*,*,#3564,.T.);
#5370=ORIENTED_EDGE('',*,*,#4030,.T.);
#5371=ORIENTED_EDGE('',*,*,#4031,.T.);
#5372=ORIENTED_EDGE('',*,*,#4032,.T.);
#5373=ORIENTED_EDGE('',*,*,#4033,.T.);
#5374=ORIENTED_EDGE('',*,*,#4028,.F.);
#5375=ORIENTED_EDGE('',*,*,#4034,.T.);
#5376=ORIENTED_EDGE('',*,*,#3978,.F.);
#5377=ORIENTED_EDGE('',*,*,#4035,.F.);
#5378=ORIENTED_EDGE('',*,*,#3722,.T.);
#5379=ORIENTED_EDGE('',*,*,#4036,.T.);
#5380=ORIENTED_EDGE('',*,*,#3980,.F.);
#5381=ORIENTED_EDGE('',*,*,#4034,.F.);
#5382=ORIENTED_EDGE('',*,*,#3593,.T.);
#5383=ORIENTED_EDGE('',*,*,#4037,.T.);
#5384=ORIENTED_EDGE('',*,*,#3966,.F.);
#5385=ORIENTED_EDGE('',*,*,#4036,.F.);
#5386=ORIENTED_EDGE('',*,*,#4038,.T.);
#5387=ORIENTED_EDGE('',*,*,#4039,.T.);
#5388=ORIENTED_EDGE('',*,*,#3968,.F.);
#5389=ORIENTED_EDGE('',*,*,#4037,.F.);
#5390=ORIENTED_EDGE('',*,*,#4030,.F.);
#5391=ORIENTED_EDGE('',*,*,#4040,.T.);
#5392=ORIENTED_EDGE('',*,*,#3970,.F.);
#5393=ORIENTED_EDGE('',*,*,#4039,.F.);
#5394=ORIENTED_EDGE('',*,*,#4041,.F.);
#5395=ORIENTED_EDGE('',*,*,#3429,.F.);
#5396=ORIENTED_EDGE('',*,*,#3433,.F.);
#5397=ORIENTED_EDGE('',*,*,#3551,.T.);
#5398=ORIENTED_EDGE('',*,*,#4042,.T.);
#5399=ORIENTED_EDGE('',*,*,#3972,.F.);
#5400=ORIENTED_EDGE('',*,*,#4040,.F.);
#5401=ORIENTED_EDGE('',*,*,#4043,.F.);
#5402=ORIENTED_EDGE('',*,*,#4044,.T.);
#5403=ORIENTED_EDGE('',*,*,#3974,.F.);
#5404=ORIENTED_EDGE('',*,*,#4042,.F.);
#5405=ORIENTED_EDGE('',*,*,#4032,.F.);
#5406=ORIENTED_EDGE('',*,*,#4045,.F.);
#5407=ORIENTED_EDGE('',*,*,#4046,.F.);
#5408=ORIENTED_EDGE('',*,*,#4047,.T.);
#5409=ORIENTED_EDGE('',*,*,#4035,.T.);
#5410=ORIENTED_EDGE('',*,*,#3976,.F.);
#5411=ORIENTED_EDGE('',*,*,#4044,.F.);
#5412=ORIENTED_EDGE('',*,*,#4048,.T.);
#5413=ORIENTED_EDGE('',*,*,#3623,.F.);
#5414=ORIENTED_EDGE('',*,*,#4049,.F.);
#5415=ORIENTED_EDGE('',*,*,#4050,.T.);
#5416=ORIENTED_EDGE('',*,*,#4051,.T.);
#5417=ORIENTED_EDGE('',*,*,#4050,.F.);
#5418=ORIENTED_EDGE('',*,*,#4052,.F.);
#5419=ORIENTED_EDGE('',*,*,#4048,.F.);
#5420=ORIENTED_EDGE('',*,*,#4051,.F.);
#5421=ORIENTED_EDGE('',*,*,#4053,.F.);
#5422=ORIENTED_EDGE('',*,*,#3624,.T.);
#5423=ORIENTED_EDGE('',*,*,#3954,.F.);
#5424=ORIENTED_EDGE('',*,*,#4054,.T.);
#5425=ORIENTED_EDGE('',*,*,#3956,.F.);
#5426=ORIENTED_EDGE('',*,*,#4054,.F.);
#5427=ORIENTED_EDGE('',*,*,#3962,.F.);
#5428=ORIENTED_EDGE('',*,*,#4055,.T.);
#5429=ORIENTED_EDGE('',*,*,#3964,.F.);
#5430=ORIENTED_EDGE('',*,*,#4055,.F.);
#5431=ORIENTED_EDGE('',*,*,#3958,.F.);
#5432=ORIENTED_EDGE('',*,*,#4056,.T.);
#5433=ORIENTED_EDGE('',*,*,#3960,.F.);
#5434=ORIENTED_EDGE('',*,*,#4056,.F.);
#5435=ORIENTED_EDGE('',*,*,#3916,.F.);
#5436=ORIENTED_EDGE('',*,*,#4057,.T.);
#5437=ORIENTED_EDGE('',*,*,#3930,.F.);
#5438=ORIENTED_EDGE('',*,*,#4057,.F.);
#5439=ORIENTED_EDGE('',*,*,#3827,.F.);
#5440=ORIENTED_EDGE('',*,*,#4058,.T.);
#5441=ORIENTED_EDGE('',*,*,#3821,.F.);
#5442=ORIENTED_EDGE('',*,*,#4058,.F.);
#5443=ORIENTED_EDGE('',*,*,#3811,.F.);
#5444=ORIENTED_EDGE('',*,*,#4059,.T.);
#5445=ORIENTED_EDGE('',*,*,#3824,.F.);
#5446=ORIENTED_EDGE('',*,*,#4059,.F.);
#5447=ORIENTED_EDGE('',*,*,#3831,.F.);
#5448=ORIENTED_EDGE('',*,*,#4060,.T.);
#5449=ORIENTED_EDGE('',*,*,#3780,.F.);
#5450=ORIENTED_EDGE('',*,*,#4060,.F.);
#5451=ORIENTED_EDGE('',*,*,#3774,.F.);
#5452=ORIENTED_EDGE('',*,*,#4061,.T.);
#5453=ORIENTED_EDGE('',*,*,#3837,.F.);
#5454=ORIENTED_EDGE('',*,*,#4061,.F.);
#5455=ORIENTED_EDGE('',*,*,#4027,.T.);
#5456=ORIENTED_EDGE('',*,*,#4062,.T.);
#5457=ORIENTED_EDGE('',*,*,#4063,.F.);
#5458=ORIENTED_EDGE('',*,*,#4064,.T.);
#5459=ORIENTED_EDGE('',*,*,#4065,.T.);
#5460=ORIENTED_EDGE('',*,*,#4066,.T.);
#5461=ORIENTED_EDGE('',*,*,#4067,.F.);
#5462=ORIENTED_EDGE('',*,*,#4066,.F.);
#5463=ORIENTED_EDGE('',*,*,#4068,.T.);
#5464=ORIENTED_EDGE('',*,*,#4069,.F.);
#5465=ORIENTED_EDGE('',*,*,#3629,.T.);
#5466=ORIENTED_EDGE('',*,*,#4070,.T.);
#5467=ORIENTED_EDGE('',*,*,#4071,.F.);
#5468=ORIENTED_EDGE('',*,*,#4022,.T.);
#5469=ORIENTED_EDGE('',*,*,#4072,.T.);
#5470=ORIENTED_EDGE('',*,*,#4073,.T.);
#5471=ORIENTED_EDGE('',*,*,#4072,.F.);
#5472=ORIENTED_EDGE('',*,*,#4062,.F.);
#5473=ORIENTED_EDGE('',*,*,#4074,.F.);
#5474=ORIENTED_EDGE('',*,*,#4075,.F.);
#5475=ORIENTED_EDGE('',*,*,#4076,.F.);
#5476=ORIENTED_EDGE('',*,*,#4073,.F.);
#5477=ORIENTED_EDGE('',*,*,#4077,.F.);
#5478=ORIENTED_EDGE('',*,*,#4078,.F.);
#5479=ORIENTED_EDGE('',*,*,#4070,.F.);
#5480=ORIENTED_EDGE('',*,*,#3627,.F.);
#5481=ORIENTED_EDGE('',*,*,#4079,.F.);
#5482=ORIENTED_EDGE('',*,*,#4080,.F.);
#5483=ORIENTED_EDGE('',*,*,#4081,.F.);
#5484=ORIENTED_EDGE('',*,*,#4082,.F.);
#5485=ORIENTED_EDGE('',*,*,#3628,.F.);
#5486=ORIENTED_EDGE('',*,*,#4081,.T.);
#5487=ORIENTED_EDGE('',*,*,#4083,.F.);
#5488=ORIENTED_EDGE('',*,*,#4084,.F.);
#5489=ORIENTED_EDGE('',*,*,#3604,.F.);
#5490=ORIENTED_EDGE('',*,*,#4085,.T.);
#5491=ORIENTED_EDGE('',*,*,#4086,.T.);
#5492=ORIENTED_EDGE('',*,*,#4075,.T.);
#5493=ORIENTED_EDGE('',*,*,#4087,.F.);
#5494=ORIENTED_EDGE('',*,*,#4088,.T.);
#5495=ORIENTED_EDGE('',*,*,#4089,.T.);
#5496=ORIENTED_EDGE('',*,*,#4024,.T.);
#5497=ORIENTED_EDGE('',*,*,#4090,.T.);
#5498=ORIENTED_EDGE('',*,*,#4091,.T.);
#5499=ORIENTED_EDGE('',*,*,#4087,.T.);
#5500=ORIENTED_EDGE('',*,*,#4074,.T.);
#5501=ORIENTED_EDGE('',*,*,#4026,.T.);
#5502=ORIENTED_EDGE('',*,*,#4089,.F.);
#5503=ORIENTED_EDGE('',*,*,#4092,.T.);
#5504=ORIENTED_EDGE('',*,*,#4093,.F.);
#5505=ORIENTED_EDGE('',*,*,#4085,.F.);
#5506=ORIENTED_EDGE('',*,*,#4091,.F.);
#5507=ORIENTED_EDGE('',*,*,#4094,.F.);
#5508=ORIENTED_EDGE('',*,*,#4095,.F.);
#5509=ORIENTED_EDGE('',*,*,#4096,.F.);
#5510=ORIENTED_EDGE('',*,*,#4092,.F.);
#5511=ORIENTED_EDGE('',*,*,#4088,.F.);
#5512=ORIENTED_EDGE('',*,*,#4025,.T.);
#5513=ORIENTED_EDGE('',*,*,#4094,.T.);
#5514=ORIENTED_EDGE('',*,*,#4097,.F.);
#5515=ORIENTED_EDGE('',*,*,#4098,.F.);
#5516=ORIENTED_EDGE('',*,*,#4099,.T.);
#5517=ORIENTED_EDGE('',*,*,#4100,.T.);
#5518=ORIENTED_EDGE('',*,*,#4101,.T.);
#5519=ORIENTED_EDGE('',*,*,#4098,.T.);
#5520=ORIENTED_EDGE('',*,*,#4102,.F.);
#5521=ORIENTED_EDGE('',*,*,#3642,.T.);
#5522=ORIENTED_EDGE('',*,*,#4103,.F.);
#5523=ORIENTED_EDGE('',*,*,#4097,.T.);
#5524=ORIENTED_EDGE('',*,*,#4104,.F.);
#5525=ORIENTED_EDGE('',*,*,#4063,.T.);
#5526=ORIENTED_EDGE('',*,*,#4067,.T.);
#5527=ORIENTED_EDGE('',*,*,#4105,.F.);
#5528=ORIENTED_EDGE('',*,*,#4077,.T.);
#5529=ORIENTED_EDGE('',*,*,#4076,.T.);
#5530=ORIENTED_EDGE('',*,*,#4086,.F.);
#5531=ORIENTED_EDGE('',*,*,#4093,.T.);
#5532=ORIENTED_EDGE('',*,*,#4096,.T.);
#5533=ORIENTED_EDGE('',*,*,#4106,.F.);
#5534=ORIENTED_EDGE('',*,*,#4102,.T.);
#5535=ORIENTED_EDGE('',*,*,#3644,.F.);
#5536=ORIENTED_EDGE('',*,*,#4107,.T.);
#5537=ORIENTED_EDGE('',*,*,#3611,.F.);
#5538=ORIENTED_EDGE('',*,*,#4108,.F.);
#5539=ORIENTED_EDGE('',*,*,#3643,.F.);
#5540=ORIENTED_EDGE('',*,*,#4109,.F.);
#5541=ORIENTED_EDGE('',*,*,#3612,.F.);
#5542=ORIENTED_EDGE('',*,*,#4107,.F.);
#5543=ORIENTED_EDGE('',*,*,#4110,.T.);
#5544=ORIENTED_EDGE('',*,*,#4111,.F.);
#5545=ORIENTED_EDGE('',*,*,#4112,.T.);
#5546=ORIENTED_EDGE('',*,*,#4113,.F.);
#5547=ORIENTED_EDGE('',*,*,#4114,.T.);
#5548=ORIENTED_EDGE('',*,*,#4115,.T.);
#5549=ORIENTED_EDGE('',*,*,#3456,.T.);
#5550=ORIENTED_EDGE('',*,*,#4116,.T.);
#5551=ORIENTED_EDGE('',*,*,#4117,.T.);
#5552=ORIENTED_EDGE('',*,*,#3458,.T.);
#5553=ORIENTED_EDGE('',*,*,#4118,.T.);
#5554=ORIENTED_EDGE('',*,*,#4111,.T.);
#5555=ORIENTED_EDGE('',*,*,#4117,.F.);
#5556=ORIENTED_EDGE('',*,*,#4110,.F.);
#5557=ORIENTED_EDGE('',*,*,#4119,.F.);
#5558=ORIENTED_EDGE('',*,*,#4120,.F.);
#5559=ORIENTED_EDGE('',*,*,#3733,.F.);
#5560=ORIENTED_EDGE('',*,*,#4121,.F.);
#5561=ORIENTED_EDGE('',*,*,#4115,.F.);
#5562=ORIENTED_EDGE('',*,*,#4122,.T.);
#5563=ORIENTED_EDGE('',*,*,#4123,.F.);
#5564=ORIENTED_EDGE('',*,*,#4112,.F.);
#5565=ORIENTED_EDGE('',*,*,#4118,.F.);
#5566=ORIENTED_EDGE('',*,*,#4124,.F.);
#5567=ORIENTED_EDGE('',*,*,#4125,.F.);
#5568=ORIENTED_EDGE('',*,*,#4126,.F.);
#5569=ORIENTED_EDGE('',*,*,#4122,.F.);
#5570=ORIENTED_EDGE('',*,*,#4114,.F.);
#5571=ORIENTED_EDGE('',*,*,#3583,.T.);
#5572=ORIENTED_EDGE('',*,*,#4127,.T.);
#5573=ORIENTED_EDGE('',*,*,#4128,.F.);
#5574=ORIENTED_EDGE('',*,*,#4129,.T.);
#5575=ORIENTED_EDGE('',*,*,#4130,.F.);
#5576=ORIENTED_EDGE('',*,*,#4127,.F.);
#5577=ORIENTED_EDGE('',*,*,#3582,.F.);
#5578=ORIENTED_EDGE('',*,*,#4131,.F.);
#5579=ORIENTED_EDGE('',*,*,#3613,.T.);
#5580=ORIENTED_EDGE('',*,*,#3457,.T.);
#5581=ORIENTED_EDGE('',*,*,#4124,.T.);
#5582=ORIENTED_EDGE('',*,*,#3459,.T.);
#5583=ORIENTED_EDGE('',*,*,#4121,.T.);
#5584=ORIENTED_EDGE('',*,*,#3606,.F.);
#5585=ORIENTED_EDGE('',*,*,#4132,.F.);
#5586=ORIENTED_EDGE('',*,*,#3568,.T.);
#5587=ORIENTED_EDGE('',*,*,#4133,.T.);
#5588=ORIENTED_EDGE('',*,*,#3569,.T.);
#5589=ORIENTED_EDGE('',*,*,#4132,.T.);
#5590=ORIENTED_EDGE('',*,*,#3605,.F.);
#5591=ORIENTED_EDGE('',*,*,#4134,.F.);
#5592=ORIENTED_EDGE('',*,*,#3603,.T.);
#5593=ORIENTED_EDGE('',*,*,#4135,.F.);
#5594=ORIENTED_EDGE('',*,*,#4136,.F.);
#5595=ORIENTED_EDGE('',*,*,#3731,.F.);
#5596=ORIENTED_EDGE('',*,*,#4120,.T.);
#5597=ORIENTED_EDGE('',*,*,#4137,.F.);
#5598=ORIENTED_EDGE('',*,*,#4109,.T.);
#5599=ORIENTED_EDGE('',*,*,#4106,.T.);
#5600=ORIENTED_EDGE('',*,*,#4095,.T.);
#5601=ORIENTED_EDGE('',*,*,#4090,.F.);
#5602=ORIENTED_EDGE('',*,*,#4014,.F.);
#5603=ORIENTED_EDGE('',*,*,#3732,.T.);
#5604=ORIENTED_EDGE('',*,*,#4136,.T.);
#5605=ORIENTED_EDGE('',*,*,#4138,.T.);
#5606=ORIENTED_EDGE('',*,*,#4108,.T.);
#5607=ORIENTED_EDGE('',*,*,#4139,.F.);
#5608=ORIENTED_EDGE('',*,*,#4140,.T.);
#5609=ORIENTED_EDGE('',*,*,#4079,.T.);
#5610=ORIENTED_EDGE('',*,*,#4104,.T.);
#5611=ORIENTED_EDGE('',*,*,#4082,.T.);
#5612=ORIENTED_EDGE('',*,*,#4141,.T.);
#5613=ORIENTED_EDGE('',*,*,#4125,.T.);
#5614=ORIENTED_EDGE('',*,*,#4116,.F.);
#5615=ORIENTED_EDGE('',*,*,#4021,.F.);
#5616=ORIENTED_EDGE('',*,*,#4071,.T.);
#5617=ORIENTED_EDGE('',*,*,#4078,.T.);
#5618=ORIENTED_EDGE('',*,*,#4105,.T.);
#5619=ORIENTED_EDGE('',*,*,#4142,.T.);
#5620=ORIENTED_EDGE('',*,*,#4139,.T.);
#5621=ORIENTED_EDGE('',*,*,#4128,.T.);
#5622=ORIENTED_EDGE('',*,*,#4130,.T.);
#5623=ORIENTED_EDGE('',*,*,#4138,.F.);
#5624=ORIENTED_EDGE('',*,*,#4137,.T.);
#5625=ORIENTED_EDGE('',*,*,#4119,.T.);
#5626=ORIENTED_EDGE('',*,*,#4113,.T.);
#5627=ORIENTED_EDGE('',*,*,#4123,.T.);
#5628=ORIENTED_EDGE('',*,*,#4126,.T.);
#5629=ORIENTED_EDGE('',*,*,#4141,.F.);
#5630=ORIENTED_EDGE('',*,*,#4134,.T.);
#5631=ORIENTED_EDGE('',*,*,#4142,.F.);
#5632=ORIENTED_EDGE('',*,*,#4084,.T.);
#5633=ORIENTED_EDGE('',*,*,#4143,.F.);
#5634=ORIENTED_EDGE('',*,*,#4140,.F.);
#5635=ORIENTED_EDGE('',*,*,#4083,.T.);
#5636=ORIENTED_EDGE('',*,*,#4080,.T.);
#5637=ORIENTED_EDGE('',*,*,#4143,.T.);
#5638=ORIENTED_EDGE('',*,*,#4144,.F.);
#5639=ORIENTED_EDGE('',*,*,#4145,.T.);
#5640=ORIENTED_EDGE('',*,*,#4146,.F.);
#5641=ORIENTED_EDGE('',*,*,#4147,.F.);
#5642=ORIENTED_EDGE('',*,*,#4148,.F.);
#5643=ORIENTED_EDGE('',*,*,#4149,.T.);
#5644=ORIENTED_EDGE('',*,*,#4150,.F.);
#5645=ORIENTED_EDGE('',*,*,#3631,.T.);
#5646=ORIENTED_EDGE('',*,*,#4151,.F.);
#5647=ORIENTED_EDGE('',*,*,#4152,.T.);
#5648=ORIENTED_EDGE('',*,*,#4153,.F.);
#5649=ORIENTED_EDGE('',*,*,#4154,.F.);
#5650=ORIENTED_EDGE('',*,*,#4145,.F.);
#5651=ORIENTED_EDGE('',*,*,#4155,.F.);
#5652=ORIENTED_EDGE('',*,*,#4156,.F.);
#5653=ORIENTED_EDGE('',*,*,#4149,.F.);
#5654=ORIENTED_EDGE('',*,*,#4157,.F.);
#5655=ORIENTED_EDGE('',*,*,#4158,.F.);
#5656=ORIENTED_EDGE('',*,*,#4159,.T.);
#5657=ORIENTED_EDGE('',*,*,#4160,.T.);
#5658=ORIENTED_EDGE('',*,*,#4161,.F.);
#5659=ORIENTED_EDGE('',*,*,#4162,.T.);
#5660=ORIENTED_EDGE('',*,*,#4163,.T.);
#5661=ORIENTED_EDGE('',*,*,#4164,.F.);
#5662=ORIENTED_EDGE('',*,*,#4146,.T.);
#5663=ORIENTED_EDGE('',*,*,#4154,.T.);
#5664=ORIENTED_EDGE('',*,*,#4165,.F.);
#5665=ORIENTED_EDGE('',*,*,#4150,.T.);
#5666=ORIENTED_EDGE('',*,*,#4156,.T.);
#5667=ORIENTED_EDGE('',*,*,#4166,.F.);
#5668=ORIENTED_EDGE('',*,*,#3633,.F.);
#5669=ORIENTED_EDGE('',*,*,#4167,.T.);
#5670=ORIENTED_EDGE('',*,*,#3599,.F.);
#5671=ORIENTED_EDGE('',*,*,#4168,.F.);
#5672=ORIENTED_EDGE('',*,*,#3632,.F.);
#5673=ORIENTED_EDGE('',*,*,#4169,.F.);
#5674=ORIENTED_EDGE('',*,*,#3600,.F.);
#5675=ORIENTED_EDGE('',*,*,#4167,.F.);
#5676=ORIENTED_EDGE('',*,*,#4170,.T.);
#5677=ORIENTED_EDGE('',*,*,#4171,.F.);
#5678=ORIENTED_EDGE('',*,*,#4147,.T.);
#5679=ORIENTED_EDGE('',*,*,#4164,.T.);
#5680=ORIENTED_EDGE('',*,*,#4172,.F.);
#5681=ORIENTED_EDGE('',*,*,#4173,.T.);
#5682=ORIENTED_EDGE('',*,*,#4159,.F.);
#5683=ORIENTED_EDGE('',*,*,#4174,.T.);
#5684=ORIENTED_EDGE('',*,*,#4175,.F.);
#5685=ORIENTED_EDGE('',*,*,#4176,.F.);
#5686=ORIENTED_EDGE('',*,*,#4177,.T.);
#5687=ORIENTED_EDGE('',*,*,#4162,.F.);
#5688=ORIENTED_EDGE('',*,*,#4178,.F.);
#5689=ORIENTED_EDGE('',*,*,#4170,.F.);
#5690=ORIENTED_EDGE('',*,*,#4163,.F.);
#5691=ORIENTED_EDGE('',*,*,#4177,.F.);
#5692=ORIENTED_EDGE('',*,*,#4160,.F.);
#5693=ORIENTED_EDGE('',*,*,#4173,.F.);
#5694=ORIENTED_EDGE('',*,*,#4179,.F.);
#5695=ORIENTED_EDGE('',*,*,#4180,.T.);
#5696=ORIENTED_EDGE('',*,*,#4181,.F.);
#5697=ORIENTED_EDGE('',*,*,#3640,.T.);
#5698=ORIENTED_EDGE('',*,*,#4172,.T.);
#5699=ORIENTED_EDGE('',*,*,#3737,.F.);
#5700=ORIENTED_EDGE('',*,*,#4157,.T.);
#5701=ORIENTED_EDGE('',*,*,#4148,.T.);
#5702=ORIENTED_EDGE('',*,*,#4182,.T.);
#5703=ORIENTED_EDGE('',*,*,#4155,.T.);
#5704=ORIENTED_EDGE('',*,*,#4144,.T.);
#5705=ORIENTED_EDGE('',*,*,#4171,.T.);
#5706=ORIENTED_EDGE('',*,*,#4178,.T.);
#5707=ORIENTED_EDGE('',*,*,#4176,.T.);
#5708=ORIENTED_EDGE('',*,*,#3591,.F.);
#5709=ORIENTED_EDGE('',*,*,#4179,.T.);
#5710=ORIENTED_EDGE('',*,*,#3638,.F.);
#5711=ORIENTED_EDGE('',*,*,#4183,.F.);
#5712=ORIENTED_EDGE('',*,*,#3617,.F.);
#5713=ORIENTED_EDGE('',*,*,#4184,.F.);
#5714=ORIENTED_EDGE('',*,*,#3639,.F.);
#5715=ORIENTED_EDGE('',*,*,#4184,.T.);
#5716=ORIENTED_EDGE('',*,*,#3616,.F.);
#5717=ORIENTED_EDGE('',*,*,#4185,.F.);
#5718=ORIENTED_EDGE('',*,*,#4186,.T.);
#5719=ORIENTED_EDGE('',*,*,#3502,.T.);
#5720=ORIENTED_EDGE('',*,*,#3764,.F.);
#5721=ORIENTED_EDGE('',*,*,#4187,.F.);
#5722=ORIENTED_EDGE('',*,*,#4151,.T.);
#5723=ORIENTED_EDGE('',*,*,#3630,.T.);
#5724=ORIENTED_EDGE('',*,*,#4069,.T.);
#5725=ORIENTED_EDGE('',*,*,#4188,.F.);
#5726=ORIENTED_EDGE('',*,*,#3849,.F.);
#5727=ORIENTED_EDGE('',*,*,#3504,.T.);
#5728=ORIENTED_EDGE('',*,*,#4135,.T.);
#5729=ORIENTED_EDGE('',*,*,#3602,.T.);
#5730=ORIENTED_EDGE('',*,*,#3571,.F.);
#5731=ORIENTED_EDGE('',*,*,#4189,.T.);
#5732=ORIENTED_EDGE('',*,*,#4190,.F.);
#5733=ORIENTED_EDGE('',*,*,#3983,.T.);
#5734=ORIENTED_EDGE('',*,*,#4191,.F.);
#5735=ORIENTED_EDGE('',*,*,#4192,.F.);
#5736=ORIENTED_EDGE('',*,*,#4193,.F.);
#5737=ORIENTED_EDGE('',*,*,#4194,.T.);
#5738=ORIENTED_EDGE('',*,*,#4195,.F.);
#5739=ORIENTED_EDGE('',*,*,#4196,.T.);
#5740=ORIENTED_EDGE('',*,*,#4197,.F.);
#5741=ORIENTED_EDGE('',*,*,#4194,.F.);
#5742=ORIENTED_EDGE('',*,*,#4198,.F.);
#5743=ORIENTED_EDGE('',*,*,#3444,.F.);
#5744=ORIENTED_EDGE('',*,*,#4199,.F.);
#5745=ORIENTED_EDGE('',*,*,#4189,.F.);
#5746=ORIENTED_EDGE('',*,*,#3570,.F.);
#5747=ORIENTED_EDGE('',*,*,#4186,.F.);
#5748=ORIENTED_EDGE('',*,*,#3601,.T.);
#5749=ORIENTED_EDGE('',*,*,#4200,.T.);
#5750=ORIENTED_EDGE('',*,*,#4201,.F.);
#5751=ORIENTED_EDGE('',*,*,#4190,.T.);
#5752=ORIENTED_EDGE('',*,*,#4199,.T.);
#5753=ORIENTED_EDGE('',*,*,#4202,.F.);
#5754=ORIENTED_EDGE('',*,*,#4195,.T.);
#5755=ORIENTED_EDGE('',*,*,#4197,.T.);
#5756=ORIENTED_EDGE('',*,*,#4203,.T.);
#5757=ORIENTED_EDGE('',*,*,#4204,.T.);
#5758=ORIENTED_EDGE('',*,*,#4205,.T.);
#5759=ORIENTED_EDGE('',*,*,#4206,.F.);
#5760=ORIENTED_EDGE('',*,*,#4207,.T.);
#5761=ORIENTED_EDGE('',*,*,#4169,.T.);
#5762=ORIENTED_EDGE('',*,*,#4165,.T.);
#5763=ORIENTED_EDGE('',*,*,#4153,.T.);
#5764=ORIENTED_EDGE('',*,*,#4208,.T.);
#5765=ORIENTED_EDGE('',*,*,#4047,.F.);
#5766=ORIENTED_EDGE('',*,*,#4209,.F.);
#5767=ORIENTED_EDGE('',*,*,#4191,.T.);
#5768=ORIENTED_EDGE('',*,*,#4202,.T.);
#5769=ORIENTED_EDGE('',*,*,#4183,.T.);
#5770=ORIENTED_EDGE('',*,*,#4166,.T.);
#5771=ORIENTED_EDGE('',*,*,#4168,.T.);
#5772=ORIENTED_EDGE('',*,*,#4201,.T.);
#5773=ORIENTED_EDGE('',*,*,#3622,.T.);
#5774=ORIENTED_EDGE('',*,*,#4053,.T.);
#5775=ORIENTED_EDGE('',*,*,#4052,.T.);
#5776=ORIENTED_EDGE('',*,*,#4049,.T.);
#5777=ORIENTED_EDGE('',*,*,#4210,.T.);
#5778=ORIENTED_EDGE('',*,*,#4203,.F.);
#5779=ORIENTED_EDGE('',*,*,#4196,.F.);
#5780=ORIENTED_EDGE('',*,*,#3443,.F.);
#5781=ORIENTED_EDGE('',*,*,#3577,.F.);
#5782=ORIENTED_EDGE('',*,*,#4211,.T.);
#5783=ORIENTED_EDGE('',*,*,#4207,.F.);
#5784=ORIENTED_EDGE('',*,*,#3615,.T.);
#5785=ORIENTED_EDGE('',*,*,#4212,.F.);
#5786=ORIENTED_EDGE('',*,*,#3581,.T.);
#5787=ORIENTED_EDGE('',*,*,#4213,.F.);
#5788=ORIENTED_EDGE('',*,*,#3576,.F.);
#5789=ORIENTED_EDGE('',*,*,#3989,.T.);
#5790=ORIENTED_EDGE('',*,*,#4200,.F.);
#5791=ORIENTED_EDGE('',*,*,#4211,.F.);
#5792=ORIENTED_EDGE('',*,*,#4214,.T.);
#5793=ORIENTED_EDGE('',*,*,#4204,.F.);
#5794=ORIENTED_EDGE('',*,*,#4210,.F.);
#5795=ORIENTED_EDGE('',*,*,#3442,.F.);
#5796=ORIENTED_EDGE('',*,*,#4215,.F.);
#5797=ORIENTED_EDGE('',*,*,#4216,.F.);
#5798=ORIENTED_EDGE('',*,*,#4217,.F.);
#5799=ORIENTED_EDGE('',*,*,#4205,.F.);
#5800=ORIENTED_EDGE('',*,*,#4214,.F.);
#5801=ORIENTED_EDGE('',*,*,#4218,.F.);
#5802=ORIENTED_EDGE('',*,*,#4219,.T.);
#5803=ORIENTED_EDGE('',*,*,#4220,.T.);
#5804=ORIENTED_EDGE('',*,*,#4213,.T.);
#5805=ORIENTED_EDGE('',*,*,#4221,.T.);
#5806=ORIENTED_EDGE('',*,*,#4216,.T.);
#5807=ORIENTED_EDGE('',*,*,#4185,.T.);
#5808=ORIENTED_EDGE('',*,*,#4206,.T.);
#5809=ORIENTED_EDGE('',*,*,#4217,.T.);
#5810=ORIENTED_EDGE('',*,*,#4222,.T.);
#5811=ORIENTED_EDGE('',*,*,#4038,.F.);
#5812=ORIENTED_EDGE('',*,*,#3592,.F.);
#5813=ORIENTED_EDGE('',*,*,#4175,.T.);
#5814=ORIENTED_EDGE('',*,*,#4161,.T.);
#5815=ORIENTED_EDGE('',*,*,#3614,.T.);
#5816=ORIENTED_EDGE('',*,*,#4131,.T.);
#5817=ORIENTED_EDGE('',*,*,#3540,.F.);
#5818=ORIENTED_EDGE('',*,*,#3844,.F.);
#5819=ORIENTED_EDGE('',*,*,#3709,.T.);
#5820=ORIENTED_EDGE('',*,*,#4103,.T.);
#5821=ORIENTED_EDGE('',*,*,#3641,.T.);
#5822=ORIENTED_EDGE('',*,*,#4181,.T.);
#5823=ORIENTED_EDGE('',*,*,#3707,.T.);
#5824=ORIENTED_EDGE('',*,*,#3755,.F.);
#5825=ORIENTED_EDGE('',*,*,#3542,.F.);
#5826=ORIENTED_EDGE('',*,*,#4212,.T.);
#5827=ORIENTED_EDGE('',*,*,#3437,.F.);
#5828=ORIENTED_EDGE('',*,*,#3744,.F.);
#5829=ORIENTED_EDGE('',*,*,#3578,.F.);
#5830=ORIENTED_EDGE('',*,*,#4220,.F.);
#5831=ORIENTED_EDGE('',*,*,#4219,.F.);
#5832=ORIENTED_EDGE('',*,*,#4223,.F.);
#5833=ORIENTED_EDGE('',*,*,#4224,.T.);
#5834=ORIENTED_EDGE('',*,*,#4225,.T.);
#5835=ORIENTED_EDGE('',*,*,#3645,.F.);
#5836=ORIENTED_EDGE('',*,*,#4100,.F.);
#5837=ORIENTED_EDGE('',*,*,#4226,.F.);
#5838=ORIENTED_EDGE('',*,*,#4227,.T.);
#5839=ORIENTED_EDGE('',*,*,#4228,.T.);
#5840=ORIENTED_EDGE('',*,*,#4229,.T.);
#5841=ORIENTED_EDGE('',*,*,#4230,.T.);
#5842=ORIENTED_EDGE('',*,*,#4231,.F.);
#5843=ORIENTED_EDGE('',*,*,#4174,.F.);
#5844=ORIENTED_EDGE('',*,*,#3637,.F.);
#5845=ORIENTED_EDGE('',*,*,#4232,.T.);
#5846=ORIENTED_EDGE('',*,*,#3634,.F.);
#5847=ORIENTED_EDGE('',*,*,#4158,.T.);
#5848=ORIENTED_EDGE('',*,*,#4233,.F.);
#5849=ORIENTED_EDGE('',*,*,#4234,.T.);
#5850=ORIENTED_EDGE('',*,*,#4235,.T.);
#5851=ORIENTED_EDGE('',*,*,#4236,.F.);
#5852=ORIENTED_EDGE('',*,*,#4064,.F.);
#5853=ORIENTED_EDGE('',*,*,#3626,.F.);
#5854=ORIENTED_EDGE('',*,*,#4237,.T.);
#5855=ORIENTED_EDGE('',*,*,#4238,.T.);
#5856=ORIENTED_EDGE('',*,*,#4239,.T.);
#5857=ORIENTED_EDGE('',*,*,#4240,.T.);
#5858=ORIENTED_EDGE('',*,*,#4230,.F.);
#5859=ORIENTED_EDGE('',*,*,#3636,.T.);
#5860=ORIENTED_EDGE('',*,*,#4241,.F.);
#5861=ORIENTED_EDGE('',*,*,#4232,.F.);
#5862=ORIENTED_EDGE('',*,*,#4242,.T.);
#5863=ORIENTED_EDGE('',*,*,#4241,.T.);
#5864=ORIENTED_EDGE('',*,*,#3635,.T.);
#5865=ORIENTED_EDGE('',*,*,#4243,.T.);
#5866=ORIENTED_EDGE('',*,*,#4244,.T.);
#5867=ORIENTED_EDGE('',*,*,#4245,.T.);
#5868=ORIENTED_EDGE('',*,*,#4237,.F.);
#5869=ORIENTED_EDGE('',*,*,#3647,.T.);
#5870=ORIENTED_EDGE('',*,*,#4246,.F.);
#5871=ORIENTED_EDGE('',*,*,#4247,.T.);
#5872=ORIENTED_EDGE('',*,*,#4235,.F.);
#5873=ORIENTED_EDGE('',*,*,#4245,.F.);
#5874=ORIENTED_EDGE('',*,*,#4248,.T.);
#5875=ORIENTED_EDGE('',*,*,#4249,.F.);
#5876=ORIENTED_EDGE('',*,*,#4238,.F.);
#5877=ORIENTED_EDGE('',*,*,#4239,.F.);
#5878=ORIENTED_EDGE('',*,*,#4249,.T.);
#5879=ORIENTED_EDGE('',*,*,#4250,.T.);
#5880=ORIENTED_EDGE('',*,*,#4251,.F.);
#5881=ORIENTED_EDGE('',*,*,#4244,.F.);
#5882=ORIENTED_EDGE('',*,*,#4252,.F.);
#5883=ORIENTED_EDGE('',*,*,#4250,.F.);
#5884=ORIENTED_EDGE('',*,*,#4248,.F.);
#5885=ORIENTED_EDGE('',*,*,#4243,.F.);
#5886=ORIENTED_EDGE('',*,*,#4234,.F.);
#5887=ORIENTED_EDGE('',*,*,#4251,.T.);
#5888=ORIENTED_EDGE('',*,*,#4252,.T.);
#5889=ORIENTED_EDGE('',*,*,#4253,.T.);
#5890=ORIENTED_EDGE('',*,*,#4254,.T.);
#5891=ORIENTED_EDGE('',*,*,#4255,.T.);
#5892=ORIENTED_EDGE('',*,*,#4227,.F.);
#5893=ORIENTED_EDGE('',*,*,#4256,.T.);
#5894=ORIENTED_EDGE('',*,*,#4246,.T.);
#5895=ORIENTED_EDGE('',*,*,#3646,.T.);
#5896=ORIENTED_EDGE('',*,*,#4225,.F.);
#5897=ORIENTED_EDGE('',*,*,#4255,.F.);
#5898=ORIENTED_EDGE('',*,*,#4257,.T.);
#5899=ORIENTED_EDGE('',*,*,#4258,.F.);
#5900=ORIENTED_EDGE('',*,*,#4228,.F.);
#5901=ORIENTED_EDGE('',*,*,#4229,.F.);
#5902=ORIENTED_EDGE('',*,*,#4258,.T.);
#5903=ORIENTED_EDGE('',*,*,#4259,.T.);
#5904=ORIENTED_EDGE('',*,*,#4260,.F.);
#5905=ORIENTED_EDGE('',*,*,#4254,.F.);
#5906=ORIENTED_EDGE('',*,*,#4261,.F.);
#5907=ORIENTED_EDGE('',*,*,#4259,.F.);
#5908=ORIENTED_EDGE('',*,*,#4257,.F.);
#5909=ORIENTED_EDGE('',*,*,#4253,.F.);
#5910=ORIENTED_EDGE('',*,*,#4224,.F.);
#5911=ORIENTED_EDGE('',*,*,#4260,.T.);
#5912=ORIENTED_EDGE('',*,*,#4261,.T.);
#5913=ORIENTED_EDGE('',*,*,#4262,.T.);
#5914=ORIENTED_EDGE('',*,*,#3584,.F.);
#5915=ORIENTED_EDGE('',*,*,#4129,.F.);
#5916=ORIENTED_EDGE('',*,*,#3610,.F.);
#5917=ORIENTED_EDGE('',*,*,#4263,.T.);
#5918=ORIENTED_EDGE('',*,*,#3607,.F.);
#5919=ORIENTED_EDGE('',*,*,#4133,.F.);
#5920=ORIENTED_EDGE('',*,*,#3567,.F.);
#5921=ORIENTED_EDGE('',*,*,#4263,.F.);
#5922=ORIENTED_EDGE('',*,*,#3586,.T.);
#5923=ORIENTED_EDGE('',*,*,#4264,.T.);
#5924=ORIENTED_EDGE('',*,*,#3608,.T.);
#5925=ORIENTED_EDGE('',*,*,#4262,.F.);
#5926=ORIENTED_EDGE('',*,*,#3609,.T.);
#5927=ORIENTED_EDGE('',*,*,#4264,.F.);
#5928=ORIENTED_EDGE('',*,*,#3585,.T.);
#5929=ORIENTED_EDGE('',*,*,#4265,.T.);
#5930=ORIENTED_EDGE('',*,*,#4266,.T.);
#5931=ORIENTED_EDGE('',*,*,#4267,.T.);
#5932=ORIENTED_EDGE('',*,*,#3990,.F.);
#5933=ORIENTED_EDGE('',*,*,#3574,.T.);
#5934=ORIENTED_EDGE('',*,*,#4268,.T.);
#5935=ORIENTED_EDGE('',*,*,#3619,.T.);
#5936=ORIENTED_EDGE('',*,*,#3988,.F.);
#5937=ORIENTED_EDGE('',*,*,#4267,.F.);
#5938=ORIENTED_EDGE('',*,*,#4269,.T.);
#5939=ORIENTED_EDGE('',*,*,#4270,.F.);
#5940=ORIENTED_EDGE('',*,*,#3991,.F.);
#5941=ORIENTED_EDGE('',*,*,#3992,.F.);
#5942=ORIENTED_EDGE('',*,*,#4270,.T.);
#5943=ORIENTED_EDGE('',*,*,#4271,.T.);
#5944=ORIENTED_EDGE('',*,*,#4272,.F.);
#5945=ORIENTED_EDGE('',*,*,#4266,.F.);
#5946=ORIENTED_EDGE('',*,*,#4273,.F.);
#5947=ORIENTED_EDGE('',*,*,#4271,.F.);
#5948=ORIENTED_EDGE('',*,*,#4269,.F.);
#5949=ORIENTED_EDGE('',*,*,#4265,.F.);
#5950=ORIENTED_EDGE('',*,*,#3987,.F.);
#5951=ORIENTED_EDGE('',*,*,#4272,.T.);
#5952=ORIENTED_EDGE('',*,*,#4273,.T.);
#5953=ORIENTED_EDGE('',*,*,#4274,.T.);
#5954=ORIENTED_EDGE('',*,*,#4275,.T.);
#5955=ORIENTED_EDGE('',*,*,#4276,.T.);
#5956=ORIENTED_EDGE('',*,*,#3984,.F.);
#5957=ORIENTED_EDGE('',*,*,#3620,.T.);
#5958=ORIENTED_EDGE('',*,*,#4268,.F.);
#5959=ORIENTED_EDGE('',*,*,#3573,.T.);
#5960=ORIENTED_EDGE('',*,*,#3982,.F.);
#5961=ORIENTED_EDGE('',*,*,#4276,.F.);
#5962=ORIENTED_EDGE('',*,*,#4277,.T.);
#5963=ORIENTED_EDGE('',*,*,#4278,.F.);
#5964=ORIENTED_EDGE('',*,*,#3985,.F.);
#5965=ORIENTED_EDGE('',*,*,#3986,.F.);
#5966=ORIENTED_EDGE('',*,*,#4278,.T.);
#5967=ORIENTED_EDGE('',*,*,#4279,.T.);
#5968=ORIENTED_EDGE('',*,*,#4280,.F.);
#5969=ORIENTED_EDGE('',*,*,#4275,.F.);
#5970=ORIENTED_EDGE('',*,*,#4281,.F.);
#5971=ORIENTED_EDGE('',*,*,#4279,.F.);
#5972=ORIENTED_EDGE('',*,*,#4277,.F.);
#5973=ORIENTED_EDGE('',*,*,#4274,.F.);
#5974=ORIENTED_EDGE('',*,*,#3981,.F.);
#5975=ORIENTED_EDGE('',*,*,#4280,.T.);
#5976=ORIENTED_EDGE('',*,*,#4281,.T.);
#5977=ORIENTED_EDGE('',*,*,#3445,.F.);
#5978=ORIENTED_EDGE('',*,*,#4282,.T.);
#5979=ORIENTED_EDGE('',*,*,#4046,.T.);
#5980=ORIENTED_EDGE('',*,*,#4045,.T.);
#5981=ORIENTED_EDGE('',*,*,#4283,.T.);
#5982=ORIENTED_EDGE('',*,*,#3439,.F.);
#5983=ORIENTED_EDGE('',*,*,#4283,.F.);
#5984=ORIENTED_EDGE('',*,*,#4031,.F.);
#5985=ORIENTED_EDGE('',*,*,#4284,.F.);
#5986=ORIENTED_EDGE('',*,*,#3454,.F.);
#5987=ORIENTED_EDGE('',*,*,#4285,.T.);
#5988=ORIENTED_EDGE('',*,*,#4041,.T.);
#5989=ORIENTED_EDGE('',*,*,#4286,.T.);
#5990=ORIENTED_EDGE('',*,*,#3434,.F.);
#5991=ORIENTED_EDGE('',*,*,#4287,.T.);
#5992=ORIENTED_EDGE('',*,*,#4288,.F.);
#5993=ORIENTED_EDGE('',*,*,#4289,.T.);
#5994=ORIENTED_EDGE('',*,*,#4290,.T.);
#5995=ORIENTED_EDGE('',*,*,#4286,.F.);
#5996=ORIENTED_EDGE('',*,*,#4222,.F.);
#5997=ORIENTED_EDGE('',*,*,#4221,.F.);
#5998=ORIENTED_EDGE('',*,*,#3580,.F.);
#5999=ORIENTED_EDGE('',*,*,#3745,.T.);
#6000=ORIENTED_EDGE('',*,*,#4291,.T.);
#6001=ORIENTED_EDGE('',*,*,#4223,.T.);
#6002=ORIENTED_EDGE('',*,*,#4215,.T.);
#6003=ORIENTED_EDGE('',*,*,#3430,.F.);
#6004=ORIENTED_EDGE('',*,*,#4285,.F.);
#6005=ORIENTED_EDGE('',*,*,#4290,.F.);
#6006=ORIENTED_EDGE('',*,*,#4218,.T.);
#6007=ORIENTED_EDGE('',*,*,#4292,.F.);
#6008=ORIENTED_EDGE('',*,*,#4287,.F.);
#6009=ORIENTED_EDGE('',*,*,#3438,.F.);
#6010=ORIENTED_EDGE('',*,*,#4293,.T.);
#6011=ORIENTED_EDGE('',*,*,#4192,.T.);
#6012=ORIENTED_EDGE('',*,*,#4209,.T.);
#6013=ORIENTED_EDGE('',*,*,#4294,.F.);
#6014=ORIENTED_EDGE('',*,*,#4295,.T.);
#6015=ORIENTED_EDGE('',*,*,#4294,.T.);
#6016=ORIENTED_EDGE('',*,*,#4043,.T.);
#6017=ORIENTED_EDGE('',*,*,#4193,.T.);
#6018=ORIENTED_EDGE('',*,*,#4293,.F.);
#6019=ORIENTED_EDGE('',*,*,#4295,.F.);
#6020=ORIENTED_EDGE('',*,*,#4282,.F.);
#6021=ORIENTED_EDGE('',*,*,#4198,.T.);
#6022=ORIENTED_EDGE('',*,*,#4296,.F.);
#6023=ORIENTED_EDGE('',*,*,#3451,.F.);
#6024=ORIENTED_EDGE('',*,*,#4297,.F.);
#6025=ORIENTED_EDGE('',*,*,#4298,.T.);
#6026=ORIENTED_EDGE('',*,*,#4288,.T.);
#6027=ORIENTED_EDGE('',*,*,#4292,.T.);
#6028=ORIENTED_EDGE('',*,*,#4291,.F.);
#6029=ORIENTED_EDGE('',*,*,#3436,.T.);
#6030=ORIENTED_EDGE('',*,*,#4299,.T.);
#6031=ORIENTED_EDGE('',*,*,#3452,.T.);
#6032=ORIENTED_EDGE('',*,*,#4296,.T.);
#6033=ORIENTED_EDGE('',*,*,#4300,.T.);
#6034=ORIENTED_EDGE('',*,*,#3450,.F.);
#6035=ORIENTED_EDGE('',*,*,#4301,.T.);
#6036=ORIENTED_EDGE('',*,*,#4300,.F.);
#6037=ORIENTED_EDGE('',*,*,#4297,.T.);
#6038=ORIENTED_EDGE('',*,*,#4298,.F.);
#6039=ORIENTED_EDGE('',*,*,#3435,.F.);
#6040=ORIENTED_EDGE('',*,*,#4289,.F.);
#6041=ORIENTED_EDGE('',*,*,#4302,.T.);
#6042=ORIENTED_EDGE('',*,*,#4299,.F.);
#6043=ORIENTED_EDGE('',*,*,#4301,.F.);
#6044=ORIENTED_EDGE('',*,*,#3453,.F.);
#6045=ORIENTED_EDGE('',*,*,#4303,.T.);
#6046=ORIENTED_EDGE('',*,*,#3463,.F.);
#6047=ORIENTED_EDGE('',*,*,#4304,.T.);
#6048=ORIENTED_EDGE('',*,*,#4302,.F.);
#6049=ORIENTED_EDGE('',*,*,#4304,.F.);
#6050=ORIENTED_EDGE('',*,*,#3464,.F.);
#6051=ORIENTED_EDGE('',*,*,#4305,.T.);
#6052=ORIENTED_EDGE('',*,*,#4303,.F.);
#6053=ORIENTED_EDGE('',*,*,#4305,.F.);
#6054=ORIENTED_EDGE('',*,*,#3516,.F.);
#6055=ORIENTED_EDGE('',*,*,#4306,.T.);
#6056=ORIENTED_EDGE('',*,*,#3561,.F.);
#6057=ORIENTED_EDGE('',*,*,#4307,.F.);
#6058=ORIENTED_EDGE('',*,*,#3517,.F.);
#6059=ORIENTED_EDGE('',*,*,#4307,.T.);
#6060=ORIENTED_EDGE('',*,*,#3560,.F.);
#6061=ORIENTED_EDGE('',*,*,#4308,.F.);
#6062=ORIENTED_EDGE('',*,*,#3518,.F.);
#6063=ORIENTED_EDGE('',*,*,#4308,.T.);
#6064=ORIENTED_EDGE('',*,*,#3559,.F.);
#6065=ORIENTED_EDGE('',*,*,#4309,.F.);
#6066=ORIENTED_EDGE('',*,*,#3519,.F.);
#6067=ORIENTED_EDGE('',*,*,#4309,.T.);
#6068=ORIENTED_EDGE('',*,*,#3558,.F.);
#6069=ORIENTED_EDGE('',*,*,#4306,.F.);
#6070=ORIENTED_EDGE('',*,*,#3478,.F.);
#6071=ORIENTED_EDGE('',*,*,#4310,.T.);
#6072=ORIENTED_EDGE('',*,*,#4311,.T.);
#6073=ORIENTED_EDGE('',*,*,#4312,.F.);
#6074=ORIENTED_EDGE('',*,*,#3652,.F.);
#6075=ORIENTED_EDGE('',*,*,#4313,.T.);
#6076=ORIENTED_EDGE('',*,*,#4314,.T.);
#6077=ORIENTED_EDGE('',*,*,#4315,.F.);
#6078=ORIENTED_EDGE('',*,*,#3515,.F.);
#6079=ORIENTED_EDGE('',*,*,#4316,.T.);
#6080=ORIENTED_EDGE('',*,*,#4317,.T.);
#6081=ORIENTED_EDGE('',*,*,#4318,.F.);
#6082=ORIENTED_EDGE('',*,*,#3509,.F.);
#6083=ORIENTED_EDGE('',*,*,#4319,.T.);
#6084=ORIENTED_EDGE('',*,*,#4320,.T.);
#6085=ORIENTED_EDGE('',*,*,#4321,.F.);
#6086=ORIENTED_EDGE('',*,*,#3510,.F.);
#6087=ORIENTED_EDGE('',*,*,#4321,.T.);
#6088=ORIENTED_EDGE('',*,*,#4322,.T.);
#6089=ORIENTED_EDGE('',*,*,#4323,.F.);
#6090=ORIENTED_EDGE('',*,*,#3718,.F.);
#6091=ORIENTED_EDGE('',*,*,#4324,.T.);
#6092=ORIENTED_EDGE('',*,*,#3727,.F.);
#6093=ORIENTED_EDGE('',*,*,#4325,.F.);
#6094=ORIENTED_EDGE('',*,*,#3719,.F.);
#6095=ORIENTED_EDGE('',*,*,#4325,.T.);
#6096=ORIENTED_EDGE('',*,*,#3726,.F.);
#6097=ORIENTED_EDGE('',*,*,#4326,.F.);
#6098=ORIENTED_EDGE('',*,*,#3720,.F.);
#6099=ORIENTED_EDGE('',*,*,#4326,.T.);
#6100=ORIENTED_EDGE('',*,*,#3725,.F.);
#6101=ORIENTED_EDGE('',*,*,#4327,.F.);
#6102=ORIENTED_EDGE('',*,*,#3717,.F.);
#6103=ORIENTED_EDGE('',*,*,#4327,.T.);
#6104=ORIENTED_EDGE('',*,*,#3724,.F.);
#6105=ORIENTED_EDGE('',*,*,#4324,.F.);
#6106=ORIENTED_EDGE('',*,*,#3841,.F.);
#6107=ORIENTED_EDGE('',*,*,#4328,.T.);
#6108=ORIENTED_EDGE('',*,*,#3750,.F.);
#6109=ORIENTED_EDGE('',*,*,#3705,.F.);
#6110=ORIENTED_EDGE('',*,*,#4329,.T.);
#6111=ORIENTED_EDGE('',*,*,#4330,.T.);
#6112=ORIENTED_EDGE('',*,*,#4331,.T.);
#6113=ORIENTED_EDGE('',*,*,#4332,.T.);
#6114=ORIENTED_EDGE('',*,*,#4333,.F.);
#6115=ORIENTED_EDGE('',*,*,#4334,.F.);
#6116=ORIENTED_EDGE('',*,*,#4335,.F.);
#6117=ORIENTED_EDGE('',*,*,#4336,.F.);
#6118=ORIENTED_EDGE('',*,*,#4337,.F.);
#6119=ORIENTED_EDGE('',*,*,#4338,.F.);
#6120=ORIENTED_EDGE('',*,*,#4339,.F.);
#6121=ORIENTED_EDGE('',*,*,#4340,.F.);
#6122=ORIENTED_EDGE('',*,*,#4330,.F.);
#6123=ORIENTED_EDGE('',*,*,#4341,.T.);
#6124=ORIENTED_EDGE('',*,*,#4333,.T.);
#6125=ORIENTED_EDGE('',*,*,#4342,.F.);
#6126=ORIENTED_EDGE('',*,*,#4331,.F.);
#6127=ORIENTED_EDGE('',*,*,#4342,.T.);
#6128=ORIENTED_EDGE('',*,*,#4336,.T.);
#6129=ORIENTED_EDGE('',*,*,#4343,.F.);
#6130=ORIENTED_EDGE('',*,*,#4332,.F.);
#6131=ORIENTED_EDGE('',*,*,#4343,.T.);
#6132=ORIENTED_EDGE('',*,*,#4335,.T.);
#6133=ORIENTED_EDGE('',*,*,#4344,.F.);
#6134=ORIENTED_EDGE('',*,*,#4329,.F.);
#6135=ORIENTED_EDGE('',*,*,#4344,.T.);
#6136=ORIENTED_EDGE('',*,*,#4334,.T.);
#6137=ORIENTED_EDGE('',*,*,#4341,.F.);
#6138=ORIENTED_EDGE('',*,*,#3714,.F.);
#6139=ORIENTED_EDGE('',*,*,#4345,.T.);
#6140=ORIENTED_EDGE('',*,*,#4337,.T.);
#6141=ORIENTED_EDGE('',*,*,#4346,.F.);
#6142=ORIENTED_EDGE('',*,*,#3715,.F.);
#6143=ORIENTED_EDGE('',*,*,#4346,.T.);
#6144=ORIENTED_EDGE('',*,*,#4340,.T.);
#6145=ORIENTED_EDGE('',*,*,#4347,.F.);
#6146=ORIENTED_EDGE('',*,*,#3716,.F.);
#6147=ORIENTED_EDGE('',*,*,#4347,.T.);
#6148=ORIENTED_EDGE('',*,*,#4339,.T.);
#6149=ORIENTED_EDGE('',*,*,#4348,.F.);
#6150=ORIENTED_EDGE('',*,*,#3713,.F.);
#6151=ORIENTED_EDGE('',*,*,#4348,.T.);
#6152=ORIENTED_EDGE('',*,*,#4338,.T.);
#6153=ORIENTED_EDGE('',*,*,#4345,.F.);
#6154=ORIENTED_EDGE('',*,*,#4349,.T.);
#6155=ORIENTED_EDGE('',*,*,#4350,.T.);
#6156=ORIENTED_EDGE('',*,*,#4351,.T.);
#6157=ORIENTED_EDGE('',*,*,#4352,.T.);
#6158=ORIENTED_EDGE('',*,*,#4353,.T.);
#6159=ORIENTED_EDGE('',*,*,#4354,.T.);
#6160=ORIENTED_EDGE('',*,*,#4355,.T.);
#6161=ORIENTED_EDGE('',*,*,#3507,.F.);
#6162=ORIENTED_EDGE('',*,*,#4318,.T.);
#6163=ORIENTED_EDGE('',*,*,#4356,.F.);
#6164=ORIENTED_EDGE('',*,*,#4357,.T.);
#6165=ORIENTED_EDGE('',*,*,#3743,.F.);
#6166=ORIENTED_EDGE('',*,*,#4357,.F.);
#6167=ORIENTED_EDGE('',*,*,#3735,.F.);
#6168=ORIENTED_EDGE('',*,*,#3736,.F.);
#6169=ORIENTED_EDGE('',*,*,#4358,.T.);
#6170=ORIENTED_EDGE('',*,*,#3711,.F.);
#6171=ORIENTED_EDGE('',*,*,#3712,.F.);
#6172=ORIENTED_EDGE('',*,*,#4358,.F.);
#6173=ORIENTED_EDGE('',*,*,#4359,.F.);
#6174=ORIENTED_EDGE('',*,*,#3476,.F.);
#6175=ORIENTED_EDGE('',*,*,#3546,.F.);
#6176=ORIENTED_EDGE('',*,*,#4360,.T.);
#6177=ORIENTED_EDGE('',*,*,#4351,.F.);
#6178=ORIENTED_EDGE('',*,*,#4361,.F.);
#6179=ORIENTED_EDGE('',*,*,#4352,.F.);
#6180=ORIENTED_EDGE('',*,*,#4360,.F.);
#6181=ORIENTED_EDGE('',*,*,#3545,.F.);
#6182=ORIENTED_EDGE('',*,*,#3654,.F.);
#6183=ORIENTED_EDGE('',*,*,#4362,.F.);
#6184=ORIENTED_EDGE('',*,*,#4363,.F.);
#6185=ORIENTED_EDGE('',*,*,#4319,.F.);
#6186=ORIENTED_EDGE('',*,*,#3508,.F.);
#6187=ORIENTED_EDGE('',*,*,#4355,.F.);
#6188=ORIENTED_EDGE('',*,*,#4364,.F.);
#6189=ORIENTED_EDGE('',*,*,#4365,.T.);
#6190=ORIENTED_EDGE('',*,*,#4366,.T.);
#6191=ORIENTED_EDGE('',*,*,#4233,.T.);
#6192=ORIENTED_EDGE('',*,*,#3741,.F.);
#6193=ORIENTED_EDGE('',*,*,#4367,.T.);
#6194=ORIENTED_EDGE('',*,*,#4152,.F.);
#6195=ORIENTED_EDGE('',*,*,#4368,.F.);
#6196=ORIENTED_EDGE('',*,*,#4068,.F.);
#6197=ORIENTED_EDGE('',*,*,#4065,.F.);
#6198=ORIENTED_EDGE('',*,*,#4236,.T.);
#6199=ORIENTED_EDGE('',*,*,#4247,.F.);
#6200=ORIENTED_EDGE('',*,*,#4256,.F.);
#6201=ORIENTED_EDGE('',*,*,#4226,.T.);
#6202=ORIENTED_EDGE('',*,*,#4099,.F.);
#6203=ORIENTED_EDGE('',*,*,#4101,.F.);
#6204=ORIENTED_EDGE('',*,*,#3708,.T.);
#6205=ORIENTED_EDGE('',*,*,#4180,.F.);
#6206=ORIENTED_EDGE('',*,*,#3590,.F.);
#6207=ORIENTED_EDGE('',*,*,#3738,.F.);
#6208=ORIENTED_EDGE('',*,*,#4231,.T.);
#6209=ORIENTED_EDGE('',*,*,#4240,.F.);
#6210=ORIENTED_EDGE('',*,*,#4242,.F.);
#6211=ORIENTED_EDGE('',*,*,#3495,.T.);
#6212=ORIENTED_EDGE('',*,*,#3498,.T.);
#6213=ORIENTED_EDGE('',*,*,#4356,.T.);
#6214=ORIENTED_EDGE('',*,*,#4369,.T.);
#6215=ORIENTED_EDGE('',*,*,#4370,.T.);
#6216=ORIENTED_EDGE('',*,*,#4371,.T.);
#6217=ORIENTED_EDGE('',*,*,#4353,.F.);
#6218=ORIENTED_EDGE('',*,*,#4361,.T.);
#6219=ORIENTED_EDGE('',*,*,#4350,.F.);
#6220=ORIENTED_EDGE('',*,*,#4372,.T.);
#6221=ORIENTED_EDGE('',*,*,#4362,.T.);
#6222=ORIENTED_EDGE('',*,*,#3653,.F.);
#6223=ORIENTED_EDGE('',*,*,#4315,.T.);
#6224=ORIENTED_EDGE('',*,*,#3477,.F.);
#6225=ORIENTED_EDGE('',*,*,#4359,.T.);
#6226=ORIENTED_EDGE('',*,*,#4373,.T.);
#6227=ORIENTED_EDGE('',*,*,#4310,.F.);
#6228=ORIENTED_EDGE('',*,*,#3596,.F.);
#6229=ORIENTED_EDGE('',*,*,#3597,.F.);
#6230=ORIENTED_EDGE('',*,*,#4374,.T.);
#6231=ORIENTED_EDGE('',*,*,#4375,.F.);
#6232=ORIENTED_EDGE('',*,*,#4374,.F.);
#6233=ORIENTED_EDGE('',*,*,#3447,.F.);
#6234=ORIENTED_EDGE('',*,*,#4376,.T.);
#6235=ORIENTED_EDGE('',*,*,#3562,.F.);
#6236=ORIENTED_EDGE('',*,*,#3553,.F.);
#6237=ORIENTED_EDGE('',*,*,#3563,.F.);
#6238=ORIENTED_EDGE('',*,*,#4376,.F.);
#6239=ORIENTED_EDGE('',*,*,#3734,.F.);
#6240=ORIENTED_EDGE('',*,*,#4377,.T.);
#6241=ORIENTED_EDGE('',*,*,#3742,.F.);
#6242=ORIENTED_EDGE('',*,*,#4377,.F.);
#6243=ORIENTED_EDGE('',*,*,#3467,.T.);
#6244=ORIENTED_EDGE('',*,*,#4378,.T.);
#6245=ORIENTED_EDGE('',*,*,#4370,.F.);
#6246=ORIENTED_EDGE('',*,*,#4349,.F.);
#6247=ORIENTED_EDGE('',*,*,#4371,.F.);
#6248=ORIENTED_EDGE('',*,*,#4378,.F.);
#6249=ORIENTED_EDGE('',*,*,#3649,.F.);
#6250=ORIENTED_EDGE('',*,*,#4379,.T.);
#6251=ORIENTED_EDGE('',*,*,#3625,.F.);
#6252=ORIENTED_EDGE('',*,*,#4379,.F.);
#6253=ORIENTED_EDGE('',*,*,#4380,.T.);
#6254=ORIENTED_EDGE('',*,*,#4381,.T.);
#6255=ORIENTED_EDGE('',*,*,#4382,.F.);
#6256=ORIENTED_EDGE('',*,*,#4383,.T.);
#6257=ORIENTED_EDGE('',*,*,#4384,.F.);
#6258=ORIENTED_EDGE('',*,*,#3651,.F.);
#6259=ORIENTED_EDGE('',*,*,#4385,.T.);
#6260=ORIENTED_EDGE('',*,*,#4386,.T.);
#6261=ORIENTED_EDGE('',*,*,#4313,.F.);
#6262=ORIENTED_EDGE('',*,*,#4387,.T.);
#6263=ORIENTED_EDGE('',*,*,#4388,.T.);
#6264=ORIENTED_EDGE('',*,*,#3479,.F.);
#6265=ORIENTED_EDGE('',*,*,#4312,.T.);
#6266=ORIENTED_EDGE('',*,*,#4389,.F.);
#6267=ORIENTED_EDGE('',*,*,#4390,.F.);
#6268=ORIENTED_EDGE('',*,*,#3513,.F.);
#6269=ORIENTED_EDGE('',*,*,#4391,.T.);
#6270=ORIENTED_EDGE('',*,*,#4392,.F.);
#6271=ORIENTED_EDGE('',*,*,#4383,.F.);
#6272=ORIENTED_EDGE('',*,*,#4393,.F.);
#6273=ORIENTED_EDGE('',*,*,#4391,.F.);
#6274=ORIENTED_EDGE('',*,*,#3512,.F.);
#6275=ORIENTED_EDGE('',*,*,#4394,.F.);
#6276=ORIENTED_EDGE('',*,*,#4395,.F.);
#6277=ORIENTED_EDGE('',*,*,#4385,.F.);
#6278=ORIENTED_EDGE('',*,*,#3656,.F.);
#6279=ORIENTED_EDGE('',*,*,#3499,.F.);
#6280=ORIENTED_EDGE('',*,*,#3480,.F.);
#6281=ORIENTED_EDGE('',*,*,#4388,.F.);
#6282=ORIENTED_EDGE('',*,*,#4369,.F.);
#6283=ORIENTED_EDGE('',*,*,#4396,.T.);
#6284=ORIENTED_EDGE('',*,*,#4366,.F.);
#6285=ORIENTED_EDGE('',*,*,#4396,.F.);
#6286=ORIENTED_EDGE('',*,*,#3729,.F.);
#6287=ORIENTED_EDGE('',*,*,#3730,.F.);
#6288=ORIENTED_EDGE('',*,*,#4397,.T.);
#6289=ORIENTED_EDGE('',*,*,#4398,.F.);
#6290=ORIENTED_EDGE('',*,*,#4399,.F.);
#6291=ORIENTED_EDGE('',*,*,#4397,.F.);
#6292=ORIENTED_EDGE('',*,*,#4368,.T.);
#6293=ORIENTED_EDGE('',*,*,#4187,.T.);
#6294=ORIENTED_EDGE('',*,*,#3746,.F.);
#6295=ORIENTED_EDGE('',*,*,#4328,.F.);
#6296=ORIENTED_EDGE('',*,*,#3838,.F.);
#6297=ORIENTED_EDGE('',*,*,#4188,.T.);
#6298=ORIENTED_EDGE('',*,*,#3496,.F.);
#6299=ORIENTED_EDGE('',*,*,#4398,.T.);
#6300=ORIENTED_EDGE('',*,*,#4399,.T.);
#6301=ORIENTED_EDGE('',*,*,#4400,.T.);
#6302=ORIENTED_EDGE('',*,*,#3851,.F.);
#6303=ORIENTED_EDGE('',*,*,#3723,.T.);
#6304=ORIENTED_EDGE('',*,*,#4029,.F.);
#6305=ORIENTED_EDGE('',*,*,#4208,.F.);
#6306=ORIENTED_EDGE('',*,*,#4182,.F.);
#6307=ORIENTED_EDGE('',*,*,#4367,.F.);
#6308=ORIENTED_EDGE('',*,*,#3740,.T.);
#6309=ORIENTED_EDGE('',*,*,#3526,.T.);
#6310=ORIENTED_EDGE('',*,*,#3527,.T.);
#6311=ORIENTED_EDGE('',*,*,#4401,.T.);
#6312=ORIENTED_EDGE('',*,*,#4402,.T.);
#6313=ORIENTED_EDGE('',*,*,#4023,.T.);
#6314=ORIENTED_EDGE('',*,*,#3852,.T.);
#6315=ORIENTED_EDGE('',*,*,#4400,.F.);
#6316=ORIENTED_EDGE('',*,*,#3739,.F.);
#6317=ORIENTED_EDGE('',*,*,#3588,.F.);
#6318=ORIENTED_EDGE('',*,*,#3533,.T.);
#6319=ORIENTED_EDGE('',*,*,#3529,.T.);
#6320=ORIENTED_EDGE('',*,*,#4375,.T.);
#6321=ORIENTED_EDGE('',*,*,#4403,.T.);
#6322=ORIENTED_EDGE('',*,*,#3524,.T.);
#6323=ORIENTED_EDGE('',*,*,#3557,.F.);
#6324=ORIENTED_EDGE('',*,*,#4010,.F.);
#6325=ORIENTED_EDGE('',*,*,#4284,.T.);
#6326=ORIENTED_EDGE('',*,*,#4033,.F.);
#6327=ORIENTED_EDGE('',*,*,#3550,.F.);
#6328=ORIENTED_EDGE('',*,*,#4404,.T.);
#6329=ORIENTED_EDGE('',*,*,#3547,.F.);
#6330=ORIENTED_EDGE('',*,*,#4405,.T.);
#6331=ORIENTED_EDGE('',*,*,#4384,.T.);
#6332=ORIENTED_EDGE('',*,*,#4392,.T.);
#6333=ORIENTED_EDGE('',*,*,#4393,.T.);
#6334=ORIENTED_EDGE('',*,*,#4382,.T.);
#6335=ORIENTED_EDGE('',*,*,#4386,.F.);
#6336=ORIENTED_EDGE('',*,*,#4395,.T.);
#6337=ORIENTED_EDGE('',*,*,#4406,.F.);
#6338=ORIENTED_EDGE('',*,*,#4322,.F.);
#6339=ORIENTED_EDGE('',*,*,#4320,.F.);
#6340=ORIENTED_EDGE('',*,*,#4363,.T.);
#6341=ORIENTED_EDGE('',*,*,#4372,.F.);
#6342=ORIENTED_EDGE('',*,*,#4314,.F.);
#6343=ORIENTED_EDGE('',*,*,#4406,.T.);
#6344=ORIENTED_EDGE('',*,*,#4394,.T.);
#6345=ORIENTED_EDGE('',*,*,#3511,.F.);
#6346=ORIENTED_EDGE('',*,*,#4323,.T.);
#6347=ORIENTED_EDGE('',*,*,#3514,.F.);
#6348=ORIENTED_EDGE('',*,*,#4390,.T.);
#6349=ORIENTED_EDGE('',*,*,#4407,.T.);
#6350=ORIENTED_EDGE('',*,*,#4316,.F.);
#6351=ORIENTED_EDGE('',*,*,#4407,.F.);
#6352=ORIENTED_EDGE('',*,*,#4389,.T.);
#6353=ORIENTED_EDGE('',*,*,#4387,.F.);
#6354=ORIENTED_EDGE('',*,*,#4311,.F.);
#6355=ORIENTED_EDGE('',*,*,#4373,.F.);
#6356=ORIENTED_EDGE('',*,*,#4364,.T.);
#6357=ORIENTED_EDGE('',*,*,#4354,.F.);
#6358=ORIENTED_EDGE('',*,*,#4317,.F.);
#6359=ORIENTED_EDGE('',*,*,#3446,.F.);
#6360=ORIENTED_EDGE('',*,*,#4408,.T.);
#6361=ORIENTED_EDGE('',*,*,#3548,.F.);
#6362=ORIENTED_EDGE('',*,*,#4404,.F.);
#6363=ORIENTED_EDGE('',*,*,#3549,.F.);
#6364=ORIENTED_EDGE('',*,*,#4408,.F.);
#6365=ORIENTED_EDGE('',*,*,#4401,.F.);
#6366=ORIENTED_EDGE('',*,*,#4402,.F.);
#6367=ORIENTED_EDGE('',*,*,#4409,.T.);
#6368=ORIENTED_EDGE('',*,*,#4403,.F.);
#6369=ORIENTED_EDGE('',*,*,#4409,.F.);
#6370=ORIENTED_EDGE('',*,*,#3465,.T.);
#6371=ORIENTED_EDGE('',*,*,#4410,.T.);
#6372=ORIENTED_EDGE('',*,*,#4380,.F.);
#6373=ORIENTED_EDGE('',*,*,#4405,.F.);
#6374=ORIENTED_EDGE('',*,*,#4381,.F.);
#6375=ORIENTED_EDGE('',*,*,#4410,.F.);
#6376=ORIENTED_EDGE('',*,*,#3728,.F.);
#6377=ORIENTED_EDGE('',*,*,#4411,.T.);
#6378=ORIENTED_EDGE('',*,*,#4365,.F.);
#6379=ORIENTED_EDGE('',*,*,#4411,.F.);
#6380=ORIENTED_EDGE('',*,*,#3621,.F.);
#6381=ORIENTED_EDGE('',*,*,#4412,.T.);
#6382=ORIENTED_EDGE('',*,*,#3648,.F.);
#6383=ORIENTED_EDGE('',*,*,#4412,.F.);
#6384=ORIENTED_EDGE('',*,*,#3587,.F.);
#6385=ORIENTED_EDGE('',*,*,#4413,.T.);
#6386=ORIENTED_EDGE('',*,*,#3473,.F.);
#6387=ORIENTED_EDGE('',*,*,#3538,.F.);
#6388=ORIENTED_EDGE('',*,*,#3474,.F.);
#6389=ORIENTED_EDGE('',*,*,#4413,.F.);
#6390=ORIENTED_EDGE('',*,*,#4414,.F.);
#6391=ORIENTED_EDGE('',*,*,#4415,.T.);
#6392=ORIENTED_EDGE('',*,*,#4416,.F.);
#6393=ORIENTED_EDGE('',*,*,#4415,.F.);
#6394=ORIENTED_EDGE('',*,*,#4417,.F.);
#6395=ORIENTED_EDGE('',*,*,#4418,.T.);
#6396=ORIENTED_EDGE('',*,*,#4419,.F.);
#6397=ORIENTED_EDGE('',*,*,#4418,.F.);
#6398=ORIENTED_EDGE('',*,*,#4416,.T.);
#6399=ORIENTED_EDGE('',*,*,#4419,.T.);
#6400=ORIENTED_EDGE('',*,*,#4414,.T.);
#6401=ORIENTED_EDGE('',*,*,#4417,.T.);
#6402=PLANE('',#7022);
#6403=PLANE('',#7023);
#6404=PLANE('',#7024);
#6405=PLANE('',#7031);
#6406=PLANE('',#7032);
#6407=PLANE('',#7037);
#6408=PLANE('',#7040);
#6409=PLANE('',#7047);
#6410=PLANE('',#7067);
#6411=PLANE('',#7085);
#6412=PLANE('',#7092);
#6413=PLANE('',#7106);
#6414=PLANE('',#7118);
#6415=PLANE('',#7129);
#6416=PLANE('',#7130);
#6417=PLANE('',#7133);
#6418=PLANE('',#7153);
#6419=PLANE('',#7154);
#6420=PLANE('',#7156);
#6421=PLANE('',#7159);
#6422=PLANE('',#7161);
#6423=PLANE('',#7164);
#6424=PLANE('',#7168);
#6425=PLANE('',#7170);
#6426=PLANE('',#7172);
#6427=PLANE('',#7174);
#6428=PLANE('',#7179);
#6429=PLANE('',#7183);
#6430=PLANE('',#7187);
#6431=PLANE('',#7189);
#6432=PLANE('',#7191);
#6433=PLANE('',#7193);
#6434=PLANE('',#7195);
#6435=PLANE('',#7197);
#6436=PLANE('',#7198);
#6437=PLANE('',#7199);
#6438=PLANE('',#7200);
#6439=PLANE('',#7201);
#6440=PLANE('',#7202);
#6441=PLANE('',#7203);
#6442=PLANE('',#7205);
#6443=PLANE('',#7207);
#6444=PLANE('',#7208);
#6445=PLANE('',#7209);
#6446=PLANE('',#7211);
#6447=PLANE('',#7213);
#6448=PLANE('',#7214);
#6449=PLANE('',#7216);
#6450=PLANE('',#7218);
#6451=PLANE('',#7220);
#6452=PLANE('',#7221);
#6453=PLANE('',#7222);
#6454=PLANE('',#7224);
#6455=PLANE('',#7226);
#6456=PLANE('',#7228);
#6457=PLANE('',#7229);
#6458=PLANE('',#7230);
#6459=PLANE('',#7231);
#6460=PLANE('',#7232);
#6461=PLANE('',#7234);
#6462=PLANE('',#7240);
#6463=PLANE('',#7244);
#6464=PLANE('',#7248);
#6465=PLANE('',#7251);
#6466=PLANE('',#7254);
#6467=PLANE('',#7258);
#6468=PLANE('',#7262);
#6469=PLANE('',#7266);
#6470=PLANE('',#7267);
#6471=PLANE('',#7269);
#6472=PLANE('',#7270);
#6473=PLANE('',#7271);
#6474=PLANE('',#7272);
#6475=PLANE('',#7274);
#6476=PLANE('',#7279);
#6477=PLANE('',#7281);
#6478=PLANE('',#7283);
#6479=PLANE('',#7285);
#6480=PLANE('',#7287);
#6481=PLANE('',#7289);
#6482=PLANE('',#7291);
#6483=PLANE('',#7292);
#6484=PLANE('',#7293);
#6485=PLANE('',#7294);
#6486=PLANE('',#7295);
#6487=PLANE('',#7296);
#6488=PLANE('',#7297);
#6489=PLANE('',#7298);
#6490=PLANE('',#7301);
#6491=PLANE('',#7304);
#6492=PLANE('',#7307);
#6493=PLANE('',#7310);
#6494=PLANE('',#7311);
#6495=PLANE('',#7312);
#6496=PLANE('',#7313);
#6497=PLANE('',#7316);
#6498=PLANE('',#7319);
#6499=PLANE('',#7322);
#6500=PLANE('',#7326);
#6501=PLANE('',#7327);
#6502=PLANE('',#7329);
#6503=PLANE('',#7331);
#6504=PLANE('',#7332);
#6505=PLANE('',#7333);
#6506=PLANE('',#7335);
#6507=PLANE('',#7336);
#6508=PLANE('',#7338);
#6509=PLANE('',#7339);
#6510=PLANE('',#7340);
#6511=PLANE('',#7341);
#6512=PLANE('',#7344);
#6513=PLANE('',#7345);
#6514=PLANE('',#7354);
#6515=PLANE('',#7359);
#6516=PLANE('',#7360);
#6517=PLANE('',#7365);
#6518=PLANE('',#7368);
#6519=PLANE('',#7369);
#6520=PLANE('',#7370);
#6521=PLANE('',#7372);
#6522=PLANE('',#7377);
#6523=PLANE('',#7378);
#6524=PLANE('',#7382);
#6525=PLANE('',#7383);
#6526=PLANE('',#7385);
#6527=PLANE('',#7386);
#6528=PLANE('',#7387);
#6529=PLANE('',#7389);
#6530=PLANE('',#7398);
#6531=PLANE('',#7401);
#6532=PLANE('',#7402);
#6533=PLANE('',#7403);
#6534=PLANE('',#7405);
#6535=PLANE('',#7406);
#6536=PLANE('',#7407);
#6537=PLANE('',#7408);
#6538=PLANE('',#7409);
#6539=PLANE('',#7410);
#6540=PLANE('',#7414);
#6541=PLANE('',#7418);
#6542=PLANE('',#7419);
#6543=PLANE('',#7423);
#6544=PLANE('',#7427);
#6545=PLANE('',#7428);
#6546=PLANE('',#7431);
#6547=PLANE('',#7434);
#6548=PLANE('',#7435);
#6549=PLANE('',#7437);
#6550=PLANE('',#7438);
#6551=PLANE('',#7441);
#6552=PLANE('',#7446);
#6553=PLANE('',#7447);
#6554=PLANE('',#7450);
#6555=PLANE('',#7451);
#6556=PLANE('',#7452);
#6557=PLANE('',#7453);
#6558=PLANE('',#7454);
#6559=PLANE('',#7458);
#6560=PLANE('',#7459);
#6561=PLANE('',#7460);
#6562=PLANE('',#7461);
#6563=PLANE('',#7462);
#6564=PLANE('',#7463);
#6565=PLANE('',#7464);
#6566=PLANE('',#7465);
#6567=PLANE('',#7466);
#6568=PLANE('',#7475);
#6569=PLANE('',#7476);
#6570=PLANE('',#7477);
#6571=PLANE('',#7478);
#6572=PLANE('',#7483);
#6573=PLANE('',#7484);
#6574=PLANE('',#7485);
#6575=PLANE('',#7486);
#6576=PLANE('',#7487);
#6577=PLANE('',#7488);
#6578=PLANE('',#7494);
#6579=PLANE('',#7495);
#6580=PLANE('',#7496);
#6581=PLANE('',#7497);
#6582=PLANE('',#7501);
#6583=PLANE('',#7502);
#6584=PLANE('',#7503);
#6585=PLANE('',#7504);
#6586=PLANE('',#7505);
#6587=PLANE('',#7506);
#6588=PLANE('',#7507);
#6589=PLANE('',#7509);
#6590=PLANE('',#7511);
#6591=PLANE('',#7512);
#6592=PLANE('',#7516);
#6593=PLANE('',#7517);
#6594=PLANE('',#7518);
#6595=PLANE('',#7524);
#6596=PLANE('',#7525);
#6597=PLANE('',#7527);
#6598=PLANE('',#7531);
#6599=PLANE('',#7532);
#6600=PLANE('',#7533);
#6601=PLANE('',#7534);
#6602=PLANE('',#7535);
#6603=PLANE('',#7536);
#6604=PLANE('',#7537);
#6605=PLANE('',#7538);
#6606=PLANE('',#7539);
#6607=PLANE('',#7540);
#6608=PLANE('',#7541);
#6609=PLANE('',#7542);
#6610=PLANE('',#7543);
#6611=PLANE('',#7544);
#6612=PLANE('',#7545);
#6613=PLANE('',#7546);
#6614=PLANE('',#7547);
#6615=PLANE('',#7548);
#6616=PLANE('',#7549);
#6617=PLANE('',#7550);
#6618=PLANE('',#7551);
#6619=PLANE('',#7552);
#6620=PLANE('',#7553);
#6621=PLANE('',#7555);
#6622=PLANE('',#7563);
#6623=PLANE('',#7566);
#6624=PLANE('',#7568);
#6625=PLANE('',#7571);
#6626=PLANE('',#7572);
#6627=PLANE('',#7580);
#6628=PLANE('',#7581);
#6629=PLANE('',#7591);
#6630=PLANE('',#7594);
#6631=PLANE('',#7596);
#6632=PLANE('',#7597);
#6633=PLANE('',#7598);
#6634=PLANE('',#7599);
#6635=PLANE('',#7612);
#6636=PLANE('',#7613);
#6637=ADVANCED_FACE('',(#580),#6402,.T.);
#6638=ADVANCED_FACE('',(#581),#6403,.T.);
#6639=ADVANCED_FACE('',(#582,#243,#244,#245,#246),#6404,.T.);
#6640=ADVANCED_FACE('',(#583),#6405,.T.);
#6641=ADVANCED_FACE('',(#584,#247,#248),#6406,.T.);
#6642=ADVANCED_FACE('',(#585,#249),#6407,.T.);
#6643=ADVANCED_FACE('',(#586,#250),#6408,.T.);
#6644=ADVANCED_FACE('',(#587),#133,.F.);
#6645=ADVANCED_FACE('',(#588),#134,.F.);
#6646=ADVANCED_FACE('',(#589),#6409,.T.);
#6647=ADVANCED_FACE('',(#590),#135,.F.);
#6648=ADVANCED_FACE('',(#591),#136,.F.);
#6649=ADVANCED_FACE('',(#592),#137,.F.);
#6650=ADVANCED_FACE('',(#593),#138,.F.);
#6651=ADVANCED_FACE('',(#594),#139,.T.);
#6652=ADVANCED_FACE('',(#595,#251),#6410,.T.);
#6653=ADVANCED_FACE('',(#596),#140,.F.);
#6654=ADVANCED_FACE('',(#597),#141,.T.);
#6655=ADVANCED_FACE('',(#598),#142,.T.);
#6656=ADVANCED_FACE('',(#599),#143,.T.);
#6657=ADVANCED_FACE('',(#600),#144,.T.);
#6658=ADVANCED_FACE('',(#601),#145,.T.);
#6659=ADVANCED_FACE('',(#602,#252),#6411,.T.);
#6660=ADVANCED_FACE('',(#603),#146,.F.);
#6661=ADVANCED_FACE('',(#604,#253,#254,#255,#256),#6412,.F.);
#6662=ADVANCED_FACE('',(#605,#257,#258),#147,.F.);
#6663=ADVANCED_FACE('',(#606,#259,#260,#261,#262,#263),#6413,.T.);
#6664=ADVANCED_FACE('',(#607,#264,#265,#266,#267),#6414,.T.);
#6665=ADVANCED_FACE('',(#608),#6415,.T.);
#6666=ADVANCED_FACE('',(#609),#6416,.T.);
#6667=ADVANCED_FACE('',(#610,#268,#269,#270,#271,#272),#6417,.T.);
#6668=ADVANCED_FACE('',(#611,#273,#274),#148,.T.);
#6669=ADVANCED_FACE('',(#612,#275),#6418,.T.);
#6670=ADVANCED_FACE('',(#613,#276),#6419,.T.);
#6671=ADVANCED_FACE('',(#614,#277),#149,.F.);
#6672=ADVANCED_FACE('',(#615),#6420,.F.);
#6673=ADVANCED_FACE('',(#616,#278),#150,.F.);
#6674=ADVANCED_FACE('',(#617),#6421,.T.);
#6675=ADVANCED_FACE('',(#618,#279),#6422,.T.);
#6676=ADVANCED_FACE('',(#619),#6423,.T.);
#6677=ADVANCED_FACE('',(#620),#117,.T.);
#6678=ADVANCED_FACE('',(#621),#6424,.T.);
#6679=ADVANCED_FACE('',(#622),#118,.T.);
#6680=ADVANCED_FACE('',(#623),#6425,.T.);
#6681=ADVANCED_FACE('',(#624),#119,.T.);
#6682=ADVANCED_FACE('',(#625),#6426,.T.);
#6683=ADVANCED_FACE('',(#626),#120,.T.);
#6684=ADVANCED_FACE('',(#627),#6427,.T.);
#6685=ADVANCED_FACE('',(#628),#151,.T.);
#6686=ADVANCED_FACE('',(#629),#152,.T.);
#6687=ADVANCED_FACE('',(#630,#280),#6428,.T.);
#6688=ADVANCED_FACE('',(#631),#153,.F.);
#6689=ADVANCED_FACE('',(#632,#281),#6429,.T.);
#6690=ADVANCED_FACE('',(#633),#154,.F.);
#6691=ADVANCED_FACE('',(#634),#6430,.T.);
#6692=ADVANCED_FACE('',(#635),#6431,.T.);
#6693=ADVANCED_FACE('',(#636),#6432,.T.);
#6694=ADVANCED_FACE('',(#637),#6433,.T.);
#6695=ADVANCED_FACE('',(#638,#282),#6434,.T.);
#6696=ADVANCED_FACE('',(#639),#6435,.T.);
#6697=ADVANCED_FACE('',(#640),#6436,.F.);
#6698=ADVANCED_FACE('',(#641),#6437,.F.);
#6699=ADVANCED_FACE('',(#642),#6438,.F.);
#6700=ADVANCED_FACE('',(#643),#6439,.F.);
#6701=ADVANCED_FACE('',(#644),#6440,.T.);
#6702=ADVANCED_FACE('',(#645,#283),#6441,.T.);
#6703=ADVANCED_FACE('',(#646,#284),#6442,.T.);
#6704=ADVANCED_FACE('',(#647),#6443,.T.);
#6705=ADVANCED_FACE('',(#648),#6444,.F.);
#6706=ADVANCED_FACE('',(#649,#285),#6445,.T.);
#6707=ADVANCED_FACE('',(#650),#6446,.T.);
#6708=ADVANCED_FACE('',(#651),#155,.T.);
#6709=ADVANCED_FACE('',(#652),#6447,.T.);
#6710=ADVANCED_FACE('',(#653,#286),#6448,.T.);
#6711=ADVANCED_FACE('',(#654),#6449,.T.);
#6712=ADVANCED_FACE('',(#655),#156,.F.);
#6713=ADVANCED_FACE('',(#656),#6450,.F.);
#6714=ADVANCED_FACE('',(#657),#157,.T.);
#6715=ADVANCED_FACE('',(#658),#6451,.T.);
#6716=ADVANCED_FACE('',(#659),#6452,.F.);
#6717=ADVANCED_FACE('',(#660,#287),#6453,.T.);
#6718=ADVANCED_FACE('',(#661),#6454,.T.);
#6719=ADVANCED_FACE('',(#662),#158,.F.);
#6720=ADVANCED_FACE('',(#663),#6455,.F.);
#6721=ADVANCED_FACE('',(#664),#121,.F.);
#6722=ADVANCED_FACE('',(#665),#6456,.F.);
#6723=ADVANCED_FACE('',(#666),#122,.F.);
#6724=ADVANCED_FACE('',(#667),#6457,.F.);
#6725=ADVANCED_FACE('',(#668),#123,.F.);
#6726=ADVANCED_FACE('',(#669),#6458,.F.);
#6727=ADVANCED_FACE('',(#670),#124,.F.);
#6728=ADVANCED_FACE('',(#671),#6459,.F.);
#6729=ADVANCED_FACE('',(#672),#6460,.F.);
#6730=ADVANCED_FACE('',(#673),#6461,.T.);
#6731=ADVANCED_FACE('',(#674),#159,.T.);
#6732=ADVANCED_FACE('',(#675),#6462,.T.);
#6733=ADVANCED_FACE('',(#676),#160,.T.);
#6734=ADVANCED_FACE('',(#677),#6463,.T.);
#6735=ADVANCED_FACE('',(#678),#161,.T.);
#6736=ADVANCED_FACE('',(#679),#6464,.T.);
#6737=ADVANCED_FACE('',(#680),#162,.T.);
#6738=ADVANCED_FACE('',(#681),#6465,.T.);
#6739=ADVANCED_FACE('',(#682),#163,.F.);
#6740=ADVANCED_FACE('',(#683),#6466,.T.);
#6741=ADVANCED_FACE('',(#684),#164,.F.);
#6742=ADVANCED_FACE('',(#685),#6467,.T.);
#6743=ADVANCED_FACE('',(#686),#165,.F.);
#6744=ADVANCED_FACE('',(#687),#6468,.T.);
#6745=ADVANCED_FACE('',(#688),#166,.F.);
#6746=ADVANCED_FACE('',(#689),#6469,.T.);
#6747=ADVANCED_FACE('',(#690,#288),#6470,.T.);
#6748=ADVANCED_FACE('',(#691),#6471,.T.);
#6749=ADVANCED_FACE('',(#692),#6472,.T.);
#6750=ADVANCED_FACE('',(#693),#6473,.T.);
#6751=ADVANCED_FACE('',(#694,#289),#6474,.T.);
#6752=ADVANCED_FACE('',(#695,#290,#291,#292,#293,#294),#6475,.F.);
#6753=ADVANCED_FACE('',(#696,#295),#6476,.T.);
#6754=ADVANCED_FACE('',(#697,#296),#6477,.T.);
#6755=ADVANCED_FACE('',(#698,#297),#6478,.T.);
#6756=ADVANCED_FACE('',(#699,#298),#6479,.T.);
#6757=ADVANCED_FACE('',(#700,#299),#6480,.T.);
#6758=ADVANCED_FACE('',(#701,#300),#6481,.T.);
#6759=ADVANCED_FACE('',(#702),#6482,.F.);
#6760=ADVANCED_FACE('',(#703),#6483,.F.);
#6761=ADVANCED_FACE('',(#704),#6484,.F.);
#6762=ADVANCED_FACE('',(#705),#6485,.F.);
#6763=ADVANCED_FACE('',(#706),#6486,.F.);
#6764=ADVANCED_FACE('',(#707),#6487,.F.);
#6765=ADVANCED_FACE('',(#708),#6488,.F.);
#6766=ADVANCED_FACE('',(#709),#6489,.F.);
#6767=ADVANCED_FACE('',(#710),#167,.F.);
#6768=ADVANCED_FACE('',(#711),#6490,.F.);
#6769=ADVANCED_FACE('',(#712),#168,.F.);
#6770=ADVANCED_FACE('',(#713),#6491,.F.);
#6771=ADVANCED_FACE('',(#714),#169,.F.);
#6772=ADVANCED_FACE('',(#715),#6492,.F.);
#6773=ADVANCED_FACE('',(#716),#170,.F.);
#6774=ADVANCED_FACE('',(#717),#6493,.F.);
#6775=ADVANCED_FACE('',(#718),#6494,.T.);
#6776=ADVANCED_FACE('',(#719),#6495,.T.);
#6777=ADVANCED_FACE('',(#720),#6496,.F.);
#6778=ADVANCED_FACE('',(#721),#171,.F.);
#6779=ADVANCED_FACE('',(#722),#6497,.F.);
#6780=ADVANCED_FACE('',(#723),#172,.F.);
#6781=ADVANCED_FACE('',(#724),#6498,.F.);
#6782=ADVANCED_FACE('',(#725),#173,.F.);
#6783=ADVANCED_FACE('',(#726),#6499,.F.);
#6784=ADVANCED_FACE('',(#727),#174,.F.);
#6785=ADVANCED_FACE('',(#728),#125,.T.);
#6786=ADVANCED_FACE('',(#729),#6500,.T.);
#6787=ADVANCED_FACE('',(#730),#126,.T.);
#6788=ADVANCED_FACE('',(#731),#6501,.T.);
#6789=ADVANCED_FACE('',(#732),#127,.T.);
#6790=ADVANCED_FACE('',(#733),#6502,.T.);
#6791=ADVANCED_FACE('',(#734),#128,.T.);
#6792=ADVANCED_FACE('',(#735),#6503,.T.);
#6793=ADVANCED_FACE('',(#736),#6504,.T.);
#6794=ADVANCED_FACE('',(#737),#6505,.T.);
#6795=ADVANCED_FACE('',(#738),#6506,.T.);
#6796=ADVANCED_FACE('',(#739),#6507,.T.);
#6797=ADVANCED_FACE('',(#740),#129,.F.);
#6798=ADVANCED_FACE('',(#741),#6508,.F.);
#6799=ADVANCED_FACE('',(#742),#130,.F.);
#6800=ADVANCED_FACE('',(#743),#6509,.F.);
#6801=ADVANCED_FACE('',(#744),#131,.F.);
#6802=ADVANCED_FACE('',(#745),#6510,.F.);
#6803=ADVANCED_FACE('',(#746),#132,.F.);
#6804=ADVANCED_FACE('',(#747),#6511,.F.);
#6805=ADVANCED_FACE('',(#748),#175,.F.);
#6806=ADVANCED_FACE('',(#749),#6512,.F.);
#6807=ADVANCED_FACE('',(#750),#6513,.F.);
#6808=ADVANCED_FACE('',(#751),#176,.F.);
#6809=ADVANCED_FACE('',(#752),#177,.F.);
#6810=ADVANCED_FACE('',(#753),#178,.F.);
#6811=ADVANCED_FACE('',(#754),#179,.F.);
#6812=ADVANCED_FACE('',(#755),#180,.F.);
#6813=ADVANCED_FACE('',(#756),#181,.F.);
#6814=ADVANCED_FACE('',(#757),#182,.F.);
#6815=ADVANCED_FACE('',(#758),#183,.F.);
#6816=ADVANCED_FACE('',(#759),#6514,.T.);
#6817=ADVANCED_FACE('',(#760),#184,.F.);
#6818=ADVANCED_FACE('',(#761),#6515,.F.);
#6819=ADVANCED_FACE('',(#762),#6516,.F.);
#6820=ADVANCED_FACE('',(#763),#185,.T.);
#6821=ADVANCED_FACE('',(#764),#6517,.T.);
#6822=ADVANCED_FACE('',(#765),#186,.T.);
#6823=ADVANCED_FACE('',(#766),#6518,.T.);
#6824=ADVANCED_FACE('',(#767),#6519,.T.);
#6825=ADVANCED_FACE('',(#768),#6520,.F.);
#6826=ADVANCED_FACE('',(#769),#6521,.F.);
#6827=ADVANCED_FACE('',(#770),#187,.T.);
#6828=ADVANCED_FACE('',(#771),#6522,.T.);
#6829=ADVANCED_FACE('',(#772),#6523,.T.);
#6830=ADVANCED_FACE('',(#773),#188,.F.);
#6831=ADVANCED_FACE('',(#774),#6524,.T.);
#6832=ADVANCED_FACE('',(#775),#6525,.F.);
#6833=ADVANCED_FACE('',(#776),#189,.T.);
#6834=ADVANCED_FACE('',(#777),#6526,.T.);
#6835=ADVANCED_FACE('',(#778),#6527,.T.);
#6836=ADVANCED_FACE('',(#779),#6528,.F.);
#6837=ADVANCED_FACE('',(#780),#6529,.F.);
#6838=ADVANCED_FACE('',(#781),#190,.T.);
#6839=ADVANCED_FACE('',(#782),#191,.T.);
#6840=ADVANCED_FACE('',(#783),#6530,.T.);
#6841=ADVANCED_FACE('',(#784),#192,.F.);
#6842=ADVANCED_FACE('',(#785),#6531,.T.);
#6843=ADVANCED_FACE('',(#786),#6532,.T.);
#6844=ADVANCED_FACE('',(#787),#6533,.T.);
#6845=ADVANCED_FACE('',(#788),#193,.F.);
#6846=ADVANCED_FACE('',(#789),#6534,.T.);
#6847=ADVANCED_FACE('',(#790),#6535,.T.);
#6848=ADVANCED_FACE('',(#791),#6536,.T.);
#6849=ADVANCED_FACE('',(#792),#6537,.T.);
#6850=ADVANCED_FACE('',(#793),#6538,.T.);
#6851=ADVANCED_FACE('',(#794),#6539,.T.);
#6852=ADVANCED_FACE('',(#795),#194,.T.);
#6853=ADVANCED_FACE('',(#796),#6540,.F.);
#6854=ADVANCED_FACE('',(#797),#195,.T.);
#6855=ADVANCED_FACE('',(#798),#6541,.T.);
#6856=ADVANCED_FACE('',(#799),#6542,.T.);
#6857=ADVANCED_FACE('',(#800),#196,.F.);
#6858=ADVANCED_FACE('',(#801),#6543,.F.);
#6859=ADVANCED_FACE('',(#802),#197,.T.);
#6860=ADVANCED_FACE('',(#803),#6544,.T.);
#6861=ADVANCED_FACE('',(#804),#6545,.T.);
#6862=ADVANCED_FACE('',(#805),#198,.F.);
#6863=ADVANCED_FACE('',(#806),#6546,.T.);
#6864=ADVANCED_FACE('',(#807),#199,.T.);
#6865=ADVANCED_FACE('',(#808),#6547,.T.);
#6866=ADVANCED_FACE('',(#809),#6548,.T.);
#6867=ADVANCED_FACE('',(#810),#200,.T.);
#6868=ADVANCED_FACE('',(#811),#6549,.T.);
#6869=ADVANCED_FACE('',(#812),#6550,.T.);
#6870=ADVANCED_FACE('',(#813),#201,.F.);
#6871=ADVANCED_FACE('',(#814),#6551,.T.);
#6872=ADVANCED_FACE('',(#815),#202,.T.);
#6873=ADVANCED_FACE('',(#816),#6552,.T.);
#6874=ADVANCED_FACE('',(#817),#6553,.T.);
#6875=ADVANCED_FACE('',(#818),#6554,.T.);
#6876=ADVANCED_FACE('',(#819),#6555,.T.);
#6877=ADVANCED_FACE('',(#820),#6556,.T.);
#6878=ADVANCED_FACE('',(#821),#6557,.T.);
#6879=ADVANCED_FACE('',(#822),#6558,.T.);
#6880=ADVANCED_FACE('',(#823),#203,.F.);
#6881=ADVANCED_FACE('',(#824),#204,.T.);
#6882=ADVANCED_FACE('',(#825),#6559,.T.);
#6883=ADVANCED_FACE('',(#826),#6560,.F.);
#6884=ADVANCED_FACE('',(#827),#6561,.T.);
#6885=ADVANCED_FACE('',(#828),#6562,.T.);
#6886=ADVANCED_FACE('',(#829),#6563,.T.);
#6887=ADVANCED_FACE('',(#830),#6564,.T.);
#6888=ADVANCED_FACE('',(#831),#6565,.T.);
#6889=ADVANCED_FACE('',(#832),#6566,.T.);
#6890=ADVANCED_FACE('',(#833),#6567,.T.);
#6891=ADVANCED_FACE('',(#834),#205,.F.);
#6892=ADVANCED_FACE('',(#835),#206,.F.);
#6893=ADVANCED_FACE('',(#836),#207,.F.);
#6894=ADVANCED_FACE('',(#837),#6568,.F.);
#6895=ADVANCED_FACE('',(#838),#6569,.F.);
#6896=ADVANCED_FACE('',(#839),#6570,.F.);
#6897=ADVANCED_FACE('',(#840),#6571,.F.);
#6898=ADVANCED_FACE('',(#841),#208,.F.);
#6899=ADVANCED_FACE('',(#842),#6572,.F.);
#6900=ADVANCED_FACE('',(#843),#6573,.F.);
#6901=ADVANCED_FACE('',(#844),#6574,.F.);
#6902=ADVANCED_FACE('',(#845),#6575,.F.);
#6903=ADVANCED_FACE('',(#846),#6576,.T.);
#6904=ADVANCED_FACE('',(#847),#6577,.T.);
#6905=ADVANCED_FACE('',(#848),#209,.F.);
#6906=ADVANCED_FACE('',(#849),#210,.F.);
#6907=ADVANCED_FACE('',(#850),#211,.F.);
#6908=ADVANCED_FACE('',(#851),#6578,.F.);
#6909=ADVANCED_FACE('',(#852),#6579,.F.);
#6910=ADVANCED_FACE('',(#853),#6580,.F.);
#6911=ADVANCED_FACE('',(#854),#6581,.F.);
#6912=ADVANCED_FACE('',(#855),#212,.F.);
#6913=ADVANCED_FACE('',(#856),#6582,.F.);
#6914=ADVANCED_FACE('',(#857),#6583,.F.);
#6915=ADVANCED_FACE('',(#858),#6584,.F.);
#6916=ADVANCED_FACE('',(#859),#6585,.F.);
#6917=ADVANCED_FACE('',(#860),#6586,.T.);
#6918=ADVANCED_FACE('',(#861),#6587,.T.);
#6919=ADVANCED_FACE('',(#862),#6588,.T.);
#6920=ADVANCED_FACE('',(#863),#6589,.T.);
#6921=ADVANCED_FACE('',(#864),#213,.F.);
#6922=ADVANCED_FACE('',(#865),#6590,.T.);
#6923=ADVANCED_FACE('',(#866),#6591,.F.);
#6924=ADVANCED_FACE('',(#867),#214,.F.);
#6925=ADVANCED_FACE('',(#868),#6592,.T.);
#6926=ADVANCED_FACE('',(#869),#6593,.T.);
#6927=ADVANCED_FACE('',(#870),#6594,.F.);
#6928=ADVANCED_FACE('',(#871),#215,.F.);
#6929=ADVANCED_FACE('',(#872),#216,.F.);
#6930=ADVANCED_FACE('',(#873),#6595,.T.);
#6931=ADVANCED_FACE('',(#874,#301),#6596,.F.);
#6932=ADVANCED_FACE('',(#875,#302),#6597,.F.);
#6933=ADVANCED_FACE('',(#876),#217,.F.);
#6934=ADVANCED_FACE('',(#877),#218,.F.);
#6935=ADVANCED_FACE('',(#878),#6598,.F.);
#6936=ADVANCED_FACE('',(#879),#6599,.F.);
#6937=ADVANCED_FACE('',(#880),#6600,.F.);
#6938=ADVANCED_FACE('',(#881),#6601,.F.);
#6939=ADVANCED_FACE('',(#882),#6602,.F.);
#6940=ADVANCED_FACE('',(#883),#6603,.F.);
#6941=ADVANCED_FACE('',(#884),#6604,.F.);
#6942=ADVANCED_FACE('',(#885),#6605,.F.);
#6943=ADVANCED_FACE('',(#886),#6606,.F.);
#6944=ADVANCED_FACE('',(#887),#6607,.F.);
#6945=ADVANCED_FACE('',(#888),#6608,.F.);
#6946=ADVANCED_FACE('',(#889),#6609,.F.);
#6947=ADVANCED_FACE('',(#890),#6610,.F.);
#6948=ADVANCED_FACE('',(#891,#303),#6611,.T.);
#6949=ADVANCED_FACE('',(#892,#304),#6612,.F.);
#6950=ADVANCED_FACE('',(#893),#6613,.F.);
#6951=ADVANCED_FACE('',(#894),#6614,.F.);
#6952=ADVANCED_FACE('',(#895),#6615,.F.);
#6953=ADVANCED_FACE('',(#896),#6616,.F.);
#6954=ADVANCED_FACE('',(#897),#6617,.F.);
#6955=ADVANCED_FACE('',(#898),#6618,.F.);
#6956=ADVANCED_FACE('',(#899),#6619,.F.);
#6957=ADVANCED_FACE('',(#900),#6620,.F.);
#6958=ADVANCED_FACE('',(#901),#219,.F.);
#6959=ADVANCED_FACE('',(#902),#6621,.F.);
#6960=ADVANCED_FACE('',(#903),#220,.F.);
#6961=ADVANCED_FACE('',(#904),#221,.F.);
#6962=ADVANCED_FACE('',(#905),#222,.F.);
#6963=ADVANCED_FACE('',(#906,#305),#6622,.T.);
#6964=ADVANCED_FACE('',(#907,#306,#307,#308,#309),#6623,.F.);
#6965=ADVANCED_FACE('',(#908),#6624,.T.);
#6966=ADVANCED_FACE('',(#909),#6625,.F.);
#6967=ADVANCED_FACE('',(#910),#6626,.F.);
#6968=ADVANCED_FACE('',(#911),#223,.T.);
#6969=ADVANCED_FACE('',(#912),#224,.T.);
#6970=ADVANCED_FACE('',(#913),#225,.F.);
#6971=ADVANCED_FACE('',(#914),#226,.F.);
#6972=ADVANCED_FACE('',(#915),#227,.F.);
#6973=ADVANCED_FACE('',(#916),#228,.F.);
#6974=ADVANCED_FACE('',(#917),#6627,.F.);
#6975=ADVANCED_FACE('',(#918),#6628,.F.);
#6976=ADVANCED_FACE('',(#919),#229,.F.);
#6977=ADVANCED_FACE('',(#920),#230,.F.);
#6978=ADVANCED_FACE('',(#921),#231,.F.);
#6979=ADVANCED_FACE('',(#922,#310,#311),#232,.T.);
#6980=ADVANCED_FACE('',(#923,#312,#313),#233,.F.);
#6981=ADVANCED_FACE('',(#924,#314,#315,#316,#317),#6629,.T.);
#6982=ADVANCED_FACE('',(#925),#234,.F.);
#6983=ADVANCED_FACE('',(#926),#6630,.T.);
#6984=ADVANCED_FACE('',(#927),#6631,.F.);
#6985=ADVANCED_FACE('',(#928),#6632,.F.);
#6986=ADVANCED_FACE('',(#929),#6633,.F.);
#6987=ADVANCED_FACE('',(#930),#6634,.F.);
#6988=ADVANCED_FACE('',(#931),#235,.T.);
#6989=ADVANCED_FACE('',(#932),#236,.T.);
#6990=ADVANCED_FACE('',(#933),#237,.F.);
#6991=ADVANCED_FACE('',(#934),#238,.F.);
#6992=ADVANCED_FACE('',(#935),#239,.F.);
#6993=ADVANCED_FACE('',(#936),#240,.F.);
#6994=ADVANCED_FACE('',(#937),#241,.T.);
#6995=ADVANCED_FACE('',(#938),#242,.F.);
#6996=ADVANCED_FACE('',(#939,#318),#6635,.T.);
#6997=ADVANCED_FACE('',(#940,#319),#6636,.T.);
#6998=CLOSED_SHELL('',(#6637,#6638,#6639,#6640,#6641,#6642,#6643,#6644,
#6645,#6646,#6647,#6648,#6649,#6650,#6651,#6652,#6653,#6654,#6655,#6656,
#6657,#6658,#6659,#6660,#6661,#6662,#6663,#6664,#6665,#6666,#6667,#6668,
#6669,#6670,#6671,#6672,#6673,#6674,#6675,#6676,#6677,#6678,#6679,#6680,
#6681,#6682,#6683,#6684,#6685,#6686,#6687,#6688,#6689,#6690,#6691,#6692,
#6693,#6694,#6695,#6696,#6697,#6698,#6699,#6700,#6701,#6702,#6703,#6704,
#6705,#6706,#6707,#6708,#6709,#6710,#6711,#6712,#6713,#6714,#6715,#6716,
#6717,#6718,#6719,#6720,#6721,#6722,#6723,#6724,#6725,#6726,#6727,#6728,
#6729,#6730,#6731,#6732,#6733,#6734,#6735,#6736,#6737,#6738,#6739,#6740,
#6741,#6742,#6743,#6744,#6745,#6746,#6747,#6748,#6749,#6750,#6751,#6752,
#6753,#6754,#6755,#6756,#6757,#6758,#6759,#6760,#6761,#6762,#6763,#6764,
#6765,#6766,#6767,#6768,#6769,#6770,#6771,#6772,#6773,#6774,#6775,#6776,
#6777,#6778,#6779,#6780,#6781,#6782,#6783,#6784,#6785,#6786,#6787,#6788,
#6789,#6790,#6791,#6792,#6793,#6794,#6795,#6796,#6797,#6798,#6799,#6800,
#6801,#6802,#6803,#6804,#6805,#6806,#6807,#6808,#6809,#6810,#6811,#6812,
#6813,#6814,#6815,#6816,#6817,#6818,#6819,#6820,#6821,#6822,#6823,#6824,
#6825,#6826,#6827,#6828,#6829,#6830,#6831,#6832,#6833,#6834,#6835,#6836,
#6837,#6838,#6839,#6840,#6841,#6842,#6843,#6844,#6845,#6846,#6847,#6848,
#6849,#6850,#6851,#6852,#6853,#6854,#6855,#6856,#6857,#6858,#6859,#6860,
#6861,#6862,#6863,#6864,#6865,#6866,#6867,#6868,#6869,#6870,#6871,#6872,
#6873,#6874,#6875,#6876,#6877,#6878,#6879,#6880,#6881,#6882,#6883,#6884,
#6885,#6886,#6887,#6888,#6889,#6890,#6891,#6892,#6893,#6894,#6895,#6896,
#6897,#6898,#6899,#6900,#6901,#6902,#6903,#6904,#6905,#6906,#6907,#6908,
#6909,#6910,#6911,#6912,#6913,#6914,#6915,#6916,#6917,#6918,#6919,#6920,
#6921,#6922,#6923,#6924,#6925,#6926,#6927,#6928,#6929,#6930,#6931,#6932,
#6933,#6934,#6935,#6936,#6937,#6938,#6939,#6940,#6941,#6942,#6943,#6944,
#6945,#6946,#6947,#6948,#6949,#6950,#6951,#6952,#6953,#6954,#6955,#6956,
#6957,#6958,#6959,#6960,#6961,#6962,#6963,#6964,#6965,#6966,#6967,#6968,
#6969,#6970,#6971,#6972,#6973,#6974,#6975,#6976,#6977,#6978,#6979,#6980,
#6981,#6982,#6983,#6984,#6985,#6986,#6987,#6988,#6989,#6990,#6991,#6992,
#6993));
#6999=CLOSED_SHELL('',(#6994,#6995,#6996,#6997));
#7000=DERIVED_UNIT_ELEMENT(#7003,1.);
#7001=DERIVED_UNIT_ELEMENT(#12664,-3.);
#7002=DIMENSIONAL_EXPONENTS(0.,1.,0.,0.,0.,0.,0.);
#7003=(
CONVERSION_BASED_UNIT('gram',#7005)
MASS_UNIT()
NAMED_UNIT(#7002)
);
#7004=(
MASS_UNIT()
NAMED_UNIT(*)
SI_UNIT(.KILO.,.GRAM.)
);
#7005=MASS_MEASURE_WITH_UNIT(MASS_MEASURE(0.001),#7004);
#7006=DERIVED_UNIT((#7000,#7001));
#7007=MEASURE_REPRESENTATION_ITEM('density measure',
POSITIVE_RATIO_MEASURE(1.),#7006);
#7008=PROPERTY_DEFINITION_REPRESENTATION(#7013,#7010);
#7009=PROPERTY_DEFINITION_REPRESENTATION(#7014,#7011);
#7010=REPRESENTATION('material name',(#7012),#12661);
#7011=REPRESENTATION('density',(#7007),#12661);
#7012=DESCRIPTIVE_REPRESENTATION_ITEM('Generic','Generic');
#7013=PROPERTY_DEFINITION('material property','material name',#12671);
#7014=PROPERTY_DEFINITION('material property','density of part',#12671);
#7015=DATE_TIME_ROLE('creation_date');
#7016=APPLIED_DATE_AND_TIME_ASSIGNMENT(#7017,#7015,(#12671));
#7017=DATE_AND_TIME(#7018,#7019);
#7018=CALENDAR_DATE(2026,6,5);
#7019=LOCAL_TIME(0,0,0.,#7020);
#7020=COORDINATED_UNIVERSAL_TIME_OFFSET(0,0,.BEHIND.);
#7021=AXIS2_PLACEMENT_3D('',#9536,#7627,#7628);
#7022=AXIS2_PLACEMENT_3D('',#9537,#7629,#7630);
#7023=AXIS2_PLACEMENT_3D('',#9557,#7634,#7635);
#7024=AXIS2_PLACEMENT_3D('',#9568,#7641,#7642);
#7025=AXIS2_PLACEMENT_3D('',#9576,#7646,#7647);
#7026=AXIS2_PLACEMENT_3D('',#9580,#7649,#7650);
#7027=AXIS2_PLACEMENT_3D('',#9583,#7652,#7653);
#7028=AXIS2_PLACEMENT_3D('',#9585,#7654,#7655);
#7029=AXIS2_PLACEMENT_3D('',#9587,#7656,#7657);
#7030=AXIS2_PLACEMENT_3D('',#9589,#7658,#7659);
#7031=AXIS2_PLACEMENT_3D('',#9590,#7660,#7661);
#7032=AXIS2_PLACEMENT_3D('',#9599,#7666,#7667);
#7033=AXIS2_PLACEMENT_3D('',#9603,#7669,#7670);
#7034=AXIS2_PLACEMENT_3D('',#9615,#7676,#7677);
#7035=AXIS2_PLACEMENT_3D('',#9618,#7679,#7680);
#7036=AXIS2_PLACEMENT_3D('',#9620,#7681,#7682);
#7037=AXIS2_PLACEMENT_3D('',#9621,#7683,#7684);
#7038=AXIS2_PLACEMENT_3D('',#9623,#7685,#7686);
#7039=AXIS2_PLACEMENT_3D('',#9625,#7687,#7688);
#7040=AXIS2_PLACEMENT_3D('',#9626,#7689,#7690);
#7041=AXIS2_PLACEMENT_3D('',#9628,#7691,#7692);
#7042=AXIS2_PLACEMENT_3D('',#9630,#7693,#7694);
#7043=AXIS2_PLACEMENT_3D('',#9631,#7695,#7696);
#7044=AXIS2_PLACEMENT_3D('',#9633,#7697,#7698);
#7045=AXIS2_PLACEMENT_3D('',#9635,#7700,#7701);
#7046=AXIS2_PLACEMENT_3D('',#9637,#7702,#7703);
#7047=AXIS2_PLACEMENT_3D('',#9639,#7705,#7706);
#7048=AXIS2_PLACEMENT_3D('',#9642,#7707,#7708);
#7049=AXIS2_PLACEMENT_3D('',#9644,#7709,#7710);
#7050=AXIS2_PLACEMENT_3D('',#9648,#7712,#7713);
#7051=AXIS2_PLACEMENT_3D('',#9656,#7717,#7718);
#7052=AXIS2_PLACEMENT_3D('',#9660,#7720,#7721);
#7053=AXIS2_PLACEMENT_3D('',#9662,#7722,#7723);
#7054=AXIS2_PLACEMENT_3D('',#9668,#7727,#7728);
#7055=AXIS2_PLACEMENT_3D('',#9670,#7729,#7730);
#7056=AXIS2_PLACEMENT_3D('',#9673,#7732,#7733);
#7057=AXIS2_PLACEMENT_3D('',#9674,#7734,#7735);
#7058=AXIS2_PLACEMENT_3D('',#9676,#7736,#7737);
#7059=AXIS2_PLACEMENT_3D('',#9679,#7739,#7740);
#7060=AXIS2_PLACEMENT_3D('',#9680,#7741,#7742);
#7061=AXIS2_PLACEMENT_3D('',#9718,#7744,#7745);
#7062=AXIS2_PLACEMENT_3D('',#9719,#7746,#7747);
#7063=AXIS2_PLACEMENT_3D('',#9757,#7749,#7750);
#7064=AXIS2_PLACEMENT_3D('',#9758,#7751,#7752);
#7065=AXIS2_PLACEMENT_3D('',#9778,#7754,#7755);
#7066=AXIS2_PLACEMENT_3D('',#9785,#7759,#7760);
#7067=AXIS2_PLACEMENT_3D('',#9800,#7761,#7762);
#7068=AXIS2_PLACEMENT_3D('',#9805,#7764,#7765);
#7069=AXIS2_PLACEMENT_3D('',#9813,#7769,#7770);
#7070=AXIS2_PLACEMENT_3D('',#9815,#7771,#7772);
#7071=AXIS2_PLACEMENT_3D('',#9827,#7779,#7780);
#7072=AXIS2_PLACEMENT_3D('',#9829,#7781,#7782);
#7073=AXIS2_PLACEMENT_3D('',#9831,#7784,#7785);
#7074=AXIS2_PLACEMENT_3D('',#9835,#7787,#7788);
#7075=AXIS2_PLACEMENT_3D('',#9852,#7789,#7790);
#7076=AXIS2_PLACEMENT_3D('',#9853,#7791,#7792);
#7077=AXIS2_PLACEMENT_3D('',#9894,#7794,#7795);
#7078=AXIS2_PLACEMENT_3D('',#9895,#7796,#7797);
#7079=AXIS2_PLACEMENT_3D('',#9936,#7799,#7800);
#7080=AXIS2_PLACEMENT_3D('',#9937,#7801,#7802);
#7081=AXIS2_PLACEMENT_3D('',#9950,#7804,#7805);
#7082=AXIS2_PLACEMENT_3D('',#9959,#7806,#7807);
#7083=AXIS2_PLACEMENT_3D('',#9975,#7808,#7809);
#7084=AXIS2_PLACEMENT_3D('',#9983,#7813,#7814);
#7085=AXIS2_PLACEMENT_3D('',#10003,#7816,#7817);
#7086=AXIS2_PLACEMENT_3D('',#10007,#7819,#7820);
#7087=AXIS2_PLACEMENT_3D('',#10009,#7821,#7822);
#7088=AXIS2_PLACEMENT_3D('',#10017,#7826,#7827);
#7089=AXIS2_PLACEMENT_3D('',#10032,#7836,#7837);
#7090=AXIS2_PLACEMENT_3D('',#10051,#7838,#7839);
#7091=AXIS2_PLACEMENT_3D('',#10053,#7841,#7842);
#7092=AXIS2_PLACEMENT_3D('',#10054,#7843,#7844);
#7093=AXIS2_PLACEMENT_3D('',#10059,#7846,#7847);
#7094=AXIS2_PLACEMENT_3D('',#10064,#7850,#7851);
#7095=AXIS2_PLACEMENT_3D('',#10068,#7853,#7854);
#7096=AXIS2_PLACEMENT_3D('',#10070,#7855,#7856);
#7097=AXIS2_PLACEMENT_3D('',#10074,#7858,#7859);
#7098=AXIS2_PLACEMENT_3D('',#10087,#7866,#7867);
#7099=AXIS2_PLACEMENT_3D('',#10091,#7869,#7870);
#7100=AXIS2_PLACEMENT_3D('',#10092,#7871,#7872);
#7101=AXIS2_PLACEMENT_3D('',#10094,#7873,#7874);
#7102=AXIS2_PLACEMENT_3D('',#10095,#7875,#7876);
#7103=AXIS2_PLACEMENT_3D('',#10100,#7878,#7879);
#7104=AXIS2_PLACEMENT_3D('',#10108,#7883,#7884);
#7105=AXIS2_PLACEMENT_3D('',#10111,#7886,#7887);
#7106=AXIS2_PLACEMENT_3D('',#10150,#7888,#7889);
#7107=AXIS2_PLACEMENT_3D('',#10155,#7891,#7892);
#7108=AXIS2_PLACEMENT_3D('',#10169,#7899,#7900);
#7109=AXIS2_PLACEMENT_3D('',#10173,#7902,#7903);
#7110=AXIS2_PLACEMENT_3D('',#10175,#7904,#7905);
#7111=AXIS2_PLACEMENT_3D('',#10179,#7907,#7908);
#7112=AXIS2_PLACEMENT_3D('',#10191,#7914,#7915);
#7113=AXIS2_PLACEMENT_3D('',#10195,#7917,#7918);
#7114=AXIS2_PLACEMENT_3D('',#10196,#7919,#7920);
#7115=AXIS2_PLACEMENT_3D('',#10198,#7921,#7922);
#7116=AXIS2_PLACEMENT_3D('',#10203,#7924,#7925);
#7117=AXIS2_PLACEMENT_3D('',#10206,#7927,#7928);
#7118=AXIS2_PLACEMENT_3D('',#10207,#7929,#7930);
#7119=AXIS2_PLACEMENT_3D('',#10212,#7932,#7933);
#7120=AXIS2_PLACEMENT_3D('',#10224,#7939,#7940);
#7121=AXIS2_PLACEMENT_3D('',#10228,#7942,#7943);
#7122=AXIS2_PLACEMENT_3D('',#10230,#7944,#7945);
#7123=AXIS2_PLACEMENT_3D('',#10234,#7947,#7948);
#7124=AXIS2_PLACEMENT_3D('',#10246,#7954,#7955);
#7125=AXIS2_PLACEMENT_3D('',#10250,#7957,#7958);
#7126=AXIS2_PLACEMENT_3D('',#10251,#7959,#7960);
#7127=AXIS2_PLACEMENT_3D('',#10253,#7961,#7962);
#7128=AXIS2_PLACEMENT_3D('',#10255,#7963,#7964);
#7129=AXIS2_PLACEMENT_3D('',#10256,#7965,#7966);
#7130=AXIS2_PLACEMENT_3D('',#10258,#7968,#7969);
#7131=AXIS2_PLACEMENT_3D('',#10266,#7973,#7974);
#7132=AXIS2_PLACEMENT_3D('',#10268,#7976,#7977);
#7133=AXIS2_PLACEMENT_3D('',#10269,#7978,#7979);
#7134=AXIS2_PLACEMENT_3D('',#10274,#7981,#7982);
#7135=AXIS2_PLACEMENT_3D('',#10278,#7984,#7985);
#7136=AXIS2_PLACEMENT_3D('',#10282,#7987,#7988);
#7137=AXIS2_PLACEMENT_3D('',#10285,#7990,#7991);
#7138=AXIS2_PLACEMENT_3D('',#10288,#7992,#7993);
#7139=AXIS2_PLACEMENT_3D('',#10292,#7995,#7996);
#7140=AXIS2_PLACEMENT_3D('',#10296,#7998,#7999);
#7141=AXIS2_PLACEMENT_3D('',#10300,#8001,#8002);
#7142=AXIS2_PLACEMENT_3D('',#10308,#8006,#8007);
#7143=AXIS2_PLACEMENT_3D('',#10316,#8011,#8012);
#7144=AXIS2_PLACEMENT_3D('',#10324,#8016,#8017);
#7145=AXIS2_PLACEMENT_3D('',#10332,#8021,#8022);
#7146=AXIS2_PLACEMENT_3D('',#10340,#8026,#8027);
#7147=AXIS2_PLACEMENT_3D('',#10348,#8031,#8032);
#7148=AXIS2_PLACEMENT_3D('',#10352,#8034,#8035);
#7149=AXIS2_PLACEMENT_3D('',#10360,#8039,#8040);
#7150=AXIS2_PLACEMENT_3D('',#10366,#8044,#8045);
#7151=AXIS2_PLACEMENT_3D('',#10371,#8047,#8048);
#7152=AXIS2_PLACEMENT_3D('',#10378,#8052,#8053);
#7153=AXIS2_PLACEMENT_3D('',#10417,#8054,#8055);
#7154=AXIS2_PLACEMENT_3D('',#10434,#8064,#8065);
#7155=AXIS2_PLACEMENT_3D('',#10448,#8073,#8074);
#7156=AXIS2_PLACEMENT_3D('',#10522,#8075,#8076);
#7157=AXIS2_PLACEMENT_3D('',#10527,#8079,#8080);
#7158=AXIS2_PLACEMENT_3D('',#10528,#8081,#8082);
#7159=AXIS2_PLACEMENT_3D('',#10602,#8083,#8084);
#7160=AXIS2_PLACEMENT_3D('',#10610,#8088,#8089);
#7161=AXIS2_PLACEMENT_3D('',#10612,#8091,#8092);
#7162=AXIS2_PLACEMENT_3D('',#10614,#8093,#8094);
#7163=AXIS2_PLACEMENT_3D('',#10616,#8095,#8096);
#7164=AXIS2_PLACEMENT_3D('',#10617,#8097,#8098);
#7165=AXIS2_PLACEMENT_3D('',#10619,#8100,#8101);
#7166=AXIS2_PLACEMENT_3D('',#10650,#8102,#8103);
#7167=AXIS2_PLACEMENT_3D('',#10654,#8105,#8106);
#7168=AXIS2_PLACEMENT_3D('',#10656,#8108,#8109);
#7169=AXIS2_PLACEMENT_3D('',#10690,#8113,#8114);
#7170=AXIS2_PLACEMENT_3D('',#10692,#8116,#8117);
#7171=AXIS2_PLACEMENT_3D('',#10726,#8121,#8122);
#7172=AXIS2_PLACEMENT_3D('',#10728,#8124,#8125);
#7173=AXIS2_PLACEMENT_3D('',#10761,#8128,#8129);
#7174=AXIS2_PLACEMENT_3D('',#10763,#8131,#8132);
#7175=AXIS2_PLACEMENT_3D('',#10766,#8135,#8136);
#7176=AXIS2_PLACEMENT_3D('',#10770,#8138,#8139);
#7177=AXIS2_PLACEMENT_3D('',#10772,#8141,#8142);
#7178=AXIS2_PLACEMENT_3D('',#10776,#8144,#8145);
#7179=AXIS2_PLACEMENT_3D('',#10778,#8147,#8148);
#7180=AXIS2_PLACEMENT_3D('',#10783,#8151,#8152);
#7181=AXIS2_PLACEMENT_3D('',#10784,#8153,#8154);
#7182=AXIS2_PLACEMENT_3D('',#10788,#8156,#8157);
#7183=AXIS2_PLACEMENT_3D('',#10790,#8159,#8160);
#7184=AXIS2_PLACEMENT_3D('',#10795,#8163,#8164);
#7185=AXIS2_PLACEMENT_3D('',#10796,#8165,#8166);
#7186=AXIS2_PLACEMENT_3D('',#10800,#8168,#8169);
#7187=AXIS2_PLACEMENT_3D('',#10802,#8171,#8172);
#7188=AXIS2_PLACEMENT_3D('',#10808,#8175,#8176);
#7189=AXIS2_PLACEMENT_3D('',#10814,#8180,#8181);
#7190=AXIS2_PLACEMENT_3D('',#10821,#8184,#8185);
#7191=AXIS2_PLACEMENT_3D('',#10826,#8189,#8190);
#7192=AXIS2_PLACEMENT_3D('',#10838,#8196,#8197);
#7193=AXIS2_PLACEMENT_3D('',#10840,#8199,#8200);
#7194=AXIS2_PLACEMENT_3D('',#10847,#8203,#8204);
#7195=AXIS2_PLACEMENT_3D('',#10854,#8209,#8210);
#7196=AXIS2_PLACEMENT_3D('',#10857,#8212,#8213);
#7197=AXIS2_PLACEMENT_3D('',#10858,#8214,#8215);
#7198=AXIS2_PLACEMENT_3D('',#10860,#8217,#8218);
#7199=AXIS2_PLACEMENT_3D('',#10863,#8221,#8222);
#7200=AXIS2_PLACEMENT_3D('',#10865,#8224,#8225);
#7201=AXIS2_PLACEMENT_3D('',#10868,#8228,#8229);
#7202=AXIS2_PLACEMENT_3D('',#10870,#8231,#8232);
#7203=AXIS2_PLACEMENT_3D('',#10872,#8234,#8235);
#7204=AXIS2_PLACEMENT_3D('',#10875,#8237,#8238);
#7205=AXIS2_PLACEMENT_3D('',#10876,#8239,#8240);
#7206=AXIS2_PLACEMENT_3D('',#10880,#8243,#8244);
#7207=AXIS2_PLACEMENT_3D('',#10881,#8245,#8246);
#7208=AXIS2_PLACEMENT_3D('',#10882,#8247,#8248);
#7209=AXIS2_PLACEMENT_3D('',#10884,#8250,#8251);
#7210=AXIS2_PLACEMENT_3D('',#10887,#8253,#8254);
#7211=AXIS2_PLACEMENT_3D('',#10888,#8255,#8256);
#7212=AXIS2_PLACEMENT_3D('',#10890,#8258,#8259);
#7213=AXIS2_PLACEMENT_3D('',#10891,#8260,#8261);
#7214=AXIS2_PLACEMENT_3D('',#10893,#8263,#8264);
#7215=AXIS2_PLACEMENT_3D('',#10896,#8266,#8267);
#7216=AXIS2_PLACEMENT_3D('',#10897,#8268,#8269);
#7217=AXIS2_PLACEMENT_3D('',#10898,#8270,#8271);
#7218=AXIS2_PLACEMENT_3D('',#10899,#8272,#8273);
#7219=AXIS2_PLACEMENT_3D('',#10900,#8274,#8275);
#7220=AXIS2_PLACEMENT_3D('',#10902,#8277,#8278);
#7221=AXIS2_PLACEMENT_3D('',#10904,#8280,#8281);
#7222=AXIS2_PLACEMENT_3D('',#10906,#8283,#8284);
#7223=AXIS2_PLACEMENT_3D('',#10910,#8287,#8288);
#7224=AXIS2_PLACEMENT_3D('',#10911,#8289,#8290);
#7225=AXIS2_PLACEMENT_3D('',#10912,#8291,#8292);
#7226=AXIS2_PLACEMENT_3D('',#10913,#8293,#8294);
#7227=AXIS2_PLACEMENT_3D('',#10944,#8295,#8296);
#7228=AXIS2_PLACEMENT_3D('',#10947,#8299,#8300);
#7229=AXIS2_PLACEMENT_3D('',#10979,#8304,#8305);
#7230=AXIS2_PLACEMENT_3D('',#11011,#8309,#8310);
#7231=AXIS2_PLACEMENT_3D('',#11042,#8313,#8314);
#7232=AXIS2_PLACEMENT_3D('',#11044,#8316,#8317);
#7233=AXIS2_PLACEMENT_3D('',#11054,#8318,#8319);
#7234=AXIS2_PLACEMENT_3D('',#11056,#8321,#8322);
#7235=AXIS2_PLACEMENT_3D('',#11063,#8325,#8326);
#7236=AXIS2_PLACEMENT_3D('',#11071,#8330,#8331);
#7237=AXIS2_PLACEMENT_3D('',#11073,#8333,#8334);
#7238=AXIS2_PLACEMENT_3D('',#11076,#8335,#8336);
#7239=AXIS2_PLACEMENT_3D('',#11080,#8338,#8339);
#7240=AXIS2_PLACEMENT_3D('',#11082,#8341,#8342);
#7241=AXIS2_PLACEMENT_3D('',#11088,#8346,#8347);
#7242=AXIS2_PLACEMENT_3D('',#11091,#8348,#8349);
#7243=AXIS2_PLACEMENT_3D('',#11095,#8351,#8352);
#7244=AXIS2_PLACEMENT_3D('',#11097,#8354,#8355);
#7245=AXIS2_PLACEMENT_3D('',#11103,#8359,#8360);
#7246=AXIS2_PLACEMENT_3D('',#11106,#8361,#8362);
#7247=AXIS2_PLACEMENT_3D('',#11110,#8364,#8365);
#7248=AXIS2_PLACEMENT_3D('',#11112,#8367,#8368);
#7249=AXIS2_PLACEMENT_3D('',#11118,#8372,#8373);
#7250=AXIS2_PLACEMENT_3D('',#11121,#8374,#8375);
#7251=AXIS2_PLACEMENT_3D('',#11124,#8378,#8379);
#7252=AXIS2_PLACEMENT_3D('',#11128,#8382,#8383);
#7253=AXIS2_PLACEMENT_3D('',#11131,#8384,#8385);
#7254=AXIS2_PLACEMENT_3D('',#11134,#8388,#8389);
#7255=AXIS2_PLACEMENT_3D('',#11143,#8394,#8395);
#7256=AXIS2_PLACEMENT_3D('',#11145,#8396,#8397);
#7257=AXIS2_PLACEMENT_3D('',#11148,#8399,#8400);
#7258=AXIS2_PLACEMENT_3D('',#11149,#8401,#8402);
#7259=AXIS2_PLACEMENT_3D('',#11158,#8407,#8408);
#7260=AXIS2_PLACEMENT_3D('',#11160,#8409,#8410);
#7261=AXIS2_PLACEMENT_3D('',#11163,#8412,#8413);
#7262=AXIS2_PLACEMENT_3D('',#11164,#8414,#8415);
#7263=AXIS2_PLACEMENT_3D('',#11173,#8420,#8421);
#7264=AXIS2_PLACEMENT_3D('',#11175,#8422,#8423);
#7265=AXIS2_PLACEMENT_3D('',#11178,#8425,#8426);
#7266=AXIS2_PLACEMENT_3D('',#11179,#8427,#8428);
#7267=AXIS2_PLACEMENT_3D('',#11183,#8431,#8432);
#7268=AXIS2_PLACEMENT_3D('',#11190,#8436,#8437);
#7269=AXIS2_PLACEMENT_3D('',#11191,#8438,#8439);
#7270=AXIS2_PLACEMENT_3D('',#11196,#8443,#8444);
#7271=AXIS2_PLACEMENT_3D('',#11203,#8449,#8450);
#7272=AXIS2_PLACEMENT_3D('',#11210,#8455,#8456);
#7273=AXIS2_PLACEMENT_3D('',#11215,#8459,#8460);
#7274=AXIS2_PLACEMENT_3D('',#11216,#8461,#8462);
#7275=AXIS2_PLACEMENT_3D('',#11221,#8464,#8465);
#7276=AXIS2_PLACEMENT_3D('',#11225,#8467,#8468);
#7277=AXIS2_PLACEMENT_3D('',#11229,#8470,#8471);
#7278=AXIS2_PLACEMENT_3D('',#11232,#8473,#8474);
#7279=AXIS2_PLACEMENT_3D('',#11253,#8489,#8490);
#7280=AXIS2_PLACEMENT_3D('',#11256,#8492,#8493);
#7281=AXIS2_PLACEMENT_3D('',#11257,#8494,#8495);
#7282=AXIS2_PLACEMENT_3D('',#11260,#8497,#8498);
#7283=AXIS2_PLACEMENT_3D('',#11261,#8499,#8500);
#7284=AXIS2_PLACEMENT_3D('',#11264,#8502,#8503);
#7285=AXIS2_PLACEMENT_3D('',#11265,#8504,#8505);
#7286=AXIS2_PLACEMENT_3D('',#11268,#8507,#8508);
#7287=AXIS2_PLACEMENT_3D('',#11269,#8509,#8510);
#7288=AXIS2_PLACEMENT_3D('',#11272,#8512,#8513);
#7289=AXIS2_PLACEMENT_3D('',#11273,#8514,#8515);
#7290=AXIS2_PLACEMENT_3D('',#11276,#8517,#8518);
#7291=AXIS2_PLACEMENT_3D('',#11277,#8519,#8520);
#7292=AXIS2_PLACEMENT_3D('',#11278,#8521,#8522);
#7293=AXIS2_PLACEMENT_3D('',#11279,#8523,#8524);
#7294=AXIS2_PLACEMENT_3D('',#11280,#8525,#8526);
#7295=AXIS2_PLACEMENT_3D('',#11281,#8527,#8528);
#7296=AXIS2_PLACEMENT_3D('',#11282,#8529,#8530);
#7297=AXIS2_PLACEMENT_3D('',#11283,#8531,#8532);
#7298=AXIS2_PLACEMENT_3D('',#11284,#8533,#8534);
#7299=AXIS2_PLACEMENT_3D('',#11285,#8535,#8536);
#7300=AXIS2_PLACEMENT_3D('',#11289,#8538,#8539);
#7301=AXIS2_PLACEMENT_3D('',#11291,#8541,#8542);
#7302=AXIS2_PLACEMENT_3D('',#11295,#8545,#8546);
#7303=AXIS2_PLACEMENT_3D('',#11297,#8547,#8548);
#7304=AXIS2_PLACEMENT_3D('',#11299,#8550,#8551);
#7305=AXIS2_PLACEMENT_3D('',#11303,#8554,#8555);
#7306=AXIS2_PLACEMENT_3D('',#11305,#8556,#8557);
#7307=AXIS2_PLACEMENT_3D('',#11307,#8559,#8560);
#7308=AXIS2_PLACEMENT_3D('',#11311,#8563,#8564);
#7309=AXIS2_PLACEMENT_3D('',#11313,#8565,#8566);
#7310=AXIS2_PLACEMENT_3D('',#11315,#8568,#8569);
#7311=AXIS2_PLACEMENT_3D('',#11317,#8571,#8572);
#7312=AXIS2_PLACEMENT_3D('',#11328,#8579,#8580);
#7313=AXIS2_PLACEMENT_3D('',#11339,#8587,#8588);
#7314=AXIS2_PLACEMENT_3D('',#11345,#8592,#8593);
#7315=AXIS2_PLACEMENT_3D('',#11347,#8594,#8595);
#7316=AXIS2_PLACEMENT_3D('',#11349,#8597,#8598);
#7317=AXIS2_PLACEMENT_3D('',#11353,#8601,#8602);
#7318=AXIS2_PLACEMENT_3D('',#11355,#8603,#8604);
#7319=AXIS2_PLACEMENT_3D('',#11357,#8606,#8607);
#7320=AXIS2_PLACEMENT_3D('',#11361,#8610,#8611);
#7321=AXIS2_PLACEMENT_3D('',#11363,#8612,#8613);
#7322=AXIS2_PLACEMENT_3D('',#11365,#8615,#8616);
#7323=AXIS2_PLACEMENT_3D('',#11369,#8619,#8620);
#7324=AXIS2_PLACEMENT_3D('',#11370,#8621,#8622);
#7325=AXIS2_PLACEMENT_3D('',#11400,#8624,#8625);
#7326=AXIS2_PLACEMENT_3D('',#11402,#8627,#8628);
#7327=AXIS2_PLACEMENT_3D('',#11433,#8631,#8632);
#7328=AXIS2_PLACEMENT_3D('',#11465,#8635,#8636);
#7329=AXIS2_PLACEMENT_3D('',#11467,#8638,#8639);
#7330=AXIS2_PLACEMENT_3D('',#11498,#8641,#8642);
#7331=AXIS2_PLACEMENT_3D('',#11500,#8644,#8645);
#7332=AXIS2_PLACEMENT_3D('',#11502,#8647,#8648);
#7333=AXIS2_PLACEMENT_3D('',#11513,#8655,#8656);
#7334=AXIS2_PLACEMENT_3D('',#11522,#8657,#8658);
#7335=AXIS2_PLACEMENT_3D('',#11523,#8659,#8660);
#7336=AXIS2_PLACEMENT_3D('',#11528,#8661,#8662);
#7337=AXIS2_PLACEMENT_3D('',#11536,#8664,#8665);
#7338=AXIS2_PLACEMENT_3D('',#11567,#8668,#8669);
#7339=AXIS2_PLACEMENT_3D('',#11598,#8672,#8673);
#7340=AXIS2_PLACEMENT_3D('',#11635,#8677,#8678);
#7341=AXIS2_PLACEMENT_3D('',#11684,#8681,#8682);
#7342=AXIS2_PLACEMENT_3D('',#11686,#8684,#8685);
#7343=AXIS2_PLACEMENT_3D('',#11691,#8688,#8689);
#7344=AXIS2_PLACEMENT_3D('',#11692,#8690,#8691);
#7345=AXIS2_PLACEMENT_3D('',#11696,#8694,#8695);
#7346=AXIS2_PLACEMENT_3D('',#11698,#8697,#8698);
#7347=AXIS2_PLACEMENT_3D('',#11700,#8700,#8701);
#7348=AXIS2_PLACEMENT_3D('',#11702,#8703,#8704);
#7349=AXIS2_PLACEMENT_3D('',#11704,#8706,#8707);
#7350=AXIS2_PLACEMENT_3D('',#11706,#8709,#8710);
#7351=AXIS2_PLACEMENT_3D('',#11708,#8712,#8713);
#7352=AXIS2_PLACEMENT_3D('',#11710,#8715,#8716);
#7353=AXIS2_PLACEMENT_3D('',#11712,#8718,#8719);
#7354=AXIS2_PLACEMENT_3D('',#11714,#8721,#8722);
#7355=AXIS2_PLACEMENT_3D('',#11715,#8723,#8724);
#7356=AXIS2_PLACEMENT_3D('',#11716,#8725,#8726);
#7357=AXIS2_PLACEMENT_3D('',#11717,#8727,#8728);
#7358=AXIS2_PLACEMENT_3D('',#11721,#8730,#8731);
#7359=AXIS2_PLACEMENT_3D('',#11723,#8733,#8734);
#7360=AXIS2_PLACEMENT_3D('',#11728,#8738,#8739);
#7361=AXIS2_PLACEMENT_3D('',#11733,#8742,#8743);
#7362=AXIS2_PLACEMENT_3D('',#11734,#8744,#8745);
#7363=AXIS2_PLACEMENT_3D('',#11738,#8747,#8748);
#7364=AXIS2_PLACEMENT_3D('',#11741,#8750,#8751);
#7365=AXIS2_PLACEMENT_3D('',#11742,#8752,#8753);
#7366=AXIS2_PLACEMENT_3D('',#11746,#8756,#8757);
#7367=AXIS2_PLACEMENT_3D('',#11750,#8759,#8760);
#7368=AXIS2_PLACEMENT_3D('',#11752,#8762,#8763);
#7369=AXIS2_PLACEMENT_3D('',#11757,#8767,#8768);
#7370=AXIS2_PLACEMENT_3D('',#11763,#8772,#8773);
#7371=AXIS2_PLACEMENT_3D('',#11767,#8775,#8776);
#7372=AXIS2_PLACEMENT_3D('',#11769,#8778,#8779);
#7373=AXIS2_PLACEMENT_3D('',#11770,#8780,#8781);
#7374=AXIS2_PLACEMENT_3D('',#11771,#8782,#8783);
#7375=AXIS2_PLACEMENT_3D('',#11774,#8785,#8786);
#7376=AXIS2_PLACEMENT_3D('',#11775,#8787,#8788);
#7377=AXIS2_PLACEMENT_3D('',#11776,#8789,#8790);
#7378=AXIS2_PLACEMENT_3D('',#11780,#8793,#8794);
#7379=AXIS2_PLACEMENT_3D('',#11781,#8795,#8796);
#7380=AXIS2_PLACEMENT_3D('',#11782,#8797,#8798);
#7381=AXIS2_PLACEMENT_3D('',#11786,#8800,#8801);
#7382=AXIS2_PLACEMENT_3D('',#11788,#8803,#8804);
#7383=AXIS2_PLACEMENT_3D('',#11792,#8808,#8809);
#7384=AXIS2_PLACEMENT_3D('',#11796,#8813,#8814);
#7385=AXIS2_PLACEMENT_3D('',#11799,#8817,#8818);
#7386=AXIS2_PLACEMENT_3D('',#11801,#8820,#8821);
#7387=AXIS2_PLACEMENT_3D('',#11810,#8826,#8827);
#7388=AXIS2_PLACEMENT_3D('',#11814,#8829,#8830);
#7389=AXIS2_PLACEMENT_3D('',#11816,#8832,#8833);
#7390=AXIS2_PLACEMENT_3D('',#11817,#8834,#8835);
#7391=AXIS2_PLACEMENT_3D('',#11818,#8836,#8837);
#7392=AXIS2_PLACEMENT_3D('',#11819,#8838,#8839);
#7393=AXIS2_PLACEMENT_3D('',#11821,#8840,#8841);
#7394=AXIS2_PLACEMENT_3D('',#11823,#8843,#8844);
#7395=AXIS2_PLACEMENT_3D('',#11824,#8845,#8846);
#7396=AXIS2_PLACEMENT_3D('',#11827,#8848,#8849);
#7397=AXIS2_PLACEMENT_3D('',#11828,#8850,#8851);
#7398=AXIS2_PLACEMENT_3D('',#11829,#8852,#8853);
#7399=AXIS2_PLACEMENT_3D('',#11833,#8856,#8857);
#7400=AXIS2_PLACEMENT_3D('',#11835,#8859,#8860);
#7401=AXIS2_PLACEMENT_3D('',#11837,#8862,#8863);
#7402=AXIS2_PLACEMENT_3D('',#11840,#8866,#8867);
#7403=AXIS2_PLACEMENT_3D('',#11841,#8868,#8869);
#7404=AXIS2_PLACEMENT_3D('',#11842,#8870,#8871);
#7405=AXIS2_PLACEMENT_3D('',#11845,#8874,#8875);
#7406=AXIS2_PLACEMENT_3D('',#11848,#8878,#8879);
#7407=AXIS2_PLACEMENT_3D('',#11852,#8882,#8883);
#7408=AXIS2_PLACEMENT_3D('',#11854,#8885,#8886);
#7409=AXIS2_PLACEMENT_3D('',#11857,#8889,#8890);
#7410=AXIS2_PLACEMENT_3D('',#11859,#8892,#8893);
#7411=AXIS2_PLACEMENT_3D('',#11860,#8894,#8895);
#7412=AXIS2_PLACEMENT_3D('',#11861,#8896,#8897);
#7413=AXIS2_PLACEMENT_3D('',#11862,#8898,#8899);
#7414=AXIS2_PLACEMENT_3D('',#11863,#8900,#8901);
#7415=AXIS2_PLACEMENT_3D('',#11864,#8902,#8903);
#7416=AXIS2_PLACEMENT_3D('',#11867,#8904,#8905);
#7417=AXIS2_PLACEMENT_3D('',#11871,#8907,#8908);
#7418=AXIS2_PLACEMENT_3D('',#11873,#8910,#8911);
#7419=AXIS2_PLACEMENT_3D('',#11882,#8917,#8918);
#7420=AXIS2_PLACEMENT_3D('',#11888,#8922,#8923);
#7421=AXIS2_PLACEMENT_3D('',#11889,#8924,#8925);
#7422=AXIS2_PLACEMENT_3D('',#11890,#8926,#8927);
#7423=AXIS2_PLACEMENT_3D('',#11892,#8929,#8930);
#7424=AXIS2_PLACEMENT_3D('',#11893,#8931,#8932);
#7425=AXIS2_PLACEMENT_3D('',#11900,#8936,#8937);
#7426=AXIS2_PLACEMENT_3D('',#11904,#8941,#8942);
#7427=AXIS2_PLACEMENT_3D('',#11907,#8945,#8946);
#7428=AXIS2_PLACEMENT_3D('',#11909,#8948,#8949);
#7429=AXIS2_PLACEMENT_3D('',#11913,#8952,#8953);
#7430=AXIS2_PLACEMENT_3D('',#11915,#8954,#8955);
#7431=AXIS2_PLACEMENT_3D('',#11918,#8958,#8959);
#7432=AXIS2_PLACEMENT_3D('',#11923,#8963,#8964);
#7433=AXIS2_PLACEMENT_3D('',#11924,#8965,#8966);
#7434=AXIS2_PLACEMENT_3D('',#11925,#8967,#8968);
#7435=AXIS2_PLACEMENT_3D('',#11929,#8972,#8973);
#7436=AXIS2_PLACEMENT_3D('',#11931,#8975,#8976);
#7437=AXIS2_PLACEMENT_3D('',#11934,#8979,#8980);
#7438=AXIS2_PLACEMENT_3D('',#11936,#8982,#8983);
#7439=AXIS2_PLACEMENT_3D('',#11940,#8987,#8988);
#7440=AXIS2_PLACEMENT_3D('',#11942,#8990,#8991);
#7441=AXIS2_PLACEMENT_3D('',#11943,#8992,#8993);
#7442=AXIS2_PLACEMENT_3D('',#11948,#8995,#8996);
#7443=AXIS2_PLACEMENT_3D('',#11954,#9000,#9001);
#7444=AXIS2_PLACEMENT_3D('',#11957,#9003,#9004);
#7445=AXIS2_PLACEMENT_3D('',#11958,#9005,#9006);
#7446=AXIS2_PLACEMENT_3D('',#11959,#9007,#9008);
#7447=AXIS2_PLACEMENT_3D('',#11961,#9010,#9011);
#7448=AXIS2_PLACEMENT_3D('',#11962,#9012,#9013);
#7449=AXIS2_PLACEMENT_3D('',#11968,#9017,#9018);
#7450=AXIS2_PLACEMENT_3D('',#11973,#9022,#9023);
#7451=AXIS2_PLACEMENT_3D('',#11976,#9026,#9027);
#7452=AXIS2_PLACEMENT_3D('',#11977,#9028,#9029);
#7453=AXIS2_PLACEMENT_3D('',#11978,#9030,#9031);
#7454=AXIS2_PLACEMENT_3D('',#11980,#9033,#9034);
#7455=AXIS2_PLACEMENT_3D('',#11984,#9038,#9039);
#7456=AXIS2_PLACEMENT_3D('',#11985,#9040,#9041);
#7457=AXIS2_PLACEMENT_3D('',#11988,#9043,#9044);
#7458=AXIS2_PLACEMENT_3D('',#11989,#9045,#9046);
#7459=AXIS2_PLACEMENT_3D('',#11997,#9051,#9052);
#7460=AXIS2_PLACEMENT_3D('',#12000,#9055,#9056);
#7461=AXIS2_PLACEMENT_3D('',#12002,#9058,#9059);
#7462=AXIS2_PLACEMENT_3D('',#12003,#9060,#9061);
#7463=AXIS2_PLACEMENT_3D('',#12005,#9063,#9064);
#7464=AXIS2_PLACEMENT_3D('',#12017,#9071,#9072);
#7465=AXIS2_PLACEMENT_3D('',#12021,#9075,#9076);
#7466=AXIS2_PLACEMENT_3D('',#12025,#9079,#9080);
#7467=AXIS2_PLACEMENT_3D('',#12037,#9087,#9088);
#7468=AXIS2_PLACEMENT_3D('',#12039,#9089,#9090);
#7469=AXIS2_PLACEMENT_3D('',#12041,#9092,#9093);
#7470=AXIS2_PLACEMENT_3D('',#12042,#9094,#9095);
#7471=AXIS2_PLACEMENT_3D('',#12043,#9096,#9097);
#7472=AXIS2_PLACEMENT_3D('',#12045,#9098,#9099);
#7473=AXIS2_PLACEMENT_3D('',#12048,#9101,#9102);
#7474=AXIS2_PLACEMENT_3D('',#12051,#9104,#9105);
#7475=AXIS2_PLACEMENT_3D('',#12052,#9106,#9107);
#7476=AXIS2_PLACEMENT_3D('',#12056,#9110,#9111);
#7477=AXIS2_PLACEMENT_3D('',#12060,#9114,#9115);
#7478=AXIS2_PLACEMENT_3D('',#12062,#9117,#9118);
#7479=AXIS2_PLACEMENT_3D('',#12063,#9119,#9120);
#7480=AXIS2_PLACEMENT_3D('',#12065,#9121,#9122);
#7481=AXIS2_PLACEMENT_3D('',#12068,#9124,#9125);
#7482=AXIS2_PLACEMENT_3D('',#12069,#9126,#9127);
#7483=AXIS2_PLACEMENT_3D('',#12070,#9128,#9129);
#7484=AXIS2_PLACEMENT_3D('',#12074,#9132,#9133);
#7485=AXIS2_PLACEMENT_3D('',#12078,#9136,#9137);
#7486=AXIS2_PLACEMENT_3D('',#12080,#9139,#9140);
#7487=AXIS2_PLACEMENT_3D('',#12081,#9141,#9142);
#7488=AXIS2_PLACEMENT_3D('',#12083,#9144,#9145);
#7489=AXIS2_PLACEMENT_3D('',#12085,#9147,#9148);
#7490=AXIS2_PLACEMENT_3D('',#12087,#9150,#9151);
#7491=AXIS2_PLACEMENT_3D('',#12088,#9152,#9153);
#7492=AXIS2_PLACEMENT_3D('',#12090,#9154,#9155);
#7493=AXIS2_PLACEMENT_3D('',#12093,#9157,#9158);
#7494=AXIS2_PLACEMENT_3D('',#12095,#9160,#9161);
#7495=AXIS2_PLACEMENT_3D('',#12099,#9164,#9165);
#7496=AXIS2_PLACEMENT_3D('',#12103,#9168,#9169);
#7497=AXIS2_PLACEMENT_3D('',#12105,#9171,#9172);
#7498=AXIS2_PLACEMENT_3D('',#12106,#9173,#9174);
#7499=AXIS2_PLACEMENT_3D('',#12108,#9175,#9176);
#7500=AXIS2_PLACEMENT_3D('',#12111,#9178,#9179);
#7501=AXIS2_PLACEMENT_3D('',#12112,#9180,#9181);
#7502=AXIS2_PLACEMENT_3D('',#12116,#9184,#9185);
#7503=AXIS2_PLACEMENT_3D('',#12120,#9188,#9189);
#7504=AXIS2_PLACEMENT_3D('',#12122,#9191,#9192);
#7505=AXIS2_PLACEMENT_3D('',#12123,#9193,#9194);
#7506=AXIS2_PLACEMENT_3D('',#12126,#9197,#9198);
#7507=AXIS2_PLACEMENT_3D('',#12128,#9200,#9201);
#7508=AXIS2_PLACEMENT_3D('',#12131,#9203,#9204);
#7509=AXIS2_PLACEMENT_3D('',#12132,#9205,#9206);
#7510=AXIS2_PLACEMENT_3D('',#12138,#9210,#9211);
#7511=AXIS2_PLACEMENT_3D('',#12141,#9214,#9215);
#7512=AXIS2_PLACEMENT_3D('',#12142,#9216,#9217);
#7513=AXIS2_PLACEMENT_3D('',#12143,#9218,#9219);
#7514=AXIS2_PLACEMENT_3D('',#12144,#9220,#9221);
#7515=AXIS2_PLACEMENT_3D('',#12147,#9223,#9224);
#7516=AXIS2_PLACEMENT_3D('',#12148,#9225,#9226);
#7517=AXIS2_PLACEMENT_3D('',#12150,#9228,#9229);
#7518=AXIS2_PLACEMENT_3D('',#12151,#9230,#9231);
#7519=AXIS2_PLACEMENT_3D('',#12153,#9232,#9233);
#7520=AXIS2_PLACEMENT_3D('',#12155,#9235,#9236);
#7521=AXIS2_PLACEMENT_3D('',#12156,#9237,#9238);
#7522=AXIS2_PLACEMENT_3D('',#12157,#9239,#9240);
#7523=AXIS2_PLACEMENT_3D('',#12159,#9241,#9242);
#7524=AXIS2_PLACEMENT_3D('',#12161,#9244,#9245);
#7525=AXIS2_PLACEMENT_3D('',#12163,#9247,#9248);
#7526=AXIS2_PLACEMENT_3D('',#12165,#9249,#9250);
#7527=AXIS2_PLACEMENT_3D('',#12166,#9251,#9252);
#7528=AXIS2_PLACEMENT_3D('',#12168,#9253,#9254);
#7529=AXIS2_PLACEMENT_3D('',#12169,#9255,#9256);
#7530=AXIS2_PLACEMENT_3D('',#12171,#9258,#9259);
#7531=AXIS2_PLACEMENT_3D('',#12173,#9261,#9262);
#7532=AXIS2_PLACEMENT_3D('',#12176,#9265,#9266);
#7533=AXIS2_PLACEMENT_3D('',#12178,#9268,#9269);
#7534=AXIS2_PLACEMENT_3D('',#12180,#9271,#9272);
#7535=AXIS2_PLACEMENT_3D('',#12181,#9273,#9274);
#7536=AXIS2_PLACEMENT_3D('',#12187,#9278,#9279);
#7537=AXIS2_PLACEMENT_3D('',#12193,#9283,#9284);
#7538=AXIS2_PLACEMENT_3D('',#12199,#9288,#9289);
#7539=AXIS2_PLACEMENT_3D('',#12205,#9293,#9294);
#7540=AXIS2_PLACEMENT_3D('',#12209,#9297,#9298);
#7541=AXIS2_PLACEMENT_3D('',#12212,#9301,#9302);
#7542=AXIS2_PLACEMENT_3D('',#12214,#9304,#9305);
#7543=AXIS2_PLACEMENT_3D('',#12216,#9307,#9308);
#7544=AXIS2_PLACEMENT_3D('',#12217,#9309,#9310);
#7545=AXIS2_PLACEMENT_3D('',#12227,#9316,#9317);
#7546=AXIS2_PLACEMENT_3D('',#12244,#9326,#9327);
#7547=AXIS2_PLACEMENT_3D('',#12247,#9330,#9331);
#7548=AXIS2_PLACEMENT_3D('',#12249,#9333,#9334);
#7549=AXIS2_PLACEMENT_3D('',#12251,#9336,#9337);
#7550=AXIS2_PLACEMENT_3D('',#12252,#9338,#9339);
#7551=AXIS2_PLACEMENT_3D('',#12255,#9342,#9343);
#7552=AXIS2_PLACEMENT_3D('',#12257,#9345,#9346);
#7553=AXIS2_PLACEMENT_3D('',#12259,#9348,#9349);
#7554=AXIS2_PLACEMENT_3D('',#12260,#9350,#9351);
#7555=AXIS2_PLACEMENT_3D('',#12298,#9354,#9355);
#7556=AXIS2_PLACEMENT_3D('',#12302,#9358,#9359);
#7557=AXIS2_PLACEMENT_3D('',#12304,#9360,#9361);
#7558=AXIS2_PLACEMENT_3D('',#12306,#9363,#9364);
#7559=AXIS2_PLACEMENT_3D('',#12308,#9366,#9367);
#7560=AXIS2_PLACEMENT_3D('',#12312,#9370,#9371);
#7561=AXIS2_PLACEMENT_3D('',#12315,#9373,#9374);
#7562=AXIS2_PLACEMENT_3D('',#12316,#9375,#9376);
#7563=AXIS2_PLACEMENT_3D('',#12317,#9377,#9378);
#7564=AXIS2_PLACEMENT_3D('',#12319,#9379,#9380);
#7565=AXIS2_PLACEMENT_3D('',#12321,#9381,#9382);
#7566=AXIS2_PLACEMENT_3D('',#12322,#9383,#9384);
#7567=AXIS2_PLACEMENT_3D('',#12326,#9387,#9388);
#7568=AXIS2_PLACEMENT_3D('',#12327,#9389,#9390);
#7569=AXIS2_PLACEMENT_3D('',#12329,#9391,#9392);
#7570=AXIS2_PLACEMENT_3D('',#12330,#9393,#9394);
#7571=AXIS2_PLACEMENT_3D('',#12331,#9395,#9396);
#7572=AXIS2_PLACEMENT_3D('',#12333,#9398,#9399);
#7573=AXIS2_PLACEMENT_3D('',#12335,#9401,#9402);
#7574=AXIS2_PLACEMENT_3D('',#12338,#9404,#9405);
#7575=AXIS2_PLACEMENT_3D('',#12339,#9406,#9407);
#7576=AXIS2_PLACEMENT_3D('',#12341,#9409,#9410);
#7577=AXIS2_PLACEMENT_3D('',#12343,#9412,#9413);
#7578=AXIS2_PLACEMENT_3D('',#12345,#9415,#9416);
#7579=AXIS2_PLACEMENT_3D('',#12347,#9418,#9419);
#7580=AXIS2_PLACEMENT_3D('',#12386,#9422,#9423);
#7581=AXIS2_PLACEMENT_3D('',#12390,#9426,#9427);
#7582=AXIS2_PLACEMENT_3D('',#12394,#9430,#9431);
#7583=AXIS2_PLACEMENT_3D('',#12396,#9432,#9433);
#7584=AXIS2_PLACEMENT_3D('',#12400,#9436,#9437);
#7585=AXIS2_PLACEMENT_3D('',#12401,#9438,#9439);
#7586=AXIS2_PLACEMENT_3D('',#12404,#9441,#9442);
#7587=AXIS2_PLACEMENT_3D('',#12405,#9443,#9444);
#7588=AXIS2_PLACEMENT_3D('',#12407,#9446,#9447);
#7589=AXIS2_PLACEMENT_3D('',#12447,#9449,#9450);
#7590=AXIS2_PLACEMENT_3D('',#12448,#9451,#9452);
#7591=AXIS2_PLACEMENT_3D('',#12488,#9454,#9455);
#7592=AXIS2_PLACEMENT_3D('',#12490,#9456,#9457);
#7593=AXIS2_PLACEMENT_3D('',#12491,#9458,#9459);
#7594=AXIS2_PLACEMENT_3D('',#12507,#9460,#9461);
#7595=AXIS2_PLACEMENT_3D('',#12508,#9462,#9463);
#7596=AXIS2_PLACEMENT_3D('',#12509,#9464,#9465);
#7597=AXIS2_PLACEMENT_3D('',#12511,#9467,#9468);
#7598=AXIS2_PLACEMENT_3D('',#12512,#9469,#9470);
#7599=AXIS2_PLACEMENT_3D('',#12514,#9472,#9473);
#7600=AXIS2_PLACEMENT_3D('',#12515,#9474,#9475);
#7601=AXIS2_PLACEMENT_3D('',#12517,#9477,#9478);
#7602=AXIS2_PLACEMENT_3D('',#12519,#9480,#9481);
#7603=AXIS2_PLACEMENT_3D('',#12521,#9483,#9484);
#7604=AXIS2_PLACEMENT_3D('',#12523,#9486,#9487);
#7605=AXIS2_PLACEMENT_3D('',#12525,#9489,#9490);
#7606=AXIS2_PLACEMENT_3D('',#12527,#9492,#9493);
#7607=AXIS2_PLACEMENT_3D('',#12529,#9494,#9495);
#7608=AXIS2_PLACEMENT_3D('',#12532,#9497,#9498);
#7609=AXIS2_PLACEMENT_3D('',#12533,#9499,#9500);
#7610=AXIS2_PLACEMENT_3D('',#12535,#9501,#9502);
#7611=AXIS2_PLACEMENT_3D('',#12538,#9504,#9505);
#7612=AXIS2_PLACEMENT_3D('',#12539,#9506,#9507);
#7613=AXIS2_PLACEMENT_3D('',#12540,#9508,#9509);
#7614=AXIS2_PLACEMENT_3D('',#12575,#9510,#9511);
#7615=AXIS2_PLACEMENT_3D('',#12580,#9512,#9513);
#7616=AXIS2_PLACEMENT_3D('',#12583,#9514,#9515);
#7617=AXIS2_PLACEMENT_3D('',#12588,#9516,#9517);
#7618=AXIS2_PLACEMENT_3D('',#12595,#9518,#9519);
#7619=AXIS2_PLACEMENT_3D('',#12611,#9520,#9521);
#7620=AXIS2_PLACEMENT_3D('',#12612,#9522,#9523);
#7621=AXIS2_PLACEMENT_3D('',#12613,#9524,#9525);
#7622=AXIS2_PLACEMENT_3D('',#12650,#9526,#9527);
#7623=AXIS2_PLACEMENT_3D('',#12651,#9528,#9529);
#7624=AXIS2_PLACEMENT_3D('',#12652,#9530,#9531);
#7625=AXIS2_PLACEMENT_3D('',#12656,#9532,#9533);
#7626=AXIS2_PLACEMENT_3D('',#12657,#9534,#9535);
#7627=DIRECTION('axis',(0.,0.,1.));
#7628=DIRECTION('refdir',(1.,0.,0.));
#7629=DIRECTION('center_axis',(0.,0.,-1.));
#7630=DIRECTION('ref_axis',(-1.,0.,0.));
#7631=DIRECTION('',(1.,0.,0.));
#7632=DIRECTION('',(-1.,-1.21333721503493E-16,0.));
#7633=DIRECTION('',(0.,-1.,0.));
#7634=DIRECTION('center_axis',(1.21333721503493E-16,-1.,0.));
#7635=DIRECTION('ref_axis',(1.,1.21333721503493E-16,0.));
#7636=DIRECTION('',(0.,0.,1.));
#7637=DIRECTION('',(-1.,-1.21333721503493E-16,0.));
#7638=DIRECTION('',(0.,0.,1.));
#7639=DIRECTION('',(0.,0.,-1.));
#7640=DIRECTION('',(1.,1.21333721503493E-16,0.));
#7641=DIRECTION('center_axis',(1.21333721503493E-16,-1.,0.));
#7642=DIRECTION('ref_axis',(1.,1.21333721503493E-16,0.));
#7643=DIRECTION('',(0.,0.,1.));
#7644=DIRECTION('',(-1.,-1.21333721503493E-16,0.));
#7645=DIRECTION('',(0.,0.,-1.));
#7646=DIRECTION('center_axis',(1.21333721503493E-16,-1.,6.16297582203915E-33));
#7647=DIRECTION('ref_axis',(-0.500000000000002,-6.0666860751747E-17,-0.866025403784437));
#7648=DIRECTION('',(1.,1.21333721503493E-16,0.));
#7649=DIRECTION('center_axis',(1.21333721503493E-16,-1.,6.16297582203915E-33));
#7650=DIRECTION('ref_axis',(-0.500000000000001,-6.06668607517468E-17,-0.866025403784438));
#7651=DIRECTION('',(-1.,-1.21333721503493E-16,0.));
#7652=DIRECTION('center_axis',(-1.21333721503493E-16,1.,0.));
#7653=DIRECTION('ref_axis',(1.,0.,2.53765262771464E-17));
#7654=DIRECTION('center_axis',(-1.21333721503493E-16,1.,0.));
#7655=DIRECTION('ref_axis',(1.,0.,2.53765262771464E-17));
#7656=DIRECTION('center_axis',(-1.21333721503493E-16,1.,0.));
#7657=DIRECTION('ref_axis',(1.,0.,0.));
#7658=DIRECTION('center_axis',(-1.21333721503493E-16,1.,0.));
#7659=DIRECTION('ref_axis',(1.,0.,0.));
#7660=DIRECTION('center_axis',(1.21333721503493E-16,-1.,0.));
#7661=DIRECTION('ref_axis',(1.,1.21333721503493E-16,0.));
#7662=DIRECTION('',(0.,0.,-1.));
#7663=DIRECTION('',(1.,1.21333721503493E-16,0.));
#7664=DIRECTION('',(0.,0.,-1.));
#7665=DIRECTION('',(-1.,-1.21333721503493E-16,0.));
#7666=DIRECTION('center_axis',(0.,0.,1.));
#7667=DIRECTION('ref_axis',(1.,0.,0.));
#7668=DIRECTION('',(0.,-1.,0.));
#7669=DIRECTION('center_axis',(0.,0.,-1.));
#7670=DIRECTION('ref_axis',(0.00964832498238088,0.999953453829244,0.));
#7671=DIRECTION('',(1.,0.,0.));
#7672=DIRECTION('',(1.,0.,0.));
#7673=DIRECTION('',(1.,0.,0.));
#7674=DIRECTION('',(1.,0.,0.));
#7675=DIRECTION('',(1.,0.,0.));
#7676=DIRECTION('center_axis',(0.,0.,-1.));
#7677=DIRECTION('ref_axis',(0.946234027958796,0.32348286559395,0.));
#7678=DIRECTION('',(0.,1.,0.));
#7679=DIRECTION('center_axis',(0.,0.,-1.));
#7680=DIRECTION('ref_axis',(1.,0.,0.));
#7681=DIRECTION('center_axis',(0.,0.,-1.));
#7682=DIRECTION('ref_axis',(1.,0.,0.));
#7683=DIRECTION('center_axis',(1.21333721503493E-16,-1.,0.));
#7684=DIRECTION('ref_axis',(0.,0.,-1.));
#7685=DIRECTION('center_axis',(-1.21333721503493E-16,1.,0.));
#7686=DIRECTION('ref_axis',(-1.,0.,0.));
#7687=DIRECTION('center_axis',(-1.21333721503493E-16,1.,0.));
#7688=DIRECTION('ref_axis',(-1.,-1.21333721503493E-16,-2.53765262771464E-17));
#7689=DIRECTION('center_axis',(1.21333721503493E-16,-1.,0.));
#7690=DIRECTION('ref_axis',(0.,0.,-1.));
#7691=DIRECTION('center_axis',(-1.21333721503493E-16,1.,0.));
#7692=DIRECTION('ref_axis',(-1.,0.,0.));
#7693=DIRECTION('center_axis',(-1.21333721503493E-16,1.,0.));
#7694=DIRECTION('ref_axis',(-1.,-1.21333721503493E-16,-2.53765262771464E-17));
#7695=DIRECTION('center_axis',(0.,1.,0.));
#7696=DIRECTION('ref_axis',(-1.,0.,-2.53765262771464E-17));
#7697=DIRECTION('center_axis',(1.21333721503493E-16,-1.,0.));
#7698=DIRECTION('ref_axis',(-1.,-1.21333721503493E-16,-2.53765262771464E-17));
#7699=DIRECTION('',(0.,-1.,0.));
#7700=DIRECTION('center_axis',(0.,1.,0.));
#7701=DIRECTION('ref_axis',(-1.,0.,-2.53765262771464E-17));
#7702=DIRECTION('center_axis',(1.21333721503493E-16,-1.,0.));
#7703=DIRECTION('ref_axis',(-1.,-1.21333721503493E-16,-2.53765262771464E-17));
#7704=DIRECTION('',(0.,-1.,0.));
#7705=DIRECTION('center_axis',(0.,-1.,0.));
#7706=DIRECTION('ref_axis',(-1.,0.,0.));
#7707=DIRECTION('center_axis',(0.,1.,0.));
#7708=DIRECTION('ref_axis',(-1.,0.,0.));
#7709=DIRECTION('center_axis',(0.,1.,0.));
#7710=DIRECTION('ref_axis',(-1.,0.,0.));
#7711=DIRECTION('',(0.,0.,-1.));
#7712=DIRECTION('center_axis',(0.,1.,0.));
#7713=DIRECTION('ref_axis',(1.,0.,2.61228946970625E-17));
#7714=DIRECTION('',(0.,0.,1.));
#7715=DIRECTION('',(1.,0.,0.));
#7716=DIRECTION('',(0.,0.,-1.));
#7717=DIRECTION('center_axis',(0.,1.,0.));
#7718=DIRECTION('ref_axis',(1.,0.,2.61228946970625E-17));
#7719=DIRECTION('',(0.,0.,-1.));
#7720=DIRECTION('center_axis',(-2.22044604925031E-16,-1.,0.));
#7721=DIRECTION('ref_axis',(1.,0.,0.));
#7722=DIRECTION('center_axis',(-2.22044604925031E-16,-1.,0.));
#7723=DIRECTION('ref_axis',(1.,0.,0.));
#7724=DIRECTION('',(0.,0.,-1.));
#7725=DIRECTION('',(1.,0.,0.));
#7726=DIRECTION('',(0.,0.,-1.));
#7727=DIRECTION('center_axis',(0.,1.,0.));
#7728=DIRECTION('ref_axis',(1.,0.,0.));
#7729=DIRECTION('center_axis',(0.,1.,-6.72862439166762E-18));
#7730=DIRECTION('ref_axis',(1.,0.,0.));
#7731=DIRECTION('',(0.,1.,0.));
#7732=DIRECTION('center_axis',(0.,-1.,6.72862439166762E-18));
#7733=DIRECTION('ref_axis',(1.,0.,0.));
#7734=DIRECTION('center_axis',(0.,1.,0.));
#7735=DIRECTION('ref_axis',(1.,0.,0.));
#7736=DIRECTION('center_axis',(0.,1.,-6.72862439166762E-18));
#7737=DIRECTION('ref_axis',(1.,0.,0.));
#7738=DIRECTION('',(0.,1.,0.));
#7739=DIRECTION('center_axis',(0.,-1.,6.72862439166762E-18));
#7740=DIRECTION('ref_axis',(1.,0.,0.));
#7741=DIRECTION('center_axis',(0.,1.,0.));
#7742=DIRECTION('ref_axis',(-1.,0.,0.));
#7743=DIRECTION('',(0.,-1.,0.));
#7744=DIRECTION('center_axis',(0.,1.,0.));
#7745=DIRECTION('ref_axis',(-1.,0.,0.));
#7746=DIRECTION('center_axis',(0.,-1.,0.));
#7747=DIRECTION('ref_axis',(1.,0.,0.));
#7748=DIRECTION('',(0.,-1.,0.));
#7749=DIRECTION('center_axis',(0.,1.,0.));
#7750=DIRECTION('ref_axis',(-1.,0.,0.));
#7751=DIRECTION('center_axis',(0.,0.,-1.));
#7752=DIRECTION('ref_axis',(-0.00615300881167469,-0.99998107006211,0.));
#7753=DIRECTION('',(0.,0.,-1.));
#7754=DIRECTION('center_axis',(0.,0.,-1.));
#7755=DIRECTION('ref_axis',(-0.0061530088116747,-0.99998107006211,0.));
#7756=DIRECTION('',(0.,0.,-1.));
#7757=DIRECTION('',(0.,0.,-1.));
#7758=DIRECTION('',(0.,0.,-1.));
#7759=DIRECTION('center_axis',(0.,0.,1.));
#7760=DIRECTION('ref_axis',(-0.00615300881167469,-0.99998107006211,0.));
#7761=DIRECTION('center_axis',(0.,-1.,0.));
#7762=DIRECTION('ref_axis',(-1.,0.,0.));
#7763=DIRECTION('',(0.,0.,-1.));
#7764=DIRECTION('center_axis',(0.,1.,0.));
#7765=DIRECTION('ref_axis',(1.,0.,2.61228946970625E-17));
#7766=DIRECTION('',(0.,0.,-1.));
#7767=DIRECTION('',(1.,0.,0.));
#7768=DIRECTION('',(0.,0.,1.));
#7769=DIRECTION('center_axis',(0.,1.,0.));
#7770=DIRECTION('ref_axis',(1.,0.,2.61228946970625E-17));
#7771=DIRECTION('center_axis',(0.,1.,0.));
#7772=DIRECTION('ref_axis',(1.,0.,2.61228946970625E-17));
#7773=DIRECTION('',(0.,0.,1.));
#7774=DIRECTION('',(-1.,0.,0.));
#7775=DIRECTION('',(0.,0.,1.));
#7776=DIRECTION('',(1.,0.,-1.01506105108586E-15));
#7777=DIRECTION('',(-3.65720525758875E-16,0.,-1.));
#7778=DIRECTION('',(-1.,0.,0.));
#7779=DIRECTION('center_axis',(0.,-1.,0.));
#7780=DIRECTION('ref_axis',(1.,0.,0.));
#7781=DIRECTION('center_axis',(0.,1.,0.));
#7782=DIRECTION('ref_axis',(1.,0.,0.));
#7783=DIRECTION('',(0.,-1.,0.));
#7784=DIRECTION('center_axis',(0.,1.,0.));
#7785=DIRECTION('ref_axis',(1.,0.,0.));
#7786=DIRECTION('',(0.,-1.,0.));
#7787=DIRECTION('center_axis',(0.,-1.,0.));
#7788=DIRECTION('ref_axis',(1.,0.,0.));
#7789=DIRECTION('center_axis',(0.,-1.,0.));
#7790=DIRECTION('ref_axis',(1.,0.,0.));
#7791=DIRECTION('center_axis',(0.,1.,0.));
#7792=DIRECTION('ref_axis',(1.,0.,0.));
#7793=DIRECTION('',(0.,-1.,0.));
#7794=DIRECTION('center_axis',(0.,-1.,0.));
#7795=DIRECTION('ref_axis',(1.,0.,0.));
#7796=DIRECTION('center_axis',(0.,1.,0.));
#7797=DIRECTION('ref_axis',(1.,0.,0.));
#7798=DIRECTION('',(0.,-1.,0.));
#7799=DIRECTION('center_axis',(0.,-1.,0.));
#7800=DIRECTION('ref_axis',(1.,0.,0.));
#7801=DIRECTION('center_axis',(0.,1.,0.));
#7802=DIRECTION('ref_axis',(1.,0.,0.));
#7803=DIRECTION('',(0.,-1.,0.));
#7804=DIRECTION('center_axis',(0.,-1.,0.));
#7805=DIRECTION('ref_axis',(1.,0.,0.));
#7806=DIRECTION('center_axis',(0.,0.,-1.));
#7807=DIRECTION('ref_axis',(-0.952180324521658,-0.305536625617666,0.));
#7808=DIRECTION('center_axis',(0.,0.,1.));
#7809=DIRECTION('ref_axis',(-0.952180324521658,-0.305536625617666,0.));
#7810=DIRECTION('',(0.,0.,-1.));
#7811=DIRECTION('',(0.,0.,-1.));
#7812=DIRECTION('',(0.,0.,-1.));
#7813=DIRECTION('center_axis',(0.,0.,-1.));
#7814=DIRECTION('ref_axis',(-0.952180324521658,-0.305536625617666,0.));
#7815=DIRECTION('',(0.,0.,-1.));
#7816=DIRECTION('center_axis',(0.,1.,0.));
#7817=DIRECTION('ref_axis',(1.,0.,0.));
#7818=DIRECTION('',(0.,0.,-1.));
#7819=DIRECTION('center_axis',(0.,-1.,0.));
#7820=DIRECTION('ref_axis',(1.,0.,0.));
#7821=DIRECTION('center_axis',(0.,-1.,0.));
#7822=DIRECTION('ref_axis',(1.,0.,0.));
#7823=DIRECTION('',(0.,0.,-1.));
#7824=DIRECTION('',(1.,0.,0.));
#7825=DIRECTION('',(0.,0.,-1.));
#7826=DIRECTION('center_axis',(0.,-1.,0.));
#7827=DIRECTION('ref_axis',(1.,0.,0.));
#7828=DIRECTION('',(0.,0.,-1.));
#7829=DIRECTION('',(0.,0.,-1.));
#7830=DIRECTION('',(-1.,0.,0.));
#7831=DIRECTION('',(0.,0.,-1.));
#7832=DIRECTION('',(1.,0.,0.));
#7833=DIRECTION('',(3.65720525758875E-16,0.,1.));
#7834=DIRECTION('',(-1.,0.,1.01506105108586E-15));
#7835=DIRECTION('',(0.,0.,-1.));
#7836=DIRECTION('center_axis',(0.,0.,-1.));
#7837=DIRECTION('ref_axis',(0.946234027958796,0.32348286559395,0.));
#7838=DIRECTION('center_axis',(0.,0.,1.));
#7839=DIRECTION('ref_axis',(0.924035616379442,0.382306395005715,0.));
#7840=DIRECTION('',(0.,0.,1.));
#7841=DIRECTION('center_axis',(0.,0.,-1.));
#7842=DIRECTION('ref_axis',(0.946234027958796,0.32348286559395,0.));
#7843=DIRECTION('center_axis',(0.,-1.,0.));
#7844=DIRECTION('ref_axis',(0.,0.,-1.));
#7845=DIRECTION('',(-1.72684608840783E-16,0.,1.));
#7846=DIRECTION('center_axis',(0.,-1.,0.));
#7847=DIRECTION('ref_axis',(0.5,0.,0.866025403784439));
#7848=DIRECTION('',(-1.,0.,0.));
#7849=DIRECTION('',(-1.,0.,0.));
#7850=DIRECTION('center_axis',(0.,1.,0.));
#7851=DIRECTION('ref_axis',(-0.5,0.,-0.866025403784439));
#7852=DIRECTION('',(-1.72684608840783E-16,0.,1.));
#7853=DIRECTION('center_axis',(0.,-1.,0.));
#7854=DIRECTION('ref_axis',(-1.,0.,0.));
#7855=DIRECTION('center_axis',(0.,-1.,0.));
#7856=DIRECTION('ref_axis',(-1.,0.,0.));
#7857=DIRECTION('',(-7.40148683083438E-17,0.,-1.));
#7858=DIRECTION('center_axis',(0.,1.,0.));
#7859=DIRECTION('ref_axis',(-0.500000000000002,0.,-0.866025403784437));
#7860=DIRECTION('',(-1.,0.,0.));
#7861=DIRECTION('',(-8.92143501930926E-16,-1.08247091204438E-31,1.));
#7862=DIRECTION('',(1.,0.,0.));
#7863=DIRECTION('',(0.,0.,-1.));
#7864=DIRECTION('',(1.,0.,0.));
#7865=DIRECTION('',(1.,0.,0.));
#7866=DIRECTION('center_axis',(0.,-1.,0.));
#7867=DIRECTION('ref_axis',(0.499999999999999,0.,0.866025403784439));
#7868=DIRECTION('',(-7.40148683083438E-17,0.,-1.));
#7869=DIRECTION('center_axis',(0.,-1.,0.));
#7870=DIRECTION('ref_axis',(1.,0.,0.));
#7871=DIRECTION('center_axis',(0.,-1.,0.));
#7872=DIRECTION('ref_axis',(1.,0.,0.));
#7873=DIRECTION('center_axis',(0.,-1.,0.));
#7874=DIRECTION('ref_axis',(-1.,0.,0.));
#7875=DIRECTION('center_axis',(0.,0.,-1.));
#7876=DIRECTION('ref_axis',(-0.00485450736797898,-0.999988216809685,0.));
#7877=DIRECTION('',(0.,0.,-1.));
#7878=DIRECTION('center_axis',(0.,0.,1.));
#7879=DIRECTION('ref_axis',(-0.00485450736797898,-0.999988216809685,0.));
#7880=DIRECTION('',(0.,0.,-1.));
#7881=DIRECTION('',(0.,0.,-1.));
#7882=DIRECTION('',(0.,0.,-1.));
#7883=DIRECTION('center_axis',(0.,0.,1.));
#7884=DIRECTION('ref_axis',(-0.00485450736798012,-0.999988216809685,0.));
#7885=DIRECTION('',(0.,0.,-1.));
#7886=DIRECTION('center_axis',(0.,0.,-1.));
#7887=DIRECTION('ref_axis',(-0.00485450736797898,-0.999988216809685,0.));
#7888=DIRECTION('center_axis',(0.,-1.,6.72862439166762E-18));
#7889=DIRECTION('ref_axis',(0.,6.72862439166762E-18,1.));
#7890=DIRECTION('',(1.72684608840783E-16,-6.72862439166762E-18,-1.));
#7891=DIRECTION('center_axis',(0.,-1.,0.));
#7892=DIRECTION('ref_axis',(0.5,0.,0.866025403784439));
#7893=DIRECTION('',(1.,0.,0.));
#7894=DIRECTION('',(-1.,0.,0.));
#7895=DIRECTION('',(0.,0.,-1.));
#7896=DIRECTION('',(1.,0.,0.));
#7897=DIRECTION('',(-1.,0.,0.));
#7898=DIRECTION('',(-1.,0.,0.));
#7899=DIRECTION('center_axis',(0.,-1.,0.));
#7900=DIRECTION('ref_axis',(0.5,0.,0.866025403784439));
#7901=DIRECTION('',(1.72684608840783E-16,-6.72862439166762E-18,-1.));
#7902=DIRECTION('center_axis',(0.,1.,0.));
#7903=DIRECTION('ref_axis',(1.,0.,0.));
#7904=DIRECTION('center_axis',(0.,1.,0.));
#7905=DIRECTION('ref_axis',(1.,0.,0.));
#7906=DIRECTION('',(7.40148683083438E-17,6.72862439166762E-18,1.));
#7907=DIRECTION('center_axis',(0.,-1.,0.));
#7908=DIRECTION('ref_axis',(-0.5,0.,-0.866025403784439));
#7909=DIRECTION('',(-1.,0.,0.));
#7910=DIRECTION('',(1.,0.,0.));
#7911=DIRECTION('',(0.,0.,1.));
#7912=DIRECTION('',(-1.,0.,0.));
#7913=DIRECTION('',(1.,0.,0.));
#7914=DIRECTION('center_axis',(0.,-1.,0.));
#7915=DIRECTION('ref_axis',(-0.500000000000002,0.,-0.866025403784437));
#7916=DIRECTION('',(7.40148683083438E-17,6.72862439166762E-18,1.));
#7917=DIRECTION('center_axis',(0.,1.,0.));
#7918=DIRECTION('ref_axis',(-1.,0.,0.));
#7919=DIRECTION('center_axis',(0.,1.,0.));
#7920=DIRECTION('ref_axis',(-1.,0.,0.));
#7921=DIRECTION('center_axis',(0.,1.,-6.72862439166762E-18));
#7922=DIRECTION('ref_axis',(1.,0.,0.));
#7923=DIRECTION('',(1.,0.,0.));
#7924=DIRECTION('center_axis',(0.,-1.,6.72862439166762E-18));
#7925=DIRECTION('ref_axis',(-0.999483244207077,0.,0.03214412153561));
#7926=DIRECTION('',(0.579596171033063,0.,0.814903846182979));
#7927=DIRECTION('center_axis',(0.,1.,-6.72862439166762E-18));
#7928=DIRECTION('ref_axis',(1.,0.,0.));
#7929=DIRECTION('center_axis',(0.,1.,-6.72862439166762E-18));
#7930=DIRECTION('ref_axis',(0.,-6.72862439166762E-18,-1.));
#7931=DIRECTION('',(0.,6.72862439166762E-18,1.));
#7932=DIRECTION('center_axis',(0.,1.,-6.72862439166762E-18));
#7933=DIRECTION('ref_axis',(-0.500000000000001,0.,0.866025403784438));
#7934=DIRECTION('',(1.,0.,7.0950698900969E-16));
#7935=DIRECTION('',(-1.,0.,-7.0950698900969E-16));
#7936=DIRECTION('',(0.,0.,1.));
#7937=DIRECTION('',(1.,0.,0.));
#7938=DIRECTION('',(-1.,0.,0.));
#7939=DIRECTION('center_axis',(0.,1.,-6.72862439166762E-18));
#7940=DIRECTION('ref_axis',(0.5,0.,-0.866025403784439));
#7941=DIRECTION('',(0.,6.72862439166762E-18,1.));
#7942=DIRECTION('center_axis',(0.,-1.,0.));
#7943=DIRECTION('ref_axis',(1.,0.,0.));
#7944=DIRECTION('center_axis',(0.,-1.,0.));
#7945=DIRECTION('ref_axis',(1.,0.,0.));
#7946=DIRECTION('',(0.,-6.72862439166762E-18,-1.));
#7947=DIRECTION('center_axis',(0.,1.,-6.72862439166762E-18));
#7948=DIRECTION('ref_axis',(0.5,0.,-0.866025403784439));
#7949=DIRECTION('',(-1.,0.,0.));
#7950=DIRECTION('',(1.,0.,0.));
#7951=DIRECTION('',(0.,0.,-1.));
#7952=DIRECTION('',(-1.,0.,0.));
#7953=DIRECTION('',(1.,0.,8.44416721637701E-16));
#7954=DIRECTION('center_axis',(0.,1.,-6.72862439166762E-18));
#7955=DIRECTION('ref_axis',(-0.499999999999999,0.,0.866025403784439));
#7956=DIRECTION('',(0.,-6.72862439166762E-18,-1.));
#7957=DIRECTION('center_axis',(0.,-1.,0.));
#7958=DIRECTION('ref_axis',(-1.,0.,0.));
#7959=DIRECTION('center_axis',(0.,-1.,0.));
#7960=DIRECTION('ref_axis',(-1.,0.,0.));
#7961=DIRECTION('center_axis',(0.,-1.,6.72862439166762E-18));
#7962=DIRECTION('ref_axis',(1.,0.,0.));
#7963=DIRECTION('center_axis',(0.,-1.,6.72862439166762E-18));
#7964=DIRECTION('ref_axis',(1.,0.,0.));
#7965=DIRECTION('center_axis',(1.,0.,0.));
#7966=DIRECTION('ref_axis',(0.,1.,0.));
#7967=DIRECTION('',(0.,-1.,0.));
#7968=DIRECTION('center_axis',(0.,-1.,0.));
#7969=DIRECTION('ref_axis',(-1.,0.,0.));
#7970=DIRECTION('',(0.,0.,-1.));
#7971=DIRECTION('',(-1.,0.,0.));
#7972=DIRECTION('',(0.,0.,1.));
#7973=DIRECTION('center_axis',(0.,1.,0.));
#7974=DIRECTION('ref_axis',(1.,0.,2.61228946970625E-17));
#7975=DIRECTION('',(-1.,-5.2245789394125E-17,0.));
#7976=DIRECTION('center_axis',(0.,1.,0.));
#7977=DIRECTION('ref_axis',(1.,0.,2.61228946970625E-17));
#7978=DIRECTION('center_axis',(0.,0.,1.));
#7979=DIRECTION('ref_axis',(1.,0.,0.));
#7980=DIRECTION('',(0.,-1.,0.));
#7981=DIRECTION('center_axis',(0.,0.,1.));
#7982=DIRECTION('ref_axis',(-0.999381885565374,-0.0351546128381027,0.));
#7983=DIRECTION('',(1.,0.,0.));
#7984=DIRECTION('center_axis',(0.,0.,1.));
#7985=DIRECTION('ref_axis',(0.0351594062077159,-0.99938171694059,0.));
#7986=DIRECTION('',(0.,1.,0.));
#7987=DIRECTION('center_axis',(0.,0.,1.));
#7988=DIRECTION('ref_axis',(0.999948559888028,-0.0101428584658998,0.));
#7989=DIRECTION('',(-1.,0.,0.));
#7990=DIRECTION('center_axis',(0.,0.,1.));
#7991=DIRECTION('ref_axis',(5.25326439824804E-5,0.999999998620161,0.));
#7992=DIRECTION('center_axis',(0.,0.,-1.));
#7993=DIRECTION('ref_axis',(0.0480422576487877,-0.998845304078668,0.));
#7994=DIRECTION('',(-1.,0.,0.));
#7995=DIRECTION('center_axis',(0.,0.,-1.));
#7996=DIRECTION('ref_axis',(-0.99884573786936,-0.0480332378693601,0.));
#7997=DIRECTION('',(0.,1.,0.));
#7998=DIRECTION('center_axis',(0.,0.,-1.));
#7999=DIRECTION('ref_axis',(8.5095610013817E-5,0.999999996379369,0.));
#8000=DIRECTION('',(1.,8.07434927000114E-16,0.));
#8001=DIRECTION('center_axis',(0.,0.,-1.));
#8002=DIRECTION('ref_axis',(1.,1.99269736984262E-16,0.));
#8003=DIRECTION('',(0.,-1.,0.));
#8004=DIRECTION('',(2.14331241082844E-15,1.,0.));
#8005=DIRECTION('',(1.,7.7133638421868E-17,0.));
#8006=DIRECTION('center_axis',(0.,0.,-1.));
#8007=DIRECTION('ref_axis',(-0.0141267475633293,-0.999900212522871,0.));
#8008=DIRECTION('',(-7.7133638421868E-17,1.,0.));
#8009=DIRECTION('',(1.,7.7133638421868E-17,0.));
#8010=DIRECTION('',(7.7133638421868E-17,-1.,0.));
#8011=DIRECTION('center_axis',(0.,0.,1.));
#8012=DIRECTION('ref_axis',(0.0039885946832896,0.999992045524589,0.));
#8013=DIRECTION('',(-1.,-7.7133638421868E-17,0.));
#8014=DIRECTION('',(-7.7133638421868E-17,1.,0.));
#8015=DIRECTION('',(1.,7.7133638421868E-17,0.));
#8016=DIRECTION('center_axis',(0.,0.,1.));
#8017=DIRECTION('ref_axis',(-0.999417917815182,-0.0341148875121527,0.));
#8018=DIRECTION('',(7.7133638421868E-17,-1.,0.));
#8019=DIRECTION('',(-1.,-7.7133638421868E-17,0.));
#8020=DIRECTION('',(-7.7133638421868E-17,1.,0.));
#8021=DIRECTION('center_axis',(0.,0.,-1.));
#8022=DIRECTION('ref_axis',(0.999538975484115,0.0303617602942432,0.));
#8023=DIRECTION('',(-1.,-7.7133638421868E-17,0.));
#8024=DIRECTION('',(7.7133638421868E-17,-1.,0.));
#8025=DIRECTION('',(-1.,-7.7133638421868E-17,0.));
#8026=DIRECTION('center_axis',(0.,0.,-1.));
#8027=DIRECTION('ref_axis',(-0.0303675150707175,0.9995388006618,0.));
#8028=DIRECTION('',(7.7133638421868E-17,-1.,0.));
#8029=DIRECTION('',(-1.,-7.7133638421868E-17,0.));
#8030=DIRECTION('',(-7.7133638421868E-17,1.,0.));
#8031=DIRECTION('center_axis',(0.,0.,1.));
#8032=DIRECTION('ref_axis',(0.0341200539400609,-0.999417741447052,0.));
#8033=DIRECTION('',(1.,7.7133638421868E-17,0.));
#8034=DIRECTION('center_axis',(0.,0.,-1.));
#8035=DIRECTION('ref_axis',(-0.999638464709705,0.0268875412193815,0.));
#8036=DIRECTION('',(1.,7.7133638421868E-17,0.));
#8037=DIRECTION('',(-1.03308938620329E-15,-1.,0.));
#8038=DIRECTION('',(-1.,-7.7133638421868E-17,0.));
#8039=DIRECTION('center_axis',(0.,0.,1.));
#8040=DIRECTION('ref_axis',(0.999889117138682,-0.014891387699822,0.));
#8041=DIRECTION('',(-7.7133638421868E-17,1.,0.));
#8042=DIRECTION('',(1.,7.7133638421868E-17,0.));
#8043=DIRECTION('',(7.7133638421868E-17,-1.,0.));
#8044=DIRECTION('center_axis',(0.,0.,-1.));
#8045=DIRECTION('ref_axis',(-0.00298382100208716,0.999995548396205,0.));
#8046=DIRECTION('',(0.,0.,-1.));
#8047=DIRECTION('center_axis',(0.,0.,-1.));
#8048=DIRECTION('ref_axis',(-0.00298382100208709,0.999995548396205,0.));
#8049=DIRECTION('',(0.,0.,-1.));
#8050=DIRECTION('',(0.,0.,-1.));
#8051=DIRECTION('',(0.,0.,-1.));
#8052=DIRECTION('center_axis',(0.,0.,1.));
#8053=DIRECTION('ref_axis',(-0.00298382100208716,0.999995548396205,0.));
#8054=DIRECTION('center_axis',(0.,1.,0.));
#8055=DIRECTION('ref_axis',(1.,0.,0.));
#8056=DIRECTION('',(-1.,0.,0.));
#8057=DIRECTION('',(0.,0.,1.));
#8058=DIRECTION('',(1.,0.,0.));
#8059=DIRECTION('',(0.,0.,-1.));
#8060=DIRECTION('',(-2.77555756156289E-16,0.,-1.));
#8061=DIRECTION('',(1.,0.,0.));
#8062=DIRECTION('',(2.22044604925031E-16,0.,1.));
#8063=DIRECTION('',(-1.,0.,0.));
#8064=DIRECTION('center_axis',(0.,-1.,0.));
#8065=DIRECTION('ref_axis',(-1.,0.,0.));
#8066=DIRECTION('',(1.,0.,0.));
#8067=DIRECTION('',(-1.,0.,0.));
#8068=DIRECTION('',(0.,0.,-1.));
#8069=DIRECTION('',(2.77555756156289E-16,0.,1.));
#8070=DIRECTION('',(1.,0.,0.));
#8071=DIRECTION('',(-2.22044604925031E-16,0.,-1.));
#8072=DIRECTION('',(-1.,0.,0.));
#8073=DIRECTION('center_axis',(0.,0.,-1.));
#8074=DIRECTION('ref_axis',(-0.813327310813838,-0.581806398627868,0.));
#8075=DIRECTION('center_axis',(0.,-1.,0.));
#8076=DIRECTION('ref_axis',(0.,0.,-1.));
#8077=DIRECTION('',(-1.,0.,0.));
#8078=DIRECTION('',(0.,0.,-1.));
#8079=DIRECTION('center_axis',(0.,-1.,0.));
#8080=DIRECTION('ref_axis',(0.5,0.,0.866025403784438));
#8081=DIRECTION('center_axis',(0.,0.,-1.));
#8082=DIRECTION('ref_axis',(-0.00485450736797898,-0.999988216809685,0.));
#8083=DIRECTION('center_axis',(0.,0.,-1.));
#8084=DIRECTION('ref_axis',(-1.,0.,0.));
#8085=DIRECTION('',(-1.,0.,0.));
#8086=DIRECTION('',(-1.,-1.48029736616688E-17,0.));
#8087=DIRECTION('',(1.,0.,0.));
#8088=DIRECTION('center_axis',(0.,0.,1.));
#8089=DIRECTION('ref_axis',(-0.813327310813838,-0.581806398627868,0.));
#8090=DIRECTION('',(-1.,-1.48029736616688E-17,0.));
#8091=DIRECTION('center_axis',(0.,1.,0.));
#8092=DIRECTION('ref_axis',(-1.,0.,0.));
#8093=DIRECTION('center_axis',(0.,1.,0.));
#8094=DIRECTION('ref_axis',(-1.,0.,0.));
#8095=DIRECTION('center_axis',(0.,-1.,0.));
#8096=DIRECTION('ref_axis',(1.,0.,2.61228946970625E-17));
#8097=DIRECTION('center_axis',(0.,0.,-1.));
#8098=DIRECTION('ref_axis',(-1.,0.,0.));
#8099=DIRECTION('',(1.38777878078145E-16,-1.,0.));
#8100=DIRECTION('center_axis',(0.,0.,1.));
#8101=DIRECTION('ref_axis',(0.946234027958796,0.32348286559395,0.));
#8102=DIRECTION('center_axis',(0.,0.,-1.));
#8103=DIRECTION('ref_axis',(0.82754522451086,0.561399057168134,0.));
#8104=DIRECTION('',(-0.434593850455568,-0.165531968817965,-0.885283769446527));
#8105=DIRECTION('center_axis',(0.,0.,-1.));
#8106=DIRECTION('ref_axis',(0.999948559888028,-0.0101428584658998,0.));
#8107=DIRECTION('',(-0.142811610698901,-0.124960159361538,-0.98182982355494));
#8108=DIRECTION('center_axis',(2.20267784395127E-16,0.991997911723619,-0.126254279673915));
#8109=DIRECTION('ref_axis',(0.,0.126254279673915,0.991997911723619));
#8110=DIRECTION('',(1.,-2.22044604925031E-16,0.));
#8111=DIRECTION('',(1.,0.,0.));
#8112=DIRECTION('',(0.1428116106989,-0.124960159361538,-0.98182982355494));
#8113=DIRECTION('center_axis',(0.,0.,-1.));
#8114=DIRECTION('ref_axis',(5.2532643982639E-5,0.999999998620161,0.));
#8115=DIRECTION('',(0.43459037617684,-0.165578933323376,-0.885276692212082));
#8116=DIRECTION('center_axis',(-0.89766761056177,-2.8474607134455E-16,-0.440673190639415));
#8117=DIRECTION('ref_axis',(-0.440673190639415,0.,0.89766761056177));
#8118=DIRECTION('',(-3.1720657846433E-16,1.,0.));
#8119=DIRECTION('',(0.,1.,0.));
#8120=DIRECTION('',(0.440068519524123,0.0523681538233707,-0.896435873104696));
#8121=DIRECTION('center_axis',(0.,0.,-1.));
#8122=DIRECTION('ref_axis',(-0.999381885565374,-0.0351546128381034,0.));
#8123=DIRECTION('',(0.240097374468817,0.122561191663511,-0.962980791641869));
#8124=DIRECTION('center_axis',(5.1827713975324E-17,-0.991997911723619,-0.126254279673915));
#8125=DIRECTION('ref_axis',(0.,0.126254279673915,-0.991997911723619));
#8126=DIRECTION('',(-1.,0.,0.));
#8127=DIRECTION('',(-0.240097374468817,0.122561191663511,-0.962980791641869));
#8128=DIRECTION('center_axis',(0.,0.,-1.));
#8129=DIRECTION('ref_axis',(0.0351594062077159,-0.99938171694059,0.));
#8130=DIRECTION('',(-0.44006739215433,0.0524169160432713,-0.896433576610671));
#8131=DIRECTION('center_axis',(0.89766761056177,0.,-0.440673190639415));
#8132=DIRECTION('ref_axis',(-0.440673190639415,0.,-0.89766761056177));
#8133=DIRECTION('',(0.,-1.,0.));
#8134=DIRECTION('',(0.,-1.,0.));
#8135=DIRECTION('center_axis',(0.,0.,-1.));
#8136=DIRECTION('ref_axis',(0.0039885946832896,0.999992045524589,0.));
#8137=DIRECTION('',(0.,0.,1.));
#8138=DIRECTION('center_axis',(0.,0.,1.));
#8139=DIRECTION('ref_axis',(0.0039885946832896,0.999992045524589,0.));
#8140=DIRECTION('',(0.,0.,-1.));
#8141=DIRECTION('center_axis',(0.,0.,-1.));
#8142=DIRECTION('ref_axis',(0.0341200539400609,-0.999417741447052,0.));
#8143=DIRECTION('',(0.,0.,1.));
#8144=DIRECTION('center_axis',(0.,0.,1.));
#8145=DIRECTION('ref_axis',(0.0341200539400609,-0.999417741447052,0.));
#8146=DIRECTION('',(0.,0.,1.));
#8147=DIRECTION('center_axis',(-1.,-7.7133638421868E-17,0.));
#8148=DIRECTION('ref_axis',(-7.7133638421868E-17,1.,0.));
#8149=DIRECTION('',(0.,0.,1.));
#8150=DIRECTION('',(7.7133638421868E-17,-1.,0.));
#8151=DIRECTION('center_axis',(1.,7.7133638421868E-17,0.));
#8152=DIRECTION('ref_axis',(0.,0.,1.));
#8153=DIRECTION('center_axis',(0.,0.,-1.));
#8154=DIRECTION('ref_axis',(0.999538975484115,0.0303617602942432,0.));
#8155=DIRECTION('',(0.,0.,1.));
#8156=DIRECTION('center_axis',(0.,0.,-1.));
#8157=DIRECTION('ref_axis',(0.999538975484115,0.0303617602942432,0.));
#8158=DIRECTION('',(0.,0.,1.));
#8159=DIRECTION('center_axis',(-7.7133638421868E-17,1.,0.));
#8160=DIRECTION('ref_axis',(1.,7.7133638421868E-17,0.));
#8161=DIRECTION('',(-1.,-7.7133638421868E-17,0.));
#8162=DIRECTION('',(0.,0.,-1.));
#8163=DIRECTION('center_axis',(7.7133638421868E-17,-1.,0.));
#8164=DIRECTION('ref_axis',(1.,0.,0.));
#8165=DIRECTION('center_axis',(0.,0.,-1.));
#8166=DIRECTION('ref_axis',(-0.999638464709705,0.0268875412193815,0.));
#8167=DIRECTION('',(0.,0.,1.));
#8168=DIRECTION('center_axis',(0.,0.,-1.));
#8169=DIRECTION('ref_axis',(-0.999638464709705,0.0268875412193815,0.));
#8170=DIRECTION('',(0.,0.,1.));
#8171=DIRECTION('center_axis',(0.,0.,1.));
#8172=DIRECTION('ref_axis',(1.,0.,0.));
#8173=DIRECTION('',(1.,7.7133638421868E-17,0.));
#8174=DIRECTION('',(-7.7133638421868E-17,1.,0.));
#8175=DIRECTION('center_axis',(0.,0.,-1.));
#8176=DIRECTION('ref_axis',(-0.0141267475633293,-0.999900212522871,0.));
#8177=DIRECTION('',(1.,7.7133638421868E-17,0.));
#8178=DIRECTION('',(2.14331241082844E-15,1.,0.));
#8179=DIRECTION('',(-1.,-7.7133638421868E-17,0.));
#8180=DIRECTION('center_axis',(0.,0.,1.));
#8181=DIRECTION('ref_axis',(1.,0.,0.));
#8182=DIRECTION('',(-1.,-7.7133638421868E-17,0.));
#8183=DIRECTION('',(7.7133638421868E-17,-1.,0.));
#8184=DIRECTION('center_axis',(0.,0.,1.));
#8185=DIRECTION('ref_axis',(-0.999417917815182,-0.0341148875121527,0.));
#8186=DIRECTION('',(1.,7.7133638421868E-17,0.));
#8187=DIRECTION('',(-7.7133638421868E-17,1.,0.));
#8188=DIRECTION('',(-7.7133638421868E-17,1.,0.));
#8189=DIRECTION('center_axis',(0.,0.,1.));
#8190=DIRECTION('ref_axis',(1.,0.,0.));
#8191=DIRECTION('',(-1.03308938620329E-15,-1.,0.));
#8192=DIRECTION('',(1.,7.7133638421868E-17,0.));
#8193=DIRECTION('',(7.7133638421868E-17,-1.,0.));
#8194=DIRECTION('',(1.,7.7133638421868E-17,0.));
#8195=DIRECTION('',(-7.7133638421868E-17,1.,0.));
#8196=DIRECTION('center_axis',(0.,0.,1.));
#8197=DIRECTION('ref_axis',(0.999889117138682,-0.014891387699822,0.));
#8198=DIRECTION('',(-1.,-7.7133638421868E-17,0.));
#8199=DIRECTION('center_axis',(0.,0.,1.));
#8200=DIRECTION('ref_axis',(1.,0.,0.));
#8201=DIRECTION('',(-1.,-7.7133638421868E-17,0.));
#8202=DIRECTION('',(7.7133638421868E-17,-1.,0.));
#8203=DIRECTION('center_axis',(0.,0.,-1.));
#8204=DIRECTION('ref_axis',(-0.0303675150707175,0.9995388006618,0.));
#8205=DIRECTION('',(-1.,-7.7133638421868E-17,0.));
#8206=DIRECTION('',(7.7133638421868E-17,-1.,0.));
#8207=DIRECTION('',(1.,7.7133638421868E-17,0.));
#8208=DIRECTION('',(-7.7133638421868E-17,1.,0.));
#8209=DIRECTION('center_axis',(1.,7.7133638421868E-17,0.));
#8210=DIRECTION('ref_axis',(7.7133638421868E-17,-1.,0.));
#8211=DIRECTION('',(0.,0.,1.));
#8212=DIRECTION('center_axis',(-1.,-7.7133638421868E-17,0.));
#8213=DIRECTION('ref_axis',(0.,0.,-1.));
#8214=DIRECTION('center_axis',(-7.7133638421868E-17,1.,0.));
#8215=DIRECTION('ref_axis',(1.,7.7133638421868E-17,0.));
#8216=DIRECTION('',(0.,0.,-1.));
#8217=DIRECTION('center_axis',(1.,7.7133638421868E-17,0.));
#8218=DIRECTION('ref_axis',(7.7133638421868E-17,-1.,0.));
#8219=DIRECTION('',(0.,0.,-1.));
#8220=DIRECTION('',(0.,0.,1.));
#8221=DIRECTION('center_axis',(-1.,-7.7133638421868E-17,0.));
#8222=DIRECTION('ref_axis',(-7.7133638421868E-17,1.,0.));
#8223=DIRECTION('',(0.,0.,1.));
#8224=DIRECTION('center_axis',(-7.7133638421868E-17,1.,0.));
#8225=DIRECTION('ref_axis',(1.,7.7133638421868E-17,0.));
#8226=DIRECTION('',(0.,0.,-1.));
#8227=DIRECTION('',(0.,0.,1.));
#8228=DIRECTION('center_axis',(-1.,2.14331241082844E-15,0.));
#8229=DIRECTION('ref_axis',(2.14331241082844E-15,1.,0.));
#8230=DIRECTION('',(0.,0.,1.));
#8231=DIRECTION('center_axis',(7.7133638421868E-17,-1.,0.));
#8232=DIRECTION('ref_axis',(-1.,-7.7133638421868E-17,0.));
#8233=DIRECTION('',(0.,0.,-1.));
#8234=DIRECTION('center_axis',(7.7133638421868E-17,-1.,0.));
#8235=DIRECTION('ref_axis',(-1.,-7.7133638421868E-17,0.));
#8236=DIRECTION('',(0.,0.,-1.));
#8237=DIRECTION('center_axis',(-7.7133638421868E-17,1.,0.));
#8238=DIRECTION('ref_axis',(1.,0.,0.));
#8239=DIRECTION('center_axis',(-1.,-7.7133638421868E-17,0.));
#8240=DIRECTION('ref_axis',(-7.7133638421868E-17,1.,0.));
#8241=DIRECTION('',(0.,0.,1.));
#8242=DIRECTION('',(0.,0.,-1.));
#8243=DIRECTION('center_axis',(1.,7.7133638421868E-17,0.));
#8244=DIRECTION('ref_axis',(0.,0.,-1.));
#8245=DIRECTION('center_axis',(-1.,-7.7133638421868E-17,0.));
#8246=DIRECTION('ref_axis',(-7.7133638421868E-17,1.,0.));
#8247=DIRECTION('center_axis',(1.,-1.03308938620329E-15,0.));
#8248=DIRECTION('ref_axis',(-1.03308938620329E-15,-1.,0.));
#8249=DIRECTION('',(0.,0.,1.));
#8250=DIRECTION('center_axis',(-7.7133638421868E-17,1.,0.));
#8251=DIRECTION('ref_axis',(1.,7.7133638421868E-17,0.));
#8252=DIRECTION('',(0.,0.,1.));
#8253=DIRECTION('center_axis',(7.7133638421868E-17,-1.,0.));
#8254=DIRECTION('ref_axis',(1.,0.,0.));
#8255=DIRECTION('center_axis',(1.,7.7133638421868E-17,0.));
#8256=DIRECTION('ref_axis',(7.7133638421868E-17,-1.,0.));
#8257=DIRECTION('',(0.,0.,1.));
#8258=DIRECTION('center_axis',(0.,0.,-1.));
#8259=DIRECTION('ref_axis',(0.999889117138682,-0.014891387699822,0.));
#8260=DIRECTION('center_axis',(-7.7133638421868E-17,1.,0.));
#8261=DIRECTION('ref_axis',(1.,7.7133638421868E-17,0.));
#8262=DIRECTION('',(0.,0.,1.));
#8263=DIRECTION('center_axis',(7.7133638421868E-17,-1.,0.));
#8264=DIRECTION('ref_axis',(-1.,-7.7133638421868E-17,0.));
#8265=DIRECTION('',(0.,0.,1.));
#8266=DIRECTION('center_axis',(-7.7133638421868E-17,1.,0.));
#8267=DIRECTION('ref_axis',(1.,0.,0.));
#8268=DIRECTION('center_axis',(7.7133638421868E-17,-1.,0.));
#8269=DIRECTION('ref_axis',(-1.,-7.7133638421868E-17,0.));
#8270=DIRECTION('center_axis',(0.,0.,-1.));
#8271=DIRECTION('ref_axis',(-0.0303675150707175,0.9995388006618,0.));
#8272=DIRECTION('center_axis',(7.7133638421868E-17,-1.,0.));
#8273=DIRECTION('ref_axis',(-1.,-7.7133638421868E-17,0.));
#8274=DIRECTION('center_axis',(0.,0.,-1.));
#8275=DIRECTION('ref_axis',(-0.999417917815182,-0.0341148875121527,0.));
#8276=DIRECTION('',(0.,0.,1.));
#8277=DIRECTION('center_axis',(-1.,-7.7133638421868E-17,0.));
#8278=DIRECTION('ref_axis',(-7.7133638421868E-17,1.,0.));
#8279=DIRECTION('',(0.,0.,-1.));
#8280=DIRECTION('center_axis',(7.7133638421868E-17,-1.,0.));
#8281=DIRECTION('ref_axis',(-1.,-7.7133638421868E-17,0.));
#8282=DIRECTION('',(0.,0.,1.));
#8283=DIRECTION('center_axis',(1.,7.7133638421868E-17,0.));
#8284=DIRECTION('ref_axis',(7.7133638421868E-17,-1.,0.));
#8285=DIRECTION('',(0.,0.,1.));
#8286=DIRECTION('',(0.,0.,-1.));
#8287=DIRECTION('center_axis',(-1.,-7.7133638421868E-17,0.));
#8288=DIRECTION('ref_axis',(0.,0.,1.));
#8289=DIRECTION('center_axis',(1.,7.7133638421868E-17,0.));
#8290=DIRECTION('ref_axis',(7.7133638421868E-17,-1.,0.));
#8291=DIRECTION('center_axis',(0.,0.,-1.));
#8292=DIRECTION('ref_axis',(-0.0141267475633293,-0.999900212522871,0.));
#8293=DIRECTION('center_axis',(-7.7133638421868E-17,1.,0.));
#8294=DIRECTION('ref_axis',(1.,7.7133638421868E-17,0.));
#8295=DIRECTION('center_axis',(0.,0.,1.));
#8296=DIRECTION('ref_axis',(0.827545224510859,0.561399057168136,0.));
#8297=DIRECTION('',(-0.142811610698901,-0.124960159361538,0.98182982355494));
#8298=DIRECTION('',(-0.434593850455568,-0.165531968817965,0.885283769446527));
#8299=DIRECTION('center_axis',(0.,-0.991997911723619,-0.126254279673915));
#8300=DIRECTION('ref_axis',(0.,0.126254279673915,-0.991997911723619));
#8301=DIRECTION('',(-1.,0.,0.));
#8302=DIRECTION('',(0.1428116106989,-0.124960159361538,0.98182982355494));
#8303=DIRECTION('',(0.43459037617684,-0.165578933323376,0.885276692212082));
#8304=DIRECTION('center_axis',(0.89766761056177,0.,-0.440673190639414));
#8305=DIRECTION('ref_axis',(-0.440673190639414,0.,-0.89766761056177));
#8306=DIRECTION('',(0.,-1.,0.));
#8307=DIRECTION('',(0.440068519524123,0.0523681538233707,0.896435873104696));
#8308=DIRECTION('',(0.240097374468817,0.122561191663511,0.962980791641869));
#8309=DIRECTION('center_axis',(0.,0.991997911723619,-0.126254279673915));
#8310=DIRECTION('ref_axis',(0.,0.126254279673915,0.991997911723619));
#8311=DIRECTION('',(-0.240097374468817,0.122561191663511,0.962980791641869));
#8312=DIRECTION('',(-0.44006739215433,0.0524169160432713,0.896433576610671));
#8313=DIRECTION('center_axis',(-0.89766761056177,0.,-0.440673190639415));
#8314=DIRECTION('ref_axis',(-0.440673190639415,0.,0.89766761056177));
#8315=DIRECTION('',(0.,1.,0.));
#8316=DIRECTION('center_axis',(0.,0.,1.));
#8317=DIRECTION('ref_axis',(1.,0.,0.));
#8318=DIRECTION('center_axis',(0.,0.,-1.));
#8319=DIRECTION('ref_axis',(-0.813327310813838,-0.581806398627868,0.));
#8320=DIRECTION('',(1.,0.,0.));
#8321=DIRECTION('center_axis',(0.,0.,-1.));
#8322=DIRECTION('ref_axis',(-1.,0.,0.));
#8323=DIRECTION('',(1.,7.7133638421868E-17,0.));
#8324=DIRECTION('',(7.7133638421868E-17,-1.,0.));
#8325=DIRECTION('center_axis',(0.,0.,1.));
#8326=DIRECTION('ref_axis',(0.0303617602942425,0.999538975484115,0.));
#8327=DIRECTION('',(1.,7.7133638421868E-17,0.));
#8328=DIRECTION('',(7.7133638421868E-17,-1.,0.));
#8329=DIRECTION('',(-1.,-7.7133638421868E-17,0.));
#8330=DIRECTION('center_axis',(0.,0.,-1.));
#8331=DIRECTION('ref_axis',(-0.0341148875121504,-0.999417917815182,0.));
#8332=DIRECTION('',(-7.7133638421868E-17,1.,0.));
#8333=DIRECTION('center_axis',(0.,0.,-1.));
#8334=DIRECTION('ref_axis',(-0.999887374308959,-0.0150079544754067,0.));
#8335=DIRECTION('center_axis',(0.,0.,1.));
#8336=DIRECTION('ref_axis',(-0.999887374308959,-0.0150079544754067,0.));
#8337=DIRECTION('',(0.,0.,-1.));
#8338=DIRECTION('center_axis',(0.,0.,-1.));
#8339=DIRECTION('ref_axis',(-0.999887374308959,-0.0150079544754067,0.));
#8340=DIRECTION('',(0.,0.,-1.));
#8341=DIRECTION('center_axis',(-7.7133638421868E-17,1.,0.));
#8342=DIRECTION('ref_axis',(1.,7.7133638421868E-17,0.));
#8343=DIRECTION('',(0.,0.,-1.));
#8344=DIRECTION('',(1.,7.7133638421868E-17,0.));
#8345=DIRECTION('',(-1.,-7.7133638421868E-17,0.));
#8346=DIRECTION('center_axis',(0.,0.,-1.));
#8347=DIRECTION('ref_axis',(-0.00398685603516102,0.999992052457896,0.));
#8348=DIRECTION('center_axis',(0.,0.,1.));
#8349=DIRECTION('ref_axis',(-0.00398685603516102,0.999992052457896,0.));
#8350=DIRECTION('',(0.,0.,-1.));
#8351=DIRECTION('center_axis',(0.,0.,-1.));
#8352=DIRECTION('ref_axis',(-0.00398685603516102,0.999992052457896,0.));
#8353=DIRECTION('',(0.,0.,-1.));
#8354=DIRECTION('center_axis',(1.,-5.35403202750632E-16,0.));
#8355=DIRECTION('ref_axis',(-5.35403202750632E-16,-1.,0.));
#8356=DIRECTION('',(0.,0.,-1.));
#8357=DIRECTION('',(-5.35403202750632E-16,-1.,0.));
#8358=DIRECTION('',(5.35403202750632E-16,1.,0.));
#8359=DIRECTION('center_axis',(0.,0.,-1.));
#8360=DIRECTION('ref_axis',(0.999423084243092,-0.0339631959925078,0.));
#8361=DIRECTION('center_axis',(0.,0.,1.));
#8362=DIRECTION('ref_axis',(0.999423084243092,-0.0339631959925078,0.));
#8363=DIRECTION('',(0.,0.,-1.));
#8364=DIRECTION('center_axis',(0.,0.,-1.));
#8365=DIRECTION('ref_axis',(0.999423084243092,-0.0339631959925078,0.));
#8366=DIRECTION('',(0.,0.,-1.));
#8367=DIRECTION('center_axis',(7.7133638421868E-17,-1.,0.));
#8368=DIRECTION('ref_axis',(-1.,-7.7133638421868E-17,0.));
#8369=DIRECTION('',(0.,0.,-1.));
#8370=DIRECTION('',(-1.,-7.7133638421868E-17,0.));
#8371=DIRECTION('',(1.,7.7133638421868E-17,0.));
#8372=DIRECTION('center_axis',(0.,0.,-1.));
#8373=DIRECTION('ref_axis',(-0.0341148875121504,-0.999417917815182,0.));
#8374=DIRECTION('center_axis',(0.,0.,1.));
#8375=DIRECTION('ref_axis',(-0.0341148875121504,-0.999417917815182,0.));
#8376=DIRECTION('',(0.,0.,-1.));
#8377=DIRECTION('',(0.,0.,-1.));
#8378=DIRECTION('center_axis',(-1.,-7.7133638421868E-17,0.));
#8379=DIRECTION('ref_axis',(-7.7133638421868E-17,1.,0.));
#8380=DIRECTION('',(0.,0.,-1.));
#8381=DIRECTION('',(7.7133638421868E-17,-1.,0.));
#8382=DIRECTION('center_axis',(0.,0.,-1.));
#8383=DIRECTION('ref_axis',(0.0303617602942425,0.999538975484115,0.));
#8384=DIRECTION('center_axis',(0.,0.,-1.));
#8385=DIRECTION('ref_axis',(0.0303617602942425,0.999538975484115,0.));
#8386=DIRECTION('',(0.,0.,-1.));
#8387=DIRECTION('',(0.,0.,-1.));
#8388=DIRECTION('center_axis',(-7.7133638421868E-17,1.,0.));
#8389=DIRECTION('ref_axis',(1.,7.7133638421868E-17,0.));
#8390=DIRECTION('',(0.,0.,1.));
#8391=DIRECTION('',(-1.,-7.7133638421868E-17,0.));
#8392=DIRECTION('',(0.,0.,-1.));
#8393=DIRECTION('',(1.,7.7133638421868E-17,0.));
#8394=DIRECTION('center_axis',(0.,0.,-1.));
#8395=DIRECTION('ref_axis',(-0.999544730260591,0.0301717120542059,0.));
#8396=DIRECTION('center_axis',(0.,0.,-1.));
#8397=DIRECTION('ref_axis',(-0.999544730260591,0.0301717120542059,0.));
#8398=DIRECTION('',(0.,0.,-1.));
#8399=DIRECTION('center_axis',(0.,0.,1.));
#8400=DIRECTION('ref_axis',(-0.999544730260591,0.0301717120542059,0.));
#8401=DIRECTION('center_axis',(-1.,5.35403202750632E-16,0.));
#8402=DIRECTION('ref_axis',(5.35403202750632E-16,1.,0.));
#8403=DIRECTION('',(0.,0.,1.));
#8404=DIRECTION('',(-5.35403202750632E-16,-1.,0.));
#8405=DIRECTION('',(0.,0.,-1.));
#8406=DIRECTION('',(5.35403202750632E-16,1.,0.));
#8407=DIRECTION('center_axis',(0.,0.,-1.));
#8408=DIRECTION('ref_axis',(0.0141230350444625,-0.999900264967028,0.));
#8409=DIRECTION('center_axis',(0.,0.,-1.));
#8410=DIRECTION('ref_axis',(0.0141230350444625,-0.999900264967028,0.));
#8411=DIRECTION('',(0.,0.,-1.));
#8412=DIRECTION('center_axis',(0.,0.,1.));
#8413=DIRECTION('ref_axis',(0.0141230350444625,-0.999900264967028,0.));
#8414=DIRECTION('center_axis',(7.7133638421868E-17,-1.,0.));
#8415=DIRECTION('ref_axis',(-1.,-7.7133638421868E-17,0.));
#8416=DIRECTION('',(0.,0.,1.));
#8417=DIRECTION('',(1.,7.7133638421868E-17,0.));
#8418=DIRECTION('',(0.,0.,-1.));
#8419=DIRECTION('',(-1.,-7.7133638421868E-17,0.));
#8420=DIRECTION('center_axis',(0.,0.,-1.));
#8421=DIRECTION('ref_axis',(0.999634720326579,0.0270263929817148,0.));
#8422=DIRECTION('center_axis',(0.,0.,-1.));
#8423=DIRECTION('ref_axis',(0.999634720326579,0.0270263929817148,0.));
#8424=DIRECTION('',(0.,0.,-1.));
#8425=DIRECTION('center_axis',(0.,0.,1.));
#8426=DIRECTION('ref_axis',(0.999634720326579,0.0270263929817148,0.));
#8427=DIRECTION('center_axis',(1.,7.7133638421868E-17,0.));
#8428=DIRECTION('ref_axis',(7.7133638421868E-17,-1.,0.));
#8429=DIRECTION('',(0.,0.,1.));
#8430=DIRECTION('',(-7.7133638421868E-17,1.,0.));
#8431=DIRECTION('center_axis',(1.,-5.35403202750632E-16,0.));
#8432=DIRECTION('ref_axis',(-5.35403202750632E-16,-1.,0.));
#8433=DIRECTION('',(0.,0.,1.));
#8434=DIRECTION('',(5.35403202750632E-16,1.,0.));
#8435=DIRECTION('',(-5.35403202750632E-16,-1.,0.));
#8436=DIRECTION('center_axis',(-1.,5.35403202750632E-16,0.));
#8437=DIRECTION('ref_axis',(0.,0.,-1.));
#8438=DIRECTION('center_axis',(0.,0.,-1.));
#8439=DIRECTION('ref_axis',(-1.,0.,0.));
#8440=DIRECTION('',(-7.7133638421868E-17,1.,0.));
#8441=DIRECTION('',(5.35403202750632E-16,1.,0.));
#8442=DIRECTION('',(1.,7.7133638421868E-17,0.));
#8443=DIRECTION('center_axis',(0.,0.,-1.));
#8444=DIRECTION('ref_axis',(-1.,0.,0.));
#8445=DIRECTION('',(-1.,-7.7133638421868E-17,0.));
#8446=DIRECTION('',(-7.7133638421868E-17,1.,0.));
#8447=DIRECTION('',(7.7133638421868E-17,-1.,0.));
#8448=DIRECTION('',(7.7133638421868E-17,-1.,0.));
#8449=DIRECTION('center_axis',(0.,0.,-1.));
#8450=DIRECTION('ref_axis',(-1.,0.,0.));
#8451=DIRECTION('',(-7.7133638421868E-17,1.,0.));
#8452=DIRECTION('',(1.,7.7133638421868E-17,0.));
#8453=DIRECTION('',(-1.,-7.7133638421868E-17,0.));
#8454=DIRECTION('',(-1.,-7.7133638421868E-17,0.));
#8455=DIRECTION('center_axis',(-1.,5.35403202750632E-16,0.));
#8456=DIRECTION('ref_axis',(5.35403202750632E-16,1.,0.));
#8457=DIRECTION('',(0.,0.,-1.));
#8458=DIRECTION('',(-5.35403202750632E-16,-1.,0.));
#8459=DIRECTION('center_axis',(1.,-5.35403202750632E-16,0.));
#8460=DIRECTION('ref_axis',(0.,0.,-1.));
#8461=DIRECTION('center_axis',(0.,0.,1.));
#8462=DIRECTION('ref_axis',(1.,0.,0.));
#8463=DIRECTION('',(-1.,0.,0.));
#8464=DIRECTION('center_axis',(0.,0.,1.));
#8465=DIRECTION('ref_axis',(0.000253517423619262,0.999999967864457,0.));
#8466=DIRECTION('',(0.,-1.,0.));
#8467=DIRECTION('center_axis',(0.,0.,1.));
#8468=DIRECTION('ref_axis',(-0.0478077055929998,-0.998856557913063,0.));
#8469=DIRECTION('',(1.,7.7133638421868E-17,0.));
#8470=DIRECTION('center_axis',(0.,0.,1.));
#8471=DIRECTION('ref_axis',(0.998854757648788,-0.0478453040786689,0.));
#8472=DIRECTION('',(0.,1.,0.));
#8473=DIRECTION('center_axis',(0.,0.,1.));
#8474=DIRECTION('ref_axis',(-0.0002534777142191,0.999999967874524,0.));
#8475=DIRECTION('',(-7.7133638421868E-17,1.,0.));
#8476=DIRECTION('',(7.7133638421868E-17,-1.,0.));
#8477=DIRECTION('',(7.7133638421868E-17,-1.,0.));
#8478=DIRECTION('',(-1.,-7.7133638421868E-17,0.));
#8479=DIRECTION('',(1.,7.7133638421868E-17,0.));
#8480=DIRECTION('',(1.,7.7133638421868E-17,0.));
#8481=DIRECTION('',(7.7133638421868E-17,-1.,0.));
#8482=DIRECTION('',(-1.,-7.7133638421868E-17,0.));
#8483=DIRECTION('',(1.,7.7133638421868E-17,0.));
#8484=DIRECTION('',(-1.,-7.7133638421868E-17,0.));
#8485=DIRECTION('',(-1.,-7.7133638421868E-17,0.));
#8486=DIRECTION('',(-7.7133638421868E-17,1.,0.));
#8487=DIRECTION('',(-7.7133638421868E-17,1.,0.));
#8488=DIRECTION('',(1.,7.7133638421868E-17,0.));
#8489=DIRECTION('center_axis',(-7.7133638421868E-17,1.,0.));
#8490=DIRECTION('ref_axis',(1.,7.7133638421868E-17,0.));
#8491=DIRECTION('',(0.,0.,1.));
#8492=DIRECTION('center_axis',(7.7133638421868E-17,-1.,0.));
#8493=DIRECTION('ref_axis',(1.,0.,0.));
#8494=DIRECTION('center_axis',(7.7133638421868E-17,-1.,0.));
#8495=DIRECTION('ref_axis',(-1.,-7.7133638421868E-17,0.));
#8496=DIRECTION('',(0.,0.,-1.));
#8497=DIRECTION('center_axis',(-7.7133638421868E-17,1.,0.));
#8498=DIRECTION('ref_axis',(1.,0.,0.));
#8499=DIRECTION('center_axis',(7.7133638421868E-17,-1.,0.));
#8500=DIRECTION('ref_axis',(-1.,-7.7133638421868E-17,0.));
#8501=DIRECTION('',(0.,0.,1.));
#8502=DIRECTION('center_axis',(-7.7133638421868E-17,1.,0.));
#8503=DIRECTION('ref_axis',(1.,0.,0.));
#8504=DIRECTION('center_axis',(-7.7133638421868E-17,1.,0.));
#8505=DIRECTION('ref_axis',(1.,7.7133638421868E-17,0.));
#8506=DIRECTION('',(0.,0.,-1.));
#8507=DIRECTION('center_axis',(7.7133638421868E-17,-1.,0.));
#8508=DIRECTION('ref_axis',(1.,0.,0.));
#8509=DIRECTION('center_axis',(-1.,-7.7133638421868E-17,0.));
#8510=DIRECTION('ref_axis',(-7.7133638421868E-17,1.,0.));
#8511=DIRECTION('',(0.,0.,1.));
#8512=DIRECTION('center_axis',(1.,7.7133638421868E-17,0.));
#8513=DIRECTION('ref_axis',(0.,0.,1.));
#8514=DIRECTION('center_axis',(1.,7.7133638421868E-17,0.));
#8515=DIRECTION('ref_axis',(7.7133638421868E-17,-1.,0.));
#8516=DIRECTION('',(0.,0.,-1.));
#8517=DIRECTION('center_axis',(-1.,-7.7133638421868E-17,0.));
#8518=DIRECTION('ref_axis',(0.,0.,1.));
#8519=DIRECTION('center_axis',(-7.7133638421868E-17,1.,0.));
#8520=DIRECTION('ref_axis',(-1.,-7.7133638421868E-17,0.));
#8521=DIRECTION('center_axis',(7.7133638421868E-17,-1.,0.));
#8522=DIRECTION('ref_axis',(1.,7.7133638421868E-17,0.));
#8523=DIRECTION('center_axis',(-1.,-7.7133638421868E-17,0.));
#8524=DIRECTION('ref_axis',(7.7133638421868E-17,-1.,0.));
#8525=DIRECTION('center_axis',(1.,7.7133638421868E-17,0.));
#8526=DIRECTION('ref_axis',(-7.7133638421868E-17,1.,0.));
#8527=DIRECTION('center_axis',(1.,7.7133638421868E-17,0.));
#8528=DIRECTION('ref_axis',(-7.7133638421868E-17,1.,0.));
#8529=DIRECTION('center_axis',(-1.,-7.7133638421868E-17,0.));
#8530=DIRECTION('ref_axis',(7.7133638421868E-17,-1.,0.));
#8531=DIRECTION('center_axis',(7.7133638421868E-17,-1.,0.));
#8532=DIRECTION('ref_axis',(1.,7.7133638421868E-17,0.));
#8533=DIRECTION('center_axis',(-7.7133638421868E-17,1.,0.));
#8534=DIRECTION('ref_axis',(-1.,-7.7133638421868E-17,0.));
#8535=DIRECTION('center_axis',(0.,0.,1.));
#8536=DIRECTION('ref_axis',(0.000253517423619262,0.999999967864457,0.));
#8537=DIRECTION('',(0.,0.,1.));
#8538=DIRECTION('center_axis',(0.,0.,1.));
#8539=DIRECTION('ref_axis',(0.000253517423619262,0.999999967864457,0.));
#8540=DIRECTION('',(0.,0.,1.));
#8541=DIRECTION('center_axis',(-1.,0.,0.));
#8542=DIRECTION('ref_axis',(0.,-1.,0.));
#8543=DIRECTION('',(0.,-1.,0.));
#8544=DIRECTION('',(0.,0.,1.));
#8545=DIRECTION('center_axis',(0.,0.,1.));
#8546=DIRECTION('ref_axis',(-0.0478077055929998,-0.998856557913063,0.));
#8547=DIRECTION('center_axis',(0.,0.,1.));
#8548=DIRECTION('ref_axis',(-0.0478077055929998,-0.998856557913063,0.));
#8549=DIRECTION('',(0.,0.,1.));
#8550=DIRECTION('center_axis',(7.7133638421868E-17,-1.,0.));
#8551=DIRECTION('ref_axis',(1.,7.7133638421868E-17,0.));
#8552=DIRECTION('',(1.,7.7133638421868E-17,0.));
#8553=DIRECTION('',(0.,0.,1.));
#8554=DIRECTION('center_axis',(0.,0.,1.));
#8555=DIRECTION('ref_axis',(0.998854757648788,-0.0478453040786689,0.));
#8556=DIRECTION('center_axis',(0.,0.,1.));
#8557=DIRECTION('ref_axis',(0.998854757648788,-0.0478453040786689,0.));
#8558=DIRECTION('',(0.,0.,1.));
#8559=DIRECTION('center_axis',(1.,0.,0.));
#8560=DIRECTION('ref_axis',(0.,1.,0.));
#8561=DIRECTION('',(0.,1.,0.));
#8562=DIRECTION('',(0.,0.,1.));
#8563=DIRECTION('center_axis',(0.,0.,1.));
#8564=DIRECTION('ref_axis',(-0.0002534777142191,0.999999967874524,0.));
#8565=DIRECTION('center_axis',(0.,0.,1.));
#8566=DIRECTION('ref_axis',(-0.0002534777142191,0.999999967874524,0.));
#8567=DIRECTION('',(0.,0.,1.));
#8568=DIRECTION('center_axis',(0.,1.,0.));
#8569=DIRECTION('ref_axis',(-1.,0.,0.));
#8570=DIRECTION('',(-1.,0.,0.));
#8571=DIRECTION('center_axis',(1.,0.,1.72684608840783E-16));
#8572=DIRECTION('ref_axis',(1.72684608840783E-16,0.,-1.));
#8573=DIRECTION('',(-1.72684608840783E-16,0.,1.));
#8574=DIRECTION('',(0.,-1.,0.));
#8575=DIRECTION('',(0.,-1.,0.));
#8576=DIRECTION('',(0.,-1.,0.));
#8577=DIRECTION('',(1.72684608840783E-16,0.,-1.));
#8578=DIRECTION('',(0.,-1.,0.));
#8579=DIRECTION('center_axis',(-1.,0.,7.40148683083438E-17));
#8580=DIRECTION('ref_axis',(7.40148683083438E-17,0.,1.));
#8581=DIRECTION('',(7.40148683083438E-17,0.,1.));
#8582=DIRECTION('',(0.,1.,0.));
#8583=DIRECTION('',(0.,1.,0.));
#8584=DIRECTION('',(0.,1.,0.));
#8585=DIRECTION('',(-7.40148683083438E-17,0.,-1.));
#8586=DIRECTION('',(0.,1.,0.));
#8587=DIRECTION('center_axis',(0.,-1.,0.));
#8588=DIRECTION('ref_axis',(-1.,0.,0.));
#8589=DIRECTION('',(0.,0.,-1.));
#8590=DIRECTION('',(-1.,0.,0.));
#8591=DIRECTION('',(0.,0.,-1.));
#8592=DIRECTION('center_axis',(0.,0.,-1.));
#8593=DIRECTION('ref_axis',(-0.99884573786936,-0.0480332378693601,0.));
#8594=DIRECTION('center_axis',(0.,0.,-1.));
#8595=DIRECTION('ref_axis',(-0.99884573786936,-0.0480332378693601,0.));
#8596=DIRECTION('',(0.,0.,-1.));
#8597=DIRECTION('center_axis',(-1.,0.,0.));
#8598=DIRECTION('ref_axis',(0.,1.,0.));
#8599=DIRECTION('',(0.,1.,0.));
#8600=DIRECTION('',(0.,0.,-1.));
#8601=DIRECTION('center_axis',(0.,0.,-1.));
#8602=DIRECTION('ref_axis',(8.5095610013817E-5,0.999999996379369,0.));
#8603=DIRECTION('center_axis',(0.,0.,-1.));
#8604=DIRECTION('ref_axis',(8.5095610013817E-5,0.999999996379369,0.));
#8605=DIRECTION('',(0.,0.,-1.));
#8606=DIRECTION('center_axis',(-8.07434927000114E-16,1.,0.));
#8607=DIRECTION('ref_axis',(1.,8.07434927000114E-16,0.));
#8608=DIRECTION('',(1.,8.07434927000114E-16,0.));
#8609=DIRECTION('',(0.,0.,-1.));
#8610=DIRECTION('center_axis',(0.,0.,-1.));
#8611=DIRECTION('ref_axis',(1.,1.99269736984262E-16,0.));
#8612=DIRECTION('center_axis',(0.,0.,-1.));
#8613=DIRECTION('ref_axis',(1.,1.99269736984262E-16,0.));
#8614=DIRECTION('',(0.,0.,-1.));
#8615=DIRECTION('center_axis',(1.,0.,0.));
#8616=DIRECTION('ref_axis',(0.,-1.,0.));
#8617=DIRECTION('',(0.,-1.,0.));
#8618=DIRECTION('',(0.,0.,-1.));
#8619=DIRECTION('center_axis',(0.,0.,-1.));
#8620=DIRECTION('ref_axis',(0.0480422576487877,-0.998845304078668,0.));
#8621=DIRECTION('center_axis',(0.,0.,-1.));
#8622=DIRECTION('ref_axis',(0.0480422576487877,-0.998845304078668,0.));
#8623=DIRECTION('',(0.49720476477344,-0.0515809846293996,-0.866098622508574));
#8624=DIRECTION('center_axis',(0.,0.,-1.));
#8625=DIRECTION('ref_axis',(0.00964832498238088,0.999953453829244,0.));
#8626=DIRECTION('',(0.241470729643902,-0.19369780690461,-0.950880142986268));
#8627=DIRECTION('center_axis',(-2.13557979058566E-17,0.979876548708017,
-0.199604482144226));
#8628=DIRECTION('ref_axis',(0.,0.199604482144226,0.979876548708017));
#8629=DIRECTION('',(-0.241470729643902,-0.19369780690461,-0.950880142986268));
#8630=DIRECTION('',(-0.497205998215515,-0.051532995879563,-0.866100771085091));
#8631=DIRECTION('center_axis',(0.867253096834808,3.29792048959077E-16,-0.497867518553315));
#8632=DIRECTION('ref_axis',(-0.497867518553315,0.,-0.867253096834808));
#8633=DIRECTION('',(0.,1.,0.));
#8634=DIRECTION('',(-0.491208897768265,0.163002126817488,-0.855654209015687));
#8635=DIRECTION('center_axis',(0.,0.,1.));
#8636=DIRECTION('ref_axis',(0.00485450736797645,0.999988216809685,0.));
#8637=DIRECTION('',(-0.143661072349058,0.197533974479949,-0.969712238356139));
#8638=DIRECTION('center_axis',(0.,-0.979876548708017,-0.199604482144225));
#8639=DIRECTION('ref_axis',(0.,0.199604482144225,-0.979876548708017));
#8640=DIRECTION('',(0.143661072349057,0.197533974479954,-0.969712238356138));
#8641=DIRECTION('center_axis',(0.,0.,1.));
#8642=DIRECTION('ref_axis',(0.810493343774471,0.58574784651527,0.));
#8643=DIRECTION('',(0.491212703402083,0.162955852960872,-0.855660838184273));
#8644=DIRECTION('center_axis',(-0.867253096834808,-1.70705589911032E-16,
-0.497867518553315));
#8645=DIRECTION('ref_axis',(-0.497867518553315,0.,0.867253096834808));
#8646=DIRECTION('',(0.,-1.,0.));
#8647=DIRECTION('center_axis',(0.,0.,1.));
#8648=DIRECTION('ref_axis',(1.,0.,0.));
#8649=DIRECTION('',(-1.,0.,0.));
#8650=DIRECTION('',(1.,0.,0.));
#8651=DIRECTION('',(-1.,0.,0.));
#8652=DIRECTION('',(-1.,0.,0.));
#8653=DIRECTION('',(-1.,0.,0.));
#8654=DIRECTION('',(-1.,0.,0.));
#8655=DIRECTION('center_axis',(0.,0.,1.));
#8656=DIRECTION('ref_axis',(1.,0.,0.));
#8657=DIRECTION('center_axis',(0.,0.,1.));
#8658=DIRECTION('ref_axis',(-0.81332731081384,-0.581806398627866,0.));
#8659=DIRECTION('center_axis',(0.,0.,1.));
#8660=DIRECTION('ref_axis',(1.,0.,0.));
#8661=DIRECTION('center_axis',(0.,0.,1.));
#8662=DIRECTION('ref_axis',(1.,0.,0.));
#8663=DIRECTION('',(0.,1.,0.));
#8664=DIRECTION('center_axis',(0.,0.,1.));
#8665=DIRECTION('ref_axis',(0.00964832498238061,0.999953453829244,0.));
#8666=DIRECTION('',(-0.143726920819187,-0.197532066010612,-0.969702869506641));
#8667=DIRECTION('',(-0.491212703402083,-0.162955852960871,-0.855660838184273));
#8668=DIRECTION('center_axis',(-7.25254337110583E-17,0.979876548708017,
-0.199604482144226));
#8669=DIRECTION('ref_axis',(0.,0.199604482144226,0.979876548708017));
#8670=DIRECTION('',(0.143661072349058,-0.197533974479954,-0.969712238356138));
#8671=DIRECTION('',(0.491167687850607,-0.162960601937651,-0.855685774468413));
#8672=DIRECTION('center_axis',(-0.867279060432238,0.,-0.497822288910184));
#8673=DIRECTION('ref_axis',(-0.497822288910184,0.,0.867279060432238));
#8674=DIRECTION('',(0.,-1.,0.));
#8675=DIRECTION('',(0.497159555738845,0.0515825247387615,-0.866124482553824));
#8676=DIRECTION('',(0.241470729643902,0.19369780690461,-0.950880142986268));
#8677=DIRECTION('center_axis',(5.11944237960412E-17,-0.979876548708017,
-0.199604482144226));
#8678=DIRECTION('ref_axis',(0.,0.199604482144226,-0.979876548708017));
#8679=DIRECTION('',(-0.241470729643902,0.19369780690461,-0.950880142986268));
#8680=DIRECTION('',(-0.497204764773441,0.0515809846293998,-0.866098622508574));
#8681=DIRECTION('center_axis',(0.867253096834807,0.,-0.497867518553316));
#8682=DIRECTION('ref_axis',(-0.497867518553316,0.,-0.867253096834807));
#8683=DIRECTION('',(0.,1.,0.));
#8684=DIRECTION('center_axis',(0.,1.,0.));
#8685=DIRECTION('ref_axis',(-0.999483244207077,0.,0.03214412153561));
#8686=DIRECTION('',(0.,1.,0.));
#8687=DIRECTION('',(0.,1.,0.));
#8688=DIRECTION('center_axis',(0.,-1.,0.));
#8689=DIRECTION('ref_axis',(-0.999483244207077,0.,0.03214412153561));
#8690=DIRECTION('center_axis',(0.,1.,0.));
#8691=DIRECTION('ref_axis',(0.,0.,1.));
#8692=DIRECTION('',(0.579596171033063,0.,0.814903846182979));
#8693=DIRECTION('',(-1.,0.,0.));
#8694=DIRECTION('center_axis',(-0.814903846182979,0.,0.579596171033063));
#8695=DIRECTION('ref_axis',(-0.579596171033063,0.,-0.814903846182979));
#8696=DIRECTION('',(0.,-1.,0.));
#8697=DIRECTION('center_axis',(0.,-1.,0.));
#8698=DIRECTION('ref_axis',(1.,0.,0.));
#8699=DIRECTION('',(0.,-1.,0.));
#8700=DIRECTION('center_axis',(1.,8.32667268468867E-17,0.));
#8701=DIRECTION('ref_axis',(0.,0.,1.));
#8702=DIRECTION('',(1.,8.32667268468867E-17,0.));
#8703=DIRECTION('center_axis',(0.,1.,0.));
#8704=DIRECTION('ref_axis',(1.,0.,0.));
#8705=DIRECTION('',(0.,1.,0.));
#8706=DIRECTION('center_axis',(-1.,5.55111512312578E-16,0.));
#8707=DIRECTION('ref_axis',(0.,0.,-1.));
#8708=DIRECTION('',(-1.,5.55111512312578E-16,0.));
#8709=DIRECTION('center_axis',(0.,-1.,0.));
#8710=DIRECTION('ref_axis',(1.,0.,0.));
#8711=DIRECTION('',(0.,-1.,0.));
#8712=DIRECTION('center_axis',(-1.,-1.38777878078145E-16,0.));
#8713=DIRECTION('ref_axis',(0.,0.,-1.));
#8714=DIRECTION('',(-1.,-1.38777878078145E-16,0.));
#8715=DIRECTION('center_axis',(0.,1.,0.));
#8716=DIRECTION('ref_axis',(1.,0.,0.));
#8717=DIRECTION('',(0.,1.,0.));
#8718=DIRECTION('center_axis',(1.,6.93889390390723E-17,0.));
#8719=DIRECTION('ref_axis',(0.,0.,1.));
#8720=DIRECTION('',(1.,6.93889390390723E-17,0.));
#8721=DIRECTION('center_axis',(0.,1.,0.));
#8722=DIRECTION('ref_axis',(0.,0.,1.));
#8723=DIRECTION('center_axis',(0.,1.,0.));
#8724=DIRECTION('ref_axis',(-0.5,0.,0.866025403784439));
#8725=DIRECTION('center_axis',(0.,-1.,0.));
#8726=DIRECTION('ref_axis',(0.500000000000001,0.,-0.866025403784438));
#8727=DIRECTION('center_axis',(0.,1.,-6.72862439166762E-18));
#8728=DIRECTION('ref_axis',(-0.500000000000001,0.,0.866025403784438));
#8729=DIRECTION('',(0.,1.,0.));
#8730=DIRECTION('center_axis',(0.,1.,0.));
#8731=DIRECTION('ref_axis',(-0.500000000000001,0.,0.866025403784438));
#8732=DIRECTION('',(0.,-1.,0.));
#8733=DIRECTION('center_axis',(-7.0950698900969E-16,0.,1.));
#8734=DIRECTION('ref_axis',(-1.,0.,-7.0950698900969E-16));
#8735=DIRECTION('',(1.,0.,7.0950698900969E-16));
#8736=DIRECTION('',(1.,0.,7.0950698900969E-16));
#8737=DIRECTION('',(0.,1.,0.));
#8738=DIRECTION('center_axis',(0.,1.,0.));
#8739=DIRECTION('ref_axis',(0.,0.,1.));
#8740=DIRECTION('',(1.,0.,-2.39456035162362E-15));
#8741=DIRECTION('',(0.,0.,-1.));
#8742=DIRECTION('center_axis',(0.,1.,0.));
#8743=DIRECTION('ref_axis',(-0.5,0.,0.866025403784439));
#8744=DIRECTION('center_axis',(0.,-1.,0.));
#8745=DIRECTION('ref_axis',(-0.5,0.,0.866025403784439));
#8746=DIRECTION('',(0.,1.,0.));
#8747=DIRECTION('center_axis',(0.,1.,0.));
#8748=DIRECTION('ref_axis',(-0.5,0.,0.866025403784439));
#8749=DIRECTION('',(0.,1.,0.));
#8750=DIRECTION('center_axis',(0.,-1.,0.));
#8751=DIRECTION('ref_axis',(-0.5,0.,0.866025403784439));
#8752=DIRECTION('center_axis',(2.39456035162362E-15,0.,1.));
#8753=DIRECTION('ref_axis',(-1.,0.,2.39456035162362E-15));
#8754=DIRECTION('',(-1.,0.,2.39456035162362E-15));
#8755=DIRECTION('',(0.,-1.,0.));
#8756=DIRECTION('center_axis',(0.,-1.,0.));
#8757=DIRECTION('ref_axis',(-0.500000000000003,0.,0.866025403784437));
#8758=DIRECTION('',(0.,1.,0.));
#8759=DIRECTION('center_axis',(0.,-1.,6.72862439166762E-18));
#8760=DIRECTION('ref_axis',(-0.500000000000003,5.82715965570776E-18,0.866025403784437));
#8761=DIRECTION('',(0.,-1.,0.));
#8762=DIRECTION('center_axis',(0.,0.,1.));
#8763=DIRECTION('ref_axis',(-1.,0.,0.));
#8764=DIRECTION('',(0.,-1.,0.));
#8765=DIRECTION('',(-1.,0.,0.));
#8766=DIRECTION('',(0.,1.,0.));
#8767=DIRECTION('center_axis',(0.,0.,1.));
#8768=DIRECTION('ref_axis',(1.,0.,0.));
#8769=DIRECTION('',(0.,-1.,0.));
#8770=DIRECTION('',(1.,0.,0.));
#8771=DIRECTION('',(1.,0.,0.));
#8772=DIRECTION('center_axis',(0.,1.,0.));
#8773=DIRECTION('ref_axis',(0.,0.,1.));
#8774=DIRECTION('',(1.,0.,0.));
#8775=DIRECTION('center_axis',(0.,1.,0.));
#8776=DIRECTION('ref_axis',(-0.5,0.,0.866025403784439));
#8777=DIRECTION('',(0.,0.,-1.));
#8778=DIRECTION('center_axis',(0.,1.,0.));
#8779=DIRECTION('ref_axis',(0.,0.,1.));
#8780=DIRECTION('center_axis',(0.,1.,0.));
#8781=DIRECTION('ref_axis',(-0.5,0.,0.866025403784439));
#8782=DIRECTION('center_axis',(0.,-1.,0.));
#8783=DIRECTION('ref_axis',(-0.5,0.,0.866025403784439));
#8784=DIRECTION('',(0.,-1.,0.));
#8785=DIRECTION('center_axis',(0.,-1.,0.));
#8786=DIRECTION('ref_axis',(-0.5,0.,0.866025403784439));
#8787=DIRECTION('center_axis',(0.,1.,0.));
#8788=DIRECTION('ref_axis',(-0.5,0.,0.866025403784439));
#8789=DIRECTION('center_axis',(0.,0.,1.));
#8790=DIRECTION('ref_axis',(-1.,0.,0.));
#8791=DIRECTION('',(0.,1.,0.));
#8792=DIRECTION('',(-1.,0.,0.));
#8793=DIRECTION('center_axis',(0.,1.,0.));
#8794=DIRECTION('ref_axis',(0.,0.,1.));
#8795=DIRECTION('center_axis',(0.,-1.,0.));
#8796=DIRECTION('ref_axis',(0.499999999999999,0.,-0.866025403784439));
#8797=DIRECTION('center_axis',(0.,1.,-6.72862439166762E-18));
#8798=DIRECTION('ref_axis',(-0.499999999999999,0.,0.866025403784439));
#8799=DIRECTION('',(0.,-1.,0.));
#8800=DIRECTION('center_axis',(0.,1.,0.));
#8801=DIRECTION('ref_axis',(-0.499999999999999,0.,0.866025403784439));
#8802=DIRECTION('',(0.,-1.,0.));
#8803=DIRECTION('center_axis',(8.44416721637701E-16,0.,-1.));
#8804=DIRECTION('ref_axis',(1.,0.,8.44416721637701E-16));
#8805=DIRECTION('',(1.,0.,0.));
#8806=DIRECTION('',(1.,0.,8.44416721637701E-16));
#8807=DIRECTION('',(0.,-1.,0.));
#8808=DIRECTION('center_axis',(0.,1.,-6.72862439166762E-18));
#8809=DIRECTION('ref_axis',(0.,6.72862439166762E-18,1.));
#8810=DIRECTION('',(-1.,0.,0.));
#8811=DIRECTION('',(0.,0.,-1.));
#8812=DIRECTION('',(0.,0.,1.));
#8813=DIRECTION('center_axis',(0.,-1.,0.));
#8814=DIRECTION('ref_axis',(-0.499999999999996,0.,0.866025403784441));
#8815=DIRECTION('',(0.,-1.,0.));
#8816=DIRECTION('',(0.,-1.,0.));
#8817=DIRECTION('center_axis',(0.,0.,1.));
#8818=DIRECTION('ref_axis',(-1.,0.,0.));
#8819=DIRECTION('',(0.,1.,0.));
#8820=DIRECTION('center_axis',(0.,0.,1.));
#8821=DIRECTION('ref_axis',(1.,0.,0.));
#8822=DIRECTION('',(0.,-1.,0.));
#8823=DIRECTION('',(-1.,0.,0.));
#8824=DIRECTION('',(0.,1.,0.));
#8825=DIRECTION('',(1.,0.,0.));
#8826=DIRECTION('center_axis',(0.,-1.,0.));
#8827=DIRECTION('ref_axis',(0.,0.,-1.));
#8828=DIRECTION('',(-1.,0.,0.));
#8829=DIRECTION('center_axis',(0.,-1.,0.));
#8830=DIRECTION('ref_axis',(0.5,0.,0.866025403784438));
#8831=DIRECTION('',(0.,0.,-1.));
#8832=DIRECTION('center_axis',(0.,-1.,0.));
#8833=DIRECTION('ref_axis',(0.,0.,-1.));
#8834=DIRECTION('center_axis',(0.,-1.,0.));
#8835=DIRECTION('ref_axis',(0.5,0.,0.866025403784438));
#8836=DIRECTION('center_axis',(0.,-1.,0.));
#8837=DIRECTION('ref_axis',(0.5,0.,0.866025403784438));
#8838=DIRECTION('center_axis',(0.,1.,0.));
#8839=DIRECTION('ref_axis',(0.5,0.,0.866025403784438));
#8840=DIRECTION('center_axis',(0.,1.,0.));
#8841=DIRECTION('ref_axis',(0.5,0.,0.866025403784438));
#8842=DIRECTION('',(0.,1.,0.));
#8843=DIRECTION('center_axis',(0.,-1.,0.));
#8844=DIRECTION('ref_axis',(0.5,0.,0.866025403784438));
#8845=DIRECTION('center_axis',(0.,1.,0.));
#8846=DIRECTION('ref_axis',(0.5,0.,0.866025403784438));
#8847=DIRECTION('',(0.,1.,0.));
#8848=DIRECTION('center_axis',(0.,1.,0.));
#8849=DIRECTION('ref_axis',(0.5,0.,0.866025403784438));
#8850=DIRECTION('center_axis',(0.,-1.,0.));
#8851=DIRECTION('ref_axis',(0.5,0.,0.866025403784438));
#8852=DIRECTION('center_axis',(0.,0.,1.));
#8853=DIRECTION('ref_axis',(1.,0.,0.));
#8854=DIRECTION('',(0.,-1.,0.));
#8855=DIRECTION('',(1.,0.,0.));
#8856=DIRECTION('center_axis',(0.,1.,0.));
#8857=DIRECTION('ref_axis',(-0.5,0.,-0.866025403784439));
#8858=DIRECTION('',(0.,1.,0.));
#8859=DIRECTION('center_axis',(0.,-1.,0.));
#8860=DIRECTION('ref_axis',(-0.5,0.,-0.866025403784439));
#8861=DIRECTION('',(0.,-1.,0.));
#8862=DIRECTION('center_axis',(0.,0.,-1.));
#8863=DIRECTION('ref_axis',(-1.,0.,0.));
#8864=DIRECTION('',(-1.,0.,0.));
#8865=DIRECTION('',(0.,-1.,0.));
#8866=DIRECTION('center_axis',(0.,-1.,0.));
#8867=DIRECTION('ref_axis',(0.,0.,-1.));
#8868=DIRECTION('center_axis',(0.,-1.,0.));
#8869=DIRECTION('ref_axis',(0.,0.,-1.));
#8870=DIRECTION('center_axis',(0.,1.,0.));
#8871=DIRECTION('ref_axis',(-0.500000000000001,0.,-0.866025403784438));
#8872=DIRECTION('',(0.,1.,0.));
#8873=DIRECTION('',(0.,1.,0.));
#8874=DIRECTION('center_axis',(0.,0.,-1.));
#8875=DIRECTION('ref_axis',(-1.,0.,0.));
#8876=DIRECTION('',(-1.,0.,0.));
#8877=DIRECTION('',(0.,1.,0.));
#8878=DIRECTION('center_axis',(0.,0.,1.));
#8879=DIRECTION('ref_axis',(1.,0.,0.));
#8880=DIRECTION('',(0.,1.,0.));
#8881=DIRECTION('',(1.,0.,0.));
#8882=DIRECTION('center_axis',(1.,0.,0.));
#8883=DIRECTION('ref_axis',(0.,-1.,0.));
#8884=DIRECTION('',(0.,0.,-1.));
#8885=DIRECTION('center_axis',(0.,0.,1.));
#8886=DIRECTION('ref_axis',(0.,1.,0.));
#8887=DIRECTION('',(-1.,0.,0.));
#8888=DIRECTION('',(0.,1.,0.));
#8889=DIRECTION('center_axis',(-1.,0.,0.));
#8890=DIRECTION('ref_axis',(0.,1.,0.));
#8891=DIRECTION('',(0.,0.,1.));
#8892=DIRECTION('center_axis',(0.,1.,0.));
#8893=DIRECTION('ref_axis',(0.,0.,1.));
#8894=DIRECTION('center_axis',(0.,-1.,0.));
#8895=DIRECTION('ref_axis',(0.510912969595269,0.,0.859632443256619));
#8896=DIRECTION('center_axis',(0.,1.,0.));
#8897=DIRECTION('ref_axis',(0.510912969595269,0.,0.859632443256619));
#8898=DIRECTION('center_axis',(3.85185988877447E-34,1.,-6.72862439166762E-18));
#8899=DIRECTION('ref_axis',(0.510912969595269,5.78414382556531E-18,0.859632443256619));
#8900=DIRECTION('center_axis',(0.,-1.,6.72862439166762E-18));
#8901=DIRECTION('ref_axis',(0.,-6.72862439166762E-18,-1.));
#8902=DIRECTION('center_axis',(0.,-1.,0.));
#8903=DIRECTION('ref_axis',(0.5,0.,-0.866025403784438));
#8904=DIRECTION('center_axis',(0.,1.,0.));
#8905=DIRECTION('ref_axis',(0.5,0.,-0.866025403784438));
#8906=DIRECTION('',(0.,-1.,0.));
#8907=DIRECTION('center_axis',(0.,-1.,0.));
#8908=DIRECTION('ref_axis',(0.5,0.,-0.866025403784438));
#8909=DIRECTION('',(0.,-1.,0.));
#8910=DIRECTION('center_axis',(0.,0.,1.));
#8911=DIRECTION('ref_axis',(-1.,0.,0.));
#8912=DIRECTION('',(1.,0.,0.));
#8913=DIRECTION('',(0.,-1.,0.));
#8914=DIRECTION('',(-1.,0.,0.));
#8915=DIRECTION('',(0.,-1.,0.));
#8916=DIRECTION('',(-1.,0.,0.));
#8917=DIRECTION('center_axis',(1.9156482812989E-15,0.,-1.));
#8918=DIRECTION('ref_axis',(1.,0.,1.9156482812989E-15));
#8919=DIRECTION('',(0.,1.,0.));
#8920=DIRECTION('',(1.,0.,1.9156482812989E-15));
#8921=DIRECTION('',(-1.,0.,-1.9156482812989E-15));
#8922=DIRECTION('center_axis',(0.,-1.,0.));
#8923=DIRECTION('ref_axis',(-0.5,0.,0.866025403784439));
#8924=DIRECTION('center_axis',(0.,1.,-6.72862439166762E-18));
#8925=DIRECTION('ref_axis',(0.5,0.,-0.866025403784439));
#8926=DIRECTION('center_axis',(0.,-1.,0.));
#8927=DIRECTION('ref_axis',(-0.5,0.,0.866025403784439));
#8928=DIRECTION('',(0.,1.,0.));
#8929=DIRECTION('center_axis',(0.,1.,-6.72862439166762E-18));
#8930=DIRECTION('ref_axis',(0.,6.72862439166762E-18,1.));
#8931=DIRECTION('center_axis',(0.,1.,-6.72862439166762E-18));
#8932=DIRECTION('ref_axis',(0.5,0.,-0.866025403784439));
#8933=DIRECTION('',(-1.,0.,0.));
#8934=DIRECTION('',(0.,0.,1.));
#8935=DIRECTION('',(1.,0.,0.));
#8936=DIRECTION('center_axis',(0.,-1.,0.));
#8937=DIRECTION('ref_axis',(0.500000000000002,0.,-0.866025403784438));
#8938=DIRECTION('',(-1.,0.,0.));
#8939=DIRECTION('',(0.,0.,-1.));
#8940=DIRECTION('',(1.,0.,0.));
#8941=DIRECTION('center_axis',(0.,-1.,0.));
#8942=DIRECTION('ref_axis',(0.5,0.,-0.866025403784439));
#8943=DIRECTION('',(0.,-1.,0.));
#8944=DIRECTION('',(0.,-1.,0.));
#8945=DIRECTION('center_axis',(7.38864631432996E-16,0.,-1.));
#8946=DIRECTION('ref_axis',(1.,4.97154258120056E-33,7.38864631432996E-16));
#8947=DIRECTION('',(0.,1.,0.));
#8948=DIRECTION('center_axis',(0.,0.,-1.));
#8949=DIRECTION('ref_axis',(-1.,0.,0.));
#8950=DIRECTION('',(0.,1.,0.));
#8951=DIRECTION('',(-1.,0.,0.));
#8952=DIRECTION('center_axis',(0.,-1.,0.));
#8953=DIRECTION('ref_axis',(-0.5,0.,0.866025403784439));
#8954=DIRECTION('center_axis',(0.,-1.,0.));
#8955=DIRECTION('ref_axis',(0.5,0.,-0.866025403784439));
#8956=DIRECTION('',(0.,-1.,0.));
#8957=DIRECTION('',(0.,1.,0.));
#8958=DIRECTION('center_axis',(0.,0.,-1.));
#8959=DIRECTION('ref_axis',(1.,0.,0.));
#8960=DIRECTION('',(0.,-1.,0.));
#8961=DIRECTION('',(-1.,0.,0.));
#8962=DIRECTION('',(0.,-1.,0.));
#8963=DIRECTION('center_axis',(0.,-1.,0.));
#8964=DIRECTION('ref_axis',(0.500000000000002,0.,-0.866025403784438));
#8965=DIRECTION('center_axis',(0.,1.,0.));
#8966=DIRECTION('ref_axis',(0.500000000000002,0.,-0.866025403784438));
#8967=DIRECTION('center_axis',(0.,0.,1.));
#8968=DIRECTION('ref_axis',(-1.,0.,0.));
#8969=DIRECTION('',(1.,0.,0.));
#8970=DIRECTION('',(-1.,0.,0.));
#8971=DIRECTION('',(0.,1.,0.));
#8972=DIRECTION('center_axis',(0.,1.,0.));
#8973=DIRECTION('ref_axis',(0.,0.,1.));
#8974=DIRECTION('',(0.,0.,-1.));
#8975=DIRECTION('center_axis',(0.,-1.,0.));
#8976=DIRECTION('ref_axis',(0.5,0.,-0.866025403784438));
#8977=DIRECTION('',(0.,1.,0.));
#8978=DIRECTION('',(0.,-1.,0.));
#8979=DIRECTION('center_axis',(8.44416721637702E-16,0.,-1.));
#8980=DIRECTION('ref_axis',(1.,5.68176294994345E-33,8.44416721637702E-16));
#8981=DIRECTION('',(0.,-1.,0.));
#8982=DIRECTION('center_axis',(1.,0.,0.));
#8983=DIRECTION('ref_axis',(0.,-1.,0.));
#8984=DIRECTION('',(0.,-1.,0.));
#8985=DIRECTION('',(0.,0.,-1.));
#8986=DIRECTION('',(0.,0.,-1.));
#8987=DIRECTION('center_axis',(0.,1.,0.));
#8988=DIRECTION('ref_axis',(0.5,0.,0.866025403784439));
#8989=DIRECTION('',(0.,1.,0.));
#8990=DIRECTION('center_axis',(0.,-1.,0.));
#8991=DIRECTION('ref_axis',(0.5,0.,0.866025403784439));
#8992=DIRECTION('center_axis',(0.,0.,-1.));
#8993=DIRECTION('ref_axis',(-1.,0.,0.));
#8994=DIRECTION('',(0.,1.,0.));
#8995=DIRECTION('center_axis',(0.,0.,1.));
#8996=DIRECTION('ref_axis',(0.00964832498238088,0.999953453829244,0.));
#8997=DIRECTION('',(1.,1.21333721503493E-16,0.));
#8998=DIRECTION('',(-1.38777878078145E-16,1.,0.));
#8999=DIRECTION('',(-1.,0.,0.));
#9000=DIRECTION('center_axis',(0.,1.,0.));
#9001=DIRECTION('ref_axis',(-0.5,0.,-0.866025403784438));
#9002=DIRECTION('',(-1.38777878078145E-16,1.,0.));
#9003=DIRECTION('center_axis',(0.,1.,0.));
#9004=DIRECTION('ref_axis',(-0.5,0.,-0.866025403784438));
#9005=DIRECTION('center_axis',(1.21333721503493E-16,-1.,6.16297582203915E-33));
#9006=DIRECTION('ref_axis',(-0.500000000000001,-6.06668607517468E-17,-0.866025403784438));
#9007=DIRECTION('center_axis',(0.,0.,1.));
#9008=DIRECTION('ref_axis',(1.,0.,0.));
#9009=DIRECTION('',(1.,0.,0.));
#9010=DIRECTION('center_axis',(0.,1.,0.));
#9011=DIRECTION('ref_axis',(0.,0.,1.));
#9012=DIRECTION('center_axis',(0.,-1.,0.));
#9013=DIRECTION('ref_axis',(-0.500000000000002,0.,-0.866025403784437));
#9014=DIRECTION('',(-1.,0.,0.));
#9015=DIRECTION('',(0.,0.,1.));
#9016=DIRECTION('',(-1.,0.,0.));
#9017=DIRECTION('center_axis',(0.,1.,0.));
#9018=DIRECTION('ref_axis',(-0.500000000000001,0.,-0.866025403784438));
#9019=DIRECTION('',(-1.,0.,0.));
#9020=DIRECTION('',(0.,0.,-1.));
#9021=DIRECTION('',(1.,0.,0.));
#9022=DIRECTION('center_axis',(-1.,0.,0.));
#9023=DIRECTION('ref_axis',(0.,1.,0.));
#9024=DIRECTION('',(0.,0.,-1.));
#9025=DIRECTION('',(0.,0.,-1.));
#9026=DIRECTION('center_axis',(0.,0.,-1.));
#9027=DIRECTION('ref_axis',(-1.,0.,0.));
#9028=DIRECTION('center_axis',(0.,0.,-1.));
#9029=DIRECTION('ref_axis',(-1.,0.,0.));
#9030=DIRECTION('center_axis',(0.,0.,-1.));
#9031=DIRECTION('ref_axis',(-1.,0.,0.));
#9032=DIRECTION('',(0.,1.,0.));
#9033=DIRECTION('center_axis',(0.,0.,1.));
#9034=DIRECTION('ref_axis',(1.,0.,0.));
#9035=DIRECTION('',(0.,1.,0.));
#9036=DIRECTION('',(0.,1.,0.));
#9037=DIRECTION('',(-1.,0.,0.));
#9038=DIRECTION('center_axis',(0.,1.,0.));
#9039=DIRECTION('ref_axis',(0.500000000000002,0.,0.866025403784437));
#9040=DIRECTION('center_axis',(0.,1.,0.));
#9041=DIRECTION('ref_axis',(-0.500000000000001,0.,-0.866025403784438));
#9042=DIRECTION('',(-1.38777878078145E-16,1.,0.));
#9043=DIRECTION('center_axis',(1.21333721503493E-16,-1.,6.16297582203915E-33));
#9044=DIRECTION('ref_axis',(-0.500000000000002,-6.0666860751747E-17,-0.866025403784437));
#9045=DIRECTION('center_axis',(0.,0.,-1.));
#9046=DIRECTION('ref_axis',(-1.,0.,0.));
#9047=DIRECTION('',(1.,0.,0.));
#9048=DIRECTION('',(0.,-1.,0.));
#9049=DIRECTION('',(1.,1.21333721503493E-16,0.));
#9050=DIRECTION('',(-1.38777878078145E-16,1.,0.));
#9051=DIRECTION('center_axis',(0.,1.,0.));
#9052=DIRECTION('ref_axis',(0.,0.,1.));
#9053=DIRECTION('',(-8.92143501930926E-16,0.,1.));
#9054=DIRECTION('',(0.,0.,-1.));
#9055=DIRECTION('center_axis',(1.,0.,0.));
#9056=DIRECTION('ref_axis',(0.,-1.,0.));
#9057=DIRECTION('',(0.,0.,-1.));
#9058=DIRECTION('center_axis',(-1.,0.,0.));
#9059=DIRECTION('ref_axis',(0.,1.,0.));
#9060=DIRECTION('center_axis',(-1.,-1.38777878078145E-16,-8.92143501930926E-16));
#9061=DIRECTION('ref_axis',(-8.92143501930926E-16,-1.08247091204438E-31,
1.));
#9062=DIRECTION('',(0.,0.,-1.));
#9063=DIRECTION('center_axis',(-1.,0.,0.));
#9064=DIRECTION('ref_axis',(0.,6.72862439166762E-18,1.));
#9065=DIRECTION('',(0.,0.,-1.));
#9066=DIRECTION('',(0.,-1.,0.));
#9067=DIRECTION('',(0.,0.,1.));
#9068=DIRECTION('',(0.,-1.,0.));
#9069=DIRECTION('',(0.,0.,1.));
#9070=DIRECTION('',(0.,-1.,0.));
#9071=DIRECTION('center_axis',(-1.,0.,0.));
#9072=DIRECTION('ref_axis',(0.,6.72862439166762E-18,1.));
#9073=DIRECTION('',(0.,1.,0.));
#9074=DIRECTION('',(0.,0.,1.));
#9075=DIRECTION('center_axis',(1.,0.,0.));
#9076=DIRECTION('ref_axis',(0.,-6.72862439166762E-18,-1.));
#9077=DIRECTION('',(0.,-1.,0.));
#9078=DIRECTION('',(0.,0.,-1.));
#9079=DIRECTION('center_axis',(1.,0.,0.));
#9080=DIRECTION('ref_axis',(0.,-6.72862439166762E-18,-1.));
#9081=DIRECTION('',(0.,0.,-1.));
#9082=DIRECTION('',(0.,1.,0.));
#9083=DIRECTION('',(0.,0.,-1.));
#9084=DIRECTION('',(0.,1.,0.));
#9085=DIRECTION('',(0.,0.,1.));
#9086=DIRECTION('',(0.,1.,0.));
#9087=DIRECTION('center_axis',(0.,-1.,0.));
#9088=DIRECTION('ref_axis',(1.,0.,0.));
#9089=DIRECTION('center_axis',(0.,1.,0.));
#9090=DIRECTION('ref_axis',(1.,0.,0.));
#9091=DIRECTION('',(0.,-1.,0.));
#9092=DIRECTION('center_axis',(0.,-1.,0.));
#9093=DIRECTION('ref_axis',(1.,0.,0.));
#9094=DIRECTION('center_axis',(0.,1.,0.));
#9095=DIRECTION('ref_axis',(1.,0.,0.));
#9096=DIRECTION('center_axis',(0.,-1.,0.));
#9097=DIRECTION('ref_axis',(-1.,0.,0.));
#9098=DIRECTION('center_axis',(0.,-1.,0.));
#9099=DIRECTION('ref_axis',(-1.,0.,0.));
#9100=DIRECTION('',(0.,-1.,0.));
#9101=DIRECTION('center_axis',(0.,1.,0.));
#9102=DIRECTION('ref_axis',(-1.,0.,0.));
#9103=DIRECTION('',(0.,-1.,0.));
#9104=DIRECTION('center_axis',(0.,1.,0.));
#9105=DIRECTION('ref_axis',(-1.,0.,0.));
#9106=DIRECTION('center_axis',(0.,-1.,0.));
#9107=DIRECTION('ref_axis',(0.,0.,1.));
#9108=DIRECTION('',(0.,0.,1.));
#9109=DIRECTION('',(-1.,0.,0.));
#9110=DIRECTION('center_axis',(0.,0.,1.));
#9111=DIRECTION('ref_axis',(0.,1.,0.));
#9112=DIRECTION('',(0.,1.,0.));
#9113=DIRECTION('',(-1.,0.,0.));
#9114=DIRECTION('center_axis',(-1.,0.,0.));
#9115=DIRECTION('ref_axis',(0.,0.,1.));
#9116=DIRECTION('',(0.,0.,-1.));
#9117=DIRECTION('center_axis',(0.,1.,0.));
#9118=DIRECTION('ref_axis',(0.,0.,-1.));
#9119=DIRECTION('center_axis',(0.,-1.,0.));
#9120=DIRECTION('ref_axis',(-1.,0.,0.));
#9121=DIRECTION('center_axis',(0.,1.,0.));
#9122=DIRECTION('ref_axis',(-1.,0.,0.));
#9123=DIRECTION('',(0.,1.,0.));
#9124=DIRECTION('center_axis',(0.,-1.,0.));
#9125=DIRECTION('ref_axis',(-1.,0.,0.));
#9126=DIRECTION('center_axis',(0.,1.,0.));
#9127=DIRECTION('ref_axis',(-1.,0.,0.));
#9128=DIRECTION('center_axis',(0.,1.,0.));
#9129=DIRECTION('ref_axis',(0.,0.,1.));
#9130=DIRECTION('',(0.,0.,1.));
#9131=DIRECTION('',(1.,0.,0.));
#9132=DIRECTION('center_axis',(0.,0.,1.));
#9133=DIRECTION('ref_axis',(0.,-1.,0.));
#9134=DIRECTION('',(0.,-1.,0.));
#9135=DIRECTION('',(1.,0.,0.));
#9136=DIRECTION('center_axis',(1.,0.,0.));
#9137=DIRECTION('ref_axis',(0.,0.,-1.));
#9138=DIRECTION('',(0.,0.,-1.));
#9139=DIRECTION('center_axis',(0.,-1.,0.));
#9140=DIRECTION('ref_axis',(0.,0.,-1.));
#9141=DIRECTION('center_axis',(-1.,0.,7.40148683083438E-17));
#9142=DIRECTION('ref_axis',(7.40148683083438E-17,0.,1.));
#9143=DIRECTION('',(0.,-1.,0.));
#9144=DIRECTION('center_axis',(1.,0.,1.72684608840783E-16));
#9145=DIRECTION('ref_axis',(1.72684608840783E-16,0.,-1.));
#9146=DIRECTION('',(0.,1.,0.));
#9147=DIRECTION('center_axis',(0.,1.,0.));
#9148=DIRECTION('ref_axis',(1.,0.,0.));
#9149=DIRECTION('',(0.,1.,0.));
#9150=DIRECTION('center_axis',(0.,1.,0.));
#9151=DIRECTION('ref_axis',(1.,0.,0.));
#9152=DIRECTION('center_axis',(0.,1.,0.));
#9153=DIRECTION('ref_axis',(-1.,0.,0.));
#9154=DIRECTION('center_axis',(0.,-1.,0.));
#9155=DIRECTION('ref_axis',(-1.,0.,0.));
#9156=DIRECTION('',(0.,-1.,0.));
#9157=DIRECTION('center_axis',(0.,1.,0.));
#9158=DIRECTION('ref_axis',(-1.,0.,0.));
#9159=DIRECTION('',(0.,1.,0.));
#9160=DIRECTION('center_axis',(0.,-1.,0.));
#9161=DIRECTION('ref_axis',(-7.40148683083438E-17,0.,-1.));
#9162=DIRECTION('',(-7.40148683083438E-17,0.,-1.));
#9163=DIRECTION('',(1.,0.,0.));
#9164=DIRECTION('center_axis',(0.,0.,-1.));
#9165=DIRECTION('ref_axis',(0.,1.,0.));
#9166=DIRECTION('',(0.,1.,0.));
#9167=DIRECTION('',(1.,0.,0.));
#9168=DIRECTION('center_axis',(1.,0.,0.));
#9169=DIRECTION('ref_axis',(0.,0.,-1.));
#9170=DIRECTION('',(7.40148683083438E-17,0.,1.));
#9171=DIRECTION('center_axis',(0.,1.,0.));
#9172=DIRECTION('ref_axis',(7.40148683083438E-17,0.,1.));
#9173=DIRECTION('center_axis',(0.,1.,0.));
#9174=DIRECTION('ref_axis',(-1.,0.,0.));
#9175=DIRECTION('center_axis',(0.,1.,0.));
#9176=DIRECTION('ref_axis',(-1.,0.,0.));
#9177=DIRECTION('',(0.,1.,0.));
#9178=DIRECTION('center_axis',(0.,-1.,0.));
#9179=DIRECTION('ref_axis',(-1.,0.,0.));
#9180=DIRECTION('center_axis',(0.,1.,0.));
#9181=DIRECTION('ref_axis',(1.72684608840783E-16,0.,-1.));
#9182=DIRECTION('',(1.72684608840783E-16,0.,-1.));
#9183=DIRECTION('',(-1.,0.,0.));
#9184=DIRECTION('center_axis',(0.,0.,-1.));
#9185=DIRECTION('ref_axis',(0.,-1.,0.));
#9186=DIRECTION('',(0.,-1.,0.));
#9187=DIRECTION('',(-1.,0.,0.));
#9188=DIRECTION('center_axis',(-1.,0.,0.));
#9189=DIRECTION('ref_axis',(0.,0.,1.));
#9190=DIRECTION('',(-1.72684608840783E-16,0.,1.));
#9191=DIRECTION('center_axis',(0.,-1.,0.));
#9192=DIRECTION('ref_axis',(-1.72684608840783E-16,0.,1.));
#9193=DIRECTION('center_axis',(0.,0.,-1.));
#9194=DIRECTION('ref_axis',(-1.,0.,0.));
#9195=DIRECTION('',(1.,0.,0.));
#9196=DIRECTION('',(0.,1.,0.));
#9197=DIRECTION('center_axis',(-1.,0.,0.));
#9198=DIRECTION('ref_axis',(0.,-1.,0.));
#9199=DIRECTION('',(0.,0.,-1.));
#9200=DIRECTION('center_axis',(0.,0.,1.));
#9201=DIRECTION('ref_axis',(1.,0.,0.));
#9202=DIRECTION('',(1.,0.,0.));
#9203=DIRECTION('center_axis',(0.,0.,1.));
#9204=DIRECTION('ref_axis',(0.924035616379442,0.382306395005715,0.));
#9205=DIRECTION('center_axis',(-1.,0.,0.));
#9206=DIRECTION('ref_axis',(0.,-1.,0.));
#9207=DIRECTION('',(0.,-1.,0.));
#9208=DIRECTION('',(0.,0.,-1.));
#9209=DIRECTION('',(0.,1.,0.));
#9210=DIRECTION('center_axis',(0.,0.,-1.));
#9211=DIRECTION('ref_axis',(0.946234027958796,0.32348286559395,0.));
#9212=DIRECTION('',(0.,0.,-1.));
#9213=DIRECTION('',(0.,0.,-1.));
#9214=DIRECTION('center_axis',(0.,1.,0.));
#9215=DIRECTION('ref_axis',(-1.,0.,0.));
#9216=DIRECTION('center_axis',(0.,0.,-1.));
#9217=DIRECTION('ref_axis',(-1.,0.,0.));
#9218=DIRECTION('center_axis',(0.,0.,-1.));
#9219=DIRECTION('ref_axis',(0.946234027958796,0.32348286559395,0.));
#9220=DIRECTION('center_axis',(0.,0.,-1.));
#9221=DIRECTION('ref_axis',(0.00964832498238088,0.999953453829244,0.));
#9222=DIRECTION('',(0.,0.,1.));
#9223=DIRECTION('center_axis',(0.,0.,1.));
#9224=DIRECTION('ref_axis',(0.00964832498238061,0.999953453829244,0.));
#9225=DIRECTION('center_axis',(0.,0.,1.));
#9226=DIRECTION('ref_axis',(1.,0.,0.));
#9227=DIRECTION('',(1.,0.,0.));
#9228=DIRECTION('center_axis',(0.,1.,0.));
#9229=DIRECTION('ref_axis',(-1.,0.,0.));
#9230=DIRECTION('center_axis',(0.,0.,-1.));
#9231=DIRECTION('ref_axis',(-1.,0.,0.));
#9232=DIRECTION('center_axis',(0.,0.,-1.));
#9233=DIRECTION('ref_axis',(0.00964832498238088,0.999953453829244,0.));
#9234=DIRECTION('',(0.,1.,0.));
#9235=DIRECTION('center_axis',(0.,0.,-1.));
#9236=DIRECTION('ref_axis',(0.946234027958796,0.32348286559395,0.));
#9237=DIRECTION('center_axis',(0.,0.,1.));
#9238=DIRECTION('ref_axis',(0.946234027958796,0.32348286559395,0.));
#9239=DIRECTION('center_axis',(0.,0.,-1.));
#9240=DIRECTION('ref_axis',(0.00964832498238088,0.999953453829244,0.));
#9241=DIRECTION('center_axis',(0.,0.,1.));
#9242=DIRECTION('ref_axis',(0.00964832498238088,0.999953453829244,0.));
#9243=DIRECTION('',(0.,0.,1.));
#9244=DIRECTION('center_axis',(1.,0.,0.));
#9245=DIRECTION('ref_axis',(0.,1.,0.));
#9246=DIRECTION('',(0.,-1.,0.));
#9247=DIRECTION('center_axis',(0.,0.,1.));
#9248=DIRECTION('ref_axis',(1.,0.,0.));
#9249=DIRECTION('center_axis',(0.,0.,1.));
#9250=DIRECTION('ref_axis',(1.,0.,0.));
#9251=DIRECTION('center_axis',(0.,0.,1.));
#9252=DIRECTION('ref_axis',(1.,0.,0.));
#9253=DIRECTION('center_axis',(0.,0.,1.));
#9254=DIRECTION('ref_axis',(1.,0.,0.));
#9255=DIRECTION('center_axis',(0.,0.,-1.));
#9256=DIRECTION('ref_axis',(1.,0.,0.));
#9257=DIRECTION('',(0.,0.,-1.));
#9258=DIRECTION('center_axis',(0.,0.,-1.));
#9259=DIRECTION('ref_axis',(1.,0.,0.));
#9260=DIRECTION('',(0.,0.,-1.));
#9261=DIRECTION('center_axis',(-1.,0.,0.));
#9262=DIRECTION('ref_axis',(0.,0.,1.));
#9263=DIRECTION('',(0.,1.,0.));
#9264=DIRECTION('',(0.,1.,0.));
#9265=DIRECTION('center_axis',(1.01506105108586E-15,0.,1.));
#9266=DIRECTION('ref_axis',(1.,0.,-1.01506105108586E-15));
#9267=DIRECTION('',(0.,1.,0.));
#9268=DIRECTION('center_axis',(1.,0.,-3.65720525758875E-16));
#9269=DIRECTION('ref_axis',(-3.65720525758875E-16,0.,-1.));
#9270=DIRECTION('',(0.,1.,0.));
#9271=DIRECTION('center_axis',(0.,0.,-1.));
#9272=DIRECTION('ref_axis',(-1.,0.,0.));
#9273=DIRECTION('center_axis',(0.,0.,1.));
#9274=DIRECTION('ref_axis',(1.,0.,0.));
#9275=DIRECTION('',(0.,1.,0.));
#9276=DIRECTION('',(1.,0.,0.));
#9277=DIRECTION('',(0.,1.,0.));
#9278=DIRECTION('center_axis',(0.,0.,-1.));
#9279=DIRECTION('ref_axis',(-1.,0.,0.));
#9280=DIRECTION('',(0.,1.,0.));
#9281=DIRECTION('',(-1.,0.,0.));
#9282=DIRECTION('',(0.,1.,0.));
#9283=DIRECTION('center_axis',(0.,0.,-1.));
#9284=DIRECTION('ref_axis',(-1.,0.,0.));
#9285=DIRECTION('',(0.,1.,0.));
#9286=DIRECTION('',(-1.,0.,0.));
#9287=DIRECTION('',(0.,1.,0.));
#9288=DIRECTION('center_axis',(1.,0.,0.));
#9289=DIRECTION('ref_axis',(0.,0.,-1.));
#9290=DIRECTION('',(0.,1.,0.));
#9291=DIRECTION('',(0.,0.,-1.));
#9292=DIRECTION('',(0.,1.,0.));
#9293=DIRECTION('center_axis',(0.,0.,1.));
#9294=DIRECTION('ref_axis',(1.,0.,0.));
#9295=DIRECTION('',(1.,0.,0.));
#9296=DIRECTION('',(0.,1.,0.));
#9297=DIRECTION('center_axis',(0.,0.,-1.));
#9298=DIRECTION('ref_axis',(1.,0.,0.));
#9299=DIRECTION('',(0.,-1.,0.));
#9300=DIRECTION('',(0.,-1.,0.));
#9301=DIRECTION('center_axis',(1.,0.,-2.22044604925031E-16));
#9302=DIRECTION('ref_axis',(2.22044604925031E-16,0.,1.));
#9303=DIRECTION('',(0.,-1.,0.));
#9304=DIRECTION('center_axis',(0.,0.,1.));
#9305=DIRECTION('ref_axis',(-1.,0.,0.));
#9306=DIRECTION('',(0.,-1.,0.));
#9307=DIRECTION('center_axis',(-1.,0.,2.77555756156289E-16));
#9308=DIRECTION('ref_axis',(-2.77555756156289E-16,0.,-1.));
#9309=DIRECTION('center_axis',(0.,1.,0.));
#9310=DIRECTION('ref_axis',(1.,0.,0.));
#9311=DIRECTION('',(0.,0.,-1.));
#9312=DIRECTION('',(0.,0.,1.));
#9313=DIRECTION('',(-1.,0.,0.));
#9314=DIRECTION('',(0.,0.,-1.));
#9315=DIRECTION('',(1.,0.,0.));
#9316=DIRECTION('center_axis',(0.,-1.,0.));
#9317=DIRECTION('ref_axis',(0.,0.,-1.));
#9318=DIRECTION('',(-1.,0.,0.));
#9319=DIRECTION('',(0.,0.,1.));
#9320=DIRECTION('',(1.,0.,0.));
#9321=DIRECTION('',(0.,0.,-1.));
#9322=DIRECTION('',(0.,0.,1.));
#9323=DIRECTION('',(-1.,0.,0.));
#9324=DIRECTION('',(0.,0.,-1.));
#9325=DIRECTION('',(1.,0.,0.));
#9326=DIRECTION('center_axis',(0.,0.,1.));
#9327=DIRECTION('ref_axis',(-1.,0.,0.));
#9328=DIRECTION('',(0.,-1.,0.));
#9329=DIRECTION('',(0.,-1.,0.));
#9330=DIRECTION('center_axis',(-1.,0.,0.));
#9331=DIRECTION('ref_axis',(0.,0.,-1.));
#9332=DIRECTION('',(0.,-1.,0.));
#9333=DIRECTION('center_axis',(0.,0.,-1.));
#9334=DIRECTION('ref_axis',(1.,0.,0.));
#9335=DIRECTION('',(0.,-1.,0.));
#9336=DIRECTION('center_axis',(1.,0.,0.));
#9337=DIRECTION('ref_axis',(0.,0.,1.));
#9338=DIRECTION('center_axis',(1.,0.,0.));
#9339=DIRECTION('ref_axis',(0.,0.,1.));
#9340=DIRECTION('',(0.,-1.,0.));
#9341=DIRECTION('',(0.,-1.,0.));
#9342=DIRECTION('center_axis',(0.,0.,-1.));
#9343=DIRECTION('ref_axis',(1.,0.,0.));
#9344=DIRECTION('',(0.,-1.,0.));
#9345=DIRECTION('center_axis',(-1.,0.,0.));
#9346=DIRECTION('ref_axis',(0.,0.,-1.));
#9347=DIRECTION('',(0.,-1.,0.));
#9348=DIRECTION('center_axis',(0.,0.,1.));
#9349=DIRECTION('ref_axis',(-1.,0.,0.));
#9350=DIRECTION('center_axis',(0.,0.,-1.));
#9351=DIRECTION('ref_axis',(0.946234027958796,0.32348286559395,0.));
#9352=DIRECTION('',(0.,0.,-1.));
#9353=DIRECTION('',(0.,0.,-1.));
#9354=DIRECTION('center_axis',(1.,0.,0.));
#9355=DIRECTION('ref_axis',(0.,0.,-1.));
#9356=DIRECTION('',(0.,0.,-1.));
#9357=DIRECTION('',(0.,-1.,0.));
#9358=DIRECTION('center_axis',(0.,1.,0.));
#9359=DIRECTION('ref_axis',(1.,0.,2.61228946970625E-17));
#9360=DIRECTION('center_axis',(0.,1.,0.));
#9361=DIRECTION('ref_axis',(1.,0.,2.61228946970625E-17));
#9362=DIRECTION('',(0.,1.,0.));
#9363=DIRECTION('center_axis',(0.,1.,0.));
#9364=DIRECTION('ref_axis',(1.,0.,2.61228946970625E-17));
#9365=DIRECTION('',(0.,1.,0.));
#9366=DIRECTION('center_axis',(0.,1.,0.));
#9367=DIRECTION('ref_axis',(1.,0.,2.61228946970625E-17));
#9368=DIRECTION('',(0.,1.,0.));
#9369=DIRECTION('',(0.,1.,0.));
#9370=DIRECTION('center_axis',(0.,-1.,0.));
#9371=DIRECTION('ref_axis',(1.,0.,2.61228946970625E-17));
#9372=DIRECTION('',(0.,-1.,0.));
#9373=DIRECTION('center_axis',(0.,1.,0.));
#9374=DIRECTION('ref_axis',(1.,0.,2.61228946970625E-17));
#9375=DIRECTION('center_axis',(0.,1.,0.));
#9376=DIRECTION('ref_axis',(1.,0.,2.61228946970625E-17));
#9377=DIRECTION('center_axis',(0.,1.,0.));
#9378=DIRECTION('ref_axis',(-1.,0.,0.));
#9379=DIRECTION('center_axis',(0.,1.,0.));
#9380=DIRECTION('ref_axis',(-1.,0.,0.));
#9381=DIRECTION('center_axis',(0.,-1.,0.));
#9382=DIRECTION('ref_axis',(1.,0.,2.61228946970625E-17));
#9383=DIRECTION('center_axis',(0.,1.,0.));
#9384=DIRECTION('ref_axis',(0.,0.,1.));
#9385=DIRECTION('',(0.,0.,-1.));
#9386=DIRECTION('',(0.,0.,-1.));
#9387=DIRECTION('center_axis',(0.,1.,0.));
#9388=DIRECTION('ref_axis',(1.,0.,2.61228946970625E-17));
#9389=DIRECTION('center_axis',(0.,1.,0.));
#9390=DIRECTION('ref_axis',(1.,0.,0.));
#9391=DIRECTION('center_axis',(0.,1.,0.));
#9392=DIRECTION('ref_axis',(-1.,0.,0.));
#9393=DIRECTION('center_axis',(0.,1.,0.));
#9394=DIRECTION('ref_axis',(-1.,0.,0.));
#9395=DIRECTION('center_axis',(-1.,0.,0.));
#9396=DIRECTION('ref_axis',(0.,0.,1.));
#9397=DIRECTION('',(0.,0.,1.));
#9398=DIRECTION('center_axis',(-1.,0.,0.));
#9399=DIRECTION('ref_axis',(0.,0.,1.));
#9400=DIRECTION('',(0.,0.,1.));
#9401=DIRECTION('center_axis',(0.,1.,0.));
#9402=DIRECTION('ref_axis',(1.,0.,0.));
#9403=DIRECTION('',(0.,-1.,0.));
#9404=DIRECTION('center_axis',(0.,-1.,0.));
#9405=DIRECTION('ref_axis',(1.,0.,0.));
#9406=DIRECTION('center_axis',(0.,1.,0.));
#9407=DIRECTION('ref_axis',(1.,0.,0.));
#9408=DIRECTION('',(0.,-1.,0.));
#9409=DIRECTION('center_axis',(0.,1.,0.));
#9410=DIRECTION('ref_axis',(-1.,0.,0.));
#9411=DIRECTION('',(0.,-1.,0.));
#9412=DIRECTION('center_axis',(0.,1.,0.));
#9413=DIRECTION('ref_axis',(-1.,0.,0.));
#9414=DIRECTION('',(0.,-1.,0.));
#9415=DIRECTION('center_axis',(0.,-1.,0.));
#9416=DIRECTION('ref_axis',(1.,0.,0.));
#9417=DIRECTION('',(0.,-1.,0.));
#9418=DIRECTION('center_axis',(0.,0.,-1.));
#9419=DIRECTION('ref_axis',(0.00964832498238088,0.999953453829244,0.));
#9420=DIRECTION('',(0.,0.,-1.));
#9421=DIRECTION('',(0.,0.,-1.));
#9422=DIRECTION('center_axis',(1.,0.,0.));
#9423=DIRECTION('ref_axis',(0.,0.,-1.));
#9424=DIRECTION('',(0.,1.,0.));
#9425=DIRECTION('',(0.,0.,-1.));
#9426=DIRECTION('center_axis',(1.,0.,0.));
#9427=DIRECTION('ref_axis',(0.,0.,-1.));
#9428=DIRECTION('',(0.,0.,-1.));
#9429=DIRECTION('',(0.,-1.,0.));
#9430=DIRECTION('center_axis',(0.,1.,0.));
#9431=DIRECTION('ref_axis',(1.,0.,2.61228946970625E-17));
#9432=DIRECTION('center_axis',(0.,1.,0.));
#9433=DIRECTION('ref_axis',(1.,0.,2.61228946970625E-17));
#9434=DIRECTION('',(0.,1.,0.));
#9435=DIRECTION('',(0.,1.,0.));
#9436=DIRECTION('center_axis',(0.,-1.,0.));
#9437=DIRECTION('ref_axis',(1.,0.,2.61228946970625E-17));
#9438=DIRECTION('center_axis',(0.,-1.,0.));
#9439=DIRECTION('ref_axis',(1.,0.,2.61228946970625E-17));
#9440=DIRECTION('',(0.,-1.,0.));
#9441=DIRECTION('center_axis',(0.,1.,0.));
#9442=DIRECTION('ref_axis',(1.,0.,2.61228946970625E-17));
#9443=DIRECTION('center_axis',(0.,1.,0.));
#9444=DIRECTION('ref_axis',(1.,0.,2.61228946970625E-17));
#9445=DIRECTION('',(0.,1.,0.));
#9446=DIRECTION('center_axis',(0.,1.,0.));
#9447=DIRECTION('ref_axis',(1.,0.,2.61228946970625E-17));
#9448=DIRECTION('',(0.,1.,0.));
#9449=DIRECTION('center_axis',(0.,0.,-1.));
#9450=DIRECTION('ref_axis',(0.827545224510859,0.561399057168136,0.));
#9451=DIRECTION('center_axis',(0.,0.,-1.));
#9452=DIRECTION('ref_axis',(-0.813327310813838,-0.581806398627868,0.));
#9453=DIRECTION('',(0.,0.,1.));
#9454=DIRECTION('center_axis',(0.,1.,0.));
#9455=DIRECTION('ref_axis',(-1.,0.,0.));
#9456=DIRECTION('center_axis',(0.,-1.,0.));
#9457=DIRECTION('ref_axis',(1.,0.,0.));
#9458=DIRECTION('center_axis',(0.,0.,-1.));
#9459=DIRECTION('ref_axis',(0.00964832498238088,0.999953453829244,0.));
#9460=DIRECTION('center_axis',(0.,1.,0.));
#9461=DIRECTION('ref_axis',(1.,0.,0.));
#9462=DIRECTION('center_axis',(0.,1.,0.));
#9463=DIRECTION('ref_axis',(-1.,0.,0.));
#9464=DIRECTION('center_axis',(0.,1.,0.));
#9465=DIRECTION('ref_axis',(0.,0.,1.));
#9466=DIRECTION('',(0.,0.,1.));
#9467=DIRECTION('center_axis',(-1.,0.,0.));
#9468=DIRECTION('ref_axis',(0.,0.,1.));
#9469=DIRECTION('center_axis',(-1.,0.,0.));
#9470=DIRECTION('ref_axis',(0.,0.,1.));
#9471=DIRECTION('',(0.,0.,1.));
#9472=DIRECTION('center_axis',(0.,1.,0.));
#9473=DIRECTION('ref_axis',(0.,0.,1.));
#9474=DIRECTION('center_axis',(0.,1.,0.));
#9475=DIRECTION('ref_axis',(1.,0.,0.));
#9476=DIRECTION('',(0.,-1.,0.));
#9477=DIRECTION('center_axis',(0.,1.,0.));
#9478=DIRECTION('ref_axis',(1.,0.,0.));
#9479=DIRECTION('',(0.,-1.,0.));
#9480=DIRECTION('center_axis',(0.,1.,0.));
#9481=DIRECTION('ref_axis',(-1.,0.,0.));
#9482=DIRECTION('',(0.,-1.,0.));
#9483=DIRECTION('center_axis',(0.,1.,0.));
#9484=DIRECTION('ref_axis',(-1.,0.,0.));
#9485=DIRECTION('',(0.,-1.,0.));
#9486=DIRECTION('center_axis',(0.,1.,0.));
#9487=DIRECTION('ref_axis',(1.,0.,0.));
#9488=DIRECTION('',(0.,1.,0.));
#9489=DIRECTION('center_axis',(0.,1.,0.));
#9490=DIRECTION('ref_axis',(-1.,0.,0.));
#9491=DIRECTION('',(0.,-1.,0.));
#9492=DIRECTION('center_axis',(0.,1.,0.));
#9493=DIRECTION('ref_axis',(-1.,0.,0.));
#9494=DIRECTION('center_axis',(0.,-1.,6.72862439166762E-18));
#9495=DIRECTION('ref_axis',(-1.,0.,0.));
#9496=DIRECTION('',(0.,1.,0.));
#9497=DIRECTION('center_axis',(0.,1.,-6.72862439166762E-18));
#9498=DIRECTION('ref_axis',(-1.,0.,0.));
#9499=DIRECTION('center_axis',(0.,1.,0.));
#9500=DIRECTION('ref_axis',(1.,0.,2.61228946970625E-17));
#9501=DIRECTION('center_axis',(0.,1.,-6.72862439166762E-18));
#9502=DIRECTION('ref_axis',(1.,0.,2.61228946970625E-17));
#9503=DIRECTION('',(0.,1.,0.));
#9504=DIRECTION('center_axis',(0.,-1.,6.72862439166762E-18));
#9505=DIRECTION('ref_axis',(1.,0.,2.61228946970625E-17));
#9506=DIRECTION('center_axis',(0.,1.,-6.72862439166762E-18));
#9507=DIRECTION('ref_axis',(0.,-6.72862439166762E-18,-1.));
#9508=DIRECTION('center_axis',(0.,-1.,6.72862439166762E-18));
#9509=DIRECTION('ref_axis',(0.,6.72862439166762E-18,1.));
#9510=DIRECTION('center_axis',(0.,0.,1.));
#9511=DIRECTION('ref_axis',(1.,0.,0.));
#9512=DIRECTION('center_axis',(0.,0.,1.));
#9513=DIRECTION('ref_axis',(1.,0.,0.));
#9514=DIRECTION('center_axis',(0.,0.,1.));
#9515=DIRECTION('ref_axis',(1.,0.,0.));
#9516=DIRECTION('center_axis',(0.,0.,1.));
#9517=DIRECTION('ref_axis',(1.,0.,0.));
#9518=DIRECTION('center_axis',(0.,0.,1.));
#9519=DIRECTION('ref_axis',(1.,0.,0.));
#9520=DIRECTION('center_axis',(1.21333721503493E-16,-1.,0.));
#9521=DIRECTION('ref_axis',(1.,1.21333721503493E-16,0.));
#9522=DIRECTION('center_axis',(1.21333721503493E-16,-1.,0.));
#9523=DIRECTION('ref_axis',(1.,1.21333721503493E-16,0.));
#9524=DIRECTION('center_axis',(1.21333721503493E-16,-1.,0.));
#9525=DIRECTION('ref_axis',(1.,1.21333721503493E-16,0.));
#9526=DIRECTION('center_axis',(0.,1.,0.));
#9527=DIRECTION('ref_axis',(1.,0.,0.));
#9528=DIRECTION('center_axis',(0.,1.,0.));
#9529=DIRECTION('ref_axis',(1.,0.,0.));
#9530=DIRECTION('center_axis',(0.,1.,0.));
#9531=DIRECTION('ref_axis',(1.,0.,0.));
#9532=DIRECTION('center_axis',(0.,1.,0.));
#9533=DIRECTION('ref_axis',(1.,0.,0.));
#9534=DIRECTION('center_axis',(0.,1.,0.));
#9535=DIRECTION('ref_axis',(1.,0.,0.));
#9536=CARTESIAN_POINT('',(0.,0.,0.));
#9537=CARTESIAN_POINT('Origin',(-50.245254006302,-26.5,-350.));
#9538=CARTESIAN_POINT('',(-51.245254006302,-35.791732132129,-350.));
#9539=CARTESIAN_POINT('',(-74.1996122911224,-15.9999999996507,-350.));
#9540=CARTESIAN_POINT('Ctrl Pts',(-51.2454109805038,-35.7904878741009,-350.));
#9541=CARTESIAN_POINT('Ctrl Pts',(-52.2909384467271,-35.5084417107725,-350.));
#9542=CARTESIAN_POINT('Ctrl Pts',(-57.1687610947843,-33.9470935547322,-350.));
#9543=CARTESIAN_POINT('Ctrl Pts',(-64.3009685163408,-29.7736189129475,-350.));
#9544=CARTESIAN_POINT('Ctrl Pts',(-70.659864936386,-22.7895894313122,-350.));
#9545=CARTESIAN_POINT('Ctrl Pts',(-73.2763605119174,-18.1140445603504,-350.));
#9546=CARTESIAN_POINT('Ctrl Pts',(-74.1993775961371,-15.9998512832308,-350.));
#9547=CARTESIAN_POINT('',(-54.5228689185109,-16.,-350.));
#9548=CARTESIAN_POINT('',(-74.6917344512378,-16.,-350.));
#9549=CARTESIAN_POINT('',(-49.245254006302,-16.,-350.));
#9550=CARTESIAN_POINT('',(-68.6068741175359,-16.,-350.));
#9551=CARTESIAN_POINT('',(-49.245254006302,-36.2692485749917,-350.));
#9552=CARTESIAN_POINT('',(-49.245254006302,-16.,-350.));
#9553=CARTESIAN_POINT('Ctrl Pts',(-49.2449436878083,-36.2677556183124,-350.));
#9554=CARTESIAN_POINT('Ctrl Pts',(-49.916091807891,-36.1282541338762,-350.));
#9555=CARTESIAN_POINT('Ctrl Pts',(-50.5831504323844,-35.9691326071758,-350.));
#9556=CARTESIAN_POINT('Ctrl Pts',(-51.2449517822646,-35.7906117461299,-350.));
#9557=CARTESIAN_POINT('Origin',(-74.245254006302,-16.,-340.));
#9558=CARTESIAN_POINT('',(-51.245254006302,-16.,-346.));
#9559=CARTESIAN_POINT('',(-51.245254006302,-16.,-4.));
#9560=CARTESIAN_POINT('',(-51.245254006302,-16.,-345.));
#9561=CARTESIAN_POINT('',(-74.245254006302,-16.,-4.));
#9562=CARTESIAN_POINT('',(-68.6227136812091,-16.,-3.99999999999999));
#9563=CARTESIAN_POINT('',(-74.245254006302,-16.,-340.));
#9564=CARTESIAN_POINT('',(-74.245254006302,-16.,0.));
#9565=CARTESIAN_POINT('',(-74.245254006302,-16.,-346.));
#9566=CARTESIAN_POINT('',(-74.2452540063023,-15.9999999999993,0.));
#9567=CARTESIAN_POINT('',(-68.6068741175359,-16.,-346.));
#9568=CARTESIAN_POINT('Origin',(-74.245254006302,-16.,-340.));
#9569=CARTESIAN_POINT('',(49.245254006302,-16.,-350.));
#9570=CARTESIAN_POINT('',(49.245254006302,-16.,0.));
#9571=CARTESIAN_POINT('',(49.245254006302,-16.,-345.));
#9572=CARTESIAN_POINT('',(-49.245254006302,-16.,0.));
#9573=CARTESIAN_POINT('',(0.377372996849017,-16.,0.));
#9574=CARTESIAN_POINT('',(-49.245254006302,-16.,-345.));
#9575=CARTESIAN_POINT('',(-2.00000000000001,-16.,-342.));
#9576=CARTESIAN_POINT('Origin',(-38.5,-16.,-278.780145523736));
#9577=CARTESIAN_POINT('',(1.99999999999998,-16.,-342.));
#9578=CARTESIAN_POINT('',(-2.00000000000001,-16.,-342.));
#9579=CARTESIAN_POINT('',(54.5228689185108,-16.,-350.));
#9580=CARTESIAN_POINT('Origin',(38.5,-16.,-278.780145523736));
#9581=CARTESIAN_POINT('',(-5.75,-16.,-350.));
#9582=CARTESIAN_POINT('',(35.5,-16.,-315.));
#9583=CARTESIAN_POINT('Origin',(40.5,-16.,-315.));
#9584=CARTESIAN_POINT('',(-45.5,-16.,-315.));
#9585=CARTESIAN_POINT('Origin',(-40.5,-16.,-315.));
#9586=CARTESIAN_POINT('',(-45.5,-16.,-32.9221929604616));
#9587=CARTESIAN_POINT('Origin',(-40.5,-16.,-32.9221929604616));
#9588=CARTESIAN_POINT('',(35.5,-16.,-32.9221929604616));
#9589=CARTESIAN_POINT('Origin',(40.5,-16.,-32.9221929604616));
#9590=CARTESIAN_POINT('Origin',(-74.245254006302,-16.,-340.));
#9591=CARTESIAN_POINT('',(51.245254006302,-16.,-4.));
#9592=CARTESIAN_POINT('',(51.245254006302,-16.,-346.));
#9593=CARTESIAN_POINT('',(51.245254006302,-16.,-345.));
#9594=CARTESIAN_POINT('',(74.245254006302,-16.,-346.));
#9595=CARTESIAN_POINT('',(-5.75,-16.,-346.));
#9596=CARTESIAN_POINT('',(74.245254006302,-16.,-4.));
#9597=CARTESIAN_POINT('',(74.245254006302,-16.,0.));
#9598=CARTESIAN_POINT('',(-5.62587826019552,-16.,-3.99999999999999));
#9599=CARTESIAN_POINT('Origin',(-0.00802726630977579,-0.874992879644428,
0.));
#9600=CARTESIAN_POINT('',(49.245254006302,-36.3904939556929,0.));
#9601=CARTESIAN_POINT('',(49.245254006302,-36.3904939556929,0.));
#9602=CARTESIAN_POINT('',(75.,-14.,0.));
#9603=CARTESIAN_POINT('Origin',(42.8280430494009,-3.0015825698057,0.));
#9604=CARTESIAN_POINT('',(54.5228689185107,-14.,0.));
#9605=CARTESIAN_POINT('',(-0.999999999999996,-14.,0.));
#9606=CARTESIAN_POINT('',(22.4771310814893,-14.,0.));
#9607=CARTESIAN_POINT('',(-0.999999999999996,-14.,0.));
#9608=CARTESIAN_POINT('',(-22.4771310814892,-14.,0.));
#9609=CARTESIAN_POINT('',(-0.999999999999996,-14.,0.));
#9610=CARTESIAN_POINT('',(-54.5228689185108,-14.,0.));
#9611=CARTESIAN_POINT('',(-0.999999999999996,-14.,0.));
#9612=CARTESIAN_POINT('',(-75.,-14.,0.));
#9613=CARTESIAN_POINT('',(-0.999999999999996,-14.,0.));
#9614=CARTESIAN_POINT('',(-49.245254006302,-36.3904939556929,0.));
#9615=CARTESIAN_POINT('Origin',(-42.8280430494009,-3.0015825698057,0.));
#9616=CARTESIAN_POINT('',(-49.245254006302,-16.,0.));
#9617=CARTESIAN_POINT('',(-66.5,-21.,0.));
#9618=CARTESIAN_POINT('Origin',(-64.,-21.,0.));
#9619=CARTESIAN_POINT('',(57.745254006302,-23.,0.));
#9620=CARTESIAN_POINT('Origin',(60.2452540063019,-23.,0.));
#9621=CARTESIAN_POINT('Origin',(40.5,-31.,-315.));
#9622=CARTESIAN_POINT('',(45.,-31.,-315.));
#9623=CARTESIAN_POINT('Origin',(40.5,-31.,-315.));
#9624=CARTESIAN_POINT('',(44.5,-31.,-315.));
#9625=CARTESIAN_POINT('Origin',(40.5,-31.,-315.));
#9626=CARTESIAN_POINT('Origin',(-40.5,-31.,-315.));
#9627=CARTESIAN_POINT('',(-36.,-31.,-315.));
#9628=CARTESIAN_POINT('Origin',(-40.5,-31.,-315.));
#9629=CARTESIAN_POINT('',(-36.5,-31.,-315.));
#9630=CARTESIAN_POINT('Origin',(-40.5,-31.,-315.));
#9631=CARTESIAN_POINT('Origin',(40.5,-16.,-315.));
#9632=CARTESIAN_POINT('',(44.5,-14.,-315.));
#9633=CARTESIAN_POINT('Origin',(40.5,-14.,-315.));
#9634=CARTESIAN_POINT('',(44.5,-16.,-315.));
#9635=CARTESIAN_POINT('Origin',(-40.5,-16.,-315.));
#9636=CARTESIAN_POINT('',(-36.5,-14.,-315.));
#9637=CARTESIAN_POINT('Origin',(-40.5,-14.,-315.));
#9638=CARTESIAN_POINT('',(-36.5,-16.,-315.));
#9639=CARTESIAN_POINT('Origin',(42.5,-39.,0.));
#9640=CARTESIAN_POINT('',(-42.5,-39.,-29.4580913453238));
#9641=CARTESIAN_POINT('',(-36.5,-39.,-32.9221929604616));
#9642=CARTESIAN_POINT('Origin',(-40.5,-39.,-32.9221929604616));
#9643=CARTESIAN_POINT('',(-42.5,-39.,-36.3862945755994));
#9644=CARTESIAN_POINT('Origin',(-40.5,-39.,-32.9221929604616));
#9645=CARTESIAN_POINT('',(-42.5,-39.,-311.535898384862));
#9646=CARTESIAN_POINT('',(-42.5,-39.,0.));
#9647=CARTESIAN_POINT('',(-39.,-39.,-311.291900756452));
#9648=CARTESIAN_POINT('Origin',(-40.5,-39.,-315.));
#9649=CARTESIAN_POINT('',(-39.,-39.,-156.));
#9650=CARTESIAN_POINT('',(-39.,-39.,-167.));
#9651=CARTESIAN_POINT('',(39.,-39.,-156.));
#9652=CARTESIAN_POINT('',(1.75,-39.,-156.));
#9653=CARTESIAN_POINT('',(39.,-39.,-311.291900756452));
#9654=CARTESIAN_POINT('',(39.,-39.,-78.));
#9655=CARTESIAN_POINT('',(42.5,-39.,-311.535898384862));
#9656=CARTESIAN_POINT('Origin',(40.5,-39.,-315.));
#9657=CARTESIAN_POINT('',(42.5,-39.,-36.3862945755993));
#9658=CARTESIAN_POINT('',(42.5,-39.,0.));
#9659=CARTESIAN_POINT('',(36.5,-39.,-32.9221929604616));
#9660=CARTESIAN_POINT('Origin',(40.5,-39.,-32.9221929604616));
#9661=CARTESIAN_POINT('',(42.5,-39.,-29.4580913453238));
#9662=CARTESIAN_POINT('Origin',(40.5,-39.,-32.9221929604616));
#9663=CARTESIAN_POINT('',(42.5,-39.,0.));
#9664=CARTESIAN_POINT('',(42.5,-39.,0.));
#9665=CARTESIAN_POINT('',(-42.5,-39.,0.));
#9666=CARTESIAN_POINT('',(-42.5,-39.,0.));
#9667=CARTESIAN_POINT('',(-42.5,-39.,0.));
#9668=CARTESIAN_POINT('Origin',(40.5,-14.,-32.9221929604616));
#9669=CARTESIAN_POINT('',(35.5,-2.,-32.9221929604616));
#9670=CARTESIAN_POINT('Origin',(40.5,-2.,-32.9221929604616));
#9671=CARTESIAN_POINT('',(35.5,2.,-32.9221929604616));
#9672=CARTESIAN_POINT('',(35.5,-14.,-32.9221929604616));
#9673=CARTESIAN_POINT('Origin',(40.5,2.,-32.9221929604616));
#9674=CARTESIAN_POINT('Origin',(-40.5,-14.,-32.9221929604616));
#9675=CARTESIAN_POINT('',(-45.5,-2.,-32.9221929604616));
#9676=CARTESIAN_POINT('Origin',(-40.5,-2.,-32.9221929604616));
#9677=CARTESIAN_POINT('',(-45.5,2.,-32.9221929604616));
#9678=CARTESIAN_POINT('',(-45.5,-14.,-32.9221929604616));
#9679=CARTESIAN_POINT('Origin',(-40.5,2.,-32.9221929604616));
#9680=CARTESIAN_POINT('Origin',(-40.5,28.,-32.9221929604616));
#9681=CARTESIAN_POINT('',(-36.5,38.6086458947038,-32.9221929604616));
#9682=CARTESIAN_POINT('Ctrl Pts',(-36.5,38.6086458947038,-32.9221929604616));
#9683=CARTESIAN_POINT('Ctrl Pts',(-36.5,38.6086458947038,-32.4204939656761));
#9684=CARTESIAN_POINT('Ctrl Pts',(-36.6001942269267,38.597120878464,-31.8855660350466));
#9685=CARTESIAN_POINT('Ctrl Pts',(-37.006765977812,38.547003131727,-30.9021938724948));
#9686=CARTESIAN_POINT('Ctrl Pts',(-37.3131266369081,38.5080244898444,-30.4537623738756));
#9687=CARTESIAN_POINT('Ctrl Pts',(-38.023039745417,38.4095010112136,-29.7407522572788));
#9688=CARTESIAN_POINT('Ctrl Pts',(-38.4756240049696,38.3429774647654,-29.4310612561112));
#9689=CARTESIAN_POINT('Ctrl Pts',(-39.4640184302621,38.1824116398747,-29.021828769138));
#9690=CARTESIAN_POINT('Ctrl Pts',(-39.9997282319887,38.087992201825,-28.9221929604616));
#9691=CARTESIAN_POINT('Ctrl Pts',(-41.0056099513385,37.896308416099,-28.9221929604616));
#9692=CARTESIAN_POINT('Ctrl Pts',(-41.5438042628723,37.7859296225661,-29.0237453840908));
#9693=CARTESIAN_POINT('Ctrl Pts',(-42.5335343752418,37.5689041139556,-29.4361983164361));
#9694=CARTESIAN_POINT('Ctrl Pts',(-42.9851579549162,37.4626263871891,-29.7470822571602));
#9695=CARTESIAN_POINT('Ctrl Pts',(-43.6904544959575,37.2905260108848,-30.4592567069427));
#9696=CARTESIAN_POINT('Ctrl Pts',(-43.9947254020138,37.2125902375483,-30.9052385742794));
#9697=CARTESIAN_POINT('Ctrl Pts',(-44.399554223648,37.1071459979971,-31.8855218264593));
#9698=CARTESIAN_POINT('Ctrl Pts',(-44.5,37.0800941317667,-32.4199185770963));
#9699=CARTESIAN_POINT('Ctrl Pts',(-44.5,37.0800941317667,-33.4244673438268));
#9700=CARTESIAN_POINT('Ctrl Pts',(-44.399554223648,37.1071459979971,-33.9588640944639));
#9701=CARTESIAN_POINT('Ctrl Pts',(-43.9947254020138,37.2125902375483,-34.9391473466438));
#9702=CARTESIAN_POINT('Ctrl Pts',(-43.6904544959575,37.2905260108848,-35.3851292139805));
#9703=CARTESIAN_POINT('Ctrl Pts',(-42.9851579549162,37.4626263871891,-36.097303663763));
#9704=CARTESIAN_POINT('Ctrl Pts',(-42.5335343752418,37.5689041139556,-36.4081876044871));
#9705=CARTESIAN_POINT('Ctrl Pts',(-41.5438042628723,37.7859296225661,-36.8206405368323));
#9706=CARTESIAN_POINT('Ctrl Pts',(-41.0056099513385,37.896308416099,-36.9221929604616));
#9707=CARTESIAN_POINT('Ctrl Pts',(-39.9997282319887,38.087992201825,-36.9221929604616));
#9708=CARTESIAN_POINT('Ctrl Pts',(-39.4640184302621,38.1824116398747,-36.8225571517852));
#9709=CARTESIAN_POINT('Ctrl Pts',(-38.4756240049696,38.3429774647654,-36.413324664812));
#9710=CARTESIAN_POINT('Ctrl Pts',(-38.023039745417,38.4095010112136,-36.1036336636444));
#9711=CARTESIAN_POINT('Ctrl Pts',(-37.3131266369081,38.5080244898444,-35.3906235470475));
#9712=CARTESIAN_POINT('Ctrl Pts',(-37.006765977812,38.547003131727,-34.9421920484284));
#9713=CARTESIAN_POINT('Ctrl Pts',(-36.6001942269267,38.597120878464,-33.9588198858766));
#9714=CARTESIAN_POINT('Ctrl Pts',(-36.5,38.6086458947038,-33.4238919552471));
#9715=CARTESIAN_POINT('Ctrl Pts',(-36.5,38.6086458947038,-32.9221929604616));
#9716=CARTESIAN_POINT('',(-36.5,14.,-32.9221929604616));
#9717=CARTESIAN_POINT('',(-36.5,28.,-32.9221929604616));
#9718=CARTESIAN_POINT('Origin',(-40.5,14.,-32.9221929604616));
#9719=CARTESIAN_POINT('Origin',(40.5,178.,-32.9221929604616));
#9720=CARTESIAN_POINT('',(36.5,38.6086458947038,-32.9221929604616));
#9721=CARTESIAN_POINT('Ctrl Pts',(36.5,38.6086458947038,-32.9221929604616));
#9722=CARTESIAN_POINT('Ctrl Pts',(36.5,38.6086458947038,-32.4204939656761));
#9723=CARTESIAN_POINT('Ctrl Pts',(36.6001942269267,38.597120878464,-31.8855660350466));
#9724=CARTESIAN_POINT('Ctrl Pts',(37.006765977812,38.547003131727,-30.9021938724948));
#9725=CARTESIAN_POINT('Ctrl Pts',(37.313126636908,38.5080244898444,-30.4537623738756));
#9726=CARTESIAN_POINT('Ctrl Pts',(38.023039745417,38.4095010112135,-29.7407522572788));
#9727=CARTESIAN_POINT('Ctrl Pts',(38.4756240049696,38.3429774647654,-29.4310612561112));
#9728=CARTESIAN_POINT('Ctrl Pts',(39.464018430262,38.1824116398747,-29.021828769138));
#9729=CARTESIAN_POINT('Ctrl Pts',(39.9997282319886,38.087992201825,-28.9221929604616));
#9730=CARTESIAN_POINT('Ctrl Pts',(41.0056099513385,37.896308416099,-28.9221929604616));
#9731=CARTESIAN_POINT('Ctrl Pts',(41.5438042628723,37.7859296225661,-29.0237453840908));
#9732=CARTESIAN_POINT('Ctrl Pts',(42.5335343752418,37.5689041139556,-29.4361983164361));
#9733=CARTESIAN_POINT('Ctrl Pts',(42.9851579549162,37.4626263871891,-29.7470822571602));
#9734=CARTESIAN_POINT('Ctrl Pts',(43.6904544959575,37.2905260108848,-30.4592567069427));
#9735=CARTESIAN_POINT('Ctrl Pts',(43.9947254020138,37.2125902375483,-30.9052385742794));
#9736=CARTESIAN_POINT('Ctrl Pts',(44.399554223648,37.1071459979971,-31.8855218264593));
#9737=CARTESIAN_POINT('Ctrl Pts',(44.5,37.0800941317667,-32.4199185770963));
#9738=CARTESIAN_POINT('Ctrl Pts',(44.5,37.0800941317667,-33.4244673438268));
#9739=CARTESIAN_POINT('Ctrl Pts',(44.399554223648,37.1071459979971,-33.9588640944639));
#9740=CARTESIAN_POINT('Ctrl Pts',(43.9947254020138,37.2125902375483,-34.9391473466438));
#9741=CARTESIAN_POINT('Ctrl Pts',(43.6904544959575,37.2905260108848,-35.3851292139805));
#9742=CARTESIAN_POINT('Ctrl Pts',(42.9851579549162,37.4626263871891,-36.097303663763));
#9743=CARTESIAN_POINT('Ctrl Pts',(42.5335343752418,37.5689041139556,-36.4081876044871));
#9744=CARTESIAN_POINT('Ctrl Pts',(41.5438042628723,37.7859296225661,-36.8206405368323));
#9745=CARTESIAN_POINT('Ctrl Pts',(41.0056099513385,37.896308416099,-36.9221929604616));
#9746=CARTESIAN_POINT('Ctrl Pts',(39.9997282319886,38.087992201825,-36.9221929604616));
#9747=CARTESIAN_POINT('Ctrl Pts',(39.464018430262,38.1824116398747,-36.8225571517852));
#9748=CARTESIAN_POINT('Ctrl Pts',(38.4756240049696,38.3429774647654,-36.413324664812));
#9749=CARTESIAN_POINT('Ctrl Pts',(38.023039745417,38.4095010112135,-36.1036336636444));
#9750=CARTESIAN_POINT('Ctrl Pts',(37.313126636908,38.5080244898444,-35.3906235470476));
#9751=CARTESIAN_POINT('Ctrl Pts',(37.006765977812,38.547003131727,-34.9421920484284));
#9752=CARTESIAN_POINT('Ctrl Pts',(36.6001942269267,38.597120878464,-33.9588198858766));
#9753=CARTESIAN_POINT('Ctrl Pts',(36.5,38.6086458947038,-33.4238919552471));
#9754=CARTESIAN_POINT('Ctrl Pts',(36.5,38.6086458947038,-32.9221929604616));
#9755=CARTESIAN_POINT('',(36.5,14.,-32.9221929604616));
#9756=CARTESIAN_POINT('',(36.5,178.,-32.9221929604616));
#9757=CARTESIAN_POINT('Origin',(40.5,14.,-32.9221929604616));
#9758=CARTESIAN_POINT('Origin',(42.7215083172203,-3.000681477764,0.));
#9759=CARTESIAN_POINT('',(42.5,-39.,-318.464101615138));
#9760=CARTESIAN_POINT('Ctrl Pts',(42.5,-39.,-311.535898384862));
#9761=CARTESIAN_POINT('Ctrl Pts',(42.8088482060055,-39.0019003817071,-311.714211979738));
#9762=CARTESIAN_POINT('Ctrl Pts',(43.0896715564139,-38.9995908537038,-311.932817306922));
#9763=CARTESIAN_POINT('Ctrl Pts',(43.6835878863165,-38.9895766807413,-312.526733636824));
#9764=CARTESIAN_POINT('Ctrl Pts',(43.9913974857799,-38.9788569450469,-312.976490353704));
#9765=CARTESIAN_POINT('Ctrl Pts',(44.3996059833135,-38.9621291233576,-313.961963024106));
#9766=CARTESIAN_POINT('Ctrl Pts',(44.5,-38.9567236311252,-314.497691136139));
#9767=CARTESIAN_POINT('Ctrl Pts',(44.5,-38.9567236311252,-315.));
#9768=CARTESIAN_POINT('Ctrl Pts',(44.5,-38.9567236311252,-315.502509398554));
#9769=CARTESIAN_POINT('Ctrl Pts',(44.3995264660868,-38.9621336853142,-316.038437609461));
#9770=CARTESIAN_POINT('Ctrl Pts',(43.9910184316585,-38.9788711732497,-317.024215833946));
#9771=CARTESIAN_POINT('Ctrl Pts',(43.682988816517,-38.9895951405576,-317.474078025861));
#9772=CARTESIAN_POINT('Ctrl Pts',(43.0890253609514,-38.999596122212,-318.067685769771));
#9773=CARTESIAN_POINT('Ctrl Pts',(42.808497691954,-39.0018982249503,-318.285990389644));
#9774=CARTESIAN_POINT('Ctrl Pts',(42.5,-39.,-318.464101615138));
#9775=CARTESIAN_POINT('',(42.5,-39.,-350.));
#9776=CARTESIAN_POINT('',(42.5,-39.,0.));
#9777=CARTESIAN_POINT('',(77.,-14.,-350.));
#9778=CARTESIAN_POINT('Origin',(42.7215083172203,-3.000681477764,-350.));
#9779=CARTESIAN_POINT('',(77.,-14.,-345.));
#9780=CARTESIAN_POINT('',(77.,-14.,0.));
#9781=CARTESIAN_POINT('',(77.,-14.,-5.));
#9782=CARTESIAN_POINT('',(77.,-14.,0.));
#9783=CARTESIAN_POINT('',(77.,-14.,0.));
#9784=CARTESIAN_POINT('',(77.,-14.,0.));
#9785=CARTESIAN_POINT('Origin',(42.7215083172203,-3.000681477764,0.));
#9786=CARTESIAN_POINT('Ctrl Pts',(42.5,-39.,-36.3862945755993));
#9787=CARTESIAN_POINT('Ctrl Pts',(42.808497691954,-39.0018982249503,-36.2081833501053));
#9788=CARTESIAN_POINT('Ctrl Pts',(43.0890253609514,-38.999596122212,-35.9898787302326));
#9789=CARTESIAN_POINT('Ctrl Pts',(43.682988816517,-38.9895951405576,-35.3962709863227));
#9790=CARTESIAN_POINT('Ctrl Pts',(43.9910184316585,-38.9788711732497,-34.9464087944071));
#9791=CARTESIAN_POINT('Ctrl Pts',(44.3995264660868,-38.9621336853142,-33.9606305699228));
#9792=CARTESIAN_POINT('Ctrl Pts',(44.5,-38.9567236311252,-33.4247023590159));
#9793=CARTESIAN_POINT('Ctrl Pts',(44.5,-38.9567236311252,-32.4196835619072));
#9794=CARTESIAN_POINT('Ctrl Pts',(44.3995264660868,-38.9621336853142,-31.8837553510004));
#9795=CARTESIAN_POINT('Ctrl Pts',(43.9910184316585,-38.9788711732497,-30.8979771265161));
#9796=CARTESIAN_POINT('Ctrl Pts',(43.682988816517,-38.9895951405576,-30.4481149346006));
#9797=CARTESIAN_POINT('Ctrl Pts',(43.0890253609514,-38.999596122212,-29.8545071906906));
#9798=CARTESIAN_POINT('Ctrl Pts',(42.808497691954,-39.0018982249503,-29.6362025708179));
#9799=CARTESIAN_POINT('Ctrl Pts',(42.5,-39.,-29.4580913453238));
#9800=CARTESIAN_POINT('Origin',(42.5,-39.,0.));
#9801=CARTESIAN_POINT('',(-37.,-39.,-158.));
#9802=CARTESIAN_POINT('',(-37.,-39.,-313.063508326896));
#9803=CARTESIAN_POINT('',(-37.,-39.,-79.));
#9804=CARTESIAN_POINT('',(-37.,-39.,-316.936491673104));
#9805=CARTESIAN_POINT('Origin',(-40.5,-39.,-315.));
#9806=CARTESIAN_POINT('',(-37.,-39.,-332.));
#9807=CARTESIAN_POINT('',(-37.,-39.,-79.));
#9808=CARTESIAN_POINT('',(37.,-39.,-332.));
#9809=CARTESIAN_POINT('',(2.75,-39.,-332.));
#9810=CARTESIAN_POINT('',(37.,-39.,-316.936491673104));
#9811=CARTESIAN_POINT('',(37.,-39.,-166.));
#9812=CARTESIAN_POINT('',(36.5,-39.,-315.));
#9813=CARTESIAN_POINT('Origin',(40.5,-39.,-315.));
#9814=CARTESIAN_POINT('',(37.,-39.,-313.063508326896));
#9815=CARTESIAN_POINT('Origin',(40.5,-39.,-315.));
#9816=CARTESIAN_POINT('',(37.,-39.,-158.));
#9817=CARTESIAN_POINT('',(37.,-39.,-166.));
#9818=CARTESIAN_POINT('',(39.75,-39.,-158.));
#9819=CARTESIAN_POINT('',(-35.,-39.,-330.));
#9820=CARTESIAN_POINT('',(-35.,-39.,-160.));
#9821=CARTESIAN_POINT('',(-35.,-39.,-165.));
#9822=CARTESIAN_POINT('',(35.0000000000001,-39.,-160.));
#9823=CARTESIAN_POINT('',(3.74999999999992,-39.,-160.));
#9824=CARTESIAN_POINT('',(35.,-39.,-330.));
#9825=CARTESIAN_POINT('',(35.0000000000001,-39.,-80.));
#9826=CARTESIAN_POINT('',(38.75,-39.,-330.));
#9827=CARTESIAN_POINT('Origin',(40.5,178.,-32.9221929604616));
#9828=CARTESIAN_POINT('',(36.5,-14.,-32.9221929604616));
#9829=CARTESIAN_POINT('Origin',(40.5,-14.,-32.9221929604616));
#9830=CARTESIAN_POINT('',(36.5,178.,-32.9221929604616));
#9831=CARTESIAN_POINT('Origin',(40.5,28.,-32.9221929604616));
#9832=CARTESIAN_POINT('',(35.5,-37.,-32.9221929604616));
#9833=CARTESIAN_POINT('',(35.5,28.,-32.9221929604616));
#9834=CARTESIAN_POINT('',(42.5,-37.,-28.3396172655058));
#9835=CARTESIAN_POINT('Origin',(40.5,-37.,-32.9221929604616));
#9836=CARTESIAN_POINT('',(42.5,-37.,-37.5047686554174));
#9837=CARTESIAN_POINT('Ctrl Pts',(42.5,-37.,-37.5047686554174));
#9838=CARTESIAN_POINT('Ctrl Pts',(43.0813115518147,-37.0056089438428,-37.2510634946038));
#9839=CARTESIAN_POINT('Ctrl Pts',(43.6109929774623,-36.9951976226945,-36.8818198561928));
#9840=CARTESIAN_POINT('Ctrl Pts',(44.4781479776122,-36.9644294653442,-36.0155818224277));
#9841=CARTESIAN_POINT('Ctrl Pts',(44.8633506095138,-36.9415749665824,-35.4532334269629));
#9842=CARTESIAN_POINT('Ctrl Pts',(45.3742842513412,-36.9070720486921,-34.2207872255656));
#9843=CARTESIAN_POINT('Ctrl Pts',(45.5,-36.8964294650809,-33.5506551394539));
#9844=CARTESIAN_POINT('Ctrl Pts',(45.5,-36.8964294650809,-32.9221929604616));
#9845=CARTESIAN_POINT('Ctrl Pts',(45.5,-36.8964294650809,-32.2937307814693));
#9846=CARTESIAN_POINT('Ctrl Pts',(45.3742842513412,-36.9070720486921,-31.6235986953576));
#9847=CARTESIAN_POINT('Ctrl Pts',(44.8633506095137,-36.9415749665824,-30.3911524939603));
#9848=CARTESIAN_POINT('Ctrl Pts',(44.4781479776122,-36.9644294653442,-29.8288040984954));
#9849=CARTESIAN_POINT('Ctrl Pts',(43.6109929774631,-36.9951976226945,-28.9625660647312));
#9850=CARTESIAN_POINT('Ctrl Pts',(43.0813115517942,-37.0056089438426,-28.5933224263105));
#9851=CARTESIAN_POINT('Ctrl Pts',(42.5,-37.,-28.3396172655058));
#9852=CARTESIAN_POINT('Origin',(40.5,-37.,-32.9221929604616));
#9853=CARTESIAN_POINT('Origin',(40.5,28.,-32.9221929604616));
#9854=CARTESIAN_POINT('',(45.5,34.8490695010974,-32.9221929604616));
#9855=CARTESIAN_POINT('',(35.5,36.7511338183009,-32.9221929604616));
#9856=CARTESIAN_POINT('Ctrl Pts',(45.5,34.8490695010974,-32.9221929604616));
#9857=CARTESIAN_POINT('Ctrl Pts',(45.5,34.8490695010974,-33.5503248712111));
#9858=CARTESIAN_POINT('Ctrl Pts',(45.3743280064565,34.8857836807323,-34.2183060241181));
#9859=CARTESIAN_POINT('Ctrl Pts',(44.8685297423173,35.0276624924318,-35.443091900445));
#9860=CARTESIAN_POINT('Ctrl Pts',(44.4885673039961,35.1320755602451,-36.0000512167855));
#9861=CARTESIAN_POINT('Ctrl Pts',(43.6079312528473,35.3601055416954,-36.8898981649369));
#9862=CARTESIAN_POINT('Ctrl Pts',(43.0437211540251,35.4997858455476,-37.2786624818774));
#9863=CARTESIAN_POINT('Ctrl Pts',(41.8064085726943,35.780239004824,-37.794835047832));
#9864=CARTESIAN_POINT('Ctrl Pts',(41.1331513507035,35.9204214850031,-37.9221929604616));
#9865=CARTESIAN_POINT('Ctrl Pts',(39.87544910222,36.1585811615619,-37.9221929604616));
#9866=CARTESIAN_POINT('Ctrl Pts',(39.2061957207228,36.2729345930821,-37.7979238884235));
#9867=CARTESIAN_POINT('Ctrl Pts',(37.9710348729254,36.4619935948274,-37.2869400540017));
#9868=CARTESIAN_POINT('Ctrl Pts',(37.4052744415115,36.5373130817526,-36.900097221955));
#9869=CARTESIAN_POINT('Ctrl Pts',(36.5171983653567,36.6461643976038,-36.0088962498022));
#9870=CARTESIAN_POINT('Ctrl Pts',(36.1338673949241,36.6874398333309,-35.4479873583606));
#9871=CARTESIAN_POINT('Ctrl Pts',(35.6252626098936,36.7396136250999,-34.2182203444015));
#9872=CARTESIAN_POINT('Ctrl Pts',(35.5,36.7511338183009,-33.5493840485038));
#9873=CARTESIAN_POINT('Ctrl Pts',(35.5,36.7511338183009,-32.9221929604616));
#9874=CARTESIAN_POINT('Ctrl Pts',(35.5,36.7511338183009,-32.9221929604616));
#9875=CARTESIAN_POINT('Ctrl Pts',(35.5,36.7511338183009,-32.2935264100863));
#9876=CARTESIAN_POINT('Ctrl Pts',(35.625847994771,36.7395614949998,-31.6232187319935));
#9877=CARTESIAN_POINT('Ctrl Pts',(36.1366510513799,36.6871463073719,-30.3912094701504));
#9878=CARTESIAN_POINT('Ctrl Pts',(36.5215950742982,36.645676222081,-29.8295300742979));
#9879=CARTESIAN_POINT('Ctrl Pts',(37.4112170885687,36.5365328011856,-28.9399080600274));
#9880=CARTESIAN_POINT('Ctrl Pts',(37.9761951564402,36.4612504327327,-28.5546826735698));
#9881=CARTESIAN_POINT('Ctrl Pts',(39.209109124255,36.2724416553359,-28.0458892850801));
#9882=CARTESIAN_POINT('Ctrl Pts',(39.8768987849515,36.1583066482811,-27.9221929604616));
#9883=CARTESIAN_POINT('Ctrl Pts',(41.1288076379651,35.9212440145184,-27.9221929604616));
#9884=CARTESIAN_POINT('Ctrl Pts',(41.7977519441888,35.7820555204882,-28.0478268580817));
#9885=CARTESIAN_POINT('Ctrl Pts',(43.0284615277126,35.5033874606749,-28.557506596953));
#9886=CARTESIAN_POINT('Ctrl Pts',(43.5903776810544,35.3644838107029,-28.9415028296505));
#9887=CARTESIAN_POINT('Ctrl Pts',(44.4755271528683,35.1356105210717,-29.8266523014644));
#9888=CARTESIAN_POINT('Ctrl Pts',(44.8602490975424,35.0299588005967,-30.3858689457415));
#9889=CARTESIAN_POINT('Ctrl Pts',(45.3725675301818,34.8863034413729,-31.6172805702178));
#9890=CARTESIAN_POINT('Ctrl Pts',(45.5,34.8490695010974,-32.2896334503096));
#9891=CARTESIAN_POINT('Ctrl Pts',(45.5,34.8490695010974,-32.9221929604616));
#9892=CARTESIAN_POINT('',(35.5,16.,-32.9221929604616));
#9893=CARTESIAN_POINT('',(35.5,28.,-32.9221929604616));
#9894=CARTESIAN_POINT('Origin',(40.5,16.,-32.9221929604616));
#9895=CARTESIAN_POINT('Origin',(-40.5,28.,-32.9221929604616));
#9896=CARTESIAN_POINT('',(-35.5,36.7511338183009,-32.9221929604616));
#9897=CARTESIAN_POINT('',(-45.5,34.8490695010974,-32.9221929604616));
#9898=CARTESIAN_POINT('Ctrl Pts',(-35.5,36.7511338183009,-32.9221929604616));
#9899=CARTESIAN_POINT('Ctrl Pts',(-35.5,36.7511338183009,-33.5508595108369));
#9900=CARTESIAN_POINT('Ctrl Pts',(-35.625847994771,36.7395614949998,-34.2211671889297));
#9901=CARTESIAN_POINT('Ctrl Pts',(-36.1366510513799,36.6871463073719,-35.4531764507728));
#9902=CARTESIAN_POINT('Ctrl Pts',(-36.5215950742982,36.645676222081,-36.0148558466253));
#9903=CARTESIAN_POINT('Ctrl Pts',(-37.4112170885687,36.5365328011856,-36.9044778608958));
#9904=CARTESIAN_POINT('Ctrl Pts',(-37.9761951564403,36.4612504327327,-37.2897032473534));
#9905=CARTESIAN_POINT('Ctrl Pts',(-39.209109124255,36.2724416553359,-37.7984966358431));
#9906=CARTESIAN_POINT('Ctrl Pts',(-39.8768987849515,36.1583066482811,-37.9221929604616));
#9907=CARTESIAN_POINT('Ctrl Pts',(-41.1288076379651,35.9212440145185,-37.9221929604616));
#9908=CARTESIAN_POINT('Ctrl Pts',(-41.7977519441888,35.7820555204882,-37.7965590628415));
#9909=CARTESIAN_POINT('Ctrl Pts',(-43.0284615277126,35.5033874606749,-37.2868793239702));
#9910=CARTESIAN_POINT('Ctrl Pts',(-43.5903776810544,35.3644838107029,-36.9028830912727));
#9911=CARTESIAN_POINT('Ctrl Pts',(-44.4755271528683,35.1356105210717,-36.0177336194588));
#9912=CARTESIAN_POINT('Ctrl Pts',(-44.8602490975424,35.0299588005967,-35.4585169751817));
#9913=CARTESIAN_POINT('Ctrl Pts',(-45.3725675301818,34.8863034413729,-34.2271053507054));
#9914=CARTESIAN_POINT('Ctrl Pts',(-45.5,34.8490695010974,-33.5547524706136));
#9915=CARTESIAN_POINT('Ctrl Pts',(-45.5,34.8490695010974,-32.9221929604616));
#9916=CARTESIAN_POINT('Ctrl Pts',(-45.5,34.8490695010974,-32.9221929604616));
#9917=CARTESIAN_POINT('Ctrl Pts',(-45.5,34.8490695010974,-32.2940610497121));
#9918=CARTESIAN_POINT('Ctrl Pts',(-45.3743280064565,34.8857836807323,-31.6260798968051));
#9919=CARTESIAN_POINT('Ctrl Pts',(-44.8685297423173,35.0276624924319,-30.4012940204782));
#9920=CARTESIAN_POINT('Ctrl Pts',(-44.4885673039961,35.1320755602451,-29.8443347041377));
#9921=CARTESIAN_POINT('Ctrl Pts',(-43.6079312528473,35.3601055416954,-28.9544877559862));
#9922=CARTESIAN_POINT('Ctrl Pts',(-43.0437211540251,35.4997858455476,-28.5657234390458));
#9923=CARTESIAN_POINT('Ctrl Pts',(-41.8064085726943,35.780239004824,-28.0495508730912));
#9924=CARTESIAN_POINT('Ctrl Pts',(-41.1331513507036,35.9204214850031,-27.9221929604616));
#9925=CARTESIAN_POINT('Ctrl Pts',(-39.87544910222,36.1585811615619,-27.9221929604616));
#9926=CARTESIAN_POINT('Ctrl Pts',(-39.2061957207228,36.2729345930821,-28.0464620324997));
#9927=CARTESIAN_POINT('Ctrl Pts',(-37.9710348729254,36.4619935948274,-28.5574458669215));
#9928=CARTESIAN_POINT('Ctrl Pts',(-37.4052744415115,36.5373130817526,-28.9442886989682));
#9929=CARTESIAN_POINT('Ctrl Pts',(-36.5171983653567,36.6461643976038,-29.835489671121));
#9930=CARTESIAN_POINT('Ctrl Pts',(-36.1338673949241,36.6874398333309,-30.3963985625626));
#9931=CARTESIAN_POINT('Ctrl Pts',(-35.6252626098936,36.7396136250999,-31.6261655765217));
#9932=CARTESIAN_POINT('Ctrl Pts',(-35.5,36.7511338183009,-32.2950018724194));
#9933=CARTESIAN_POINT('Ctrl Pts',(-35.5,36.7511338183009,-32.9221929604616));
#9934=CARTESIAN_POINT('',(-45.5,16.,-32.9221929604616));
#9935=CARTESIAN_POINT('',(-45.5,28.,-32.9221929604616));
#9936=CARTESIAN_POINT('Origin',(-40.5,16.,-32.9221929604616));
#9937=CARTESIAN_POINT('Origin',(-40.5,28.,-32.9221929604616));
#9938=CARTESIAN_POINT('',(-45.5,-36.8964294650809,-32.9221929604616));
#9939=CARTESIAN_POINT('',(-45.5,28.,-32.9221929604616));
#9940=CARTESIAN_POINT('',(-42.5,-37.,-28.3396172655058));
#9941=CARTESIAN_POINT('Ctrl Pts',(-42.5,-37.,-28.3396172655058));
#9942=CARTESIAN_POINT('Ctrl Pts',(-43.0813115517943,-37.0056089438426,-28.5933224263105));
#9943=CARTESIAN_POINT('Ctrl Pts',(-43.6109929774631,-36.9951976226945,-28.9625660647312));
#9944=CARTESIAN_POINT('Ctrl Pts',(-44.4781479776122,-36.9644294653442,-29.8288040984954));
#9945=CARTESIAN_POINT('Ctrl Pts',(-44.8633506095138,-36.9415749665824,-30.3911524939603));
#9946=CARTESIAN_POINT('Ctrl Pts',(-45.3742842513412,-36.9070720486921,-31.6235986953576));
#9947=CARTESIAN_POINT('Ctrl Pts',(-45.5,-36.8964294650809,-32.2937307814693));
#9948=CARTESIAN_POINT('Ctrl Pts',(-45.5,-36.8964294650809,-32.9221929604616));
#9949=CARTESIAN_POINT('',(-42.5,-37.,-37.5047686554174));
#9950=CARTESIAN_POINT('Origin',(-40.5,-37.,-32.9221929604616));
#9951=CARTESIAN_POINT('Ctrl Pts',(-45.5,-36.8964294650809,-32.9221929604616));
#9952=CARTESIAN_POINT('Ctrl Pts',(-45.5,-36.8964294650809,-33.5506551394539));
#9953=CARTESIAN_POINT('Ctrl Pts',(-45.3742842513412,-36.9070720486921,-34.2207872255656));
#9954=CARTESIAN_POINT('Ctrl Pts',(-44.8633506095138,-36.9415749665824,-35.4532334269629));
#9955=CARTESIAN_POINT('Ctrl Pts',(-44.4781479776122,-36.9644294653442,-36.0155818224277));
#9956=CARTESIAN_POINT('Ctrl Pts',(-43.6109929774631,-36.9951976226945,-36.881819856192));
#9957=CARTESIAN_POINT('Ctrl Pts',(-43.0813115517943,-37.0056089438426,-37.2510634946127));
#9958=CARTESIAN_POINT('Ctrl Pts',(-42.5,-37.,-37.5047686554174));
#9959=CARTESIAN_POINT('Origin',(-42.7215083172203,-3.000681477764,0.));
#9960=CARTESIAN_POINT('Ctrl Pts',(-42.5,-39.,-36.3862945755994));
#9961=CARTESIAN_POINT('Ctrl Pts',(-42.808497691954,-39.0018982249503,-36.2081833501053));
#9962=CARTESIAN_POINT('Ctrl Pts',(-43.0890253609514,-38.999596122212,-35.9898787302326));
#9963=CARTESIAN_POINT('Ctrl Pts',(-43.682988816517,-38.9895951405576,-35.3962709863226));
#9964=CARTESIAN_POINT('Ctrl Pts',(-43.9910184316585,-38.9788711732496,-34.9464087944071));
#9965=CARTESIAN_POINT('Ctrl Pts',(-44.3995264660868,-38.9621336853142,-33.9606305699228));
#9966=CARTESIAN_POINT('Ctrl Pts',(-44.5,-38.9567236311252,-33.4247023590159));
#9967=CARTESIAN_POINT('Ctrl Pts',(-44.5,-38.9567236311252,-32.4196835619072));
#9968=CARTESIAN_POINT('Ctrl Pts',(-44.3995264660868,-38.9621336853142,-31.8837553510004));
#9969=CARTESIAN_POINT('Ctrl Pts',(-43.9910184316585,-38.9788711732496,-30.8979771265161));
#9970=CARTESIAN_POINT('Ctrl Pts',(-43.6829888165171,-38.9895951405576,-30.4481149346005));
#9971=CARTESIAN_POINT('Ctrl Pts',(-43.0890253609514,-38.999596122212,-29.8545071906906));
#9972=CARTESIAN_POINT('Ctrl Pts',(-42.808497691954,-39.0018982249503,-29.6362025708179));
#9973=CARTESIAN_POINT('Ctrl Pts',(-42.5,-39.,-29.4580913453238));
#9974=CARTESIAN_POINT('',(-77.,-14.,0.));
#9975=CARTESIAN_POINT('Origin',(-42.7215083172203,-3.000681477764,0.));
#9976=CARTESIAN_POINT('',(-77.,-14.,-5.));
#9977=CARTESIAN_POINT('',(-77.,-14.,0.));
#9978=CARTESIAN_POINT('',(-77.,-14.,-345.));
#9979=CARTESIAN_POINT('',(-77.,-14.,0.));
#9980=CARTESIAN_POINT('',(-77.,-14.,-350.));
#9981=CARTESIAN_POINT('',(-77.,-14.,0.));
#9982=CARTESIAN_POINT('',(-42.5,-39.,-350.));
#9983=CARTESIAN_POINT('Origin',(-42.7215083172203,-3.00068147776401,-350.));
#9984=CARTESIAN_POINT('',(-42.5,-39.,-318.464101615138));
#9985=CARTESIAN_POINT('',(-42.5,-39.,0.));
#9986=CARTESIAN_POINT('',(-44.5,-38.9567236311252,-315.));
#9987=CARTESIAN_POINT('Ctrl Pts',(-42.5,-39.,-318.464101615138));
#9988=CARTESIAN_POINT('Ctrl Pts',(-42.808497691954,-39.0018982249503,-318.285990389644));
#9989=CARTESIAN_POINT('Ctrl Pts',(-43.0890253609514,-38.999596122212,-318.067685769771));
#9990=CARTESIAN_POINT('Ctrl Pts',(-43.682988816517,-38.9895951405576,-317.474078025861));
#9991=CARTESIAN_POINT('Ctrl Pts',(-43.9910184316585,-38.9788711732497,-317.024215833946));
#9992=CARTESIAN_POINT('Ctrl Pts',(-44.3995264660868,-38.9621336853142,-316.038437609461));
#9993=CARTESIAN_POINT('Ctrl Pts',(-44.5,-38.9567236311252,-315.502509398554));
#9994=CARTESIAN_POINT('Ctrl Pts',(-44.5,-38.9567236311252,-315.));
#9995=CARTESIAN_POINT('Ctrl Pts',(-44.5,-38.9567236311252,-315.));
#9996=CARTESIAN_POINT('Ctrl Pts',(-44.5,-38.9567236311252,-314.497691136139));
#9997=CARTESIAN_POINT('Ctrl Pts',(-44.3996059833136,-38.9621291233576,-313.961963024106));
#9998=CARTESIAN_POINT('Ctrl Pts',(-43.99139748578,-38.9788569450469,-312.976490353704));
#9999=CARTESIAN_POINT('Ctrl Pts',(-43.6835878863165,-38.9895766807413,-312.526733636824));
#10000=CARTESIAN_POINT('Ctrl Pts',(-43.0896715564307,-38.9995908537035,
-311.932817306938));
#10001=CARTESIAN_POINT('Ctrl Pts',(-42.8088482059823,-39.001900381707,-311.714211979725));
#10002=CARTESIAN_POINT('Ctrl Pts',(-42.5,-39.,-311.535898384862));
#10003=CARTESIAN_POINT('Origin',(-42.5,-37.,0.));
#10004=CARTESIAN_POINT('',(42.5,-37.,-310.417424305044));
#10005=CARTESIAN_POINT('',(42.5,-37.,0.));
#10006=CARTESIAN_POINT('',(35.5,-37.,-315.));
#10007=CARTESIAN_POINT('Origin',(40.5,-37.,-315.));
#10008=CARTESIAN_POINT('',(42.5,-37.,-319.582575694956));
#10009=CARTESIAN_POINT('Origin',(40.5,-37.,-315.));
#10010=CARTESIAN_POINT('',(42.5,-37.,-350.));
#10011=CARTESIAN_POINT('',(42.5,-37.,0.));
#10012=CARTESIAN_POINT('',(-42.5,-37.,-350.));
#10013=CARTESIAN_POINT('',(21.25,-37.,-350.));
#10014=CARTESIAN_POINT('',(-42.5,-37.,-319.582575694956));
#10015=CARTESIAN_POINT('',(-42.5,-37.,0.));
#10016=CARTESIAN_POINT('',(-42.5,-37.,-310.417424305044));
#10017=CARTESIAN_POINT('Origin',(-40.5,-37.,-315.));
#10018=CARTESIAN_POINT('',(-42.5,-37.,0.));
#10019=CARTESIAN_POINT('',(-42.5,-37.,0.));
#10020=CARTESIAN_POINT('',(-42.5,-37.,0.));
#10021=CARTESIAN_POINT('',(42.5,-37.,0.));
#10022=CARTESIAN_POINT('',(42.5,-37.,0.));
#10023=CARTESIAN_POINT('',(42.5,-37.,0.));
#10024=CARTESIAN_POINT('',(-35.,-37.,-330.));
#10025=CARTESIAN_POINT('',(35.,-37.,-330.));
#10026=CARTESIAN_POINT('',(-3.75,-37.,-330.));
#10027=CARTESIAN_POINT('',(35.0000000000001,-37.,-160.));
#10028=CARTESIAN_POINT('',(35.0000000000001,-37.,-80.0000000000001));
#10029=CARTESIAN_POINT('',(-35.,-37.,-160.));
#10030=CARTESIAN_POINT('',(-38.7500000000001,-37.,-160.));
#10031=CARTESIAN_POINT('',(-35.,-37.,-165.));
#10032=CARTESIAN_POINT('Origin',(-42.8280430494009,-3.0015825698057,0.));
#10033=CARTESIAN_POINT('',(-45.5,-36.8964294650809,-315.));
#10034=CARTESIAN_POINT('Ctrl Pts',(-42.5,-37.,-310.417424305044));
#10035=CARTESIAN_POINT('Ctrl Pts',(-43.0813115517943,-37.0056089438426,
-310.671129465849));
#10036=CARTESIAN_POINT('Ctrl Pts',(-43.6109929774631,-36.9951976226945,
-311.04037310427));
#10037=CARTESIAN_POINT('Ctrl Pts',(-44.4781479776122,-36.9644294653442,
-311.906611138034));
#10038=CARTESIAN_POINT('Ctrl Pts',(-44.8633506095138,-36.9415749665824,
-312.468959533499));
#10039=CARTESIAN_POINT('Ctrl Pts',(-45.3742842513412,-36.9070720486921,
-313.701405734896));
#10040=CARTESIAN_POINT('Ctrl Pts',(-45.5,-36.8964294650809,-314.371537821008));
#10041=CARTESIAN_POINT('Ctrl Pts',(-45.5,-36.8964294650809,-315.));
#10042=CARTESIAN_POINT('Ctrl Pts',(-45.5,-36.8964294650809,-315.));
#10043=CARTESIAN_POINT('Ctrl Pts',(-45.5,-36.8964294650809,-315.628462178992));
#10044=CARTESIAN_POINT('Ctrl Pts',(-45.3742842513412,-36.9070720486921,
-316.298594265104));
#10045=CARTESIAN_POINT('Ctrl Pts',(-44.8633506095138,-36.9415749665824,
-317.531040466501));
#10046=CARTESIAN_POINT('Ctrl Pts',(-44.4781479776122,-36.9644294653442,
-318.093388861966));
#10047=CARTESIAN_POINT('Ctrl Pts',(-43.6109929774631,-36.9951976226945,
-318.95962689573));
#10048=CARTESIAN_POINT('Ctrl Pts',(-43.0813115517943,-37.0056089438426,
-319.328870534151));
#10049=CARTESIAN_POINT('Ctrl Pts',(-42.5,-37.,-319.582575694956));
#10050=CARTESIAN_POINT('',(-49.245254006302,-36.3904939556929,-350.));
#10051=CARTESIAN_POINT('Origin',(-42.8280430494009,-3.0015825698057,-350.));
#10052=CARTESIAN_POINT('',(-49.245254006302,-36.3904939556929,0.));
#10053=CARTESIAN_POINT('Origin',(-42.8280430494009,-3.0015825698057,0.));
#10054=CARTESIAN_POINT('Origin',(-77.,-14.,-10.));
#10055=CARTESIAN_POINT('',(1.99999999999996,-14.,-33.1721929604616));
#10056=CARTESIAN_POINT('',(1.99999999999996,-14.,-10.));
#10057=CARTESIAN_POINT('',(1.99999999999996,-14.,-9.99999999999999));
#10058=CARTESIAN_POINT('',(64.4817523511668,-14.,-5.));
#10059=CARTESIAN_POINT('Origin',(38.5,-14.,-73.219854476264));
#10060=CARTESIAN_POINT('',(77.,-14.,-5.));
#10061=CARTESIAN_POINT('',(64.4817523511668,-14.,-345.));
#10062=CARTESIAN_POINT('',(77.,-14.,-345.));
#10063=CARTESIAN_POINT('',(1.99999999999999,-14.,-340.));
#10064=CARTESIAN_POINT('Origin',(38.5,-14.,-276.780145523736));
#10065=CARTESIAN_POINT('',(1.99999999999997,-14.,-57.6721929604616));
#10066=CARTESIAN_POINT('',(1.99999999999996,-14.,-9.99999999999999));
#10067=CARTESIAN_POINT('',(-8.88178419700125E-15,-14.,-56.452969366866));
#10068=CARTESIAN_POINT('Origin',(1.99999999999999,-14.,-55.4221929604616));
#10069=CARTESIAN_POINT('',(-1.99999999999999,-14.,-57.6721929604616));
#10070=CARTESIAN_POINT('Origin',(-2.00000000000001,-14.,-55.4221929604616));
#10071=CARTESIAN_POINT('',(-2.00000000000001,-14.,-340.));
#10072=CARTESIAN_POINT('',(-2.,-14.,-175.));
#10073=CARTESIAN_POINT('',(-64.4817523511668,-14.,-345.));
#10074=CARTESIAN_POINT('Origin',(-38.5,-14.,-276.780145523736));
#10075=CARTESIAN_POINT('',(-74.245254006302,-14.,-345.));
#10076=CARTESIAN_POINT('',(-64.4817523511668,-14.,-345.));
#10077=CARTESIAN_POINT('',(-74.245254006302,-14.,-340.));
#10078=CARTESIAN_POINT('',(-74.245254006302,-14.,-340.));
#10079=CARTESIAN_POINT('',(-75.,-14.,-340.));
#10080=CARTESIAN_POINT('',(-75.,-14.,-340.));
#10081=CARTESIAN_POINT('',(-75.,-14.,-345.));
#10082=CARTESIAN_POINT('',(-75.,-14.,0.));
#10083=CARTESIAN_POINT('',(-77.,-14.,-345.));
#10084=CARTESIAN_POINT('',(-64.4817523511667,-14.,-4.99999999999999));
#10085=CARTESIAN_POINT('',(-70.7408761755834,-14.,-4.99999999999999));
#10086=CARTESIAN_POINT('',(-2.00000000000004,-14.,-10.));
#10087=CARTESIAN_POINT('Origin',(-38.5,-14.,-73.2198544762641));
#10088=CARTESIAN_POINT('',(-1.99999999999999,-14.,-33.1721929604616));
#10089=CARTESIAN_POINT('',(-2.,-14.,-175.));
#10090=CARTESIAN_POINT('',(-8.88178419700125E-15,-14.,-34.3914165540572));
#10091=CARTESIAN_POINT('Origin',(-2.00000000000001,-14.,-35.4221929604616));
#10092=CARTESIAN_POINT('Origin',(1.99999999999999,-14.,-35.4221929604616));
#10093=CARTESIAN_POINT('',(-36.5,-14.,-32.9221929604616));
#10094=CARTESIAN_POINT('Origin',(-40.5,-14.,-32.9221929604616));
#10095=CARTESIAN_POINT('Origin',(-30.2669979052388,-17.9993519245327,0.));
#10096=CARTESIAN_POINT('',(-73.4994402224591,16.,0.));
#10097=CARTESIAN_POINT('',(-73.4994402224591,16.,-340.));
#10098=CARTESIAN_POINT('',(-73.4994402224591,16.,0.));
#10099=CARTESIAN_POINT('',(-75.,14.,-340.));
#10100=CARTESIAN_POINT('Origin',(-30.2669979052388,-17.9993519245327,-340.));
#10101=CARTESIAN_POINT('',(-75.,14.,-345.));
#10102=CARTESIAN_POINT('',(-75.,14.,0.));
#10103=CARTESIAN_POINT('',(-75.,14.,-347.));
#10104=CARTESIAN_POINT('',(-75.,14.,0.));
#10105=CARTESIAN_POINT('',(-75.,14.,-350.));
#10106=CARTESIAN_POINT('',(-75.,14.,0.));
#10107=CARTESIAN_POINT('',(-30.,37.,-350.));
#10108=CARTESIAN_POINT('Origin',(-30.2669979052389,-17.9993519245325,-350.));
#10109=CARTESIAN_POINT('',(-30.,37.,0.));
#10110=CARTESIAN_POINT('',(-30.,37.,0.));
#10111=CARTESIAN_POINT('Origin',(-30.2669979052388,-17.9993519245327,0.));
#10112=CARTESIAN_POINT('',(-35.5,36.7511338183009,-315.));
#10113=CARTESIAN_POINT('',(-45.5,34.8490695010974,-315.));
#10114=CARTESIAN_POINT('Ctrl Pts',(-35.5,36.7511338183009,-315.));
#10115=CARTESIAN_POINT('Ctrl Pts',(-35.5,36.7511338183009,-315.627191088042));
#10116=CARTESIAN_POINT('Ctrl Pts',(-35.6252626098936,36.7396136250999,-316.29602738394));
#10117=CARTESIAN_POINT('Ctrl Pts',(-36.1338673949241,36.6874398333309,-317.525794397899));
#10118=CARTESIAN_POINT('Ctrl Pts',(-36.5171983653567,36.6461643976038,-318.086703289341));
#10119=CARTESIAN_POINT('Ctrl Pts',(-37.4052744415115,36.5373130817526,-318.977904261493));
#10120=CARTESIAN_POINT('Ctrl Pts',(-37.9710348729254,36.4619935948274,-319.36474709354));
#10121=CARTESIAN_POINT('Ctrl Pts',(-39.2061957207228,36.2729345930821,-319.875730927962));
#10122=CARTESIAN_POINT('Ctrl Pts',(-39.87544910222,36.1585811615619,-320.));
#10123=CARTESIAN_POINT('Ctrl Pts',(-41.1331513507036,35.9204214850031,-320.));
#10124=CARTESIAN_POINT('Ctrl Pts',(-41.8064085726943,35.780239004824,-319.87264208737));
#10125=CARTESIAN_POINT('Ctrl Pts',(-43.0437211540251,35.4997858455476,-319.356469521416));
#10126=CARTESIAN_POINT('Ctrl Pts',(-43.6079312528473,35.3601055416954,-318.967705204475));
#10127=CARTESIAN_POINT('Ctrl Pts',(-44.4885673039961,35.1320755602451,-318.077858256324));
#10128=CARTESIAN_POINT('Ctrl Pts',(-44.8685297423173,35.0276624924318,-317.520898939983));
#10129=CARTESIAN_POINT('Ctrl Pts',(-45.3743280064565,34.8857836807323,-316.296113063656));
#10130=CARTESIAN_POINT('Ctrl Pts',(-45.5,34.8490695010974,-315.628131910749));
#10131=CARTESIAN_POINT('Ctrl Pts',(-45.5,34.8490695010974,-315.));
#10132=CARTESIAN_POINT('Ctrl Pts',(-45.5,34.8490695010974,-315.));
#10133=CARTESIAN_POINT('Ctrl Pts',(-45.5,34.8490695010974,-314.371868089251));
#10134=CARTESIAN_POINT('Ctrl Pts',(-45.3743280064565,34.8857836807323,-313.703886936344));
#10135=CARTESIAN_POINT('Ctrl Pts',(-44.8685297423173,35.0276624924318,-312.479101060017));
#10136=CARTESIAN_POINT('Ctrl Pts',(-44.4885673039961,35.1320755602451,-311.922141743676));
#10137=CARTESIAN_POINT('Ctrl Pts',(-43.6079312528473,35.3601055416954,-311.032294795525));
#10138=CARTESIAN_POINT('Ctrl Pts',(-43.0437211540251,35.4997858455476,-310.643530478584));
#10139=CARTESIAN_POINT('Ctrl Pts',(-41.8064085726943,35.780239004824,-310.12735791263));
#10140=CARTESIAN_POINT('Ctrl Pts',(-41.1331513507036,35.9204214850031,-310.));
#10141=CARTESIAN_POINT('Ctrl Pts',(-39.87544910222,36.1585811615619,-310.));
#10142=CARTESIAN_POINT('Ctrl Pts',(-39.2061957207228,36.2729345930821,-310.124269072038));
#10143=CARTESIAN_POINT('Ctrl Pts',(-37.9710348729254,36.4619935948274,-310.63525290646));
#10144=CARTESIAN_POINT('Ctrl Pts',(-37.4052744415115,36.5373130817526,-311.022095738507));
#10145=CARTESIAN_POINT('Ctrl Pts',(-36.5171983653567,36.6461643976038,-311.913296710659));
#10146=CARTESIAN_POINT('Ctrl Pts',(-36.133867394924,36.6874398333309,-312.474205602101));
#10147=CARTESIAN_POINT('Ctrl Pts',(-35.6252626098936,36.7396136250999,-313.70397261606));
#10148=CARTESIAN_POINT('Ctrl Pts',(-35.5,36.7511338183009,-314.372808911958));
#10149=CARTESIAN_POINT('Ctrl Pts',(-35.5,36.7511338183009,-315.));
#10150=CARTESIAN_POINT('Origin',(77.,-2.,-340.));
#10151=CARTESIAN_POINT('',(1.99999999999997,-2.,-57.6721929604616));
#10152=CARTESIAN_POINT('',(1.99999999999999,-2.,-340.));
#10153=CARTESIAN_POINT('',(1.99999999999998,-2.,-175.));
#10154=CARTESIAN_POINT('',(64.4817523511668,-2.,-345.));
#10155=CARTESIAN_POINT('Origin',(38.5,-2.,-276.780145523736));
#10156=CARTESIAN_POINT('',(75.,-2.,-345.));
#10157=CARTESIAN_POINT('',(77.,-2.,-345.));
#10158=CARTESIAN_POINT('',(77.,-2.,-345.));
#10159=CARTESIAN_POINT('',(64.4817523511668,-2.,-345.));
#10160=CARTESIAN_POINT('',(77.,-2.,-5.));
#10161=CARTESIAN_POINT('',(77.,-2.,-172.445036380934));
#10162=CARTESIAN_POINT('',(75.,-2.,-5.));
#10163=CARTESIAN_POINT('',(77.,-2.,-5.));
#10164=CARTESIAN_POINT('',(64.8272146598869,-2.,-5.));
#10165=CARTESIAN_POINT('',(64.4817523511668,-2.,-5.));
#10166=CARTESIAN_POINT('',(64.4817523511668,-2.,-5.));
#10167=CARTESIAN_POINT('',(64.4817523511668,-2.,-5.));
#10168=CARTESIAN_POINT('',(1.99999999999996,-2.,-10.));
#10169=CARTESIAN_POINT('Origin',(38.5,-2.,-73.219854476264));
#10170=CARTESIAN_POINT('',(1.99999999999996,-2.,-33.1721929604616));
#10171=CARTESIAN_POINT('',(1.99999999999998,-2.,-175.));
#10172=CARTESIAN_POINT('',(-8.88178419700125E-15,-2.,-34.3914165540572));
#10173=CARTESIAN_POINT('Origin',(1.99999999999999,-2.,-35.4221929604616));
#10174=CARTESIAN_POINT('',(-1.99999999999999,-2.,-33.1721929604616));
#10175=CARTESIAN_POINT('Origin',(-2.00000000000001,-2.,-35.4221929604616));
#10176=CARTESIAN_POINT('',(-2.00000000000004,-2.,-10.));
#10177=CARTESIAN_POINT('',(-2.00000000000001,-2.,-340.));
#10178=CARTESIAN_POINT('',(-64.4817523511667,-2.,-4.99999999999999));
#10179=CARTESIAN_POINT('Origin',(-38.5,-2.,-73.2198544762641));
#10180=CARTESIAN_POINT('',(-75.,-2.,-4.99999999999999));
#10181=CARTESIAN_POINT('',(-77.,-2.,-4.99999999999999));
#10182=CARTESIAN_POINT('',(-77.,-2.,-5.));
#10183=CARTESIAN_POINT('',(-75.,-2.,-5.));
#10184=CARTESIAN_POINT('',(-77.,-2.,-345.));
#10185=CARTESIAN_POINT('',(-77.,-2.,-171.25));
#10186=CARTESIAN_POINT('',(-75.,-2.,-345.));
#10187=CARTESIAN_POINT('',(-77.,-2.,-345.));
#10188=CARTESIAN_POINT('',(-64.4817523511668,-2.,-345.));
#10189=CARTESIAN_POINT('',(-64.4817523511668,-2.,-345.));
#10190=CARTESIAN_POINT('',(-2.00000000000001,-2.,-340.));
#10191=CARTESIAN_POINT('Origin',(-38.5,-2.,-276.780145523736));
#10192=CARTESIAN_POINT('',(-1.99999999999999,-2.,-57.6721929604616));
#10193=CARTESIAN_POINT('',(-2.00000000000001,-2.,-340.));
#10194=CARTESIAN_POINT('',(-8.88178419700125E-15,-2.,-56.452969366866));
#10195=CARTESIAN_POINT('Origin',(-2.00000000000001,-2.,-55.4221929604616));
#10196=CARTESIAN_POINT('Origin',(1.99999999999999,-2.,-55.4221929604616));
#10197=CARTESIAN_POINT('',(35.5,-2.,-315.));
#10198=CARTESIAN_POINT('Origin',(40.5,-2.,-315.));
#10199=CARTESIAN_POINT('',(41.4359186543572,-2.,-340.));
#10200=CARTESIAN_POINT('',(41.4865012739205,-2.,-340.));
#10201=CARTESIAN_POINT('',(19.75,-2.,-340.));
#10202=CARTESIAN_POINT('',(41.4870806799731,-2.,-339.999185363457));
#10203=CARTESIAN_POINT('Origin',(40.9679593271795,-2.,-309.003532232396));
#10204=CARTESIAN_POINT('',(41.4865012739205,-2.,-340.));
#10205=CARTESIAN_POINT('',(-45.5,-2.,-315.));
#10206=CARTESIAN_POINT('Origin',(-40.5,-2.,-315.));
#10207=CARTESIAN_POINT('Origin',(77.,2.,-10.));
#10208=CARTESIAN_POINT('',(1.99999999999999,2.,-290.068356716742));
#10209=CARTESIAN_POINT('',(1.99999999999999,2.,-10.));
#10210=CARTESIAN_POINT('',(1.99999999999999,2.,-10.));
#10211=CARTESIAN_POINT('',(64.4817523511668,2.,-5.00000000000001));
#10212=CARTESIAN_POINT('Origin',(38.5,2.,-73.219854476264));
#10213=CARTESIAN_POINT('',(75.,2.,-5.));
#10214=CARTESIAN_POINT('',(77.,2.,-5.));
#10215=CARTESIAN_POINT('',(77.,2.,-5.));
#10216=CARTESIAN_POINT('',(64.4817523511668,2.,-5.00000000000001));
#10217=CARTESIAN_POINT('',(77.,2.,-345.));
#10218=CARTESIAN_POINT('',(77.,2.,-172.445036380934));
#10219=CARTESIAN_POINT('',(75.,2.,-345.));
#10220=CARTESIAN_POINT('',(77.,2.,-345.));
#10221=CARTESIAN_POINT('',(64.4817523511668,2.,-345.));
#10222=CARTESIAN_POINT('',(64.4817523511668,2.,-345.));
#10223=CARTESIAN_POINT('',(1.99999999999999,2.,-340.));
#10224=CARTESIAN_POINT('Origin',(38.5,2.,-276.780145523736));
#10225=CARTESIAN_POINT('',(1.99999999999999,2.,-314.568356716742));
#10226=CARTESIAN_POINT('',(1.99999999999999,2.,-10.));
#10227=CARTESIAN_POINT('',(-8.88178419700125E-15,2.,-313.349133123146));
#10228=CARTESIAN_POINT('Origin',(1.99999999999999,2.,-312.318356716742));
#10229=CARTESIAN_POINT('',(-2.00000000000001,2.,-314.568356716742));
#10230=CARTESIAN_POINT('Origin',(-2.00000000000001,2.,-312.318356716742));
#10231=CARTESIAN_POINT('',(-2.00000000000001,2.,-340.));
#10232=CARTESIAN_POINT('',(-2.00000000000001,2.,-175.));
#10233=CARTESIAN_POINT('',(-64.4817523511668,2.,-345.));
#10234=CARTESIAN_POINT('Origin',(-38.5,2.,-276.780145523736));
#10235=CARTESIAN_POINT('',(-75.,2.,-345.));
#10236=CARTESIAN_POINT('',(-77.,2.,-345.));
#10237=CARTESIAN_POINT('',(-77.,2.,-345.));
#10238=CARTESIAN_POINT('',(-64.4817523511668,2.,-345.));
#10239=CARTESIAN_POINT('',(-77.,2.,-5.));
#10240=CARTESIAN_POINT('',(-77.,2.,-171.25));
#10241=CARTESIAN_POINT('',(-75.,2.,-5.));
#10242=CARTESIAN_POINT('',(-77.,2.,-5.));
#10243=CARTESIAN_POINT('',(-64.4817523511667,2.,-4.99999999999999));
#10244=CARTESIAN_POINT('',(-64.4817523511667,2.,-4.99999999999999));
#10245=CARTESIAN_POINT('',(-2.00000000000001,2.,-10.));
#10246=CARTESIAN_POINT('Origin',(-38.5,2.,-73.2198544762641));
#10247=CARTESIAN_POINT('',(-2.00000000000001,2.,-290.068356716742));
#10248=CARTESIAN_POINT('',(-2.00000000000001,2.,-175.));
#10249=CARTESIAN_POINT('',(-8.88178419700125E-15,2.,-291.287580310337));
#10250=CARTESIAN_POINT('Origin',(-2.00000000000001,2.,-292.318356716742));
#10251=CARTESIAN_POINT('Origin',(1.99999999999999,2.,-292.318356716742));
#10252=CARTESIAN_POINT('',(35.5,2.,-315.));
#10253=CARTESIAN_POINT('Origin',(40.5,2.,-315.));
#10254=CARTESIAN_POINT('',(-45.5,2.,-315.));
#10255=CARTESIAN_POINT('Origin',(-40.5,2.,-315.));
#10256=CARTESIAN_POINT('Origin',(-49.245254006302,-37.,-350.));
#10257=CARTESIAN_POINT('',(-49.245254006302,-18.9681957120047,-350.));
#10258=CARTESIAN_POINT('Origin',(42.5,-39.,0.));
#10259=CARTESIAN_POINT('',(39.,-39.,-318.708099243548));
#10260=CARTESIAN_POINT('',(39.,-39.,-334.));
#10261=CARTESIAN_POINT('',(39.,-39.,-78.));
#10262=CARTESIAN_POINT('',(-39.,-39.,-334.));
#10263=CARTESIAN_POINT('',(40.75,-39.,-334.));
#10264=CARTESIAN_POINT('',(-39.,-39.,-318.708099243548));
#10265=CARTESIAN_POINT('',(-39.,-39.,-167.));
#10266=CARTESIAN_POINT('Origin',(-40.5,-39.,-315.));
#10267=CARTESIAN_POINT('',(-42.5,-39.,-350.));
#10268=CARTESIAN_POINT('Origin',(40.5,-39.,-315.));
#10269=CARTESIAN_POINT('Origin',(-1.52954481436041E-5,1.93177474017148E-8,
55.));
#10270=CARTESIAN_POINT('',(-50.,3.713,55.));
#10271=CARTESIAN_POINT('',(-50.,-10.787,55.));
#10272=CARTESIAN_POINT('',(-50.,3.713,55.));
#10273=CARTESIAN_POINT('',(-28.787,-32.,55.));
#10274=CARTESIAN_POINT('Origin',(-28.0135985175617,-10.0135985175617,55.));
#10275=CARTESIAN_POINT('',(28.787,-32.,55.));
#10276=CARTESIAN_POINT('',(-28.787,-32.,55.));
#10277=CARTESIAN_POINT('',(50.,-10.784,55.));
#10278=CARTESIAN_POINT('Origin',(28.0134930634303,-10.013602227307,55.));
#10279=CARTESIAN_POINT('',(50.,3.716,55.));
#10280=CARTESIAN_POINT('',(50.,-10.784,55.));
#10281=CARTESIAN_POINT('',(22.,32.,55.));
#10282=CARTESIAN_POINT('Origin',(22.0014403231352,4.00000003704519,55.));
#10283=CARTESIAN_POINT('',(-22.,32.,55.));
#10284=CARTESIAN_POINT('',(22.,32.,55.));
#10285=CARTESIAN_POINT('Origin',(-22.0014709140315,4.00000003863549,55.));
#10286=CARTESIAN_POINT('',(44.,-10.784,55.));
#10287=CARTESIAN_POINT('',(28.787,-26.,55.));
#10288=CARTESIAN_POINT('Origin',(28.0183238776194,-10.0184751347413,55.));
#10289=CARTESIAN_POINT('',(-28.787,-26.,55.));
#10290=CARTESIAN_POINT('',(14.3934923522759,-26.,55.));
#10291=CARTESIAN_POINT('',(-44.,-10.787,55.));
#10292=CARTESIAN_POINT('Origin',(-28.0184681940902,-10.0184681940902,55.));
#10293=CARTESIAN_POINT('',(-44.,3.71300000000001,55.));
#10294=CARTESIAN_POINT('',(-44.,-5.39349999034112,55.));
#10295=CARTESIAN_POINT('',(-22.,26.,55.));
#10296=CARTESIAN_POINT('Origin',(-22.0018721034203,4.00000007965389,55.));
#10297=CARTESIAN_POINT('',(22.,26.,55.));
#10298=CARTESIAN_POINT('',(-11.0000076477241,26.,55.));
#10299=CARTESIAN_POINT('',(44.,3.716,55.));
#10300=CARTESIAN_POINT('Origin',(21.7141669090909,3.716,55.));
#10301=CARTESIAN_POINT('',(44.,1.85800000965888,55.));
#10302=CARTESIAN_POINT('',(-2.,26.1,55.));
#10303=CARTESIAN_POINT('',(-1.99999999999999,29.9,55.));
#10304=CARTESIAN_POINT('',(-2.00000000000003,12.6053032575867,55.));
#10305=CARTESIAN_POINT('',(-22.,26.1,55.));
#10306=CARTESIAN_POINT('',(11.0009044064378,26.1,55.));
#10307=CARTESIAN_POINT('',(-44.1,3.71300000000001,55.));
#10308=CARTESIAN_POINT('Origin',(-22.3079630968806,4.30217536700142,55.));
#10309=CARTESIAN_POINT('',(-44.1,-1.53699999999999,55.));
#10310=CARTESIAN_POINT('',(-44.1,1.46180325758674,55.));
#10311=CARTESIAN_POINT('',(-47.9,-1.53699999999999,55.));
#10312=CARTESIAN_POINT('',(-24.0000121776973,-1.53699999999999,55.));
#10313=CARTESIAN_POINT('',(-47.9,3.71300000000001,55.));
#10314=CARTESIAN_POINT('',(-47.9,-5.78819674241326,55.));
#10315=CARTESIAN_POINT('',(-22.,29.9,55.));
#10316=CARTESIAN_POINT('Origin',(-22.1029057428289,4.1002052254656,55.));
#10317=CARTESIAN_POINT('',(-11.0000121776973,29.9,55.));
#10318=CARTESIAN_POINT('',(-1.90000000000016,-29.9,55.));
#10319=CARTESIAN_POINT('',(-1.90000000000016,-26.1,55.));
#10320=CARTESIAN_POINT('',(-1.90000000000016,-15.3446967424133,55.));
#10321=CARTESIAN_POINT('',(-28.787,-29.9,55.));
#10322=CARTESIAN_POINT('',(14.3934878223027,-29.9,55.));
#10323=CARTESIAN_POINT('',(-47.9,-10.787,55.));
#10324=CARTESIAN_POINT('Origin',(-28.1115252272594,-10.1115252272594,55.));
#10325=CARTESIAN_POINT('',(-47.9,-5.53699999999999,55.));
#10326=CARTESIAN_POINT('',(-47.9,-5.78819674241326,55.));
#10327=CARTESIAN_POINT('',(-44.1,-5.53699999999999,55.));
#10328=CARTESIAN_POINT('',(-22.0000121776973,-5.53699999999999,55.));
#10329=CARTESIAN_POINT('',(-44.1,-10.787,55.));
#10330=CARTESIAN_POINT('',(-44.1,1.46180325758674,55.));
#10331=CARTESIAN_POINT('',(-28.787,-26.1,55.));
#10332=CARTESIAN_POINT('Origin',(-28.307284187351,-10.307284187351,55.));
#10333=CARTESIAN_POINT('',(-14.3935121776973,-26.1,55.));
#10334=CARTESIAN_POINT('',(1.89999999999984,-26.1,55.));
#10335=CARTESIAN_POINT('',(1.89999999999984,-29.9,55.));
#10336=CARTESIAN_POINT('',(1.89999999999983,-13.4446967424133,55.));
#10337=CARTESIAN_POINT('',(28.787,-26.1,55.));
#10338=CARTESIAN_POINT('',(-14.3935121776973,-26.1,55.));
#10339=CARTESIAN_POINT('',(44.1,-10.784,55.));
#10340=CARTESIAN_POINT('Origin',(28.3071932618827,-10.3072869495436,55.));
#10341=CARTESIAN_POINT('',(44.1,-5.534,55.));
#10342=CARTESIAN_POINT('',(44.1,-5.78669674241326,55.));
#10343=CARTESIAN_POINT('',(47.9,-5.534,55.));
#10344=CARTESIAN_POINT('',(23.9999878223027,-5.53400000000001,55.));
#10345=CARTESIAN_POINT('',(47.9,-10.784,55.));
#10346=CARTESIAN_POINT('',(47.9,1.46330325758674,55.));
#10347=CARTESIAN_POINT('',(28.787,-29.9,55.));
#10348=CARTESIAN_POINT('Origin',(28.1114229319868,-10.1115287193484,55.));
#10349=CARTESIAN_POINT('',(14.3934878223027,-29.9,55.));
#10350=CARTESIAN_POINT('',(22.0018331682702,26.1,55.));
#10351=CARTESIAN_POINT('',(44.1,3.716,55.));
#10352=CARTESIAN_POINT('Origin',(22.3078814693284,4.30214839858252,55.));
#10353=CARTESIAN_POINT('',(2.00000000000001,26.1,55.));
#10354=CARTESIAN_POINT('',(11.0009044064378,26.1,55.));
#10355=CARTESIAN_POINT('',(2.00000000000001,29.9,55.));
#10356=CARTESIAN_POINT('',(1.99999999999999,14.6053032575867,55.));
#10357=CARTESIAN_POINT('',(22.0018331682702,29.9,55.));
#10358=CARTESIAN_POINT('',(-11.0000121776973,29.9,55.));
#10359=CARTESIAN_POINT('',(47.9,3.716,55.));
#10360=CARTESIAN_POINT('Origin',(22.102860777822,4.10019780265541,55.));
#10361=CARTESIAN_POINT('',(47.9,-1.534,55.));
#10362=CARTESIAN_POINT('',(47.9,1.46330325758674,55.));
#10363=CARTESIAN_POINT('',(44.1,-1.534,55.));
#10364=CARTESIAN_POINT('',(21.9999878223027,-1.534,55.));
#10365=CARTESIAN_POINT('',(44.1,-5.78669674241326,55.));
#10366=CARTESIAN_POINT('Origin',(-29.829922202881,-17.9997462585837,0.));
#10367=CARTESIAN_POINT('',(-30.,39.,0.));
#10368=CARTESIAN_POINT('',(-30.,39.,-350.));
#10369=CARTESIAN_POINT('',(-30.,39.,0.));
#10370=CARTESIAN_POINT('',(-77.,14.,-350.));
#10371=CARTESIAN_POINT('Origin',(-29.829922202881,-17.9997462585837,-350.));
#10372=CARTESIAN_POINT('',(-77.,14.,-345.));
#10373=CARTESIAN_POINT('',(-77.,14.,0.));
#10374=CARTESIAN_POINT('',(-77.,14.,-5.));
#10375=CARTESIAN_POINT('',(-77.,14.,0.));
#10376=CARTESIAN_POINT('',(-77.,14.,0.));
#10377=CARTESIAN_POINT('',(-77.,14.,0.));
#10378=CARTESIAN_POINT('Origin',(-29.829922202881,-17.9997462585837,0.));
#10379=CARTESIAN_POINT('',(-36.5,38.6086458947038,-315.));
#10380=CARTESIAN_POINT('',(-44.5,37.0800941317667,-315.));
#10381=CARTESIAN_POINT('Ctrl Pts',(-36.5,38.6086458947038,-315.));
#10382=CARTESIAN_POINT('Ctrl Pts',(-36.5,38.6086458947038,-314.498301005214));
#10383=CARTESIAN_POINT('Ctrl Pts',(-36.6001942269267,38.597120878464,-313.963373074585));
#10384=CARTESIAN_POINT('Ctrl Pts',(-37.006765977812,38.547003131727,-312.980000912033));
#10385=CARTESIAN_POINT('Ctrl Pts',(-37.313126636908,38.5080244898444,-312.531569413414));
#10386=CARTESIAN_POINT('Ctrl Pts',(-38.023039745417,38.4095010112136,-311.818559296817));
#10387=CARTESIAN_POINT('Ctrl Pts',(-38.4756240049696,38.3429774647655,-311.50886829565));
#10388=CARTESIAN_POINT('Ctrl Pts',(-39.4640184302621,38.1824116398747,-311.099635808676));
#10389=CARTESIAN_POINT('Ctrl Pts',(-39.9997282319887,38.087992201825,-311.));
#10390=CARTESIAN_POINT('Ctrl Pts',(-41.0056099513385,37.896308416099,-311.));
#10391=CARTESIAN_POINT('Ctrl Pts',(-41.5438042628723,37.7859296225661,-311.101552423629));
#10392=CARTESIAN_POINT('Ctrl Pts',(-42.5335343752418,37.5689041139556,-311.514005355975));
#10393=CARTESIAN_POINT('Ctrl Pts',(-42.9851579549162,37.4626263871891,-311.824889296699));
#10394=CARTESIAN_POINT('Ctrl Pts',(-43.6904544959576,37.2905260108848,-312.537063746481));
#10395=CARTESIAN_POINT('Ctrl Pts',(-43.9947254020139,37.2125902375483,-312.983045613818));
#10396=CARTESIAN_POINT('Ctrl Pts',(-44.3995542236481,37.1071459979971,-313.963328865998));
#10397=CARTESIAN_POINT('Ctrl Pts',(-44.5,37.0800941317667,-314.497725616635));
#10398=CARTESIAN_POINT('Ctrl Pts',(-44.5,37.0800941317667,-315.));
#10399=CARTESIAN_POINT('Ctrl Pts',(-44.5,37.0800941317667,-315.));
#10400=CARTESIAN_POINT('Ctrl Pts',(-44.5,37.0800941317667,-315.502274383365));
#10401=CARTESIAN_POINT('Ctrl Pts',(-44.3995542236481,37.1071459979971,-316.036671134002));
#10402=CARTESIAN_POINT('Ctrl Pts',(-43.9947254020138,37.2125902375483,-317.016954386182));
#10403=CARTESIAN_POINT('Ctrl Pts',(-43.6904544959576,37.2905260108848,-317.462936253519));
#10404=CARTESIAN_POINT('Ctrl Pts',(-42.9851579549162,37.4626263871891,-318.175110703301));
#10405=CARTESIAN_POINT('Ctrl Pts',(-42.5335343752418,37.5689041139556,-318.485994644025));
#10406=CARTESIAN_POINT('Ctrl Pts',(-41.5438042628723,37.7859296225662,-318.898447576371));
#10407=CARTESIAN_POINT('Ctrl Pts',(-41.0056099513385,37.896308416099,-319.));
#10408=CARTESIAN_POINT('Ctrl Pts',(-39.9997282319887,38.087992201825,-319.));
#10409=CARTESIAN_POINT('Ctrl Pts',(-39.4640184302621,38.1824116398747,-318.900364191324));
#10410=CARTESIAN_POINT('Ctrl Pts',(-38.4756240049696,38.3429774647655,-318.49113170435));
#10411=CARTESIAN_POINT('Ctrl Pts',(-38.023039745417,38.4095010112136,-318.181440703183));
#10412=CARTESIAN_POINT('Ctrl Pts',(-37.313126636908,38.5080244898444,-317.468430586586));
#10413=CARTESIAN_POINT('Ctrl Pts',(-37.006765977812,38.547003131727,-317.019999087967));
#10414=CARTESIAN_POINT('Ctrl Pts',(-36.6001942269267,38.597120878464,-316.036626925415));
#10415=CARTESIAN_POINT('Ctrl Pts',(-36.5,38.6086458947038,-315.501698994785));
#10416=CARTESIAN_POINT('Ctrl Pts',(-36.5,38.6086458947038,-315.));
#10417=CARTESIAN_POINT('Origin',(-30.,39.,0.));
#10418=CARTESIAN_POINT('',(28.,39.,-181.5));
#10419=CARTESIAN_POINT('',(-28.,39.,-181.5));
#10420=CARTESIAN_POINT('',(-0.999999999999999,39.,-181.5));
#10421=CARTESIAN_POINT('',(-28.,39.,-18.5));
#10422=CARTESIAN_POINT('',(-28.,39.,-90.75));
#10423=CARTESIAN_POINT('',(28.,39.,-18.5));
#10424=CARTESIAN_POINT('',(-29.,39.,-18.5));
#10425=CARTESIAN_POINT('',(28.,39.,-9.25000000000001));
#10426=CARTESIAN_POINT('',(-26.5,39.,-20.));
#10427=CARTESIAN_POINT('',(-26.5,39.,-180.));
#10428=CARTESIAN_POINT('',(-26.5,39.,-10.));
#10429=CARTESIAN_POINT('',(26.5,39.,-180.));
#10430=CARTESIAN_POINT('',(-28.25,39.,-180.));
#10431=CARTESIAN_POINT('',(26.5,39.,-20.));
#10432=CARTESIAN_POINT('',(26.5,39.,-90.));
#10433=CARTESIAN_POINT('',(-1.75,39.,-20.));
#10434=CARTESIAN_POINT('Origin',(30.,37.,0.));
#10435=CARTESIAN_POINT('',(30.,37.,0.));
#10436=CARTESIAN_POINT('',(-30.,37.,0.));
#10437=CARTESIAN_POINT('',(30.,37.,-350.));
#10438=CARTESIAN_POINT('',(-15.,37.,-350.));
#10439=CARTESIAN_POINT('',(30.,37.,0.));
#10440=CARTESIAN_POINT('',(-26.5,37.,-180.));
#10441=CARTESIAN_POINT('',(-26.5,37.,-20.));
#10442=CARTESIAN_POINT('',(-26.5,37.,-9.99999999999999));
#10443=CARTESIAN_POINT('',(26.5,37.,-20.));
#10444=CARTESIAN_POINT('',(28.25,37.,-20.));
#10445=CARTESIAN_POINT('',(26.5,37.,-180.));
#10446=CARTESIAN_POINT('',(26.5,37.,-90.));
#10447=CARTESIAN_POINT('',(1.74999999999998,37.,-180.));
#10448=CARTESIAN_POINT('Origin',(30.2669979052388,-17.9993519245328,0.));
#10449=CARTESIAN_POINT('',(45.,34.9906343868051,-315.));
#10450=CARTESIAN_POINT('Ctrl Pts',(45.,34.9906343868051,-315.));
#10451=CARTESIAN_POINT('Ctrl Pts',(45.,34.9906343868051,-314.434799325154));
#10452=CARTESIAN_POINT('Ctrl Pts',(44.8869422687021,35.0224630996781,-313.833604340397));
#10453=CARTESIAN_POINT('Ctrl Pts',(44.4316124488196,35.1459144302174,-312.73104307048));
#10454=CARTESIAN_POINT('Ctrl Pts',(44.0894777749533,35.2369334510853,-312.22955254353));
#10455=CARTESIAN_POINT('Ctrl Pts',(43.2964883917764,35.4366261620682,-311.428552312652));
#10456=CARTESIAN_POINT('Ctrl Pts',(42.7885830585355,35.5593567349682,-311.078743886083));
#10457=CARTESIAN_POINT('Ctrl Pts',(41.6750839622377,35.8075336990846,-310.614451025966));
#10458=CARTESIAN_POINT('Ctrl Pts',(41.0693691744696,35.9324993376749,-310.5));
#10459=CARTESIAN_POINT('Ctrl Pts',(39.9375922251757,36.1468136815551,-310.5));
#10460=CARTESIAN_POINT('Ctrl Pts',(39.3351177060851,36.2508627067999,-310.611951270033));
#10461=CARTESIAN_POINT('Ctrl Pts',(38.2233604295802,36.4250256980713,-311.072044445618));
#10462=CARTESIAN_POINT('Ctrl Pts',(37.7142014256158,36.4956359750339,-311.42029736414));
#10463=CARTESIAN_POINT('Ctrl Pts',(36.9151905976543,36.5988306193613,-312.222390561703));
#10464=CARTESIAN_POINT('Ctrl Pts',(36.5703300643138,36.638739185864,-312.727076771237));
#10465=CARTESIAN_POINT('Ctrl Pts',(36.112727989607,36.6895906145983,-313.833667980087));
#10466=CARTESIAN_POINT('Ctrl Pts',(36.,36.7010382658623,-314.435555329022));
#10467=CARTESIAN_POINT('Ctrl Pts',(36.,36.7010382658623,-315.564444670978));
#10468=CARTESIAN_POINT('Ctrl Pts',(36.112727989607,36.6895906145983,-316.166332019913));
#10469=CARTESIAN_POINT('Ctrl Pts',(36.5703300643138,36.638739185864,-317.272923228763));
#10470=CARTESIAN_POINT('Ctrl Pts',(36.9151905976543,36.5988306193613,-317.777609438297));
#10471=CARTESIAN_POINT('Ctrl Pts',(37.7142014256158,36.4956359750339,-318.57970263586));
#10472=CARTESIAN_POINT('Ctrl Pts',(38.2233604295802,36.4250256980713,-318.927955554382));
#10473=CARTESIAN_POINT('Ctrl Pts',(39.3351177060851,36.2508627067999,-319.388048729967));
#10474=CARTESIAN_POINT('Ctrl Pts',(39.9375922251757,36.1468136815551,-319.5));
#10475=CARTESIAN_POINT('Ctrl Pts',(41.0693691744696,35.9324993376749,-319.5));
#10476=CARTESIAN_POINT('Ctrl Pts',(41.6750839622377,35.8075336990846,-319.385548974033));
#10477=CARTESIAN_POINT('Ctrl Pts',(42.7885830585355,35.5593567349682,-318.921256113917));
#10478=CARTESIAN_POINT('Ctrl Pts',(43.2964883917764,35.4366261620682,-318.571447687348));
#10479=CARTESIAN_POINT('Ctrl Pts',(44.0894777749534,35.2369334510853,-317.77044745647));
#10480=CARTESIAN_POINT('Ctrl Pts',(44.4316124488196,35.1459144302174,-317.26895692952));
#10481=CARTESIAN_POINT('Ctrl Pts',(44.8869422687021,35.0224630996781,-316.166395659603));
#10482=CARTESIAN_POINT('Ctrl Pts',(45.,34.9906343868051,-315.565200674846));
#10483=CARTESIAN_POINT('Ctrl Pts',(45.,34.9906343868051,-315.));
#10484=CARTESIAN_POINT('',(44.5,35.1271165386592,-315.));
#10485=CARTESIAN_POINT('',(36.5,36.6463220569153,-315.));
#10486=CARTESIAN_POINT('Ctrl Pts',(44.5,35.1271165386592,-315.));
#10487=CARTESIAN_POINT('Ctrl Pts',(44.5,35.1271165386592,-315.502303493073));
#10488=CARTESIAN_POINT('Ctrl Pts',(44.399543170242,35.1543398239351,-316.036712083844));
#10489=CARTESIAN_POINT('Ctrl Pts',(43.9947052699808,35.2603310662999,-317.016988950027));
#10490=CARTESIAN_POINT('Ctrl Pts',(43.6904376848405,35.3386257698894,-317.462955200097));
#10491=CARTESIAN_POINT('Ctrl Pts',(42.9851958373762,35.5112307639139,-318.175070431253));
#10492=CARTESIAN_POINT('Ctrl Pts',(42.5336256794303,35.6176834024423,-318.485940069005));
#10493=CARTESIAN_POINT('Ctrl Pts',(41.5439230428218,35.8345369710903,-318.898414598951));
#10494=CARTESIAN_POINT('Ctrl Pts',(41.0056988056921,35.9445560183819,-319.));
#10495=CARTESIAN_POINT('Ctrl Pts',(39.9997980540044,36.1350343275055,-319.));
#10496=CARTESIAN_POINT('Ctrl Pts',(39.4641320235362,36.228530138583,-318.900388158816));
#10497=CARTESIAN_POINT('Ctrl Pts',(38.475804875017,36.3869143303237,-318.491229648888));
#10498=CARTESIAN_POINT('Ctrl Pts',(38.0232456440836,36.452193951303,-318.181588424063));
#10499=CARTESIAN_POINT('Ctrl Pts',(37.3132496264598,36.5485794328075,-317.4686122942));
#10500=CARTESIAN_POINT('Ctrl Pts',(37.0068301446694,36.5865124654843,-317.020123511966));
#10501=CARTESIAN_POINT('Ctrl Pts',(36.6001976033649,36.635183959207,-316.036665862797));
#10502=CARTESIAN_POINT('Ctrl Pts',(36.5,36.6463220569153,-315.501710423965));
#10503=CARTESIAN_POINT('Ctrl Pts',(36.5,36.6463220569153,-315.));
#10504=CARTESIAN_POINT('Ctrl Pts',(36.5,36.6463220569153,-315.));
#10505=CARTESIAN_POINT('Ctrl Pts',(36.5,36.6463220569153,-314.498289576035));
#10506=CARTESIAN_POINT('Ctrl Pts',(36.6001976033649,36.635183959207,-313.963334137203));
#10507=CARTESIAN_POINT('Ctrl Pts',(37.0068301446693,36.5865124654843,-312.979876488034));
#10508=CARTESIAN_POINT('Ctrl Pts',(37.3132496264598,36.5485794328075,-312.5313877058));
#10509=CARTESIAN_POINT('Ctrl Pts',(38.0232456440836,36.452193951303,-311.818411575937));
#10510=CARTESIAN_POINT('Ctrl Pts',(38.475804875017,36.3869143303237,-311.508770351112));
#10511=CARTESIAN_POINT('Ctrl Pts',(39.4641320235362,36.228530138583,-311.099611841184));
#10512=CARTESIAN_POINT('Ctrl Pts',(39.9997980540044,36.1350343275055,-311.));
#10513=CARTESIAN_POINT('Ctrl Pts',(41.0056988056921,35.9445560183819,-311.));
#10514=CARTESIAN_POINT('Ctrl Pts',(41.5439230428218,35.8345369710903,-311.101585401049));
#10515=CARTESIAN_POINT('Ctrl Pts',(42.5336256794303,35.6176834024423,-311.514059930995));
#10516=CARTESIAN_POINT('Ctrl Pts',(42.9851958373762,35.5112307639139,-311.824929568747));
#10517=CARTESIAN_POINT('Ctrl Pts',(43.6904376848405,35.3386257698894,-312.537044799903));
#10518=CARTESIAN_POINT('Ctrl Pts',(43.9947052699807,35.2603310662999,-312.983011049973));
#10519=CARTESIAN_POINT('Ctrl Pts',(44.399543170242,35.1543398239351,-313.963287916156));
#10520=CARTESIAN_POINT('Ctrl Pts',(44.5,35.1271165386592,-314.497696506927));
#10521=CARTESIAN_POINT('Ctrl Pts',(44.5,35.1271165386592,-315.));
#10522=CARTESIAN_POINT('Origin',(-77.,-14.,-10.));
#10523=CARTESIAN_POINT('',(-64.4817523511667,-14.,-3.));
#10524=CARTESIAN_POINT('',(-75.,-14.,-3.));
#10525=CARTESIAN_POINT('',(-77.,-14.,-3.));
#10526=CARTESIAN_POINT('',(-75.,-14.,0.));
#10527=CARTESIAN_POINT('Origin',(-38.5,-14.,-71.2198544762639));
#10528=CARTESIAN_POINT('Origin',(-30.2669979052388,-17.9993519245327,0.));
#10529=CARTESIAN_POINT('',(-36.,36.7010382658623,-315.));
#10530=CARTESIAN_POINT('Ctrl Pts',(-36.,36.7010382658623,-315.));
#10531=CARTESIAN_POINT('Ctrl Pts',(-36.,36.7010382658623,-314.435555329022));
#10532=CARTESIAN_POINT('Ctrl Pts',(-36.112727989607,36.6895906145983,-313.833667980087));
#10533=CARTESIAN_POINT('Ctrl Pts',(-36.5703300643138,36.638739185864,-312.727076771237));
#10534=CARTESIAN_POINT('Ctrl Pts',(-36.9151905976543,36.5988306193613,-312.222390561703));
#10535=CARTESIAN_POINT('Ctrl Pts',(-37.7142014256158,36.4956359750339,-311.42029736414));
#10536=CARTESIAN_POINT('Ctrl Pts',(-38.2233604295802,36.4250256980713,-311.072044445618));
#10537=CARTESIAN_POINT('Ctrl Pts',(-39.3351177060851,36.2508627067999,-310.611951270033));
#10538=CARTESIAN_POINT('Ctrl Pts',(-39.9375922251757,36.1468136815551,-310.5));
#10539=CARTESIAN_POINT('Ctrl Pts',(-41.0693691744696,35.9324993376749,-310.5));
#10540=CARTESIAN_POINT('Ctrl Pts',(-41.6750839622377,35.8075336990846,-310.614451025967));
#10541=CARTESIAN_POINT('Ctrl Pts',(-42.7885830585355,35.5593567349682,-311.078743886083));
#10542=CARTESIAN_POINT('Ctrl Pts',(-43.2964883917764,35.4366261620682,-311.428552312652));
#10543=CARTESIAN_POINT('Ctrl Pts',(-44.0894777749534,35.2369334510854,-312.22955254353));
#10544=CARTESIAN_POINT('Ctrl Pts',(-44.4316124488196,35.1459144302174,-312.73104307048));
#10545=CARTESIAN_POINT('Ctrl Pts',(-44.8869422687021,35.0224630996782,-313.833604340397));
#10546=CARTESIAN_POINT('Ctrl Pts',(-45.,34.9906343868051,-314.434799325154));
#10547=CARTESIAN_POINT('Ctrl Pts',(-45.,34.9906343868051,-315.565200674846));
#10548=CARTESIAN_POINT('Ctrl Pts',(-44.8869422687021,35.0224630996782,-316.166395659603));
#10549=CARTESIAN_POINT('Ctrl Pts',(-44.4316124488196,35.1459144302174,-317.26895692952));
#10550=CARTESIAN_POINT('Ctrl Pts',(-44.0894777749534,35.2369334510854,-317.77044745647));
#10551=CARTESIAN_POINT('Ctrl Pts',(-43.2964883917764,35.4366261620682,-318.571447687348));
#10552=CARTESIAN_POINT('Ctrl Pts',(-42.7885830585355,35.5593567349682,-318.921256113917));
#10553=CARTESIAN_POINT('Ctrl Pts',(-41.6750839622377,35.8075336990846,-319.385548974033));
#10554=CARTESIAN_POINT('Ctrl Pts',(-41.0693691744696,35.9324993376749,-319.5));
#10555=CARTESIAN_POINT('Ctrl Pts',(-39.9375922251757,36.1468136815551,-319.5));
#10556=CARTESIAN_POINT('Ctrl Pts',(-39.3351177060851,36.2508627067999,-319.388048729967));
#10557=CARTESIAN_POINT('Ctrl Pts',(-38.2233604295802,36.4250256980713,-318.927955554382));
#10558=CARTESIAN_POINT('Ctrl Pts',(-37.7142014256158,36.4956359750339,-318.57970263586));
#10559=CARTESIAN_POINT('Ctrl Pts',(-36.9151905976543,36.5988306193613,-317.777609438297));
#10560=CARTESIAN_POINT('Ctrl Pts',(-36.5703300643138,36.638739185864,-317.272923228763));
#10561=CARTESIAN_POINT('Ctrl Pts',(-36.112727989607,36.6895906145983,-316.166332019913));
#10562=CARTESIAN_POINT('Ctrl Pts',(-36.,36.7010382658623,-315.564444670978));
#10563=CARTESIAN_POINT('Ctrl Pts',(-36.,36.7010382658623,-315.));
#10564=CARTESIAN_POINT('',(-36.5,36.6463220569153,-315.));
#10565=CARTESIAN_POINT('',(-44.5,35.1271165386592,-315.));
#10566=CARTESIAN_POINT('Ctrl Pts',(-36.5,36.6463220569153,-315.));
#10567=CARTESIAN_POINT('Ctrl Pts',(-36.5,36.6463220569153,-315.501710423965));
#10568=CARTESIAN_POINT('Ctrl Pts',(-36.6001976033649,36.635183959207,-316.036665862797));
#10569=CARTESIAN_POINT('Ctrl Pts',(-37.0068301446693,36.5865124654843,-317.020123511966));
#10570=CARTESIAN_POINT('Ctrl Pts',(-37.3132496264598,36.5485794328075,-317.4686122942));
#10571=CARTESIAN_POINT('Ctrl Pts',(-38.0232456440836,36.452193951303,-318.181588424063));
#10572=CARTESIAN_POINT('Ctrl Pts',(-38.475804875017,36.3869143303237,-318.491229648888));
#10573=CARTESIAN_POINT('Ctrl Pts',(-39.4641320235363,36.228530138583,-318.900388158816));
#10574=CARTESIAN_POINT('Ctrl Pts',(-39.9997980540044,36.1350343275055,-319.));
#10575=CARTESIAN_POINT('Ctrl Pts',(-41.0056988056921,35.9445560183819,-319.));
#10576=CARTESIAN_POINT('Ctrl Pts',(-41.5439230428218,35.8345369710903,-318.898414598951));
#10577=CARTESIAN_POINT('Ctrl Pts',(-42.5336256794304,35.6176834024423,-318.485940069005));
#10578=CARTESIAN_POINT('Ctrl Pts',(-42.9851958373762,35.5112307639139,-318.175070431253));
#10579=CARTESIAN_POINT('Ctrl Pts',(-43.6904376848405,35.3386257698894,-317.462955200097));
#10580=CARTESIAN_POINT('Ctrl Pts',(-43.9947052699808,35.2603310662999,-317.016988950027));
#10581=CARTESIAN_POINT('Ctrl Pts',(-44.399543170242,35.1543398239351,-316.036712083844));
#10582=CARTESIAN_POINT('Ctrl Pts',(-44.5,35.1271165386592,-315.502303493073));
#10583=CARTESIAN_POINT('Ctrl Pts',(-44.5,35.1271165386592,-315.));
#10584=CARTESIAN_POINT('Ctrl Pts',(-44.5,35.1271165386592,-315.));
#10585=CARTESIAN_POINT('Ctrl Pts',(-44.5,35.1271165386592,-314.497696506927));
#10586=CARTESIAN_POINT('Ctrl Pts',(-44.399543170242,35.1543398239351,-313.963287916156));
#10587=CARTESIAN_POINT('Ctrl Pts',(-43.9947052699808,35.2603310662999,-312.983011049973));
#10588=CARTESIAN_POINT('Ctrl Pts',(-43.6904376848406,35.3386257698894,-312.537044799903));
#10589=CARTESIAN_POINT('Ctrl Pts',(-42.9851958373762,35.5112307639139,-311.824929568747));
#10590=CARTESIAN_POINT('Ctrl Pts',(-42.5336256794304,35.6176834024423,-311.514059930995));
#10591=CARTESIAN_POINT('Ctrl Pts',(-41.5439230428218,35.8345369710903,-311.101585401049));
#10592=CARTESIAN_POINT('Ctrl Pts',(-41.0056988056921,35.9445560183819,-311.));
#10593=CARTESIAN_POINT('Ctrl Pts',(-39.9997980540044,36.1350343275055,-311.));
#10594=CARTESIAN_POINT('Ctrl Pts',(-39.4641320235362,36.228530138583,-311.099611841184));
#10595=CARTESIAN_POINT('Ctrl Pts',(-38.475804875017,36.3869143303237,-311.508770351112));
#10596=CARTESIAN_POINT('Ctrl Pts',(-38.0232456440836,36.452193951303,-311.818411575937));
#10597=CARTESIAN_POINT('Ctrl Pts',(-37.3132496264598,36.5485794328075,-312.5313877058));
#10598=CARTESIAN_POINT('Ctrl Pts',(-37.0068301446693,36.5865124654843,-312.979876488034));
#10599=CARTESIAN_POINT('Ctrl Pts',(-36.6001976033649,36.635183959207,-313.963334137203));
#10600=CARTESIAN_POINT('Ctrl Pts',(-36.5,36.6463220569153,-314.498289576035));
#10601=CARTESIAN_POINT('Ctrl Pts',(-36.5,36.6463220569153,-315.));
#10602=CARTESIAN_POINT('Origin',(-4.44089209850063E-15,15.,-340.));
#10603=CARTESIAN_POINT('',(1.99999999999999,14.,-340.));
#10604=CARTESIAN_POINT('',(-2.00000000000001,14.,-340.));
#10605=CARTESIAN_POINT('',(-2.22044604925031E-15,14.,-340.));
#10606=CARTESIAN_POINT('',(75.,14.,-340.));
#10607=CARTESIAN_POINT('',(73.4994402224591,16.,-340.));
#10608=CARTESIAN_POINT('',(-73.4994402224591,16.,-340.));
#10609=CARTESIAN_POINT('',(75.,14.,-340.));
#10610=CARTESIAN_POINT('Origin',(30.2669979052388,-17.9993519245328,-340.));
#10611=CARTESIAN_POINT('',(75.,14.,-340.));
#10612=CARTESIAN_POINT('Origin',(73.4994402224591,16.,-340.));
#10613=CARTESIAN_POINT('',(-36.,16.,-315.));
#10614=CARTESIAN_POINT('Origin',(-40.5,16.,-315.));
#10615=CARTESIAN_POINT('',(-44.5,16.,-315.));
#10616=CARTESIAN_POINT('Origin',(-40.5,16.,-315.));
#10617=CARTESIAN_POINT('Origin',(0.,-15.,-340.));
#10618=CARTESIAN_POINT('',(-74.245254006302,-15.5,-340.));
#10619=CARTESIAN_POINT('Origin',(-42.8280430494009,-3.0015825698057,-340.));
#10620=CARTESIAN_POINT('Ctrl Pts',(30.,39.,-350.));
#10621=CARTESIAN_POINT('Ctrl Pts',(27.3333333333333,36.6666666666667,-368.333333333333));
#10622=CARTESIAN_POINT('Ctrl Pts',(24.6666666666667,34.3333333333333,-386.666666666667));
#10623=CARTESIAN_POINT('Ctrl Pts',(22.,32.,-405.));
#10624=CARTESIAN_POINT('Ctrl Pts',(35.2751205451849,38.9842599144601,-350.));
#10625=CARTESIAN_POINT('Ctrl Pts',(32.255203104806,36.6571274416231,-368.333333333333));
#10626=CARTESIAN_POINT('Ctrl Pts',(29.2358928995822,34.327349343087,-386.666666666667));
#10627=CARTESIAN_POINT('Ctrl Pts',(26.2159754592033,32.00021687025,-405.));
#10628=CARTESIAN_POINT('Ctrl Pts',(45.8204475426359,37.4787099469374,-350.));
#10629=CARTESIAN_POINT('Ctrl Pts',(42.0955723884151,35.0071992274508,-368.333333333333));
#10630=CARTESIAN_POINT('Ctrl Pts',(38.3700430491047,32.5349412172728,-386.666666666667));
#10631=CARTESIAN_POINT('Ctrl Pts',(34.645167894884,30.0634304977863,-405.));
#10632=CARTESIAN_POINT('Ctrl Pts',(60.4144093618958,30.9718223230134,-350.));
#10633=CARTESIAN_POINT('Ctrl Pts',(55.1947947666443,27.9585697332394,-368.333333333333));
#10634=CARTESIAN_POINT('Ctrl Pts',(49.9756017587282,24.9442759369774,-386.666666666667));
#10635=CARTESIAN_POINT('Ctrl Pts',(44.7559871634767,21.9310233472035,-405.));
#10636=CARTESIAN_POINT('Ctrl Pts',(70.6232022462135,22.4232081387032,-350.));
#10637=CARTESIAN_POINT('Ctrl Pts',(63.5407517276797,19.0007093049135,-368.333333333333));
#10638=CARTESIAN_POINT('Ctrl Pts',(56.4571199606451,15.578564805642,-386.666666666667));
#10639=CARTESIAN_POINT('Ctrl Pts',(49.3746694421113,12.1560659718523,-405.));
#10640=CARTESIAN_POINT('Ctrl Pts',(75.5192695581172,16.1827101245041,-350.));
#10641=CARTESIAN_POINT('Ctrl Pts',(67.0192964758864,12.7298480686669,-368.333333333333));
#10642=CARTESIAN_POINT('Ctrl Pts',(58.5213541034484,9.2767413531028,-386.666666666667));
#10643=CARTESIAN_POINT('Ctrl Pts',(50.0213810212175,5.82387929726562,-405.));
#10644=CARTESIAN_POINT('Ctrl Pts',(77.,14.,-350.));
#10645=CARTESIAN_POINT('Ctrl Pts',(68.,10.572,-368.333333333333));
#10646=CARTESIAN_POINT('Ctrl Pts',(59.,7.14399999999999,-386.666666666667));
#10647=CARTESIAN_POINT('Ctrl Pts',(50.,3.71599999999999,-405.));
#10648=CARTESIAN_POINT('',(30.,39.,-350.));
#10649=CARTESIAN_POINT('',(77.,14.,-350.));
#10650=CARTESIAN_POINT('Origin',(29.829922202881,-17.9997462585836,-350.));
#10651=CARTESIAN_POINT('',(50.,3.71599999999999,-405.));
#10652=CARTESIAN_POINT('',(77.,14.,-350.));
#10653=CARTESIAN_POINT('',(22.,32.,-405.));
#10654=CARTESIAN_POINT('Origin',(22.0014403231352,4.00000003704519,-405.));
#10655=CARTESIAN_POINT('',(30.,39.,-350.));
#10656=CARTESIAN_POINT('Origin',(-30.,39.,-350.));
#10657=CARTESIAN_POINT('',(30.,39.,-350.));
#10658=CARTESIAN_POINT('',(-22.,32.,-405.));
#10659=CARTESIAN_POINT('',(22.,32.,-405.));
#10660=CARTESIAN_POINT('',(-30.,39.,-350.));
#10661=CARTESIAN_POINT('Ctrl Pts',(-77.,14.,-350.));
#10662=CARTESIAN_POINT('Ctrl Pts',(-68.,10.571,-368.333333333333));
#10663=CARTESIAN_POINT('Ctrl Pts',(-59.,7.142,-386.666666666667));
#10664=CARTESIAN_POINT('Ctrl Pts',(-50.,3.713,-405.));
#10665=CARTESIAN_POINT('Ctrl Pts',(-74.0385391162345,18.3654202490082,-350.));
#10666=CARTESIAN_POINT('Ctrl Pts',(-66.0410144303498,14.8862154291287,-368.333333333333));
#10667=CARTESIAN_POINT('Ctrl Pts',(-58.0407413988042,11.4082474358691,-386.666666666667));
#10668=CARTESIAN_POINT('Ctrl Pts',(-50.0432167129196,7.92904261598957,-405.));
#10669=CARTESIAN_POINT('Ctrl Pts',(-66.8960407489359,26.2682880351274,-350.));
#10670=CARTESIAN_POINT('Ctrl Pts',(-60.6617330253451,22.9717298443336,-368.333333333333));
#10671=CARTESIAN_POINT('Ctrl Pts',(-54.4265405922653,19.6746863553135,-386.666666666667));
#10672=CARTESIAN_POINT('Ctrl Pts',(-48.1922328686746,16.3781281645198,-405.));
#10673=CARTESIAN_POINT('Ctrl Pts',(-53.3434573182126,34.7329670318274,-350.));
#10674=CARTESIAN_POINT('Ctrl Pts',(-48.9500833759882,32.0123442929121,-368.333333333333));
#10675=CARTESIAN_POINT('Ctrl Pts',(-44.5556879685142,29.2923445755312,-386.666666666667));
#10676=CARTESIAN_POINT('Ctrl Pts',(-40.1623140262898,26.5717218366159,-405.));
#10677=CARTESIAN_POINT('Ctrl Pts',(-40.548830900858,38.4202141757398,-350.));
#10678=CARTESIAN_POINT('Ctrl Pts',(-37.1771485378345,36.0436706647062,-368.333333333333));
#10679=CARTESIAN_POINT('Ctrl Pts',(-33.8055866446672,33.6659849009865,-386.666666666667));
#10680=CARTESIAN_POINT('Ctrl Pts',(-30.4339042816437,31.2894413899529,-405.));
#10681=CARTESIAN_POINT('Ctrl Pts',(-32.6375602725924,38.9921299572301,-350.));
#10682=CARTESIAN_POINT('Ctrl Pts',(-29.7943630027341,36.6608234500198,-368.333333333333));
#10683=CARTESIAN_POINT('Ctrl Pts',(-26.9513293206949,34.3314172529609,-386.666666666667));
#10684=CARTESIAN_POINT('Ctrl Pts',(-24.1081320508365,32.0001107457507,-405.));
#10685=CARTESIAN_POINT('Ctrl Pts',(-30.,39.,-350.));
#10686=CARTESIAN_POINT('Ctrl Pts',(-27.3333333333333,36.6666666666667,-368.333333333333));
#10687=CARTESIAN_POINT('Ctrl Pts',(-24.6666666666667,34.3333333333333,-386.666666666667));
#10688=CARTESIAN_POINT('Ctrl Pts',(-22.,32.,-405.));
#10689=CARTESIAN_POINT('',(-50.,3.713,-405.));
#10690=CARTESIAN_POINT('Origin',(-22.0014709140315,4.00000003863549,-405.));
#10691=CARTESIAN_POINT('',(-77.,14.,-350.));
#10692=CARTESIAN_POINT('Origin',(-77.,-14.,-350.));
#10693=CARTESIAN_POINT('',(-77.,14.,-350.));
#10694=CARTESIAN_POINT('',(-50.,-10.787,-405.));
#10695=CARTESIAN_POINT('',(-50.,3.713,-405.));
#10696=CARTESIAN_POINT('',(-77.,-14.,-350.));
#10697=CARTESIAN_POINT('Ctrl Pts',(-42.5,-39.,-350.));
#10698=CARTESIAN_POINT('Ctrl Pts',(-37.929,-36.6666666666667,-368.333333333333));
#10699=CARTESIAN_POINT('Ctrl Pts',(-33.358,-34.3333333333333,-386.666666666667));
#10700=CARTESIAN_POINT('Ctrl Pts',(-28.787,-32.,-405.));
#10701=CARTESIAN_POINT('Ctrl Pts',(-46.8420232457658,-39.0267170130431,
-350.));
#10702=CARTESIAN_POINT('Ctrl Pts',(-41.8709595882906,-36.6477988658899,
-368.333333333333));
#10703=CARTESIAN_POINT('Ctrl Pts',(-36.8999677757824,-34.2683974098366,
-386.666666666667));
#10704=CARTESIAN_POINT('Ctrl Pts',(-31.9289041183072,-31.8894792626834,
-405.));
#10705=CARTESIAN_POINT('Ctrl Pts',(-55.5344140592786,-37.4910084512718,
-350.));
#10706=CARTESIAN_POINT('Ctrl Pts',(-49.7438750897266,-35.0940066009035,
-368.333333333333));
#10707=CARTESIAN_POINT('Ctrl Pts',(-43.9531040958521,-32.6969047895956,
-386.666666666667));
#10708=CARTESIAN_POINT('Ctrl Pts',(-38.1625651263001,-30.2999029392272,
-405.));
#10709=CARTESIAN_POINT('Ctrl Pts',(-66.9159470997805,-30.7230541667785,
-350.));
#10710=CARTESIAN_POINT('Ctrl Pts',(-59.8370106805685,-28.564188646203,-368.333333333333));
#10711=CARTESIAN_POINT('Ctrl Pts',(-52.7582790796041,-26.4050244504636,
-386.666666666667));
#10712=CARTESIAN_POINT('Ctrl Pts',(-45.6793426603921,-24.246158929888,-405.));
#10713=CARTESIAN_POINT('Ctrl Pts',(-73.7871605517019,-22.0899050031512,
-350.));
#10714=CARTESIAN_POINT('Ctrl Pts',(-65.6168524451532,-20.4111598057247,
-368.333333333333));
#10715=CARTESIAN_POINT('Ctrl Pts',(-57.4462941664356,-18.7325856217,-386.666666666667));
#10716=CARTESIAN_POINT('Ctrl Pts',(-49.2759860598869,-17.0538404242735,
-405.));
#10717=CARTESIAN_POINT('Ctrl Pts',(-76.336663877656,-16.0672336842221,-350.));
#10718=CARTESIAN_POINT('Ctrl Pts',(-67.5392121040182,-14.8309007485247,
-368.333333333333));
#10719=CARTESIAN_POINT('Ctrl Pts',(-58.7421914049796,-13.594284994851,-386.666666666667));
#10720=CARTESIAN_POINT('Ctrl Pts',(-49.9447396313417,-12.3579520591536,
-405.));
#10721=CARTESIAN_POINT('Ctrl Pts',(-77.,-14.,-350.));
#10722=CARTESIAN_POINT('Ctrl Pts',(-68.,-12.929,-368.333333333333));
#10723=CARTESIAN_POINT('Ctrl Pts',(-59.,-11.858,-386.666666666667));
#10724=CARTESIAN_POINT('Ctrl Pts',(-50.,-10.787,-405.));
#10725=CARTESIAN_POINT('',(-28.787,-32.,-405.));
#10726=CARTESIAN_POINT('Origin',(-28.0135985175617,-10.0135985175617,-405.));
#10727=CARTESIAN_POINT('',(-42.5,-39.,-350.));
#10728=CARTESIAN_POINT('Origin',(42.5,-39.,-350.));
#10729=CARTESIAN_POINT('',(28.787,-32.,-405.));
#10730=CARTESIAN_POINT('',(-28.787,-32.,-405.));
#10731=CARTESIAN_POINT('',(42.5,-39.,-350.));
#10732=CARTESIAN_POINT('Ctrl Pts',(77.,-14.,-350.));
#10733=CARTESIAN_POINT('Ctrl Pts',(68.,-12.928,-368.333333333333));
#10734=CARTESIAN_POINT('Ctrl Pts',(59.,-11.856,-386.666666666667));
#10735=CARTESIAN_POINT('Ctrl Pts',(50.,-10.784,-405.));
#10736=CARTESIAN_POINT('Ctrl Pts',(75.6733277553121,-18.1344673684443,-350.));
#10737=CARTESIAN_POINT('Ctrl Pts',(67.0790090481333,-16.7314630563616,-368.333333333333));
#10738=CARTESIAN_POINT('Ctrl Pts',(58.4842175346562,-15.3291995249932,-386.666666666667));
#10739=CARTESIAN_POINT('Ctrl Pts',(49.8898988274774,-13.9261952129105,-405.));
#10740=CARTESIAN_POINT('Ctrl Pts',(71.5072508092599,-25.9164890672668,-350.));
#10741=CARTESIAN_POINT('Ctrl Pts',(63.7719009841933,-23.9978556192289,-368.333333333333));
#10742=CARTESIAN_POINT('Ctrl Pts',(56.0362603719398,-22.0792494059846,-386.666666666667));
#10743=CARTESIAN_POINT('Ctrl Pts',(48.3009105468733,-20.1606159579466,-405.));
#10744=CARTESIAN_POINT('Ctrl Pts',(61.5316922405074,-34.6246881227929,-350.));
#10745=CARTESIAN_POINT('Ctrl Pts',(55.1035695823592,-32.3091834719913,-368.333333333333));
#10746=CARTESIAN_POINT('Ctrl Pts',(48.6753354983608,-29.9940743839633,-386.666666666667));
#10747=CARTESIAN_POINT('Ctrl Pts',(42.2472128402126,-27.6785697331617,-405.));
#10748=CARTESIAN_POINT('Ctrl Pts',(51.1881386192602,-38.4660078527588,-350.));
#10749=CARTESIAN_POINT('Ctrl Pts',(45.8102490647836,-36.0693495080935,-368.333333333333));
#10750=CARTESIAN_POINT('Ctrl Pts',(40.4322758028596,-33.6725069550458,-386.666666666667));
#10751=CARTESIAN_POINT('Ctrl Pts',(35.0543862483831,-31.2758486103805,-405.));
#10752=CARTESIAN_POINT('Ctrl Pts',(44.6710116228829,-39.0133585065216,-350.));
#10753=CARTESIAN_POINT('Ctrl Pts',(39.8999897732273,-36.657038277146,-368.333333333333));
#10754=CARTESIAN_POINT('Ctrl Pts',(35.1291116555491,-34.3010474704909,-386.666666666667));
#10755=CARTESIAN_POINT('Ctrl Pts',(30.3580898058934,-31.9447272411153,-405.));
#10756=CARTESIAN_POINT('Ctrl Pts',(42.5,-39.,-350.));
#10757=CARTESIAN_POINT('Ctrl Pts',(37.929,-36.6666666666667,-368.333333333333));
#10758=CARTESIAN_POINT('Ctrl Pts',(33.358,-34.3333333333333,-386.666666666667));
#10759=CARTESIAN_POINT('Ctrl Pts',(28.787,-32.,-405.));
#10760=CARTESIAN_POINT('',(50.,-10.784,-405.));
#10761=CARTESIAN_POINT('Origin',(28.0134930634303,-10.013602227307,-405.));
#10762=CARTESIAN_POINT('',(77.,-14.,-350.));
#10763=CARTESIAN_POINT('Origin',(77.,14.,-350.));
#10764=CARTESIAN_POINT('',(77.,-14.,-350.));
#10765=CARTESIAN_POINT('',(50.,-10.784,-405.));
#10766=CARTESIAN_POINT('Origin',(-22.1029057428289,4.1002052254656,55.));
#10767=CARTESIAN_POINT('',(-47.9,3.71300000000001,80.));
#10768=CARTESIAN_POINT('',(-47.9,3.71300000000001,55.));
#10769=CARTESIAN_POINT('',(-22.,29.9,80.));
#10770=CARTESIAN_POINT('Origin',(-22.1029057428289,4.1002052254656,80.));
#10771=CARTESIAN_POINT('',(-22.,29.9,55.));
#10772=CARTESIAN_POINT('Origin',(28.1114229319868,-10.1115287193484,55.));
#10773=CARTESIAN_POINT('',(47.9,-10.784,80.));
#10774=CARTESIAN_POINT('',(47.9,-10.784,55.));
#10775=CARTESIAN_POINT('',(28.787,-29.9,80.));
#10776=CARTESIAN_POINT('Origin',(28.1114229319868,-10.1115287193484,80.));
#10777=CARTESIAN_POINT('',(28.787,-29.9,55.));
#10778=CARTESIAN_POINT('Origin',(-47.9,-10.787,55.));
#10779=CARTESIAN_POINT('',(-47.9,-1.53699999999999,80.));
#10780=CARTESIAN_POINT('',(-47.9,-1.53699999999999,67.5));
#10781=CARTESIAN_POINT('',(-47.9,3.71300000000001,80.));
#10782=CARTESIAN_POINT('',(-47.9,0.965999999999993,66.45));
#10783=CARTESIAN_POINT('Origin',(-47.9,0.965999999999993,67.5));
#10784=CARTESIAN_POINT('Origin',(-28.307284187351,-10.307284187351,55.));
#10785=CARTESIAN_POINT('',(-44.1,-10.787,80.));
#10786=CARTESIAN_POINT('',(-44.1,-10.787,55.));
#10787=CARTESIAN_POINT('',(-28.787,-26.1,80.));
#10788=CARTESIAN_POINT('Origin',(-28.307284187351,-10.307284187351,80.));
#10789=CARTESIAN_POINT('',(-28.787,-26.1,55.));
#10790=CARTESIAN_POINT('Origin',(-28.787,-26.1,55.));
#10791=CARTESIAN_POINT('',(-1.90000000000016,-26.1,80.));
#10792=CARTESIAN_POINT('',(28.787,-26.1,80.));
#10793=CARTESIAN_POINT('',(-1.90000000000016,-26.1,67.5));
#10794=CARTESIAN_POINT('',(-15.444,-26.1,67.5));
#10795=CARTESIAN_POINT('Origin',(-14.394,-26.1,67.5));
#10796=CARTESIAN_POINT('Origin',(22.3078814693284,4.30214839858252,55.));
#10797=CARTESIAN_POINT('',(44.1,3.716,80.));
#10798=CARTESIAN_POINT('',(44.1,3.716,55.));
#10799=CARTESIAN_POINT('',(22.0018331682702,26.1,80.));
#10800=CARTESIAN_POINT('Origin',(22.3078814693284,4.30214839858252,80.));
#10801=CARTESIAN_POINT('',(22.0018331682702,26.1,55.));
#10802=CARTESIAN_POINT('Origin',(-2.24825034322862E-5,0.000102612732799656,
80.));
#10803=CARTESIAN_POINT('',(-44.1,-1.53699999999999,80.));
#10804=CARTESIAN_POINT('',(-24.0000112412517,-1.53699999999999,80.));
#10805=CARTESIAN_POINT('',(-44.1,3.71300000000001,80.));
#10806=CARTESIAN_POINT('',(-44.1,-10.787,80.));
#10807=CARTESIAN_POINT('',(-22.,26.1,80.));
#10808=CARTESIAN_POINT('Origin',(-22.3079630968806,4.30217536700142,80.));
#10809=CARTESIAN_POINT('',(-2.,26.1,80.));
#10810=CARTESIAN_POINT('',(-22.,26.1,80.));
#10811=CARTESIAN_POINT('',(-1.99999999999999,29.9,80.));
#10812=CARTESIAN_POINT('',(-2.00000000000002,13.0000513063664,80.));
#10813=CARTESIAN_POINT('',(22.0018331682702,29.9,80.));
#10814=CARTESIAN_POINT('Origin',(-2.24825034322862E-5,0.000102612732799656,
80.));
#10815=CARTESIAN_POINT('',(-44.1,-5.53699999999999,80.));
#10816=CARTESIAN_POINT('',(-47.9,-5.53699999999999,80.));
#10817=CARTESIAN_POINT('',(-22.0000112412517,-5.53699999999999,80.));
#10818=CARTESIAN_POINT('',(-47.9,-10.787,80.));
#10819=CARTESIAN_POINT('',(-47.9,3.71300000000001,80.));
#10820=CARTESIAN_POINT('',(-28.787,-29.9,80.));
#10821=CARTESIAN_POINT('Origin',(-28.1115252272594,-10.1115252272594,80.));
#10822=CARTESIAN_POINT('',(-1.90000000000016,-29.9,80.));
#10823=CARTESIAN_POINT('',(-28.787,-29.9,80.));
#10824=CARTESIAN_POINT('',(-1.90000000000016,-14.9499486936336,80.));
#10825=CARTESIAN_POINT('',(-44.1,-10.787,80.));
#10826=CARTESIAN_POINT('Origin',(-2.24825034322862E-5,0.000102612732799656,
80.));
#10827=CARTESIAN_POINT('',(2.00000000000001,29.9,80.));
#10828=CARTESIAN_POINT('',(2.00000000000001,26.1,80.));
#10829=CARTESIAN_POINT('',(1.99999999999999,15.0000513063664,80.));
#10830=CARTESIAN_POINT('',(-22.,26.1,80.));
#10831=CARTESIAN_POINT('',(44.1,-1.534,80.));
#10832=CARTESIAN_POINT('',(44.1,3.716,80.));
#10833=CARTESIAN_POINT('',(47.9,-1.534,80.));
#10834=CARTESIAN_POINT('',(21.9999887587483,-1.534,80.));
#10835=CARTESIAN_POINT('',(47.9,3.716,80.));
#10836=CARTESIAN_POINT('',(47.9,-10.784,80.));
#10837=CARTESIAN_POINT('',(22.0018331682702,29.9,80.));
#10838=CARTESIAN_POINT('Origin',(22.102860777822,4.10019780265541,80.));
#10839=CARTESIAN_POINT('',(22.0018331682702,29.9,80.));
#10840=CARTESIAN_POINT('Origin',(-2.24825034322862E-5,0.000102612732799656,
80.));
#10841=CARTESIAN_POINT('',(47.9,-5.534,80.));
#10842=CARTESIAN_POINT('',(44.1,-5.534,80.));
#10843=CARTESIAN_POINT('',(23.9999887587483,-5.53400000000001,80.));
#10844=CARTESIAN_POINT('',(44.1,-10.784,80.));
#10845=CARTESIAN_POINT('',(44.1,3.716,80.));
#10846=CARTESIAN_POINT('',(28.787,-26.1,80.));
#10847=CARTESIAN_POINT('Origin',(28.3071932618827,-10.3072869495436,80.));
#10848=CARTESIAN_POINT('',(1.89999999999984,-26.1,80.));
#10849=CARTESIAN_POINT('',(28.787,-26.1,80.));
#10850=CARTESIAN_POINT('',(1.89999999999984,-29.9,80.));
#10851=CARTESIAN_POINT('',(1.89999999999983,-13.0499486936336,80.));
#10852=CARTESIAN_POINT('',(-28.787,-29.9,80.));
#10853=CARTESIAN_POINT('',(47.9,-10.784,80.));
#10854=CARTESIAN_POINT('Origin',(47.9,3.716,55.));
#10855=CARTESIAN_POINT('',(47.9,-5.534,67.5));
#10856=CARTESIAN_POINT('',(47.9,-8.16199999999999,68.55));
#10857=CARTESIAN_POINT('Origin',(47.9,-8.16199999999999,67.5));
#10858=CARTESIAN_POINT('Origin',(-22.,29.9,55.));
#10859=CARTESIAN_POINT('',(-1.99999999999999,29.9,67.5));
#10860=CARTESIAN_POINT('Origin',(1.89999999999983,-26.1,80.));
#10861=CARTESIAN_POINT('',(1.89999999999984,-29.9,67.5));
#10862=CARTESIAN_POINT('',(1.89999999999984,-26.1,67.5));
#10863=CARTESIAN_POINT('Origin',(-1.90000000000016,-29.9,80.));
#10864=CARTESIAN_POINT('',(-1.90000000000016,-29.9,67.5));
#10865=CARTESIAN_POINT('Origin',(44.,-1.534,80.));
#10866=CARTESIAN_POINT('',(47.9,-1.534,67.5));
#10867=CARTESIAN_POINT('',(44.1,-1.534,67.5));
#10868=CARTESIAN_POINT('Origin',(-2.,26.,80.));
#10869=CARTESIAN_POINT('',(-2.,26.1,67.5));
#10870=CARTESIAN_POINT('Origin',(22.0018331682702,26.1,55.));
#10871=CARTESIAN_POINT('',(-22.,26.1,55.));
#10872=CARTESIAN_POINT('Origin',(22.0018331682702,26.1,55.));
#10873=CARTESIAN_POINT('',(2.00000000000001,26.1,67.5));
#10874=CARTESIAN_POINT('',(13.2079999999998,26.1,67.8826360802722));
#10875=CARTESIAN_POINT('Origin',(14.2579999999998,26.1,67.8826360802722));
#10876=CARTESIAN_POINT('Origin',(44.1,-10.784,55.));
#10877=CARTESIAN_POINT('',(44.1,-10.784,55.));
#10878=CARTESIAN_POINT('',(44.1,-5.534,67.5));
#10879=CARTESIAN_POINT('',(44.1,-8.16199999999999,68.55));
#10880=CARTESIAN_POINT('Origin',(44.1,-8.16199999999999,67.5));
#10881=CARTESIAN_POINT('Origin',(44.1,-10.784,55.));
#10882=CARTESIAN_POINT('Origin',(2.00000000000001,30.,80.));
#10883=CARTESIAN_POINT('',(2.00000000000001,29.9,67.5));
#10884=CARTESIAN_POINT('Origin',(-22.,29.9,55.));
#10885=CARTESIAN_POINT('',(22.0018331682702,29.9,55.));
#10886=CARTESIAN_POINT('',(13.2079999999998,29.9,67.8826360802722));
#10887=CARTESIAN_POINT('Origin',(14.2579999999998,29.9,67.8826360802722));
#10888=CARTESIAN_POINT('Origin',(47.9,3.716,55.));
#10889=CARTESIAN_POINT('',(47.9,3.716,55.));
#10890=CARTESIAN_POINT('Origin',(22.102860777822,4.10019780265541,55.));
#10891=CARTESIAN_POINT('Origin',(-28.787,-26.1,55.));
#10892=CARTESIAN_POINT('',(28.787,-26.1,55.));
#10893=CARTESIAN_POINT('Origin',(28.787,-29.9,55.));
#10894=CARTESIAN_POINT('',(-28.787,-29.9,55.));
#10895=CARTESIAN_POINT('',(-15.444,-29.9,67.5));
#10896=CARTESIAN_POINT('Origin',(-14.394,-29.9,67.5));
#10897=CARTESIAN_POINT('Origin',(28.787,-29.9,55.));
#10898=CARTESIAN_POINT('Origin',(28.3071932618827,-10.3072869495436,55.));
#10899=CARTESIAN_POINT('Origin',(48.,-5.534,80.));
#10900=CARTESIAN_POINT('Origin',(-28.1115252272594,-10.1115252272594,55.));
#10901=CARTESIAN_POINT('',(-47.9,-10.787,55.));
#10902=CARTESIAN_POINT('Origin',(-47.9,-10.787,55.));
#10903=CARTESIAN_POINT('',(-47.9,-5.53699999999999,67.5));
#10904=CARTESIAN_POINT('Origin',(-44.,-5.53699999999999,80.));
#10905=CARTESIAN_POINT('',(-44.1,-5.53699999999999,67.5));
#10906=CARTESIAN_POINT('Origin',(-44.1,3.71300000000001,55.));
#10907=CARTESIAN_POINT('',(-44.1,3.71300000000001,55.));
#10908=CARTESIAN_POINT('',(-44.1,-1.53699999999999,67.5));
#10909=CARTESIAN_POINT('',(-44.1,0.965999999999993,66.45));
#10910=CARTESIAN_POINT('Origin',(-44.1,0.965999999999993,67.5));
#10911=CARTESIAN_POINT('Origin',(-44.1,3.71300000000001,55.));
#10912=CARTESIAN_POINT('Origin',(-22.3079630968806,4.30217536700142,55.));
#10913=CARTESIAN_POINT('Origin',(-48.,-1.53699999999999,80.));
#10914=CARTESIAN_POINT('Ctrl Pts',(30.,39.,0.));
#10915=CARTESIAN_POINT('Ctrl Pts',(27.3333333333333,36.6666666666667,18.3333333333333));
#10916=CARTESIAN_POINT('Ctrl Pts',(24.6666666666667,34.3333333333333,36.6666666666667));
#10917=CARTESIAN_POINT('Ctrl Pts',(22.,32.,55.));
#10918=CARTESIAN_POINT('Ctrl Pts',(35.2751205451849,38.9842599144601,0.));
#10919=CARTESIAN_POINT('Ctrl Pts',(32.2552818585887,36.6572008183496,18.3333333333333));
#10920=CARTESIAN_POINT('Ctrl Pts',(29.2358141457995,34.3272759663604,36.6666666666667));
#10921=CARTESIAN_POINT('Ctrl Pts',(26.2159754592033,32.00021687025,55.));
#10922=CARTESIAN_POINT('Ctrl Pts',(45.8202967132203,37.4787619405077,0.));
#10923=CARTESIAN_POINT('Ctrl Pts',(42.0953001325082,35.0071499417182,18.3333333333334));
#10924=CARTESIAN_POINT('Ctrl Pts',(38.3694290798792,32.5355178759989,36.6666666666667));
#10925=CARTESIAN_POINT('Ctrl Pts',(34.6444324991671,30.0639058772094,55.));
#10926=CARTESIAN_POINT('Ctrl Pts',(60.4145222775319,30.9718799630858,0.));
#10927=CARTESIAN_POINT('Ctrl Pts',(55.1948707250812,27.9585337703248,18.3333333333333));
#10928=CARTESIAN_POINT('Ctrl Pts',(49.9761547412247,24.9443141474038,36.6666666666667));
#10929=CARTESIAN_POINT('Ctrl Pts',(44.756503188774,21.9309679546428,55.));
#10930=CARTESIAN_POINT('Ctrl Pts',(70.6232124597336,22.423302233,0.));
#10931=CARTESIAN_POINT('Ctrl Pts',(63.5408040761466,19.0008868804954,18.3333333333334));
#10932=CARTESIAN_POINT('Ctrl Pts',(56.4571364076153,15.578808937042,36.6666666666667));
#10933=CARTESIAN_POINT('Ctrl Pts',(49.3747280240284,12.1563935845374,55.));
#10934=CARTESIAN_POINT('Ctrl Pts',(75.5192695581172,16.1827101245041,0.));
#10935=CARTESIAN_POINT('Ctrl Pts',(67.0192726012113,12.7298032395212,18.3333333333333));
#10936=CARTESIAN_POINT('Ctrl Pts',(58.5213779781234,9.27678618224854,36.6666666666667));
#10937=CARTESIAN_POINT('Ctrl Pts',(50.0213810212175,5.82387929726562,55.));
#10938=CARTESIAN_POINT('Ctrl Pts',(77.,14.,0.));
#10939=CARTESIAN_POINT('Ctrl Pts',(68.,10.572,18.3333333333333));
#10940=CARTESIAN_POINT('Ctrl Pts',(59.,7.14399999999999,36.6666666666667));
#10941=CARTESIAN_POINT('Ctrl Pts',(50.,3.71599999999999,55.));
#10942=CARTESIAN_POINT('',(77.,14.,0.));
#10943=CARTESIAN_POINT('',(30.,39.,0.));
#10944=CARTESIAN_POINT('Origin',(29.829922202881,-17.9997462585837,0.));
#10945=CARTESIAN_POINT('',(30.,39.,0.));
#10946=CARTESIAN_POINT('',(77.,14.,0.));
#10947=CARTESIAN_POINT('Origin',(-30.,39.,0.));
#10948=CARTESIAN_POINT('',(30.,39.,0.));
#10949=CARTESIAN_POINT('',(-30.,39.,0.));
#10950=CARTESIAN_POINT('Ctrl Pts',(-77.,14.,0.));
#10951=CARTESIAN_POINT('Ctrl Pts',(-68.,10.571,18.3333333333333));
#10952=CARTESIAN_POINT('Ctrl Pts',(-59.,7.142,36.6666666666667));
#10953=CARTESIAN_POINT('Ctrl Pts',(-50.,3.713,55.));
#10954=CARTESIAN_POINT('Ctrl Pts',(-74.0385391162344,18.3654202490082,0.));
#10955=CARTESIAN_POINT('Ctrl Pts',(-66.0411050445982,14.8862753899163,18.3333333333333));
#10956=CARTESIAN_POINT('Ctrl Pts',(-58.0406507845558,11.4081874750814,36.6666666666667));
#10957=CARTESIAN_POINT('Ctrl Pts',(-50.0432167129196,7.92904261598956,55.));
#10958=CARTESIAN_POINT('Ctrl Pts',(-66.8961681701021,26.2681920289768,0.));
#10959=CARTESIAN_POINT('Ctrl Pts',(-60.6617329646405,22.9715391751129,18.3333333333334));
#10960=CARTESIAN_POINT('Ctrl Pts',(-54.4271361380489,19.6740405838589,36.6666666666666));
#10961=CARTESIAN_POINT('Ctrl Pts',(-48.1927009325873,16.377387729995,55.));
#10962=CARTESIAN_POINT('Ctrl Pts',(-53.3434420022417,34.7330928787939,0.));
#10963=CARTESIAN_POINT('Ctrl Pts',(-48.9499644959926,32.0124530432914,18.3333333333333));
#10964=CARTESIAN_POINT('Ctrl Pts',(-44.5557413383024,29.2928783851316,36.6666666666667));
#10965=CARTESIAN_POINT('Ctrl Pts',(-40.1622638320533,26.5722385496291,55.));
#10966=CARTESIAN_POINT('Ctrl Pts',(-40.5489032173852,38.4202752365682,0.));
#10967=CARTESIAN_POINT('Ctrl Pts',(-37.1773149571478,36.0437555533592,18.3333333333334));
#10968=CARTESIAN_POINT('Ctrl Pts',(-33.8058208277131,33.6660163278084,36.6666666666667));
#10969=CARTESIAN_POINT('Ctrl Pts',(-30.4342325674758,31.2894966445994,55.));
#10970=CARTESIAN_POINT('Ctrl Pts',(-32.6375602725924,38.9921299572301,0.));
#10971=CARTESIAN_POINT('Ctrl Pts',(-29.7943122334383,36.6608094870481,18.3333333333333));
#10972=CARTESIAN_POINT('Ctrl Pts',(-26.9513800899907,34.3314312159326,36.6666666666667));
#10973=CARTESIAN_POINT('Ctrl Pts',(-24.1081320508366,32.0001107457506,55.));
#10974=CARTESIAN_POINT('Ctrl Pts',(-30.,39.,0.));
#10975=CARTESIAN_POINT('Ctrl Pts',(-27.3333333333333,36.6666666666667,18.3333333333333));
#10976=CARTESIAN_POINT('Ctrl Pts',(-24.6666666666667,34.3333333333333,36.6666666666667));
#10977=CARTESIAN_POINT('Ctrl Pts',(-22.,32.,55.));
#10978=CARTESIAN_POINT('',(-77.,14.,0.));
#10979=CARTESIAN_POINT('Origin',(-77.,-14.,0.));
#10980=CARTESIAN_POINT('',(-77.,14.,0.));
#10981=CARTESIAN_POINT('',(-77.,-14.,0.));
#10982=CARTESIAN_POINT('Ctrl Pts',(-42.5,-39.,0.));
#10983=CARTESIAN_POINT('Ctrl Pts',(-37.929,-36.6666666666667,18.3333333333333));
#10984=CARTESIAN_POINT('Ctrl Pts',(-33.358,-34.3333333333333,36.6666666666667));
#10985=CARTESIAN_POINT('Ctrl Pts',(-28.787,-32.,55.));
#10986=CARTESIAN_POINT('Ctrl Pts',(-46.8420232457658,-39.0267170130431,
0.));
#10987=CARTESIAN_POINT('Ctrl Pts',(-41.8709595882906,-36.6477988658899,
18.3333333333333));
#10988=CARTESIAN_POINT('Ctrl Pts',(-36.8999677757824,-34.2683974098366,
36.6666666666667));
#10989=CARTESIAN_POINT('Ctrl Pts',(-31.9289041183072,-31.8894792626834,
55.));
#10990=CARTESIAN_POINT('Ctrl Pts',(-55.5343944730409,-37.4914124521872,
0.));
#10991=CARTESIAN_POINT('Ctrl Pts',(-49.743855503489,-35.0944106018189,18.3333333333334));
#10992=CARTESIAN_POINT('Ctrl Pts',(-43.9530985496805,-32.6974010928478,
36.6666666666666));
#10993=CARTESIAN_POINT('Ctrl Pts',(-38.1625595801285,-30.3003992424795,
55.));
#10994=CARTESIAN_POINT('Ctrl Pts',(-66.9159181334778,-30.7232347364001,
0.));
#10995=CARTESIAN_POINT('Ctrl Pts',(-59.8369817142658,-28.5643692158245,
18.3333333333333));
#10996=CARTESIAN_POINT('Ctrl Pts',(-52.758249808163,-26.4052524151385,36.6666666666667));
#10997=CARTESIAN_POINT('Ctrl Pts',(-45.679313388951,-24.2463868945629,55.));
#10998=CARTESIAN_POINT('Ctrl Pts',(-73.787134626727,-22.0900247867584,0.));
#10999=CARTESIAN_POINT('Ctrl Pts',(-65.6168265201783,-20.4112795893319,
18.3333333333334));
#11000=CARTESIAN_POINT('Ctrl Pts',(-57.4462645612115,-18.7327373515426,
36.6666666666666));
#11001=CARTESIAN_POINT('Ctrl Pts',(-49.2759564546628,-17.0539921541161,
55.));
#11002=CARTESIAN_POINT('Ctrl Pts',(-76.336663877656,-16.0672336842222,0.));
#11003=CARTESIAN_POINT('Ctrl Pts',(-67.5392121040182,-14.8309007485248,
18.3333333333333));
#11004=CARTESIAN_POINT('Ctrl Pts',(-58.7421914049796,-13.594284994851,36.6666666666667));
#11005=CARTESIAN_POINT('Ctrl Pts',(-49.9447396313417,-12.3579520591536,
55.));
#11006=CARTESIAN_POINT('Ctrl Pts',(-77.,-14.,0.));
#11007=CARTESIAN_POINT('Ctrl Pts',(-68.,-12.929,18.3333333333333));
#11008=CARTESIAN_POINT('Ctrl Pts',(-59.,-11.858,36.6666666666667));
#11009=CARTESIAN_POINT('Ctrl Pts',(-50.,-10.787,55.));
#11010=CARTESIAN_POINT('',(-42.5,-39.,0.));
#11011=CARTESIAN_POINT('Origin',(42.5,-39.,0.));
#11012=CARTESIAN_POINT('',(42.5,-39.,0.));
#11013=CARTESIAN_POINT('Ctrl Pts',(77.,-14.,0.));
#11014=CARTESIAN_POINT('Ctrl Pts',(68.,-12.928,18.3333333333333));
#11015=CARTESIAN_POINT('Ctrl Pts',(59.,-11.856,36.6666666666667));
#11016=CARTESIAN_POINT('Ctrl Pts',(50.,-10.784,55.));
#11017=CARTESIAN_POINT('Ctrl Pts',(75.6733277553121,-18.1344673684443,0.));
#11018=CARTESIAN_POINT('Ctrl Pts',(67.0790090481333,-16.7314630563616,18.3333333333333));
#11019=CARTESIAN_POINT('Ctrl Pts',(58.4842175346562,-15.3291995249932,36.6666666666667));
#11020=CARTESIAN_POINT('Ctrl Pts',(49.8898988274774,-13.9261952129105,55.));
#11021=CARTESIAN_POINT('Ctrl Pts',(71.5076408234303,-25.9165962565841,0.));
#11022=CARTESIAN_POINT('Ctrl Pts',(63.7722909983638,-23.9979628085462,18.3333333333334));
#11023=CARTESIAN_POINT('Ctrl Pts',(56.0367568548986,-22.0792437890984,36.6666666666666));
#11024=CARTESIAN_POINT('Ctrl Pts',(48.3014070298321,-20.1606103410604,55.));
#11025=CARTESIAN_POINT('Ctrl Pts',(61.5318728525366,-34.624716824145,0.));
#11026=CARTESIAN_POINT('Ctrl Pts',(55.1037501943885,-32.3092121733434,18.3333333333333));
#11027=CARTESIAN_POINT('Ctrl Pts',(48.6755635448691,-29.9940450694893,36.6666666666668));
#11028=CARTESIAN_POINT('Ctrl Pts',(42.247440886721,-27.6785404186877,55.));
#11029=CARTESIAN_POINT('Ctrl Pts',(51.1882605203464,-38.4660205160881,0.));
#11030=CARTESIAN_POINT('Ctrl Pts',(45.8103709658699,-36.0693621714228,18.3333333333334));
#11031=CARTESIAN_POINT('Ctrl Pts',(40.4324275859351,-33.6724773163595,36.6666666666666));
#11032=CARTESIAN_POINT('Ctrl Pts',(35.0545380314585,-31.2758189716942,55.));
#11033=CARTESIAN_POINT('Ctrl Pts',(44.6710116228829,-39.0133585065216,0.));
#11034=CARTESIAN_POINT('Ctrl Pts',(39.8999897732273,-36.657038277146,18.3333333333333));
#11035=CARTESIAN_POINT('Ctrl Pts',(35.1291116555491,-34.3010474704909,36.6666666666667));
#11036=CARTESIAN_POINT('Ctrl Pts',(30.3580898058934,-31.9447272411153,55.));
#11037=CARTESIAN_POINT('Ctrl Pts',(42.5,-39.,0.));
#11038=CARTESIAN_POINT('Ctrl Pts',(37.929,-36.6666666666667,18.3333333333333));
#11039=CARTESIAN_POINT('Ctrl Pts',(33.358,-34.3333333333333,36.6666666666667));
#11040=CARTESIAN_POINT('Ctrl Pts',(28.787,-32.,55.));
#11041=CARTESIAN_POINT('',(77.,-14.,0.));
#11042=CARTESIAN_POINT('Origin',(77.,14.,0.));
#11043=CARTESIAN_POINT('',(77.,-14.,0.));
#11044=CARTESIAN_POINT('Origin',(-6.66133814775094E-15,-0.936391424009369,
0.));
#11045=CARTESIAN_POINT('',(73.4846299682803,16.,0.));
#11046=CARTESIAN_POINT('Ctrl Pts',(73.4844398536438,15.9998437889061,0.));
#11047=CARTESIAN_POINT('Ctrl Pts',(70.8971001992429,19.2578827984451,0.));
#11048=CARTESIAN_POINT('Ctrl Pts',(64.3951971260271,25.7883608308205,0.));
#11049=CARTESIAN_POINT('Ctrl Pts',(52.1439732613792,33.1329185030449,0.));
#11050=CARTESIAN_POINT('Ctrl Pts',(39.9940670633262,36.4948970951573,0.));
#11051=CARTESIAN_POINT('Ctrl Pts',(32.4984620565437,37.,0.));
#11052=CARTESIAN_POINT('Ctrl Pts',(30.,37.,0.));
#11053=CARTESIAN_POINT('',(73.4994402224591,16.,0.));
#11054=CARTESIAN_POINT('Origin',(30.2669979052388,-17.9993519245328,0.));
#11055=CARTESIAN_POINT('',(74.2497201112295,16.,0.));
#11056=CARTESIAN_POINT('Origin',(-2.24285608529939E-5,0.000102612732788554,
-430.));
#11057=CARTESIAN_POINT('',(-47.9,-5.53699999999999,-430.));
#11058=CARTESIAN_POINT('',(-44.1,-5.53699999999999,-430.));
#11059=CARTESIAN_POINT('',(-24.0000112142804,-5.53699999999998,-430.));
#11060=CARTESIAN_POINT('',(-44.1,-10.787,-430.));
#11061=CARTESIAN_POINT('',(-44.1,3.71300000000001,-430.));
#11062=CARTESIAN_POINT('',(-28.787,-26.1,-430.));
#11063=CARTESIAN_POINT('Origin',(-28.307284187351,-10.307284187351,-430.));
#11064=CARTESIAN_POINT('',(-2.99999999999999,-26.1,-430.));
#11065=CARTESIAN_POINT('',(-28.787,-26.1,-430.));
#11066=CARTESIAN_POINT('',(-2.99999999999998,-29.9,-430.));
#11067=CARTESIAN_POINT('',(-2.99999999999999,-12.9999486936336,-430.));
#11068=CARTESIAN_POINT('',(-28.787,-29.9,-430.));
#11069=CARTESIAN_POINT('',(28.787,-29.9,-430.));
#11070=CARTESIAN_POINT('',(-47.9,-10.787,-430.));
#11071=CARTESIAN_POINT('Origin',(-28.1115252272594,-10.1115252272594,-430.));
#11072=CARTESIAN_POINT('',(-47.9,-10.787,-430.));
#11073=CARTESIAN_POINT('Origin',(-22.1029057428288,4.1002052254655,-405.));
#11074=CARTESIAN_POINT('',(-22.,29.9,-405.));
#11075=CARTESIAN_POINT('',(-47.9,3.71300000000001,-405.));
#11076=CARTESIAN_POINT('Origin',(-22.1029057428288,4.1002052254655,-405.));
#11077=CARTESIAN_POINT('',(-22.,29.9,-430.));
#11078=CARTESIAN_POINT('',(-22.,29.9,-405.));
#11079=CARTESIAN_POINT('',(-47.9,3.71300000000001,-430.));
#11080=CARTESIAN_POINT('Origin',(-22.1029057428288,4.1002052254655,-430.));
#11081=CARTESIAN_POINT('',(-47.9,3.71300000000001,-405.));
#11082=CARTESIAN_POINT('Origin',(-22.,29.9,-405.));
#11083=CARTESIAN_POINT('',(-2.99999999999999,29.9,-405.));
#11084=CARTESIAN_POINT('',(-2.99999999999999,29.9,-430.));
#11085=CARTESIAN_POINT('',(-2.99999999999998,29.9,-417.5));
#11086=CARTESIAN_POINT('',(-22.,29.9,-430.));
#11087=CARTESIAN_POINT('',(-11.0000121776973,29.9,-405.));
#11088=CARTESIAN_POINT('Origin',(22.1028608857072,4.10020504658628,-405.));
#11089=CARTESIAN_POINT('',(47.9,3.716,-405.));
#11090=CARTESIAN_POINT('',(22.,29.9,-405.));
#11091=CARTESIAN_POINT('Origin',(22.1028608857072,4.10020504658628,-405.));
#11092=CARTESIAN_POINT('',(47.9,3.716,-430.));
#11093=CARTESIAN_POINT('',(47.9,3.716,-405.));
#11094=CARTESIAN_POINT('',(22.,29.9,-430.));
#11095=CARTESIAN_POINT('Origin',(22.1028608857072,4.10020504658628,-430.));
#11096=CARTESIAN_POINT('',(22.,29.9,-405.));
#11097=CARTESIAN_POINT('Origin',(47.9,3.716,-405.));
#11098=CARTESIAN_POINT('',(47.9,-1.534,-405.));
#11099=CARTESIAN_POINT('',(47.9,-1.534,-430.));
#11100=CARTESIAN_POINT('',(47.9,-1.534,-417.5));
#11101=CARTESIAN_POINT('',(47.9,3.71599999999999,-430.));
#11102=CARTESIAN_POINT('',(47.9,1.46330325758673,-405.));
#11103=CARTESIAN_POINT('Origin',(28.1114229319868,-10.1115287193483,-405.));
#11104=CARTESIAN_POINT('',(28.787,-29.9,-405.));
#11105=CARTESIAN_POINT('',(47.9,-10.784,-405.));
#11106=CARTESIAN_POINT('Origin',(28.1114229319868,-10.1115287193483,-405.));
#11107=CARTESIAN_POINT('',(28.787,-29.9,-430.));
#11108=CARTESIAN_POINT('',(28.787,-29.9,-405.));
#11109=CARTESIAN_POINT('',(47.9,-10.784,-430.));
#11110=CARTESIAN_POINT('Origin',(28.1114229319868,-10.1115287193483,-430.));
#11111=CARTESIAN_POINT('',(47.9,-10.784,-405.));
#11112=CARTESIAN_POINT('Origin',(28.787,-29.9,-405.));
#11113=CARTESIAN_POINT('',(1.00000000000002,-29.9,-405.));
#11114=CARTESIAN_POINT('',(1.00000000000002,-29.9,-430.));
#11115=CARTESIAN_POINT('',(1.00000000000002,-29.9,-417.5));
#11116=CARTESIAN_POINT('',(28.787,-29.9,-430.));
#11117=CARTESIAN_POINT('',(14.3934878223027,-29.9,-405.));
#11118=CARTESIAN_POINT('Origin',(-28.1115252272594,-10.1115252272594,-405.));
#11119=CARTESIAN_POINT('',(-47.9,-10.787,-405.));
#11120=CARTESIAN_POINT('',(-28.787,-29.9,-405.));
#11121=CARTESIAN_POINT('Origin',(-28.1115252272594,-10.1115252272594,-405.));
#11122=CARTESIAN_POINT('',(-47.9,-10.787,-405.));
#11123=CARTESIAN_POINT('',(-28.787,-29.9,-405.));
#11124=CARTESIAN_POINT('Origin',(-47.9,-10.787,-405.));
#11125=CARTESIAN_POINT('',(-47.9,-5.53699999999999,-405.));
#11126=CARTESIAN_POINT('',(-47.9,-5.53699999999999,-417.5));
#11127=CARTESIAN_POINT('',(-47.9,-5.78819674241326,-405.));
#11128=CARTESIAN_POINT('Origin',(-28.307284187351,-10.307284187351,-405.));
#11129=CARTESIAN_POINT('',(-28.787,-26.1,-405.));
#11130=CARTESIAN_POINT('',(-44.1,-10.787,-405.));
#11131=CARTESIAN_POINT('Origin',(-28.307284187351,-10.307284187351,-405.));
#11132=CARTESIAN_POINT('',(-28.787,-26.1,-405.));
#11133=CARTESIAN_POINT('',(-44.1,-10.787,-405.));
#11134=CARTESIAN_POINT('Origin',(-28.787,-26.1,-405.));
#11135=CARTESIAN_POINT('',(1.00000000000002,-26.1,-430.));
#11136=CARTESIAN_POINT('',(1.00000000000002,-26.1,-405.));
#11137=CARTESIAN_POINT('',(1.00000000000002,-26.1,-417.5));
#11138=CARTESIAN_POINT('',(28.787,-26.1,-405.));
#11139=CARTESIAN_POINT('',(-14.3935121776973,-26.1,-405.));
#11140=CARTESIAN_POINT('',(28.787,-26.1,-430.));
#11141=CARTESIAN_POINT('',(28.787,-26.1,-405.));
#11142=CARTESIAN_POINT('',(-28.787,-26.1,-430.));
#11143=CARTESIAN_POINT('Origin',(28.3071932618827,-10.3072869495436,-405.));
#11144=CARTESIAN_POINT('',(44.1,-10.784,-405.));
#11145=CARTESIAN_POINT('Origin',(28.3071932618827,-10.3072869495436,-405.));
#11146=CARTESIAN_POINT('',(44.1,-10.784,-430.));
#11147=CARTESIAN_POINT('',(44.1,-10.784,-405.));
#11148=CARTESIAN_POINT('Origin',(28.3071932618827,-10.3072869495436,-430.));
#11149=CARTESIAN_POINT('Origin',(44.1,-10.784,-405.));
#11150=CARTESIAN_POINT('',(44.1,-1.534,-430.));
#11151=CARTESIAN_POINT('',(44.1,-1.534,-405.));
#11152=CARTESIAN_POINT('',(44.1,-1.534,-417.5));
#11153=CARTESIAN_POINT('',(44.1,3.71599999999999,-405.));
#11154=CARTESIAN_POINT('',(44.1,-5.78669674241327,-405.));
#11155=CARTESIAN_POINT('',(44.1,3.71599999999999,-430.));
#11156=CARTESIAN_POINT('',(44.1,3.71599999999999,-405.));
#11157=CARTESIAN_POINT('',(44.1,-10.784,-430.));
#11158=CARTESIAN_POINT('Origin',(22.3078821639693,4.30217422371876,-405.));
#11159=CARTESIAN_POINT('',(22.,26.1,-405.));
#11160=CARTESIAN_POINT('Origin',(22.3078821639693,4.30217422371876,-405.));
#11161=CARTESIAN_POINT('',(22.,26.1,-430.));
#11162=CARTESIAN_POINT('',(22.,26.1,-405.));
#11163=CARTESIAN_POINT('Origin',(22.3078821639693,4.30217422371876,-430.));
#11164=CARTESIAN_POINT('Origin',(22.,26.1,-405.));
#11165=CARTESIAN_POINT('',(-2.99999999999998,26.1,-430.));
#11166=CARTESIAN_POINT('',(-2.99999999999998,26.1,-405.));
#11167=CARTESIAN_POINT('',(-2.99999999999998,26.1,-417.5));
#11168=CARTESIAN_POINT('',(-22.,26.1,-405.));
#11169=CARTESIAN_POINT('',(10.9999878223027,26.1,-405.));
#11170=CARTESIAN_POINT('',(-22.,26.1,-430.));
#11171=CARTESIAN_POINT('',(-22.,26.1,-405.));
#11172=CARTESIAN_POINT('',(22.,26.1,-430.));
#11173=CARTESIAN_POINT('Origin',(-22.3079630968806,4.30217536700139,-405.));
#11174=CARTESIAN_POINT('',(-44.1,3.71300000000001,-405.));
#11175=CARTESIAN_POINT('Origin',(-22.3079630968806,4.30217536700139,-405.));
#11176=CARTESIAN_POINT('',(-44.1,3.71300000000001,-430.));
#11177=CARTESIAN_POINT('',(-44.1,3.71300000000001,-405.));
#11178=CARTESIAN_POINT('Origin',(-22.3079630968806,4.30217536700139,-430.));
#11179=CARTESIAN_POINT('Origin',(-44.1,3.71300000000001,-405.));
#11180=CARTESIAN_POINT('',(-44.1,-5.53699999999999,-405.));
#11181=CARTESIAN_POINT('',(-44.1,-5.53699999999999,-417.5));
#11182=CARTESIAN_POINT('',(-44.1,1.46180325758675,-405.));
#11183=CARTESIAN_POINT('Origin',(47.9,3.716,-405.));
#11184=CARTESIAN_POINT('',(47.9,-5.534,-430.));
#11185=CARTESIAN_POINT('',(47.9,-5.534,-405.));
#11186=CARTESIAN_POINT('',(47.9,-5.534,-417.5));
#11187=CARTESIAN_POINT('',(47.9,1.46330325758673,-405.));
#11188=CARTESIAN_POINT('',(47.9,3.71599999999999,-430.));
#11189=CARTESIAN_POINT('',(47.9,-8.03700000000003,-407.95));
#11190=CARTESIAN_POINT('Origin',(47.9,-8.03700000000003,-409.));
#11191=CARTESIAN_POINT('Origin',(-2.24285608529939E-5,0.000102612732788554,
-430.));
#11192=CARTESIAN_POINT('',(1.00000000000002,-14.9999486936336,-430.));
#11193=CARTESIAN_POINT('',(44.1,-5.534,-430.));
#11194=CARTESIAN_POINT('',(44.1,-10.784,-430.));
#11195=CARTESIAN_POINT('',(21.9999887857196,-5.53400000000001,-430.));
#11196=CARTESIAN_POINT('Origin',(-2.24285608529939E-5,0.000102612732788554,
-430.));
#11197=CARTESIAN_POINT('',(-44.1,-1.53699999999998,-430.));
#11198=CARTESIAN_POINT('',(-47.9,-1.53699999999998,-430.));
#11199=CARTESIAN_POINT('',(-22.0000112142804,-1.53699999999998,-430.));
#11200=CARTESIAN_POINT('',(-47.9,-10.787,-430.));
#11201=CARTESIAN_POINT('',(-2.99999999999998,15.0000513063664,-430.));
#11202=CARTESIAN_POINT('',(-44.1,3.71300000000001,-430.));
#11203=CARTESIAN_POINT('Origin',(-2.24285608529939E-5,0.000102612732788554,
-430.));
#11204=CARTESIAN_POINT('',(1.00000000000002,26.1,-430.));
#11205=CARTESIAN_POINT('',(1.00000000000002,29.9,-430.));
#11206=CARTESIAN_POINT('',(1.00000000000002,13.0000513063664,-430.));
#11207=CARTESIAN_POINT('',(-22.,29.9,-430.));
#11208=CARTESIAN_POINT('',(23.9999887857196,-1.534,-430.));
#11209=CARTESIAN_POINT('',(22.,26.1,-430.));
#11210=CARTESIAN_POINT('Origin',(44.1,-10.784,-405.));
#11211=CARTESIAN_POINT('',(44.1,-5.534,-405.));
#11212=CARTESIAN_POINT('',(44.1,-5.534,-417.5));
#11213=CARTESIAN_POINT('',(44.1,-5.78669674241327,-405.));
#11214=CARTESIAN_POINT('',(44.1,-8.03700000000003,-407.95));
#11215=CARTESIAN_POINT('Origin',(44.1,-8.03700000000003,-409.));
#11216=CARTESIAN_POINT('Origin',(-2.4355394598885E-5,-0.789393484826517,
-405.));
#11217=CARTESIAN_POINT('',(21.9962557930918,26.,-405.));
#11218=CARTESIAN_POINT('',(-22.,26.,-405.));
#11219=CARTESIAN_POINT('',(10.9981157188486,26.,-405.));
#11220=CARTESIAN_POINT('',(-44.0037442069082,3.71600000000001,-405.));
#11221=CARTESIAN_POINT('Origin',(-22.0055773833196,4.00000070698193,-405.));
#11222=CARTESIAN_POINT('',(-44.0037442069082,-10.784,-405.));
#11223=CARTESIAN_POINT('',(-44.0037442069082,1.46330325758675,-405.));
#11224=CARTESIAN_POINT('',(-28.787,-26.,-405.));
#11225=CARTESIAN_POINT('Origin',(-28.022076710512,-10.018295073391,-405.));
#11226=CARTESIAN_POINT('',(28.787,-26.,-405.));
#11227=CARTESIAN_POINT('',(-14.3935121776973,-26.,-405.));
#11228=CARTESIAN_POINT('',(44.,-10.784,-405.));
#11229=CARTESIAN_POINT('Origin',(28.0183238776194,-10.0184751347413,-405.));
#11230=CARTESIAN_POINT('',(44.,3.716,-405.));
#11231=CARTESIAN_POINT('',(44.,-5.78669674241326,-405.));
#11232=CARTESIAN_POINT('Origin',(22.0018323030231,3.99999984457787,-405.));
#11233=CARTESIAN_POINT('',(-44.1,-1.53699999999998,-405.));
#11234=CARTESIAN_POINT('',(-44.1,1.46180325758675,-405.));
#11235=CARTESIAN_POINT('',(-2.99999999999998,26.,-405.));
#11236=CARTESIAN_POINT('',(-47.9,-1.53699999999998,-405.));
#11237=CARTESIAN_POINT('',(-47.9,-5.78819674241326,-405.));
#11238=CARTESIAN_POINT('',(-48.,-1.53699999999998,-405.));
#11239=CARTESIAN_POINT('',(-44.,-5.53699999999999,-405.));
#11240=CARTESIAN_POINT('',(-2.99999999999998,-29.9,-405.));
#11241=CARTESIAN_POINT('',(14.3934878223027,-29.9,-405.));
#11242=CARTESIAN_POINT('',(-2.99999999999999,-26.1,-405.));
#11243=CARTESIAN_POINT('',(-2.99999999999998,-30.,-405.));
#11244=CARTESIAN_POINT('',(-14.3935121776973,-26.1,-405.));
#11245=CARTESIAN_POINT('',(1.00000000000002,26.1,-405.));
#11246=CARTESIAN_POINT('',(10.9999878223027,26.1,-405.));
#11247=CARTESIAN_POINT('',(44.,-1.534,-405.));
#11248=CARTESIAN_POINT('',(1.00000000000002,29.9,-405.));
#11249=CARTESIAN_POINT('',(-11.0000121776973,29.9,-405.));
#11250=CARTESIAN_POINT('',(1.00000000000002,30.,-405.));
#11251=CARTESIAN_POINT('',(1.00000000000002,-26.,-405.));
#11252=CARTESIAN_POINT('',(48.,-5.534,-405.));
#11253=CARTESIAN_POINT('Origin',(-22.,29.9,-405.));
#11254=CARTESIAN_POINT('',(1.00000000000002,29.9,-417.5));
#11255=CARTESIAN_POINT('',(14.343,29.9,-409.));
#11256=CARTESIAN_POINT('Origin',(15.393,29.9,-409.));
#11257=CARTESIAN_POINT('Origin',(22.,26.1,-405.));
#11258=CARTESIAN_POINT('',(1.00000000000002,26.1,-417.5));
#11259=CARTESIAN_POINT('',(14.343,26.1,-409.));
#11260=CARTESIAN_POINT('Origin',(15.393,26.1,-409.));
#11261=CARTESIAN_POINT('Origin',(28.787,-29.9,-405.));
#11262=CARTESIAN_POINT('',(-2.99999999999998,-29.9,-417.5));
#11263=CARTESIAN_POINT('',(-16.443,-29.9,-409.));
#11264=CARTESIAN_POINT('Origin',(-15.393,-29.9,-409.));
#11265=CARTESIAN_POINT('Origin',(-28.787,-26.1,-405.));
#11266=CARTESIAN_POINT('',(-2.99999999999998,-26.1,-417.5));
#11267=CARTESIAN_POINT('',(-16.443,-26.1,-409.));
#11268=CARTESIAN_POINT('Origin',(-15.393,-26.1,-409.));
#11269=CARTESIAN_POINT('Origin',(-47.9,-10.787,-405.));
#11270=CARTESIAN_POINT('',(-47.9,-1.53699999999998,-417.5));
#11271=CARTESIAN_POINT('',(-47.9,0.963000000000016,-410.05));
#11272=CARTESIAN_POINT('Origin',(-47.9,0.963000000000016,-409.));
#11273=CARTESIAN_POINT('Origin',(-44.1,3.71300000000001,-405.));
#11274=CARTESIAN_POINT('',(-44.1,-1.53699999999998,-417.5));
#11275=CARTESIAN_POINT('',(-44.1,0.963000000000016,-410.05));
#11276=CARTESIAN_POINT('Origin',(-44.1,0.963000000000016,-409.));
#11277=CARTESIAN_POINT('Origin',(48.,-1.534,-430.));
#11278=CARTESIAN_POINT('Origin',(44.,-5.534,-430.));
#11279=CARTESIAN_POINT('Origin',(-2.99999999999999,30.,-430.));
#11280=CARTESIAN_POINT('Origin',(1.00000000000002,26.,-430.));
#11281=CARTESIAN_POINT('Origin',(1.00000000000002,-30.,-430.));
#11282=CARTESIAN_POINT('Origin',(-2.99999999999999,-26.,-430.));
#11283=CARTESIAN_POINT('Origin',(-48.,-5.53699999999999,-430.));
#11284=CARTESIAN_POINT('Origin',(-44.,-1.53699999999998,-430.));
#11285=CARTESIAN_POINT('Origin',(-22.0055773833196,4.00000070698193,-405.));
#11286=CARTESIAN_POINT('',(-22.,26.,-404.));
#11287=CARTESIAN_POINT('',(-22.,26.,-405.));
#11288=CARTESIAN_POINT('',(-44.0037442069082,3.71600000000001,-404.));
#11289=CARTESIAN_POINT('Origin',(-22.0055773833196,4.00000070698193,-404.));
#11290=CARTESIAN_POINT('',(-44.0037442069082,3.71600000000001,-405.));
#11291=CARTESIAN_POINT('Origin',(-44.0037442069082,3.71600000000001,-405.));
#11292=CARTESIAN_POINT('',(-44.0037442069082,-10.784,-404.));
#11293=CARTESIAN_POINT('',(-44.0037442069082,-10.784,-404.));
#11294=CARTESIAN_POINT('',(-44.0037442069082,-10.784,-405.));
#11295=CARTESIAN_POINT('Origin',(-28.022076710512,-10.018295073391,-405.));
#11296=CARTESIAN_POINT('',(-28.787,-26.,-404.));
#11297=CARTESIAN_POINT('Origin',(-28.022076710512,-10.018295073391,-404.));
#11298=CARTESIAN_POINT('',(-28.787,-26.,-405.));
#11299=CARTESIAN_POINT('Origin',(-28.787,-26.,-405.));
#11300=CARTESIAN_POINT('',(28.787,-26.,-404.));
#11301=CARTESIAN_POINT('',(28.787,-26.,-404.));
#11302=CARTESIAN_POINT('',(28.787,-26.,-405.));
#11303=CARTESIAN_POINT('Origin',(28.0183238776194,-10.0184751347413,-405.));
#11304=CARTESIAN_POINT('',(44.,-10.784,-404.));
#11305=CARTESIAN_POINT('Origin',(28.0183238776194,-10.0184751347413,-404.));
#11306=CARTESIAN_POINT('',(44.,-10.784,-405.));
#11307=CARTESIAN_POINT('Origin',(44.,-10.784,-405.));
#11308=CARTESIAN_POINT('',(44.,3.716,-404.));
#11309=CARTESIAN_POINT('',(44.,3.716,-404.));
#11310=CARTESIAN_POINT('',(44.,3.716,-405.));
#11311=CARTESIAN_POINT('Origin',(22.0018323030231,3.99999984457787,-405.));
#11312=CARTESIAN_POINT('',(21.9962557930918,26.,-404.));
#11313=CARTESIAN_POINT('Origin',(22.0018323030231,3.99999984457787,-404.));
#11314=CARTESIAN_POINT('',(21.9962557930918,26.,-405.));
#11315=CARTESIAN_POINT('Origin',(21.9962557930918,26.,-405.));
#11316=CARTESIAN_POINT('',(-22.0037442069082,26.,-404.));
#11317=CARTESIAN_POINT('Origin',(1.99999999999996,-14.,-10.));
#11318=CARTESIAN_POINT('',(1.99999999999997,-9.,-107.672192960462));
#11319=CARTESIAN_POINT('',(1.99999999999997,-9.,-57.6721929604616));
#11320=CARTESIAN_POINT('',(1.99999999999997,-9.,-58.8360964802308));
#11321=CARTESIAN_POINT('',(1.99999999999997,-14.,-57.6721929604616));
#11322=CARTESIAN_POINT('',(2.00000000000001,-14.,-340.));
#11323=CARTESIAN_POINT('',(1.99999999999997,-7.,-57.6721929604616));
#11324=CARTESIAN_POINT('',(1.99999999999997,-14.,-57.6721929604616));
#11325=CARTESIAN_POINT('',(1.99999999999997,-7.,-107.672192960462));
#11326=CARTESIAN_POINT('',(1.99999999999996,-7.,-33.3970699825499));
#11327=CARTESIAN_POINT('',(1.99999999999997,-10.5,-107.672192960462));
#11328=CARTESIAN_POINT('Origin',(-2.00000000000001,-14.,-340.));
#11329=CARTESIAN_POINT('',(-1.99999999999999,-7.,-107.672192960462));
#11330=CARTESIAN_POINT('',(-1.99999999999999,-7.,-57.6721929604616));
#11331=CARTESIAN_POINT('',(-2.,-7.,-223.836096480231));
#11332=CARTESIAN_POINT('',(-1.99999999999999,-14.,-57.6721929604616));
#11333=CARTESIAN_POINT('',(-2.00000000000001,-14.,-340.));
#11334=CARTESIAN_POINT('',(-1.99999999999999,-9.,-57.6721929604616));
#11335=CARTESIAN_POINT('',(-1.99999999999999,-14.,-57.6721929604616));
#11336=CARTESIAN_POINT('',(-1.99999999999999,-9.,-107.672192960462));
#11337=CARTESIAN_POINT('',(-2.,-9.,-198.130130163839));
#11338=CARTESIAN_POINT('',(-1.99999999999999,-11.5,-107.672192960462));
#11339=CARTESIAN_POINT('Origin',(28.787,-26.,55.));
#11340=CARTESIAN_POINT('',(28.787,-26.,54.));
#11341=CARTESIAN_POINT('',(28.787,-26.,55.));
#11342=CARTESIAN_POINT('',(-28.787,-26.,54.));
#11343=CARTESIAN_POINT('',(-28.787,-26.,54.));
#11344=CARTESIAN_POINT('',(-28.787,-26.,55.));
#11345=CARTESIAN_POINT('Origin',(-28.0184681940902,-10.0184681940902,55.));
#11346=CARTESIAN_POINT('',(-44.,-10.787,54.));
#11347=CARTESIAN_POINT('Origin',(-28.0184681940902,-10.0184681940902,54.));
#11348=CARTESIAN_POINT('',(-44.,-10.787,55.));
#11349=CARTESIAN_POINT('Origin',(-44.,-10.787,55.));
#11350=CARTESIAN_POINT('',(-44.,3.71300000000001,54.));
#11351=CARTESIAN_POINT('',(-44.,3.71300000000001,54.));
#11352=CARTESIAN_POINT('',(-44.,3.71300000000001,55.));
#11353=CARTESIAN_POINT('Origin',(-22.0018721034203,4.00000007965389,55.));
#11354=CARTESIAN_POINT('',(-22.,26.,54.));
#11355=CARTESIAN_POINT('Origin',(-22.0018721034203,4.00000007965389,54.));
#11356=CARTESIAN_POINT('',(-22.,26.,55.));
#11357=CARTESIAN_POINT('Origin',(-22.,26.,55.));
#11358=CARTESIAN_POINT('',(22.,26.,54.));
#11359=CARTESIAN_POINT('',(22.,26.,54.));
#11360=CARTESIAN_POINT('',(22.,26.,55.));
#11361=CARTESIAN_POINT('Origin',(21.7141669090909,3.716,55.));
#11362=CARTESIAN_POINT('',(44.,3.716,54.));
#11363=CARTESIAN_POINT('Origin',(21.7141669090909,3.716,54.));
#11364=CARTESIAN_POINT('',(44.,3.716,55.));
#11365=CARTESIAN_POINT('Origin',(44.,3.716,55.));
#11366=CARTESIAN_POINT('',(44.,-10.784,54.));
#11367=CARTESIAN_POINT('',(44.,-10.784,54.));
#11368=CARTESIAN_POINT('',(44.,-10.784,55.));
#11369=CARTESIAN_POINT('Origin',(28.0183238776194,-10.0184751347413,55.));
#11370=CARTESIAN_POINT('Origin',(28.0183238776194,-10.0184751347413,54.));
#11371=CARTESIAN_POINT('Ctrl Pts',(28.787,-26.,54.));
#11372=CARTESIAN_POINT('Ctrl Pts',(33.358,-29.6666666666667,36.));
#11373=CARTESIAN_POINT('Ctrl Pts',(37.929,-33.3333333333333,18.));
#11374=CARTESIAN_POINT('Ctrl Pts',(42.5,-37.,0.));
#11375=CARTESIAN_POINT('Ctrl Pts',(31.0318288963889,-25.8920286777368,54.));
#11376=CARTESIAN_POINT('Ctrl Pts',(36.2048007127923,-29.6077056913836,36.));
#11377=CARTESIAN_POINT('Ctrl Pts',(41.3778161033262,-33.3234081239009,18.));
#11378=CARTESIAN_POINT('Ctrl Pts',(46.5507879197297,-37.0390851375477,0.));
#11379=CARTESIAN_POINT('Ctrl Pts',(35.4746905203778,-24.7161977983167,54.));
#11380=CARTESIAN_POINT('Ctrl Pts',(41.8717489700623,-28.3622032957453,36.));
#11381=CARTESIAN_POINT('Ctrl Pts',(48.2688645921737,-32.0080722518351,18.));
#11382=CARTESIAN_POINT('Ctrl Pts',(54.6659230418582,-35.6540777492637,0.));
#11383=CARTESIAN_POINT('Ctrl Pts',(40.3862863865183,-20.7416725977741,54.));
#11384=CARTESIAN_POINT('Ctrl Pts',(48.4078656287513,-23.8161672302014,36.));
#11385=CARTESIAN_POINT('Ctrl Pts',(56.4294663214856,-26.8905510656751,18.));
#11386=CARTESIAN_POINT('Ctrl Pts',(64.4510455637187,-29.9650456981025,0.));
#11387=CARTESIAN_POINT('Ctrl Pts',(43.2210708442054,-15.8084089155928,54.));
#11388=CARTESIAN_POINT('Ctrl Pts',(52.5726923394507,-17.9918185864032,36.));
#11389=CARTESIAN_POINT('Ctrl Pts',(61.9242851177774,-20.1752761315069,18.));
#11390=CARTESIAN_POINT('Ctrl Pts',(71.2759066130227,-22.3586858023173,0.));
#11391=CARTESIAN_POINT('Ctrl Pts',(43.9193534869361,-12.4676376069268,54.));
#11392=CARTESIAN_POINT('Ctrl Pts',(53.9519565752979,-13.9368049051865,36.));
#11393=CARTESIAN_POINT('Ctrl Pts',(63.9845808021711,-15.4057115436113,18.));
#11394=CARTESIAN_POINT('Ctrl Pts',(74.0171838905329,-16.8748788418709,0.));
#11395=CARTESIAN_POINT('Ctrl Pts',(44.,-10.784,54.));
#11396=CARTESIAN_POINT('Ctrl Pts',(54.3333333333333,-11.856,36.));
#11397=CARTESIAN_POINT('Ctrl Pts',(64.6666666666667,-12.928,18.));
#11398=CARTESIAN_POINT('Ctrl Pts',(75.,-14.,0.));
#11399=CARTESIAN_POINT('',(44.,-10.784,54.));
#11400=CARTESIAN_POINT('Origin',(42.8280430494009,-3.0015825698057,0.));
#11401=CARTESIAN_POINT('',(28.787,-26.,54.));
#11402=CARTESIAN_POINT('Origin',(-28.787,-26.,54.));
#11403=CARTESIAN_POINT('',(-28.787,-26.,54.));
#11404=CARTESIAN_POINT('Ctrl Pts',(-44.,-10.787,54.));
#11405=CARTESIAN_POINT('Ctrl Pts',(-54.3333333333333,-11.858,36.));
#11406=CARTESIAN_POINT('Ctrl Pts',(-64.6666666666667,-12.929,18.));
#11407=CARTESIAN_POINT('Ctrl Pts',(-75.,-14.,0.));
#11408=CARTESIAN_POINT('Ctrl Pts',(-43.8920620594197,-13.031557241723,54.));
#11409=CARTESIAN_POINT('Ctrl Pts',(-53.8246278386692,-14.632258920408,36.));
#11410=CARTESIAN_POINT('Ctrl Pts',(-63.757012741461,-16.2324701104762,18.));
#11411=CARTESIAN_POINT('Ctrl Pts',(-73.6895785207106,-17.8331717891613,
0.));
#11412=CARTESIAN_POINT('Ctrl Pts',(-42.7165341294014,-17.4738960079482,
54.));
#11413=CARTESIAN_POINT('Ctrl Pts',(-51.7057795669692,-19.9911793432835,
36.));
#11414=CARTESIAN_POINT('Ctrl Pts',(-60.6951029683919,-22.5083703094688,
18.));
#11415=CARTESIAN_POINT('Ctrl Pts',(-69.6843484059598,-25.0256536448041,
0.));
#11416=CARTESIAN_POINT('Ctrl Pts',(-38.7429344402259,-22.3852103947237,
54.));
#11417=CARTESIAN_POINT('Ctrl Pts',(-46.1835201586945,-25.7107094297022,
36.));
#11418=CARTESIAN_POINT('Ctrl Pts',(-53.6241072605525,-29.0360423382046,
18.));
#11419=CARTESIAN_POINT('Ctrl Pts',(-61.064692979021,-32.3615413731831,0.));
#11420=CARTESIAN_POINT('Ctrl Pts',(-33.8106556417961,-25.2202865703963,
54.));
#11421=CARTESIAN_POINT('Ctrl Pts',(-39.7475898717027,-28.9028314208046,
36.));
#11422=CARTESIAN_POINT('Ctrl Pts',(-45.6845062448048,-32.5854554495297,
18.));
#11423=CARTESIAN_POINT('Ctrl Pts',(-51.6214404747114,-36.268000299938,0.));
#11424=CARTESIAN_POINT('Ctrl Pts',(-30.4704179312923,-25.9190465445647,
54.));
#11425=CARTESIAN_POINT('Ctrl Pts',(-35.4929537608752,-29.6225296755664,
36.));
#11426=CARTESIAN_POINT('Ctrl Pts',(-40.5155551102144,-33.3258307221591,
18.));
#11427=CARTESIAN_POINT('Ctrl Pts',(-45.5380909397972,-37.0293138531608,
0.));
#11428=CARTESIAN_POINT('Ctrl Pts',(-28.787,-26.,54.));
#11429=CARTESIAN_POINT('Ctrl Pts',(-33.358,-29.6666666666667,36.));
#11430=CARTESIAN_POINT('Ctrl Pts',(-37.929,-33.3333333333333,18.));
#11431=CARTESIAN_POINT('Ctrl Pts',(-42.5,-37.,0.));
#11432=CARTESIAN_POINT('',(-44.,-10.787,54.));
#11433=CARTESIAN_POINT('Origin',(-44.,3.71300000000001,54.));
#11434=CARTESIAN_POINT('',(-75.,14.,0.));
#11435=CARTESIAN_POINT('',(-75.,-14.,0.));
#11436=CARTESIAN_POINT('',(-44.,3.71300000000001,54.));
#11437=CARTESIAN_POINT('Ctrl Pts',(-22.,26.,54.));
#11438=CARTESIAN_POINT('Ctrl Pts',(-24.6666666666667,29.6666666666666,36.));
#11439=CARTESIAN_POINT('Ctrl Pts',(-27.3333333333333,33.3333333333331,18.));
#11440=CARTESIAN_POINT('Ctrl Pts',(-30.,36.9999999999997,0.));
#11441=CARTESIAN_POINT('Ctrl Pts',(-25.3187047035706,26.0002824072022,54.));
#11442=CARTESIAN_POINT('Ctrl Pts',(-28.5462509146058,29.6742223460432,36.));
#11443=CARTESIAN_POINT('Ctrl Pts',(-31.7732197027945,33.3503366021881,18.));
#11444=CARTESIAN_POINT('Ctrl Pts',(-35.0007659138297,37.024276541029,0.));
#11445=CARTESIAN_POINT('Ctrl Pts',(-31.9535993482097,24.4728573492045,54.));
#11446=CARTESIAN_POINT('Ctrl Pts',(-36.304964881498,28.2151937970953,36.));
#11447=CARTESIAN_POINT('Ctrl Pts',(-40.6570428371477,31.9577706577224,18.));
#11448=CARTESIAN_POINT('Ctrl Pts',(-45.008408370436,35.7001071056132,0.));
#11449=CARTESIAN_POINT('Ctrl Pts',(-39.9062966124986,18.0611960541783,54.));
#11450=CARTESIAN_POINT('Ctrl Pts',(-46.2480716490692,21.9552445868507,36.));
#11451=CARTESIAN_POINT('Ctrl Pts',(-52.5889894822994,25.8499062453136,18.));
#11452=CARTESIAN_POINT('Ctrl Pts',(-58.9307645188701,29.7439547779861,0.));
#11453=CARTESIAN_POINT('Ctrl Pts',(-43.5260985858819,10.3583590350068,54.));
#11454=CARTESIAN_POINT('Ctrl Pts',(-51.9388937621572,14.1848903488553,36.));
#11455=CARTESIAN_POINT('Ctrl Pts',(-60.3527037908216,18.0111562140854,18.));
#11456=CARTESIAN_POINT('Ctrl Pts',(-68.7654989670968,21.837687527934,0.));
#11457=CARTESIAN_POINT('Ctrl Pts',(-44.0216470117664,5.37221115419207,54.));
#11458=CARTESIAN_POINT('Ctrl Pts',(-53.8633972899084,8.92596596139035,36.));
#11459=CARTESIAN_POINT('Ctrl Pts',(-63.7034937768385,12.4798989020826,18.));
#11460=CARTESIAN_POINT('Ctrl Pts',(-73.5452440549805,16.0336537092808,0.));
#11461=CARTESIAN_POINT('Ctrl Pts',(-44.,3.713,54.));
#11462=CARTESIAN_POINT('Ctrl Pts',(-54.3333333333333,7.14199999999994,36.));
#11463=CARTESIAN_POINT('Ctrl Pts',(-64.6666666666665,10.5709999999999,18.));
#11464=CARTESIAN_POINT('Ctrl Pts',(-74.9999999999998,13.9999999999998,0.));
#11465=CARTESIAN_POINT('Origin',(-30.2669979052387,-17.999351924533,0.));
#11466=CARTESIAN_POINT('',(-22.,26.,54.));
#11467=CARTESIAN_POINT('Origin',(22.,26.,54.));
#11468=CARTESIAN_POINT('',(22.,26.,54.));
#11469=CARTESIAN_POINT('Ctrl Pts',(44.,3.716,54.));
#11470=CARTESIAN_POINT('Ctrl Pts',(54.3333333333333,7.14400000000001,36.));
#11471=CARTESIAN_POINT('Ctrl Pts',(64.6666666666667,10.572,18.));
#11472=CARTESIAN_POINT('Ctrl Pts',(75.,14.,0.));
#11473=CARTESIAN_POINT('Ctrl Pts',(44.,7.02272988863427,54.));
#11474=CARTESIAN_POINT('Ctrl Pts',(53.3569707861483,10.6988568520536,36.));
#11475=CARTESIAN_POINT('Ctrl Pts',(62.7160916754107,14.3738467695841,18.));
#11476=CARTESIAN_POINT('Ctrl Pts',(72.0730624615589,18.0499737330034,0.));
#11477=CARTESIAN_POINT('Ctrl Pts',(42.50330286471,13.6337169819717,54.));
#11478=CARTESIAN_POINT('Ctrl Pts',(50.041815117584,17.5403932392869,36.));
#11479=CARTESIAN_POINT('Ctrl Pts',(57.5807065928134,21.447636568609,18.));
#11480=CARTESIAN_POINT('Ctrl Pts',(65.1192188456874,25.3543128259242,0.));
#11481=CARTESIAN_POINT('Ctrl Pts',(36.2078488086318,21.6210020748928,54.));
#11482=CARTESIAN_POINT('Ctrl Pts',(41.5197471098079,25.4586034818048,36.));
#11483=CARTESIAN_POINT('Ctrl Pts',(46.8320749602031,29.2953170961328,18.));
#11484=CARTESIAN_POINT('Ctrl Pts',(52.1439732613792,33.1329185030449,0.));
#11485=CARTESIAN_POINT('Ctrl Pts',(28.6069868305508,25.3657442762468,54.));
#11486=CARTESIAN_POINT('Ctrl Pts',(32.4026841827643,29.075161876909,36.));
#11487=CARTESIAN_POINT('Ctrl Pts',(36.1983697111128,32.7854794944951,18.));
#11488=CARTESIAN_POINT('Ctrl Pts',(39.9940670633262,36.4948970951573,0.));
#11489=CARTESIAN_POINT('Ctrl Pts',(23.653228949031,25.9787943124896,54.));
#11490=CARTESIAN_POINT('Ctrl Pts',(26.6017176238531,29.6529978015478,36.));
#11491=CARTESIAN_POINT('Ctrl Pts',(29.5499733817215,33.3257965109418,18.));
#11492=CARTESIAN_POINT('Ctrl Pts',(32.4984620565437,37.,0.));
#11493=CARTESIAN_POINT('Ctrl Pts',(22.,26.,54.));
#11494=CARTESIAN_POINT('Ctrl Pts',(24.6666666666667,29.6666666666667,36.));
#11495=CARTESIAN_POINT('Ctrl Pts',(27.3333333333333,33.3333333333333,18.));
#11496=CARTESIAN_POINT('Ctrl Pts',(30.,37.,0.));
#11497=CARTESIAN_POINT('',(75.,14.,0.));
#11498=CARTESIAN_POINT('Origin',(30.,-18.5217391304348,0.));
#11499=CARTESIAN_POINT('',(44.,3.716,54.));
#11500=CARTESIAN_POINT('Origin',(44.,-10.784,54.));
#11501=CARTESIAN_POINT('',(75.,14.,0.));
#11502=CARTESIAN_POINT('Origin',(-0.00802726630977579,-0.874992879644428,
0.));
#11503=CARTESIAN_POINT('',(54.5228689185107,14.,0.));
#11504=CARTESIAN_POINT('',(-0.999999999999996,14.,0.));
#11505=CARTESIAN_POINT('',(74.2497201112295,16.,0.));
#11506=CARTESIAN_POINT('',(-54.5228689185107,14.,0.));
#11507=CARTESIAN_POINT('',(-0.999999999999996,14.,0.));
#11508=CARTESIAN_POINT('',(-22.4771310814893,14.,0.));
#11509=CARTESIAN_POINT('',(-0.999999999999996,14.,0.));
#11510=CARTESIAN_POINT('',(22.4771310814893,14.,0.));
#11511=CARTESIAN_POINT('',(-0.999999999999996,14.,0.));
#11512=CARTESIAN_POINT('',(-0.999999999999996,14.,0.));
#11513=CARTESIAN_POINT('Origin',(-4.44089209850063E-15,-0.93639142400937,
-350.));
#11514=CARTESIAN_POINT('',(75.,14.,-350.));
#11515=CARTESIAN_POINT('Ctrl Pts',(30.,37.,-350.));
#11516=CARTESIAN_POINT('Ctrl Pts',(34.9860963145112,36.9341241391759,-350.));
#11517=CARTESIAN_POINT('Ctrl Pts',(44.9404280546204,35.4858932018163,-350.));
#11518=CARTESIAN_POINT('Ctrl Pts',(58.7979838933744,29.5151401596256,-350.));
#11519=CARTESIAN_POINT('Ctrl Pts',(68.6586001830186,21.7130825382822,-350.));
#11520=CARTESIAN_POINT('Ctrl Pts',(73.513006437272,16.0013056153573,-350.));
#11521=CARTESIAN_POINT('Ctrl Pts',(75.,14.,-350.));
#11522=CARTESIAN_POINT('Origin',(30.2669979052389,-17.9993519245326,-350.));
#11523=CARTESIAN_POINT('Origin',(-4.44089209850063E-15,-0.93639142400937,
-350.));
#11524=CARTESIAN_POINT('Ctrl Pts',(-42.5,-37.,-350.));
#11525=CARTESIAN_POINT('Ctrl Pts',(-44.764996957603,-36.9754515190781,-350.));
#11526=CARTESIAN_POINT('Ctrl Pts',(-47.0274741829549,-36.7286911503075,
-350.));
#11527=CARTESIAN_POINT('Ctrl Pts',(-49.2452924866951,-36.267683116881,-350.));
#11528=CARTESIAN_POINT('Origin',(-4.44089209850063E-15,-0.93639142400937,
-350.));
#11529=CARTESIAN_POINT('',(49.245254006302,-36.3904939556929,-350.));
#11530=CARTESIAN_POINT('',(49.245254006302,-36.2692485749917,-350.));
#11531=CARTESIAN_POINT('',(49.245254006302,-8.46819571200468,-350.));
#11532=CARTESIAN_POINT('Ctrl Pts',(49.2449987510429,-36.2687375665643,-350.));
#11533=CARTESIAN_POINT('Ctrl Pts',(47.0273348132406,-36.7295697403527,-350.));
#11534=CARTESIAN_POINT('Ctrl Pts',(44.764996957603,-36.9754515190781,-350.));
#11535=CARTESIAN_POINT('Ctrl Pts',(42.5,-37.,-350.));
#11536=CARTESIAN_POINT('Origin',(42.8280430494009,-3.00158256980566,-350.));
#11537=CARTESIAN_POINT('Ctrl Pts',(30.,37.,-350.));
#11538=CARTESIAN_POINT('Ctrl Pts',(27.3320852643639,33.3333333333333,-368.));
#11539=CARTESIAN_POINT('Ctrl Pts',(24.6641705287279,29.6666666666667,-386.));
#11540=CARTESIAN_POINT('Ctrl Pts',(21.9962557930918,26.,-404.));
#11541=CARTESIAN_POINT('Ctrl Pts',(34.9860963145112,36.9341241391759,-350.));
#11542=CARTESIAN_POINT('Ctrl Pts',(31.762202122972,33.290458942548,-368.));
#11543=CARTESIAN_POINT('Ctrl Pts',(28.5389217624704,29.6445064313392,-386.));
#11544=CARTESIAN_POINT('Ctrl Pts',(25.3150275709312,26.0008412347113,-404.));
#11545=CARTESIAN_POINT('Ctrl Pts',(44.9404280546204,35.4858932018163,-350.));
#11546=CARTESIAN_POINT('Ctrl Pts',(40.610636217757,31.8154390353965,-368.));
#11547=CARTESIAN_POINT('Ctrl Pts',(36.2801374198595,28.1441891466734,-386.));
#11548=CARTESIAN_POINT('Ctrl Pts',(31.9503455829961,24.4737349802536,-404.));
#11549=CARTESIAN_POINT('Ctrl Pts',(58.7979838933744,29.5151401596256,-350.));
#11550=CARTESIAN_POINT('Ctrl Pts',(52.4997516769684,25.6982412055818,-368.));
#11551=CARTESIAN_POINT('Ctrl Pts',(46.2024591722057,21.8804848854246,-386.));
#11552=CARTESIAN_POINT('Ctrl Pts',(39.9042269557997,18.0635859313808,-404.));
#11553=CARTESIAN_POINT('Ctrl Pts',(68.6586001830186,21.7130825382822,-350.));
#11554=CARTESIAN_POINT('Ctrl Pts',(60.2811457880076,17.9290968545505,-368.));
#11555=CARTESIAN_POINT('Ctrl Pts',(51.9026799980262,14.1452018692502,-386.));
#11556=CARTESIAN_POINT('Ctrl Pts',(43.5252256030152,10.3612161855184,-404.));
#11557=CARTESIAN_POINT('Ctrl Pts',(73.513006437272,16.0013056153573,-350.));
#11558=CARTESIAN_POINT('Ctrl Pts',(63.6819050290655,12.459332000035,-368.));
#11559=CARTESIAN_POINT('Ctrl Pts',(53.8525225596256,8.91722128807545,-386.));
#11560=CARTESIAN_POINT('Ctrl Pts',(44.021421151419,5.37524767275314,-404.));
#11561=CARTESIAN_POINT('Ctrl Pts',(75.,14.,-350.));
#11562=CARTESIAN_POINT('Ctrl Pts',(64.6666666666667,10.572,-368.));
#11563=CARTESIAN_POINT('Ctrl Pts',(54.3333333333333,7.144,-386.));
#11564=CARTESIAN_POINT('Ctrl Pts',(44.,3.716,-404.));
#11565=CARTESIAN_POINT('',(30.,37.,-350.));
#11566=CARTESIAN_POINT('',(75.,14.,-350.));
#11567=CARTESIAN_POINT('Origin',(-30.,37.,-350.));
#11568=CARTESIAN_POINT('',(-30.,37.,-350.));
#11569=CARTESIAN_POINT('Ctrl Pts',(-75.,14.,-350.));
#11570=CARTESIAN_POINT('Ctrl Pts',(-64.6679147356361,10.572,-368.));
#11571=CARTESIAN_POINT('Ctrl Pts',(-54.3358294712721,7.144,-386.));
#11572=CARTESIAN_POINT('Ctrl Pts',(-44.0037442069082,3.71600000000001,-404.));
#11573=CARTESIAN_POINT('Ctrl Pts',(-72.0904881099614,18.067307418562,-350.));
#11574=CARTESIAN_POINT('Ctrl Pts',(-62.7432814261403,14.3892903810031,-368.));
#11575=CARTESIAN_POINT('Ctrl Pts',(-53.3937933258119,10.7125124176992,-386.));
#11576=CARTESIAN_POINT('Ctrl Pts',(-44.0465866419908,7.03449538014025,-404.));
#11577=CARTESIAN_POINT('Ctrl Pts',(-65.1551097438498,25.4026766770814,-350.));
#11578=CARTESIAN_POINT('Ctrl Pts',(-57.6382473001129,21.4981338994813,-368.));
#11579=CARTESIAN_POINT('Ctrl Pts',(-50.1204402616014,17.5931513339922,-386.));
#11580=CARTESIAN_POINT('Ctrl Pts',(-42.6035778178645,13.6886085563921,-404.));
#11581=CARTESIAN_POINT('Ctrl Pts',(-52.1728069225198,33.1979351459269,-350.));
#11582=CARTESIAN_POINT('Ctrl Pts',(-46.8803042470711,29.3725957643056,-368.));
#11583=CARTESIAN_POINT('Ctrl Pts',(-41.5871057089846,25.548316899469,-386.));
#11584=CARTESIAN_POINT('Ctrl Pts',(-36.2946030335359,21.7229775178477,-404.));
#11585=CARTESIAN_POINT('Ctrl Pts',(-40.0041812488436,36.5378596897623,-350.));
#11586=CARTESIAN_POINT('Ctrl Pts',(-36.2157226398959,32.8392551621791,-368.));
#11587=CARTESIAN_POINT('Ctrl Pts',(-32.4271344298522,29.1397689448216,-386.));
#11588=CARTESIAN_POINT('Ctrl Pts',(-28.6386758209045,25.4411644172383,-404.));
#11589=CARTESIAN_POINT('Ctrl Pts',(-32.5003829569149,37.0121382705147,-350.));
#11590=CARTESIAN_POINT('Ctrl Pts',(-29.5533075282441,33.341063450634,-368.));
#11591=CARTESIAN_POINT('Ctrl Pts',(-26.6064613357429,29.6714955031341,-386.));
#11592=CARTESIAN_POINT('Ctrl Pts',(-23.6593859070721,26.0004206832535,-404.));
#11593=CARTESIAN_POINT('Ctrl Pts',(-30.,37.,-350.));
#11594=CARTESIAN_POINT('Ctrl Pts',(-27.3333333333333,33.3333333333333,-368.));
#11595=CARTESIAN_POINT('Ctrl Pts',(-24.6666666666667,29.6666666666667,-386.));
#11596=CARTESIAN_POINT('Ctrl Pts',(-22.,26.,-404.));
#11597=CARTESIAN_POINT('',(-75.,14.,-350.));
#11598=CARTESIAN_POINT('Origin',(-75.,-14.,-350.));
#11599=CARTESIAN_POINT('',(-75.,-14.,-350.));
#11600=CARTESIAN_POINT('',(-75.,-7.46819571200469,-350.));
#11601=CARTESIAN_POINT('',(-75.,-14.,-350.));
#11602=CARTESIAN_POINT('Ctrl Pts',(-42.5,-37.,-350.));
#11603=CARTESIAN_POINT('Ctrl Pts',(-37.929,-33.3333333333333,-368.));
#11604=CARTESIAN_POINT('Ctrl Pts',(-33.358,-29.6666666666667,-386.));
#11605=CARTESIAN_POINT('Ctrl Pts',(-28.787,-26.,-404.));
#11606=CARTESIAN_POINT('Ctrl Pts',(-46.5333109862031,-36.956286185081,-350.));
#11607=CARTESIAN_POINT('Ctrl Pts',(-41.3662411471304,-33.2684314968524,
-368.));
#11608=CARTESIAN_POINT('Ctrl Pts',(-36.1992642935316,-29.5803942179264,
-386.));
#11609=CARTESIAN_POINT('Ctrl Pts',(-31.0321944544589,-25.8925395296978,
-404.));
#11610=CARTESIAN_POINT('Ctrl Pts',(-54.5839531135874,-35.4596169469716,
-350.));
#11611=CARTESIAN_POINT('Ctrl Pts',(-48.2145825977912,-31.8785079900253,
-368.));
#11612=CARTESIAN_POINT('Ctrl Pts',(-41.8450478577093,-28.2974836011057,
-386.));
#11613=CARTESIAN_POINT('Ctrl Pts',(-35.4756773419131,-24.7163746441594,
-404.));
#11614=CARTESIAN_POINT('Ctrl Pts',(-64.3009685163408,-29.7736189129475,
-350.));
#11615=CARTESIAN_POINT('Ctrl Pts',(-56.330400053569,-26.7633937407637,-368.));
#11616=CARTESIAN_POINT('Ctrl Pts',(-48.3597781072231,-23.7532139083729,
-386.));
#11617=CARTESIAN_POINT('Ctrl Pts',(-40.3892096444513,-20.7429887361892,
-404.));
#11618=CARTESIAN_POINT('Ctrl Pts',(-71.1474804226521,-22.2540372369017,
-350.));
#11619=CARTESIAN_POINT('Ctrl Pts',(-61.8397635392066,-20.1056407308736,
-368.));
#11620=CARTESIAN_POINT('Ctrl Pts',(-52.5321074120283,-17.9572341599091,
-386.));
#11621=CARTESIAN_POINT('Ctrl Pts',(-43.2243905285828,-15.808837653881,-404.));
#11622=CARTESIAN_POINT('Ctrl Pts',(-73.9629796384895,-16.8418633411722,
-350.));
#11623=CARTESIAN_POINT('Ctrl Pts',(-63.9497224921776,-15.3838025074947,
-368.));
#11624=CARTESIAN_POINT('Ctrl Pts',(-53.9363236441051,-13.925952730726,-386.));
#11625=CARTESIAN_POINT('Ctrl Pts',(-43.9230664977932,-12.4678918970485,
-404.));
#11626=CARTESIAN_POINT('Ctrl Pts',(-75.,-14.,-350.));
#11627=CARTESIAN_POINT('Ctrl Pts',(-64.6679147356361,-12.928,-368.));
#11628=CARTESIAN_POINT('Ctrl Pts',(-54.3358294712721,-11.856,-386.));
#11629=CARTESIAN_POINT('Ctrl Pts',(-44.0037442069082,-10.784,-404.));
#11630=CARTESIAN_POINT('',(-42.5,-37.,-350.));
#11631=CARTESIAN_POINT('Ctrl Pts',(-74.1993775961371,-15.9998512832308,
-350.));
#11632=CARTESIAN_POINT('Ctrl Pts',(-74.4867213238314,-15.3416834251274,
-350.));
#11633=CARTESIAN_POINT('Ctrl Pts',(-74.7538078782474,-14.6746679155605,
-350.));
#11634=CARTESIAN_POINT('Ctrl Pts',(-75.,-14.,-350.));
#11635=CARTESIAN_POINT('Origin',(42.5,-37.,-350.));
#11636=CARTESIAN_POINT('',(42.5,-37.,-350.));
#11637=CARTESIAN_POINT('Ctrl Pts',(75.,-14.,-350.));
#11638=CARTESIAN_POINT('Ctrl Pts',(64.6666666666667,-12.928,-368.));
#11639=CARTESIAN_POINT('Ctrl Pts',(54.3333333333333,-11.856,-386.));
#11640=CARTESIAN_POINT('Ctrl Pts',(44.,-10.784,-404.));
#11641=CARTESIAN_POINT('Ctrl Pts',(73.6173061846526,-17.7891511215629,-350.));
#11642=CARTESIAN_POINT('Ctrl Pts',(63.7090307552569,-16.2021845149185,-368.));
#11643=CARTESIAN_POINT('Ctrl Pts',(53.8007467453105,-14.6158167492136,-386.));
#11644=CARTESIAN_POINT('Ctrl Pts',(43.8924713159148,-13.0288501425691,-404.));
#11645=CARTESIAN_POINT('Ctrl Pts',(69.5282214542331,-24.8836732011817,-350.));
#11646=CARTESIAN_POINT('Ctrl Pts',(60.5910320461157,-22.4129179549652,-368.));
#11647=CARTESIAN_POINT('Ctrl Pts',(51.653657152602,-19.9423783546894,-386.));
#11648=CARTESIAN_POINT('Ctrl Pts',(42.7164677444846,-17.4716231084729,-404.));
#11649=CARTESIAN_POINT('Ctrl Pts',(60.9340795624423,-32.1563403280128,-350.));
#11650=CARTESIAN_POINT('Ctrl Pts',(53.5374126383442,-28.8990142847498,-368.));
#11651=CARTESIAN_POINT('Ctrl Pts',(46.1406629841779,-25.6419352713944,-386.));
#11652=CARTESIAN_POINT('Ctrl Pts',(38.7439960600799,-22.3846092281314,-404.));
#11653=CARTESIAN_POINT('Ctrl Pts',(51.5654638813354,-36.1120797137069,-350.));
#11654=CARTESIAN_POINT('Ctrl Pts',(45.6472657173576,-32.4813696404852,-368.));
#11655=CARTESIAN_POINT('Ctrl Pts',(39.7291339343536,-28.8506233044363,-386.));
#11656=CARTESIAN_POINT('Ctrl Pts',(33.8109357703758,-25.2199132312147,-404.));
#11657=CARTESIAN_POINT('Ctrl Pts',(45.5249832396523,-36.9672146388107,-350.));
#11658=CARTESIAN_POINT('Ctrl Pts',(40.506908633174,-33.2844446188048,-368.));
#11659=CARTESIAN_POINT('Ctrl Pts',(35.48869627877,-29.6017915283086,-386.));
#11660=CARTESIAN_POINT('Ctrl Pts',(30.4706216722917,-25.9190215083026,-404.));
#11661=CARTESIAN_POINT('Ctrl Pts',(42.5,-37.,-350.));
#11662=CARTESIAN_POINT('Ctrl Pts',(37.929,-33.3333333333333,-368.));
#11663=CARTESIAN_POINT('Ctrl Pts',(33.358,-29.6666666666667,-386.));
#11664=CARTESIAN_POINT('Ctrl Pts',(28.787,-26.,-404.));
#11665=CARTESIAN_POINT('',(75.,-14.,-350.));
#11666=CARTESIAN_POINT('',(74.1996122908723,-15.9999999999373,-350.));
#11667=CARTESIAN_POINT('Ctrl Pts',(75.,-14.,-350.));
#11668=CARTESIAN_POINT('Ctrl Pts',(74.753807878206,-14.6746679156741,-350.));
#11669=CARTESIAN_POINT('Ctrl Pts',(74.48663336986,-15.3416672624596,-350.));
#11670=CARTESIAN_POINT('Ctrl Pts',(74.1991625852368,-15.9998158198898,-350.));
#11671=CARTESIAN_POINT('',(75.,-14.,-350.));
#11672=CARTESIAN_POINT('',(51.245254006302,-35.791732132129,-350.));
#11673=CARTESIAN_POINT('Ctrl Pts',(51.2449764229511,-35.7914650741529,-350.));
#11674=CARTESIAN_POINT('Ctrl Pts',(50.5831851019239,-35.9701246035988,-350.));
#11675=CARTESIAN_POINT('Ctrl Pts',(49.9161376995806,-36.1292744065712,-350.));
#11676=CARTESIAN_POINT('Ctrl Pts',(49.2449987510429,-36.2687375665643,-350.));
#11677=CARTESIAN_POINT('Ctrl Pts',(74.1991670769262,-15.9998055364094,-350.));
#11678=CARTESIAN_POINT('Ctrl Pts',(72.8721093322673,-19.038033946653,-350.));
#11679=CARTESIAN_POINT('Ctrl Pts',(68.9717848456602,-25.354549558855,-350.));
#11680=CARTESIAN_POINT('Ctrl Pts',(60.9340795624423,-32.1563403280128,-350.));
#11681=CARTESIAN_POINT('Ctrl Pts',(54.3068691117918,-34.9545677598188,-350.));
#11682=CARTESIAN_POINT('Ctrl Pts',(51.3170531718843,-35.7720065404818,-350.));
#11683=CARTESIAN_POINT('Ctrl Pts',(51.2451679497491,-35.7914133683158,-350.));
#11684=CARTESIAN_POINT('Origin',(75.,14.,-350.));
#11685=CARTESIAN_POINT('',(75.,6.5318042879953,-350.));
#11686=CARTESIAN_POINT('Origin',(40.9679593271795,-14.,-309.003532232396));
#11687=CARTESIAN_POINT('',(41.4870806799731,-3.,-339.999185363457));
#11688=CARTESIAN_POINT('',(41.4870806799731,-14.,-339.999185363457));
#11689=CARTESIAN_POINT('',(41.4359186543572,-3.,-340.));
#11690=CARTESIAN_POINT('',(41.4359186543584,-14.,-340.));
#11691=CARTESIAN_POINT('Origin',(40.9679593271795,-3.,-309.003532232396));
#11692=CARTESIAN_POINT('Origin',(59.8062923753428,-3.,-324.422309194909));
#11693=CARTESIAN_POINT('',(41.4865012739205,-3.,-340.));
#11694=CARTESIAN_POINT('',(51.7429198311373,-3.,-325.579623627531));
#11695=CARTESIAN_POINT('',(77.6543548607301,-3.,-340.));
#11696=CARTESIAN_POINT('Origin',(48.4875600727655,-2.,-330.156612435235));
#11697=CARTESIAN_POINT('',(41.4865012739205,-2.,-340.));
#11698=CARTESIAN_POINT('Origin',(15.393,29.9,-409.));
#11699=CARTESIAN_POINT('',(14.343,29.9,-409.));
#11700=CARTESIAN_POINT('Origin',(-47.9,0.963000000000016,-409.));
#11701=CARTESIAN_POINT('',(-47.9,0.963000000000016,-410.05));
#11702=CARTESIAN_POINT('Origin',(-15.393,-29.9,-409.));
#11703=CARTESIAN_POINT('',(-16.443,-29.9,-409.));
#11704=CARTESIAN_POINT('Origin',(47.9,-8.03700000000003,-409.));
#11705=CARTESIAN_POINT('',(47.9,-8.03700000000003,-407.95));
#11706=CARTESIAN_POINT('Origin',(14.2579999999998,29.9,67.8826360802722));
#11707=CARTESIAN_POINT('',(13.2079999999998,29.9,67.8826360802722));
#11708=CARTESIAN_POINT('Origin',(47.9,-8.16199999999999,67.5));
#11709=CARTESIAN_POINT('',(47.9,-8.16199999999999,68.55));
#11710=CARTESIAN_POINT('Origin',(-14.394,-29.9,67.5));
#11711=CARTESIAN_POINT('',(-15.444,-29.9,67.5));
#11712=CARTESIAN_POINT('Origin',(-47.9,0.965999999999993,67.5));
#11713=CARTESIAN_POINT('',(-47.9,0.965999999999993,66.45));
#11714=CARTESIAN_POINT('Origin',(38.5,14.,-4.10992723813201));
#11715=CARTESIAN_POINT('Origin',(38.5,14.,-71.2198544762641));
#11716=CARTESIAN_POINT('Origin',(38.5,14.,-73.219854476264));
#11717=CARTESIAN_POINT('Origin',(38.5,2.,-73.219854476264));
#11718=CARTESIAN_POINT('',(1.99999999999999,14.,-10.));
#11719=CARTESIAN_POINT('',(1.99999999999999,2.,-10.));
#11720=CARTESIAN_POINT('',(64.4817523511668,14.,-5.00000000000001));
#11721=CARTESIAN_POINT('Origin',(38.5,14.,-73.219854476264));
#11722=CARTESIAN_POINT('',(64.4817523511668,14.,-5.00000000000002));
#11723=CARTESIAN_POINT('Origin',(77.,14.,-5.));
#11724=CARTESIAN_POINT('',(77.,2.,-5.));
#11725=CARTESIAN_POINT('',(77.,14.,-5.));
#11726=CARTESIAN_POINT('',(64.4817523511668,14.,-5.00000000000001));
#11727=CARTESIAN_POINT('',(77.,14.,-5.));
#11728=CARTESIAN_POINT('Origin',(-77.,14.,-340.));
#11729=CARTESIAN_POINT('',(64.4817523511667,14.,-2.99999999999997));
#11730=CARTESIAN_POINT('',(75.,14.,-2.99999999999999));
#11731=CARTESIAN_POINT('',(4.07924311347081E-13,14.,-2.99999999999979));
#11732=CARTESIAN_POINT('',(75.,14.,0.));
#11733=CARTESIAN_POINT('Origin',(38.5,14.,-71.2198544762641));
#11734=CARTESIAN_POINT('Origin',(38.5,14.,-71.2198544762641));
#11735=CARTESIAN_POINT('',(64.4817523511667,2.,-2.99999999999997));
#11736=CARTESIAN_POINT('',(64.4817523511667,14.,-2.99999999999997));
#11737=CARTESIAN_POINT('',(1.99999999999997,14.,-8.));
#11738=CARTESIAN_POINT('Origin',(38.5,14.,-71.2198544762641));
#11739=CARTESIAN_POINT('',(1.99999999999997,2.,-8.));
#11740=CARTESIAN_POINT('',(1.99999999999997,8.,-7.99999999999997));
#11741=CARTESIAN_POINT('Origin',(38.5,2.,-71.2198544762641));
#11742=CARTESIAN_POINT('Origin',(77.,14.,-3.));
#11743=CARTESIAN_POINT('',(75.,2.,-2.99999999999999));
#11744=CARTESIAN_POINT('',(58.4542486035505,2.,-2.99999999999995));
#11745=CARTESIAN_POINT('',(75.,-1.11022302462516E-15,-2.99999999999999));
#11746=CARTESIAN_POINT('Origin',(38.5,2.,-73.2198544762636));
#11747=CARTESIAN_POINT('',(1.99999999999999,-5.55111512312578E-16,-10.));
#11748=CARTESIAN_POINT('',(1.99999999999999,2.,-10.));
#11749=CARTESIAN_POINT('',(64.4817523511668,-5.55111512312578E-16,-5.));
#11750=CARTESIAN_POINT('Origin',(38.5,-1.11022302462516E-15,-73.2198544762636));
#11751=CARTESIAN_POINT('',(64.4817523511668,2.,-5.));
#11752=CARTESIAN_POINT('Origin',(77.,2.,-5.));
#11753=CARTESIAN_POINT('',(75.,-6.,-5.));
#11754=CARTESIAN_POINT('',(64.8272146598869,5.55111512312578E-16,-5.));
#11755=CARTESIAN_POINT('',(64.4817523511668,-5.55111512312578E-16,-5.));
#11756=CARTESIAN_POINT('',(64.8272146598869,-2.,-5.));
#11757=CARTESIAN_POINT('Origin',(-75.,2.,-7.99999999999997));
#11758=CARTESIAN_POINT('',(-2.00000000000004,14.,-8.));
#11759=CARTESIAN_POINT('',(-2.00000000000004,2.,-8.));
#11760=CARTESIAN_POINT('',(-2.0000000000001,14.,-7.99999999999997));
#11761=CARTESIAN_POINT('',(-75.,2.,-7.99999999999997));
#11762=CARTESIAN_POINT('',(-76.,14.,-7.99999999999997));
#11763=CARTESIAN_POINT('Origin',(-77.,14.,-340.));
#11764=CARTESIAN_POINT('',(-75.,14.,-3.));
#11765=CARTESIAN_POINT('',(-64.481752351167,14.,-3.00000000000004));
#11766=CARTESIAN_POINT('',(-70.7408761755835,14.,-2.99999999999997));
#11767=CARTESIAN_POINT('Origin',(-38.5,14.,-71.219854476264));
#11768=CARTESIAN_POINT('',(-75.,14.,0.));
#11769=CARTESIAN_POINT('Origin',(-77.,14.,-340.));
#11770=CARTESIAN_POINT('Origin',(-38.5,14.,-71.219854476264));
#11771=CARTESIAN_POINT('Origin',(-38.5,14.,-71.219854476264));
#11772=CARTESIAN_POINT('',(-64.481752351167,2.,-3.00000000000004));
#11773=CARTESIAN_POINT('',(-64.481752351167,14.,-3.00000000000004));
#11774=CARTESIAN_POINT('Origin',(-38.5,2.,-71.219854476264));
#11775=CARTESIAN_POINT('Origin',(-38.5,14.,-71.219854476264));
#11776=CARTESIAN_POINT('Origin',(-64.481752351167,14.,-3.));
#11777=CARTESIAN_POINT('',(-75.,2.,-3.));
#11778=CARTESIAN_POINT('',(-75.,14.,-3.));
#11779=CARTESIAN_POINT('',(-77.,2.,-3.));
#11780=CARTESIAN_POINT('Origin',(-39.5,14.,-3.109927238132));
#11781=CARTESIAN_POINT('Origin',(-38.5,14.,-73.2198544762641));
#11782=CARTESIAN_POINT('Origin',(-38.5,2.,-73.2198544762641));
#11783=CARTESIAN_POINT('',(-64.4817523511667,14.,-4.99999999999999));
#11784=CARTESIAN_POINT('',(-64.4817523511667,14.,-4.99999999999999));
#11785=CARTESIAN_POINT('',(-2.00000000000001,14.,-10.));
#11786=CARTESIAN_POINT('Origin',(-38.5,14.,-73.2198544762641));
#11787=CARTESIAN_POINT('',(-2.00000000000001,2.,-10.));
#11788=CARTESIAN_POINT('Origin',(-77.,14.,-5.));
#11789=CARTESIAN_POINT('',(-77.,14.,-5.));
#11790=CARTESIAN_POINT('',(-64.4817523511667,2.,-4.99999999999999));
#11791=CARTESIAN_POINT('',(-77.,-1.11022302462516E-15,-5.));
#11792=CARTESIAN_POINT('Origin',(-4.44089209850063E-15,2.,-8.99999999999999));
#11793=CARTESIAN_POINT('',(77.,2.,-10.));
#11794=CARTESIAN_POINT('',(75.,2.,-1.99999999999999));
#11795=CARTESIAN_POINT('',(-75.,2.,-1.554963619066));
#11796=CARTESIAN_POINT('Origin',(-38.5,2.,-73.2198544762647));
#11797=CARTESIAN_POINT('',(-64.4817523511667,2.,-5.));
#11798=CARTESIAN_POINT('',(-2.,2.,-10.));
#11799=CARTESIAN_POINT('Origin',(-64.4817523511667,2.,-5.));
#11800=CARTESIAN_POINT('',(-75.,8.,-5.));
#11801=CARTESIAN_POINT('Origin',(-75.,-14.,-8.));
#11802=CARTESIAN_POINT('',(-2.00000000000004,-2.,-8.));
#11803=CARTESIAN_POINT('',(-2.00000000000004,-14.,-8.));
#11804=CARTESIAN_POINT('',(-2.,-14.,-8.00000000000001));
#11805=CARTESIAN_POINT('',(1.99999999999996,-14.,-8.));
#11806=CARTESIAN_POINT('',(-76.,-14.,-8.));
#11807=CARTESIAN_POINT('',(1.99999999999996,-2.,-8.));
#11808=CARTESIAN_POINT('',(1.99999999999996,-14.,-8.00000000000001));
#11809=CARTESIAN_POINT('',(-75.,-2.,-8.));
#11810=CARTESIAN_POINT('Origin',(-77.,-14.,-10.));
#11811=CARTESIAN_POINT('',(75.,-14.,-3.));
#11812=CARTESIAN_POINT('',(64.4817523511668,-14.,-3.));
#11813=CARTESIAN_POINT('',(-6.2591238244166,-14.,-3.));
#11814=CARTESIAN_POINT('Origin',(38.5,-14.,-71.219854476264));
#11815=CARTESIAN_POINT('',(75.,-14.,0.));
#11816=CARTESIAN_POINT('Origin',(-77.,-14.,-10.));
#11817=CARTESIAN_POINT('Origin',(-38.5,-14.,-71.2198544762639));
#11818=CARTESIAN_POINT('Origin',(38.5,-14.,-71.219854476264));
#11819=CARTESIAN_POINT('Origin',(-38.5,-14.,-71.2198544762639));
#11820=CARTESIAN_POINT('',(-64.4817523511667,-2.,-3.));
#11821=CARTESIAN_POINT('Origin',(-38.5,-2.,-71.2198544762639));
#11822=CARTESIAN_POINT('',(-64.4817523511667,-14.,-3.));
#11823=CARTESIAN_POINT('Origin',(-38.5,-14.,-71.2198544762639));
#11824=CARTESIAN_POINT('Origin',(38.5,-14.,-71.219854476264));
#11825=CARTESIAN_POINT('',(64.4817523511668,-2.,-3.));
#11826=CARTESIAN_POINT('',(64.4817523511668,-14.,-3.));
#11827=CARTESIAN_POINT('Origin',(38.5,-2.,-71.219854476264));
#11828=CARTESIAN_POINT('Origin',(38.5,-14.,-71.219854476264));
#11829=CARTESIAN_POINT('Origin',(64.4817523511668,-14.,-3.));
#11830=CARTESIAN_POINT('',(75.,-2.,-3.));
#11831=CARTESIAN_POINT('',(75.,-14.,-3.));
#11832=CARTESIAN_POINT('',(77.,-2.,-3.));
#11833=CARTESIAN_POINT('Origin',(-38.5,-14.,-73.2198544762641));
#11834=CARTESIAN_POINT('',(-64.4817523511667,-14.,-4.99999999999999));
#11835=CARTESIAN_POINT('Origin',(-38.5,-2.,-73.2198544762641));
#11836=CARTESIAN_POINT('',(-1.99999999999999,-8.,-10.));
#11837=CARTESIAN_POINT('Origin',(-64.4817523511667,-14.,-4.99999999999999));
#11838=CARTESIAN_POINT('',(-77.,-2.,-4.99999999999999));
#11839=CARTESIAN_POINT('',(-77.,-14.,-5.));
#11840=CARTESIAN_POINT('Origin',(-4.44089209850063E-15,-14.,-4.109927238132));
#11841=CARTESIAN_POINT('Origin',(-4.44089209850063E-15,-14.,-4.109927238132));
#11842=CARTESIAN_POINT('Origin',(38.5,-14.,-73.2198544762639));
#11843=CARTESIAN_POINT('',(64.4817523511668,-14.,-5.));
#11844=CARTESIAN_POINT('',(1.99999999999996,-8.,-10.));
#11845=CARTESIAN_POINT('Origin',(77.,-14.,-5.));
#11846=CARTESIAN_POINT('',(64.4817523511668,-2.,-5.));
#11847=CARTESIAN_POINT('',(77.,-1.11022302462516E-15,-5.));
#11848=CARTESIAN_POINT('Origin',(-77.,-14.,-3.));
#11849=CARTESIAN_POINT('',(-75.,-2.,-3.));
#11850=CARTESIAN_POINT('',(-75.,1.11022302462516E-15,-3.));
#11851=CARTESIAN_POINT('',(-64.4817523511667,-2.,-3.));
#11852=CARTESIAN_POINT('Origin',(-75.,14.,0.));
#11853=CARTESIAN_POINT('',(-75.,-2.,-2.054963619066));
#11854=CARTESIAN_POINT('Origin',(77.,-2.,-10.));
#11855=CARTESIAN_POINT('',(77.,-2.,-10.));
#11856=CARTESIAN_POINT('',(1.99999999999999,-2.,-10.));
#11857=CARTESIAN_POINT('Origin',(75.,-14.,0.));
#11858=CARTESIAN_POINT('',(75.,-2.,-2.054963619066));
#11859=CARTESIAN_POINT('Origin',(0.,-2.,-9.));
#11860=CARTESIAN_POINT('Origin',(38.5,-2.,-71.4127768252238));
#11861=CARTESIAN_POINT('Origin',(38.5,-2.,-71.4127768252238));
#11862=CARTESIAN_POINT('Origin',(38.5,2.77555756156289E-16,-71.4127768252238));
#11863=CARTESIAN_POINT('Origin',(38.5,5.55111512312578E-16,-4.98601902277796));
#11864=CARTESIAN_POINT('Origin',(38.5,14.,-278.780145523736));
#11865=CARTESIAN_POINT('',(64.4817523511667,14.,-347.));
#11866=CARTESIAN_POINT('',(1.99999999999999,14.,-342.));
#11867=CARTESIAN_POINT('Origin',(38.5,14.,-278.780145523736));
#11868=CARTESIAN_POINT('',(64.4817523511667,2.,-347.));
#11869=CARTESIAN_POINT('',(64.4817523511667,14.,-347.));
#11870=CARTESIAN_POINT('',(1.99999999999999,2.,-342.));
#11871=CARTESIAN_POINT('Origin',(38.5,2.,-278.780145523736));
#11872=CARTESIAN_POINT('',(1.99999999999999,8.,-342.));
#11873=CARTESIAN_POINT('Origin',(77.,14.,-345.));
#11874=CARTESIAN_POINT('',(64.4817523511668,14.,-345.));
#11875=CARTESIAN_POINT('',(75.,14.,-345.));
#11876=CARTESIAN_POINT('',(64.4817523511668,14.,-345.));
#11877=CARTESIAN_POINT('',(64.4817523511668,14.,-345.));
#11878=CARTESIAN_POINT('',(64.4817523511668,2.,-345.));
#11879=CARTESIAN_POINT('',(77.,14.,-345.));
#11880=CARTESIAN_POINT('',(77.,14.,-345.));
#11881=CARTESIAN_POINT('',(77.,14.,-345.));
#11882=CARTESIAN_POINT('Origin',(64.4817523511667,14.,-347.));
#11883=CARTESIAN_POINT('',(75.,2.,-347.));
#11884=CARTESIAN_POINT('',(75.,14.,-347.));
#11885=CARTESIAN_POINT('',(75.,-1.11022302462516E-15,-347.));
#11886=CARTESIAN_POINT('',(77.,2.,-347.));
#11887=CARTESIAN_POINT('',(77.,14.,-347.));
#11888=CARTESIAN_POINT('Origin',(38.5,14.,-276.780145523736));
#11889=CARTESIAN_POINT('Origin',(38.5,2.,-276.780145523736));
#11890=CARTESIAN_POINT('Origin',(38.5,14.,-276.780145523736));
#11891=CARTESIAN_POINT('',(1.99999999999999,2.,-340.));
#11892=CARTESIAN_POINT('Origin',(0.,2.,-341.));
#11893=CARTESIAN_POINT('Origin',(-38.5,2.,-276.780145523736));
#11894=CARTESIAN_POINT('',(-77.,2.,-345.));
#11895=CARTESIAN_POINT('',(-75.,2.,-347.));
#11896=CARTESIAN_POINT('',(-75.,2.,-173.445036380934));
#11897=CARTESIAN_POINT('',(-64.4817523511668,2.,-347.));
#11898=CARTESIAN_POINT('',(-58.4542486035507,2.,-347.));
#11899=CARTESIAN_POINT('',(-2.00000000000001,2.,-342.));
#11900=CARTESIAN_POINT('Origin',(-38.5,2.,-278.780145523736));
#11901=CARTESIAN_POINT('',(75.,2.,-342.));
#11902=CARTESIAN_POINT('',(75.,2.,-172.945036380934));
#11903=CARTESIAN_POINT('',(-2.22044604925031E-15,2.,-340.));
#11904=CARTESIAN_POINT('Origin',(38.5,2.,-276.780145523736));
#11905=CARTESIAN_POINT('',(64.4817523511667,2.,-345.));
#11906=CARTESIAN_POINT('',(2.,2.,-340.));
#11907=CARTESIAN_POINT('Origin',(64.4817523511667,2.,-345.));
#11908=CARTESIAN_POINT('',(75.,-6.,-345.));
#11909=CARTESIAN_POINT('Origin',(75.,2.,-342.));
#11910=CARTESIAN_POINT('',(-2.00000000000001,14.,-342.));
#11911=CARTESIAN_POINT('',(-2.00000000000001,14.,-342.));
#11912=CARTESIAN_POINT('',(75.,14.,-342.));
#11913=CARTESIAN_POINT('Origin',(-38.5,14.,-276.780145523736));
#11914=CARTESIAN_POINT('',(-64.4817523511668,14.,-345.));
#11915=CARTESIAN_POINT('Origin',(-38.5,14.,-276.780145523736));
#11916=CARTESIAN_POINT('',(-64.4817523511668,14.,-345.));
#11917=CARTESIAN_POINT('',(-2.00000000000001,2.,-340.));
#11918=CARTESIAN_POINT('Origin',(-77.,14.,-347.));
#11919=CARTESIAN_POINT('',(-75.,14.,-347.));
#11920=CARTESIAN_POINT('',(-64.4817523511668,14.,-347.));
#11921=CARTESIAN_POINT('',(-58.4542486035507,14.,-347.));
#11922=CARTESIAN_POINT('',(-64.4817523511668,14.,-347.));
#11923=CARTESIAN_POINT('Origin',(-38.5,14.,-278.780145523736));
#11924=CARTESIAN_POINT('Origin',(-38.5,14.,-278.780145523736));
#11925=CARTESIAN_POINT('Origin',(-64.4817523511668,14.,-345.));
#11926=CARTESIAN_POINT('',(-77.,14.,-345.));
#11927=CARTESIAN_POINT('',(-64.4817523511668,14.,-345.));
#11928=CARTESIAN_POINT('',(-77.,-1.11022302462516E-15,-345.));
#11929=CARTESIAN_POINT('Origin',(0.,14.,-341.));
#11930=CARTESIAN_POINT('',(75.,14.,0.));
#11931=CARTESIAN_POINT('Origin',(-38.5,2.,-276.780145523736));
#11932=CARTESIAN_POINT('',(-2.00000000000001,2.,-340.));
#11933=CARTESIAN_POINT('',(-64.4817523511668,2.,-345.));
#11934=CARTESIAN_POINT('Origin',(-75.,2.,-345.));
#11935=CARTESIAN_POINT('',(-75.,8.,-345.));
#11936=CARTESIAN_POINT('Origin',(77.,14.,0.));
#11937=CARTESIAN_POINT('',(77.,-1.11022302462516E-15,-345.));
#11938=CARTESIAN_POINT('',(77.,14.,0.));
#11939=CARTESIAN_POINT('',(77.,14.,0.));
#11940=CARTESIAN_POINT('Origin',(38.5,-14.,-276.780145523736));
#11941=CARTESIAN_POINT('',(64.4817523511668,-14.,-345.));
#11942=CARTESIAN_POINT('Origin',(38.5,-2.,-276.780145523736));
#11943=CARTESIAN_POINT('Origin',(77.,-14.,-347.));
#11944=CARTESIAN_POINT('',(75.,-14.,-347.));
#11945=CARTESIAN_POINT('',(75.,-2.,-347.));
#11946=CARTESIAN_POINT('',(75.,-14.,-347.));
#11947=CARTESIAN_POINT('',(74.245254006302,-16.,-347.));
#11948=CARTESIAN_POINT('Origin',(42.8280430494009,-3.0015825698057,-347.));
#11949=CARTESIAN_POINT('',(64.4817523511667,-16.,-347.));
#11950=CARTESIAN_POINT('',(64.4817523511667,-16.,-347.));
#11951=CARTESIAN_POINT('',(64.4817523511668,-2.,-347.));
#11952=CARTESIAN_POINT('',(64.4817523511667,-16.,-347.));
#11953=CARTESIAN_POINT('',(64.4817523511668,-2.,-347.));
#11954=CARTESIAN_POINT('Origin',(38.5,-14.,-278.780145523736));
#11955=CARTESIAN_POINT('',(1.99999999999999,-2.,-342.));
#11956=CARTESIAN_POINT('',(1.99999999999998,-16.,-342.));
#11957=CARTESIAN_POINT('Origin',(38.5,-2.,-278.780145523736));
#11958=CARTESIAN_POINT('Origin',(38.5,-16.,-278.780145523736));
#11959=CARTESIAN_POINT('Origin',(64.4817523511668,-14.,-345.));
#11960=CARTESIAN_POINT('',(77.,-2.,-345.));
#11961=CARTESIAN_POINT('Origin',(0.,-2.,-341.));
#11962=CARTESIAN_POINT('Origin',(-38.5,-2.,-276.780145523736));
#11963=CARTESIAN_POINT('',(77.,-2.,-340.));
#11964=CARTESIAN_POINT('',(75.,-2.,-173.445036380934));
#11965=CARTESIAN_POINT('',(-2.00000000000001,-2.,-342.));
#11966=CARTESIAN_POINT('',(75.,-2.,-342.));
#11967=CARTESIAN_POINT('',(-64.4817523511668,-2.,-347.));
#11968=CARTESIAN_POINT('Origin',(-38.5,-2.,-278.780145523736));
#11969=CARTESIAN_POINT('',(-75.,-2.,-347.));
#11970=CARTESIAN_POINT('',(-75.,-2.,-347.));
#11971=CARTESIAN_POINT('',(-75.,-2.,-173.445036380934));
#11972=CARTESIAN_POINT('',(-64.4817523511668,-2.,-345.));
#11973=CARTESIAN_POINT('Origin',(75.,-14.,0.));
#11974=CARTESIAN_POINT('',(75.,14.,0.));
#11975=CARTESIAN_POINT('',(75.,-14.,0.));
#11976=CARTESIAN_POINT('Origin',(-4.44089209850063E-15,15.,-340.));
#11977=CARTESIAN_POINT('Origin',(-4.44089209850063E-15,15.,-340.));
#11978=CARTESIAN_POINT('Origin',(75.,-14.,-342.));
#11979=CARTESIAN_POINT('',(-2.,-14.,-342.));
#11980=CARTESIAN_POINT('Origin',(-75.,-14.,-345.));
#11981=CARTESIAN_POINT('',(-64.4817523511668,-14.,-345.));
#11982=CARTESIAN_POINT('',(-77.,-14.,-345.));
#11983=CARTESIAN_POINT('',(-64.4817523511668,-14.,-345.));
#11984=CARTESIAN_POINT('Origin',(-38.5,-14.,-276.780145523736));
#11985=CARTESIAN_POINT('Origin',(-38.5,-14.,-278.780145523736));
#11986=CARTESIAN_POINT('',(-64.4817523511668,-16.,-347.));
#11987=CARTESIAN_POINT('',(-64.4817523511668,-16.,-347.));
#11988=CARTESIAN_POINT('Origin',(-38.5,-16.,-278.780145523736));
#11989=CARTESIAN_POINT('Origin',(-64.4817523511668,-14.,-347.));
#11990=CARTESIAN_POINT('',(-75.,-14.,-347.));
#11991=CARTESIAN_POINT('',(-74.245254006302,-14.,-347.));
#11992=CARTESIAN_POINT('',(-75.,-14.,-347.));
#11993=CARTESIAN_POINT('',(-75.,0.,-347.));
#11994=CARTESIAN_POINT('',(-74.245254006302,-16.,-347.));
#11995=CARTESIAN_POINT('',(-75.,-16.,-347.));
#11996=CARTESIAN_POINT('',(-74.245254006302,-16.,-347.));
#11997=CARTESIAN_POINT('Origin',(0.,-14.,-341.));
#11998=CARTESIAN_POINT('',(-74.245254006302,-14.,-344.));
#11999=CARTESIAN_POINT('',(-75.,-14.,0.));
#12000=CARTESIAN_POINT('Origin',(-75.,14.,0.));
#12001=CARTESIAN_POINT('',(-75.,-14.,0.));
#12002=CARTESIAN_POINT('Origin',(-77.,-14.,0.));
#12003=CARTESIAN_POINT('Origin',(-74.245254006302,-16.,-347.));
#12004=CARTESIAN_POINT('',(-74.2452540063023,-15.9999999999993,0.));
#12005=CARTESIAN_POINT('Origin',(-2.00000000000001,2.,-340.));
#12006=CARTESIAN_POINT('',(-2.00000000000001,7.,-240.068356716742));
#12007=CARTESIAN_POINT('',(-2.00000000000001,7.,-290.068356716742));
#12008=CARTESIAN_POINT('',(-2.00000000000001,7.,-290.034178358371));
#12009=CARTESIAN_POINT('',(-2.00000000000001,14.,-290.068356716742));
#12010=CARTESIAN_POINT('',(-2.00000000000001,14.,-290.068356716742));
#12011=CARTESIAN_POINT('',(-2.00000000000001,14.,-340.));
#12012=CARTESIAN_POINT('',(-2.00000000000001,9.,-290.068356716742));
#12013=CARTESIAN_POINT('',(-2.00000000000001,14.,-290.068356716742));
#12014=CARTESIAN_POINT('',(-2.00000000000001,9.,-240.068356716742));
#12015=CARTESIAN_POINT('',(-2.00000000000001,9.,-315.868330939603));
#12016=CARTESIAN_POINT('',(-2.00000000000001,5.5,-240.068356716742));
#12017=CARTESIAN_POINT('Origin',(-2.00000000000001,2.,-340.));
#12018=CARTESIAN_POINT('',(-2.00000000000001,14.,-314.568356716742));
#12019=CARTESIAN_POINT('',(-2.00000000000001,14.,-314.568356716742));
#12020=CARTESIAN_POINT('',(-2.00000000000001,14.,-340.));
#12021=CARTESIAN_POINT('Origin',(1.99999999999999,2.,-10.));
#12022=CARTESIAN_POINT('',(1.99999999999999,14.,-314.568356716742));
#12023=CARTESIAN_POINT('',(1.99999999999999,14.,-314.568356716742));
#12024=CARTESIAN_POINT('',(1.99999999999999,14.,-175.));
#12025=CARTESIAN_POINT('Origin',(1.99999999999999,2.,-10.));
#12026=CARTESIAN_POINT('',(1.99999999999999,9.,-240.068356716742));
#12027=CARTESIAN_POINT('',(1.99999999999999,9.,-290.068356716742));
#12028=CARTESIAN_POINT('',(1.99999999999999,9.,-125.034178358371));
#12029=CARTESIAN_POINT('',(1.99999999999999,14.,-290.068356716742));
#12030=CARTESIAN_POINT('',(1.99999999999999,14.,-290.068356716742));
#12031=CARTESIAN_POINT('',(1.99999999999999,14.,-175.));
#12032=CARTESIAN_POINT('',(1.99999999999999,7.,-290.068356716742));
#12033=CARTESIAN_POINT('',(1.99999999999999,14.,-290.068356716742));
#12034=CARTESIAN_POINT('',(1.99999999999999,7.,-240.068356716742));
#12035=CARTESIAN_POINT('',(1.99999999999999,7.,-151.251735396487));
#12036=CARTESIAN_POINT('',(1.99999999999999,4.5,-240.068356716742));
#12037=CARTESIAN_POINT('Origin',(-2.00000000000001,14.,-312.318356716742));
#12038=CARTESIAN_POINT('',(-8.88178419700125E-15,14.,-313.349133123146));
#12039=CARTESIAN_POINT('Origin',(-2.00000000000001,14.,-312.318356716742));
#12040=CARTESIAN_POINT('',(-8.88178419700125E-15,14.,-313.349133123146));
#12041=CARTESIAN_POINT('Origin',(1.99999999999999,14.,-312.318356716742));
#12042=CARTESIAN_POINT('Origin',(1.99999999999999,14.,-312.318356716742));
#12043=CARTESIAN_POINT('Origin',(1.99999999999999,14.,-292.318356716742));
#12044=CARTESIAN_POINT('',(0.999999999999993,9.,-290.302792279667));
#12045=CARTESIAN_POINT('Origin',(1.99999999999999,9.,-292.318356716742));
#12046=CARTESIAN_POINT('',(0.999999999999993,7.,-290.302792279667));
#12047=CARTESIAN_POINT('',(0.999999999999993,14.,-290.302792279667));
#12048=CARTESIAN_POINT('Origin',(1.99999999999999,7.,-292.318356716742));
#12049=CARTESIAN_POINT('',(-8.88178419700125E-15,14.,-291.287580310337));
#12050=CARTESIAN_POINT('',(-8.88178419700125E-15,14.,-291.287580310337));
#12051=CARTESIAN_POINT('Origin',(1.99999999999999,14.,-292.318356716742));
#12052=CARTESIAN_POINT('Origin',(1.99999999999999,7.,-292.503470792973));
#12053=CARTESIAN_POINT('',(0.999999999999993,7.,-240.068356716742));
#12054=CARTESIAN_POINT('',(0.999999999999993,7.,-240.068356716742));
#12055=CARTESIAN_POINT('',(1.99999999999999,7.,-240.068356716742));
#12056=CARTESIAN_POINT('Origin',(1.99999999999999,7.,-240.068356716742));
#12057=CARTESIAN_POINT('',(0.999999999999993,9.,-240.068356716742));
#12058=CARTESIAN_POINT('',(0.999999999999993,9.,-240.068356716742));
#12059=CARTESIAN_POINT('',(1.99999999999999,9.,-240.068356716742));
#12060=CARTESIAN_POINT('Origin',(0.999999999999993,8.,-265.068356716742));
#12061=CARTESIAN_POINT('',(0.999999999999993,9.,-290.068356716742));
#12062=CARTESIAN_POINT('Origin',(1.99999999999999,9.,-240.068356716742));
#12063=CARTESIAN_POINT('Origin',(-2.00000000000001,14.,-292.318356716742));
#12064=CARTESIAN_POINT('',(-1.00000000000001,7.,-290.302792279667));
#12065=CARTESIAN_POINT('Origin',(-2.00000000000001,7.,-292.318356716742));
#12066=CARTESIAN_POINT('',(-1.00000000000001,9.,-290.302792279667));
#12067=CARTESIAN_POINT('',(-1.00000000000001,14.,-290.302792279667));
#12068=CARTESIAN_POINT('Origin',(-2.00000000000001,9.,-292.318356716742));
#12069=CARTESIAN_POINT('Origin',(-2.00000000000001,14.,-292.318356716742));
#12070=CARTESIAN_POINT('Origin',(-2.00000000000001,9.,-291.736661879206));
#12071=CARTESIAN_POINT('',(-1.00000000000001,9.,-240.068356716742));
#12072=CARTESIAN_POINT('',(-1.00000000000001,9.,-240.068356716742));
#12073=CARTESIAN_POINT('',(-2.00000000000001,9.,-240.068356716742));
#12074=CARTESIAN_POINT('Origin',(-2.00000000000001,9.,-240.068356716742));
#12075=CARTESIAN_POINT('',(-1.00000000000001,7.,-240.068356716742));
#12076=CARTESIAN_POINT('',(-1.00000000000001,7.,-240.068356716742));
#12077=CARTESIAN_POINT('',(-2.00000000000001,7.,-240.068356716742));
#12078=CARTESIAN_POINT('Origin',(-1.00000000000001,8.,-265.068356716742));
#12079=CARTESIAN_POINT('',(-1.00000000000001,7.,-290.068356716742));
#12080=CARTESIAN_POINT('Origin',(-2.00000000000001,7.,-240.068356716742));
#12081=CARTESIAN_POINT('Origin',(-2.00000000000001,-14.,-340.));
#12082=CARTESIAN_POINT('',(-1.99999999999998,-14.,-33.1721929604616));
#12083=CARTESIAN_POINT('Origin',(1.99999999999996,-14.,-10.));
#12084=CARTESIAN_POINT('',(1.99999999999996,-14.,-33.1721929604616));
#12085=CARTESIAN_POINT('Origin',(1.99999999999999,-14.,-35.4221929604616));
#12086=CARTESIAN_POINT('',(-8.88178419700125E-15,-14.,-34.3914165540572));
#12087=CARTESIAN_POINT('Origin',(-2.00000000000001,-14.,-35.4221929604616));
#12088=CARTESIAN_POINT('Origin',(-2.00000000000001,-14.,-55.4221929604616));
#12089=CARTESIAN_POINT('',(-0.999999999999985,-7.,-57.4377573975362));
#12090=CARTESIAN_POINT('Origin',(-2.00000000000001,-7.,-55.4221929604616));
#12091=CARTESIAN_POINT('',(-0.999999999999985,-9.,-57.4377573975362));
#12092=CARTESIAN_POINT('',(-0.999999999999989,-14.,-57.4377573975362));
#12093=CARTESIAN_POINT('Origin',(-2.00000000000001,-9.,-55.4221929604616));
#12094=CARTESIAN_POINT('',(-8.88178419700125E-15,-14.,-56.452969366866));
#12095=CARTESIAN_POINT('Origin',(-1.99999999999999,-9.,-56.2602603276773));
#12096=CARTESIAN_POINT('',(-0.999999999999989,-9.,-107.672192960462));
#12097=CARTESIAN_POINT('',(-0.999999999999989,-9.,-107.672192960462));
#12098=CARTESIAN_POINT('',(-1.99999999999999,-9.,-107.672192960462));
#12099=CARTESIAN_POINT('Origin',(-1.99999999999999,-9.,-107.672192960462));
#12100=CARTESIAN_POINT('',(-0.999999999999989,-7.,-107.672192960462));
#12101=CARTESIAN_POINT('',(-0.999999999999989,-7.,-107.672192960462));
#12102=CARTESIAN_POINT('',(-1.99999999999999,-7.,-107.672192960462));
#12103=CARTESIAN_POINT('Origin',(-0.999999999999989,-8.,-82.6721929604616));
#12104=CARTESIAN_POINT('',(-0.999999999999985,-7.,-57.6721929604616));
#12105=CARTESIAN_POINT('Origin',(-1.99999999999999,-7.,-107.672192960462));
#12106=CARTESIAN_POINT('Origin',(1.99999999999999,-14.,-55.4221929604616));
#12107=CARTESIAN_POINT('',(0.999999999999965,-9.,-57.4377573975362));
#12108=CARTESIAN_POINT('Origin',(1.99999999999999,-9.,-55.4221929604616));
#12109=CARTESIAN_POINT('',(0.999999999999965,-7.,-57.4377573975362));
#12110=CARTESIAN_POINT('',(0.999999999999974,-14.,-57.4377573975362));
#12111=CARTESIAN_POINT('Origin',(1.99999999999999,-7.,-55.4221929604616));
#12112=CARTESIAN_POINT('Origin',(1.99999999999997,-7.,-56.7941399650998));
#12113=CARTESIAN_POINT('',(0.999999999999974,-7.,-107.672192960462));
#12114=CARTESIAN_POINT('',(0.999999999999974,-7.,-107.672192960462));
#12115=CARTESIAN_POINT('',(1.99999999999997,-7.,-107.672192960462));
#12116=CARTESIAN_POINT('Origin',(1.99999999999997,-7.,-107.672192960462));
#12117=CARTESIAN_POINT('',(0.999999999999974,-9.,-107.672192960462));
#12118=CARTESIAN_POINT('',(0.999999999999974,-9.,-107.672192960462));
#12119=CARTESIAN_POINT('',(1.99999999999997,-9.,-107.672192960462));
#12120=CARTESIAN_POINT('Origin',(0.999999999999974,-8.,-82.2331664627807));
#12121=CARTESIAN_POINT('',(0.999999999999965,-9.,-56.7941399650998));
#12122=CARTESIAN_POINT('Origin',(1.99999999999997,-9.,-107.672192960462));
#12123=CARTESIAN_POINT('Origin',(50.245254006302,-26.1952469778465,-350.));
#12124=CARTESIAN_POINT('',(51.245254006302,-16.,-350.));
#12125=CARTESIAN_POINT('',(49.245254006302,-36.3904939556929,-350.));
#12126=CARTESIAN_POINT('Origin',(49.245254006302,-16.,-350.));
#12127=CARTESIAN_POINT('',(49.245254006302,-36.3904939556929,0.));
#12128=CARTESIAN_POINT('Origin',(-4.44089209850063E-15,-0.93639142400937,
-350.));
#12129=CARTESIAN_POINT('',(-74.245254006302,-16.,-350.));
#12130=CARTESIAN_POINT('',(-25.622627003151,-16.,-350.));
#12131=CARTESIAN_POINT('Origin',(-42.8280430494009,-3.0015825698057,-350.));
#12132=CARTESIAN_POINT('Origin',(-51.245254006302,-16.,-350.));
#12133=CARTESIAN_POINT('',(-51.245254006302,-35.9432060833338,-346.));
#12134=CARTESIAN_POINT('',(-51.245254006302,-21.0363357584544,-346.));
#12135=CARTESIAN_POINT('',(-51.245254006302,-35.9432060833338,-4.));
#12136=CARTESIAN_POINT('',(-51.245254006302,-35.9432060833338,0.));
#12137=CARTESIAN_POINT('',(-51.245254006302,-21.1294311007699,-3.99999999999999));
#12138=CARTESIAN_POINT('Origin',(-42.8280430494009,-3.0015825698057,0.));
#12139=CARTESIAN_POINT('',(-74.245254006302,-16.,0.));
#12140=CARTESIAN_POINT('',(-74.2452540063023,-15.9999999999993,0.));
#12141=CARTESIAN_POINT('Origin',(-51.245254006302,-16.,-350.));
#12142=CARTESIAN_POINT('Origin',(-62.9684942287699,-26.0726715169089,-346.));
#12143=CARTESIAN_POINT('Origin',(-42.8280430494009,-3.0015825698057,-346.));
#12144=CARTESIAN_POINT('Origin',(42.8280430494009,-3.0015825698057,0.));
#12145=CARTESIAN_POINT('',(74.245254006302,-16.,-350.));
#12146=CARTESIAN_POINT('',(74.245254006302,-15.9999999999999,-350.));
#12147=CARTESIAN_POINT('Origin',(42.8280430494009,-3.00158256980566,-350.));
#12148=CARTESIAN_POINT('Origin',(-4.44089209850063E-15,-0.93639142400937,
-350.));
#12149=CARTESIAN_POINT('',(37.122627003151,-16.,-350.));
#12150=CARTESIAN_POINT('Origin',(74.245254006302,-16.,-350.));
#12151=CARTESIAN_POINT('Origin',(62.745254006302,-26.3530738589241,-346.));
#12152=CARTESIAN_POINT('',(51.245254006302,-35.9432060833338,-346.));
#12153=CARTESIAN_POINT('Origin',(42.8280430494009,-3.0015825698057,-346.));
#12154=CARTESIAN_POINT('',(51.245254006302,-31.148139971129,-346.));
#12155=CARTESIAN_POINT('Origin',(-42.8280430494009,-3.0015825698057,0.));
#12156=CARTESIAN_POINT('Origin',(-42.8280430494009,-3.0015825698057,-4.));
#12157=CARTESIAN_POINT('Origin',(42.8280430494009,-3.0015825698057,0.));
#12158=CARTESIAN_POINT('',(51.245254006302,-35.9432060833338,-4.));
#12159=CARTESIAN_POINT('Origin',(42.8280430494009,-3.0015825698057,-4.));
#12160=CARTESIAN_POINT('',(51.245254006302,-35.9432060833338,0.));
#12161=CARTESIAN_POINT('Origin',(51.245254006302,-35.9432060833338,-350.));
#12162=CARTESIAN_POINT('',(51.245254006302,-31.1010341424368,-3.99999999999999));
#12163=CARTESIAN_POINT('Origin',(-63.0001733561163,-26.2588622015398,-4.));
#12164=CARTESIAN_POINT('',(-66.5,-21.,-4.));
#12165=CARTESIAN_POINT('Origin',(-64.,-21.,-4.));
#12166=CARTESIAN_POINT('Origin',(62.9934974859109,-26.2588622015398,-4.));
#12167=CARTESIAN_POINT('',(57.745254006302,-23.,-4.));
#12168=CARTESIAN_POINT('Origin',(60.2452540063019,-23.,-4.));
#12169=CARTESIAN_POINT('Origin',(-64.,-21.,0.));
#12170=CARTESIAN_POINT('',(-66.5,-21.,0.));
#12171=CARTESIAN_POINT('Origin',(60.2452540063019,-23.,0.));
#12172=CARTESIAN_POINT('',(57.745254006302,-23.,0.));
#12173=CARTESIAN_POINT('Origin',(-35.,-39.,-330.));
#12174=CARTESIAN_POINT('',(-35.,-39.,-330.));
#12175=CARTESIAN_POINT('',(-35.,-39.,-160.));
#12176=CARTESIAN_POINT('Origin',(-35.,-39.,-160.));
#12177=CARTESIAN_POINT('',(35.0000000000001,-39.,-160.));
#12178=CARTESIAN_POINT('Origin',(35.0000000000001,-39.,-160.));
#12179=CARTESIAN_POINT('',(35.,-39.,-330.));
#12180=CARTESIAN_POINT('Origin',(35.,-39.,-330.));
#12181=CARTESIAN_POINT('Origin',(-39.,-39.,-156.));
#12182=CARTESIAN_POINT('',(-39.,-38.,-156.));
#12183=CARTESIAN_POINT('',(-39.,-39.,-156.));
#12184=CARTESIAN_POINT('',(39.,-38.,-156.));
#12185=CARTESIAN_POINT('',(39.,-38.,-156.));
#12186=CARTESIAN_POINT('',(39.,-39.,-156.));
#12187=CARTESIAN_POINT('Origin',(39.,-39.,-334.));
#12188=CARTESIAN_POINT('',(39.,-38.,-334.));
#12189=CARTESIAN_POINT('',(39.,-39.,-334.));
#12190=CARTESIAN_POINT('',(-39.,-38.,-334.));
#12191=CARTESIAN_POINT('',(-39.,-38.,-334.));
#12192=CARTESIAN_POINT('',(-39.,-39.,-334.));
#12193=CARTESIAN_POINT('Origin',(37.,-39.,-158.));
#12194=CARTESIAN_POINT('',(37.,-38.,-158.));
#12195=CARTESIAN_POINT('',(37.,-39.,-158.));
#12196=CARTESIAN_POINT('',(-37.,-38.,-158.));
#12197=CARTESIAN_POINT('',(-39.,-38.,-158.));
#12198=CARTESIAN_POINT('',(-37.,-39.,-158.));
#12199=CARTESIAN_POINT('Origin',(-37.,-39.,-158.));
#12200=CARTESIAN_POINT('',(-37.,-38.,-316.936491673104));
#12201=CARTESIAN_POINT('',(-37.,2.,-316.936491673104));
#12202=CARTESIAN_POINT('',(-37.,-38.,-332.));
#12203=CARTESIAN_POINT('',(-37.,-38.,-332.));
#12204=CARTESIAN_POINT('',(-37.,-39.,-332.));
#12205=CARTESIAN_POINT('Origin',(-37.,-39.,-332.));
#12206=CARTESIAN_POINT('',(37.,-38.,-332.));
#12207=CARTESIAN_POINT('',(37.,-38.,-332.));
#12208=CARTESIAN_POINT('',(37.,-39.,-332.));
#12209=CARTESIAN_POINT('Origin',(-26.5,39.,-180.));
#12210=CARTESIAN_POINT('',(-26.5,39.,-180.));
#12211=CARTESIAN_POINT('',(26.5,39.,-180.));
#12212=CARTESIAN_POINT('Origin',(26.5,39.,-180.));
#12213=CARTESIAN_POINT('',(26.5,39.,-20.));
#12214=CARTESIAN_POINT('Origin',(26.5,39.,-20.));
#12215=CARTESIAN_POINT('',(-26.5,39.,-20.));
#12216=CARTESIAN_POINT('Origin',(-26.5,39.,-20.));
#12217=CARTESIAN_POINT('Origin',(-30.,39.,0.));
#12218=CARTESIAN_POINT('',(30.,39.,0.));
#12219=CARTESIAN_POINT('',(29.5,39.,-183.));
#12220=CARTESIAN_POINT('',(29.5,39.,-17.));
#12221=CARTESIAN_POINT('',(29.5,39.,-91.4999999999999));
#12222=CARTESIAN_POINT('',(-29.5,39.,-17.));
#12223=CARTESIAN_POINT('',(-0.249999999999995,39.,-17.));
#12224=CARTESIAN_POINT('',(-29.5,39.,-183.));
#12225=CARTESIAN_POINT('',(-29.5,39.,-8.50000000000001));
#12226=CARTESIAN_POINT('',(-29.75,39.,-183.));
#12227=CARTESIAN_POINT('Origin',(-1.77635683940025E-14,38.,-100.));
#12228=CARTESIAN_POINT('',(29.5,38.,-17.));
#12229=CARTESIAN_POINT('',(-29.5,38.,-17.));
#12230=CARTESIAN_POINT('',(-29.5,38.,-17.));
#12231=CARTESIAN_POINT('',(29.5,38.,-183.));
#12232=CARTESIAN_POINT('',(29.5,38.,-17.));
#12233=CARTESIAN_POINT('',(-29.5,38.,-183.));
#12234=CARTESIAN_POINT('',(29.5,38.,-183.));
#12235=CARTESIAN_POINT('',(-29.5,38.,-183.));
#12236=CARTESIAN_POINT('',(-28.,38.,-181.5));
#12237=CARTESIAN_POINT('',(-28.,38.,-18.5));
#12238=CARTESIAN_POINT('',(-28.,38.,-18.5));
#12239=CARTESIAN_POINT('',(28.,38.,-181.5));
#12240=CARTESIAN_POINT('',(-28.,38.,-181.5));
#12241=CARTESIAN_POINT('',(28.,38.,-18.5));
#12242=CARTESIAN_POINT('',(28.,38.,-181.5));
#12243=CARTESIAN_POINT('',(28.,38.,-18.5));
#12244=CARTESIAN_POINT('Origin',(29.5,39.,-17.));
#12245=CARTESIAN_POINT('',(29.5,39.,-17.));
#12246=CARTESIAN_POINT('',(-29.5,39.,-17.));
#12247=CARTESIAN_POINT('Origin',(-29.5,39.,-17.));
#12248=CARTESIAN_POINT('',(-29.5,39.,-183.));
#12249=CARTESIAN_POINT('Origin',(-29.5,39.,-183.));
#12250=CARTESIAN_POINT('',(29.5,39.,-183.));
#12251=CARTESIAN_POINT('Origin',(29.5,39.,-183.));
#12252=CARTESIAN_POINT('Origin',(-28.,39.,-181.5));
#12253=CARTESIAN_POINT('',(-28.,39.,-181.5));
#12254=CARTESIAN_POINT('',(-28.,39.,-18.5));
#12255=CARTESIAN_POINT('Origin',(-28.,39.,-18.5));
#12256=CARTESIAN_POINT('',(28.,39.,-18.5));
#12257=CARTESIAN_POINT('Origin',(28.,39.,-18.5));
#12258=CARTESIAN_POINT('',(28.,39.,-181.5));
#12259=CARTESIAN_POINT('Origin',(28.,39.,-181.5));
#12260=CARTESIAN_POINT('Origin',(-42.8280430494009,-3.0015825698057,0.));
#12261=CARTESIAN_POINT('',(-42.5,-37.,-319.031128874149));
#12262=CARTESIAN_POINT('',(-42.5,-37.,-310.968871125851));
#12263=CARTESIAN_POINT('Ctrl Pts',(-42.5,-37.,-319.031128874149));
#12264=CARTESIAN_POINT('Ctrl Pts',(-42.9450460598993,-37.0042941488942,
-318.810324194471));
#12265=CARTESIAN_POINT('Ctrl Pts',(-43.3491534367036,-36.9992056936525,
-318.514522143798));
#12266=CARTESIAN_POINT('Ctrl Pts',(-44.0805697501677,-36.9808592464552,
-317.783734423561));
#12267=CARTESIAN_POINT('Ctrl Pts',(-44.4271912629126,-36.9647348645359,
-317.277617533021));
#12268=CARTESIAN_POINT('Ctrl Pts',(-44.8869109646665,-36.9399686818127,
-316.168496822215));
#12269=CARTESIAN_POINT('Ctrl Pts',(-45.,-36.932138165091,-315.565471240702));
#12270=CARTESIAN_POINT('Ctrl Pts',(-45.,-36.932138165091,-314.434528759298));
#12271=CARTESIAN_POINT('Ctrl Pts',(-44.8869109646665,-36.9399686818127,
-313.831503177785));
#12272=CARTESIAN_POINT('Ctrl Pts',(-44.4271912629126,-36.9647348645359,
-312.722382466979));
#12273=CARTESIAN_POINT('Ctrl Pts',(-44.0805697501677,-36.9808592464552,
-312.216265576439));
#12274=CARTESIAN_POINT('Ctrl Pts',(-43.3491534367036,-36.9992056936525,
-311.485477856202));
#12275=CARTESIAN_POINT('Ctrl Pts',(-42.9450460598993,-37.0042941488942,
-311.189675805529));
#12276=CARTESIAN_POINT('Ctrl Pts',(-42.5,-37.,-310.968871125851));
#12277=CARTESIAN_POINT('',(-42.5,-37.,-311.535898384862));
#12278=CARTESIAN_POINT('',(-42.5,-37.,0.));
#12279=CARTESIAN_POINT('',(-44.5,-36.9604482745866,-315.));
#12280=CARTESIAN_POINT('Ctrl Pts',(-42.5,-37.,-311.535898384862));
#12281=CARTESIAN_POINT('Ctrl Pts',(-42.8084482475618,-37.002976147461,-311.713981063623));
#12282=CARTESIAN_POINT('Ctrl Pts',(-43.0889500171747,-37.0014184767616,
-311.932253876319));
#12283=CARTESIAN_POINT('Ctrl Pts',(-43.6829306572605,-36.9926921677606,
-312.525841588127));
#12284=CARTESIAN_POINT('Ctrl Pts',(-43.9909821763261,-36.9823030706815,
-312.975716453682));
#12285=CARTESIAN_POINT('Ctrl Pts',(-44.3995192638524,-36.9658616843604,
-313.961525236768));
#12286=CARTESIAN_POINT('Ctrl Pts',(-44.5,-36.9604482745866,-314.497471708616));
#12287=CARTESIAN_POINT('Ctrl Pts',(-44.5,-36.9604482745866,-315.));
#12288=CARTESIAN_POINT('',(-42.5,-37.,-318.464101615138));
#12289=CARTESIAN_POINT('Ctrl Pts',(-44.5,-36.9604482745866,-315.));
#12290=CARTESIAN_POINT('Ctrl Pts',(-44.5,-36.9604482745866,-315.502528291384));
#12291=CARTESIAN_POINT('Ctrl Pts',(-44.3995192638524,-36.9658616843604,
-316.038474763232));
#12292=CARTESIAN_POINT('Ctrl Pts',(-43.9909821763261,-36.9823030706815,
-317.024283546318));
#12293=CARTESIAN_POINT('Ctrl Pts',(-43.6829306572605,-36.9926921677606,
-317.474158411873));
#12294=CARTESIAN_POINT('Ctrl Pts',(-43.0889500171747,-37.0014184767616,
-318.067746123681));
#12295=CARTESIAN_POINT('Ctrl Pts',(-42.8084482475618,-37.002976147461,-318.286018936377));
#12296=CARTESIAN_POINT('Ctrl Pts',(-42.5,-37.,-318.464101615138));
#12297=CARTESIAN_POINT('',(-42.5,-37.,0.));
#12298=CARTESIAN_POINT('Origin',(-37.,-39.,-158.));
#12299=CARTESIAN_POINT('',(-37.,-38.,-313.063508326896));
#12300=CARTESIAN_POINT('',(-37.,-38.,-332.));
#12301=CARTESIAN_POINT('',(-37.,2.,-313.063508326896));
#12302=CARTESIAN_POINT('Origin',(-40.5,2.,-315.));
#12303=CARTESIAN_POINT('',(-44.5,14.,-315.));
#12304=CARTESIAN_POINT('Origin',(-40.5,14.,-315.));
#12305=CARTESIAN_POINT('',(-44.5,2.,-315.));
#12306=CARTESIAN_POINT('Origin',(-40.5,2.,-315.));
#12307=CARTESIAN_POINT('',(-44.5,2.,-315.));
#12308=CARTESIAN_POINT('Origin',(-40.5,2.,-315.));
#12309=CARTESIAN_POINT('',(-39.,-38.,-311.291900756452));
#12310=CARTESIAN_POINT('',(-39.,2.,-311.291900756452));
#12311=CARTESIAN_POINT('',(-44.5,2.,-315.));
#12312=CARTESIAN_POINT('Origin',(-40.5,-37.,-315.));
#12313=CARTESIAN_POINT('',(-39.,-38.,-318.708099243548));
#12314=CARTESIAN_POINT('',(-39.,2.,-318.708099243548));
#12315=CARTESIAN_POINT('Origin',(-40.5,-38.,-315.));
#12316=CARTESIAN_POINT('Origin',(-40.5,-38.,-315.));
#12317=CARTESIAN_POINT('Origin',(73.4994402224591,16.,-340.));
#12318=CARTESIAN_POINT('',(45.,16.,-315.));
#12319=CARTESIAN_POINT('Origin',(40.5,16.,-315.));
#12320=CARTESIAN_POINT('',(36.5,16.,-315.));
#12321=CARTESIAN_POINT('Origin',(40.5,16.,-315.));
#12322=CARTESIAN_POINT('Origin',(-77.,14.,-340.));
#12323=CARTESIAN_POINT('',(75.,14.,0.));
#12324=CARTESIAN_POINT('',(77.,14.,0.));
#12325=CARTESIAN_POINT('',(36.5,14.,-315.));
#12326=CARTESIAN_POINT('Origin',(40.5,14.,-315.));
#12327=CARTESIAN_POINT('Origin',(-42.5,-37.,0.));
#12328=CARTESIAN_POINT('',(-36.,-37.,-315.));
#12329=CARTESIAN_POINT('Origin',(-40.5,-37.,-315.));
#12330=CARTESIAN_POINT('Origin',(-40.5,-37.,-315.));
#12331=CARTESIAN_POINT('Origin',(-39.,-39.,-334.));
#12332=CARTESIAN_POINT('',(-39.,-38.,-158.));
#12333=CARTESIAN_POINT('Origin',(-39.,-39.,-334.));
#12334=CARTESIAN_POINT('',(-39.,-38.,-158.));
#12335=CARTESIAN_POINT('Origin',(-40.5,16.,-315.));
#12336=CARTESIAN_POINT('',(-45.5,16.,-315.));
#12337=CARTESIAN_POINT('',(-45.5,16.,-315.));
#12338=CARTESIAN_POINT('Origin',(-40.5,16.,-315.));
#12339=CARTESIAN_POINT('Origin',(-40.5,16.,-315.));
#12340=CARTESIAN_POINT('',(-45.5,16.,-315.));
#12341=CARTESIAN_POINT('Origin',(-40.5,16.,-315.));
#12342=CARTESIAN_POINT('',(-36.,16.,-315.));
#12343=CARTESIAN_POINT('Origin',(-40.5,16.,-315.));
#12344=CARTESIAN_POINT('',(-36.,16.,-315.));
#12345=CARTESIAN_POINT('Origin',(-40.5,14.,-315.));
#12346=CARTESIAN_POINT('',(-45.5,14.,-315.));
#12347=CARTESIAN_POINT('Origin',(42.8280430494009,-3.0015825698057,0.));
#12348=CARTESIAN_POINT('',(42.5,-37.,-310.968871125851));
#12349=CARTESIAN_POINT('',(45.,-36.932138165091,-315.));
#12350=CARTESIAN_POINT('Ctrl Pts',(42.5,-37.,-310.968871125851));
#12351=CARTESIAN_POINT('Ctrl Pts',(42.9456266380972,-37.0042997507621,-311.18996385298));
#12352=CARTESIAN_POINT('Ctrl Pts',(43.3502227792371,-36.9991922063275,-311.486261748558));
#12353=CARTESIAN_POINT('Ctrl Pts',(44.0815370272476,-36.9808188623153,-312.217575996569));
#12354=CARTESIAN_POINT('Ctrl Pts',(44.427803328543,-36.9647044004196,-312.723522620544));
#12355=CARTESIAN_POINT('Ctrl Pts',(44.8870393864043,-36.9399592500775,-313.832150068399));
#12356=CARTESIAN_POINT('Ctrl Pts',(45.,-36.932138165091,-314.434852602491));
#12357=CARTESIAN_POINT('Ctrl Pts',(45.,-36.932138165091,-315.));
#12358=CARTESIAN_POINT('',(42.5,-37.,-319.031128874149));
#12359=CARTESIAN_POINT('Ctrl Pts',(45.,-36.932138165091,-315.));
#12360=CARTESIAN_POINT('Ctrl Pts',(45.,-36.932138165091,-315.565471240702));
#12361=CARTESIAN_POINT('Ctrl Pts',(44.8869109646665,-36.9399686818127,-316.168496822215));
#12362=CARTESIAN_POINT('Ctrl Pts',(44.4271912629126,-36.9647348645359,-317.277617533021));
#12363=CARTESIAN_POINT('Ctrl Pts',(44.0805697501677,-36.9808592464552,-317.783734423561));
#12364=CARTESIAN_POINT('Ctrl Pts',(43.3491534367036,-36.9992056936525,-318.514522143798));
#12365=CARTESIAN_POINT('Ctrl Pts',(42.9450460598993,-37.0042941488942,-318.810324194471));
#12366=CARTESIAN_POINT('Ctrl Pts',(42.5,-37.,-319.031128874149));
#12367=CARTESIAN_POINT('',(42.5,-37.,-318.464101615138));
#12368=CARTESIAN_POINT('',(42.5,-37.,0.));
#12369=CARTESIAN_POINT('',(42.5,-37.,-311.535898384862));
#12370=CARTESIAN_POINT('Ctrl Pts',(42.5,-37.,-318.464101615138));
#12371=CARTESIAN_POINT('Ctrl Pts',(42.8084482475917,-37.0029761474613,-318.28601893636));
#12372=CARTESIAN_POINT('Ctrl Pts',(43.0889500171529,-37.0014184767619,-318.067746123703));
#12373=CARTESIAN_POINT('Ctrl Pts',(43.6829306572604,-36.9926921677606,-317.474158411873));
#12374=CARTESIAN_POINT('Ctrl Pts',(43.9909821763261,-36.9823030706815,-317.024283546318));
#12375=CARTESIAN_POINT('Ctrl Pts',(44.3995192638524,-36.9658616843604,-316.038474763232));
#12376=CARTESIAN_POINT('Ctrl Pts',(44.5,-36.9604482745866,-315.502528291384));
#12377=CARTESIAN_POINT('Ctrl Pts',(44.5,-36.9604482745866,-315.));
#12378=CARTESIAN_POINT('Ctrl Pts',(44.5,-36.9604482745866,-314.497693226521));
#12379=CARTESIAN_POINT('Ctrl Pts',(44.3996071025324,-36.9658566242469,-313.961967788609));
#12380=CARTESIAN_POINT('Ctrl Pts',(43.991400896064,-36.9822877426925,-312.976496524079));
#12381=CARTESIAN_POINT('Ctrl Pts',(43.6835924150761,-36.9926726522688,-312.526738165584));
#12382=CARTESIAN_POINT('Ctrl Pts',(43.0896638196131,-37.001414552314,-311.932809570121));
#12383=CARTESIAN_POINT('Ctrl Pts',(42.8088354111664,-37.0029798831152,-311.714204592634));
#12384=CARTESIAN_POINT('Ctrl Pts',(42.5,-37.,-311.535898384862));
#12385=CARTESIAN_POINT('',(42.5,-37.,0.));
#12386=CARTESIAN_POINT('Origin',(39.,-39.,-156.));
#12387=CARTESIAN_POINT('',(39.,-38.,-318.708099243548));
#12388=CARTESIAN_POINT('',(39.,2.,-318.708099243548));
#12389=CARTESIAN_POINT('',(39.,-38.,-334.));
#12390=CARTESIAN_POINT('Origin',(39.,-39.,-156.));
#12391=CARTESIAN_POINT('',(39.,-38.,-311.291900756452));
#12392=CARTESIAN_POINT('',(39.,-38.,-334.));
#12393=CARTESIAN_POINT('',(39.,2.,-311.291900756452));
#12394=CARTESIAN_POINT('Origin',(40.5,2.,-315.));
#12395=CARTESIAN_POINT('',(37.,-38.,-313.063508326896));
#12396=CARTESIAN_POINT('Origin',(40.5,-38.,-315.));
#12397=CARTESIAN_POINT('',(37.,2.,-313.063508326896));
#12398=CARTESIAN_POINT('',(36.5,-37.,-315.));
#12399=CARTESIAN_POINT('',(36.5,2.,-315.));
#12400=CARTESIAN_POINT('Origin',(40.5,-37.,-315.));
#12401=CARTESIAN_POINT('Origin',(40.5,-37.,-315.));
#12402=CARTESIAN_POINT('',(37.,-38.,-316.936491673104));
#12403=CARTESIAN_POINT('',(37.,2.,-316.936491673104));
#12404=CARTESIAN_POINT('Origin',(40.5,-38.,-315.));
#12405=CARTESIAN_POINT('Origin',(40.5,2.,-315.));
#12406=CARTESIAN_POINT('',(36.5,2.,-315.));
#12407=CARTESIAN_POINT('Origin',(40.5,2.,-315.));
#12408=CARTESIAN_POINT('',(36.5,38.6086458947038,-315.));
#12409=CARTESIAN_POINT('',(36.5,2.,-315.));
#12410=CARTESIAN_POINT('',(44.5,37.0800941317667,-315.));
#12411=CARTESIAN_POINT('Ctrl Pts',(44.5,37.0800941317667,-315.));
#12412=CARTESIAN_POINT('Ctrl Pts',(44.5,37.0800941317667,-314.497725616635));
#12413=CARTESIAN_POINT('Ctrl Pts',(44.399554223648,37.1071459979971,-313.963328865998));
#12414=CARTESIAN_POINT('Ctrl Pts',(43.9947254020138,37.2125902375483,-312.983045613818));
#12415=CARTESIAN_POINT('Ctrl Pts',(43.6904544959575,37.2905260108848,-312.537063746481));
#12416=CARTESIAN_POINT('Ctrl Pts',(42.9851579549162,37.4626263871891,-311.824889296699));
#12417=CARTESIAN_POINT('Ctrl Pts',(42.5335343752418,37.5689041139556,-311.514005355975));
#12418=CARTESIAN_POINT('Ctrl Pts',(41.5438042628723,37.7859296225661,-311.101552423629));
#12419=CARTESIAN_POINT('Ctrl Pts',(41.0056099513385,37.896308416099,-311.));
#12420=CARTESIAN_POINT('Ctrl Pts',(39.9997282319887,38.087992201825,-311.));
#12421=CARTESIAN_POINT('Ctrl Pts',(39.464018430262,38.1824116398747,-311.099635808676));
#12422=CARTESIAN_POINT('Ctrl Pts',(38.4756240049696,38.3429774647654,-311.50886829565));
#12423=CARTESIAN_POINT('Ctrl Pts',(38.023039745417,38.4095010112135,-311.818559296817));
#12424=CARTESIAN_POINT('Ctrl Pts',(37.3131266369081,38.5080244898444,-312.531569413414));
#12425=CARTESIAN_POINT('Ctrl Pts',(37.006765977812,38.547003131727,-312.980000912033));
#12426=CARTESIAN_POINT('Ctrl Pts',(36.6001942269267,38.597120878464,-313.963373074585));
#12427=CARTESIAN_POINT('Ctrl Pts',(36.5,38.6086458947038,-314.498301005214));
#12428=CARTESIAN_POINT('Ctrl Pts',(36.5,38.6086458947038,-315.));
#12429=CARTESIAN_POINT('Ctrl Pts',(36.5,38.6086458947038,-315.));
#12430=CARTESIAN_POINT('Ctrl Pts',(36.5,38.6086458947038,-315.501698994786));
#12431=CARTESIAN_POINT('Ctrl Pts',(36.6001942269267,38.597120878464,-316.036626925415));
#12432=CARTESIAN_POINT('Ctrl Pts',(37.006765977812,38.547003131727,-317.019999087967));
#12433=CARTESIAN_POINT('Ctrl Pts',(37.3131266369081,38.5080244898444,-317.468430586586));
#12434=CARTESIAN_POINT('Ctrl Pts',(38.023039745417,38.4095010112136,-318.181440703183));
#12435=CARTESIAN_POINT('Ctrl Pts',(38.4756240049696,38.3429774647654,-318.49113170435));
#12436=CARTESIAN_POINT('Ctrl Pts',(39.4640184302621,38.1824116398747,-318.900364191324));
#12437=CARTESIAN_POINT('Ctrl Pts',(39.9997282319887,38.087992201825,-319.));
#12438=CARTESIAN_POINT('Ctrl Pts',(41.0056099513385,37.896308416099,-319.));
#12439=CARTESIAN_POINT('Ctrl Pts',(41.5438042628723,37.7859296225661,-318.898447576371));
#12440=CARTESIAN_POINT('Ctrl Pts',(42.5335343752418,37.5689041139556,-318.485994644025));
#12441=CARTESIAN_POINT('Ctrl Pts',(42.9851579549162,37.4626263871891,-318.175110703301));
#12442=CARTESIAN_POINT('Ctrl Pts',(43.6904544959575,37.2905260108848,-317.462936253519));
#12443=CARTESIAN_POINT('Ctrl Pts',(43.9947254020138,37.2125902375483,-317.016954386182));
#12444=CARTESIAN_POINT('Ctrl Pts',(44.3995542236481,37.1071459979971,-316.036671134002));
#12445=CARTESIAN_POINT('Ctrl Pts',(44.5,37.0800941317667,-315.502274383365));
#12446=CARTESIAN_POINT('Ctrl Pts',(44.5,37.0800941317667,-315.));
#12447=CARTESIAN_POINT('Origin',(29.829922202881,-17.9997462585837,0.));
#12448=CARTESIAN_POINT('Origin',(30.2669979052388,-17.9993519245328,0.));
#12449=CARTESIAN_POINT('',(73.4994402224591,16.,0.));
#12450=CARTESIAN_POINT('',(45.5,34.8490695010974,-315.));
#12451=CARTESIAN_POINT('',(35.5,36.7511338183009,-315.));
#12452=CARTESIAN_POINT('Ctrl Pts',(45.5,34.8490695010974,-315.));
#12453=CARTESIAN_POINT('Ctrl Pts',(45.5,34.8490695010974,-315.628131910749));
#12454=CARTESIAN_POINT('Ctrl Pts',(45.3743280064565,34.8857836807323,-316.296113063656));
#12455=CARTESIAN_POINT('Ctrl Pts',(44.8685297423173,35.0276624924318,-317.520898939983));
#12456=CARTESIAN_POINT('Ctrl Pts',(44.4885673039961,35.1320755602451,-318.077858256324));
#12457=CARTESIAN_POINT('Ctrl Pts',(43.6079312528473,35.3601055416954,-318.967705204475));
#12458=CARTESIAN_POINT('Ctrl Pts',(43.0437211540251,35.4997858455476,-319.356469521416));
#12459=CARTESIAN_POINT('Ctrl Pts',(41.8064085726943,35.780239004824,-319.87264208737));
#12460=CARTESIAN_POINT('Ctrl Pts',(41.1331513507036,35.9204214850031,-320.));
#12461=CARTESIAN_POINT('Ctrl Pts',(39.87544910222,36.1585811615619,-320.));
#12462=CARTESIAN_POINT('Ctrl Pts',(39.2061957207228,36.2729345930821,-319.875730927962));
#12463=CARTESIAN_POINT('Ctrl Pts',(37.9710348729254,36.4619935948274,-319.36474709354));
#12464=CARTESIAN_POINT('Ctrl Pts',(37.4052744415115,36.5373130817526,-318.977904261493));
#12465=CARTESIAN_POINT('Ctrl Pts',(36.5171983653567,36.6461643976038,-318.086703289341));
#12466=CARTESIAN_POINT('Ctrl Pts',(36.1338673949241,36.6874398333309,-317.525794397899));
#12467=CARTESIAN_POINT('Ctrl Pts',(35.6252626098936,36.7396136250999,-316.29602738394));
#12468=CARTESIAN_POINT('Ctrl Pts',(35.5,36.7511338183009,-315.627191088042));
#12469=CARTESIAN_POINT('Ctrl Pts',(35.5,36.7511338183009,-315.));
#12470=CARTESIAN_POINT('Ctrl Pts',(35.5,36.7511338183009,-315.));
#12471=CARTESIAN_POINT('Ctrl Pts',(35.5,36.7511338183009,-314.372808911958));
#12472=CARTESIAN_POINT('Ctrl Pts',(35.6252626098936,36.7396136250999,-313.70397261606));
#12473=CARTESIAN_POINT('Ctrl Pts',(36.1338673949241,36.6874398333309,-312.474205602101));
#12474=CARTESIAN_POINT('Ctrl Pts',(36.5171983653567,36.6461643976038,-311.913296710659));
#12475=CARTESIAN_POINT('Ctrl Pts',(37.4052744415115,36.5373130817526,-311.022095738507));
#12476=CARTESIAN_POINT('Ctrl Pts',(37.9710348729255,36.4619935948274,-310.63525290646));
#12477=CARTESIAN_POINT('Ctrl Pts',(39.2061957207228,36.2729345930821,-310.124269072038));
#12478=CARTESIAN_POINT('Ctrl Pts',(39.87544910222,36.1585811615619,-310.));
#12479=CARTESIAN_POINT('Ctrl Pts',(41.1331513507036,35.9204214850031,-310.));
#12480=CARTESIAN_POINT('Ctrl Pts',(41.8064085726943,35.780239004824,-310.12735791263));
#12481=CARTESIAN_POINT('Ctrl Pts',(43.0437211540251,35.4997858455476,-310.643530478584));
#12482=CARTESIAN_POINT('Ctrl Pts',(43.6079312528473,35.3601055416954,-311.032294795525));
#12483=CARTESIAN_POINT('Ctrl Pts',(44.4885673039961,35.1320755602451,-311.922141743676));
#12484=CARTESIAN_POINT('Ctrl Pts',(44.8685297423173,35.0276624924318,-312.479101060017));
#12485=CARTESIAN_POINT('Ctrl Pts',(45.3743280064565,34.8857836807323,-313.703886936344));
#12486=CARTESIAN_POINT('Ctrl Pts',(45.5,34.8490695010974,-314.371868089251));
#12487=CARTESIAN_POINT('Ctrl Pts',(45.5,34.8490695010974,-315.));
#12488=CARTESIAN_POINT('Origin',(73.4994402224591,16.,-340.));
#12489=CARTESIAN_POINT('',(35.5,16.,-315.));
#12490=CARTESIAN_POINT('Origin',(40.5,16.,-315.));
#12491=CARTESIAN_POINT('Origin',(42.8280430494009,-3.0015825698057,0.));
#12492=CARTESIAN_POINT('Ctrl Pts',(42.5,-37.,-319.582575694956));
#12493=CARTESIAN_POINT('Ctrl Pts',(43.0813115518147,-37.0056089438428,-319.328870534142));
#12494=CARTESIAN_POINT('Ctrl Pts',(43.6109929774623,-36.9951976226945,-318.959626895731));
#12495=CARTESIAN_POINT('Ctrl Pts',(44.4781479776122,-36.9644294653442,-318.093388861966));
#12496=CARTESIAN_POINT('Ctrl Pts',(44.8633506095138,-36.9415749665824,-317.531040466501));
#12497=CARTESIAN_POINT('Ctrl Pts',(45.3742842513412,-36.9070720486921,-316.298594265104));
#12498=CARTESIAN_POINT('Ctrl Pts',(45.5,-36.8964294650809,-315.628462178992));
#12499=CARTESIAN_POINT('Ctrl Pts',(45.5,-36.8964294650809,-315.));
#12500=CARTESIAN_POINT('Ctrl Pts',(45.5,-36.8964294650809,-314.371980694608));
#12501=CARTESIAN_POINT('Ctrl Pts',(45.3744598886235,-36.9070563591914,-313.702290244443));
#12502=CARTESIAN_POINT('Ctrl Pts',(44.8641875083792,-36.9415222727721,-312.470518321378));
#12503=CARTESIAN_POINT('Ctrl Pts',(44.4794704792804,-36.9643580160296,-311.908402667415));
#12504=CARTESIAN_POINT('Ctrl Pts',(43.612481740817,-36.9951680690329,-311.041413928951));
#12505=CARTESIAN_POINT('Ctrl Pts',(43.0821186846223,-37.0056167316849,-310.671481727495));
#12506=CARTESIAN_POINT('Ctrl Pts',(42.5,-37.,-310.417424305044));
#12507=CARTESIAN_POINT('Origin',(-42.5,-37.,0.));
#12508=CARTESIAN_POINT('Origin',(40.5,-37.,-315.));
#12509=CARTESIAN_POINT('Origin',(4.44089209850063E-15,-38.,-246.));
#12510=CARTESIAN_POINT('',(37.,-38.,-158.));
#12511=CARTESIAN_POINT('Origin',(37.,-39.,-332.));
#12512=CARTESIAN_POINT('Origin',(37.,-39.,-332.));
#12513=CARTESIAN_POINT('',(37.,-38.,-158.));
#12514=CARTESIAN_POINT('Origin',(4.44089209850063E-15,-38.,-246.));
#12515=CARTESIAN_POINT('Origin',(40.5,-28.,-315.));
#12516=CARTESIAN_POINT('',(35.5,-28.,-315.));
#12517=CARTESIAN_POINT('Origin',(40.5,-28.,-315.));
#12518=CARTESIAN_POINT('',(35.5,-28.,-315.));
#12519=CARTESIAN_POINT('Origin',(40.5,-28.,-315.));
#12520=CARTESIAN_POINT('',(45.,-28.,-315.));
#12521=CARTESIAN_POINT('Origin',(40.5,-28.,-315.));
#12522=CARTESIAN_POINT('',(45.,-28.,-315.));
#12523=CARTESIAN_POINT('Origin',(40.5,-29.,-315.));
#12524=CARTESIAN_POINT('',(35.5,-29.,-315.));
#12525=CARTESIAN_POINT('Origin',(-40.5,28.,-32.9221929604616));
#12526=CARTESIAN_POINT('',(-36.5,28.,-32.9221929604616));
#12527=CARTESIAN_POINT('Origin',(40.5,-29.,-315.));
#12528=CARTESIAN_POINT('',(45.,-2.,-315.));
#12529=CARTESIAN_POINT('Origin',(40.5,-2.,-315.));
#12530=CARTESIAN_POINT('',(45.,2.,-315.));
#12531=CARTESIAN_POINT('',(45.,-29.,-315.));
#12532=CARTESIAN_POINT('Origin',(40.5,2.,-315.));
#12533=CARTESIAN_POINT('Origin',(40.5,2.,-315.));
#12534=CARTESIAN_POINT('',(36.5,-2.,-315.));
#12535=CARTESIAN_POINT('Origin',(40.5,-2.,-315.));
#12536=CARTESIAN_POINT('',(36.5,2.,-315.));
#12537=CARTESIAN_POINT('',(36.5,2.,-315.));
#12538=CARTESIAN_POINT('Origin',(40.5,2.,-315.));
#12539=CARTESIAN_POINT('Origin',(77.,2.,-10.));
#12540=CARTESIAN_POINT('Origin',(77.,-2.,-340.));
#12541=CARTESIAN_POINT('',(0.,-14.,0.));
#12542=CARTESIAN_POINT('polyline point',(0.,-14.,0.));
#12543=CARTESIAN_POINT('polyline point',(-76.,-14.,-10.));
#12544=CARTESIAN_POINT('polyline point',(-77.,-14.,-10.));
#12545=CARTESIAN_POINT('polyline point',(-75.,-14.,-10.));
#12546=CARTESIAN_POINT('polyline point',(-76.,-14.,-10.));
#12547=CARTESIAN_POINT('polyline point',(-76.0000000000001,-14.,-340.));
#12548=CARTESIAN_POINT('polyline point',(-42.5,-14.,-349.));
#12549=CARTESIAN_POINT('polyline point',(42.5,-14.,-349.));
#12550=CARTESIAN_POINT('polyline point',(-78.0000000000001,-14.,-350.));
#12551=CARTESIAN_POINT('polyline point',(-74.,-14.,-350.));
#12552=CARTESIAN_POINT('polyline point',(-74.,-14.,-350.));
#12553=CARTESIAN_POINT('polyline point',(-74.,-14.,0.));
#12554=CARTESIAN_POINT('polyline point',(-74.,-14.,0.));
#12555=CARTESIAN_POINT('polyline point',(-78.,-14.,0.));
#12556=CARTESIAN_POINT('polyline point',(-78.,-14.,0.));
#12557=CARTESIAN_POINT('polyline point',(-78.0000000000001,-14.,-350.));
#12558=CARTESIAN_POINT('polyline point',(75.,-14.,-342.));
#12559=CARTESIAN_POINT('polyline point',(-75.,-14.,-342.));
#12560=CARTESIAN_POINT('polyline point',(-74.0914285714286,-14.,-342.));
#12561=CARTESIAN_POINT('polyline point',(-77.9085714285715,-14.,-342.));
#12562=CARTESIAN_POINT('polyline point',(-74.0914285714286,-14.,-7.99999999999976));
#12563=CARTESIAN_POINT('polyline point',(-77.9085714285715,-14.,-7.99999999999976));
#12564=CARTESIAN_POINT('',(-74.0000000000001,-14.,-342.));
#12565=CARTESIAN_POINT('',(-1.99999999999999,-14.,-342.));
#12566=CARTESIAN_POINT('',(-1.99999999999999,-14.,-10.));
#12567=CARTESIAN_POINT('',(2.00000000000001,-14.,-10.));
#12568=CARTESIAN_POINT('',(0.,0.,20.));
#12569=CARTESIAN_POINT('polyline point',(22.,32.,55.));
#12570=CARTESIAN_POINT('polyline point',(-22.,32.,55.));
#12571=CARTESIAN_POINT('polyline point',(22.,32.,55.));
#12572=CARTESIAN_POINT('polyline point',(-22.,32.,55.));
#12573=CARTESIAN_POINT('polyline point',(-50.,3.713,55.));
#12574=CARTESIAN_POINT('polyline point',(-50.,-10.787,55.));
#12575=CARTESIAN_POINT('Origin',(-22.,3.99854404850284,55.));
#12576=CARTESIAN_POINT('',(-22.,32.,55.));
#12577=CARTESIAN_POINT('',(-50.,3.71300000000002,55.));
#12578=CARTESIAN_POINT('polyline point',(-50.,-10.787,55.));
#12579=CARTESIAN_POINT('polyline point',(-50.,4.28408809700582,55.));
#12580=CARTESIAN_POINT('Origin',(-28.0135985175617,-10.0135985175617,55.));
#12581=CARTESIAN_POINT('',(-50.,-10.787,55.));
#12582=CARTESIAN_POINT('',(-28.787,-32.,55.));
#12583=CARTESIAN_POINT('Origin',(28.0134930634303,-10.013602227307,55.));
#12584=CARTESIAN_POINT('',(28.787,-32.,55.));
#12585=CARTESIAN_POINT('',(50.,-10.784,55.));
#12586=CARTESIAN_POINT('polyline point',(28.787,-32.,55.));
#12587=CARTESIAN_POINT('polyline point',(-28.787,-32.,55.));
#12588=CARTESIAN_POINT('Origin',(28.787,-10.7869997878959,55.));
#12589=CARTESIAN_POINT('',(28.787,-32.,55.));
#12590=CARTESIAN_POINT('',(50.,-10.784,55.));
#12591=CARTESIAN_POINT('polyline point',(50.,-10.784,55.));
#12592=CARTESIAN_POINT('polyline point',(50.,3.716,55.));
#12593=CARTESIAN_POINT('polyline point',(50.,-10.784,55.));
#12594=CARTESIAN_POINT('polyline point',(50.,3.716,55.));
#12595=CARTESIAN_POINT('Origin',(21.7145597142857,3.716,55.));
#12596=CARTESIAN_POINT('',(50.,3.716,55.));
#12597=CARTESIAN_POINT('',(22.,32.,55.));
#12598=CARTESIAN_POINT('',(0.,0.,55.));
#12599=CARTESIAN_POINT('',(0.,0.,-370.));
#12600=CARTESIAN_POINT('polyline point',(42.5,-39.,55.));
#12601=CARTESIAN_POINT('polyline point',(-42.5,-39.,55.));
#12602=CARTESIAN_POINT('polyline point',(-1.61868901172041,-39.,55.));
#12603=CARTESIAN_POINT('polyline point',(-1.61868901172041,-32.,55.));
#12604=CARTESIAN_POINT('polyline point',(-28.787,-32.,55.));
#12605=CARTESIAN_POINT('polyline point',(28.787,-32.,55.));
#12606=CARTESIAN_POINT('',(0.,0.,55.));
#12607=CARTESIAN_POINT('',(0.,39.,0.));
#12608=CARTESIAN_POINT('',(0.,0.,-405.));
#12609=CARTESIAN_POINT('',(0.,39.,0.));
#12610=CARTESIAN_POINT('',(0.,4.44089209850063E-15,-430.));
#12611=CARTESIAN_POINT('Origin',(40.5,-16.,-315.));
#12612=CARTESIAN_POINT('Origin',(40.5,-16.,-315.));
#12613=CARTESIAN_POINT('Origin',(40.5,-16.,-315.));
#12614=CARTESIAN_POINT('',(0.,-16.,0.));
#12615=CARTESIAN_POINT('',(0.,39.,0.));
#12616=CARTESIAN_POINT('polyline point',(27.5,39.0070333434506,-150.));
#12617=CARTESIAN_POINT('polyline point',(27.5,39.0070333434506,-152.));
#12618=CARTESIAN_POINT('polyline point',(27.5,37.,5.39260384428426E-32));
#12619=CARTESIAN_POINT('polyline point',(27.5,37.,-350.));
#12620=CARTESIAN_POINT('polyline point',(27.5,37.,-150.));
#12621=CARTESIAN_POINT('polyline point',(27.5,37.5,-150.));
#12622=CARTESIAN_POINT('polyline point',(27.5,39.,0.));
#12623=CARTESIAN_POINT('polyline point',(27.5,39.,-350.));
#12624=CARTESIAN_POINT('polyline point',(27.5,39.,-152.));
#12625=CARTESIAN_POINT('polyline point',(27.5,37.5,-150.));
#12626=CARTESIAN_POINT('polyline point',(27.5,37.5,-150.));
#12627=CARTESIAN_POINT('polyline point',(27.5,39.0070333434506,-150.));
#12628=CARTESIAN_POINT('',(27.5,0.,0.));
#12629=CARTESIAN_POINT('',(27.5,39.,-150.));
#12630=CARTESIAN_POINT('polyline point',(-27.5,39.,-150.));
#12631=CARTESIAN_POINT('polyline point',(-28.,39.,-150.));
#12632=CARTESIAN_POINT('polyline point',(-28.,39.,-150.));
#12633=CARTESIAN_POINT('polyline point',(-28.,39.,-150.5));
#12634=CARTESIAN_POINT('polyline point',(-28.,39.,-150.5));
#12635=CARTESIAN_POINT('polyline point',(-27.5,39.,-150.5));
#12636=CARTESIAN_POINT('polyline point',(-27.5,39.,-150.5));
#12637=CARTESIAN_POINT('polyline point',(-27.5,39.,-150.));
#12638=CARTESIAN_POINT('polyline point',(-28.,39.,-150.5));
#12639=CARTESIAN_POINT('polyline point',(-29.5,39.,-150.5));
#12640=CARTESIAN_POINT('polyline point',(-28.,39.,-150.5));
#12641=CARTESIAN_POINT('polyline point',(-28.,39.,-152.));
#12642=CARTESIAN_POINT('polyline point',(-27.5,39.,-152.000012828857));
#12643=CARTESIAN_POINT('polyline point',(27.5,39.,-152.000012828857));
#12644=CARTESIAN_POINT('polyline point',(-27.5,39.,-152.000012828857));
#12645=CARTESIAN_POINT('polyline point',(-29.5,39.,-152.000012828857));
#12646=CARTESIAN_POINT('polyline point',(-29.5,39.,-152.000012828857));
#12647=CARTESIAN_POINT('polyline point',(-29.5,39.,-150.));
#12648=CARTESIAN_POINT('',(0.,39.,0.));
#12649=CARTESIAN_POINT('',(0.,-39.,0.));
#12650=CARTESIAN_POINT('Origin',(-40.5,16.,-32.9221929604616));
#12651=CARTESIAN_POINT('Origin',(-40.5,16.,-32.9221929604616));
#12652=CARTESIAN_POINT('Origin',(-40.5,16.,-32.9221929604616));
#12653=CARTESIAN_POINT('',(0.,16.,0.));
#12654=CARTESIAN_POINT('',(0.,-28.,0.));
#12655=CARTESIAN_POINT('',(27.5,0.,0.));
#12656=CARTESIAN_POINT('Origin',(40.5,16.,-32.9221929604616));
#12657=CARTESIAN_POINT('Origin',(40.5,16.,-32.9221929604616));
#12658=CARTESIAN_POINT('',(0.,16.,0.));
#12659=UNCERTAINTY_MEASURE_WITH_UNIT(LENGTH_MEASURE(0.01),#12663,
'DISTANCE_ACCURACY_VALUE',
'Maximum model space distance between geometric entities at asserted c
onnectivities');
#12660=UNCERTAINTY_MEASURE_WITH_UNIT(LENGTH_MEASURE(0.01),#12663,
'DISTANCE_ACCURACY_VALUE',
'Maximum model space distance between geometric entities at asserted c
onnectivities');
#12661=(
GEOMETRIC_REPRESENTATION_CONTEXT(3)
GLOBAL_UNCERTAINTY_ASSIGNED_CONTEXT((#12659))
GLOBAL_UNIT_ASSIGNED_CONTEXT((#12663,#12665,#12666))
REPRESENTATION_CONTEXT('','3D')
);
#12662=(
GEOMETRIC_REPRESENTATION_CONTEXT(3)
GLOBAL_UNCERTAINTY_ASSIGNED_CONTEXT((#12660))
GLOBAL_UNIT_ASSIGNED_CONTEXT((#12663,#12665,#12666))
REPRESENTATION_CONTEXT('','3D')
);
#12663=(
LENGTH_UNIT()
NAMED_UNIT(*)
SI_UNIT(.MILLI.,.METRE.)
);
#12664=(
LENGTH_UNIT()
NAMED_UNIT(*)
SI_UNIT(.CENTI.,.METRE.)
);
#12665=(
NAMED_UNIT(*)
PLANE_ANGLE_UNIT()
SI_UNIT($,.RADIAN.)
);
#12666=(
NAMED_UNIT(*)
SI_UNIT($,.STERADIAN.)
SOLID_ANGLE_UNIT()
);
#12667=SHAPE_DEFINITION_REPRESENTATION(#12668,#12669);
#12668=PRODUCT_DEFINITION_SHAPE('',$,#12671);
#12669=SHAPE_REPRESENTATION('',(#7021),#12661);
#12670=PRODUCT_DEFINITION_CONTEXT('part definition',#12675,'design');
#12671=PRODUCT_DEFINITION(
'I think done body unless hugo hass a hissy fit part 1  ',
'I think done body unless hugo hass a hissy fit part 1  ',#12672,#12670);
#12672=PRODUCT_DEFINITION_FORMATION('',$,#12677);
#12673=PRODUCT_RELATED_PRODUCT_CATEGORY(
'I think done body unless hugo hass a hissy fit part 1  ',
'I think done body unless hugo hass a hissy fit part 1  ',(#12677));
#12674=APPLICATION_PROTOCOL_DEFINITION('international standard',
'automotive_design',2009,#12675);
#12675=APPLICATION_CONTEXT(
'Core Data for Automotive Mechanical Design Process');
#12676=PRODUCT_CONTEXT('part definition',#12675,'mechanical');
#12677=PRODUCT(
'I think done body unless hugo hass a hissy fit part 1  ',
'I think done body unless hugo hass a hissy fit part 1  ',$,(#12676));
#12678=PRESENTATION_STYLE_ASSIGNMENT((#12682));
#12679=PRESENTATION_STYLE_ASSIGNMENT((#12683));
#12680=PRESENTATION_STYLE_ASSIGNMENT((#12684));
#12681=PRESENTATION_STYLE_ASSIGNMENT((#12685));
#12682=SURFACE_STYLE_USAGE(.BOTH.,#12688);
#12683=SURFACE_STYLE_USAGE(.BOTH.,#12689);
#12684=SURFACE_STYLE_USAGE(.BOTH.,#12690);
#12685=SURFACE_STYLE_USAGE(.BOTH.,#12691);
#12686=SURFACE_STYLE_RENDERING_WITH_PROPERTIES($,#12704,(#12687));
#12687=SURFACE_STYLE_TRANSPARENT(0.);
#12688=SURFACE_SIDE_STYLE('',(#12692,#12686));
#12689=SURFACE_SIDE_STYLE('',(#12693));
#12690=SURFACE_SIDE_STYLE('',(#12694));
#12691=SURFACE_SIDE_STYLE('',(#12695));
#12692=SURFACE_STYLE_FILL_AREA(#12696);
#12693=SURFACE_STYLE_FILL_AREA(#12697);
#12694=SURFACE_STYLE_FILL_AREA(#12698);
#12695=SURFACE_STYLE_FILL_AREA(#12699);
#12696=FILL_AREA_STYLE('',(#12700));
#12697=FILL_AREA_STYLE('',(#12701));
#12698=FILL_AREA_STYLE('',(#12702));
#12699=FILL_AREA_STYLE('',(#12703));
#12700=FILL_AREA_STYLE_COLOUR('',#12704);
#12701=FILL_AREA_STYLE_COLOUR('',#12705);
#12702=FILL_AREA_STYLE_COLOUR('',#12706);
#12703=FILL_AREA_STYLE_COLOUR('',#12707);
#12704=COLOUR_RGB('',0.749019607843137,0.749019607843137,0.749019607843137);
#12705=COLOUR_RGB('',0.913725490196078,0.913725490196078,0.);
#12706=COLOUR_RGB('',1.,1.,1.);
#12707=COLOUR_RGB('',1.,0.,1.);
ENDSEC;
END-ISO-10303-21;
