ISO-10303-21;
HEADER;
/* Generated by software containing ST-Developer
 * from STEP Tools, Inc. (www.steptools.com) 
 */

FILE_DESCRIPTION(
/* description */ (''),
/* implementation_level */ '2;1');

FILE_NAME(
/* name */ 'main bod with 4 dro hole.stp',
/* time_stamp */ '2026-05-21T01:03:47+12:00',
/* author */ ('Jake'),
/* organization */ (''),
/* preprocessor_version */ 'ST-DEVELOPER v20.1',
/* originating_system */ 'Autodesk Inventor 2026',
/* authorisation */ '');

FILE_SCHEMA (('AUTOMOTIVE_DESIGN { 1 0 10303 214 3 1 1 }'));
ENDSEC;

DATA;
#10=MECHANICAL_DESIGN_GEOMETRIC_PRESENTATION_REPRESENTATION('',(#72,#73,
#74,#75,#76,#77,#78,#79,#80,#81,#82,#83,#84,#85,#86,#87,#88,#89,#90,#91,
#92,#93,#94,#95,#96,#97,#98,#99,#100,#101,#102,#103,#104,#105),#13201);
#11=GEOMETRICALLY_BOUNDED_WIREFRAME_SHAPE_REPRESENTATION('',(#12,#13,#14,
#15,#16,#17,#18,#19,#20,#21,#22,#23,#24,#25,#26,#27),#13200);
#12=GEOMETRIC_CURVE_SET('Sketch12',(#13091));
#13=GEOMETRIC_CURVE_SET('Sketch14',(#36,#37,#38,#39,#40,#41,#42,#43,#44,
#45,#46,#13114,#13115,#13116,#13117));
#14=GEOMETRIC_CURVE_SET('Sketch18',(#13118));
#15=GEOMETRIC_CURVE_SET('Sketch20',(#47,#48,#49,#31,#50,#32,#33,#51,#34,
#52,#53,#35,#13148));
#16=GEOMETRIC_CURVE_SET('Sketch25',(#13149));
#17=GEOMETRIC_CURVE_SET('Sketch26',(#54,#55,#56,#13156));
#18=GEOMETRIC_CURVE_SET('Sketch28',(#13157));
#19=GEOMETRIC_CURVE_SET('Sketch39',(#13158));
#20=GEOMETRIC_CURVE_SET('Sketch46',(#13159));
#21=GEOMETRIC_CURVE_SET('Sketch63',(#13160));
#22=GEOMETRIC_CURVE_SET('Sketch119',(#13161));
#23=GEOMETRIC_CURVE_SET('Sketch121',(#57,#58,#59,#60,#61,#62,#13174,#13175));
#24=GEOMETRIC_CURVE_SET('Sketch125',(#63,#64,#65,#66,#67,#68,#69,#70,#71,
#13194));
#25=GEOMETRIC_CURVE_SET('Sketch138',(#13195));
#26=GEOMETRIC_CURVE_SET('Sketch146',(#13196));
#27=GEOMETRIC_CURVE_SET('Sketch149',(#13197));
#28=SHAPE_REPRESENTATION_RELATIONSHIP('SRR','None',#13208,#30);
#29=SHAPE_REPRESENTATION_RELATIONSHIP('SRR','None',#13208,#11);
#30=ADVANCED_BREP_SHAPE_REPRESENTATION('',(#106),#13200);
#31=TRIMMED_CURVE('',#1571,(#13126,PARAMETER_VALUE(1.5707963267949)),(#13127,
PARAMETER_VALUE(3.15179030181595)),.T.,.PARAMETER.);
#32=TRIMMED_CURVE('',#1572,(#13131,PARAMETER_VALUE(3.17675451141043)),(#13132,
PARAMETER_VALUE(4.67722712256405)),.T.,.PARAMETER.);
#33=TRIMMED_CURVE('',#1573,(#13134,PARAMETER_VALUE(4.74755563454003)),(#13135,
PARAMETER_VALUE(6.24816006573701)),.T.,.PARAMETER.);
#34=TRIMMED_CURVE('',#1574,(#13139,PARAMETER_VALUE(4.71238898038469)),(#13140,
PARAMETER_VALUE(6.28332671989235)),.T.,.PARAMETER.);
#35=TRIMMED_CURVE('',#1575,(#13146,PARAMETER_VALUE(0.)),(#13147,
PARAMETER_VALUE(1.56070473452082)),.T.,.PARAMETER.);
#36=POLYLINE('',(#13092,#13093));
#37=POLYLINE('',(#13094,#13095));
#38=POLYLINE('',(#13096,#13097));
#39=POLYLINE('',(#13098,#13099));
#40=POLYLINE('',(#13100,#13101));
#41=POLYLINE('',(#13102,#13103));
#42=POLYLINE('',(#13104,#13105));
#43=POLYLINE('',(#13106,#13107));
#44=POLYLINE('',(#13108,#13109));
#45=POLYLINE('',(#13110,#13111));
#46=POLYLINE('',(#13112,#13113));
#47=POLYLINE('',(#13119,#13120));
#48=POLYLINE('',(#13121,#13122));
#49=POLYLINE('',(#13123,#13124));
#50=POLYLINE('',(#13128,#13129));
#51=POLYLINE('',(#13136,#13137));
#52=POLYLINE('',(#13141,#13142));
#53=POLYLINE('',(#13143,#13144));
#54=POLYLINE('',(#13150,#13151));
#55=POLYLINE('',(#13152,#13153));
#56=POLYLINE('',(#13154,#13155));
#57=POLYLINE('',(#13162,#13163));
#58=POLYLINE('',(#13164,#13165));
#59=POLYLINE('',(#13166,#13167));
#60=POLYLINE('',(#13168,#13169));
#61=POLYLINE('',(#13170,#13171));
#62=POLYLINE('',(#13172,#13173));
#63=POLYLINE('',(#13176,#13177));
#64=POLYLINE('',(#13178,#13179));
#65=POLYLINE('',(#13180,#13181));
#66=POLYLINE('',(#13182,#13183));
#67=POLYLINE('',(#13184,#13185));
#68=POLYLINE('',(#13186,#13187));
#69=POLYLINE('',(#13188,#13189));
#70=POLYLINE('',(#13190,#13191));
#71=POLYLINE('',(#13192,#13193));
#72=STYLED_ITEM('',(#13217),#106);
#73=STYLED_ITEM('',(#13219),#36);
#74=STYLED_ITEM('',(#13218),#37);
#75=STYLED_ITEM('',(#13219),#38);
#76=STYLED_ITEM('',(#13218),#39);
#77=STYLED_ITEM('',(#13219),#40);
#78=STYLED_ITEM('',(#13219),#41);
#79=STYLED_ITEM('',(#13219),#42);
#80=STYLED_ITEM('',(#13219),#43);
#81=STYLED_ITEM('',(#13218),#44);
#82=STYLED_ITEM('',(#13219),#45);
#83=STYLED_ITEM('',(#13218),#47);
#84=STYLED_ITEM('',(#13219),#48);
#85=STYLED_ITEM('',(#13218),#49);
#86=STYLED_ITEM('',(#13219),#31);
#87=STYLED_ITEM('',(#13219),#50);
#88=STYLED_ITEM('',(#13218),#33);
#89=STYLED_ITEM('',(#13219),#51);
#90=STYLED_ITEM('',(#13219),#34);
#91=STYLED_ITEM('',(#13218),#52);
#92=STYLED_ITEM('',(#13219),#53);
#93=STYLED_ITEM('',(#13219),#35);
#94=STYLED_ITEM('',(#13220),#54);
#95=STYLED_ITEM('',(#13220),#56);
#96=STYLED_ITEM('',(#13220),#58);
#97=STYLED_ITEM('',(#13220),#60);
#98=STYLED_ITEM('',(#13219),#63);
#99=STYLED_ITEM('',(#13219),#64);
#100=STYLED_ITEM('',(#13219),#65);
#101=STYLED_ITEM('',(#13219),#66);
#102=STYLED_ITEM('',(#13219),#67);
#103=STYLED_ITEM('',(#13219),#68);
#104=STYLED_ITEM('',(#13220),#69);
#105=STYLED_ITEM('',(#13219),#70);
#106=MANIFOLD_SOLID_BREP('Solid1',#7320);
#107=B_SPLINE_SURFACE_WITH_KNOTS('',3,3,((#12015,#12016,#12017,#12018),
(#12019,#12020,#12021,#12022),(#12023,#12024,#12025,#12026),(#12027,#12028,
#12029,#12030),(#12031,#12032,#12033,#12034),(#12035,#12036,#12037,#12038),
(#12039,#12040,#12041,#12042)),.UNSPECIFIED.,.F.,.F.,.F.,(4,1,1,1,4),(4,
4),(0.,0.285714285714286,0.571428571428571,0.785714285714286,1.),(0.,1.),
 .UNSPECIFIED.);
#108=B_SPLINE_SURFACE_WITH_KNOTS('',3,3,((#12054,#12055,#12056,#12057),
(#12058,#12059,#12060,#12061),(#12062,#12063,#12064,#12065),(#12066,#12067,
#12068,#12069),(#12070,#12071,#12072,#12073),(#12074,#12075,#12076,#12077),
(#12078,#12079,#12080,#12081)),.UNSPECIFIED.,.F.,.F.,.F.,(4,1,1,1,4),(4,
4),(0.,0.285714285714286,0.571428571428571,0.785714285714286,1.),(0.,1.),
 .UNSPECIFIED.);
#109=B_SPLINE_SURFACE_WITH_KNOTS('',3,3,((#12093,#12094,#12095,#12096),
(#12097,#12098,#12099,#12100),(#12101,#12102,#12103,#12104),(#12105,#12106,
#12107,#12108),(#12109,#12110,#12111,#12112),(#12113,#12114,#12115,#12116),
(#12117,#12118,#12119,#12120)),.UNSPECIFIED.,.F.,.F.,.F.,(4,1,1,1,4),(4,
4),(0.,0.285714285714286,0.571428571428571,0.857142857142857,1.),(0.,1.),
 .UNSPECIFIED.);
#110=B_SPLINE_SURFACE_WITH_KNOTS('',3,3,((#12129,#12130,#12131,#12132),
(#12133,#12134,#12135,#12136),(#12137,#12138,#12139,#12140),(#12141,#12142,
#12143,#12144),(#12145,#12146,#12147,#12148),(#12149,#12150,#12151,#12152),
(#12153,#12154,#12155,#12156)),.UNSPECIFIED.,.F.,.F.,.F.,(4,1,1,1,4),(4,
4),(0.,0.285714285714286,0.571428571428571,0.857142857142857,1.),(0.,1.),
 .UNSPECIFIED.);
#111=B_SPLINE_SURFACE_WITH_KNOTS('',3,3,((#12181,#12182,#12183,#12184),
(#12185,#12186,#12187,#12188),(#12189,#12190,#12191,#12192),(#12193,#12194,
#12195,#12196),(#12197,#12198,#12199,#12200),(#12201,#12202,#12203,#12204),
(#12205,#12206,#12207,#12208)),.UNSPECIFIED.,.F.,.F.,.F.,(4,1,1,1,4),(4,
4),(0.,0.285714285714286,0.571428571428571,0.857142857142857,1.),(0.,1.),
 .UNSPECIFIED.);
#112=B_SPLINE_SURFACE_WITH_KNOTS('',3,3,((#12224,#12225,#12226,#12227),
(#12228,#12229,#12230,#12231),(#12232,#12233,#12234,#12235),(#12236,#12237,
#12238,#12239),(#12240,#12241,#12242,#12243),(#12244,#12245,#12246,#12247),
(#12248,#12249,#12250,#12251)),.UNSPECIFIED.,.F.,.F.,.F.,(4,1,1,1,4),(4,
4),(0.,0.285714285714286,0.571428571428571,0.857142857142857,1.),(0.,1.),
 .UNSPECIFIED.);
#113=B_SPLINE_SURFACE_WITH_KNOTS('',3,3,((#12259,#12260,#12261,#12262),
(#12263,#12264,#12265,#12266),(#12267,#12268,#12269,#12270),(#12271,#12272,
#12273,#12274),(#12275,#12276,#12277,#12278),(#12279,#12280,#12281,#12282),
(#12283,#12284,#12285,#12286)),.UNSPECIFIED.,.F.,.F.,.F.,(4,1,1,1,4),(4,
4),(0.,0.285714285714286,0.571428571428571,0.785714285714286,1.),(0.,1.),
 .UNSPECIFIED.);
#114=B_SPLINE_SURFACE_WITH_KNOTS('',3,3,((#12294,#12295,#12296,#12297),
(#12298,#12299,#12300,#12301),(#12302,#12303,#12304,#12305),(#12306,#12307,
#12308,#12309),(#12310,#12311,#12312,#12313),(#12314,#12315,#12316,#12317),
(#12318,#12319,#12320,#12321)),.UNSPECIFIED.,.F.,.F.,.F.,(4,1,1,1,4),(4,
4),(0.,0.285714285714286,0.571428571428571,0.785714285714286,1.),(0.,1.),
 .UNSPECIFIED.);
#115=B_SPLINE_SURFACE_WITH_KNOTS('',3,3,((#12611,#12612,#12613,#12614),
(#12615,#12616,#12617,#12618),(#12619,#12620,#12621,#12622),(#12623,#12624,
#12625,#12626),(#12627,#12628,#12629,#12630),(#12631,#12632,#12633,#12634),
(#12635,#12636,#12637,#12638)),.UNSPECIFIED.,.F.,.F.,.F.,(4,1,1,1,4),(4,
4),(0.,0.285714285714286,0.571428571428571,0.857142857142857,1.),(0.,1.),
 .UNSPECIFIED.);
#116=B_SPLINE_SURFACE_WITH_KNOTS('',3,3,((#12646,#12647,#12648,#12649),
(#12650,#12651,#12652,#12653),(#12654,#12655,#12656,#12657),(#12658,#12659,
#12660,#12661),(#12662,#12663,#12664,#12665),(#12666,#12667,#12668,#12669),
(#12670,#12671,#12672,#12673)),.UNSPECIFIED.,.F.,.F.,.F.,(4,1,1,1,4),(4,
4),(0.,0.285714285714286,0.571428571428571,0.857142857142857,1.),(0.,1.),
 .UNSPECIFIED.);
#117=B_SPLINE_SURFACE_WITH_KNOTS('',3,3,((#12681,#12682,#12683,#12684),
(#12685,#12686,#12687,#12688),(#12689,#12690,#12691,#12692),(#12693,#12694,
#12695,#12696),(#12697,#12698,#12699,#12700),(#12701,#12702,#12703,#12704),
(#12705,#12706,#12707,#12708)),.UNSPECIFIED.,.F.,.F.,.F.,(4,1,1,1,4),(4,
4),(0.,0.285714285714286,0.571428571428571,0.857142857142857,1.),(0.,1.),
 .UNSPECIFIED.);
#118=B_SPLINE_SURFACE_WITH_KNOTS('',3,3,((#12717,#12718,#12719,#12720),
(#12721,#12722,#12723,#12724),(#12725,#12726,#12727,#12728),(#12729,#12730,
#12731,#12732),(#12733,#12734,#12735,#12736),(#12737,#12738,#12739,#12740),
(#12741,#12742,#12743,#12744)),.UNSPECIFIED.,.F.,.F.,.F.,(4,1,1,1,4),(4,
4),(0.,0.285714285714286,0.571428571428571,0.857142857142857,1.),(0.,1.),
 .UNSPECIFIED.);
#119=B_SPLINE_SURFACE_WITH_KNOTS('',3,3,((#12946,#12947,#12948,#12949),
(#12950,#12951,#12952,#12953),(#12954,#12955,#12956,#12957),(#12958,#12959,
#12960,#12961),(#12962,#12963,#12964,#12965),(#12966,#12967,#12968,#12969),
(#12970,#12971,#12972,#12973)),.UNSPECIFIED.,.F.,.F.,.F.,(4,1,1,1,4),(4,
4),(0.,0.285714285714286,0.571428571428571,0.857142857142857,1.),(0.,1.),
 .UNSPECIFIED.);
#120=B_SPLINE_SURFACE_WITH_KNOTS('',3,3,((#12977,#12978,#12979,#12980),
(#12981,#12982,#12983,#12984),(#12985,#12986,#12987,#12988),(#12989,#12990,
#12991,#12992),(#12993,#12994,#12995,#12996),(#12997,#12998,#12999,#13000),
(#13001,#13002,#13003,#13004)),.UNSPECIFIED.,.F.,.F.,.F.,(4,1,1,1,4),(4,
4),(0.,0.285714285714286,0.571428571428571,0.857142857142857,1.),(0.,1.),
 .UNSPECIFIED.);
#121=B_SPLINE_SURFACE_WITH_KNOTS('',3,3,((#13008,#13009,#13010,#13011),
(#13012,#13013,#13014,#13015),(#13016,#13017,#13018,#13019),(#13020,#13021,
#13022,#13023),(#13024,#13025,#13026,#13027),(#13028,#13029,#13030,#13031),
(#13032,#13033,#13034,#13035)),.UNSPECIFIED.,.F.,.F.,.F.,(4,1,1,1,4),(4,
4),(0.,0.285714285714286,0.571428571428571,0.857142857142857,1.),(0.,1.),
 .UNSPECIFIED.);
#122=B_SPLINE_SURFACE_WITH_KNOTS('',3,3,((#13040,#13041,#13042,#13043),
(#13044,#13045,#13046,#13047),(#13048,#13049,#13050,#13051),(#13052,#13053,
#13054,#13055),(#13056,#13057,#13058,#13059),(#13060,#13061,#13062,#13063),
(#13064,#13065,#13066,#13067)),.UNSPECIFIED.,.F.,.F.,.F.,(4,1,1,1,4),(4,
4),(0.,0.285714285714286,0.571428571428571,0.857142857142857,1.),(0.,1.),
 .UNSPECIFIED.);
#123=FACE_BOUND('',#846,.T.);
#124=FACE_BOUND('',#852,.T.);
#125=FACE_BOUND('',#855,.T.);
#126=FACE_BOUND('',#857,.T.);
#127=FACE_BOUND('',#860,.T.);
#128=FACE_BOUND('',#870,.T.);
#129=FACE_BOUND('',#877,.T.);
#130=FACE_BOUND('',#882,.T.);
#131=FACE_BOUND('',#883,.T.);
#132=FACE_BOUND('',#884,.T.);
#133=FACE_BOUND('',#885,.T.);
#134=FACE_BOUND('',#887,.T.);
#135=FACE_BOUND('',#889,.T.);
#136=FACE_BOUND('',#891,.T.);
#137=FACE_BOUND('',#892,.T.);
#138=FACE_BOUND('',#901,.T.);
#139=FACE_BOUND('',#910,.T.);
#140=FACE_BOUND('',#912,.T.);
#141=FACE_BOUND('',#913,.T.);
#142=FACE_BOUND('',#914,.T.);
#143=FACE_BOUND('',#915,.T.);
#144=FACE_BOUND('',#917,.T.);
#145=FACE_BOUND('',#919,.T.);
#146=FACE_BOUND('',#920,.T.);
#147=FACE_BOUND('',#936,.T.);
#148=FACE_BOUND('',#938,.T.);
#149=FACE_BOUND('',#960,.T.);
#150=FACE_BOUND('',#963,.T.);
#151=FACE_BOUND('',#969,.T.);
#152=FACE_BOUND('',#970,.T.);
#153=FACE_BOUND('',#979,.T.);
#154=FACE_BOUND('',#984,.T.);
#155=FACE_BOUND('',#987,.T.);
#156=FACE_BOUND('',#991,.T.);
#157=FACE_BOUND('',#1006,.T.);
#158=FACE_BOUND('',#1007,.T.);
#159=FACE_BOUND('',#1008,.T.);
#160=FACE_BOUND('',#1009,.T.);
#161=FACE_BOUND('',#1027,.T.);
#162=FACE_BOUND('',#1028,.T.);
#163=FACE_BOUND('',#1029,.T.);
#164=FACE_BOUND('',#1030,.T.);
#165=FACE_BOUND('',#1130,.T.);
#166=FACE_BOUND('',#1131,.T.);
#167=FACE_BOUND('',#1167,.T.);
#168=FACE_BOUND('',#1169,.T.);
#169=FACE_BOUND('',#1171,.T.);
#170=FACE_BOUND('',#1173,.T.);
#171=FACE_BOUND('',#1175,.T.);
#172=FACE_BOUND('',#1177,.T.);
#173=FACE_BOUND('',#1179,.T.);
#174=FACE_BOUND('',#1180,.T.);
#175=FACE_BOUND('',#1181,.T.);
#176=FACE_BOUND('',#1182,.T.);
#177=FACE_BOUND('',#1183,.T.);
#178=FACE_BOUND('',#1185,.T.);
#179=FACE_BOUND('',#1190,.T.);
#180=FACE_BOUND('',#1221,.T.);
#181=FACE_BOUND('',#1229,.T.);
#182=FACE_BOUND('',#1234,.T.);
#183=FACE_BOUND('',#1238,.T.);
#184=FACE_BOUND('',#1240,.T.);
#185=FACE_BOUND('',#1248,.T.);
#186=FACE_BOUND('',#1255,.T.);
#187=FACE_BOUND('',#1258,.T.);
#188=FACE_BOUND('',#1274,.T.);
#189=FACE_BOUND('',#1277,.T.);
#190=FACE_BOUND('',#1280,.T.);
#191=FACE_BOUND('',#1281,.T.);
#192=FACE_BOUND('',#1282,.T.);
#193=FACE_BOUND('',#1283,.T.);
#194=FACE_BOUND('',#1284,.T.);
#195=FACE_BOUND('',#1286,.T.);
#196=FACE_BOUND('',#1288,.T.);
#197=FACE_BOUND('',#1290,.T.);
#198=FACE_BOUND('',#1291,.T.);
#199=FACE_BOUND('',#1293,.T.);
#200=FACE_BOUND('',#1295,.T.);
#201=FACE_BOUND('',#1296,.T.);
#202=FACE_BOUND('',#1298,.T.);
#203=FACE_BOUND('',#1299,.T.);
#204=FACE_BOUND('',#1300,.T.);
#205=FACE_BOUND('',#1301,.T.);
#206=FACE_BOUND('',#1302,.T.);
#207=PLANE('',#7350);
#208=PLANE('',#7369);
#209=PLANE('',#7384);
#210=PLANE('',#7389);
#211=PLANE('',#7390);
#212=PLANE('',#7395);
#213=PLANE('',#7403);
#214=PLANE('',#7406);
#215=PLANE('',#7407);
#216=PLANE('',#7416);
#217=PLANE('',#7426);
#218=PLANE('',#7427);
#219=PLANE('',#7431);
#220=PLANE('',#7432);
#221=PLANE('',#7435);
#222=PLANE('',#7438);
#223=PLANE('',#7440);
#224=PLANE('',#7442);
#225=PLANE('',#7456);
#226=PLANE('',#7461);
#227=PLANE('',#7472);
#228=PLANE('',#7473);
#229=PLANE('',#7474);
#230=PLANE('',#7476);
#231=PLANE('',#7478);
#232=PLANE('',#7486);
#233=PLANE('',#7497);
#234=PLANE('',#7499);
#235=PLANE('',#7500);
#236=PLANE('',#7501);
#237=PLANE('',#7502);
#238=PLANE('',#7503);
#239=PLANE('',#7504);
#240=PLANE('',#7505);
#241=PLANE('',#7506);
#242=PLANE('',#7507);
#243=PLANE('',#7508);
#244=PLANE('',#7509);
#245=PLANE('',#7510);
#246=PLANE('',#7511);
#247=PLANE('',#7512);
#248=PLANE('',#7513);
#249=PLANE('',#7514);
#250=PLANE('',#7515);
#251=PLANE('',#7516);
#252=PLANE('',#7517);
#253=PLANE('',#7518);
#254=PLANE('',#7519);
#255=PLANE('',#7520);
#256=PLANE('',#7521);
#257=PLANE('',#7528);
#258=PLANE('',#7529);
#259=PLANE('',#7530);
#260=PLANE('',#7534);
#261=PLANE('',#7535);
#262=PLANE('',#7539);
#263=PLANE('',#7543);
#264=PLANE('',#7545);
#265=PLANE('',#7549);
#266=PLANE('',#7554);
#267=PLANE('',#7555);
#268=PLANE('',#7560);
#269=PLANE('',#7562);
#270=PLANE('',#7563);
#271=PLANE('',#7564);
#272=PLANE('',#7565);
#273=PLANE('',#7566);
#274=PLANE('',#7570);
#275=PLANE('',#7571);
#276=PLANE('',#7572);
#277=PLANE('',#7573);
#278=PLANE('',#7574);
#279=PLANE('',#7575);
#280=PLANE('',#7577);
#281=PLANE('',#7579);
#282=PLANE('',#7580);
#283=PLANE('',#7581);
#284=PLANE('',#7586);
#285=PLANE('',#7588);
#286=PLANE('',#7589);
#287=PLANE('',#7590);
#288=PLANE('',#7601);
#289=PLANE('',#7607);
#290=PLANE('',#7608);
#291=PLANE('',#7609);
#292=PLANE('',#7611);
#293=PLANE('',#7612);
#294=PLANE('',#7613);
#295=PLANE('',#7617);
#296=PLANE('',#7619);
#297=PLANE('',#7620);
#298=PLANE('',#7621);
#299=PLANE('',#7629);
#300=PLANE('',#7630);
#301=PLANE('',#7631);
#302=PLANE('',#7640);
#303=PLANE('',#7641);
#304=PLANE('',#7642);
#305=PLANE('',#7647);
#306=PLANE('',#7648);
#307=PLANE('',#7649);
#308=PLANE('',#7650);
#309=PLANE('',#7655);
#310=PLANE('',#7656);
#311=PLANE('',#7657);
#312=PLANE('',#7658);
#313=PLANE('',#7659);
#314=PLANE('',#7660);
#315=PLANE('',#7663);
#316=PLANE('',#7665);
#317=PLANE('',#7667);
#318=PLANE('',#7668);
#319=PLANE('',#7671);
#320=PLANE('',#7676);
#321=PLANE('',#7679);
#322=PLANE('',#7682);
#323=PLANE('',#7683);
#324=PLANE('',#7686);
#325=PLANE('',#7690);
#326=PLANE('',#7691);
#327=PLANE('',#7693);
#328=PLANE('',#7698);
#329=PLANE('',#7702);
#330=PLANE('',#7703);
#331=PLANE('',#7704);
#332=PLANE('',#7705);
#333=PLANE('',#7706);
#334=PLANE('',#7709);
#335=PLANE('',#7711);
#336=PLANE('',#7713);
#337=PLANE('',#7715);
#338=PLANE('',#7722);
#339=PLANE('',#7723);
#340=PLANE('',#7724);
#341=PLANE('',#7725);
#342=PLANE('',#7728);
#343=PLANE('',#7733);
#344=PLANE('',#7735);
#345=PLANE('',#7737);
#346=PLANE('',#7741);
#347=PLANE('',#7743);
#348=PLANE('',#7744);
#349=PLANE('',#7745);
#350=PLANE('',#7747);
#351=PLANE('',#7751);
#352=PLANE('',#7752);
#353=PLANE('',#7754);
#354=PLANE('',#7779);
#355=PLANE('',#7780);
#356=PLANE('',#7784);
#357=PLANE('',#7786);
#358=PLANE('',#7788);
#359=PLANE('',#7790);
#360=PLANE('',#7792);
#361=PLANE('',#7793);
#362=PLANE('',#7794);
#363=PLANE('',#7795);
#364=PLANE('',#7798);
#365=PLANE('',#7801);
#366=PLANE('',#7803);
#367=PLANE('',#7805);
#368=PLANE('',#7807);
#369=PLANE('',#7811);
#370=PLANE('',#7814);
#371=PLANE('',#7817);
#372=PLANE('',#7820);
#373=PLANE('',#7821);
#374=PLANE('',#7822);
#375=PLANE('',#7823);
#376=PLANE('',#7826);
#377=PLANE('',#7829);
#378=PLANE('',#7832);
#379=PLANE('',#7835);
#380=PLANE('',#7836);
#381=PLANE('',#7837);
#382=PLANE('',#7838);
#383=PLANE('',#7839);
#384=PLANE('',#7840);
#385=PLANE('',#7841);
#386=PLANE('',#7842);
#387=PLANE('',#7843);
#388=PLANE('',#7844);
#389=PLANE('',#7845);
#390=PLANE('',#7846);
#391=PLANE('',#7847);
#392=PLANE('',#7848);
#393=PLANE('',#7849);
#394=PLANE('',#7862);
#395=PLANE('',#7863);
#396=PLANE('',#7866);
#397=PLANE('',#7869);
#398=PLANE('',#7872);
#399=PLANE('',#7873);
#400=PLANE('',#7875);
#401=PLANE('',#7877);
#402=PLANE('',#7879);
#403=PLANE('',#7882);
#404=PLANE('',#7885);
#405=PLANE('',#7887);
#406=PLANE('',#7889);
#407=PLANE('',#7891);
#408=PLANE('',#7892);
#409=PLANE('',#7893);
#410=PLANE('',#7895);
#411=PLANE('',#7897);
#412=PLANE('',#7900);
#413=PLANE('',#7903);
#414=PLANE('',#7907);
#415=PLANE('',#7908);
#416=PLANE('',#7909);
#417=PLANE('',#7910);
#418=PLANE('',#7914);
#419=PLANE('',#7918);
#420=PLANE('',#7919);
#421=PLANE('',#7920);
#422=PLANE('',#7924);
#423=PLANE('',#7925);
#424=PLANE('',#7926);
#425=PLANE('',#7927);
#426=PLANE('',#7928);
#427=PLANE('',#7929);
#428=PLANE('',#7930);
#429=PLANE('',#7931);
#430=PLANE('',#7932);
#431=PLANE('',#7933);
#432=PLANE('',#7934);
#433=PLANE('',#7935);
#434=PLANE('',#7936);
#435=PLANE('',#7937);
#436=PLANE('',#7939);
#437=PLANE('',#7941);
#438=PLANE('',#7943);
#439=PLANE('',#7947);
#440=PLANE('',#7950);
#441=PLANE('',#7955);
#442=PLANE('',#7956);
#443=PLANE('',#7957);
#444=PLANE('',#7959);
#445=PLANE('',#7966);
#446=PLANE('',#7967);
#447=PLANE('',#7968);
#448=PLANE('',#7970);
#449=PLANE('',#7971);
#450=PLANE('',#7973);
#451=PLANE('',#7975);
#452=PLANE('',#7977);
#453=FACE_OUTER_BOUND('',#836,.T.);
#454=FACE_OUTER_BOUND('',#837,.T.);
#455=FACE_OUTER_BOUND('',#838,.T.);
#456=FACE_OUTER_BOUND('',#839,.T.);
#457=FACE_OUTER_BOUND('',#840,.T.);
#458=FACE_OUTER_BOUND('',#841,.T.);
#459=FACE_OUTER_BOUND('',#842,.T.);
#460=FACE_OUTER_BOUND('',#843,.T.);
#461=FACE_OUTER_BOUND('',#844,.T.);
#462=FACE_OUTER_BOUND('',#845,.T.);
#463=FACE_OUTER_BOUND('',#847,.T.);
#464=FACE_OUTER_BOUND('',#848,.T.);
#465=FACE_OUTER_BOUND('',#849,.T.);
#466=FACE_OUTER_BOUND('',#850,.T.);
#467=FACE_OUTER_BOUND('',#851,.T.);
#468=FACE_OUTER_BOUND('',#853,.T.);
#469=FACE_OUTER_BOUND('',#854,.T.);
#470=FACE_OUTER_BOUND('',#856,.T.);
#471=FACE_OUTER_BOUND('',#858,.T.);
#472=FACE_OUTER_BOUND('',#859,.T.);
#473=FACE_OUTER_BOUND('',#861,.T.);
#474=FACE_OUTER_BOUND('',#862,.T.);
#475=FACE_OUTER_BOUND('',#863,.T.);
#476=FACE_OUTER_BOUND('',#864,.T.);
#477=FACE_OUTER_BOUND('',#865,.T.);
#478=FACE_OUTER_BOUND('',#866,.T.);
#479=FACE_OUTER_BOUND('',#867,.T.);
#480=FACE_OUTER_BOUND('',#868,.T.);
#481=FACE_OUTER_BOUND('',#869,.T.);
#482=FACE_OUTER_BOUND('',#871,.T.);
#483=FACE_OUTER_BOUND('',#872,.T.);
#484=FACE_OUTER_BOUND('',#873,.T.);
#485=FACE_OUTER_BOUND('',#874,.T.);
#486=FACE_OUTER_BOUND('',#875,.T.);
#487=FACE_OUTER_BOUND('',#876,.T.);
#488=FACE_OUTER_BOUND('',#878,.T.);
#489=FACE_OUTER_BOUND('',#879,.T.);
#490=FACE_OUTER_BOUND('',#880,.T.);
#491=FACE_OUTER_BOUND('',#881,.T.);
#492=FACE_OUTER_BOUND('',#886,.T.);
#493=FACE_OUTER_BOUND('',#888,.T.);
#494=FACE_OUTER_BOUND('',#890,.T.);
#495=FACE_OUTER_BOUND('',#893,.T.);
#496=FACE_OUTER_BOUND('',#894,.T.);
#497=FACE_OUTER_BOUND('',#895,.T.);
#498=FACE_OUTER_BOUND('',#896,.T.);
#499=FACE_OUTER_BOUND('',#897,.T.);
#500=FACE_OUTER_BOUND('',#898,.T.);
#501=FACE_OUTER_BOUND('',#899,.T.);
#502=FACE_OUTER_BOUND('',#900,.T.);
#503=FACE_OUTER_BOUND('',#902,.T.);
#504=FACE_OUTER_BOUND('',#903,.T.);
#505=FACE_OUTER_BOUND('',#904,.T.);
#506=FACE_OUTER_BOUND('',#905,.T.);
#507=FACE_OUTER_BOUND('',#906,.T.);
#508=FACE_OUTER_BOUND('',#907,.T.);
#509=FACE_OUTER_BOUND('',#908,.T.);
#510=FACE_OUTER_BOUND('',#909,.T.);
#511=FACE_OUTER_BOUND('',#911,.T.);
#512=FACE_OUTER_BOUND('',#916,.T.);
#513=FACE_OUTER_BOUND('',#918,.T.);
#514=FACE_OUTER_BOUND('',#921,.T.);
#515=FACE_OUTER_BOUND('',#922,.T.);
#516=FACE_OUTER_BOUND('',#923,.T.);
#517=FACE_OUTER_BOUND('',#924,.T.);
#518=FACE_OUTER_BOUND('',#925,.T.);
#519=FACE_OUTER_BOUND('',#926,.T.);
#520=FACE_OUTER_BOUND('',#927,.T.);
#521=FACE_OUTER_BOUND('',#928,.T.);
#522=FACE_OUTER_BOUND('',#929,.T.);
#523=FACE_OUTER_BOUND('',#930,.T.);
#524=FACE_OUTER_BOUND('',#931,.T.);
#525=FACE_OUTER_BOUND('',#932,.T.);
#526=FACE_OUTER_BOUND('',#933,.T.);
#527=FACE_OUTER_BOUND('',#934,.T.);
#528=FACE_OUTER_BOUND('',#935,.T.);
#529=FACE_OUTER_BOUND('',#937,.T.);
#530=FACE_OUTER_BOUND('',#939,.T.);
#531=FACE_OUTER_BOUND('',#940,.T.);
#532=FACE_OUTER_BOUND('',#941,.T.);
#533=FACE_OUTER_BOUND('',#942,.T.);
#534=FACE_OUTER_BOUND('',#943,.T.);
#535=FACE_OUTER_BOUND('',#944,.T.);
#536=FACE_OUTER_BOUND('',#945,.T.);
#537=FACE_OUTER_BOUND('',#946,.T.);
#538=FACE_OUTER_BOUND('',#947,.T.);
#539=FACE_OUTER_BOUND('',#948,.T.);
#540=FACE_OUTER_BOUND('',#949,.T.);
#541=FACE_OUTER_BOUND('',#950,.T.);
#542=FACE_OUTER_BOUND('',#951,.T.);
#543=FACE_OUTER_BOUND('',#952,.T.);
#544=FACE_OUTER_BOUND('',#953,.T.);
#545=FACE_OUTER_BOUND('',#954,.T.);
#546=FACE_OUTER_BOUND('',#955,.T.);
#547=FACE_OUTER_BOUND('',#956,.T.);
#548=FACE_OUTER_BOUND('',#957,.T.);
#549=FACE_OUTER_BOUND('',#958,.T.);
#550=FACE_OUTER_BOUND('',#959,.T.);
#551=FACE_OUTER_BOUND('',#961,.T.);
#552=FACE_OUTER_BOUND('',#962,.T.);
#553=FACE_OUTER_BOUND('',#964,.T.);
#554=FACE_OUTER_BOUND('',#965,.T.);
#555=FACE_OUTER_BOUND('',#966,.T.);
#556=FACE_OUTER_BOUND('',#967,.T.);
#557=FACE_OUTER_BOUND('',#968,.T.);
#558=FACE_OUTER_BOUND('',#971,.T.);
#559=FACE_OUTER_BOUND('',#972,.T.);
#560=FACE_OUTER_BOUND('',#973,.T.);
#561=FACE_OUTER_BOUND('',#974,.T.);
#562=FACE_OUTER_BOUND('',#975,.T.);
#563=FACE_OUTER_BOUND('',#976,.T.);
#564=FACE_OUTER_BOUND('',#977,.T.);
#565=FACE_OUTER_BOUND('',#978,.T.);
#566=FACE_OUTER_BOUND('',#980,.T.);
#567=FACE_OUTER_BOUND('',#981,.T.);
#568=FACE_OUTER_BOUND('',#982,.T.);
#569=FACE_OUTER_BOUND('',#983,.T.);
#570=FACE_OUTER_BOUND('',#985,.T.);
#571=FACE_OUTER_BOUND('',#986,.T.);
#572=FACE_OUTER_BOUND('',#988,.T.);
#573=FACE_OUTER_BOUND('',#989,.T.);
#574=FACE_OUTER_BOUND('',#990,.T.);
#575=FACE_OUTER_BOUND('',#992,.T.);
#576=FACE_OUTER_BOUND('',#993,.T.);
#577=FACE_OUTER_BOUND('',#994,.T.);
#578=FACE_OUTER_BOUND('',#995,.T.);
#579=FACE_OUTER_BOUND('',#996,.T.);
#580=FACE_OUTER_BOUND('',#997,.T.);
#581=FACE_OUTER_BOUND('',#998,.T.);
#582=FACE_OUTER_BOUND('',#999,.T.);
#583=FACE_OUTER_BOUND('',#1000,.T.);
#584=FACE_OUTER_BOUND('',#1001,.T.);
#585=FACE_OUTER_BOUND('',#1002,.T.);
#586=FACE_OUTER_BOUND('',#1003,.T.);
#587=FACE_OUTER_BOUND('',#1004,.T.);
#588=FACE_OUTER_BOUND('',#1005,.T.);
#589=FACE_OUTER_BOUND('',#1010,.T.);
#590=FACE_OUTER_BOUND('',#1011,.T.);
#591=FACE_OUTER_BOUND('',#1012,.T.);
#592=FACE_OUTER_BOUND('',#1013,.T.);
#593=FACE_OUTER_BOUND('',#1014,.T.);
#594=FACE_OUTER_BOUND('',#1015,.T.);
#595=FACE_OUTER_BOUND('',#1016,.T.);
#596=FACE_OUTER_BOUND('',#1017,.T.);
#597=FACE_OUTER_BOUND('',#1018,.T.);
#598=FACE_OUTER_BOUND('',#1019,.T.);
#599=FACE_OUTER_BOUND('',#1020,.T.);
#600=FACE_OUTER_BOUND('',#1021,.T.);
#601=FACE_OUTER_BOUND('',#1022,.T.);
#602=FACE_OUTER_BOUND('',#1023,.T.);
#603=FACE_OUTER_BOUND('',#1024,.T.);
#604=FACE_OUTER_BOUND('',#1025,.T.);
#605=FACE_OUTER_BOUND('',#1026,.T.);
#606=FACE_OUTER_BOUND('',#1031,.T.);
#607=FACE_OUTER_BOUND('',#1032,.T.);
#608=FACE_OUTER_BOUND('',#1033,.T.);
#609=FACE_OUTER_BOUND('',#1034,.T.);
#610=FACE_OUTER_BOUND('',#1035,.T.);
#611=FACE_OUTER_BOUND('',#1036,.T.);
#612=FACE_OUTER_BOUND('',#1037,.T.);
#613=FACE_OUTER_BOUND('',#1038,.T.);
#614=FACE_OUTER_BOUND('',#1039,.T.);
#615=FACE_OUTER_BOUND('',#1040,.T.);
#616=FACE_OUTER_BOUND('',#1041,.T.);
#617=FACE_OUTER_BOUND('',#1042,.T.);
#618=FACE_OUTER_BOUND('',#1043,.T.);
#619=FACE_OUTER_BOUND('',#1044,.T.);
#620=FACE_OUTER_BOUND('',#1045,.T.);
#621=FACE_OUTER_BOUND('',#1046,.T.);
#622=FACE_OUTER_BOUND('',#1047,.T.);
#623=FACE_OUTER_BOUND('',#1048,.T.);
#624=FACE_OUTER_BOUND('',#1049,.T.);
#625=FACE_OUTER_BOUND('',#1050,.T.);
#626=FACE_OUTER_BOUND('',#1051,.T.);
#627=FACE_OUTER_BOUND('',#1052,.T.);
#628=FACE_OUTER_BOUND('',#1053,.T.);
#629=FACE_OUTER_BOUND('',#1054,.T.);
#630=FACE_OUTER_BOUND('',#1055,.T.);
#631=FACE_OUTER_BOUND('',#1056,.T.);
#632=FACE_OUTER_BOUND('',#1057,.T.);
#633=FACE_OUTER_BOUND('',#1058,.T.);
#634=FACE_OUTER_BOUND('',#1059,.T.);
#635=FACE_OUTER_BOUND('',#1060,.T.);
#636=FACE_OUTER_BOUND('',#1061,.T.);
#637=FACE_OUTER_BOUND('',#1062,.T.);
#638=FACE_OUTER_BOUND('',#1063,.T.);
#639=FACE_OUTER_BOUND('',#1064,.T.);
#640=FACE_OUTER_BOUND('',#1065,.T.);
#641=FACE_OUTER_BOUND('',#1066,.T.);
#642=FACE_OUTER_BOUND('',#1067,.T.);
#643=FACE_OUTER_BOUND('',#1068,.T.);
#644=FACE_OUTER_BOUND('',#1069,.T.);
#645=FACE_OUTER_BOUND('',#1070,.T.);
#646=FACE_OUTER_BOUND('',#1071,.T.);
#647=FACE_OUTER_BOUND('',#1072,.T.);
#648=FACE_OUTER_BOUND('',#1073,.T.);
#649=FACE_OUTER_BOUND('',#1074,.T.);
#650=FACE_OUTER_BOUND('',#1075,.T.);
#651=FACE_OUTER_BOUND('',#1076,.T.);
#652=FACE_OUTER_BOUND('',#1077,.T.);
#653=FACE_OUTER_BOUND('',#1078,.T.);
#654=FACE_OUTER_BOUND('',#1079,.T.);
#655=FACE_OUTER_BOUND('',#1080,.T.);
#656=FACE_OUTER_BOUND('',#1081,.T.);
#657=FACE_OUTER_BOUND('',#1082,.T.);
#658=FACE_OUTER_BOUND('',#1083,.T.);
#659=FACE_OUTER_BOUND('',#1084,.T.);
#660=FACE_OUTER_BOUND('',#1085,.T.);
#661=FACE_OUTER_BOUND('',#1086,.T.);
#662=FACE_OUTER_BOUND('',#1087,.T.);
#663=FACE_OUTER_BOUND('',#1088,.T.);
#664=FACE_OUTER_BOUND('',#1089,.T.);
#665=FACE_OUTER_BOUND('',#1090,.T.);
#666=FACE_OUTER_BOUND('',#1091,.T.);
#667=FACE_OUTER_BOUND('',#1092,.T.);
#668=FACE_OUTER_BOUND('',#1093,.T.);
#669=FACE_OUTER_BOUND('',#1094,.T.);
#670=FACE_OUTER_BOUND('',#1095,.T.);
#671=FACE_OUTER_BOUND('',#1096,.T.);
#672=FACE_OUTER_BOUND('',#1097,.T.);
#673=FACE_OUTER_BOUND('',#1098,.T.);
#674=FACE_OUTER_BOUND('',#1099,.T.);
#675=FACE_OUTER_BOUND('',#1100,.T.);
#676=FACE_OUTER_BOUND('',#1101,.T.);
#677=FACE_OUTER_BOUND('',#1102,.T.);
#678=FACE_OUTER_BOUND('',#1103,.T.);
#679=FACE_OUTER_BOUND('',#1104,.T.);
#680=FACE_OUTER_BOUND('',#1105,.T.);
#681=FACE_OUTER_BOUND('',#1106,.T.);
#682=FACE_OUTER_BOUND('',#1107,.T.);
#683=FACE_OUTER_BOUND('',#1108,.T.);
#684=FACE_OUTER_BOUND('',#1109,.T.);
#685=FACE_OUTER_BOUND('',#1110,.T.);
#686=FACE_OUTER_BOUND('',#1111,.T.);
#687=FACE_OUTER_BOUND('',#1112,.T.);
#688=FACE_OUTER_BOUND('',#1113,.T.);
#689=FACE_OUTER_BOUND('',#1114,.T.);
#690=FACE_OUTER_BOUND('',#1115,.T.);
#691=FACE_OUTER_BOUND('',#1116,.T.);
#692=FACE_OUTER_BOUND('',#1117,.T.);
#693=FACE_OUTER_BOUND('',#1118,.T.);
#694=FACE_OUTER_BOUND('',#1119,.T.);
#695=FACE_OUTER_BOUND('',#1120,.T.);
#696=FACE_OUTER_BOUND('',#1121,.T.);
#697=FACE_OUTER_BOUND('',#1122,.T.);
#698=FACE_OUTER_BOUND('',#1123,.T.);
#699=FACE_OUTER_BOUND('',#1124,.T.);
#700=FACE_OUTER_BOUND('',#1125,.T.);
#701=FACE_OUTER_BOUND('',#1126,.T.);
#702=FACE_OUTER_BOUND('',#1127,.T.);
#703=FACE_OUTER_BOUND('',#1128,.T.);
#704=FACE_OUTER_BOUND('',#1129,.T.);
#705=FACE_OUTER_BOUND('',#1132,.T.);
#706=FACE_OUTER_BOUND('',#1133,.T.);
#707=FACE_OUTER_BOUND('',#1134,.T.);
#708=FACE_OUTER_BOUND('',#1135,.T.);
#709=FACE_OUTER_BOUND('',#1136,.T.);
#710=FACE_OUTER_BOUND('',#1137,.T.);
#711=FACE_OUTER_BOUND('',#1138,.T.);
#712=FACE_OUTER_BOUND('',#1139,.T.);
#713=FACE_OUTER_BOUND('',#1140,.T.);
#714=FACE_OUTER_BOUND('',#1141,.T.);
#715=FACE_OUTER_BOUND('',#1142,.T.);
#716=FACE_OUTER_BOUND('',#1143,.T.);
#717=FACE_OUTER_BOUND('',#1144,.T.);
#718=FACE_OUTER_BOUND('',#1145,.T.);
#719=FACE_OUTER_BOUND('',#1146,.T.);
#720=FACE_OUTER_BOUND('',#1147,.T.);
#721=FACE_OUTER_BOUND('',#1148,.T.);
#722=FACE_OUTER_BOUND('',#1149,.T.);
#723=FACE_OUTER_BOUND('',#1150,.T.);
#724=FACE_OUTER_BOUND('',#1151,.T.);
#725=FACE_OUTER_BOUND('',#1152,.T.);
#726=FACE_OUTER_BOUND('',#1153,.T.);
#727=FACE_OUTER_BOUND('',#1154,.T.);
#728=FACE_OUTER_BOUND('',#1155,.T.);
#729=FACE_OUTER_BOUND('',#1156,.T.);
#730=FACE_OUTER_BOUND('',#1157,.T.);
#731=FACE_OUTER_BOUND('',#1158,.T.);
#732=FACE_OUTER_BOUND('',#1159,.T.);
#733=FACE_OUTER_BOUND('',#1160,.T.);
#734=FACE_OUTER_BOUND('',#1161,.T.);
#735=FACE_OUTER_BOUND('',#1162,.T.);
#736=FACE_OUTER_BOUND('',#1163,.T.);
#737=FACE_OUTER_BOUND('',#1164,.T.);
#738=FACE_OUTER_BOUND('',#1165,.T.);
#739=FACE_OUTER_BOUND('',#1166,.T.);
#740=FACE_OUTER_BOUND('',#1168,.T.);
#741=FACE_OUTER_BOUND('',#1170,.T.);
#742=FACE_OUTER_BOUND('',#1172,.T.);
#743=FACE_OUTER_BOUND('',#1174,.T.);
#744=FACE_OUTER_BOUND('',#1176,.T.);
#745=FACE_OUTER_BOUND('',#1178,.T.);
#746=FACE_OUTER_BOUND('',#1184,.T.);
#747=FACE_OUTER_BOUND('',#1186,.T.);
#748=FACE_OUTER_BOUND('',#1187,.T.);
#749=FACE_OUTER_BOUND('',#1188,.T.);
#750=FACE_OUTER_BOUND('',#1189,.T.);
#751=FACE_OUTER_BOUND('',#1191,.T.);
#752=FACE_OUTER_BOUND('',#1192,.T.);
#753=FACE_OUTER_BOUND('',#1193,.T.);
#754=FACE_OUTER_BOUND('',#1194,.T.);
#755=FACE_OUTER_BOUND('',#1195,.T.);
#756=FACE_OUTER_BOUND('',#1196,.T.);
#757=FACE_OUTER_BOUND('',#1197,.T.);
#758=FACE_OUTER_BOUND('',#1198,.T.);
#759=FACE_OUTER_BOUND('',#1199,.T.);
#760=FACE_OUTER_BOUND('',#1200,.T.);
#761=FACE_OUTER_BOUND('',#1201,.T.);
#762=FACE_OUTER_BOUND('',#1202,.T.);
#763=FACE_OUTER_BOUND('',#1203,.T.);
#764=FACE_OUTER_BOUND('',#1204,.T.);
#765=FACE_OUTER_BOUND('',#1205,.T.);
#766=FACE_OUTER_BOUND('',#1206,.T.);
#767=FACE_OUTER_BOUND('',#1207,.T.);
#768=FACE_OUTER_BOUND('',#1208,.T.);
#769=FACE_OUTER_BOUND('',#1209,.T.);
#770=FACE_OUTER_BOUND('',#1210,.T.);
#771=FACE_OUTER_BOUND('',#1211,.T.);
#772=FACE_OUTER_BOUND('',#1212,.T.);
#773=FACE_OUTER_BOUND('',#1213,.T.);
#774=FACE_OUTER_BOUND('',#1214,.T.);
#775=FACE_OUTER_BOUND('',#1215,.T.);
#776=FACE_OUTER_BOUND('',#1216,.T.);
#777=FACE_OUTER_BOUND('',#1217,.T.);
#778=FACE_OUTER_BOUND('',#1218,.T.);
#779=FACE_OUTER_BOUND('',#1219,.T.);
#780=FACE_OUTER_BOUND('',#1220,.T.);
#781=FACE_OUTER_BOUND('',#1222,.T.);
#782=FACE_OUTER_BOUND('',#1223,.T.);
#783=FACE_OUTER_BOUND('',#1224,.T.);
#784=FACE_OUTER_BOUND('',#1225,.T.);
#785=FACE_OUTER_BOUND('',#1226,.T.);
#786=FACE_OUTER_BOUND('',#1227,.T.);
#787=FACE_OUTER_BOUND('',#1228,.T.);
#788=FACE_OUTER_BOUND('',#1230,.T.);
#789=FACE_OUTER_BOUND('',#1231,.T.);
#790=FACE_OUTER_BOUND('',#1232,.T.);
#791=FACE_OUTER_BOUND('',#1233,.T.);
#792=FACE_OUTER_BOUND('',#1235,.T.);
#793=FACE_OUTER_BOUND('',#1236,.T.);
#794=FACE_OUTER_BOUND('',#1237,.T.);
#795=FACE_OUTER_BOUND('',#1239,.T.);
#796=FACE_OUTER_BOUND('',#1241,.T.);
#797=FACE_OUTER_BOUND('',#1242,.T.);
#798=FACE_OUTER_BOUND('',#1243,.T.);
#799=FACE_OUTER_BOUND('',#1244,.T.);
#800=FACE_OUTER_BOUND('',#1245,.T.);
#801=FACE_OUTER_BOUND('',#1246,.T.);
#802=FACE_OUTER_BOUND('',#1247,.T.);
#803=FACE_OUTER_BOUND('',#1249,.T.);
#804=FACE_OUTER_BOUND('',#1250,.T.);
#805=FACE_OUTER_BOUND('',#1251,.T.);
#806=FACE_OUTER_BOUND('',#1252,.T.);
#807=FACE_OUTER_BOUND('',#1253,.T.);
#808=FACE_OUTER_BOUND('',#1254,.T.);
#809=FACE_OUTER_BOUND('',#1256,.T.);
#810=FACE_OUTER_BOUND('',#1257,.T.);
#811=FACE_OUTER_BOUND('',#1259,.T.);
#812=FACE_OUTER_BOUND('',#1260,.T.);
#813=FACE_OUTER_BOUND('',#1261,.T.);
#814=FACE_OUTER_BOUND('',#1262,.T.);
#815=FACE_OUTER_BOUND('',#1263,.T.);
#816=FACE_OUTER_BOUND('',#1264,.T.);
#817=FACE_OUTER_BOUND('',#1265,.T.);
#818=FACE_OUTER_BOUND('',#1266,.T.);
#819=FACE_OUTER_BOUND('',#1267,.T.);
#820=FACE_OUTER_BOUND('',#1268,.T.);
#821=FACE_OUTER_BOUND('',#1269,.T.);
#822=FACE_OUTER_BOUND('',#1270,.T.);
#823=FACE_OUTER_BOUND('',#1271,.T.);
#824=FACE_OUTER_BOUND('',#1272,.T.);
#825=FACE_OUTER_BOUND('',#1273,.T.);
#826=FACE_OUTER_BOUND('',#1275,.T.);
#827=FACE_OUTER_BOUND('',#1276,.T.);
#828=FACE_OUTER_BOUND('',#1278,.T.);
#829=FACE_OUTER_BOUND('',#1279,.T.);
#830=FACE_OUTER_BOUND('',#1285,.T.);
#831=FACE_OUTER_BOUND('',#1287,.T.);
#832=FACE_OUTER_BOUND('',#1289,.T.);
#833=FACE_OUTER_BOUND('',#1292,.T.);
#834=FACE_OUTER_BOUND('',#1294,.T.);
#835=FACE_OUTER_BOUND('',#1297,.T.);
#836=EDGE_LOOP('',(#4742,#4743,#4744,#4745));
#837=EDGE_LOOP('',(#4746,#4747,#4748,#4749,#4750));
#838=EDGE_LOOP('',(#4751,#4752,#4753,#4754,#4755,#4756,#4757,#4758,#4759,
#4760));
#839=EDGE_LOOP('',(#4761,#4762,#4763,#4764,#4765,#4766,#4767,#4768,#4769,
#4770,#4771,#4772,#4773));
#840=EDGE_LOOP('',(#4774,#4775,#4776,#4777,#4778,#4779));
#841=EDGE_LOOP('',(#4780,#4781,#4782,#4783,#4784,#4785));
#842=EDGE_LOOP('',(#4786,#4787,#4788,#4789,#4790));
#843=EDGE_LOOP('',(#4791,#4792,#4793,#4794,#4795,#4796));
#844=EDGE_LOOP('',(#4797,#4798,#4799,#4800,#4801));
#845=EDGE_LOOP('',(#4802,#4803,#4804,#4805,#4806,#4807,#4808,#4809,#4810,
#4811,#4812,#4813,#4814,#4815));
#846=EDGE_LOOP('',(#4816,#4817,#4818,#4819));
#847=EDGE_LOOP('',(#4820,#4821,#4822,#4823,#4824,#4825));
#848=EDGE_LOOP('',(#4826,#4827,#4828,#4829,#4830,#4831,#4832,#4833));
#849=EDGE_LOOP('',(#4834,#4835,#4836,#4837,#4838,#4839,#4840,#4841,#4842,
#4843,#4844,#4845));
#850=EDGE_LOOP('',(#4846,#4847,#4848,#4849,#4850,#4851,#4852,#4853,#4854,
#4855));
#851=EDGE_LOOP('',(#4856));
#852=EDGE_LOOP('',(#4857));
#853=EDGE_LOOP('',(#4858,#4859,#4860,#4861));
#854=EDGE_LOOP('',(#4862));
#855=EDGE_LOOP('',(#4863));
#856=EDGE_LOOP('',(#4864));
#857=EDGE_LOOP('',(#4865));
#858=EDGE_LOOP('',(#4866,#4867,#4868,#4869));
#859=EDGE_LOOP('',(#4870));
#860=EDGE_LOOP('',(#4871));
#861=EDGE_LOOP('',(#4872,#4873,#4874,#4875));
#862=EDGE_LOOP('',(#4876,#4877,#4878,#4879));
#863=EDGE_LOOP('',(#4880,#4881,#4882,#4883));
#864=EDGE_LOOP('',(#4884,#4885,#4886,#4887,#4888,#4889,#4890,#4891));
#865=EDGE_LOOP('',(#4892,#4893,#4894,#4895));
#866=EDGE_LOOP('',(#4896,#4897,#4898,#4899,#4900,#4901,#4902,#4903));
#867=EDGE_LOOP('',(#4904,#4905,#4906,#4907));
#868=EDGE_LOOP('',(#4908,#4909,#4910,#4911));
#869=EDGE_LOOP('',(#4912));
#870=EDGE_LOOP('',(#4913));
#871=EDGE_LOOP('',(#4914,#4915,#4916,#4917));
#872=EDGE_LOOP('',(#4918,#4919,#4920,#4921,#4922,#4923));
#873=EDGE_LOOP('',(#4924,#4925,#4926,#4927,#4928));
#874=EDGE_LOOP('',(#4929,#4930,#4931,#4932,#4933,#4934));
#875=EDGE_LOOP('',(#4935,#4936,#4937,#4938));
#876=EDGE_LOOP('',(#4939,#4940,#4941,#4942,#4943,#4944,#4945,#4946,#4947));
#877=EDGE_LOOP('',(#4948,#4949,#4950,#4951));
#878=EDGE_LOOP('',(#4952,#4953,#4954,#4955));
#879=EDGE_LOOP('',(#4956,#4957,#4958,#4959,#4960,#4961,#4962,#4963));
#880=EDGE_LOOP('',(#4964,#4965,#4966,#4967,#4968));
#881=EDGE_LOOP('',(#4969,#4970,#4971,#4972,#4973));
#882=EDGE_LOOP('',(#4974));
#883=EDGE_LOOP('',(#4975));
#884=EDGE_LOOP('',(#4976));
#885=EDGE_LOOP('',(#4977));
#886=EDGE_LOOP('',(#4978));
#887=EDGE_LOOP('',(#4979));
#888=EDGE_LOOP('',(#4980,#4981));
#889=EDGE_LOOP('',(#4982));
#890=EDGE_LOOP('',(#4983,#4984,#4985,#4986,#4987,#4988,#4989,#4990));
#891=EDGE_LOOP('',(#4991,#4992));
#892=EDGE_LOOP('',(#4993,#4994));
#893=EDGE_LOOP('',(#4995,#4996,#4997,#4998,#4999,#5000));
#894=EDGE_LOOP('',(#5001,#5002,#5003,#5004));
#895=EDGE_LOOP('',(#5005,#5006,#5007,#5008));
#896=EDGE_LOOP('',(#5009,#5010,#5011,#5012,#5013,#5014,#5015,#5016,#5017,
#5018,#5019,#5020,#5021,#5022,#5023,#5024));
#897=EDGE_LOOP('',(#5025,#5026,#5027,#5028));
#898=EDGE_LOOP('',(#5029,#5030,#5031,#5032,#5033));
#899=EDGE_LOOP('',(#5034,#5035,#5036,#5037));
#900=EDGE_LOOP('',(#5038));
#901=EDGE_LOOP('',(#5039));
#902=EDGE_LOOP('',(#5040,#5041,#5042,#5043));
#903=EDGE_LOOP('',(#5044,#5045,#5046,#5047,#5048,#5049));
#904=EDGE_LOOP('',(#5050,#5051,#5052,#5053,#5054));
#905=EDGE_LOOP('',(#5055,#5056,#5057,#5058,#5059,#5060));
#906=EDGE_LOOP('',(#5061,#5062,#5063,#5064));
#907=EDGE_LOOP('',(#5065,#5066,#5067,#5068));
#908=EDGE_LOOP('',(#5069,#5070,#5071,#5072,#5073));
#909=EDGE_LOOP('',(#5074,#5075));
#910=EDGE_LOOP('',(#5076));
#911=EDGE_LOOP('',(#5077,#5078,#5079,#5080,#5081,#5082,#5083,#5084,#5085,
#5086,#5087,#5088,#5089,#5090,#5091,#5092,#5093,#5094,#5095,#5096));
#912=EDGE_LOOP('',(#5097));
#913=EDGE_LOOP('',(#5098));
#914=EDGE_LOOP('',(#5099));
#915=EDGE_LOOP('',(#5100));
#916=EDGE_LOOP('',(#5101));
#917=EDGE_LOOP('',(#5102));
#918=EDGE_LOOP('',(#5103,#5104,#5105,#5106,#5107,#5108,#5109,#5110));
#919=EDGE_LOOP('',(#5111,#5112));
#920=EDGE_LOOP('',(#5113,#5114));
#921=EDGE_LOOP('',(#5115,#5116,#5117,#5118,#5119,#5120));
#922=EDGE_LOOP('',(#5121,#5122,#5123,#5124));
#923=EDGE_LOOP('',(#5125,#5126,#5127,#5128,#5129,#5130,#5131,#5132,#5133,
#5134,#5135,#5136,#5137,#5138,#5139,#5140));
#924=EDGE_LOOP('',(#5141,#5142,#5143,#5144));
#925=EDGE_LOOP('',(#5145,#5146,#5147,#5148));
#926=EDGE_LOOP('',(#5149,#5150,#5151,#5152,#5153));
#927=EDGE_LOOP('',(#5154,#5155,#5156,#5157));
#928=EDGE_LOOP('',(#5158,#5159,#5160,#5161));
#929=EDGE_LOOP('',(#5162,#5163,#5164,#5165));
#930=EDGE_LOOP('',(#5166,#5167,#5168,#5169));
#931=EDGE_LOOP('',(#5170,#5171,#5172,#5173));
#932=EDGE_LOOP('',(#5174,#5175,#5176,#5177));
#933=EDGE_LOOP('',(#5178,#5179,#5180,#5181));
#934=EDGE_LOOP('',(#5182,#5183,#5184,#5185));
#935=EDGE_LOOP('',(#5186,#5187,#5188,#5189));
#936=EDGE_LOOP('',(#5190,#5191,#5192,#5193));
#937=EDGE_LOOP('',(#5194,#5195,#5196,#5197));
#938=EDGE_LOOP('',(#5198,#5199,#5200,#5201));
#939=EDGE_LOOP('',(#5202,#5203,#5204,#5205));
#940=EDGE_LOOP('',(#5206,#5207,#5208,#5209));
#941=EDGE_LOOP('',(#5210,#5211,#5212,#5213));
#942=EDGE_LOOP('',(#5214,#5215,#5216,#5217));
#943=EDGE_LOOP('',(#5218,#5219,#5220,#5221));
#944=EDGE_LOOP('',(#5222,#5223,#5224,#5225));
#945=EDGE_LOOP('',(#5226,#5227,#5228,#5229));
#946=EDGE_LOOP('',(#5230,#5231,#5232,#5233));
#947=EDGE_LOOP('',(#5234,#5235,#5236,#5237));
#948=EDGE_LOOP('',(#5238,#5239,#5240,#5241));
#949=EDGE_LOOP('',(#5242,#5243,#5244,#5245));
#950=EDGE_LOOP('',(#5246,#5247,#5248,#5249));
#951=EDGE_LOOP('',(#5250,#5251,#5252,#5253));
#952=EDGE_LOOP('',(#5254,#5255,#5256,#5257));
#953=EDGE_LOOP('',(#5258,#5259,#5260,#5261));
#954=EDGE_LOOP('',(#5262,#5263));
#955=EDGE_LOOP('',(#5264,#5265,#5266,#5267,#5268,#5269));
#956=EDGE_LOOP('',(#5270,#5271,#5272));
#957=EDGE_LOOP('',(#5273,#5274,#5275,#5276));
#958=EDGE_LOOP('',(#5277,#5278,#5279,#5280,#5281,#5282,#5283,#5284));
#959=EDGE_LOOP('',(#5285,#5286,#5287));
#960=EDGE_LOOP('',(#5288));
#961=EDGE_LOOP('',(#5289,#5290,#5291,#5292));
#962=EDGE_LOOP('',(#5293,#5294,#5295));
#963=EDGE_LOOP('',(#5296));
#964=EDGE_LOOP('',(#5297,#5298,#5299,#5300,#5301));
#965=EDGE_LOOP('',(#5302,#5303,#5304,#5305,#5306));
#966=EDGE_LOOP('',(#5307,#5308,#5309));
#967=EDGE_LOOP('',(#5310,#5311,#5312,#5313));
#968=EDGE_LOOP('',(#5314,#5315,#5316,#5317,#5318,#5319,#5320,#5321,#5322,
#5323,#5324,#5325));
#969=EDGE_LOOP('',(#5326));
#970=EDGE_LOOP('',(#5327));
#971=EDGE_LOOP('',(#5328,#5329,#5330));
#972=EDGE_LOOP('',(#5331,#5332,#5333,#5334,#5335));
#973=EDGE_LOOP('',(#5336,#5337,#5338,#5339,#5340,#5341,#5342,#5343));
#974=EDGE_LOOP('',(#5344,#5345,#5346,#5347,#5348,#5349,#5350));
#975=EDGE_LOOP('',(#5351,#5352,#5353,#5354,#5355,#5356,#5357,#5358));
#976=EDGE_LOOP('',(#5359,#5360,#5361,#5362,#5363,#5364,#5365,#5366,#5367));
#977=EDGE_LOOP('',(#5368,#5369,#5370,#5371,#5372));
#978=EDGE_LOOP('',(#5373));
#979=EDGE_LOOP('',(#5374));
#980=EDGE_LOOP('',(#5375,#5376));
#981=EDGE_LOOP('',(#5377,#5378,#5379,#5380));
#982=EDGE_LOOP('',(#5381,#5382,#5383,#5384));
#983=EDGE_LOOP('',(#5385));
#984=EDGE_LOOP('',(#5386));
#985=EDGE_LOOP('',(#5387,#5388,#5389));
#986=EDGE_LOOP('',(#5390));
#987=EDGE_LOOP('',(#5391));
#988=EDGE_LOOP('',(#5392,#5393,#5394,#5395,#5396,#5397,#5398,#5399,#5400));
#989=EDGE_LOOP('',(#5401,#5402,#5403,#5404,#5405));
#990=EDGE_LOOP('',(#5406));
#991=EDGE_LOOP('',(#5407));
#992=EDGE_LOOP('',(#5408,#5409,#5410,#5411));
#993=EDGE_LOOP('',(#5412,#5413,#5414,#5415));
#994=EDGE_LOOP('',(#5416,#5417,#5418,#5419));
#995=EDGE_LOOP('',(#5420,#5421,#5422,#5423));
#996=EDGE_LOOP('',(#5424,#5425,#5426,#5427));
#997=EDGE_LOOP('',(#5428,#5429,#5430,#5431,#5432,#5433,#5434,#5435));
#998=EDGE_LOOP('',(#5436,#5437,#5438,#5439));
#999=EDGE_LOOP('',(#5440,#5441,#5442,#5443));
#1000=EDGE_LOOP('',(#5444,#5445,#5446,#5447));
#1001=EDGE_LOOP('',(#5448,#5449,#5450,#5451));
#1002=EDGE_LOOP('',(#5452,#5453,#5454,#5455,#5456,#5457,#5458,#5459));
#1003=EDGE_LOOP('',(#5460,#5461,#5462,#5463));
#1004=EDGE_LOOP('',(#5464,#5465,#5466,#5467));
#1005=EDGE_LOOP('',(#5468,#5469,#5470,#5471,#5472,#5473,#5474,#5475,#5476,
#5477,#5478,#5479,#5480,#5481,#5482,#5483,#5484,#5485,#5486,#5487,#5488,
#5489));
#1006=EDGE_LOOP('',(#5490));
#1007=EDGE_LOOP('',(#5491));
#1008=EDGE_LOOP('',(#5492));
#1009=EDGE_LOOP('',(#5493));
#1010=EDGE_LOOP('',(#5494,#5495,#5496,#5497));
#1011=EDGE_LOOP('',(#5498,#5499,#5500,#5501));
#1012=EDGE_LOOP('',(#5502,#5503,#5504,#5505));
#1013=EDGE_LOOP('',(#5506,#5507,#5508,#5509));
#1014=EDGE_LOOP('',(#5510,#5511,#5512,#5513));
#1015=EDGE_LOOP('',(#5514,#5515,#5516,#5517));
#1016=EDGE_LOOP('',(#5518,#5519,#5520,#5521,#5522,#5523,#5524,#5525));
#1017=EDGE_LOOP('',(#5526,#5527,#5528,#5529));
#1018=EDGE_LOOP('',(#5530,#5531,#5532,#5533));
#1019=EDGE_LOOP('',(#5534,#5535,#5536,#5537));
#1020=EDGE_LOOP('',(#5538,#5539,#5540,#5541));
#1021=EDGE_LOOP('',(#5542,#5543,#5544,#5545,#5546,#5547,#5548,#5549));
#1022=EDGE_LOOP('',(#5550,#5551,#5552,#5553));
#1023=EDGE_LOOP('',(#5554,#5555,#5556,#5557));
#1024=EDGE_LOOP('',(#5558,#5559,#5560,#5561,#5562,#5563,#5564,#5565));
#1025=EDGE_LOOP('',(#5566,#5567,#5568,#5569));
#1026=EDGE_LOOP('',(#5570,#5571,#5572,#5573,#5574,#5575,#5576,#5577,#5578,
#5579,#5580,#5581,#5582,#5583,#5584,#5585,#5586,#5587,#5588,#5589,#5590,
#5591));
#1027=EDGE_LOOP('',(#5592));
#1028=EDGE_LOOP('',(#5593));
#1029=EDGE_LOOP('',(#5594));
#1030=EDGE_LOOP('',(#5595));
#1031=EDGE_LOOP('',(#5596,#5597,#5598,#5599));
#1032=EDGE_LOOP('',(#5600,#5601,#5602,#5603,#5604,#5605,#5606,#5607));
#1033=EDGE_LOOP('',(#5608,#5609,#5610,#5611,#5612,#5613));
#1034=EDGE_LOOP('',(#5614,#5615,#5616,#5617));
#1035=EDGE_LOOP('',(#5618,#5619,#5620,#5621));
#1036=EDGE_LOOP('',(#5622,#5623,#5624,#5625,#5626,#5627,#5628,#5629,#5630,
#5631,#5632,#5633));
#1037=EDGE_LOOP('',(#5634,#5635,#5636,#5637,#5638,#5639,#5640,#5641));
#1038=EDGE_LOOP('',(#5642,#5643,#5644,#5645));
#1039=EDGE_LOOP('',(#5646,#5647,#5648,#5649,#5650,#5651));
#1040=EDGE_LOOP('',(#5652,#5653,#5654,#5655,#5656));
#1041=EDGE_LOOP('',(#5657,#5658,#5659,#5660));
#1042=EDGE_LOOP('',(#5661,#5662,#5663,#5664,#5665,#5666,#5667));
#1043=EDGE_LOOP('',(#5668,#5669,#5670,#5671));
#1044=EDGE_LOOP('',(#5672,#5673,#5674,#5675));
#1045=EDGE_LOOP('',(#5676,#5677,#5678,#5679));
#1046=EDGE_LOOP('',(#5680,#5681,#5682,#5683,#5684,#5685,#5686,#5687));
#1047=EDGE_LOOP('',(#5688,#5689,#5690,#5691,#5692,#5693,#5694,#5695,#5696,
#5697,#5698,#5699));
#1048=EDGE_LOOP('',(#5700,#5701,#5702,#5703,#5704));
#1049=EDGE_LOOP('',(#5705,#5706,#5707,#5708,#5709));
#1050=EDGE_LOOP('',(#5710,#5711,#5712,#5713,#5714));
#1051=EDGE_LOOP('',(#5715,#5716,#5717,#5718));
#1052=EDGE_LOOP('',(#5719,#5720,#5721,#5722,#5723,#5724,#5725,#5726,#5727,
#5728,#5729,#5730));
#1053=EDGE_LOOP('',(#5731,#5732,#5733,#5734));
#1054=EDGE_LOOP('',(#5735,#5736,#5737,#5738));
#1055=EDGE_LOOP('',(#5739,#5740,#5741,#5742,#5743,#5744,#5745,#5746,#5747,
#5748,#5749,#5750));
#1056=EDGE_LOOP('',(#5751,#5752,#5753,#5754,#5755,#5756));
#1057=EDGE_LOOP('',(#5757,#5758,#5759,#5760));
#1058=EDGE_LOOP('',(#5761,#5762,#5763,#5764));
#1059=EDGE_LOOP('',(#5765,#5766,#5767,#5768));
#1060=EDGE_LOOP('',(#5769,#5770,#5771,#5772));
#1061=EDGE_LOOP('',(#5773,#5774,#5775,#5776));
#1062=EDGE_LOOP('',(#5777,#5778,#5779,#5780));
#1063=EDGE_LOOP('',(#5781,#5782,#5783,#5784,#5785,#5786,#5787,#5788,#5789,
#5790,#5791,#5792));
#1064=EDGE_LOOP('',(#5793,#5794,#5795,#5796));
#1065=EDGE_LOOP('',(#5797,#5798,#5799,#5800));
#1066=EDGE_LOOP('',(#5801,#5802,#5803,#5804,#5805,#5806));
#1067=EDGE_LOOP('',(#5807,#5808,#5809,#5810));
#1068=EDGE_LOOP('',(#5811,#5812,#5813));
#1069=EDGE_LOOP('',(#5814,#5815,#5816,#5817));
#1070=EDGE_LOOP('',(#5818,#5819,#5820,#5821,#5822,#5823,#5824,#5825,#5826,
#5827,#5828,#5829));
#1071=EDGE_LOOP('',(#5830,#5831,#5832,#5833,#5834,#5835,#5836,#5837));
#1072=EDGE_LOOP('',(#5838,#5839,#5840,#5841,#5842));
#1073=EDGE_LOOP('',(#5843,#5844,#5845,#5846,#5847,#5848,#5849,#5850));
#1074=EDGE_LOOP('',(#5851,#5852,#5853,#5854));
#1075=EDGE_LOOP('',(#5855,#5856,#5857,#5858,#5859,#5860));
#1076=EDGE_LOOP('',(#5861,#5862,#5863,#5864));
#1077=EDGE_LOOP('',(#5865,#5866));
#1078=EDGE_LOOP('',(#5867,#5868));
#1079=EDGE_LOOP('',(#5869,#5870,#5871,#5872,#5873));
#1080=EDGE_LOOP('',(#5874,#5875,#5876,#5877));
#1081=EDGE_LOOP('',(#5878,#5879,#5880,#5881));
#1082=EDGE_LOOP('',(#5882,#5883,#5884,#5885,#5886,#5887));
#1083=EDGE_LOOP('',(#5888,#5889,#5890,#5891,#5892,#5893));
#1084=EDGE_LOOP('',(#5894,#5895,#5896,#5897));
#1085=EDGE_LOOP('',(#5898,#5899,#5900,#5901));
#1086=EDGE_LOOP('',(#5902,#5903,#5904,#5905));
#1087=EDGE_LOOP('',(#5906,#5907,#5908,#5909));
#1088=EDGE_LOOP('',(#5910,#5911,#5912,#5913));
#1089=EDGE_LOOP('',(#5914,#5915,#5916,#5917,#5918,#5919,#5920,#5921,#5922,
#5923,#5924,#5925));
#1090=EDGE_LOOP('',(#5926,#5927,#5928,#5929,#5930));
#1091=EDGE_LOOP('',(#5931,#5932,#5933,#5934));
#1092=EDGE_LOOP('',(#5935,#5936));
#1093=EDGE_LOOP('',(#5937,#5938,#5939,#5940));
#1094=EDGE_LOOP('',(#5941,#5942,#5943,#5944,#5945,#5946));
#1095=EDGE_LOOP('',(#5947,#5948,#5949,#5950));
#1096=EDGE_LOOP('',(#5951,#5952,#5953,#5954));
#1097=EDGE_LOOP('',(#5955,#5956,#5957,#5958));
#1098=EDGE_LOOP('',(#5959,#5960,#5961,#5962,#5963,#5964));
#1099=EDGE_LOOP('',(#5965,#5966,#5967,#5968));
#1100=EDGE_LOOP('',(#5969,#5970,#5971,#5972));
#1101=EDGE_LOOP('',(#5973,#5974,#5975,#5976,#5977,#5978));
#1102=EDGE_LOOP('',(#5979,#5980,#5981,#5982));
#1103=EDGE_LOOP('',(#5983,#5984,#5985,#5986,#5987));
#1104=EDGE_LOOP('',(#5988,#5989,#5990,#5991));
#1105=EDGE_LOOP('',(#5992,#5993));
#1106=EDGE_LOOP('',(#5994,#5995,#5996,#5997));
#1107=EDGE_LOOP('',(#5998,#5999,#6000,#6001));
#1108=EDGE_LOOP('',(#6002,#6003,#6004,#6005));
#1109=EDGE_LOOP('',(#6006,#6007,#6008,#6009));
#1110=EDGE_LOOP('',(#6010,#6011,#6012,#6013));
#1111=EDGE_LOOP('',(#6014,#6015,#6016,#6017));
#1112=EDGE_LOOP('',(#6018,#6019,#6020,#6021));
#1113=EDGE_LOOP('',(#6022,#6023,#6024,#6025));
#1114=EDGE_LOOP('',(#6026,#6027,#6028,#6029));
#1115=EDGE_LOOP('',(#6030,#6031,#6032));
#1116=EDGE_LOOP('',(#6033,#6034,#6035,#6036));
#1117=EDGE_LOOP('',(#6037,#6038,#6039,#6040));
#1118=EDGE_LOOP('',(#6041,#6042,#6043,#6044,#6045,#6046,#6047));
#1119=EDGE_LOOP('',(#6048,#6049,#6050,#6051));
#1120=EDGE_LOOP('',(#6052,#6053,#6054,#6055,#6056,#6057,#6058));
#1121=EDGE_LOOP('',(#6059,#6060,#6061,#6062));
#1122=EDGE_LOOP('',(#6063,#6064,#6065,#6066));
#1123=EDGE_LOOP('',(#6067,#6068,#6069,#6070));
#1124=EDGE_LOOP('',(#6071,#6072,#6073,#6074));
#1125=EDGE_LOOP('',(#6075,#6076,#6077));
#1126=EDGE_LOOP('',(#6078,#6079,#6080));
#1127=EDGE_LOOP('',(#6081,#6082));
#1128=EDGE_LOOP('',(#6083,#6084,#6085,#6086,#6087,#6088,#6089,#6090));
#1129=EDGE_LOOP('',(#6091,#6092,#6093,#6094,#6095,#6096,#6097,#6098,#6099,
#6100));
#1130=EDGE_LOOP('',(#6101));
#1131=EDGE_LOOP('',(#6102));
#1132=EDGE_LOOP('',(#6103,#6104,#6105,#6106));
#1133=EDGE_LOOP('',(#6107,#6108,#6109,#6110,#6111));
#1134=EDGE_LOOP('',(#6112,#6113,#6114,#6115));
#1135=EDGE_LOOP('',(#6116,#6117,#6118,#6119,#6120));
#1136=EDGE_LOOP('',(#6121,#6122,#6123,#6124));
#1137=EDGE_LOOP('',(#6125,#6126,#6127,#6128,#6129));
#1138=EDGE_LOOP('',(#6130,#6131,#6132,#6133));
#1139=EDGE_LOOP('',(#6134,#6135,#6136,#6137,#6138));
#1140=EDGE_LOOP('',(#6139,#6140,#6141,#6142));
#1141=EDGE_LOOP('',(#6143,#6144,#6145,#6146));
#1142=EDGE_LOOP('',(#6147,#6148,#6149,#6150));
#1143=EDGE_LOOP('',(#6151,#6152,#6153,#6154));
#1144=EDGE_LOOP('',(#6155,#6156,#6157,#6158));
#1145=EDGE_LOOP('',(#6159,#6160,#6161,#6162));
#1146=EDGE_LOOP('',(#6163,#6164,#6165,#6166));
#1147=EDGE_LOOP('',(#6167,#6168,#6169,#6170));
#1148=EDGE_LOOP('',(#6171,#6172,#6173,#6174,#6175,#6176,#6177,#6178));
#1149=EDGE_LOOP('',(#6179,#6180,#6181,#6182,#6183,#6184,#6185,#6186));
#1150=EDGE_LOOP('',(#6187,#6188,#6189,#6190));
#1151=EDGE_LOOP('',(#6191,#6192,#6193,#6194));
#1152=EDGE_LOOP('',(#6195,#6196,#6197,#6198));
#1153=EDGE_LOOP('',(#6199,#6200,#6201,#6202));
#1154=EDGE_LOOP('',(#6203,#6204,#6205,#6206));
#1155=EDGE_LOOP('',(#6207,#6208,#6209,#6210));
#1156=EDGE_LOOP('',(#6211,#6212,#6213,#6214));
#1157=EDGE_LOOP('',(#6215,#6216,#6217,#6218));
#1158=EDGE_LOOP('',(#6219,#6220,#6221,#6222));
#1159=EDGE_LOOP('',(#6223,#6224,#6225,#6226));
#1160=EDGE_LOOP('',(#6227,#6228,#6229,#6230));
#1161=EDGE_LOOP('',(#6231,#6232,#6233,#6234));
#1162=EDGE_LOOP('',(#6235,#6236,#6237,#6238));
#1163=EDGE_LOOP('',(#6239,#6240,#6241,#6242));
#1164=EDGE_LOOP('',(#6243,#6244,#6245,#6246));
#1165=EDGE_LOOP('',(#6247,#6248,#6249,#6250));
#1166=EDGE_LOOP('',(#6251,#6252,#6253,#6254));
#1167=EDGE_LOOP('',(#6255));
#1168=EDGE_LOOP('',(#6256,#6257,#6258,#6259));
#1169=EDGE_LOOP('',(#6260));
#1170=EDGE_LOOP('',(#6261,#6262,#6263,#6264));
#1171=EDGE_LOOP('',(#6265));
#1172=EDGE_LOOP('',(#6266,#6267,#6268,#6269));
#1173=EDGE_LOOP('',(#6270));
#1174=EDGE_LOOP('',(#6271,#6272,#6273,#6274));
#1175=EDGE_LOOP('',(#6275));
#1176=EDGE_LOOP('',(#6276,#6277,#6278,#6279));
#1177=EDGE_LOOP('',(#6280));
#1178=EDGE_LOOP('',(#6281,#6282,#6283,#6284,#6285,#6286,#6287,#6288));
#1179=EDGE_LOOP('',(#6289,#6290,#6291,#6292,#6293,#6294,#6295,#6296));
#1180=EDGE_LOOP('',(#6297,#6298,#6299,#6300,#6301,#6302,#6303,#6304));
#1181=EDGE_LOOP('',(#6305,#6306,#6307,#6308,#6309,#6310,#6311,#6312));
#1182=EDGE_LOOP('',(#6313,#6314,#6315,#6316,#6317,#6318,#6319,#6320));
#1183=EDGE_LOOP('',(#6321,#6322,#6323,#6324,#6325,#6326,#6327,#6328));
#1184=EDGE_LOOP('',(#6329,#6330,#6331,#6332));
#1185=EDGE_LOOP('',(#6333));
#1186=EDGE_LOOP('',(#6334,#6335,#6336,#6337,#6338,#6339,#6340,#6341));
#1187=EDGE_LOOP('',(#6342,#6343,#6344,#6345,#6346,#6347,#6348,#6349));
#1188=EDGE_LOOP('',(#6350,#6351,#6352,#6353,#6354,#6355,#6356,#6357));
#1189=EDGE_LOOP('',(#6358,#6359,#6360,#6361));
#1190=EDGE_LOOP('',(#6362));
#1191=EDGE_LOOP('',(#6363,#6364,#6365,#6366));
#1192=EDGE_LOOP('',(#6367,#6368,#6369,#6370));
#1193=EDGE_LOOP('',(#6371,#6372,#6373,#6374));
#1194=EDGE_LOOP('',(#6375,#6376,#6377,#6378));
#1195=EDGE_LOOP('',(#6379,#6380,#6381,#6382));
#1196=EDGE_LOOP('',(#6383,#6384,#6385,#6386));
#1197=EDGE_LOOP('',(#6387,#6388,#6389,#6390));
#1198=EDGE_LOOP('',(#6391,#6392,#6393,#6394));
#1199=EDGE_LOOP('',(#6395,#6396,#6397,#6398));
#1200=EDGE_LOOP('',(#6399,#6400,#6401,#6402));
#1201=EDGE_LOOP('',(#6403,#6404,#6405,#6406));
#1202=EDGE_LOOP('',(#6407,#6408,#6409,#6410));
#1203=EDGE_LOOP('',(#6411,#6412,#6413,#6414));
#1204=EDGE_LOOP('',(#6415,#6416,#6417,#6418));
#1205=EDGE_LOOP('',(#6419,#6420,#6421,#6422));
#1206=EDGE_LOOP('',(#6423,#6424,#6425,#6426));
#1207=EDGE_LOOP('',(#6427,#6428,#6429,#6430,#6431,#6432,#6433,#6434));
#1208=EDGE_LOOP('',(#6435,#6436,#6437));
#1209=EDGE_LOOP('',(#6438,#6439,#6440,#6441));
#1210=EDGE_LOOP('',(#6442,#6443,#6444,#6445));
#1211=EDGE_LOOP('',(#6446,#6447,#6448,#6449));
#1212=EDGE_LOOP('',(#6450,#6451,#6452,#6453));
#1213=EDGE_LOOP('',(#6454,#6455,#6456,#6457));
#1214=EDGE_LOOP('',(#6458,#6459,#6460,#6461));
#1215=EDGE_LOOP('',(#6462,#6463,#6464,#6465));
#1216=EDGE_LOOP('',(#6466,#6467,#6468,#6469));
#1217=EDGE_LOOP('',(#6470,#6471,#6472,#6473));
#1218=EDGE_LOOP('',(#6474,#6475,#6476,#6477));
#1219=EDGE_LOOP('',(#6478,#6479,#6480,#6481));
#1220=EDGE_LOOP('',(#6482,#6483,#6484,#6485));
#1221=EDGE_LOOP('',(#6486));
#1222=EDGE_LOOP('',(#6487,#6488,#6489,#6490));
#1223=EDGE_LOOP('',(#6491,#6492,#6493,#6494));
#1224=EDGE_LOOP('',(#6495,#6496,#6497,#6498));
#1225=EDGE_LOOP('',(#6499,#6500,#6501,#6502));
#1226=EDGE_LOOP('',(#6503,#6504,#6505,#6506));
#1227=EDGE_LOOP('',(#6507,#6508,#6509,#6510));
#1228=EDGE_LOOP('',(#6511,#6512,#6513,#6514));
#1229=EDGE_LOOP('',(#6515));
#1230=EDGE_LOOP('',(#6516,#6517,#6518,#6519));
#1231=EDGE_LOOP('',(#6520,#6521,#6522,#6523));
#1232=EDGE_LOOP('',(#6524,#6525,#6526,#6527));
#1233=EDGE_LOOP('',(#6528,#6529,#6530,#6531));
#1234=EDGE_LOOP('',(#6532));
#1235=EDGE_LOOP('',(#6533,#6534,#6535,#6536));
#1236=EDGE_LOOP('',(#6537,#6538,#6539,#6540));
#1237=EDGE_LOOP('',(#6541,#6542,#6543,#6544));
#1238=EDGE_LOOP('',(#6545));
#1239=EDGE_LOOP('',(#6546,#6547,#6548,#6549));
#1240=EDGE_LOOP('',(#6550));
#1241=EDGE_LOOP('',(#6551,#6552,#6553,#6554));
#1242=EDGE_LOOP('',(#6555,#6556,#6557,#6558));
#1243=EDGE_LOOP('',(#6559,#6560,#6561,#6562));
#1244=EDGE_LOOP('',(#6563,#6564,#6565,#6566));
#1245=EDGE_LOOP('',(#6567,#6568,#6569,#6570));
#1246=EDGE_LOOP('',(#6571,#6572,#6573,#6574));
#1247=EDGE_LOOP('',(#6575,#6576,#6577,#6578));
#1248=EDGE_LOOP('',(#6579));
#1249=EDGE_LOOP('',(#6580,#6581,#6582,#6583,#6584,#6585,#6586,#6587));
#1250=EDGE_LOOP('',(#6588,#6589,#6590,#6591,#6592,#6593,#6594,#6595));
#1251=EDGE_LOOP('',(#6596,#6597,#6598,#6599,#6600,#6601,#6602,#6603));
#1252=EDGE_LOOP('',(#6604,#6605,#6606,#6607,#6608,#6609,#6610,#6611));
#1253=EDGE_LOOP('',(#6612,#6613,#6614,#6615));
#1254=EDGE_LOOP('',(#6616,#6617,#6618,#6619));
#1255=EDGE_LOOP('',(#6620));
#1256=EDGE_LOOP('',(#6621,#6622,#6623,#6624));
#1257=EDGE_LOOP('',(#6625,#6626,#6627,#6628));
#1258=EDGE_LOOP('',(#6629));
#1259=EDGE_LOOP('',(#6630,#6631,#6632,#6633));
#1260=EDGE_LOOP('',(#6634,#6635,#6636,#6637));
#1261=EDGE_LOOP('',(#6638,#6639,#6640,#6641));
#1262=EDGE_LOOP('',(#6642,#6643,#6644,#6645));
#1263=EDGE_LOOP('',(#6646,#6647,#6648,#6649));
#1264=EDGE_LOOP('',(#6650,#6651,#6652,#6653));
#1265=EDGE_LOOP('',(#6654,#6655,#6656,#6657));
#1266=EDGE_LOOP('',(#6658,#6659,#6660,#6661));
#1267=EDGE_LOOP('',(#6662,#6663,#6664,#6665));
#1268=EDGE_LOOP('',(#6666,#6667,#6668,#6669));
#1269=EDGE_LOOP('',(#6670,#6671,#6672,#6673));
#1270=EDGE_LOOP('',(#6674,#6675,#6676,#6677));
#1271=EDGE_LOOP('',(#6678,#6679,#6680,#6681));
#1272=EDGE_LOOP('',(#6682,#6683,#6684));
#1273=EDGE_LOOP('',(#6685));
#1274=EDGE_LOOP('',(#6686));
#1275=EDGE_LOOP('',(#6687,#6688,#6689,#6690,#6691,#6692));
#1276=EDGE_LOOP('',(#6693));
#1277=EDGE_LOOP('',(#6694,#6695));
#1278=EDGE_LOOP('',(#6696,#6697,#6698,#6699));
#1279=EDGE_LOOP('',(#6700,#6701,#6702,#6703,#6704,#6705,#6706,#6707,#6708,
#6709,#6710,#6711,#6712,#6713,#6714,#6715,#6716,#6717,#6718,#6719,#6720,
#6721,#6722));
#1280=EDGE_LOOP('',(#6723));
#1281=EDGE_LOOP('',(#6724));
#1282=EDGE_LOOP('',(#6725));
#1283=EDGE_LOOP('',(#6726,#6727,#6728));
#1284=EDGE_LOOP('',(#6729));
#1285=EDGE_LOOP('',(#6730));
#1286=EDGE_LOOP('',(#6731,#6732));
#1287=EDGE_LOOP('',(#6733,#6734,#6735,#6736));
#1288=EDGE_LOOP('',(#6737,#6738,#6739,#6740));
#1289=EDGE_LOOP('',(#6741,#6742,#6743,#6744,#6745,#6746));
#1290=EDGE_LOOP('',(#6747));
#1291=EDGE_LOOP('',(#6748,#6749));
#1292=EDGE_LOOP('',(#6750,#6751,#6752,#6753));
#1293=EDGE_LOOP('',(#6754,#6755,#6756,#6757));
#1294=EDGE_LOOP('',(#6758,#6759,#6760,#6761,#6762,#6763));
#1295=EDGE_LOOP('',(#6764,#6765));
#1296=EDGE_LOOP('',(#6766,#6767));
#1297=EDGE_LOOP('',(#6768,#6769,#6770,#6771,#6772,#6773,#6774,#6775));
#1298=EDGE_LOOP('',(#6776,#6777,#6778,#6779,#6780,#6781,#6782,#6783));
#1299=EDGE_LOOP('',(#6784,#6785,#6786,#6787,#6788,#6789,#6790,#6791));
#1300=EDGE_LOOP('',(#6792,#6793,#6794,#6795,#6796,#6797,#6798,#6799));
#1301=EDGE_LOOP('',(#6800,#6801,#6802,#6803,#6804,#6805,#6806,#6807));
#1302=EDGE_LOOP('',(#6808,#6809,#6810,#6811,#6812,#6813,#6814,#6815));
#1303=CIRCLE('',#7344,4.);
#1304=CIRCLE('',#7346,4.);
#1305=CIRCLE('',#7348,36.);
#1306=CIRCLE('',#7349,36.);
#1307=CIRCLE('',#7351,4.);
#1308=CIRCLE('',#7352,4.);
#1309=CIRCLE('',#7353,4.);
#1310=CIRCLE('',#7354,4.);
#1311=CIRCLE('',#7355,4.00000000000001);
#1312=CIRCLE('',#7357,4.);
#1313=CIRCLE('',#7359,5.);
#1314=CIRCLE('',#7360,5.);
#1315=CIRCLE('',#7361,5.);
#1316=CIRCLE('',#7363,5.);
#1317=CIRCLE('',#7365,5.);
#1318=CIRCLE('',#7366,5.);
#1319=CIRCLE('',#7368,5.);
#1320=CIRCLE('',#7370,5.);
#1321=CIRCLE('',#7371,5.);
#1322=CIRCLE('',#7372,5.);
#1323=CIRCLE('',#7374,4.);
#1324=CIRCLE('',#7376,34.);
#1325=CIRCLE('',#7377,34.);
#1326=CIRCLE('',#7379,36.);
#1327=CIRCLE('',#7380,36.);
#1328=CIRCLE('',#7382,34.);
#1329=CIRCLE('',#7383,34.);
#1330=CIRCLE('',#7385,12.5);
#1331=CIRCLE('',#7387,14.);
#1332=CIRCLE('',#7388,14.);
#1333=CIRCLE('',#7391,12.5);
#1334=CIRCLE('',#7393,14.);
#1335=CIRCLE('',#7394,14.);
#1336=CIRCLE('',#7397,12.5);
#1337=CIRCLE('',#7398,12.5);
#1338=CIRCLE('',#7400,12.5);
#1339=CIRCLE('',#7402,12.5);
#1340=CIRCLE('',#7404,4.00000000000001);
#1341=CIRCLE('',#7405,4.);
#1342=CIRCLE('',#7408,4.00000000000001);
#1343=CIRCLE('',#7409,4.);
#1344=CIRCLE('',#7411,4.5);
#1345=CIRCLE('',#7412,4.5);
#1346=CIRCLE('',#7414,5.);
#1347=CIRCLE('',#7415,5.);
#1348=CIRCLE('',#7418,4.5);
#1349=CIRCLE('',#7420,4.5);
#1350=CIRCLE('',#7421,4.5);
#1351=CIRCLE('',#7423,5.);
#1352=CIRCLE('',#7425,5.);
#1353=CIRCLE('',#7428,4.00000000000001);
#1354=CIRCLE('',#7429,4.);
#1355=CIRCLE('',#7430,4.);
#1356=CIRCLE('',#7433,4.);
#1357=CIRCLE('',#7434,4.00000000000001);
#1358=CIRCLE('',#7436,4.);
#1359=CIRCLE('',#7437,4.);
#1360=CIRCLE('',#7439,5.);
#1361=CIRCLE('',#7441,12.5);
#1362=CIRCLE('',#7443,14.);
#1363=CIRCLE('',#7445,55.0000000000001);
#1364=CIRCLE('',#7446,54.9999999999999);
#1365=CIRCLE('',#7447,55.0000000000001);
#1366=CIRCLE('',#7450,4.);
#1367=CIRCLE('',#7451,4.);
#1368=CIRCLE('',#7453,4.);
#1369=CIRCLE('',#7454,4.);
#1370=CIRCLE('',#7459,5.);
#1371=CIRCLE('',#7460,5.);
#1372=CIRCLE('',#7462,4.00000000000001);
#1373=CIRCLE('',#7464,4.5);
#1374=CIRCLE('',#7466,4.5);
#1375=CIRCLE('',#7467,4.5);
#1376=CIRCLE('',#7468,4.5);
#1377=CIRCLE('',#7471,5.);
#1378=CIRCLE('',#7475,4.00000000000001);
#1379=CIRCLE('',#7477,14.);
#1380=CIRCLE('',#7479,73.);
#1381=CIRCLE('',#7480,2.25);
#1382=CIRCLE('',#7481,2.25);
#1383=CIRCLE('',#7482,73.0000000000001);
#1384=CIRCLE('',#7483,2.25);
#1385=CIRCLE('',#7484,2.25);
#1386=CIRCLE('',#7485,4.00000000000001);
#1387=CIRCLE('',#7488,55.);
#1388=CIRCLE('',#7489,54.9999999999998);
#1389=CIRCLE('',#7490,55.);
#1390=CIRCLE('',#7493,4.00000000000001);
#1391=CIRCLE('',#7496,4.00000000000001);
#1392=CIRCLE('',#7523,2.49999999999999);
#1393=CIRCLE('',#7524,2.49999999999999);
#1394=CIRCLE('',#7526,14.);
#1395=CIRCLE('',#7527,14.);
#1396=CIRCLE('',#7531,34.);
#1397=CIRCLE('',#7533,34.);
#1398=CIRCLE('',#7537,2.5);
#1399=CIRCLE('',#7538,2.5);
#1400=CIRCLE('',#7540,34.);
#1401=CIRCLE('',#7542,34.);
#1402=CIRCLE('',#7544,72.9999999999999);
#1403=CIRCLE('',#7546,34.);
#1404=CIRCLE('',#7548,34.);
#1405=CIRCLE('',#7550,14.);
#1406=CIRCLE('',#7551,14.);
#1407=CIRCLE('',#7552,72.9999999999997);
#1408=CIRCLE('',#7553,72.9999999999999);
#1409=CIRCLE('',#7556,72.9999999999997);
#1410=CIRCLE('',#7558,34.);
#1411=CIRCLE('',#7559,34.);
#1412=CIRCLE('',#7561,14.);
#1413=CIRCLE('',#7567,14.);
#1414=CIRCLE('',#7578,2.25);
#1415=CIRCLE('',#7582,2.25);
#1416=CIRCLE('',#7584,2.25);
#1417=CIRCLE('',#7585,2.25);
#1418=CIRCLE('',#7587,2.25);
#1419=CIRCLE('',#7591,2.25);
#1420=CIRCLE('',#7593,2.25);
#1421=CIRCLE('',#7594,2.25);
#1422=CIRCLE('',#7596,2.25);
#1423=CIRCLE('',#7597,2.25);
#1424=CIRCLE('',#7599,2.25);
#1425=CIRCLE('',#7600,2.25);
#1426=CIRCLE('',#7602,73.);
#1427=CIRCLE('',#7603,73.);
#1428=CIRCLE('',#7604,72.9999999999997);
#1429=CIRCLE('',#7605,73.0000000000001);
#1430=CIRCLE('',#7606,12.5);
#1431=CIRCLE('',#7610,2.25);
#1432=CIRCLE('',#7614,2.25);
#1433=CIRCLE('',#7616,2.25);
#1434=CIRCLE('',#7618,2.25);
#1435=CIRCLE('',#7622,2.25);
#1436=CIRCLE('',#7624,2.25);
#1437=CIRCLE('',#7626,2.25);
#1438=CIRCLE('',#7628,2.25);
#1439=CIRCLE('',#7632,73.);
#1440=CIRCLE('',#7633,73.);
#1441=CIRCLE('',#7634,73.);
#1442=CIRCLE('',#7635,73.0000000000001);
#1443=CIRCLE('',#7636,12.5);
#1444=CIRCLE('',#7637,12.5);
#1445=CIRCLE('',#7638,12.5);
#1446=CIRCLE('',#7639,12.5);
#1447=CIRCLE('',#7644,12.5);
#1448=CIRCLE('',#7646,12.5);
#1449=CIRCLE('',#7652,72.9999999999999);
#1450=CIRCLE('',#7654,72.9999999999997);
#1451=CIRCLE('',#7661,73.);
#1452=CIRCLE('',#7662,72.9999999999999);
#1453=CIRCLE('',#7670,72.9999999999997);
#1454=CIRCLE('',#7672,73.);
#1455=CIRCLE('',#7673,73.);
#1456=CIRCLE('',#7674,72.9999999999999);
#1457=CIRCLE('',#7675,72.9999999999998);
#1458=CIRCLE('',#7678,72.9999999999998);
#1459=CIRCLE('',#7681,73.);
#1460=CIRCLE('',#7685,73.);
#1461=CIRCLE('',#7687,72.9999999999999);
#1462=CIRCLE('',#7688,73.);
#1463=CIRCLE('',#7694,72.9999999999996);
#1464=CIRCLE('',#7695,71.4407387796679);
#1465=CIRCLE('',#7697,71.4407387796679);
#1466=CIRCLE('',#7699,73.0000000000001);
#1467=CIRCLE('',#7700,72.9999999999999);
#1468=CIRCLE('',#7701,73.);
#1469=CIRCLE('',#7708,73.);
#1470=CIRCLE('',#7710,72.9999999999999);
#1471=CIRCLE('',#7712,73.);
#1472=CIRCLE('',#7717,73.);
#1473=CIRCLE('',#7718,73.);
#1474=CIRCLE('',#7720,72.9999999999999);
#1475=CIRCLE('',#7721,72.9999999999999);
#1476=CIRCLE('',#7727,73.0000000000001);
#1477=CIRCLE('',#7729,73.0000000000001);
#1478=CIRCLE('',#7730,73.);
#1479=CIRCLE('',#7731,73.0000000000001);
#1480=CIRCLE('',#7732,73.);
#1481=CIRCLE('',#7736,73.);
#1482=CIRCLE('',#7739,73.);
#1483=CIRCLE('',#7740,73.);
#1484=CIRCLE('',#7742,73.0000000000001);
#1485=CIRCLE('',#7749,73.0000000000001);
#1486=CIRCLE('',#7750,73.0000000000001);
#1487=CIRCLE('',#7756,1.05);
#1488=CIRCLE('',#7757,1.05);
#1489=CIRCLE('',#7759,1.05);
#1490=CIRCLE('',#7760,1.05);
#1491=CIRCLE('',#7762,1.05);
#1492=CIRCLE('',#7763,1.05);
#1493=CIRCLE('',#7765,1.05);
#1494=CIRCLE('',#7766,1.05);
#1495=CIRCLE('',#7768,1.05);
#1496=CIRCLE('',#7769,1.05);
#1497=CIRCLE('',#7771,1.05);
#1498=CIRCLE('',#7772,1.05);
#1499=CIRCLE('',#7774,1.05);
#1500=CIRCLE('',#7775,1.05);
#1501=CIRCLE('',#7777,1.05);
#1502=CIRCLE('',#7778,1.05);
#1503=CIRCLE('',#7781,31.);
#1504=CIRCLE('',#7783,31.);
#1505=CIRCLE('',#7785,16.);
#1506=CIRCLE('',#7787,16.);
#1507=CIRCLE('',#7789,22.);
#1508=CIRCLE('',#7791,22.0000008621826);
#1509=CIRCLE('',#7796,55.5217391304348);
#1510=CIRCLE('',#7797,55.);
#1511=CIRCLE('',#7799,34.);
#1512=CIRCLE('',#7800,34.);
#1513=CIRCLE('',#7802,22.2858330909091);
#1514=CIRCLE('',#7804,22.);
#1515=CIRCLE('',#7806,16.);
#1516=CIRCLE('',#7808,16.);
#1517=CIRCLE('',#7810,16.);
#1518=CIRCLE('',#7813,22.2858330909091);
#1519=CIRCLE('',#7816,22.);
#1520=CIRCLE('',#7819,16.);
#1521=CIRCLE('',#7825,22.0000008621826);
#1522=CIRCLE('',#7828,16.);
#1523=CIRCLE('',#7831,16.);
#1524=CIRCLE('',#7834,22.);
#1525=CIRCLE('',#7850,22.);
#1526=CIRCLE('',#7851,22.);
#1527=CIRCLE('',#7852,28.);
#1528=CIRCLE('',#7853,28.);
#1529=CIRCLE('',#7854,21.8);
#1530=CIRCLE('',#7855,25.8000000000001);
#1531=CIRCLE('',#7856,19.8);
#1532=CIRCLE('',#7857,15.8);
#1533=CIRCLE('',#7858,21.8);
#1534=CIRCLE('',#7859,25.8);
#1535=CIRCLE('',#7860,19.8);
#1536=CIRCLE('',#7861,15.8);
#1537=CIRCLE('',#7864,25.8);
#1538=CIRCLE('',#7865,21.8);
#1539=CIRCLE('',#7867,25.8000000000001);
#1540=CIRCLE('',#7868,21.8);
#1541=CIRCLE('',#7870,15.8);
#1542=CIRCLE('',#7871,19.8);
#1543=CIRCLE('',#7881,15.8);
#1544=CIRCLE('',#7884,19.8);
#1545=CIRCLE('',#7894,22.);
#1546=CIRCLE('',#7896,22.);
#1547=CIRCLE('',#7898,57.);
#1548=CIRCLE('',#7899,28.);
#1549=CIRCLE('',#7901,57.);
#1550=CIRCLE('',#7902,28.);
#1551=CIRCLE('',#7905,21.8);
#1552=CIRCLE('',#7906,21.8);
#1553=CIRCLE('',#7912,19.8);
#1554=CIRCLE('',#7913,19.8);
#1555=CIRCLE('',#7916,15.8);
#1556=CIRCLE('',#7917,15.8);
#1557=CIRCLE('',#7922,25.8);
#1558=CIRCLE('',#7923,25.8);
#1559=CIRCLE('',#7938,19.8);
#1560=CIRCLE('',#7940,21.8);
#1561=CIRCLE('',#7942,15.8);
#1562=CIRCLE('',#7944,25.8);
#1563=CIRCLE('',#7946,21.8);
#1564=CIRCLE('',#7949,15.8);
#1565=CIRCLE('',#7952,19.8);
#1566=CIRCLE('',#7954,25.8);
#1567=CIRCLE('',#7958,57.);
#1568=CIRCLE('',#7960,56.9999999999999);
#1569=CIRCLE('',#7963,12.5);
#1570=CIRCLE('',#7965,12.5);
#1571=CIRCLE('',#7978,28.0014559514972);
#1572=CIRCLE('',#7979,22.);
#1573=CIRCLE('',#7980,22.);
#1574=CIRCLE('',#7981,21.2130002121041);
#1575=CIRCLE('',#7982,28.2854402857143);
#1576=LINE('',#10023,#2296);
#1577=LINE('',#10029,#2297);
#1578=LINE('',#10070,#2298);
#1579=LINE('',#10088,#2299);
#1580=LINE('',#10092,#2300);
#1581=LINE('',#10094,#2301);
#1582=LINE('',#10096,#2302);
#1583=LINE('',#10100,#2303);
#1584=LINE('',#10118,#2304);
#1585=LINE('',#10124,#2305);
#1586=LINE('',#10126,#2306);
#1587=LINE('',#10130,#2307);
#1588=LINE('',#10134,#2308);
#1589=LINE('',#10135,#2309);
#1590=LINE('',#10139,#2310);
#1591=LINE('',#10144,#2311);
#1592=LINE('',#10204,#2312);
#1593=LINE('',#10210,#2313);
#1594=LINE('',#10270,#2314);
#1595=LINE('',#10274,#2315);
#1596=LINE('',#10280,#2316);
#1597=LINE('',#10282,#2317);
#1598=LINE('',#10284,#2318);
#1599=LINE('',#10287,#2319);
#1600=LINE('',#10289,#2320);
#1601=LINE('',#10291,#2321);
#1602=LINE('',#10292,#2322);
#1603=LINE('',#10295,#2323);
#1604=LINE('',#10297,#2324);
#1605=LINE('',#10299,#2325);
#1606=LINE('',#10300,#2326);
#1607=LINE('',#10312,#2327);
#1608=LINE('',#10326,#2328);
#1609=LINE('',#10346,#2329);
#1610=LINE('',#10348,#2330);
#1611=LINE('',#10352,#2331);
#1612=LINE('',#10372,#2332);
#1613=LINE('',#10394,#2333);
#1614=LINE('',#10403,#2334);
#1615=LINE('',#10413,#2335);
#1616=LINE('',#10420,#2336);
#1617=LINE('',#10425,#2337);
#1618=LINE('',#10429,#2338);
#1619=LINE('',#10433,#2339);
#1620=LINE('',#10435,#2340);
#1621=LINE('',#10437,#2341);
#1622=LINE('',#10441,#2342);
#1623=LINE('',#10443,#2343);
#1624=LINE('',#10445,#2344);
#1625=LINE('',#10448,#2345);
#1626=LINE('',#10449,#2346);
#1627=LINE('',#10453,#2347);
#1628=LINE('',#10455,#2348);
#1629=LINE('',#10457,#2349);
#1630=LINE('',#10459,#2350);
#1631=LINE('',#10465,#2351);
#1632=LINE('',#10471,#2352);
#1633=LINE('',#10511,#2353);
#1634=LINE('',#10517,#2354);
#1635=LINE('',#10577,#2355);
#1636=LINE('',#10582,#2356);
#1637=LINE('',#10585,#2357);
#1638=LINE('',#10587,#2358);
#1639=LINE('',#10588,#2359);
#1640=LINE('',#10592,#2360);
#1641=LINE('',#10596,#2361);
#1642=LINE('',#10598,#2362);
#1643=LINE('',#10600,#2363);
#1644=LINE('',#10604,#2364);
#1645=LINE('',#10607,#2365);
#1646=LINE('',#10609,#2366);
#1647=LINE('',#10611,#2367);
#1648=LINE('',#10612,#2368);
#1649=LINE('',#10616,#2369);
#1650=LINE('',#10617,#2370);
#1651=LINE('',#10618,#2371);
#1652=LINE('',#10622,#2372);
#1653=LINE('',#10625,#2373);
#1654=LINE('',#10627,#2374);
#1655=LINE('',#10631,#2375);
#1656=LINE('',#10632,#2376);
#1657=LINE('',#10635,#2377);
#1658=LINE('',#10640,#2378);
#1659=LINE('',#10644,#2379);
#1660=LINE('',#10646,#2380);
#1661=LINE('',#10648,#2381);
#1662=LINE('',#10650,#2382);
#1663=LINE('',#10651,#2383);
#1664=LINE('',#10660,#2384);
#1665=LINE('',#10666,#2385);
#1666=LINE('',#10670,#2386);
#1667=LINE('',#10672,#2387);
#1668=LINE('',#10674,#2388);
#1669=LINE('',#10716,#2389);
#1670=LINE('',#10758,#2390);
#1671=LINE('',#10764,#2391);
#1672=LINE('',#10767,#2392);
#1673=LINE('',#10783,#2393);
#1674=LINE('',#10785,#2394);
#1675=LINE('',#10791,#2395);
#1676=LINE('',#10833,#2396);
#1677=LINE('',#10839,#2397);
#1678=LINE('',#10897,#2398);
#1679=LINE('',#10901,#2399);
#1680=LINE('',#10903,#2400);
#1681=LINE('',#10904,#2401);
#1682=LINE('',#10906,#2402);
#1683=LINE('',#10907,#2403);
#1684=LINE('',#10910,#2404);
#1685=LINE('',#10913,#2405);
#1686=LINE('',#10917,#2406);
#1687=LINE('',#10922,#2407);
#1688=LINE('',#10923,#2408);
#1689=LINE('',#10925,#2409);
#1690=LINE('',#10927,#2410);
#1691=LINE('',#10929,#2411);
#1692=LINE('',#10933,#2412);
#1693=LINE('',#10939,#2413);
#1694=LINE('',#10943,#2414);
#1695=LINE('',#10945,#2415);
#1696=LINE('',#10947,#2416);
#1697=LINE('',#10949,#2417);
#1698=LINE('',#10951,#2418);
#1699=LINE('',#10953,#2419);
#1700=LINE('',#10963,#2420);
#1701=LINE('',#10965,#2421);
#1702=LINE('',#10969,#2422);
#1703=LINE('',#11011,#2423);
#1704=LINE('',#11051,#2424);
#1705=LINE('',#11055,#2425);
#1706=LINE('',#11072,#2426);
#1707=LINE('',#11073,#2427);
#1708=LINE('',#11077,#2428);
#1709=LINE('',#11079,#2429);
#1710=LINE('',#11084,#2430);
#1711=LINE('',#11086,#2431);
#1712=LINE('',#11088,#2432);
#1713=LINE('',#11089,#2433);
#1714=LINE('',#11092,#2434);
#1715=LINE('',#11094,#2435);
#1716=LINE('',#11095,#2436);
#1717=LINE('',#11098,#2437);
#1718=LINE('',#11100,#2438);
#1719=LINE('',#11101,#2439);
#1720=LINE('',#11103,#2440);
#1721=LINE('',#11104,#2441);
#1722=LINE('',#11108,#2442);
#1723=LINE('',#11110,#2443);
#1724=LINE('',#11112,#2444);
#1725=LINE('',#11113,#2445);
#1726=LINE('',#11116,#2446);
#1727=LINE('',#11118,#2447);
#1728=LINE('',#11119,#2448);
#1729=LINE('',#11122,#2449);
#1730=LINE('',#11124,#2450);
#1731=LINE('',#11125,#2451);
#1732=LINE('',#11127,#2452);
#1733=LINE('',#11128,#2453);
#1734=LINE('',#11133,#2454);
#1735=LINE('',#11135,#2455);
#1736=LINE('',#11137,#2456);
#1737=LINE('',#11138,#2457);
#1738=LINE('',#11142,#2458);
#1739=LINE('',#11144,#2459);
#1740=LINE('',#11146,#2460);
#1741=LINE('',#11147,#2461);
#1742=LINE('',#11150,#2462);
#1743=LINE('',#11152,#2463);
#1744=LINE('',#11153,#2464);
#1745=LINE('',#11156,#2465);
#1746=LINE('',#11158,#2466);
#1747=LINE('',#11159,#2467);
#1748=LINE('',#11161,#2468);
#1749=LINE('',#11162,#2469);
#1750=LINE('',#11164,#2470);
#1751=LINE('',#11170,#2471);
#1752=LINE('',#11171,#2472);
#1753=LINE('',#11173,#2473);
#1754=LINE('',#11175,#2474);
#1755=LINE('',#11181,#2475);
#1756=LINE('',#11186,#2476);
#1757=LINE('',#11190,#2477);
#1758=LINE('',#11193,#2478);
#1759=LINE('',#11197,#2479);
#1760=LINE('',#11198,#2480);
#1761=LINE('',#11200,#2481);
#1762=LINE('',#11202,#2482);
#1763=LINE('',#11203,#2483);
#1764=LINE('',#11207,#2484);
#1765=LINE('',#11211,#2485);
#1766=LINE('',#11213,#2486);
#1767=LINE('',#11219,#2487);
#1768=LINE('',#11226,#2488);
#1769=LINE('',#11227,#2489);
#1770=LINE('',#11230,#2490);
#1771=LINE('',#11234,#2491);
#1772=LINE('',#11235,#2492);
#1773=LINE('',#11239,#2493);
#1774=LINE('',#11241,#2494);
#1775=LINE('',#11243,#2495);
#1776=LINE('',#11245,#2496);
#1777=LINE('',#11257,#2497);
#1778=LINE('',#11260,#2498);
#1779=LINE('',#11262,#2499);
#1780=LINE('',#11266,#2500);
#1781=LINE('',#11268,#2501);
#1782=LINE('',#11270,#2502);
#1783=LINE('',#11274,#2503);
#1784=LINE('',#11276,#2504);
#1785=LINE('',#11280,#2505);
#1786=LINE('',#11284,#2506);
#1787=LINE('',#11285,#2507);
#1788=LINE('',#11290,#2508);
#1789=LINE('',#11292,#2509);
#1790=LINE('',#11294,#2510);
#1791=LINE('',#11295,#2511);
#1792=LINE('',#11300,#2512);
#1793=LINE('',#11302,#2513);
#1794=LINE('',#11304,#2514);
#1795=LINE('',#11306,#2515);
#1796=LINE('',#11308,#2516);
#1797=LINE('',#11310,#2517);
#1798=LINE('',#11313,#2518);
#1799=LINE('',#11316,#2519);
#1800=LINE('',#11318,#2520);
#1801=LINE('',#11319,#2521);
#1802=LINE('',#11321,#2522);
#1803=LINE('',#11322,#2523);
#1804=LINE('',#11323,#2524);
#1805=LINE('',#11325,#2525);
#1806=LINE('',#11326,#2526);
#1807=LINE('',#11353,#2527);
#1808=LINE('',#11354,#2528);
#1809=LINE('',#11356,#2529);
#1810=LINE('',#11357,#2530);
#1811=LINE('',#11358,#2531);
#1812=LINE('',#11379,#2532);
#1813=LINE('',#11381,#2533);
#1814=LINE('',#11382,#2534);
#1815=LINE('',#11385,#2535);
#1816=LINE('',#11387,#2536);
#1817=LINE('',#11388,#2537);
#1818=LINE('',#11391,#2538);
#1819=LINE('',#11392,#2539);
#1820=LINE('',#11396,#2540);
#1821=LINE('',#11399,#2541);
#1822=LINE('',#11403,#2542);
#1823=LINE('',#11406,#2543);
#1824=LINE('',#11412,#2544);
#1825=LINE('',#11414,#2545);
#1826=LINE('',#11415,#2546);
#1827=LINE('',#11418,#2547);
#1828=LINE('',#11420,#2548);
#1829=LINE('',#11421,#2549);
#1830=LINE('',#11424,#2550);
#1831=LINE('',#11425,#2551);
#1832=LINE('',#11429,#2552);
#1833=LINE('',#11432,#2553);
#1834=LINE('',#11436,#2554);
#1835=LINE('',#11440,#2555);
#1836=LINE('',#11444,#2556);
#1837=LINE('',#11449,#2557);
#1838=LINE('',#11454,#2558);
#1839=LINE('',#11457,#2559);
#1840=LINE('',#11459,#2560);
#1841=LINE('',#11462,#2561);
#1842=LINE('',#11464,#2562);
#1843=LINE('',#11468,#2563);
#1844=LINE('',#11470,#2564);
#1845=LINE('',#11471,#2565);
#1846=LINE('',#11472,#2566);
#1847=LINE('',#11474,#2567);
#1848=LINE('',#11477,#2568);
#1849=LINE('',#11482,#2569);
#1850=LINE('',#11483,#2570);
#1851=LINE('',#11486,#2571);
#1852=LINE('',#11487,#2572);
#1853=LINE('',#11493,#2573);
#1854=LINE('',#11495,#2574);
#1855=LINE('',#11496,#2575);
#1856=LINE('',#11499,#2576);
#1857=LINE('',#11501,#2577);
#1858=LINE('',#11502,#2578);
#1859=LINE('',#11505,#2579);
#1860=LINE('',#11506,#2580);
#1861=LINE('',#11510,#2581);
#1862=LINE('',#11512,#2582);
#1863=LINE('',#11514,#2583);
#1864=LINE('',#11517,#2584);
#1865=LINE('',#11523,#2585);
#1866=LINE('',#11525,#2586);
#1867=LINE('',#11526,#2587);
#1868=LINE('',#11529,#2588);
#1869=LINE('',#11531,#2589);
#1870=LINE('',#11532,#2590);
#1871=LINE('',#11535,#2591);
#1872=LINE('',#11536,#2592);
#1873=LINE('',#11540,#2593);
#1874=LINE('',#11543,#2594);
#1875=LINE('',#11545,#2595);
#1876=LINE('',#11548,#2596);
#1877=LINE('',#11550,#2597);
#1878=LINE('',#11554,#2598);
#1879=LINE('',#11558,#2599);
#1880=LINE('',#11559,#2600);
#1881=LINE('',#11562,#2601);
#1882=LINE('',#11563,#2602);
#1883=LINE('',#11568,#2603);
#1884=LINE('',#11570,#2604);
#1885=LINE('',#11572,#2605);
#1886=LINE('',#11574,#2606);
#1887=LINE('',#11576,#2607);
#1888=LINE('',#11579,#2608);
#1889=LINE('',#11583,#2609);
#1890=LINE('',#11585,#2610);
#1891=LINE('',#11587,#2611);
#1892=LINE('',#11589,#2612);
#1893=LINE('',#11591,#2613);
#1894=LINE('',#11594,#2614);
#1895=LINE('',#11604,#2615);
#1896=LINE('',#11606,#2616);
#1897=LINE('',#11608,#2617);
#1898=LINE('',#11610,#2618);
#1899=LINE('',#11611,#2619);
#1900=LINE('',#11615,#2620);
#1901=LINE('',#11619,#2621);
#1902=LINE('',#11623,#2622);
#1903=LINE('',#11624,#2623);
#1904=LINE('',#11626,#2624);
#1905=LINE('',#11627,#2625);
#1906=LINE('',#11628,#2626);
#1907=LINE('',#11629,#2627);
#1908=LINE('',#11631,#2628);
#1909=LINE('',#11632,#2629);
#1910=LINE('',#11633,#2630);
#1911=LINE('',#11636,#2631);
#1912=LINE('',#11638,#2632);
#1913=LINE('',#11639,#2633);
#1914=LINE('',#11640,#2634);
#1915=LINE('',#11642,#2635);
#1916=LINE('',#11643,#2636);
#1917=LINE('',#11645,#2637);
#1918=LINE('',#11646,#2638);
#1919=LINE('',#11649,#2639);
#1920=LINE('',#11650,#2640);
#1921=LINE('',#11654,#2641);
#1922=LINE('',#11657,#2642);
#1923=LINE('',#11660,#2643);
#1924=LINE('',#11662,#2644);
#1925=LINE('',#11663,#2645);
#1926=LINE('',#11666,#2646);
#1927=LINE('',#11667,#2647);
#1928=LINE('',#11671,#2648);
#1929=LINE('',#11673,#2649);
#1930=LINE('',#11675,#2650);
#1931=LINE('',#11676,#2651);
#1932=LINE('',#11678,#2652);
#1933=LINE('',#11679,#2653);
#1934=LINE('',#11681,#2654);
#1935=LINE('',#11682,#2655);
#1936=LINE('',#11685,#2656);
#1937=LINE('',#11687,#2657);
#1938=LINE('',#11688,#2658);
#1939=LINE('',#11689,#2659);
#1940=LINE('',#11691,#2660);
#1941=LINE('',#11692,#2661);
#1942=LINE('',#11696,#2662);
#1943=LINE('',#11698,#2663);
#1944=LINE('',#11701,#2664);
#1945=LINE('',#11703,#2665);
#1946=LINE('',#11704,#2666);
#1947=LINE('',#11706,#2667);
#1948=LINE('',#11709,#2668);
#1949=LINE('',#11712,#2669);
#1950=LINE('',#11713,#2670);
#1951=LINE('',#11714,#2671);
#1952=LINE('',#11715,#2672);
#1953=LINE('',#11717,#2673);
#1954=LINE('',#11718,#2674);
#1955=LINE('',#11720,#2675);
#1956=LINE('',#11721,#2676);
#1957=LINE('',#11723,#2677);
#1958=LINE('',#11724,#2678);
#1959=LINE('',#11730,#2679);
#1960=LINE('',#11733,#2680);
#1961=LINE('',#11735,#2681);
#1962=LINE('',#11739,#2682);
#1963=LINE('',#11742,#2683);
#1964=LINE('',#11743,#2684);
#1965=LINE('',#11745,#2685);
#1966=LINE('',#11746,#2686);
#1967=LINE('',#11749,#2687);
#1968=LINE('',#11752,#2688);
#1969=LINE('',#11754,#2689);
#1970=LINE('',#11759,#2690);
#1971=LINE('',#11760,#2691);
#1972=LINE('',#11762,#2692);
#1973=LINE('',#11763,#2693);
#1974=LINE('',#11769,#2694);
#1975=LINE('',#11770,#2695);
#1976=LINE('',#11773,#2696);
#1977=LINE('',#11775,#2697);
#1978=LINE('',#11781,#2698);
#1979=LINE('',#11788,#2699);
#1980=LINE('',#11789,#2700);
#1981=LINE('',#11791,#2701);
#1982=LINE('',#11795,#2702);
#1983=LINE('',#11797,#2703);
#1984=LINE('',#11799,#2704);
#1985=LINE('',#11803,#2705);
#1986=LINE('',#11807,#2706);
#1987=LINE('',#11809,#2707);
#1988=LINE('',#11810,#2708);
#1989=LINE('',#11812,#2709);
#1990=LINE('',#11814,#2710);
#1991=LINE('',#11816,#2711);
#1992=LINE('',#11818,#2712);
#1993=LINE('',#11820,#2713);
#1994=LINE('',#11822,#2714);
#1995=LINE('',#11823,#2715);
#1996=LINE('',#11825,#2716);
#1997=LINE('',#11826,#2717);
#1998=LINE('',#11827,#2718);
#1999=LINE('',#11829,#2719);
#2000=LINE('',#11831,#2720);
#2001=LINE('',#11833,#2721);
#2002=LINE('',#11835,#2722);
#2003=LINE('',#11837,#2723);
#2004=LINE('',#11839,#2724);
#2005=LINE('',#11840,#2725);
#2006=LINE('',#11843,#2726);
#2007=LINE('',#11844,#2727);
#2008=LINE('',#11847,#2728);
#2009=LINE('',#11848,#2729);
#2010=LINE('',#11849,#2730);
#2011=LINE('',#11855,#2731);
#2012=LINE('',#11860,#2732);
#2013=LINE('',#11863,#2733);
#2014=LINE('',#11864,#2734);
#2015=LINE('',#11868,#2735);
#2016=LINE('',#11869,#2736);
#2017=LINE('',#11873,#2737);
#2018=LINE('',#11878,#2738);
#2019=LINE('',#11881,#2739);
#2020=LINE('',#11882,#2740);
#2021=LINE('',#11884,#2741);
#2022=LINE('',#11887,#2742);
#2023=LINE('',#11888,#2743);
#2024=LINE('',#11894,#2744);
#2025=LINE('',#11896,#2745);
#2026=LINE('',#11900,#2746);
#2027=LINE('',#11903,#2747);
#2028=LINE('',#11904,#2748);
#2029=LINE('',#11906,#2749);
#2030=LINE('',#11911,#2750);
#2031=LINE('',#11915,#2751);
#2032=LINE('',#11916,#2752);
#2033=LINE('',#11920,#2753);
#2034=LINE('',#11924,#2754);
#2035=LINE('',#11927,#2755);
#2036=LINE('',#11929,#2756);
#2037=LINE('',#11931,#2757);
#2038=LINE('',#11933,#2758);
#2039=LINE('',#11934,#2759);
#2040=LINE('',#11938,#2760);
#2041=LINE('',#11939,#2761);
#2042=LINE('',#11945,#2762);
#2043=LINE('',#11947,#2763);
#2044=LINE('',#11950,#2764);
#2045=LINE('',#11955,#2765);
#2046=LINE('',#11961,#2766);
#2047=LINE('',#11967,#2767);
#2048=LINE('',#11973,#2768);
#2049=LINE('',#11979,#2769);
#2050=LINE('',#11985,#2770);
#2051=LINE('',#11991,#2771);
#2052=LINE('',#11997,#2772);
#2053=LINE('',#12002,#2773);
#2054=LINE('',#12003,#2774);
#2055=LINE('',#12004,#2775);
#2056=LINE('',#12011,#2776);
#2057=LINE('',#12013,#2777);
#2058=LINE('',#12014,#2778);
#2059=LINE('',#12045,#2779);
#2060=LINE('',#12052,#2780);
#2061=LINE('',#12053,#2781);
#2062=LINE('',#12088,#2782);
#2063=LINE('',#12091,#2783);
#2064=LINE('',#12092,#2784);
#2065=LINE('',#12123,#2785);
#2066=LINE('',#12125,#2786);
#2067=LINE('',#12127,#2787);
#2068=LINE('',#12128,#2788);
#2069=LINE('',#12172,#2789);
#2070=LINE('',#12178,#2790);
#2071=LINE('',#12179,#2791);
#2072=LINE('',#12180,#2792);
#2073=LINE('',#12211,#2793);
#2074=LINE('',#12221,#2794);
#2075=LINE('',#12222,#2795);
#2076=LINE('',#12223,#2796);
#2077=LINE('',#12254,#2797);
#2078=LINE('',#12257,#2798);
#2079=LINE('',#12258,#2799);
#2080=LINE('',#12289,#2800);
#2081=LINE('',#12292,#2801);
#2082=LINE('',#12293,#2802);
#2083=LINE('',#12327,#2803);
#2084=LINE('',#12328,#2804);
#2085=LINE('',#12331,#2805);
#2086=LINE('',#12332,#2806);
#2087=LINE('',#12336,#2807);
#2088=LINE('',#12339,#2808);
#2089=LINE('',#12340,#2809);
#2090=LINE('',#12344,#2810);
#2091=LINE('',#12347,#2811);
#2092=LINE('',#12348,#2812);
#2093=LINE('',#12352,#2813);
#2094=LINE('',#12354,#2814);
#2095=LINE('',#12356,#2815);
#2096=LINE('',#12358,#2816);
#2097=LINE('',#12362,#2817);
#2098=LINE('',#12363,#2818);
#2099=LINE('',#12364,#2819);
#2100=LINE('',#12368,#2820);
#2101=LINE('',#12371,#2821);
#2102=LINE('',#12372,#2822);
#2103=LINE('',#12376,#2823);
#2104=LINE('',#12379,#2824);
#2105=LINE('',#12380,#2825);
#2106=LINE('',#12384,#2826);
#2107=LINE('',#12387,#2827);
#2108=LINE('',#12388,#2828);
#2109=LINE('',#12394,#2829);
#2110=LINE('',#12396,#2830);
#2111=LINE('',#12398,#2831);
#2112=LINE('',#12399,#2832);
#2113=LINE('',#12403,#2833);
#2114=LINE('',#12405,#2834);
#2115=LINE('',#12407,#2835);
#2116=LINE('',#12408,#2836);
#2117=LINE('',#12412,#2837);
#2118=LINE('',#12414,#2838);
#2119=LINE('',#12416,#2839);
#2120=LINE('',#12417,#2840);
#2121=LINE('',#12421,#2841);
#2122=LINE('',#12423,#2842);
#2123=LINE('',#12425,#2843);
#2124=LINE('',#12426,#2844);
#2125=LINE('',#12430,#2845);
#2126=LINE('',#12432,#2846);
#2127=LINE('',#12434,#2847);
#2128=LINE('',#12435,#2848);
#2129=LINE('',#12439,#2849);
#2130=LINE('',#12441,#2850);
#2131=LINE('',#12443,#2851);
#2132=LINE('',#12444,#2852);
#2133=LINE('',#12448,#2853);
#2134=LINE('',#12450,#2854);
#2135=LINE('',#12452,#2855);
#2136=LINE('',#12453,#2856);
#2137=LINE('',#12457,#2857);
#2138=LINE('',#12459,#2858);
#2139=LINE('',#12461,#2859);
#2140=LINE('',#12462,#2860);
#2141=LINE('',#12465,#2861);
#2142=LINE('',#12467,#2862);
#2143=LINE('',#12468,#2863);
#2144=LINE('',#12471,#2864);
#2145=LINE('',#12473,#2865);
#2146=LINE('',#12474,#2866);
#2147=LINE('',#12477,#2867);
#2148=LINE('',#12479,#2868);
#2149=LINE('',#12480,#2869);
#2150=LINE('',#12483,#2870);
#2151=LINE('',#12485,#2871);
#2152=LINE('',#12486,#2872);
#2153=LINE('',#12489,#2873);
#2154=LINE('',#12491,#2874);
#2155=LINE('',#12492,#2875);
#2156=LINE('',#12495,#2876);
#2157=LINE('',#12497,#2877);
#2158=LINE('',#12498,#2878);
#2159=LINE('',#12502,#2879);
#2160=LINE('',#12506,#2880);
#2161=LINE('',#12510,#2881);
#2162=LINE('',#12514,#2882);
#2163=LINE('',#12518,#2883);
#2164=LINE('',#12520,#2884);
#2165=LINE('',#12523,#2885);
#2166=LINE('',#12527,#2886);
#2167=LINE('',#12530,#2887);
#2168=LINE('',#12532,#2888);
#2169=LINE('',#12535,#2889);
#2170=LINE('',#12538,#2890);
#2171=LINE('',#12540,#2891);
#2172=LINE('',#12543,#2892);
#2173=LINE('',#12546,#2893);
#2174=LINE('',#12547,#2894);
#2175=LINE('',#12551,#2895);
#2176=LINE('',#12553,#2896);
#2177=LINE('',#12558,#2897);
#2178=LINE('',#12560,#2898);
#2179=LINE('',#12564,#2899);
#2180=LINE('',#12567,#2900);
#2181=LINE('',#12570,#2901);
#2182=LINE('',#12572,#2902);
#2183=LINE('',#12575,#2903);
#2184=LINE('',#12576,#2904);
#2185=LINE('',#12578,#2905);
#2186=LINE('',#12581,#2906);
#2187=LINE('',#12584,#2907);
#2188=LINE('',#12590,#2908);
#2189=LINE('',#12591,#2909);
#2190=LINE('',#12595,#2910);
#2191=LINE('',#12598,#2911);
#2192=LINE('',#12601,#2912);
#2193=LINE('',#12607,#2913);
#2194=LINE('',#12609,#2914);
#2195=LINE('',#12610,#2915);
#2196=LINE('',#12641,#2916);
#2197=LINE('',#12644,#2917);
#2198=LINE('',#12645,#2918);
#2199=LINE('',#12676,#2919);
#2200=LINE('',#12679,#2920);
#2201=LINE('',#12680,#2921);
#2202=LINE('',#12712,#2922);
#2203=LINE('',#12715,#2923);
#2204=LINE('',#12716,#2924);
#2205=LINE('',#12750,#2925);
#2206=LINE('',#12752,#2926);
#2207=LINE('',#12754,#2927);
#2208=LINE('',#12755,#2928);
#2209=LINE('',#12761,#2929);
#2210=LINE('',#12764,#2930);
#2211=LINE('',#12768,#2931);
#2212=LINE('',#12770,#2932);
#2213=LINE('',#12772,#2933);
#2214=LINE('',#12773,#2934);
#2215=LINE('',#12775,#2935);
#2216=LINE('',#12776,#2936);
#2217=LINE('',#12779,#2937);
#2218=LINE('',#12781,#2938);
#2219=LINE('',#12782,#2939);
#2220=LINE('',#12785,#2940);
#2221=LINE('',#12787,#2941);
#2222=LINE('',#12788,#2942);
#2223=LINE('',#12793,#2943);
#2224=LINE('',#12798,#2944);
#2225=LINE('',#12800,#2945);
#2226=LINE('',#12802,#2946);
#2227=LINE('',#12803,#2947);
#2228=LINE('',#12809,#2948);
#2229=LINE('',#12812,#2949);
#2230=LINE('',#12816,#2950);
#2231=LINE('',#12818,#2951);
#2232=LINE('',#12820,#2952);
#2233=LINE('',#12821,#2953);
#2234=LINE('',#12824,#2954);
#2235=LINE('',#12826,#2955);
#2236=LINE('',#12827,#2956);
#2237=LINE('',#12830,#2957);
#2238=LINE('',#12832,#2958);
#2239=LINE('',#12833,#2959);
#2240=LINE('',#12839,#2960);
#2241=LINE('',#12842,#2961);
#2242=LINE('',#12845,#2962);
#2243=LINE('',#12847,#2963);
#2244=LINE('',#12848,#2964);
#2245=LINE('',#12851,#2965);
#2246=LINE('',#12853,#2966);
#2247=LINE('',#12854,#2967);
#2248=LINE('',#12857,#2968);
#2249=LINE('',#12859,#2969);
#2250=LINE('',#12860,#2970);
#2251=LINE('',#12864,#2971);
#2252=LINE('',#12866,#2972);
#2253=LINE('',#12868,#2973);
#2254=LINE('',#12869,#2974);
#2255=LINE('',#12871,#2975);
#2256=LINE('',#12872,#2976);
#2257=LINE('',#12875,#2977);
#2258=LINE('',#12877,#2978);
#2259=LINE('',#12878,#2979);
#2260=LINE('',#12881,#2980);
#2261=LINE('',#12883,#2981);
#2262=LINE('',#12884,#2982);
#2263=LINE('',#12887,#2983);
#2264=LINE('',#12889,#2984);
#2265=LINE('',#12890,#2985);
#2266=LINE('',#12892,#2986);
#2267=LINE('',#12893,#2987);
#2268=LINE('',#12896,#2988);
#2269=LINE('',#12898,#2989);
#2270=LINE('',#12899,#2990);
#2271=LINE('',#12901,#2991);
#2272=LINE('',#12902,#2992);
#2273=LINE('',#12905,#2993);
#2274=LINE('',#12907,#2994);
#2275=LINE('',#12908,#2995);
#2276=LINE('',#12911,#2996);
#2277=LINE('',#12913,#2997);
#2278=LINE('',#12914,#2998);
#2279=LINE('',#12921,#2999);
#2280=LINE('',#12926,#3000);
#2281=LINE('',#12931,#3001);
#2282=LINE('',#12932,#3002);
#2283=LINE('',#12937,#3003);
#2284=LINE('',#12938,#3004);
#2285=LINE('',#12944,#3005);
#2286=LINE('',#12945,#3006);
#2287=LINE('',#12974,#3007);
#2288=LINE('',#12976,#3008);
#2289=LINE('',#13005,#3009);
#2290=LINE('',#13007,#3010);
#2291=LINE('',#13037,#3011);
#2292=LINE('',#13039,#3012);
#2293=LINE('',#13070,#3013);
#2294=LINE('',#13073,#3014);
#2295=LINE('',#13077,#3015);
#2296=VECTOR('',#7987,4.);
#2297=VECTOR('',#7994,4.);
#2298=VECTOR('',#7997,10.);
#2299=VECTOR('',#7998,10.);
#2300=VECTOR('',#8001,10.);
#2301=VECTOR('',#8002,10.);
#2302=VECTOR('',#8003,10.);
#2303=VECTOR('',#8006,10.);
#2304=VECTOR('',#8009,10.);
#2305=VECTOR('',#8016,10.);
#2306=VECTOR('',#8017,10.);
#2307=VECTOR('',#8020,10.);
#2308=VECTOR('',#8023,10.);
#2309=VECTOR('',#8024,10.);
#2310=VECTOR('',#8029,4.);
#2311=VECTOR('',#8034,5.);
#2312=VECTOR('',#8041,5.);
#2313=VECTOR('',#8048,5.);
#2314=VECTOR('',#8053,5.);
#2315=VECTOR('',#8058,10.);
#2316=VECTOR('',#8063,10.);
#2317=VECTOR('',#8064,10.);
#2318=VECTOR('',#8065,10.);
#2319=VECTOR('',#8068,10.);
#2320=VECTOR('',#8069,10.);
#2321=VECTOR('',#8070,10.);
#2322=VECTOR('',#8071,10.);
#2323=VECTOR('',#8072,10.);
#2324=VECTOR('',#8073,10.);
#2325=VECTOR('',#8074,10.);
#2326=VECTOR('',#8075,10.);
#2327=VECTOR('',#8078,4.);
#2328=VECTOR('',#8085,10.);
#2329=VECTOR('',#8090,10.);
#2330=VECTOR('',#8091,10.);
#2331=VECTOR('',#8094,10.);
#2332=VECTOR('',#8097,10.);
#2333=VECTOR('',#8102,10.);
#2334=VECTOR('',#8113,14.);
#2335=VECTOR('',#8126,14.);
#2336=VECTOR('',#8135,12.5);
#2337=VECTOR('',#8142,12.5);
#2338=VECTOR('',#8147,12.5);
#2339=VECTOR('',#8150,10.);
#2340=VECTOR('',#8151,10.);
#2341=VECTOR('',#8152,10.);
#2342=VECTOR('',#8155,10.);
#2343=VECTOR('',#8156,10.);
#2344=VECTOR('',#8157,10.);
#2345=VECTOR('',#8162,10.);
#2346=VECTOR('',#8163,10.);
#2347=VECTOR('',#8166,10.);
#2348=VECTOR('',#8167,10.);
#2349=VECTOR('',#8168,10.);
#2350=VECTOR('',#8171,10.);
#2351=VECTOR('',#8178,4.5);
#2352=VECTOR('',#8185,5.);
#2353=VECTOR('',#8192,4.5);
#2354=VECTOR('',#8199,4.5);
#2355=VECTOR('',#8204,5.);
#2356=VECTOR('',#8211,5.);
#2357=VECTOR('',#8214,10.);
#2358=VECTOR('',#8215,10.);
#2359=VECTOR('',#8216,10.);
#2360=VECTOR('',#8219,10.);
#2361=VECTOR('',#8222,10.);
#2362=VECTOR('',#8223,10.);
#2363=VECTOR('',#8224,10.);
#2364=VECTOR('',#8229,10.);
#2365=VECTOR('',#8230,10.);
#2366=VECTOR('',#8231,10.);
#2367=VECTOR('',#8232,10.);
#2368=VECTOR('',#8233,10.);
#2369=VECTOR('',#8236,10.);
#2370=VECTOR('',#8237,10.);
#2371=VECTOR('',#8238,10.);
#2372=VECTOR('',#8241,10.);
#2373=VECTOR('',#8244,10.);
#2374=VECTOR('',#8245,10.);
#2375=VECTOR('',#8248,10.);
#2376=VECTOR('',#8249,10.);
#2377=VECTOR('',#8252,10.);
#2378=VECTOR('',#8257,10.);
#2379=VECTOR('',#8260,10.);
#2380=VECTOR('',#8261,10.);
#2381=VECTOR('',#8262,10.);
#2382=VECTOR('',#8263,10.);
#2383=VECTOR('',#8264,10.);
#2384=VECTOR('',#8273,10.);
#2385=VECTOR('',#8280,10.);
#2386=VECTOR('',#8283,10.);
#2387=VECTOR('',#8284,10.);
#2388=VECTOR('',#8285,10.);
#2389=VECTOR('',#8290,4.);
#2390=VECTOR('',#8295,4.);
#2391=VECTOR('',#8302,4.);
#2392=VECTOR('',#8307,4.);
#2393=VECTOR('',#8308,10.);
#2394=VECTOR('',#8311,10.);
#2395=VECTOR('',#8318,5.);
#2396=VECTOR('',#8327,4.5);
#2397=VECTOR('',#8334,4.5);
#2398=VECTOR('',#8341,5.);
#2399=VECTOR('',#8346,5.);
#2400=VECTOR('',#8349,10.);
#2401=VECTOR('',#8350,10.);
#2402=VECTOR('',#8353,10.);
#2403=VECTOR('',#8354,10.);
#2404=VECTOR('',#8357,10.);
#2405=VECTOR('',#8360,10.);
#2406=VECTOR('',#8363,10.);
#2407=VECTOR('',#8368,10.);
#2408=VECTOR('',#8369,10.);
#2409=VECTOR('',#8370,10.);
#2410=VECTOR('',#8371,10.);
#2411=VECTOR('',#8372,10.);
#2412=VECTOR('',#8375,10.);
#2413=VECTOR('',#8380,10.);
#2414=VECTOR('',#8383,10.);
#2415=VECTOR('',#8384,10.);
#2416=VECTOR('',#8385,10.);
#2417=VECTOR('',#8386,10.);
#2418=VECTOR('',#8387,10.);
#2419=VECTOR('',#8388,10.);
#2420=VECTOR('',#8401,10.);
#2421=VECTOR('',#8402,10.);
#2422=VECTOR('',#8405,10.);
#2423=VECTOR('',#8410,4.00000000000001);
#2424=VECTOR('',#8413,4.00000000000001);
#2425=VECTOR('',#8418,4.00000000000001);
#2426=VECTOR('',#8419,10.);
#2427=VECTOR('',#8420,10.);
#2428=VECTOR('',#8425,4.00000000000001);
#2429=VECTOR('',#8428,10.);
#2430=VECTOR('',#8433,10.);
#2431=VECTOR('',#8434,10.);
#2432=VECTOR('',#8435,10.);
#2433=VECTOR('',#8436,10.);
#2434=VECTOR('',#8439,10.);
#2435=VECTOR('',#8440,10.);
#2436=VECTOR('',#8441,10.);
#2437=VECTOR('',#8444,10.);
#2438=VECTOR('',#8445,10.);
#2439=VECTOR('',#8446,10.);
#2440=VECTOR('',#8449,10.);
#2441=VECTOR('',#8450,10.);
#2442=VECTOR('',#8453,10.);
#2443=VECTOR('',#8454,10.);
#2444=VECTOR('',#8455,10.);
#2445=VECTOR('',#8456,10.);
#2446=VECTOR('',#8459,10.);
#2447=VECTOR('',#8460,10.);
#2448=VECTOR('',#8461,10.);
#2449=VECTOR('',#8464,10.);
#2450=VECTOR('',#8465,10.);
#2451=VECTOR('',#8466,10.);
#2452=VECTOR('',#8469,10.);
#2453=VECTOR('',#8470,10.);
#2454=VECTOR('',#8475,10.);
#2455=VECTOR('',#8476,10.);
#2456=VECTOR('',#8477,10.);
#2457=VECTOR('',#8478,10.);
#2458=VECTOR('',#8481,10.);
#2459=VECTOR('',#8482,10.);
#2460=VECTOR('',#8483,10.);
#2461=VECTOR('',#8484,10.);
#2462=VECTOR('',#8487,10.);
#2463=VECTOR('',#8488,10.);
#2464=VECTOR('',#8489,10.);
#2465=VECTOR('',#8492,10.);
#2466=VECTOR('',#8493,10.);
#2467=VECTOR('',#8494,10.);
#2468=VECTOR('',#8497,10.);
#2469=VECTOR('',#8498,10.);
#2470=VECTOR('',#8501,10.);
#2471=VECTOR('',#8512,10.);
#2472=VECTOR('',#8513,10.);
#2473=VECTOR('',#8516,10.);
#2474=VECTOR('',#8519,10.);
#2475=VECTOR('',#8526,2.49999999999999);
#2476=VECTOR('',#8531,10.);
#2477=VECTOR('',#8534,10.);
#2478=VECTOR('',#8539,10.);
#2479=VECTOR('',#8542,10.);
#2480=VECTOR('',#8543,10.);
#2481=VECTOR('',#8544,10.);
#2482=VECTOR('',#8545,10.);
#2483=VECTOR('',#8546,10.);
#2484=VECTOR('',#8551,10.);
#2485=VECTOR('',#8556,10.);
#2486=VECTOR('',#8559,10.);
#2487=VECTOR('',#8566,2.5);
#2488=VECTOR('',#8573,10.);
#2489=VECTOR('',#8574,10.);
#2490=VECTOR('',#8577,10.);
#2491=VECTOR('',#8580,10.);
#2492=VECTOR('',#8581,10.);
#2493=VECTOR('',#8584,10.);
#2494=VECTOR('',#8585,10.);
#2495=VECTOR('',#8586,10.);
#2496=VECTOR('',#8587,10.);
#2497=VECTOR('',#8598,10.);
#2498=VECTOR('',#8601,10.);
#2499=VECTOR('',#8602,10.);
#2500=VECTOR('',#8605,10.);
#2501=VECTOR('',#8606,10.);
#2502=VECTOR('',#8607,10.);
#2503=VECTOR('',#8610,10.);
#2504=VECTOR('',#8611,10.);
#2505=VECTOR('',#8614,10.);
#2506=VECTOR('',#8619,10.);
#2507=VECTOR('',#8620,10.);
#2508=VECTOR('',#8625,10.);
#2509=VECTOR('',#8626,10.);
#2510=VECTOR('',#8627,10.);
#2511=VECTOR('',#8628,10.);
#2512=VECTOR('',#8633,10.);
#2513=VECTOR('',#8634,10.);
#2514=VECTOR('',#8635,10.);
#2515=VECTOR('',#8638,10.);
#2516=VECTOR('',#8641,10.);
#2517=VECTOR('',#8642,10.);
#2518=VECTOR('',#8645,10.);
#2519=VECTOR('',#8648,10.);
#2520=VECTOR('',#8649,10.);
#2521=VECTOR('',#8650,10.);
#2522=VECTOR('',#8653,10.);
#2523=VECTOR('',#8654,10.);
#2524=VECTOR('',#8655,10.);
#2525=VECTOR('',#8656,10.);
#2526=VECTOR('',#8657,10.);
#2527=VECTOR('',#8678,10.);
#2528=VECTOR('',#8679,10.);
#2529=VECTOR('',#8680,10.);
#2530=VECTOR('',#8681,10.);
#2531=VECTOR('',#8682,10.);
#2532=VECTOR('',#8693,10.);
#2533=VECTOR('',#8694,10.);
#2534=VECTOR('',#8695,10.);
#2535=VECTOR('',#8698,10.);
#2536=VECTOR('',#8699,10.);
#2537=VECTOR('',#8700,10.);
#2538=VECTOR('',#8703,10.);
#2539=VECTOR('',#8704,10.);
#2540=VECTOR('',#8709,10.);
#2541=VECTOR('',#8712,10.);
#2542=VECTOR('',#8715,10.);
#2543=VECTOR('',#8718,10.);
#2544=VECTOR('',#8723,10.);
#2545=VECTOR('',#8724,10.);
#2546=VECTOR('',#8725,10.);
#2547=VECTOR('',#8728,10.);
#2548=VECTOR('',#8729,10.);
#2549=VECTOR('',#8730,10.);
#2550=VECTOR('',#8733,10.);
#2551=VECTOR('',#8734,10.);
#2552=VECTOR('',#8739,10.);
#2553=VECTOR('',#8742,10.);
#2554=VECTOR('',#8747,10.);
#2555=VECTOR('',#8750,10.);
#2556=VECTOR('',#8753,10.);
#2557=VECTOR('',#8758,10.);
#2558=VECTOR('',#8765,10.);
#2559=VECTOR('',#8768,10.);
#2560=VECTOR('',#8769,10.);
#2561=VECTOR('',#8772,10.);
#2562=VECTOR('',#8773,10.);
#2563=VECTOR('',#8776,10.);
#2564=VECTOR('',#8777,10.);
#2565=VECTOR('',#8778,10.);
#2566=VECTOR('',#8779,10.);
#2567=VECTOR('',#8780,10.);
#2568=VECTOR('',#8783,10.);
#2569=VECTOR('',#8788,10.);
#2570=VECTOR('',#8789,10.);
#2571=VECTOR('',#8792,10.);
#2572=VECTOR('',#8793,10.);
#2573=VECTOR('',#8798,10.);
#2574=VECTOR('',#8799,10.);
#2575=VECTOR('',#8800,10.);
#2576=VECTOR('',#8803,10.);
#2577=VECTOR('',#8804,10.);
#2578=VECTOR('',#8805,10.);
#2579=VECTOR('',#8808,10.);
#2580=VECTOR('',#8809,10.);
#2581=VECTOR('',#8814,10.);
#2582=VECTOR('',#8817,10.);
#2583=VECTOR('',#8818,10.);
#2584=VECTOR('',#8821,10.);
#2585=VECTOR('',#8826,10.);
#2586=VECTOR('',#8827,10.);
#2587=VECTOR('',#8828,10.);
#2588=VECTOR('',#8831,10.);
#2589=VECTOR('',#8832,10.);
#2590=VECTOR('',#8833,10.);
#2591=VECTOR('',#8836,10.);
#2592=VECTOR('',#8837,10.);
#2593=VECTOR('',#8842,10.);
#2594=VECTOR('',#8845,10.);
#2595=VECTOR('',#8848,10.);
#2596=VECTOR('',#8851,10.);
#2597=VECTOR('',#8852,10.);
#2598=VECTOR('',#8857,10.);
#2599=VECTOR('',#8862,10.);
#2600=VECTOR('',#8863,10.);
#2601=VECTOR('',#8866,10.);
#2602=VECTOR('',#8867,10.);
#2603=VECTOR('',#8872,10.);
#2604=VECTOR('',#8873,10.);
#2605=VECTOR('',#8874,10.);
#2606=VECTOR('',#8875,10.);
#2607=VECTOR('',#8876,10.);
#2608=VECTOR('',#8879,10.);
#2609=VECTOR('',#8882,10.);
#2610=VECTOR('',#8883,10.);
#2611=VECTOR('',#8884,10.);
#2612=VECTOR('',#8885,10.);
#2613=VECTOR('',#8886,10.);
#2614=VECTOR('',#8889,10.);
#2615=VECTOR('',#8900,10.);
#2616=VECTOR('',#8903,10.);
#2617=VECTOR('',#8906,10.);
#2618=VECTOR('',#8907,10.);
#2619=VECTOR('',#8908,10.);
#2620=VECTOR('',#8913,12.5);
#2621=VECTOR('',#8918,12.5);
#2622=VECTOR('',#8921,10.);
#2623=VECTOR('',#8922,10.);
#2624=VECTOR('',#8923,10.);
#2625=VECTOR('',#8924,10.);
#2626=VECTOR('',#8925,10.);
#2627=VECTOR('',#8926,10.);
#2628=VECTOR('',#8927,10.);
#2629=VECTOR('',#8928,10.);
#2630=VECTOR('',#8929,10.);
#2631=VECTOR('',#8932,10.);
#2632=VECTOR('',#8933,10.);
#2633=VECTOR('',#8934,10.);
#2634=VECTOR('',#8935,10.);
#2635=VECTOR('',#8936,10.);
#2636=VECTOR('',#8937,10.);
#2637=VECTOR('',#8940,10.);
#2638=VECTOR('',#8941,10.);
#2639=VECTOR('',#8944,10.);
#2640=VECTOR('',#8945,10.);
#2641=VECTOR('',#8950,10.);
#2642=VECTOR('',#8953,10.);
#2643=VECTOR('',#8956,10.);
#2644=VECTOR('',#8959,10.);
#2645=VECTOR('',#8960,10.);
#2646=VECTOR('',#8963,10.);
#2647=VECTOR('',#8964,10.);
#2648=VECTOR('',#8967,10.);
#2649=VECTOR('',#8968,10.);
#2650=VECTOR('',#8969,10.);
#2651=VECTOR('',#8970,10.);
#2652=VECTOR('',#8973,10.);
#2653=VECTOR('',#8974,10.);
#2654=VECTOR('',#8975,10.);
#2655=VECTOR('',#8976,10.);
#2656=VECTOR('',#8979,10.);
#2657=VECTOR('',#8980,10.);
#2658=VECTOR('',#8981,10.);
#2659=VECTOR('',#8982,10.);
#2660=VECTOR('',#8983,10.);
#2661=VECTOR('',#8984,10.);
#2662=VECTOR('',#8989,10.);
#2663=VECTOR('',#8990,10.);
#2664=VECTOR('',#8995,10.);
#2665=VECTOR('',#8996,10.);
#2666=VECTOR('',#8997,10.);
#2667=VECTOR('',#9000,10.);
#2668=VECTOR('',#9005,10.);
#2669=VECTOR('',#9008,10.);
#2670=VECTOR('',#9009,10.);
#2671=VECTOR('',#9010,10.);
#2672=VECTOR('',#9011,10.);
#2673=VECTOR('',#9012,10.);
#2674=VECTOR('',#9013,10.);
#2675=VECTOR('',#9014,10.);
#2676=VECTOR('',#9015,10.);
#2677=VECTOR('',#9018,10.);
#2678=VECTOR('',#9019,10.);
#2679=VECTOR('',#9028,10.);
#2680=VECTOR('',#9031,10.);
#2681=VECTOR('',#9032,10.);
#2682=VECTOR('',#9035,10.);
#2683=VECTOR('',#9038,10.);
#2684=VECTOR('',#9039,10.);
#2685=VECTOR('',#9042,10.);
#2686=VECTOR('',#9043,10.);
#2687=VECTOR('',#9046,10.);
#2688=VECTOR('',#9049,10.);
#2689=VECTOR('',#9052,10.);
#2690=VECTOR('',#9059,10.);
#2691=VECTOR('',#9060,10.);
#2692=VECTOR('',#9063,10.);
#2693=VECTOR('',#9064,10.);
#2694=VECTOR('',#9073,10.);
#2695=VECTOR('',#9074,10.);
#2696=VECTOR('',#9079,10.);
#2697=VECTOR('',#9082,10.);
#2698=VECTOR('',#9089,10.);
#2699=VECTOR('',#9098,10.);
#2700=VECTOR('',#9099,10.);
#2701=VECTOR('',#9102,10.);
#2702=VECTOR('',#9105,10.);
#2703=VECTOR('',#9106,10.);
#2704=VECTOR('',#9107,10.);
#2705=VECTOR('',#9110,10.);
#2706=VECTOR('',#9113,10.);
#2707=VECTOR('',#9114,10.);
#2708=VECTOR('',#9115,10.);
#2709=VECTOR('',#9118,10.);
#2710=VECTOR('',#9119,10.);
#2711=VECTOR('',#9120,10.);
#2712=VECTOR('',#9121,10.);
#2713=VECTOR('',#9122,10.);
#2714=VECTOR('',#9123,10.);
#2715=VECTOR('',#9124,10.);
#2716=VECTOR('',#9127,10.);
#2717=VECTOR('',#9128,10.);
#2718=VECTOR('',#9129,10.);
#2719=VECTOR('',#9132,10.);
#2720=VECTOR('',#9133,10.);
#2721=VECTOR('',#9134,10.);
#2722=VECTOR('',#9135,10.);
#2723=VECTOR('',#9136,10.);
#2724=VECTOR('',#9137,10.);
#2725=VECTOR('',#9138,10.);
#2726=VECTOR('',#9141,10.);
#2727=VECTOR('',#9142,10.);
#2728=VECTOR('',#9145,10.);
#2729=VECTOR('',#9146,10.);
#2730=VECTOR('',#9147,10.);
#2731=VECTOR('',#9154,10.);
#2732=VECTOR('',#9159,10.);
#2733=VECTOR('',#9164,10.);
#2734=VECTOR('',#9165,10.);
#2735=VECTOR('',#9170,10.);
#2736=VECTOR('',#9171,10.);
#2737=VECTOR('',#9176,10.);
#2738=VECTOR('',#9183,10.);
#2739=VECTOR('',#9188,10.);
#2740=VECTOR('',#9189,10.);
#2741=VECTOR('',#9192,10.);
#2742=VECTOR('',#9197,10.);
#2743=VECTOR('',#9198,10.);
#2744=VECTOR('',#9209,10.);
#2745=VECTOR('',#9210,10.);
#2746=VECTOR('',#9213,10.);
#2747=VECTOR('',#9216,10.);
#2748=VECTOR('',#9217,10.);
#2749=VECTOR('',#9220,10.);
#2750=VECTOR('',#9225,10.);
#2751=VECTOR('',#9230,10.);
#2752=VECTOR('',#9231,10.);
#2753=VECTOR('',#9236,10.);
#2754=VECTOR('',#9241,10.);
#2755=VECTOR('',#9244,10.);
#2756=VECTOR('',#9247,10.);
#2757=VECTOR('',#9250,10.);
#2758=VECTOR('',#9253,10.);
#2759=VECTOR('',#9254,10.);
#2760=VECTOR('',#9259,10.);
#2761=VECTOR('',#9260,10.);
#2762=VECTOR('',#9269,10.);
#2763=VECTOR('',#9272,10.);
#2764=VECTOR('',#9277,10.);
#2765=VECTOR('',#9282,1.05);
#2766=VECTOR('',#9289,1.05);
#2767=VECTOR('',#9296,1.05);
#2768=VECTOR('',#9303,1.05);
#2769=VECTOR('',#9310,1.05);
#2770=VECTOR('',#9317,1.05);
#2771=VECTOR('',#9324,1.05);
#2772=VECTOR('',#9331,1.05);
#2773=VECTOR('',#9336,10.);
#2774=VECTOR('',#9337,10.);
#2775=VECTOR('',#9338,10.);
#2776=VECTOR('',#9349,63.1091170592649);
#2777=VECTOR('',#9350,10.);
#2778=VECTOR('',#9351,62.3485577700078);
#2779=VECTOR('',#9354,10.);
#2780=VECTOR('',#9357,10.);
#2781=VECTOR('',#9358,56.789491712816);
#2782=VECTOR('',#9361,10.);
#2783=VECTOR('',#9364,10.);
#2784=VECTOR('',#9365,63.1072779415399);
#2785=VECTOR('',#9368,10.);
#2786=VECTOR('',#9371,10.);
#2787=VECTOR('',#9372,10.);
#2788=VECTOR('',#9373,55.6871611893587);
#2789=VECTOR('',#9390,10.);
#2790=VECTOR('',#9397,10.);
#2791=VECTOR('',#9398,63.1091170592649);
#2792=VECTOR('',#9399,62.3485577700078);
#2793=VECTOR('',#9402,10.);
#2794=VECTOR('',#9405,10.);
#2795=VECTOR('',#9406,55.6866231693034);
#2796=VECTOR('',#9407,10.);
#2797=VECTOR('',#9410,10.);
#2798=VECTOR('',#9413,10.);
#2799=VECTOR('',#9414,62.3484030990369);
#2800=VECTOR('',#9417,10.);
#2801=VECTOR('',#9420,10.);
#2802=VECTOR('',#9421,56.789491712816);
#2803=VECTOR('',#9428,10.);
#2804=VECTOR('',#9429,10.);
#2805=VECTOR('',#9432,10.);
#2806=VECTOR('',#9433,10.);
#2807=VECTOR('',#9438,10.);
#2808=VECTOR('',#9441,10.);
#2809=VECTOR('',#9442,10.);
#2810=VECTOR('',#9447,10.);
#2811=VECTOR('',#9450,10.);
#2812=VECTOR('',#9451,10.);
#2813=VECTOR('',#9456,10.);
#2814=VECTOR('',#9459,10.);
#2815=VECTOR('',#9462,10.);
#2816=VECTOR('',#9465,10.);
#2817=VECTOR('',#9468,10.);
#2818=VECTOR('',#9469,10.);
#2819=VECTOR('',#9470,10.);
#2820=VECTOR('',#9475,10.);
#2821=VECTOR('',#9478,10.);
#2822=VECTOR('',#9479,10.);
#2823=VECTOR('',#9484,10.);
#2824=VECTOR('',#9487,10.);
#2825=VECTOR('',#9488,10.);
#2826=VECTOR('',#9493,10.);
#2827=VECTOR('',#9496,10.);
#2828=VECTOR('',#9497,10.);
#2829=VECTOR('',#9504,10.);
#2830=VECTOR('',#9505,10.);
#2831=VECTOR('',#9506,10.);
#2832=VECTOR('',#9507,10.);
#2833=VECTOR('',#9510,10.);
#2834=VECTOR('',#9511,10.);
#2835=VECTOR('',#9512,10.);
#2836=VECTOR('',#9513,10.);
#2837=VECTOR('',#9516,10.);
#2838=VECTOR('',#9517,10.);
#2839=VECTOR('',#9518,10.);
#2840=VECTOR('',#9519,10.);
#2841=VECTOR('',#9522,10.);
#2842=VECTOR('',#9523,10.);
#2843=VECTOR('',#9524,10.);
#2844=VECTOR('',#9525,10.);
#2845=VECTOR('',#9528,10.);
#2846=VECTOR('',#9529,10.);
#2847=VECTOR('',#9530,10.);
#2848=VECTOR('',#9531,10.);
#2849=VECTOR('',#9534,10.);
#2850=VECTOR('',#9535,10.);
#2851=VECTOR('',#9536,10.);
#2852=VECTOR('',#9537,10.);
#2853=VECTOR('',#9540,10.);
#2854=VECTOR('',#9541,10.);
#2855=VECTOR('',#9542,10.);
#2856=VECTOR('',#9543,10.);
#2857=VECTOR('',#9546,10.);
#2858=VECTOR('',#9547,10.);
#2859=VECTOR('',#9548,10.);
#2860=VECTOR('',#9549,10.);
#2861=VECTOR('',#9552,10.);
#2862=VECTOR('',#9553,10.);
#2863=VECTOR('',#9554,10.);
#2864=VECTOR('',#9557,10.);
#2865=VECTOR('',#9558,10.);
#2866=VECTOR('',#9559,10.);
#2867=VECTOR('',#9562,10.);
#2868=VECTOR('',#9563,10.);
#2869=VECTOR('',#9564,10.);
#2870=VECTOR('',#9567,10.);
#2871=VECTOR('',#9568,10.);
#2872=VECTOR('',#9569,10.);
#2873=VECTOR('',#9572,10.);
#2874=VECTOR('',#9573,10.);
#2875=VECTOR('',#9574,10.);
#2876=VECTOR('',#9577,10.);
#2877=VECTOR('',#9578,10.);
#2878=VECTOR('',#9579,10.);
#2879=VECTOR('',#9582,10.);
#2880=VECTOR('',#9585,10.);
#2881=VECTOR('',#9588,10.);
#2882=VECTOR('',#9591,10.);
#2883=VECTOR('',#9596,10.);
#2884=VECTOR('',#9597,10.);
#2885=VECTOR('',#9600,10.);
#2886=VECTOR('',#9605,10.);
#2887=VECTOR('',#9608,10.);
#2888=VECTOR('',#9609,10.);
#2889=VECTOR('',#9612,10.);
#2890=VECTOR('',#9615,10.);
#2891=VECTOR('',#9616,10.);
#2892=VECTOR('',#9619,10.);
#2893=VECTOR('',#9622,10.);
#2894=VECTOR('',#9623,10.);
#2895=VECTOR('',#9628,10.);
#2896=VECTOR('',#9629,10.);
#2897=VECTOR('',#9636,10.);
#2898=VECTOR('',#9637,10.);
#2899=VECTOR('',#9642,10.);
#2900=VECTOR('',#9645,10.);
#2901=VECTOR('',#9648,10.);
#2902=VECTOR('',#9651,10.);
#2903=VECTOR('',#9654,10.);
#2904=VECTOR('',#9655,10.);
#2905=VECTOR('',#9658,10.);
#2906=VECTOR('',#9663,10.);
#2907=VECTOR('',#9668,10.);
#2908=VECTOR('',#9677,10.);
#2909=VECTOR('',#9678,10.);
#2910=VECTOR('',#9685,10.);
#2911=VECTOR('',#9690,10.);
#2912=VECTOR('',#9695,10.);
#2913=VECTOR('',#9704,62.1269720491833);
#2914=VECTOR('',#9705,10.);
#2915=VECTOR('',#9706,61.354239103749);
#2916=VECTOR('',#9709,10.);
#2917=VECTOR('',#9712,10.);
#2918=VECTOR('',#9713,57.1143271780383);
#2919=VECTOR('',#9716,10.);
#2920=VECTOR('',#9719,10.);
#2921=VECTOR('',#9720,62.1274687155368);
#2922=VECTOR('',#9725,10.);
#2923=VECTOR('',#9728,10.);
#2924=VECTOR('',#9729,56.0178542966437);
#2925=VECTOR('',#9736,10.);
#2926=VECTOR('',#9737,10.);
#2927=VECTOR('',#9738,10.);
#2928=VECTOR('',#9739,10.);
#2929=VECTOR('',#9744,10.);
#2930=VECTOR('',#9747,10.);
#2931=VECTOR('',#9750,10.);
#2932=VECTOR('',#9751,10.);
#2933=VECTOR('',#9752,10.);
#2934=VECTOR('',#9753,10.);
#2935=VECTOR('',#9756,10.);
#2936=VECTOR('',#9757,10.);
#2937=VECTOR('',#9760,10.);
#2938=VECTOR('',#9761,10.);
#2939=VECTOR('',#9762,10.);
#2940=VECTOR('',#9765,10.);
#2941=VECTOR('',#9766,10.);
#2942=VECTOR('',#9767,10.);
#2943=VECTOR('',#9772,10.);
#2944=VECTOR('',#9777,10.);
#2945=VECTOR('',#9778,10.);
#2946=VECTOR('',#9779,10.);
#2947=VECTOR('',#9780,10.);
#2948=VECTOR('',#9785,10.);
#2949=VECTOR('',#9788,10.);
#2950=VECTOR('',#9791,10.);
#2951=VECTOR('',#9792,10.);
#2952=VECTOR('',#9793,10.);
#2953=VECTOR('',#9794,10.);
#2954=VECTOR('',#9797,10.);
#2955=VECTOR('',#9798,10.);
#2956=VECTOR('',#9799,10.);
#2957=VECTOR('',#9802,10.);
#2958=VECTOR('',#9803,10.);
#2959=VECTOR('',#9804,10.);
#2960=VECTOR('',#9809,10.);
#2961=VECTOR('',#9812,10.);
#2962=VECTOR('',#9815,10.);
#2963=VECTOR('',#9816,10.);
#2964=VECTOR('',#9817,10.);
#2965=VECTOR('',#9820,10.);
#2966=VECTOR('',#9821,10.);
#2967=VECTOR('',#9822,10.);
#2968=VECTOR('',#9825,10.);
#2969=VECTOR('',#9826,10.);
#2970=VECTOR('',#9827,10.);
#2971=VECTOR('',#9830,10.);
#2972=VECTOR('',#9831,10.);
#2973=VECTOR('',#9832,10.);
#2974=VECTOR('',#9833,10.);
#2975=VECTOR('',#9836,10.);
#2976=VECTOR('',#9837,10.);
#2977=VECTOR('',#9840,10.);
#2978=VECTOR('',#9841,10.);
#2979=VECTOR('',#9842,10.);
#2980=VECTOR('',#9845,10.);
#2981=VECTOR('',#9846,10.);
#2982=VECTOR('',#9847,10.);
#2983=VECTOR('',#9850,10.);
#2984=VECTOR('',#9851,10.);
#2985=VECTOR('',#9852,10.);
#2986=VECTOR('',#9855,10.);
#2987=VECTOR('',#9856,10.);
#2988=VECTOR('',#9859,10.);
#2989=VECTOR('',#9860,10.);
#2990=VECTOR('',#9861,10.);
#2991=VECTOR('',#9864,10.);
#2992=VECTOR('',#9865,10.);
#2993=VECTOR('',#9868,10.);
#2994=VECTOR('',#9869,10.);
#2995=VECTOR('',#9870,10.);
#2996=VECTOR('',#9873,10.);
#2997=VECTOR('',#9874,10.);
#2998=VECTOR('',#9875,10.);
#2999=VECTOR('',#9886,10.);
#3000=VECTOR('',#9893,10.);
#3001=VECTOR('',#9900,10.);
#3002=VECTOR('',#9901,10.);
#3003=VECTOR('',#9908,10.);
#3004=VECTOR('',#9909,10.);
#3005=VECTOR('',#9920,61.354239103749);
#3006=VECTOR('',#9921,62.1269720491833);
#3007=VECTOR('',#9922,10.);
#3008=VECTOR('',#9925,57.1143271780383);
#3009=VECTOR('',#9926,10.);
#3010=VECTOR('',#9929,62.1274687155368);
#3011=VECTOR('',#9932,10.);
#3012=VECTOR('',#9935,56.0178542966437);
#3013=VECTOR('',#9940,12.5);
#3014=VECTOR('',#9943,12.5);
#3015=VECTOR('',#9948,12.5);
#3016=B_SPLINE_CURVE_WITH_KNOTS('',3,(#9988,#9989,#9990,#9991,#9992,#9993,
#9994,#9995,#9996,#9997,#9998,#9999,#10000,#10001,#10002,#10003,#10004,
#10005,#10006,#10007,#10008,#10009,#10010,#10011,#10012,#10013,#10014,#10015,
#10016,#10017,#10018,#10019,#10020,#10021),.UNSPECIFIED.,.T.,.F.,(4,2,2,
2,2,2,2,2,2,2,2,2,2,2,2,2,4),(0.,0.150509698435661,0.301019396871321,0.453801675160961,
0.606583953450601,0.760996505249168,0.915409057047735,1.06609137205731,
1.21677368706689,1.36745600207646,1.51813831708604,1.67255086888461,1.82696342068318,
1.97974569897281,2.13252797726245,2.28303767569812,2.43354737413378),
 .UNSPECIFIED.);
#3017=B_SPLINE_CURVE_WITH_KNOTS('',3,(#10031,#10032,#10033,#10034,#10035,
#10036,#10037,#10038,#10039,#10040,#10041,#10042,#10043,#10044,#10045,#10046,
#10047,#10048),.UNSPECIFIED.,.F.,.F.,(4,2,2,2,2,2,2,2,4),(1.21677368706689,
1.36745600207646,1.51813831708604,1.67255086888461,1.82696342068318,1.97974569897281,
2.13252797726245,2.28303767569811,2.43354737413378),.UNSPECIFIED.);
#3018=B_SPLINE_CURVE_WITH_KNOTS('',3,(#10049,#10050,#10051,#10052,#10053,
#10054,#10055,#10056,#10057,#10058,#10059,#10060,#10061,#10062,#10063,#10064,
#10065,#10066),.UNSPECIFIED.,.F.,.F.,(4,2,2,2,2,2,2,2,4),(0.,0.150509698435661,
0.301019396871322,0.453801675160961,0.606583953450601,0.760996505249168,
0.915409057047735,1.06609137205731,1.21677368706689),.UNSPECIFIED.);
#3019=B_SPLINE_CURVE_WITH_KNOTS('',3,(#10072,#10073,#10074,#10075,#10076,
#10077,#10078,#10079,#10080,#10081,#10082,#10083,#10084,#10085,#10086),
 .UNSPECIFIED.,.F.,.F.,(4,2,2,3,2,2,4),(-0.402687926526357,-0.30138531831659,
-0.150692659158295,0.,0.150752819566306,0.301505639132611,0.402692590906652),
 .UNSPECIFIED.);
#3020=B_SPLINE_CURVE_WITH_KNOTS('',3,(#10101,#10102,#10103,#10104,#10105,
#10106,#10107,#10108,#10109,#10110,#10111,#10112,#10113,#10114),
 .UNSPECIFIED.,.F.,.F.,(4,2,2,2,2,2,4),(0.804946150148991,0.906133101923034,
1.05688592148934,1.20763874105565,1.35839156062195,1.50914438018826,1.6103313319623),
 .UNSPECIFIED.);
#3021=B_SPLINE_CURVE_WITH_KNOTS('',3,(#10148,#10149,#10150,#10151,#10152,
#10153,#10154,#10155,#10156,#10157,#10158,#10159,#10160,#10161,#10162),
 .UNSPECIFIED.,.F.,.F.,(4,2,2,3,2,2,4),(-0.556362731816503,-0.377077307395377,
-0.188538653697689,0.,0.188538653697689,0.377077307395377,0.55636273181616),
 .UNSPECIFIED.);
#3022=B_SPLINE_CURVE_WITH_KNOTS('',3,(#10167,#10168,#10169,#10170,#10171,
#10172,#10173,#10174,#10175,#10176,#10177,#10178,#10179,#10180,#10181,#10182,
#10183,#10184),.UNSPECIFIED.,.F.,.F.,(4,2,2,2,2,2,2,2,4),(0.,0.18843957322484,
0.376879146449681,0.570200048698911,0.763520950948141,0.954215866034765,
1.14491078112139,1.33306810753405,1.52122543394671),.UNSPECIFIED.);
#3023=B_SPLINE_CURVE_WITH_KNOTS('',3,(#10185,#10186,#10187,#10188,#10189,
#10190,#10191,#10192,#10193,#10194,#10195,#10196,#10197,#10198,#10199,#10200,
#10201,#10202),.UNSPECIFIED.,.F.,.F.,(4,2,2,2,2,2,2,2,4),(1.52122543394671,
1.70982539905929,1.89842536417187,2.08867764579761,2.27892992742334,2.47092455837144,
2.66291918931953,2.85268704236512,3.04245489541072),.UNSPECIFIED.);
#3024=B_SPLINE_CURVE_WITH_KNOTS('',3,(#10212,#10213,#10214,#10215,#10216,
#10217,#10218,#10219),.UNSPECIFIED.,.F.,.F.,(4,2,2,4),(0.95456586259726,
1.13385128701805,1.32238994071573,1.51092859441342),.UNSPECIFIED.);
#3025=B_SPLINE_CURVE_WITH_KNOTS('',3,(#10222,#10223,#10224,#10225,#10226,
#10227,#10228,#10229),.UNSPECIFIED.,.F.,.F.,(4,2,2,4),(1.51092859441342,
1.69946724811111,1.8880059018088,2.06729132622959),.UNSPECIFIED.);
#3026=B_SPLINE_CURVE_WITH_KNOTS('',3,(#10233,#10234,#10235,#10236,#10237,
#10238,#10239,#10240,#10241,#10242,#10243,#10244,#10245,#10246,#10247,#10248,
#10249,#10250),.UNSPECIFIED.,.F.,.F.,(4,2,2,2,2,2,2,2,4),(0.,0.188599965112579,
0.377199930225159,0.567452211850897,0.757704493476635,0.949699124424729,
1.14169375537282,1.33146160841842,1.52122946146401),.UNSPECIFIED.);
#3027=B_SPLINE_CURVE_WITH_KNOTS('',3,(#10251,#10252,#10253,#10254,#10255,
#10256,#10257,#10258,#10259,#10260,#10261,#10262,#10263,#10264,#10265,#10266,
#10267,#10268),.UNSPECIFIED.,.F.,.F.,(4,2,2,2,2,2,2,2,4),(1.52122946146401,
1.70966903468885,1.89810860791369,2.09142951016292,2.28475041241215,2.47544532749877,
2.6661402425854,2.85429756899806,3.04245489541072),.UNSPECIFIED.);
#3028=B_SPLINE_CURVE_WITH_KNOTS('',3,(#10303,#10304,#10305,#10306,#10307,
#10308,#10309,#10310),.UNSPECIFIED.,.F.,.F.,(4,2,2,4),(0.804946150148989,
0.906133101923034,1.05688592148934,1.20763874105565),.UNSPECIFIED.);
#3029=B_SPLINE_CURVE_WITH_KNOTS('',3,(#10314,#10315,#10316,#10317,#10318,
#10319,#10320,#10321),.UNSPECIFIED.,.F.,.F.,(4,2,2,4),(1.20763874105565,
1.35839156062195,1.50914438018826,1.6103313319623),.UNSPECIFIED.);
#3030=B_SPLINE_CURVE_WITH_KNOTS('',3,(#10328,#10329,#10330,#10331,#10332,
#10333,#10334,#10335,#10336,#10337,#10338,#10339,#10340,#10341,#10342),
 .UNSPECIFIED.,.F.,.F.,(4,2,2,3,2,2,4),(-0.556362731816502,-0.377077307395372,
-0.188538653697686,0.,0.188405791617631,0.376811583235262,0.556354073873402),
 .UNSPECIFIED.);
#3031=B_SPLINE_CURVE_WITH_KNOTS('',3,(#10354,#10355,#10356,#10357,#10358,
#10359,#10360,#10361),.UNSPECIFIED.,.F.,.F.,(4,2,2,4),(0.804946150148985,
0.90613310192303,1.05688592148934,1.20763874105564),.UNSPECIFIED.);
#3032=B_SPLINE_CURVE_WITH_KNOTS('',3,(#10362,#10363,#10364,#10365,#10366,
#10367,#10368,#10369),.UNSPECIFIED.,.F.,.F.,(4,2,2,4),(1.20763874105564,
1.35833140021394,1.50902405937223,1.61032666757489),.UNSPECIFIED.);
#3033=B_SPLINE_CURVE_WITH_KNOTS('',3,(#10375,#10376,#10377,#10378,#10379,
#10380,#10381,#10382),.UNSPECIFIED.,.F.,.F.,(4,2,2,4),(0.954565862597257,
1.13385128701804,1.32238994071573,1.51092859441342),.UNSPECIFIED.);
#3034=B_SPLINE_CURVE_WITH_KNOTS('',3,(#10383,#10384,#10385,#10386,#10387,
#10388,#10389,#10390),.UNSPECIFIED.,.F.,.F.,(4,2,2,4),(1.51092859441342,
1.69946724811111,1.8880059018088,2.06729132622959),.UNSPECIFIED.);
#3035=B_SPLINE_CURVE_WITH_KNOTS('',3,(#10476,#10477,#10478,#10479,#10480,
#10481,#10482,#10483,#10484,#10485,#10486,#10487,#10488,#10489,#10490,#10491,
#10492,#10493,#10494,#10495,#10496,#10497,#10498,#10499,#10500,#10501,#10502,
#10503,#10504,#10505,#10506,#10507,#10508,#10509),.UNSPECIFIED.,.T.,.F.,
(4,2,2,2,2,2,2,2,2,2,2,2,2,2,2,2,4),(0.,0.16956020245389,0.33912040490778,
0.512966614663238,0.686812824418696,0.858533501220851,1.03025417802301,
1.19958757931627,1.36892098060954,1.5382543819028,1.70758778319607,1.87930845999822,
2.05102913680037,2.22487534655583,2.39872155631129,2.56828175876518,2.73784196121907),
 .UNSPECIFIED.);
#3036=B_SPLINE_CURVE_WITH_KNOTS('',3,(#10519,#10520,#10521,#10522,#10523,
#10524,#10525,#10526),.UNSPECIFIED.,.F.,.F.,(4,2,2,4),(-0.479863534573273,
-0.33908843850518,-0.16954421925259,0.),.UNSPECIFIED.);
#3037=B_SPLINE_CURVE_WITH_KNOTS('',3,(#10529,#10530,#10531,#10532,#10533,
#10534,#10535,#10536),.UNSPECIFIED.,.F.,.F.,(4,2,2,4),(0.,0.169641372210634,
0.339282744421268,0.479870545080821),.UNSPECIFIED.);
#3038=B_SPLINE_CURVE_WITH_KNOTS('',3,(#10540,#10541,#10542,#10543,#10544,
#10545,#10546,#10547,#10548,#10549,#10550,#10551,#10552,#10553,#10554,#10555,
#10556,#10557),.UNSPECIFIED.,.F.,.F.,(4,2,2,2,2,2,2,2,4),(0.,0.18843957322484,
0.37687914644968,0.570200048698911,0.763520950948142,0.954215866034766,
1.14491078112139,1.33306810753405,1.52122543394671),.UNSPECIFIED.);
#3039=B_SPLINE_CURVE_WITH_KNOTS('',3,(#10558,#10559,#10560,#10561,#10562,
#10563,#10564,#10565,#10566,#10567,#10568,#10569,#10570,#10571,#10572,#10573,
#10574,#10575),.UNSPECIFIED.,.F.,.F.,(4,2,2,2,2,2,2,2,4),(1.52122543394671,
1.70938276035937,1.89754008677203,2.08823500185866,2.27892991694528,2.47225081919451,
2.66557172144374,2.85401129466858,3.04245086789342),.UNSPECIFIED.);
#3040=B_SPLINE_CURVE_WITH_KNOTS('',3,(#10679,#10680,#10681,#10682,#10683,
#10684,#10685,#10686,#10687,#10688,#10689,#10690,#10691,#10692,#10693,#10694,
#10695,#10696),.UNSPECIFIED.,.F.,.F.,(4,2,2,2,2,2,2,2,4),(0.,0.150691047921897,
0.301382095843794,0.45578775141749,0.610193406991186,0.762920699445399,
0.915647991899611,1.06616111908913,1.21667424627864),.UNSPECIFIED.);
#3041=B_SPLINE_CURVE_WITH_KNOTS('',3,(#10697,#10698,#10699,#10700,#10701,
#10702,#10703,#10704,#10705,#10706,#10707,#10708,#10709,#10710,#10711,#10712,
#10713,#10714),.UNSPECIFIED.,.F.,.F.,(4,2,2,2,2,2,2,2,4),(1.21667424627864,
1.36718737346816,1.51770050065767,1.67042779311188,1.8231550855661,1.97756074113979,
2.13196639671349,2.28265744463539,2.43334849255728),.UNSPECIFIED.);
#3042=B_SPLINE_CURVE_WITH_KNOTS('',3,(#10718,#10719,#10720,#10721,#10722,
#10723,#10724,#10725,#10726,#10727,#10728,#10729,#10730,#10731,#10732,#10733,
#10734,#10735),.UNSPECIFIED.,.F.,.F.,(4,2,2,2,2,2,2,2,4),(0.,0.150682315009577,
0.301364630019154,0.45577718181772,0.610189733616285,0.762972011905924,
0.915754290195563,1.06626398863122,1.21677368706688),.UNSPECIFIED.);
#3043=B_SPLINE_CURVE_WITH_KNOTS('',3,(#10736,#10737,#10738,#10739,#10740,
#10741,#10742,#10743,#10744,#10745,#10746,#10747,#10748,#10749,#10750,#10751,
#10752,#10753),.UNSPECIFIED.,.F.,.F.,(4,2,2,2,2,2,2,2,4),(1.21677368706688,
1.36728338550254,1.51779308393821,1.67057536222784,1.82335764051748,1.97777019231605,
2.13218274411461,2.28286505912419,2.43354737413377),.UNSPECIFIED.);
#3044=B_SPLINE_CURVE_WITH_KNOTS('',3,(#10768,#10769,#10770,#10771,#10772,
#10773,#10774,#10775,#10776,#10777,#10778,#10779,#10780,#10781,#10782),
 .UNSPECIFIED.,.F.,.F.,(4,2,2,3,2,2,4),(-0.402693393459128,-0.301516974830494,
-0.150758487415247,0.,0.150692032043673,0.301384064087346,0.402688241628346),
 .UNSPECIFIED.);
#3045=B_SPLINE_CURVE_WITH_KNOTS('',3,(#10798,#10799,#10800,#10801,#10802,
#10803,#10804,#10805,#10806,#10807,#10808,#10809,#10810,#10811,#10812,#10813,
#10814,#10815,#10816,#10817,#10818,#10819,#10820,#10821,#10822,#10823,#10824,
#10825,#10826,#10827,#10828,#10829,#10830,#10831),.UNSPECIFIED.,.T.,.F.,
(4,2,2,2,2,2,2,2,2,2,2,2,2,2,2,2,4),(0.,0.169333401293265,0.338666802586531,
0.510387479388685,0.682108156190839,0.855954365946298,1.02980057570176,
1.19936077815565,1.36892098060954,1.53848118306343,1.70804138551732,1.88188759527277,
2.05573380502823,2.22745448183039,2.39917515863254,2.5685085599258,2.73784196121907),
 .UNSPECIFIED.);
#3046=B_SPLINE_CURVE_WITH_KNOTS('',3,(#10843,#10844,#10845,#10846,#10847,
#10848,#10849,#10850,#10851,#10852,#10853,#10854,#10855,#10856),
 .UNSPECIFIED.,.F.,.F.,(4,2,2,2,2,2,4),(0.87954958799378,1.02013738865333,
1.18977876086396,1.3594201330746,1.52906150528524,1.69870287749588,1.83929067815543),
 .UNSPECIFIED.);
#3047=B_SPLINE_CURVE_WITH_KNOTS('',3,(#10861,#10862,#10863,#10864,#10865,
#10866,#10867,#10868,#10869,#10870,#10871,#10872,#10873,#10874,#10875,#10876,
#10877,#10878),.UNSPECIFIED.,.F.,.F.,(4,2,2,2,2,2,2,2,4),(0.,0.18815732641266,
0.376314652825321,0.567009567911945,0.757704482998569,0.9510253852478,1.14434628749703,
1.33278586072187,1.52122543394671),.UNSPECIFIED.);
#3048=B_SPLINE_CURVE_WITH_KNOTS('',3,(#10879,#10880,#10881,#10882,#10883,
#10884,#10885,#10886,#10887,#10888,#10889,#10890,#10891,#10892,#10893,#10894,
#10895,#10896),.UNSPECIFIED.,.F.,.F.,(4,2,2,2,2,2,2,2,4),(1.52122543394671,
1.70966500717155,1.89810458039639,2.09142548264562,2.28474638489485,2.47544129998148,
2.6661362150681,2.85429354148076,3.04245086789342),.UNSPECIFIED.);
#3049=B_SPLINE_CURVE_WITH_KNOTS('',3,(#10974,#10975,#10976,#10977,#10978,
#10979,#10980,#10981,#10982,#10983,#10984,#10985,#10986,#10987,#10988,#10989,
#10990,#10991),.UNSPECIFIED.,.F.,.F.,(4,2,2,2,2,2,2,2,4),(0.,0.150513127189515,
0.301026254379031,0.453753546833245,0.606480839287459,0.760886494861157,
0.915292150434854,1.06598319835675,1.21667424627865),.UNSPECIFIED.);
#3050=B_SPLINE_CURVE_WITH_KNOTS('',3,(#10992,#10993,#10994,#10995,#10996,
#10997,#10998,#10999,#11000,#11001,#11002,#11003,#11004,#11005,#11006,#11007,
#11008,#11009),.UNSPECIFIED.,.F.,.F.,(4,2,2,2,2,2,2,2,4),(1.21667424627865,
1.36736529420055,1.51805634212244,1.67246199769614,1.82686765326984,1.97959494572405,
2.13232223817827,2.28283536536778,2.43334849255729),.UNSPECIFIED.);
#3051=B_SPLINE_CURVE_WITH_KNOTS('',3,(#11013,#11014,#11015,#11016,#11017,
#11018,#11019,#11020,#11021,#11022,#11023,#11024,#11025,#11026,#11027,#11028,
#11029,#11030),.UNSPECIFIED.,.F.,.F.,(4,2,2,2,2,2,2,2,4),(0.,0.150509698435661,
0.301019396871321,0.453801675160961,0.606583953450601,0.760996505249167,
0.915409057047733,1.06609137205731,1.21677368706689),.UNSPECIFIED.);
#3052=B_SPLINE_CURVE_WITH_KNOTS('',3,(#11031,#11032,#11033,#11034,#11035,
#11036,#11037,#11038,#11039,#11040,#11041,#11042,#11043,#11044,#11045,#11046,
#11047,#11048),.UNSPECIFIED.,.F.,.F.,(4,2,2,2,2,2,2,2,4),(1.21677368706689,
1.36745600207647,1.51813831708605,1.67255086888461,1.82696342068318,1.97974569897282,
2.13252797726246,2.28303767569812,2.43354737413378),.UNSPECIFIED.);
#3053=B_SPLINE_CURVE_WITH_KNOTS('',3,(#11056,#11057,#11058,#11059,#11060,
#11061,#11062,#11063),.UNSPECIFIED.,.F.,.F.,(4,2,2,4),(0.805350830898805,
0.906527249518221,1.05728573693347,1.20804422434872),.UNSPECIFIED.);
#3054=B_SPLINE_CURVE_WITH_KNOTS('',3,(#11064,#11065,#11066,#11067,#11068,
#11069,#11070,#11071),.UNSPECIFIED.,.F.,.F.,(4,2,2,4),(1.20804422434872,
1.35880271176397,1.50956119917922,1.61073761779863),.UNSPECIFIED.);
#3055=B_SPLINE_CURVE_WITH_KNOTS('',3,(#11250,#11251,#11252,#11253),
 .UNSPECIFIED.,.F.,.F.,(4,4),(0.,0.0508721493118116),.UNSPECIFIED.);
#3056=B_SPLINE_CURVE_WITH_KNOTS('',3,(#11329,#11330,#11331,#11332),
 .UNSPECIFIED.,.F.,.F.,(4,4),(0.160440904394109,0.208995391070826),
 .UNSPECIFIED.);
#3057=B_SPLINE_CURVE_WITH_KNOTS('',3,(#11333,#11334,#11335,#11336,#11337,
#11338,#11339),.UNSPECIFIED.,.F.,.F.,(4,1,1,1,4),(0.209006621115287,0.285714285714286,
0.571428571428571,0.785714285714286,0.949127850696753),.UNSPECIFIED.);
#3058=B_SPLINE_CURVE_WITH_KNOTS('',3,(#11347,#11348,#11349,#11350),
 .UNSPECIFIED.,.F.,.F.,(4,4),(0.949127850696753,1.),.UNSPECIFIED.);
#3059=B_SPLINE_CURVE_WITH_KNOTS('',3,(#11361,#11362,#11363,#11364),
 .UNSPECIFIED.,.F.,.F.,(4,4),(0.790993378884713,0.839550684264056),
 .UNSPECIFIED.);
#3060=B_SPLINE_CURVE_WITH_KNOTS('',3,(#11365,#11366,#11367,#11368,#11369,
#11370,#11371),.UNSPECIFIED.,.F.,.F.,(4,1,1,1,4),(0.0508718843550584,0.285714285714286,
0.571428571428571,0.785714285714286,0.790988694612372),.UNSPECIFIED.);
#3061=B_SPLINE_CURVE_WITH_KNOTS('',3,(#12046,#12047,#12048,#12049),
 .UNSPECIFIED.,.F.,.F.,(4,4),(0.839550684264056,1.),.UNSPECIFIED.);
#3062=B_SPLINE_CURVE_WITH_KNOTS('',3,(#12082,#12083,#12084,#12085),
 .UNSPECIFIED.,.F.,.F.,(4,4),(0.,0.160449315735944),.UNSPECIFIED.);
#3063=B_SPLINE_CURVE_WITH_KNOTS('',3,(#12157,#12158,#12159,#12160,#12161,
#12162,#12163),.UNSPECIFIED.,.F.,.F.,(4,1,1,1,4),(0.,0.285714285714286,
0.571428571428571,0.857142857142857,1.),.UNSPECIFIED.);
#3064=B_SPLINE_CURVE_WITH_KNOTS('',3,(#12212,#12213,#12214,#12215,#12216,
#12217,#12218),.UNSPECIFIED.,.F.,.F.,(4,1,1,1,4),(0.0478287706687917,0.285714285714286,
0.571428571428571,0.857142857142857,1.),.UNSPECIFIED.);
#3065=VERTEX_POINT('',#9987);
#3066=VERTEX_POINT('',#10022);
#3067=VERTEX_POINT('',#10026);
#3068=VERTEX_POINT('',#10028);
#3069=VERTEX_POINT('',#10030);
#3070=VERTEX_POINT('',#10068);
#3071=VERTEX_POINT('',#10069);
#3072=VERTEX_POINT('',#10071);
#3073=VERTEX_POINT('',#10087);
#3074=VERTEX_POINT('',#10089);
#3075=VERTEX_POINT('',#10091);
#3076=VERTEX_POINT('',#10093);
#3077=VERTEX_POINT('',#10095);
#3078=VERTEX_POINT('',#10097);
#3079=VERTEX_POINT('',#10099);
#3080=VERTEX_POINT('',#10116);
#3081=VERTEX_POINT('',#10117);
#3082=VERTEX_POINT('',#10120);
#3083=VERTEX_POINT('',#10123);
#3084=VERTEX_POINT('',#10125);
#3085=VERTEX_POINT('',#10127);
#3086=VERTEX_POINT('',#10129);
#3087=VERTEX_POINT('',#10131);
#3088=VERTEX_POINT('',#10133);
#3089=VERTEX_POINT('',#10137);
#3090=VERTEX_POINT('',#10141);
#3091=VERTEX_POINT('',#10143);
#3092=VERTEX_POINT('',#10145);
#3093=VERTEX_POINT('',#10147);
#3094=VERTEX_POINT('',#10165);
#3095=VERTEX_POINT('',#10166);
#3096=VERTEX_POINT('',#10203);
#3097=VERTEX_POINT('',#10207);
#3098=VERTEX_POINT('',#10209);
#3099=VERTEX_POINT('',#10211);
#3100=VERTEX_POINT('',#10220);
#3101=VERTEX_POINT('',#10231);
#3102=VERTEX_POINT('',#10232);
#3103=VERTEX_POINT('',#10269);
#3104=VERTEX_POINT('',#10273);
#3105=VERTEX_POINT('',#10275);
#3106=VERTEX_POINT('',#10277);
#3107=VERTEX_POINT('',#10279);
#3108=VERTEX_POINT('',#10281);
#3109=VERTEX_POINT('',#10283);
#3110=VERTEX_POINT('',#10285);
#3111=VERTEX_POINT('',#10288);
#3112=VERTEX_POINT('',#10290);
#3113=VERTEX_POINT('',#10293);
#3114=VERTEX_POINT('',#10294);
#3115=VERTEX_POINT('',#10296);
#3116=VERTEX_POINT('',#10298);
#3117=VERTEX_POINT('',#10302);
#3118=VERTEX_POINT('',#10311);
#3119=VERTEX_POINT('',#10323);
#3120=VERTEX_POINT('',#10325);
#3121=VERTEX_POINT('',#10344);
#3122=VERTEX_POINT('',#10345);
#3123=VERTEX_POINT('',#10347);
#3124=VERTEX_POINT('',#10349);
#3125=VERTEX_POINT('',#10351);
#3126=VERTEX_POINT('',#10353);
#3127=VERTEX_POINT('',#10370);
#3128=VERTEX_POINT('',#10374);
#3129=VERTEX_POINT('',#10391);
#3130=VERTEX_POINT('',#10393);
#3131=VERTEX_POINT('',#10397);
#3132=VERTEX_POINT('',#10400);
#3133=VERTEX_POINT('',#10402);
#3134=VERTEX_POINT('',#10407);
#3135=VERTEX_POINT('',#10410);
#3136=VERTEX_POINT('',#10412);
#3137=VERTEX_POINT('',#10417);
#3138=VERTEX_POINT('',#10419);
#3139=VERTEX_POINT('',#10423);
#3140=VERTEX_POINT('',#10427);
#3141=VERTEX_POINT('',#10431);
#3142=VERTEX_POINT('',#10432);
#3143=VERTEX_POINT('',#10434);
#3144=VERTEX_POINT('',#10436);
#3145=VERTEX_POINT('',#10438);
#3146=VERTEX_POINT('',#10440);
#3147=VERTEX_POINT('',#10442);
#3148=VERTEX_POINT('',#10444);
#3149=VERTEX_POINT('',#10451);
#3150=VERTEX_POINT('',#10452);
#3151=VERTEX_POINT('',#10454);
#3152=VERTEX_POINT('',#10456);
#3153=VERTEX_POINT('',#10462);
#3154=VERTEX_POINT('',#10464);
#3155=VERTEX_POINT('',#10468);
#3156=VERTEX_POINT('',#10470);
#3157=VERTEX_POINT('',#10475);
#3158=VERTEX_POINT('',#10510);
#3159=VERTEX_POINT('',#10514);
#3160=VERTEX_POINT('',#10516);
#3161=VERTEX_POINT('',#10518);
#3162=VERTEX_POINT('',#10527);
#3163=VERTEX_POINT('',#10538);
#3164=VERTEX_POINT('',#10539);
#3165=VERTEX_POINT('',#10576);
#3166=VERTEX_POINT('',#10580);
#3167=VERTEX_POINT('',#10584);
#3168=VERTEX_POINT('',#10586);
#3169=VERTEX_POINT('',#10590);
#3170=VERTEX_POINT('',#10591);
#3171=VERTEX_POINT('',#10593);
#3172=VERTEX_POINT('',#10595);
#3173=VERTEX_POINT('',#10597);
#3174=VERTEX_POINT('',#10599);
#3175=VERTEX_POINT('',#10601);
#3176=VERTEX_POINT('',#10605);
#3177=VERTEX_POINT('',#10606);
#3178=VERTEX_POINT('',#10608);
#3179=VERTEX_POINT('',#10610);
#3180=VERTEX_POINT('',#10614);
#3181=VERTEX_POINT('',#10615);
#3182=VERTEX_POINT('',#10620);
#3183=VERTEX_POINT('',#10621);
#3184=VERTEX_POINT('',#10624);
#3185=VERTEX_POINT('',#10626);
#3186=VERTEX_POINT('',#10628);
#3187=VERTEX_POINT('',#10630);
#3188=VERTEX_POINT('',#10634);
#3189=VERTEX_POINT('',#10636);
#3190=VERTEX_POINT('',#10638);
#3191=VERTEX_POINT('',#10642);
#3192=VERTEX_POINT('',#10643);
#3193=VERTEX_POINT('',#10645);
#3194=VERTEX_POINT('',#10647);
#3195=VERTEX_POINT('',#10649);
#3196=VERTEX_POINT('',#10652);
#3197=VERTEX_POINT('',#10655);
#3198=VERTEX_POINT('',#10658);
#3199=VERTEX_POINT('',#10659);
#3200=VERTEX_POINT('',#10663);
#3201=VERTEX_POINT('',#10665);
#3202=VERTEX_POINT('',#10667);
#3203=VERTEX_POINT('',#10669);
#3204=VERTEX_POINT('',#10671);
#3205=VERTEX_POINT('',#10673);
#3206=VERTEX_POINT('',#10677);
#3207=VERTEX_POINT('',#10678);
#3208=VERTEX_POINT('',#10715);
#3209=VERTEX_POINT('',#10717);
#3210=VERTEX_POINT('',#10755);
#3211=VERTEX_POINT('',#10757);
#3212=VERTEX_POINT('',#10761);
#3213=VERTEX_POINT('',#10763);
#3214=VERTEX_POINT('',#10788);
#3215=VERTEX_POINT('',#10790);
#3216=VERTEX_POINT('',#10794);
#3217=VERTEX_POINT('',#10797);
#3218=VERTEX_POINT('',#10832);
#3219=VERTEX_POINT('',#10836);
#3220=VERTEX_POINT('',#10838);
#3221=VERTEX_POINT('',#10840);
#3222=VERTEX_POINT('',#10842);
#3223=VERTEX_POINT('',#10859);
#3224=VERTEX_POINT('',#10860);
#3225=VERTEX_POINT('',#10899);
#3226=VERTEX_POINT('',#10909);
#3227=VERTEX_POINT('',#10911);
#3228=VERTEX_POINT('',#10915);
#3229=VERTEX_POINT('',#10916);
#3230=VERTEX_POINT('',#10920);
#3231=VERTEX_POINT('',#10921);
#3232=VERTEX_POINT('',#10924);
#3233=VERTEX_POINT('',#10926);
#3234=VERTEX_POINT('',#10928);
#3235=VERTEX_POINT('',#10930);
#3236=VERTEX_POINT('',#10932);
#3237=VERTEX_POINT('',#10934);
#3238=VERTEX_POINT('',#10936);
#3239=VERTEX_POINT('',#10938);
#3240=VERTEX_POINT('',#10940);
#3241=VERTEX_POINT('',#10942);
#3242=VERTEX_POINT('',#10944);
#3243=VERTEX_POINT('',#10946);
#3244=VERTEX_POINT('',#10948);
#3245=VERTEX_POINT('',#10950);
#3246=VERTEX_POINT('',#10952);
#3247=VERTEX_POINT('',#10954);
#3248=VERTEX_POINT('',#10957);
#3249=VERTEX_POINT('',#10962);
#3250=VERTEX_POINT('',#10964);
#3251=VERTEX_POINT('',#10966);
#3252=VERTEX_POINT('',#10968);
#3253=VERTEX_POINT('',#10972);
#3254=VERTEX_POINT('',#10973);
#3255=VERTEX_POINT('',#11010);
#3256=VERTEX_POINT('',#11012);
#3257=VERTEX_POINT('',#11050);
#3258=VERTEX_POINT('',#11054);
#3259=VERTEX_POINT('',#11075);
#3260=VERTEX_POINT('',#11082);
#3261=VERTEX_POINT('',#11083);
#3262=VERTEX_POINT('',#11085);
#3263=VERTEX_POINT('',#11087);
#3264=VERTEX_POINT('',#11091);
#3265=VERTEX_POINT('',#11093);
#3266=VERTEX_POINT('',#11097);
#3267=VERTEX_POINT('',#11099);
#3268=VERTEX_POINT('',#11106);
#3269=VERTEX_POINT('',#11107);
#3270=VERTEX_POINT('',#11109);
#3271=VERTEX_POINT('',#11111);
#3272=VERTEX_POINT('',#11115);
#3273=VERTEX_POINT('',#11117);
#3274=VERTEX_POINT('',#11121);
#3275=VERTEX_POINT('',#11123);
#3276=VERTEX_POINT('',#11131);
#3277=VERTEX_POINT('',#11132);
#3278=VERTEX_POINT('',#11134);
#3279=VERTEX_POINT('',#11136);
#3280=VERTEX_POINT('',#11140);
#3281=VERTEX_POINT('',#11141);
#3282=VERTEX_POINT('',#11143);
#3283=VERTEX_POINT('',#11145);
#3284=VERTEX_POINT('',#11149);
#3285=VERTEX_POINT('',#11151);
#3286=VERTEX_POINT('',#11155);
#3287=VERTEX_POINT('',#11157);
#3288=VERTEX_POINT('',#11178);
#3289=VERTEX_POINT('',#11180);
#3290=VERTEX_POINT('',#11184);
#3291=VERTEX_POINT('',#11185);
#3292=VERTEX_POINT('',#11187);
#3293=VERTEX_POINT('',#11189);
#3294=VERTEX_POINT('',#11195);
#3295=VERTEX_POINT('',#11196);
#3296=VERTEX_POINT('',#11199);
#3297=VERTEX_POINT('',#11201);
#3298=VERTEX_POINT('',#11205);
#3299=VERTEX_POINT('',#11209);
#3300=VERTEX_POINT('',#11216);
#3301=VERTEX_POINT('',#11218);
#3302=VERTEX_POINT('',#11222);
#3303=VERTEX_POINT('',#11223);
#3304=VERTEX_POINT('',#11225);
#3305=VERTEX_POINT('',#11229);
#3306=VERTEX_POINT('',#11231);
#3307=VERTEX_POINT('',#11233);
#3308=VERTEX_POINT('',#11237);
#3309=VERTEX_POINT('',#11238);
#3310=VERTEX_POINT('',#11240);
#3311=VERTEX_POINT('',#11242);
#3312=VERTEX_POINT('',#11244);
#3313=VERTEX_POINT('',#11248);
#3314=VERTEX_POINT('',#11255);
#3315=VERTEX_POINT('',#11259);
#3316=VERTEX_POINT('',#11261);
#3317=VERTEX_POINT('',#11263);
#3318=VERTEX_POINT('',#11265);
#3319=VERTEX_POINT('',#11267);
#3320=VERTEX_POINT('',#11269);
#3321=VERTEX_POINT('',#11271);
#3322=VERTEX_POINT('',#11273);
#3323=VERTEX_POINT('',#11275);
#3324=VERTEX_POINT('',#11277);
#3325=VERTEX_POINT('',#11279);
#3326=VERTEX_POINT('',#11283);
#3327=VERTEX_POINT('',#11287);
#3328=VERTEX_POINT('',#11289);
#3329=VERTEX_POINT('',#11291);
#3330=VERTEX_POINT('',#11293);
#3331=VERTEX_POINT('',#11297);
#3332=VERTEX_POINT('',#11299);
#3333=VERTEX_POINT('',#11301);
#3334=VERTEX_POINT('',#11303);
#3335=VERTEX_POINT('',#11309);
#3336=VERTEX_POINT('',#11311);
#3337=VERTEX_POINT('',#11315);
#3338=VERTEX_POINT('',#11317);
#3339=VERTEX_POINT('',#11324);
#3340=VERTEX_POINT('',#11328);
#3341=VERTEX_POINT('',#11355);
#3342=VERTEX_POINT('',#11360);
#3343=VERTEX_POINT('',#11375);
#3344=VERTEX_POINT('',#11376);
#3345=VERTEX_POINT('',#11378);
#3346=VERTEX_POINT('',#11380);
#3347=VERTEX_POINT('',#11384);
#3348=VERTEX_POINT('',#11386);
#3349=VERTEX_POINT('',#11390);
#3350=VERTEX_POINT('',#11394);
#3351=VERTEX_POINT('',#11398);
#3352=VERTEX_POINT('',#11400);
#3353=VERTEX_POINT('',#11402);
#3354=VERTEX_POINT('',#11404);
#3355=VERTEX_POINT('',#11408);
#3356=VERTEX_POINT('',#11409);
#3357=VERTEX_POINT('',#11411);
#3358=VERTEX_POINT('',#11413);
#3359=VERTEX_POINT('',#11417);
#3360=VERTEX_POINT('',#11419);
#3361=VERTEX_POINT('',#11423);
#3362=VERTEX_POINT('',#11427);
#3363=VERTEX_POINT('',#11431);
#3364=VERTEX_POINT('',#11434);
#3365=VERTEX_POINT('',#11438);
#3366=VERTEX_POINT('',#11439);
#3367=VERTEX_POINT('',#11441);
#3368=VERTEX_POINT('',#11443);
#3369=VERTEX_POINT('',#11447);
#3370=VERTEX_POINT('',#11448);
#3371=VERTEX_POINT('',#11453);
#3372=VERTEX_POINT('',#11455);
#3373=VERTEX_POINT('',#11458);
#3374=VERTEX_POINT('',#11460);
#3375=VERTEX_POINT('',#11463);
#3376=VERTEX_POINT('',#11465);
#3377=VERTEX_POINT('',#11467);
#3378=VERTEX_POINT('',#11469);
#3379=VERTEX_POINT('',#11473);
#3380=VERTEX_POINT('',#11475);
#3381=VERTEX_POINT('',#11478);
#3382=VERTEX_POINT('',#11481);
#3383=VERTEX_POINT('',#11485);
#3384=VERTEX_POINT('',#11489);
#3385=VERTEX_POINT('',#11490);
#3386=VERTEX_POINT('',#11492);
#3387=VERTEX_POINT('',#11494);
#3388=VERTEX_POINT('',#11498);
#3389=VERTEX_POINT('',#11500);
#3390=VERTEX_POINT('',#11504);
#3391=VERTEX_POINT('',#11508);
#3392=VERTEX_POINT('',#11513);
#3393=VERTEX_POINT('',#11515);
#3394=VERTEX_POINT('',#11519);
#3395=VERTEX_POINT('',#11520);
#3396=VERTEX_POINT('',#11522);
#3397=VERTEX_POINT('',#11524);
#3398=VERTEX_POINT('',#11528);
#3399=VERTEX_POINT('',#11530);
#3400=VERTEX_POINT('',#11534);
#3401=VERTEX_POINT('',#11538);
#3402=VERTEX_POINT('',#11542);
#3403=VERTEX_POINT('',#11547);
#3404=VERTEX_POINT('',#11549);
#3405=VERTEX_POINT('',#11553);
#3406=VERTEX_POINT('',#11557);
#3407=VERTEX_POINT('',#11561);
#3408=VERTEX_POINT('',#11565);
#3409=VERTEX_POINT('',#11567);
#3410=VERTEX_POINT('',#11569);
#3411=VERTEX_POINT('',#11571);
#3412=VERTEX_POINT('',#11573);
#3413=VERTEX_POINT('',#11575);
#3414=VERTEX_POINT('',#11578);
#3415=VERTEX_POINT('',#11580);
#3416=VERTEX_POINT('',#11582);
#3417=VERTEX_POINT('',#11584);
#3418=VERTEX_POINT('',#11586);
#3419=VERTEX_POINT('',#11588);
#3420=VERTEX_POINT('',#11590);
#3421=VERTEX_POINT('',#11592);
#3422=VERTEX_POINT('',#11595);
#3423=VERTEX_POINT('',#11597);
#3424=VERTEX_POINT('',#11599);
#3425=VERTEX_POINT('',#11601);
#3426=VERTEX_POINT('',#11609);
#3427=VERTEX_POINT('',#11613);
#3428=VERTEX_POINT('',#11617);
#3429=VERTEX_POINT('',#11621);
#3430=VERTEX_POINT('',#11622);
#3431=VERTEX_POINT('',#11625);
#3432=VERTEX_POINT('',#11630);
#3433=VERTEX_POINT('',#11635);
#3434=VERTEX_POINT('',#11637);
#3435=VERTEX_POINT('',#11641);
#3436=VERTEX_POINT('',#11648);
#3437=VERTEX_POINT('',#11652);
#3438=VERTEX_POINT('',#11656);
#3439=VERTEX_POINT('',#11658);
#3440=VERTEX_POINT('',#11665);
#3441=VERTEX_POINT('',#11669);
#3442=VERTEX_POINT('',#11670);
#3443=VERTEX_POINT('',#11672);
#3444=VERTEX_POINT('',#11674);
#3445=VERTEX_POINT('',#11680);
#3446=VERTEX_POINT('',#11684);
#3447=VERTEX_POINT('',#11686);
#3448=VERTEX_POINT('',#11690);
#3449=VERTEX_POINT('',#11694);
#3450=VERTEX_POINT('',#11697);
#3451=VERTEX_POINT('',#11702);
#3452=VERTEX_POINT('',#11711);
#3453=VERTEX_POINT('',#11716);
#3454=VERTEX_POINT('',#11719);
#3455=VERTEX_POINT('',#11728);
#3456=VERTEX_POINT('',#11731);
#3457=VERTEX_POINT('',#11734);
#3458=VERTEX_POINT('',#11736);
#3459=VERTEX_POINT('',#11738);
#3460=VERTEX_POINT('',#11740);
#3461=VERTEX_POINT('',#11748);
#3462=VERTEX_POINT('',#11750);
#3463=VERTEX_POINT('',#11758);
#3464=VERTEX_POINT('',#11767);
#3465=VERTEX_POINT('',#11779);
#3466=VERTEX_POINT('',#11780);
#3467=VERTEX_POINT('',#11782);
#3468=VERTEX_POINT('',#11786);
#3469=VERTEX_POINT('',#11792);
#3470=VERTEX_POINT('',#11794);
#3471=VERTEX_POINT('',#11796);
#3472=VERTEX_POINT('',#11798);
#3473=VERTEX_POINT('',#11800);
#3474=VERTEX_POINT('',#11802);
#3475=VERTEX_POINT('',#11804);
#3476=VERTEX_POINT('',#11806);
#3477=VERTEX_POINT('',#11808);
#3478=VERTEX_POINT('',#11813);
#3479=VERTEX_POINT('',#11815);
#3480=VERTEX_POINT('',#11817);
#3481=VERTEX_POINT('',#11819);
#3482=VERTEX_POINT('',#11821);
#3483=VERTEX_POINT('',#11830);
#3484=VERTEX_POINT('',#11832);
#3485=VERTEX_POINT('',#11834);
#3486=VERTEX_POINT('',#11836);
#3487=VERTEX_POINT('',#11838);
#3488=VERTEX_POINT('',#11842);
#3489=VERTEX_POINT('',#11846);
#3490=VERTEX_POINT('',#11853);
#3491=VERTEX_POINT('',#11854);
#3492=VERTEX_POINT('',#11858);
#3493=VERTEX_POINT('',#11859);
#3494=VERTEX_POINT('',#11867);
#3495=VERTEX_POINT('',#11872);
#3496=VERTEX_POINT('',#11876);
#3497=VERTEX_POINT('',#11895);
#3498=VERTEX_POINT('',#11897);
#3499=VERTEX_POINT('',#11899);
#3500=VERTEX_POINT('',#11901);
#3501=VERTEX_POINT('',#11909);
#3502=VERTEX_POINT('',#11910);
#3503=VERTEX_POINT('',#11914);
#3504=VERTEX_POINT('',#11919);
#3505=VERTEX_POINT('',#11923);
#3506=VERTEX_POINT('',#11925);
#3507=VERTEX_POINT('',#11937);
#3508=VERTEX_POINT('',#11941);
#3509=VERTEX_POINT('',#11952);
#3510=VERTEX_POINT('',#11954);
#3511=VERTEX_POINT('',#11958);
#3512=VERTEX_POINT('',#11960);
#3513=VERTEX_POINT('',#11964);
#3514=VERTEX_POINT('',#11966);
#3515=VERTEX_POINT('',#11970);
#3516=VERTEX_POINT('',#11972);
#3517=VERTEX_POINT('',#11976);
#3518=VERTEX_POINT('',#11978);
#3519=VERTEX_POINT('',#11982);
#3520=VERTEX_POINT('',#11984);
#3521=VERTEX_POINT('',#11988);
#3522=VERTEX_POINT('',#11990);
#3523=VERTEX_POINT('',#11994);
#3524=VERTEX_POINT('',#11996);
#3525=VERTEX_POINT('',#12000);
#3526=VERTEX_POINT('',#12001);
#3527=VERTEX_POINT('',#12010);
#3528=VERTEX_POINT('',#12012);
#3529=VERTEX_POINT('',#12043);
#3530=VERTEX_POINT('',#12051);
#3531=VERTEX_POINT('',#12086);
#3532=VERTEX_POINT('',#12090);
#3533=VERTEX_POINT('',#12121);
#3534=VERTEX_POINT('',#12126);
#3535=VERTEX_POINT('',#12176);
#3536=VERTEX_POINT('',#12177);
#3537=VERTEX_POINT('',#12209);
#3538=VERTEX_POINT('',#12220);
#3539=VERTEX_POINT('',#12252);
#3540=VERTEX_POINT('',#12256);
#3541=VERTEX_POINT('',#12287);
#3542=VERTEX_POINT('',#12291);
#3543=VERTEX_POINT('',#12324);
#3544=VERTEX_POINT('',#12325);
#3545=VERTEX_POINT('',#12330);
#3546=VERTEX_POINT('',#12334);
#3547=VERTEX_POINT('',#12338);
#3548=VERTEX_POINT('',#12342);
#3549=VERTEX_POINT('',#12346);
#3550=VERTEX_POINT('',#12350);
#3551=VERTEX_POINT('',#12360);
#3552=VERTEX_POINT('',#12361);
#3553=VERTEX_POINT('',#12366);
#3554=VERTEX_POINT('',#12370);
#3555=VERTEX_POINT('',#12374);
#3556=VERTEX_POINT('',#12378);
#3557=VERTEX_POINT('',#12382);
#3558=VERTEX_POINT('',#12386);
#3559=VERTEX_POINT('',#12392);
#3560=VERTEX_POINT('',#12393);
#3561=VERTEX_POINT('',#12395);
#3562=VERTEX_POINT('',#12397);
#3563=VERTEX_POINT('',#12401);
#3564=VERTEX_POINT('',#12402);
#3565=VERTEX_POINT('',#12404);
#3566=VERTEX_POINT('',#12406);
#3567=VERTEX_POINT('',#12410);
#3568=VERTEX_POINT('',#12411);
#3569=VERTEX_POINT('',#12413);
#3570=VERTEX_POINT('',#12415);
#3571=VERTEX_POINT('',#12419);
#3572=VERTEX_POINT('',#12420);
#3573=VERTEX_POINT('',#12422);
#3574=VERTEX_POINT('',#12424);
#3575=VERTEX_POINT('',#12428);
#3576=VERTEX_POINT('',#12429);
#3577=VERTEX_POINT('',#12431);
#3578=VERTEX_POINT('',#12433);
#3579=VERTEX_POINT('',#12437);
#3580=VERTEX_POINT('',#12438);
#3581=VERTEX_POINT('',#12440);
#3582=VERTEX_POINT('',#12442);
#3583=VERTEX_POINT('',#12446);
#3584=VERTEX_POINT('',#12447);
#3585=VERTEX_POINT('',#12449);
#3586=VERTEX_POINT('',#12451);
#3587=VERTEX_POINT('',#12455);
#3588=VERTEX_POINT('',#12456);
#3589=VERTEX_POINT('',#12458);
#3590=VERTEX_POINT('',#12460);
#3591=VERTEX_POINT('',#12464);
#3592=VERTEX_POINT('',#12466);
#3593=VERTEX_POINT('',#12470);
#3594=VERTEX_POINT('',#12472);
#3595=VERTEX_POINT('',#12476);
#3596=VERTEX_POINT('',#12478);
#3597=VERTEX_POINT('',#12482);
#3598=VERTEX_POINT('',#12484);
#3599=VERTEX_POINT('',#12488);
#3600=VERTEX_POINT('',#12490);
#3601=VERTEX_POINT('',#12494);
#3602=VERTEX_POINT('',#12496);
#3603=VERTEX_POINT('',#12500);
#3604=VERTEX_POINT('',#12501);
#3605=VERTEX_POINT('',#12503);
#3606=VERTEX_POINT('',#12505);
#3607=VERTEX_POINT('',#12507);
#3608=VERTEX_POINT('',#12509);
#3609=VERTEX_POINT('',#12511);
#3610=VERTEX_POINT('',#12513);
#3611=VERTEX_POINT('',#12516);
#3612=VERTEX_POINT('',#12519);
#3613=VERTEX_POINT('',#12522);
#3614=VERTEX_POINT('',#12525);
#3615=VERTEX_POINT('',#12528);
#3616=VERTEX_POINT('',#12531);
#3617=VERTEX_POINT('',#12534);
#3618=VERTEX_POINT('',#12536);
#3619=VERTEX_POINT('',#12539);
#3620=VERTEX_POINT('',#12541);
#3621=VERTEX_POINT('',#12545);
#3622=VERTEX_POINT('',#12549);
#3623=VERTEX_POINT('',#12552);
#3624=VERTEX_POINT('',#12556);
#3625=VERTEX_POINT('',#12559);
#3626=VERTEX_POINT('',#12563);
#3627=VERTEX_POINT('',#12566);
#3628=VERTEX_POINT('',#12568);
#3629=VERTEX_POINT('',#12574);
#3630=VERTEX_POINT('',#12589);
#3631=VERTEX_POINT('',#12606);
#3632=VERTEX_POINT('',#12608);
#3633=VERTEX_POINT('',#12639);
#3634=VERTEX_POINT('',#12643);
#3635=VERTEX_POINT('',#12674);
#3636=VERTEX_POINT('',#12678);
#3637=VERTEX_POINT('',#12710);
#3638=VERTEX_POINT('',#12714);
#3639=VERTEX_POINT('',#12748);
#3640=VERTEX_POINT('',#12749);
#3641=VERTEX_POINT('',#12751);
#3642=VERTEX_POINT('',#12753);
#3643=VERTEX_POINT('',#12757);
#3644=VERTEX_POINT('',#12758);
#3645=VERTEX_POINT('',#12760);
#3646=VERTEX_POINT('',#12762);
#3647=VERTEX_POINT('',#12766);
#3648=VERTEX_POINT('',#12767);
#3649=VERTEX_POINT('',#12769);
#3650=VERTEX_POINT('',#12771);
#3651=VERTEX_POINT('',#12778);
#3652=VERTEX_POINT('',#12780);
#3653=VERTEX_POINT('',#12784);
#3654=VERTEX_POINT('',#12786);
#3655=VERTEX_POINT('',#12790);
#3656=VERTEX_POINT('',#12792);
#3657=VERTEX_POINT('',#12796);
#3658=VERTEX_POINT('',#12797);
#3659=VERTEX_POINT('',#12799);
#3660=VERTEX_POINT('',#12801);
#3661=VERTEX_POINT('',#12805);
#3662=VERTEX_POINT('',#12806);
#3663=VERTEX_POINT('',#12808);
#3664=VERTEX_POINT('',#12810);
#3665=VERTEX_POINT('',#12814);
#3666=VERTEX_POINT('',#12815);
#3667=VERTEX_POINT('',#12817);
#3668=VERTEX_POINT('',#12819);
#3669=VERTEX_POINT('',#12823);
#3670=VERTEX_POINT('',#12825);
#3671=VERTEX_POINT('',#12829);
#3672=VERTEX_POINT('',#12831);
#3673=VERTEX_POINT('',#12835);
#3674=VERTEX_POINT('',#12836);
#3675=VERTEX_POINT('',#12838);
#3676=VERTEX_POINT('',#12840);
#3677=VERTEX_POINT('',#12844);
#3678=VERTEX_POINT('',#12846);
#3679=VERTEX_POINT('',#12850);
#3680=VERTEX_POINT('',#12852);
#3681=VERTEX_POINT('',#12856);
#3682=VERTEX_POINT('',#12858);
#3683=VERTEX_POINT('',#12862);
#3684=VERTEX_POINT('',#12863);
#3685=VERTEX_POINT('',#12865);
#3686=VERTEX_POINT('',#12867);
#3687=VERTEX_POINT('',#12874);
#3688=VERTEX_POINT('',#12876);
#3689=VERTEX_POINT('',#12880);
#3690=VERTEX_POINT('',#12882);
#3691=VERTEX_POINT('',#12886);
#3692=VERTEX_POINT('',#12888);
#3693=VERTEX_POINT('',#12895);
#3694=VERTEX_POINT('',#12897);
#3695=VERTEX_POINT('',#12904);
#3696=VERTEX_POINT('',#12906);
#3697=VERTEX_POINT('',#12910);
#3698=VERTEX_POINT('',#12912);
#3699=VERTEX_POINT('',#12920);
#3700=VERTEX_POINT('',#12924);
#3701=VERTEX_POINT('',#12930);
#3702=VERTEX_POINT('',#12936);
#3703=VERTEX_POINT('',#13072);
#3704=VERTEX_POINT('',#13076);
#3705=EDGE_CURVE('',#3065,#3065,#3016,.T.);
#3706=EDGE_CURVE('',#3065,#3066,#1576,.T.);
#3707=EDGE_CURVE('',#3066,#3066,#1303,.T.);
#3708=EDGE_CURVE('',#3067,#3067,#1304,.T.);
#3709=EDGE_CURVE('',#3067,#3068,#1577,.T.);
#3710=EDGE_CURVE('',#3068,#3069,#3017,.T.);
#3711=EDGE_CURVE('',#3069,#3068,#3018,.T.);
#3712=EDGE_CURVE('',#3070,#3071,#1578,.T.);
#3713=EDGE_CURVE('',#3071,#3072,#3019,.T.);
#3714=EDGE_CURVE('',#3072,#3073,#1579,.T.);
#3715=EDGE_CURVE('',#3074,#3073,#1305,.T.);
#3716=EDGE_CURVE('',#3075,#3074,#1580,.T.);
#3717=EDGE_CURVE('',#3076,#3075,#1581,.T.);
#3718=EDGE_CURVE('',#3077,#3076,#1582,.T.);
#3719=EDGE_CURVE('',#3078,#3077,#1306,.T.);
#3720=EDGE_CURVE('',#3078,#3079,#1583,.T.);
#3721=EDGE_CURVE('',#3070,#3079,#3020,.T.);
#3722=EDGE_CURVE('',#3080,#3081,#1584,.T.);
#3723=EDGE_CURVE('',#3081,#3071,#1307,.T.);
#3724=EDGE_CURVE('',#3082,#3070,#1308,.T.);
#3725=EDGE_CURVE('',#3079,#3082,#1309,.T.);
#3726=EDGE_CURVE('',#3083,#3078,#1585,.T.);
#3727=EDGE_CURVE('',#3083,#3084,#1586,.T.);
#3728=EDGE_CURVE('',#3085,#3084,#1310,.T.);
#3729=EDGE_CURVE('',#3085,#3086,#1587,.T.);
#3730=EDGE_CURVE('',#3086,#3087,#1311,.T.);
#3731=EDGE_CURVE('',#3087,#3088,#1588,.T.);
#3732=EDGE_CURVE('',#3088,#3080,#1589,.T.);
#3733=EDGE_CURVE('',#3089,#3089,#1312,.T.);
#3734=EDGE_CURVE('',#3089,#3082,#1590,.T.);
#3735=EDGE_CURVE('',#3090,#3090,#1313,.T.);
#3736=EDGE_CURVE('',#3090,#3091,#1591,.T.);
#3737=EDGE_CURVE('',#3092,#3091,#1314,.T.);
#3738=EDGE_CURVE('',#3093,#3092,#3021,.T.);
#3739=EDGE_CURVE('',#3091,#3093,#1315,.T.);
#3740=EDGE_CURVE('',#3094,#3095,#3022,.T.);
#3741=EDGE_CURVE('',#3095,#3094,#3023,.T.);
#3742=EDGE_CURVE('',#3095,#3096,#1592,.T.);
#3743=EDGE_CURVE('',#3096,#3096,#1316,.T.);
#3744=EDGE_CURVE('',#3097,#3097,#1317,.T.);
#3745=EDGE_CURVE('',#3097,#3098,#1593,.T.);
#3746=EDGE_CURVE('',#3099,#3098,#3024,.T.);
#3747=EDGE_CURVE('',#3100,#3099,#1318,.T.);
#3748=EDGE_CURVE('',#3098,#3100,#3025,.T.);
#3749=EDGE_CURVE('',#3101,#3102,#3026,.T.);
#3750=EDGE_CURVE('',#3102,#3101,#3027,.T.);
#3751=EDGE_CURVE('',#3102,#3103,#1594,.T.);
#3752=EDGE_CURVE('',#3103,#3103,#1319,.T.);
#3753=EDGE_CURVE('',#3093,#3104,#1595,.T.);
#3754=EDGE_CURVE('',#3104,#3105,#1320,.T.);
#3755=EDGE_CURVE('',#3105,#3106,#1321,.T.);
#3756=EDGE_CURVE('',#3106,#3107,#1596,.T.);
#3757=EDGE_CURVE('',#3108,#3107,#1597,.T.);
#3758=EDGE_CURVE('',#3109,#3108,#1598,.T.);
#3759=EDGE_CURVE('',#3109,#3110,#1322,.T.);
#3760=EDGE_CURVE('',#3100,#3110,#1599,.T.);
#3761=EDGE_CURVE('',#3111,#3099,#1600,.T.);
#3762=EDGE_CURVE('',#3112,#3111,#1601,.T.);
#3763=EDGE_CURVE('',#3112,#3092,#1602,.T.);
#3764=EDGE_CURVE('',#3113,#3114,#1603,.T.);
#3765=EDGE_CURVE('',#3114,#3115,#1604,.T.);
#3766=EDGE_CURVE('',#3115,#3116,#1605,.T.);
#3767=EDGE_CURVE('',#3116,#3113,#1606,.T.);
#3768=EDGE_CURVE('',#3084,#3117,#3028,.T.);
#3769=EDGE_CURVE('',#3117,#3118,#1607,.T.);
#3770=EDGE_CURVE('',#3118,#3118,#1323,.T.);
#3771=EDGE_CURVE('',#3117,#3085,#3029,.T.);
#3772=EDGE_CURVE('',#3119,#3112,#1324,.T.);
#3773=EDGE_CURVE('',#3119,#3120,#1608,.T.);
#3774=EDGE_CURVE('',#3107,#3120,#1325,.T.);
#3775=EDGE_CURVE('',#3106,#3104,#3030,.T.);
#3776=EDGE_CURVE('',#3121,#3122,#1609,.T.);
#3777=EDGE_CURVE('',#3122,#3123,#1610,.T.);
#3778=EDGE_CURVE('',#3124,#3123,#1326,.T.);
#3779=EDGE_CURVE('',#3125,#3124,#1611,.T.);
#3780=EDGE_CURVE('',#3125,#3126,#3031,.T.);
#3781=EDGE_CURVE('',#3126,#3086,#3032,.T.);
#3782=EDGE_CURVE('',#3127,#3083,#1327,.T.);
#3783=EDGE_CURVE('',#3127,#3121,#1612,.T.);
#3784=EDGE_CURVE('',#3110,#3128,#3033,.T.);
#3785=EDGE_CURVE('',#3128,#3109,#3034,.T.);
#3786=EDGE_CURVE('',#3129,#3108,#1328,.T.);
#3787=EDGE_CURVE('',#3129,#3130,#1613,.T.);
#3788=EDGE_CURVE('',#3111,#3130,#1329,.T.);
#3789=EDGE_CURVE('',#3131,#3131,#1330,.T.);
#3790=EDGE_CURVE('',#3132,#3132,#1331,.T.);
#3791=EDGE_CURVE('',#3132,#3133,#1614,.T.);
#3792=EDGE_CURVE('',#3133,#3133,#1332,.T.);
#3793=EDGE_CURVE('',#3134,#3134,#1333,.T.);
#3794=EDGE_CURVE('',#3135,#3135,#1334,.T.);
#3795=EDGE_CURVE('',#3135,#3136,#1615,.T.);
#3796=EDGE_CURVE('',#3136,#3136,#1335,.T.);
#3797=EDGE_CURVE('',#3137,#3137,#1336,.T.);
#3798=EDGE_CURVE('',#3137,#3138,#1616,.T.);
#3799=EDGE_CURVE('',#3138,#3138,#1337,.T.);
#3800=EDGE_CURVE('',#3139,#3139,#1338,.T.);
#3801=EDGE_CURVE('',#3139,#3131,#1617,.T.);
#3802=EDGE_CURVE('',#3140,#3140,#1339,.T.);
#3803=EDGE_CURVE('',#3140,#3134,#1618,.T.);
#3804=EDGE_CURVE('',#3141,#3142,#1619,.T.);
#3805=EDGE_CURVE('',#3143,#3141,#1620,.T.);
#3806=EDGE_CURVE('',#3144,#3143,#1621,.T.);
#3807=EDGE_CURVE('',#3144,#3145,#1340,.T.);
#3808=EDGE_CURVE('',#3146,#3145,#1622,.T.);
#3809=EDGE_CURVE('',#3147,#3146,#1623,.T.);
#3810=EDGE_CURVE('',#3148,#3147,#1624,.T.);
#3811=EDGE_CURVE('',#3148,#3142,#1341,.T.);
#3812=EDGE_CURVE('',#3080,#3141,#1625,.T.);
#3813=EDGE_CURVE('',#3142,#3081,#1626,.T.);
#3814=EDGE_CURVE('',#3149,#3150,#1627,.T.);
#3815=EDGE_CURVE('',#3150,#3151,#1628,.T.);
#3816=EDGE_CURVE('',#3151,#3152,#1629,.T.);
#3817=EDGE_CURVE('',#3152,#3125,#1342,.T.);
#3818=EDGE_CURVE('',#3073,#3124,#1630,.T.);
#3819=EDGE_CURVE('',#3072,#3149,#1343,.T.);
#3820=EDGE_CURVE('',#3153,#3153,#1344,.T.);
#3821=EDGE_CURVE('',#3153,#3154,#1631,.T.);
#3822=EDGE_CURVE('',#3154,#3154,#1345,.T.);
#3823=EDGE_CURVE('',#3155,#3155,#1346,.T.);
#3824=EDGE_CURVE('',#3155,#3156,#1632,.T.);
#3825=EDGE_CURVE('',#3156,#3156,#1347,.T.);
#3826=EDGE_CURVE('',#3157,#3157,#3035,.T.);
#3827=EDGE_CURVE('',#3157,#3158,#1633,.T.);
#3828=EDGE_CURVE('',#3158,#3158,#1348,.T.);
#3829=EDGE_CURVE('',#3159,#3159,#1349,.T.);
#3830=EDGE_CURVE('',#3159,#3160,#1634,.T.);
#3831=EDGE_CURVE('',#3161,#3160,#3036,.T.);
#3832=EDGE_CURVE('',#3162,#3161,#1350,.T.);
#3833=EDGE_CURVE('',#3160,#3162,#3037,.T.);
#3834=EDGE_CURVE('',#3163,#3164,#3038,.T.);
#3835=EDGE_CURVE('',#3164,#3163,#3039,.T.);
#3836=EDGE_CURVE('',#3164,#3165,#1635,.T.);
#3837=EDGE_CURVE('',#3165,#3165,#1351,.T.);
#3838=EDGE_CURVE('',#3166,#3166,#1352,.T.);
#3839=EDGE_CURVE('',#3166,#3105,#1636,.T.);
#3840=EDGE_CURVE('',#3167,#3147,#1637,.T.);
#3841=EDGE_CURVE('',#3168,#3167,#1638,.T.);
#3842=EDGE_CURVE('',#3168,#3148,#1639,.T.);
#3843=EDGE_CURVE('',#3169,#3170,#1640,.T.);
#3844=EDGE_CURVE('',#3170,#3171,#1353,.T.);
#3845=EDGE_CURVE('',#3171,#3172,#1641,.T.);
#3846=EDGE_CURVE('',#3172,#3173,#1642,.T.);
#3847=EDGE_CURVE('',#3173,#3174,#1643,.T.);
#3848=EDGE_CURVE('',#3174,#3175,#1354,.T.);
#3849=EDGE_CURVE('',#3175,#3168,#1355,.T.);
#3850=EDGE_CURVE('',#3167,#3169,#1644,.T.);
#3851=EDGE_CURVE('',#3176,#3177,#1645,.T.);
#3852=EDGE_CURVE('',#3177,#3178,#1646,.T.);
#3853=EDGE_CURVE('',#3178,#3179,#1647,.T.);
#3854=EDGE_CURVE('',#3179,#3176,#1648,.T.);
#3855=EDGE_CURVE('',#3180,#3181,#1649,.T.);
#3856=EDGE_CURVE('',#3181,#3174,#1650,.T.);
#3857=EDGE_CURVE('',#3173,#3180,#1651,.T.);
#3858=EDGE_CURVE('',#3182,#3183,#1652,.T.);
#3859=EDGE_CURVE('',#3182,#3181,#1356,.T.);
#3860=EDGE_CURVE('',#3184,#3180,#1653,.T.);
#3861=EDGE_CURVE('',#3185,#3184,#1654,.T.);
#3862=EDGE_CURVE('',#3185,#3186,#1357,.T.);
#3863=EDGE_CURVE('',#3187,#3186,#1655,.T.);
#3864=EDGE_CURVE('',#3183,#3187,#1656,.T.);
#3865=EDGE_CURVE('',#3161,#3188,#1657,.T.);
#3866=EDGE_CURVE('',#3188,#3189,#1358,.T.);
#3867=EDGE_CURVE('',#3189,#3190,#1359,.T.);
#3868=EDGE_CURVE('',#3190,#3162,#1658,.T.);
#3869=EDGE_CURVE('',#3191,#3192,#1659,.T.);
#3870=EDGE_CURVE('',#3192,#3193,#1660,.T.);
#3871=EDGE_CURVE('',#3194,#3193,#1661,.T.);
#3872=EDGE_CURVE('',#3195,#3194,#1662,.T.);
#3873=EDGE_CURVE('',#3191,#3195,#1663,.T.);
#3874=EDGE_CURVE('',#3196,#3196,#1360,.T.);
#3875=EDGE_CURVE('',#3197,#3197,#1361,.T.);
#3876=EDGE_CURVE('',#3198,#3199,#1664,.T.);
#3877=EDGE_CURVE('',#3199,#3198,#1362,.T.);
#3878=EDGE_CURVE('',#3200,#3193,#1363,.T.);
#3879=EDGE_CURVE('',#3200,#3201,#1665,.T.);
#3880=EDGE_CURVE('',#3202,#3201,#1364,.T.);
#3881=EDGE_CURVE('',#3203,#3202,#1666,.T.);
#3882=EDGE_CURVE('',#3204,#3203,#1667,.T.);
#3883=EDGE_CURVE('',#3205,#3204,#1668,.T.);
#3884=EDGE_CURVE('',#3205,#3194,#1365,.T.);
#3885=EDGE_CURVE('',#3206,#3207,#3040,.T.);
#3886=EDGE_CURVE('',#3207,#3206,#3041,.T.);
#3887=EDGE_CURVE('',#3207,#3208,#1669,.T.);
#3888=EDGE_CURVE('',#3209,#3208,#3042,.T.);
#3889=EDGE_CURVE('',#3208,#3209,#3043,.T.);
#3890=EDGE_CURVE('',#3210,#3210,#1366,.T.);
#3891=EDGE_CURVE('',#3210,#3211,#1670,.T.);
#3892=EDGE_CURVE('',#3211,#3211,#1367,.T.);
#3893=EDGE_CURVE('',#3212,#3212,#1368,.T.);
#3894=EDGE_CURVE('',#3212,#3213,#1671,.T.);
#3895=EDGE_CURVE('',#3213,#3213,#1369,.T.);
#3896=EDGE_CURVE('',#3175,#3189,#1672,.T.);
#3897=EDGE_CURVE('',#3190,#3188,#3044,.T.);
#3898=EDGE_CURVE('',#3149,#3182,#1673,.T.);
#3899=EDGE_CURVE('',#3150,#3183,#1674,.T.);
#3900=EDGE_CURVE('',#3214,#3214,#1370,.T.);
#3901=EDGE_CURVE('',#3214,#3215,#1675,.T.);
#3902=EDGE_CURVE('',#3215,#3215,#1371,.T.);
#3903=EDGE_CURVE('',#3216,#3216,#1372,.T.);
#3904=EDGE_CURVE('',#3217,#3217,#3045,.T.);
#3905=EDGE_CURVE('',#3217,#3218,#1676,.T.);
#3906=EDGE_CURVE('',#3218,#3218,#1373,.T.);
#3907=EDGE_CURVE('',#3219,#3219,#1374,.T.);
#3908=EDGE_CURVE('',#3219,#3220,#1677,.T.);
#3909=EDGE_CURVE('',#3221,#3220,#1375,.T.);
#3910=EDGE_CURVE('',#3222,#3221,#3046,.T.);
#3911=EDGE_CURVE('',#3220,#3222,#1376,.T.);
#3912=EDGE_CURVE('',#3223,#3224,#3047,.T.);
#3913=EDGE_CURVE('',#3224,#3223,#3048,.T.);
#3914=EDGE_CURVE('',#3224,#3196,#1678,.T.);
#3915=EDGE_CURVE('',#3225,#3225,#1377,.T.);
#3916=EDGE_CURVE('',#3225,#3128,#1679,.T.);
#3917=EDGE_CURVE('',#3087,#3144,#1680,.T.);
#3918=EDGE_CURVE('',#3088,#3143,#1681,.T.);
#3919=EDGE_CURVE('',#3186,#3152,#1682,.T.);
#3920=EDGE_CURVE('',#3151,#3187,#1683,.T.);
#3921=EDGE_CURVE('',#3226,#3222,#1684,.T.);
#3922=EDGE_CURVE('',#3226,#3227,#1378,.T.);
#3923=EDGE_CURVE('',#3221,#3227,#1685,.T.);
#3924=EDGE_CURVE('',#3228,#3229,#1686,.T.);
#3925=EDGE_CURVE('',#3229,#3228,#1379,.T.);
#3926=EDGE_CURVE('',#3230,#3231,#1687,.T.);
#3927=EDGE_CURVE('',#3205,#3231,#1688,.T.);
#3928=EDGE_CURVE('',#3232,#3204,#1689,.T.);
#3929=EDGE_CURVE('',#3233,#3232,#1690,.T.);
#3930=EDGE_CURVE('',#3234,#3233,#1691,.T.);
#3931=EDGE_CURVE('',#3235,#3234,#1380,.T.);
#3932=EDGE_CURVE('',#3235,#3236,#1692,.T.);
#3933=EDGE_CURVE('',#3237,#3236,#1381,.T.);
#3934=EDGE_CURVE('',#3238,#3237,#1382,.T.);
#3935=EDGE_CURVE('',#3238,#3239,#1693,.T.);
#3936=EDGE_CURVE('',#3240,#3239,#1383,.T.);
#3937=EDGE_CURVE('',#3241,#3240,#1694,.T.);
#3938=EDGE_CURVE('',#3241,#3242,#1695,.T.);
#3939=EDGE_CURVE('',#3243,#3242,#1696,.T.);
#3940=EDGE_CURVE('',#3244,#3243,#1697,.T.);
#3941=EDGE_CURVE('',#3245,#3244,#1698,.T.);
#3942=EDGE_CURVE('',#3245,#3246,#1699,.T.);
#3943=EDGE_CURVE('',#3247,#3246,#1384,.T.);
#3944=EDGE_CURVE('',#3230,#3247,#1385,.T.);
#3945=EDGE_CURVE('',#3248,#3248,#1386,.T.);
#3946=EDGE_CURVE('',#3195,#3244,#1387,.T.);
#3947=EDGE_CURVE('',#3243,#3249,#1700,.T.);
#3948=EDGE_CURVE('',#3249,#3250,#1701,.T.);
#3949=EDGE_CURVE('',#3251,#3250,#1388,.T.);
#3950=EDGE_CURVE('',#3252,#3251,#1702,.T.);
#3951=EDGE_CURVE('',#3191,#3252,#1389,.T.);
#3952=EDGE_CURVE('',#3253,#3254,#3049,.T.);
#3953=EDGE_CURVE('',#3254,#3253,#3050,.T.);
#3954=EDGE_CURVE('',#3254,#3255,#1703,.T.);
#3955=EDGE_CURVE('',#3256,#3255,#3051,.T.);
#3956=EDGE_CURVE('',#3255,#3256,#3052,.T.);
#3957=EDGE_CURVE('',#3248,#3257,#1704,.T.);
#3958=EDGE_CURVE('',#3257,#3257,#1390,.T.);
#3959=EDGE_CURVE('',#3126,#3258,#1705,.T.);
#3960=EDGE_CURVE('',#3227,#3258,#3053,.T.);
#3961=EDGE_CURVE('',#3258,#3226,#3054,.T.);
#3962=EDGE_CURVE('',#3171,#3185,#1706,.T.);
#3963=EDGE_CURVE('',#3145,#3170,#1707,.T.);
#3964=EDGE_CURVE('',#3259,#3259,#1391,.T.);
#3965=EDGE_CURVE('',#3259,#3216,#1708,.T.);
#3966=EDGE_CURVE('',#3169,#3146,#1709,.T.);
#3967=EDGE_CURVE('',#3260,#3261,#1710,.T.);
#3968=EDGE_CURVE('',#3260,#3262,#1711,.T.);
#3969=EDGE_CURVE('',#3262,#3263,#1712,.T.);
#3970=EDGE_CURVE('',#3261,#3263,#1713,.T.);
#3971=EDGE_CURVE('',#3264,#3260,#1714,.T.);
#3972=EDGE_CURVE('',#3264,#3265,#1715,.T.);
#3973=EDGE_CURVE('',#3265,#3262,#1716,.T.);
#3974=EDGE_CURVE('',#3266,#3264,#1717,.T.);
#3975=EDGE_CURVE('',#3266,#3267,#1718,.T.);
#3976=EDGE_CURVE('',#3267,#3265,#1719,.T.);
#3977=EDGE_CURVE('',#3261,#3266,#1720,.T.);
#3978=EDGE_CURVE('',#3263,#3267,#1721,.T.);
#3979=EDGE_CURVE('',#3268,#3269,#1722,.T.);
#3980=EDGE_CURVE('',#3268,#3270,#1723,.T.);
#3981=EDGE_CURVE('',#3270,#3271,#1724,.T.);
#3982=EDGE_CURVE('',#3269,#3271,#1725,.T.);
#3983=EDGE_CURVE('',#3272,#3268,#1726,.T.);
#3984=EDGE_CURVE('',#3272,#3273,#1727,.T.);
#3985=EDGE_CURVE('',#3273,#3270,#1728,.T.);
#3986=EDGE_CURVE('',#3274,#3272,#1729,.T.);
#3987=EDGE_CURVE('',#3274,#3275,#1730,.T.);
#3988=EDGE_CURVE('',#3275,#3273,#1731,.T.);
#3989=EDGE_CURVE('',#3269,#3274,#1732,.T.);
#3990=EDGE_CURVE('',#3271,#3275,#1733,.T.);
#3991=EDGE_CURVE('',#3276,#3277,#1734,.T.);
#3992=EDGE_CURVE('',#3276,#3278,#1735,.T.);
#3993=EDGE_CURVE('',#3279,#3278,#1736,.T.);
#3994=EDGE_CURVE('',#3277,#3279,#1737,.T.);
#3995=EDGE_CURVE('',#3280,#3281,#1738,.T.);
#3996=EDGE_CURVE('',#3280,#3282,#1739,.T.);
#3997=EDGE_CURVE('',#3283,#3282,#1740,.T.);
#3998=EDGE_CURVE('',#3281,#3283,#1741,.T.);
#3999=EDGE_CURVE('',#3284,#3280,#1742,.T.);
#4000=EDGE_CURVE('',#3284,#3285,#1743,.T.);
#4001=EDGE_CURVE('',#3282,#3285,#1744,.T.);
#4002=EDGE_CURVE('',#3286,#3284,#1745,.T.);
#4003=EDGE_CURVE('',#3286,#3287,#1746,.T.);
#4004=EDGE_CURVE('',#3285,#3287,#1747,.T.);
#4005=EDGE_CURVE('',#3281,#3286,#1748,.T.);
#4006=EDGE_CURVE('',#3287,#3283,#1749,.T.);
#4007=EDGE_CURVE('',#3172,#3184,#1750,.T.);
#4008=EDGE_CURVE('',#3179,#3114,#1751,.T.);
#4009=EDGE_CURVE('',#3176,#3113,#1752,.T.);
#4010=EDGE_CURVE('',#3178,#3115,#1753,.T.);
#4011=EDGE_CURVE('',#3177,#3116,#1754,.T.);
#4012=EDGE_CURVE('',#3288,#3288,#1392,.T.);
#4013=EDGE_CURVE('',#3288,#3289,#1755,.T.);
#4014=EDGE_CURVE('',#3289,#3289,#1393,.T.);
#4015=EDGE_CURVE('',#3290,#3291,#1756,.T.);
#4016=EDGE_CURVE('',#3292,#3291,#1394,.T.);
#4017=EDGE_CURVE('',#3292,#3293,#1757,.T.);
#4018=EDGE_CURVE('',#3290,#3293,#1395,.T.);
#4019=EDGE_CURVE('',#3291,#3292,#1758,.T.);
#4020=EDGE_CURVE('',#3294,#3295,#1759,.T.);
#4021=EDGE_CURVE('',#3295,#3290,#1760,.T.);
#4022=EDGE_CURVE('',#3293,#3296,#1761,.T.);
#4023=EDGE_CURVE('',#3296,#3297,#1762,.T.);
#4024=EDGE_CURVE('',#3294,#3297,#1763,.T.);
#4025=EDGE_CURVE('',#3297,#3298,#1396,.T.);
#4026=EDGE_CURVE('',#3298,#3296,#1764,.T.);
#4027=EDGE_CURVE('',#3299,#3294,#1397,.T.);
#4028=EDGE_CURVE('',#3298,#3299,#1765,.T.);
#4029=EDGE_CURVE('',#3295,#3299,#1766,.T.);
#4030=EDGE_CURVE('',#3300,#3300,#1398,.T.);
#4031=EDGE_CURVE('',#3300,#3301,#1767,.T.);
#4032=EDGE_CURVE('',#3301,#3301,#1399,.T.);
#4033=EDGE_CURVE('',#3302,#3303,#1400,.T.);
#4034=EDGE_CURVE('',#3304,#3302,#1768,.T.);
#4035=EDGE_CURVE('',#3303,#3304,#1769,.T.);
#4036=EDGE_CURVE('',#3303,#3305,#1770,.T.);
#4037=EDGE_CURVE('',#3305,#3306,#1401,.T.);
#4038=EDGE_CURVE('',#3307,#3306,#1771,.T.);
#4039=EDGE_CURVE('',#3307,#3302,#1772,.T.);
#4040=EDGE_CURVE('',#3308,#3309,#1773,.T.);
#4041=EDGE_CURVE('',#3310,#3309,#1774,.T.);
#4042=EDGE_CURVE('',#3311,#3310,#1775,.T.);
#4043=EDGE_CURVE('',#3312,#3311,#1776,.T.);
#4044=EDGE_CURVE('',#3312,#3308,#1402,.T.);
#4045=EDGE_CURVE('',#3310,#3313,#1403,.T.);
#4046=EDGE_CURVE('',#3313,#3311,#3055,.T.);
#4047=EDGE_CURVE('',#3309,#3314,#1404,.T.);
#4048=EDGE_CURVE('',#3314,#3313,#1777,.T.);
#4049=EDGE_CURVE('',#3312,#3315,#1778,.T.);
#4050=EDGE_CURVE('',#3315,#3316,#1779,.T.);
#4051=EDGE_CURVE('',#3316,#3317,#1405,.T.);
#4052=EDGE_CURVE('',#3317,#3318,#1780,.T.);
#4053=EDGE_CURVE('',#3318,#3319,#1781,.T.);
#4054=EDGE_CURVE('',#3319,#3320,#1782,.T.);
#4055=EDGE_CURVE('',#3320,#3321,#1406,.T.);
#4056=EDGE_CURVE('',#3321,#3322,#1783,.T.);
#4057=EDGE_CURVE('',#3322,#3323,#1784,.T.);
#4058=EDGE_CURVE('',#3323,#3324,#1407,.T.);
#4059=EDGE_CURVE('',#3324,#3325,#1785,.T.);
#4060=EDGE_CURVE('',#3325,#3312,#1408,.T.);
#4061=EDGE_CURVE('',#3326,#3305,#1786,.T.);
#4062=EDGE_CURVE('',#3306,#3326,#1787,.T.);
#4063=EDGE_CURVE('',#3327,#3323,#1409,.T.);
#4064=EDGE_CURVE('',#3328,#3323,#1788,.T.);
#4065=EDGE_CURVE('',#3329,#3328,#1789,.T.);
#4066=EDGE_CURVE('',#3330,#3329,#1790,.T.);
#4067=EDGE_CURVE('',#3330,#3327,#1791,.T.);
#4068=EDGE_CURVE('',#3331,#3329,#1410,.T.);
#4069=EDGE_CURVE('',#3332,#3331,#1792,.T.);
#4070=EDGE_CURVE('',#3333,#3332,#1793,.T.);
#4071=EDGE_CURVE('',#3334,#3333,#1794,.T.);
#4072=EDGE_CURVE('',#3334,#3307,#1411,.T.);
#4073=EDGE_CURVE('',#3306,#3330,#1795,.T.);
#4074=EDGE_CURVE('',#3307,#3306,#1796,.T.);
#4075=EDGE_CURVE('',#3326,#3335,#1797,.T.);
#4076=EDGE_CURVE('',#3335,#3336,#1412,.T.);
#4077=EDGE_CURVE('',#3336,#3304,#1798,.T.);
#4078=EDGE_CURVE('',#3337,#3336,#1799,.T.);
#4079=EDGE_CURVE('',#3338,#3337,#1800,.T.);
#4080=EDGE_CURVE('',#3335,#3338,#1801,.T.);
#4081=EDGE_CURVE('',#3229,#3321,#1802,.T.);
#4082=EDGE_CURVE('',#3320,#3228,#1803,.T.);
#4083=EDGE_CURVE('',#3130,#3319,#1804,.T.);
#4084=EDGE_CURVE('',#3339,#3129,#1805,.T.);
#4085=EDGE_CURVE('',#3322,#3339,#1806,.T.);
#4086=EDGE_CURVE('',#3339,#3340,#3056,.T.);
#4087=EDGE_CURVE('',#3340,#3328,#3057,.T.);
#4088=EDGE_CURVE('',#3337,#3338,#1413,.T.);
#4089=EDGE_CURVE('',#3328,#3331,#3058,.T.);
#4090=EDGE_CURVE('',#3199,#3317,#1807,.T.);
#4091=EDGE_CURVE('',#3316,#3198,#1808,.T.);
#4092=EDGE_CURVE('',#3341,#3315,#1809,.T.);
#4093=EDGE_CURVE('',#3120,#3341,#1810,.T.);
#4094=EDGE_CURVE('',#3318,#3119,#1811,.T.);
#4095=EDGE_CURVE('',#3342,#3341,#3059,.T.);
#4096=EDGE_CURVE('',#3311,#3342,#3060,.T.);
#4097=EDGE_CURVE('',#3343,#3344,#1414,.T.);
#4098=EDGE_CURVE('',#3345,#3343,#1812,.T.);
#4099=EDGE_CURVE('',#3345,#3346,#1813,.T.);
#4100=EDGE_CURVE('',#3346,#3344,#1814,.T.);
#4101=EDGE_CURVE('',#3344,#3347,#1815,.T.);
#4102=EDGE_CURVE('',#3348,#3346,#1816,.T.);
#4103=EDGE_CURVE('',#3347,#3348,#1817,.T.);
#4104=EDGE_CURVE('',#3349,#3345,#1818,.T.);
#4105=EDGE_CURVE('',#3349,#3348,#1819,.T.);
#4106=EDGE_CURVE('',#3347,#3350,#1415,.T.);
#4107=EDGE_CURVE('',#3350,#3349,#1820,.T.);
#4108=EDGE_CURVE('',#3351,#3350,#1821,.T.);
#4109=EDGE_CURVE('',#3351,#3352,#1416,.T.);
#4110=EDGE_CURVE('',#3353,#3352,#1822,.T.);
#4111=EDGE_CURVE('',#3353,#3354,#1417,.T.);
#4112=EDGE_CURVE('',#3343,#3354,#1823,.T.);
#4113=EDGE_CURVE('',#3355,#3356,#1418,.T.);
#4114=EDGE_CURVE('',#3357,#3355,#1824,.T.);
#4115=EDGE_CURVE('',#3357,#3358,#1825,.T.);
#4116=EDGE_CURVE('',#3358,#3356,#1826,.T.);
#4117=EDGE_CURVE('',#3356,#3359,#1827,.T.);
#4118=EDGE_CURVE('',#3360,#3358,#1828,.T.);
#4119=EDGE_CURVE('',#3359,#3360,#1829,.T.);
#4120=EDGE_CURVE('',#3361,#3357,#1830,.T.);
#4121=EDGE_CURVE('',#3361,#3360,#1831,.T.);
#4122=EDGE_CURVE('',#3359,#3362,#1419,.T.);
#4123=EDGE_CURVE('',#3362,#3361,#1832,.T.);
#4124=EDGE_CURVE('',#3363,#3362,#1833,.T.);
#4125=EDGE_CURVE('',#3363,#3353,#1420,.T.);
#4126=EDGE_CURVE('',#3352,#3364,#1421,.T.);
#4127=EDGE_CURVE('',#3355,#3364,#1834,.T.);
#4128=EDGE_CURVE('',#3365,#3366,#1835,.T.);
#4129=EDGE_CURVE('',#3365,#3367,#1422,.T.);
#4130=EDGE_CURVE('',#3368,#3367,#1836,.T.);
#4131=EDGE_CURVE('',#3368,#3366,#1423,.T.);
#4132=EDGE_CURVE('',#3369,#3370,#1837,.T.);
#4133=EDGE_CURVE('',#3369,#3368,#1424,.T.);
#4134=EDGE_CURVE('',#3367,#3370,#1425,.T.);
#4135=EDGE_CURVE('',#3369,#3371,#1838,.T.);
#4136=EDGE_CURVE('',#3372,#3371,#1426,.T.);
#4137=EDGE_CURVE('',#3076,#3372,#1839,.T.);
#4138=EDGE_CURVE('',#3075,#3373,#1840,.T.);
#4139=EDGE_CURVE('',#3373,#3374,#1427,.T.);
#4140=EDGE_CURVE('',#3374,#3354,#1841,.T.);
#4141=EDGE_CURVE('',#3363,#3375,#1842,.T.);
#4142=EDGE_CURVE('',#3375,#3376,#1428,.T.);
#4143=EDGE_CURVE('',#3376,#3377,#1843,.T.);
#4144=EDGE_CURVE('',#3377,#3378,#1844,.T.);
#4145=EDGE_CURVE('',#3334,#3378,#1845,.T.);
#4146=EDGE_CURVE('',#3122,#3333,#1846,.T.);
#4147=EDGE_CURVE('',#3121,#3379,#1847,.T.);
#4148=EDGE_CURVE('',#3380,#3379,#1429,.T.);
#4149=EDGE_CURVE('',#3380,#3366,#1848,.T.);
#4150=EDGE_CURVE('',#3381,#3381,#1430,.T.);
#4151=EDGE_CURVE('',#3382,#3370,#1849,.T.);
#4152=EDGE_CURVE('',#3371,#3382,#1850,.T.);
#4153=EDGE_CURVE('',#3383,#3380,#1851,.T.);
#4154=EDGE_CURVE('',#3365,#3383,#1852,.T.);
#4155=EDGE_CURVE('',#3384,#3385,#1431,.T.);
#4156=EDGE_CURVE('',#3386,#3384,#1853,.T.);
#4157=EDGE_CURVE('',#3386,#3387,#1854,.T.);
#4158=EDGE_CURVE('',#3387,#3385,#1855,.T.);
#4159=EDGE_CURVE('',#3385,#3388,#1856,.T.);
#4160=EDGE_CURVE('',#3389,#3387,#1857,.T.);
#4161=EDGE_CURVE('',#3388,#3389,#1858,.T.);
#4162=EDGE_CURVE('',#3390,#3386,#1859,.T.);
#4163=EDGE_CURVE('',#3390,#3389,#1860,.T.);
#4164=EDGE_CURVE('',#3388,#3391,#1432,.T.);
#4165=EDGE_CURVE('',#3391,#3390,#1861,.T.);
#4166=EDGE_CURVE('',#3238,#3391,#1862,.T.);
#4167=EDGE_CURVE('',#3237,#3392,#1863,.T.);
#4168=EDGE_CURVE('',#3392,#3393,#1433,.T.);
#4169=EDGE_CURVE('',#3384,#3393,#1864,.T.);
#4170=EDGE_CURVE('',#3394,#3395,#1434,.T.);
#4171=EDGE_CURVE('',#3396,#3394,#1865,.T.);
#4172=EDGE_CURVE('',#3396,#3397,#1866,.T.);
#4173=EDGE_CURVE('',#3397,#3395,#1867,.T.);
#4174=EDGE_CURVE('',#3395,#3398,#1868,.T.);
#4175=EDGE_CURVE('',#3399,#3397,#1869,.T.);
#4176=EDGE_CURVE('',#3398,#3399,#1870,.T.);
#4177=EDGE_CURVE('',#3400,#3396,#1871,.T.);
#4178=EDGE_CURVE('',#3400,#3399,#1872,.T.);
#4179=EDGE_CURVE('',#3398,#3401,#1435,.T.);
#4180=EDGE_CURVE('',#3401,#3400,#1873,.T.);
#4181=EDGE_CURVE('',#3402,#3401,#1874,.T.);
#4182=EDGE_CURVE('',#3402,#3392,#1436,.T.);
#4183=EDGE_CURVE('',#3394,#3236,#1875,.T.);
#4184=EDGE_CURVE('',#3230,#3403,#1876,.T.);
#4185=EDGE_CURVE('',#3247,#3404,#1877,.T.);
#4186=EDGE_CURVE('',#3404,#3403,#1437,.T.);
#4187=EDGE_CURVE('',#3405,#3246,#1878,.T.);
#4188=EDGE_CURVE('',#3405,#3404,#1438,.T.);
#4189=EDGE_CURVE('',#3406,#3235,#1879,.T.);
#4190=EDGE_CURVE('',#3402,#3406,#1880,.T.);
#4191=EDGE_CURVE('',#3407,#3403,#1881,.T.);
#4192=EDGE_CURVE('',#3407,#3231,#1882,.T.);
#4193=EDGE_CURVE('',#3406,#3408,#1439,.T.);
#4194=EDGE_CURVE('',#3408,#3409,#1883,.T.);
#4195=EDGE_CURVE('',#3410,#3409,#1884,.T.);
#4196=EDGE_CURVE('',#3411,#3410,#1885,.T.);
#4197=EDGE_CURVE('',#3412,#3411,#1886,.T.);
#4198=EDGE_CURVE('',#3412,#3413,#1887,.T.);
#4199=EDGE_CURVE('',#3413,#3407,#1440,.T.);
#4200=EDGE_CURVE('',#3405,#3414,#1888,.T.);
#4201=EDGE_CURVE('',#3414,#3415,#1441,.T.);
#4202=EDGE_CURVE('',#3415,#3416,#1889,.T.);
#4203=EDGE_CURVE('',#3417,#3416,#1890,.T.);
#4204=EDGE_CURVE('',#3418,#3417,#1891,.T.);
#4205=EDGE_CURVE('',#3419,#3418,#1892,.T.);
#4206=EDGE_CURVE('',#3419,#3420,#1893,.T.);
#4207=EDGE_CURVE('',#3420,#3421,#1442,.T.);
#4208=EDGE_CURVE('',#3421,#3393,#1894,.T.);
#4209=EDGE_CURVE('',#3422,#3422,#1443,.T.);
#4210=EDGE_CURVE('',#3423,#3423,#1444,.T.);
#4211=EDGE_CURVE('',#3424,#3424,#1445,.T.);
#4212=EDGE_CURVE('',#3425,#3425,#1446,.T.);
#4213=EDGE_CURVE('',#3414,#3245,#1895,.T.);
#4214=EDGE_CURVE('',#3239,#3421,#1896,.T.);
#4215=EDGE_CURVE('',#3378,#3307,#1897,.T.);
#4216=EDGE_CURVE('',#3426,#3377,#1898,.T.);
#4217=EDGE_CURVE('',#3330,#3426,#1899,.T.);
#4218=EDGE_CURVE('',#3427,#3427,#1447,.T.);
#4219=EDGE_CURVE('',#3427,#3425,#1900,.T.);
#4220=EDGE_CURVE('',#3428,#3428,#1448,.T.);
#4221=EDGE_CURVE('',#3428,#3423,#1901,.T.);
#4222=EDGE_CURVE('',#3429,#3430,#1902,.T.);
#4223=EDGE_CURVE('',#3430,#3121,#1903,.T.);
#4224=EDGE_CURVE('',#3431,#3127,#1904,.T.);
#4225=EDGE_CURVE('',#3431,#3241,#1905,.T.);
#4226=EDGE_CURVE('',#3241,#3418,#1906,.T.);
#4227=EDGE_CURVE('',#3417,#3242,#1907,.T.);
#4228=EDGE_CURVE('',#3242,#3432,#1908,.T.);
#4229=EDGE_CURVE('',#3123,#3432,#1909,.T.);
#4230=EDGE_CURVE('',#3122,#3429,#1910,.T.);
#4231=EDGE_CURVE('',#3416,#3433,#1911,.T.);
#4232=EDGE_CURVE('',#3433,#3434,#1912,.T.);
#4233=EDGE_CURVE('',#3434,#3332,#1913,.T.);
#4234=EDGE_CURVE('',#3250,#3331,#1914,.T.);
#4235=EDGE_CURVE('',#3249,#3435,#1915,.T.);
#4236=EDGE_CURVE('',#3435,#3416,#1916,.T.);
#4237=EDGE_CURVE('',#3377,#3333,#1917,.T.);
#4238=EDGE_CURVE('',#3332,#3426,#1918,.T.);
#4239=EDGE_CURVE('',#3436,#3434,#1919,.T.);
#4240=EDGE_CURVE('',#3327,#3436,#1920,.T.);
#4241=EDGE_CURVE('',#3437,#3436,#1449,.T.);
#4242=EDGE_CURVE('',#3324,#3437,#1921,.T.);
#4243=EDGE_CURVE('',#3375,#3438,#1922,.T.);
#4244=EDGE_CURVE('',#3439,#3438,#1450,.T.);
#4245=EDGE_CURVE('',#3376,#3439,#1923,.T.);
#4246=EDGE_CURVE('',#3433,#3439,#1924,.T.);
#4247=EDGE_CURVE('',#3433,#3429,#1925,.T.);
#4248=EDGE_CURVE('',#3440,#3437,#1926,.T.);
#4249=EDGE_CURVE('',#3325,#3440,#1927,.T.);
#4250=EDGE_CURVE('',#3441,#3442,#1928,.T.);
#4251=EDGE_CURVE('',#3442,#3443,#1929,.T.);
#4252=EDGE_CURVE('',#3443,#3444,#1930,.T.);
#4253=EDGE_CURVE('',#3444,#3441,#1931,.T.);
#4254=EDGE_CURVE('',#3438,#3414,#1932,.T.);
#4255=EDGE_CURVE('',#3414,#3407,#1933,.T.);
#4256=EDGE_CURVE('',#3407,#3445,#1934,.T.);
#4257=EDGE_CURVE('',#3445,#3438,#1935,.T.);
#4258=EDGE_CURVE('',#3446,#3412,#1936,.T.);
#4259=EDGE_CURVE('',#3412,#3447,#1937,.T.);
#4260=EDGE_CURVE('',#3447,#3203,#1938,.T.);
#4261=EDGE_CURVE('',#3313,#3202,#1939,.T.);
#4262=EDGE_CURVE('',#3314,#3448,#1940,.T.);
#4263=EDGE_CURVE('',#3448,#3446,#1941,.T.);
#4264=EDGE_CURVE('',#3445,#3449,#1451,.T.);
#4265=EDGE_CURVE('',#3449,#3446,#1942,.T.);
#4266=EDGE_CURVE('',#3448,#3450,#1943,.T.);
#4267=EDGE_CURVE('',#3450,#3440,#1452,.T.);
#4268=EDGE_CURVE('',#3373,#3449,#1944,.T.);
#4269=EDGE_CURVE('',#3451,#3075,#1945,.T.);
#4270=EDGE_CURVE('',#3451,#3446,#1946,.T.);
#4271=EDGE_CURVE('',#3308,#3450,#1947,.T.);
#4272=EDGE_CURVE('',#3445,#3374,#1948,.T.);
#4273=EDGE_CURVE('',#3452,#3074,#1949,.T.);
#4274=EDGE_CURVE('',#3232,#3452,#1950,.T.);
#4275=EDGE_CURVE('',#3232,#3411,#1951,.T.);
#4276=EDGE_CURVE('',#3410,#3233,#1952,.T.);
#4277=EDGE_CURVE('',#3453,#3233,#1953,.T.);
#4278=EDGE_CURVE('',#3077,#3453,#1954,.T.);
#4279=EDGE_CURVE('',#3076,#3454,#1955,.T.);
#4280=EDGE_CURVE('',#3454,#3451,#1956,.T.);
#4281=EDGE_CURVE('',#3415,#3439,#1957,.T.);
#4282=EDGE_CURVE('',#3433,#3439,#1958,.T.);
#4283=EDGE_CURVE('',#3439,#3438,#1453,.T.);
#4284=EDGE_CURVE('',#3455,#3245,#1454,.T.);
#4285=EDGE_CURVE('',#3231,#3245,#1959,.T.);
#4286=EDGE_CURVE('',#3231,#3456,#1455,.T.);
#4287=EDGE_CURVE('',#3456,#3204,#1960,.T.);
#4288=EDGE_CURVE('',#3203,#3457,#1961,.T.);
#4289=EDGE_CURVE('',#3457,#3458,#1456,.T.);
#4290=EDGE_CURVE('',#3458,#3459,#1962,.T.);
#4291=EDGE_CURVE('',#3459,#3460,#1457,.T.);
#4292=EDGE_CURVE('',#3460,#3249,#1963,.T.);
#4293=EDGE_CURVE('',#3243,#3455,#1964,.T.);
#4294=EDGE_CURVE('',#3415,#3416,#1965,.T.);
#4295=EDGE_CURVE('',#3455,#3415,#1966,.T.);
#4296=EDGE_CURVE('',#3461,#3459,#1967,.T.);
#4297=EDGE_CURVE('',#3462,#3461,#1458,.T.);
#4298=EDGE_CURVE('',#3460,#3462,#1968,.T.);
#4299=EDGE_CURVE('',#3435,#3462,#1969,.T.);
#4300=EDGE_CURVE('',#3414,#3415,#1459,.T.);
#4301=EDGE_CURVE('',#3458,#3463,#1970,.T.);
#4302=EDGE_CURVE('',#3463,#3461,#1971,.T.);
#4303=EDGE_CURVE('',#3449,#3446,#1972,.T.);
#4304=EDGE_CURVE('',#3413,#3449,#1973,.T.);
#4305=EDGE_CURVE('',#3445,#3449,#1460,.T.);
#4306=EDGE_CURVE('',#3463,#3464,#1461,.T.);
#4307=EDGE_CURVE('',#3464,#3447,#1974,.T.);
#4308=EDGE_CURVE('',#3412,#3413,#1975,.T.);
#4309=EDGE_CURVE('',#3413,#3407,#1462,.T.);
#4310=EDGE_CURVE('',#3456,#3413,#1976,.T.);
#4311=EDGE_CURVE('',#3457,#3464,#1977,.T.);
#4312=EDGE_CURVE('',#3465,#3466,#1978,.T.);
#4313=EDGE_CURVE('',#3466,#3467,#1463,.T.);
#4314=EDGE_CURVE('',#3467,#3465,#1464,.T.);
#4315=EDGE_CURVE('',#3468,#3382,#1465,.T.);
#4316=EDGE_CURVE('',#3468,#3465,#1979,.T.);
#4317=EDGE_CURVE('',#3382,#3467,#1980,.T.);
#4318=EDGE_CURVE('',#3382,#3383,#1981,.T.);
#4319=EDGE_CURVE('',#3383,#3469,#1466,.T.);
#4320=EDGE_CURVE('',#3469,#3470,#1982,.T.);
#4321=EDGE_CURVE('',#3471,#3470,#1983,.T.);
#4322=EDGE_CURVE('',#3471,#3472,#1984,.T.);
#4323=EDGE_CURVE('',#3472,#3473,#1467,.T.);
#4324=EDGE_CURVE('',#3473,#3474,#1985,.T.);
#4325=EDGE_CURVE('',#3474,#3475,#1468,.T.);
#4326=EDGE_CURVE('',#3475,#3476,#1986,.T.);
#4327=EDGE_CURVE('',#3477,#3476,#1987,.T.);
#4328=EDGE_CURVE('',#3477,#3468,#1988,.T.);
#4329=EDGE_CURVE('',#3409,#3477,#1989,.T.);
#4330=EDGE_CURVE('',#3476,#3478,#1990,.T.);
#4331=EDGE_CURVE('',#3479,#3478,#1991,.T.);
#4332=EDGE_CURVE('',#3480,#3479,#1992,.T.);
#4333=EDGE_CURVE('',#3480,#3481,#1993,.T.);
#4334=EDGE_CURVE('',#3481,#3482,#1994,.T.);
#4335=EDGE_CURVE('',#3482,#3409,#1995,.T.);
#4336=EDGE_CURVE('',#3421,#3383,#1996,.T.);
#4337=EDGE_CURVE('',#3467,#3406,#1997,.T.);
#4338=EDGE_CURVE('',#3406,#3421,#1998,.T.);
#4339=EDGE_CURVE('',#3470,#3419,#1999,.T.);
#4340=EDGE_CURVE('',#3419,#3483,#2000,.T.);
#4341=EDGE_CURVE('',#3483,#3484,#2001,.T.);
#4342=EDGE_CURVE('',#3485,#3484,#2002,.T.);
#4343=EDGE_CURVE('',#3486,#3485,#2003,.T.);
#4344=EDGE_CURVE('',#3486,#3487,#2004,.T.);
#4345=EDGE_CURVE('',#3487,#3471,#2005,.T.);
#4346=EDGE_CURVE('',#3488,#3487,#2006,.T.);
#4347=EDGE_CURVE('',#3488,#3472,#2007,.T.);
#4348=EDGE_CURVE('',#3372,#3489,#2008,.T.);
#4349=EDGE_CURVE('',#3468,#3489,#2009,.T.);
#4350=EDGE_CURVE('',#3477,#3454,#2010,.T.);
#4351=EDGE_CURVE('',#3489,#3382,#1469,.T.);
#4352=EDGE_CURVE('',#3490,#3491,#2011,.T.);
#4353=EDGE_CURVE('',#3491,#3490,#1470,.T.);
#4354=EDGE_CURVE('',#3492,#3493,#2012,.T.);
#4355=EDGE_CURVE('',#3493,#3492,#1471,.T.);
#4356=EDGE_CURVE('',#3379,#3469,#2013,.T.);
#4357=EDGE_CURVE('',#3430,#3470,#2014,.T.);
#4358=EDGE_CURVE('',#3494,#3475,#2015,.T.);
#4359=EDGE_CURVE('',#3478,#3494,#2016,.T.);
#4360=EDGE_CURVE('',#3494,#3493,#1472,.T.);
#4361=EDGE_CURVE('',#3495,#3474,#2017,.T.);
#4362=EDGE_CURVE('',#3492,#3495,#1473,.T.);
#4363=EDGE_CURVE('',#3496,#3491,#1474,.T.);
#4364=EDGE_CURVE('',#3473,#3496,#2018,.T.);
#4365=EDGE_CURVE('',#3490,#3488,#1475,.T.);
#4366=EDGE_CURVE('',#3491,#3492,#2019,.T.);
#4367=EDGE_CURVE('',#3495,#3496,#2020,.T.);
#4368=EDGE_CURVE('',#3493,#3479,#2021,.T.);
#4369=EDGE_CURVE('',#3469,#3470,#2022,.T.);
#4370=EDGE_CURVE('',#3420,#3469,#2023,.T.);
#4371=EDGE_CURVE('',#3383,#3469,#1476,.T.);
#4372=EDGE_CURVE('',#3420,#3421,#1477,.T.);
#4373=EDGE_CURVE('',#3406,#3408,#1478,.T.);
#4374=EDGE_CURVE('',#3408,#3409,#2024,.T.);
#4375=EDGE_CURVE('',#3482,#3497,#2025,.T.);
#4376=EDGE_CURVE('',#3497,#3498,#1479,.T.);
#4377=EDGE_CURVE('',#3499,#3498,#2026,.T.);
#4378=EDGE_CURVE('',#3499,#3500,#1480,.T.);
#4379=EDGE_CURVE('',#3500,#3483,#2027,.T.);
#4380=EDGE_CURVE('',#3419,#3420,#2028,.T.);
#4381=EDGE_CURVE('',#3240,#3420,#2029,.T.);
#4382=EDGE_CURVE('',#3501,#3502,#2030,.T.);
#4383=EDGE_CURVE('',#3502,#3501,#1481,.T.);
#4384=EDGE_CURVE('',#3503,#3500,#2031,.T.);
#4385=EDGE_CURVE('',#3484,#3503,#2032,.T.);
#4386=EDGE_CURVE('',#3503,#3502,#1482,.T.);
#4387=EDGE_CURVE('',#3504,#3499,#2033,.T.);
#4388=EDGE_CURVE('',#3501,#3504,#1483,.T.);
#4389=EDGE_CURVE('',#3504,#3505,#2034,.T.);
#4390=EDGE_CURVE('',#3505,#3506,#1484,.T.);
#4391=EDGE_CURVE('',#3506,#3501,#2035,.T.);
#4392=EDGE_CURVE('',#3502,#3485,#2036,.T.);
#4393=EDGE_CURVE('',#3498,#3505,#2037,.T.);
#4394=EDGE_CURVE('',#3408,#3466,#2038,.T.);
#4395=EDGE_CURVE('',#3477,#3468,#2039,.T.);
#4396=EDGE_CURVE('',#3497,#3507,#2040,.T.);
#4397=EDGE_CURVE('',#3507,#3481,#2041,.T.);
#4398=EDGE_CURVE('',#3508,#3507,#1485,.T.);
#4399=EDGE_CURVE('',#3506,#3508,#1486,.T.);
#4400=EDGE_CURVE('',#3480,#3508,#2042,.T.);
#4401=EDGE_CURVE('',#3234,#3408,#2043,.T.);
#4402=EDGE_CURVE('',#3508,#3506,#2044,.T.);
#4403=EDGE_CURVE('',#3509,#3509,#1487,.T.);
#4404=EDGE_CURVE('',#3509,#3510,#2045,.T.);
#4405=EDGE_CURVE('',#3510,#3510,#1488,.T.);
#4406=EDGE_CURVE('',#3511,#3511,#1489,.T.);
#4407=EDGE_CURVE('',#3511,#3512,#2046,.T.);
#4408=EDGE_CURVE('',#3512,#3512,#1490,.T.);
#4409=EDGE_CURVE('',#3513,#3513,#1491,.T.);
#4410=EDGE_CURVE('',#3513,#3514,#2047,.T.);
#4411=EDGE_CURVE('',#3514,#3514,#1492,.T.);
#4412=EDGE_CURVE('',#3515,#3515,#1493,.T.);
#4413=EDGE_CURVE('',#3515,#3516,#2048,.T.);
#4414=EDGE_CURVE('',#3516,#3516,#1494,.T.);
#4415=EDGE_CURVE('',#3517,#3517,#1495,.T.);
#4416=EDGE_CURVE('',#3517,#3518,#2049,.T.);
#4417=EDGE_CURVE('',#3518,#3518,#1496,.T.);
#4418=EDGE_CURVE('',#3519,#3519,#1497,.T.);
#4419=EDGE_CURVE('',#3519,#3520,#2050,.T.);
#4420=EDGE_CURVE('',#3520,#3520,#1498,.T.);
#4421=EDGE_CURVE('',#3521,#3521,#1499,.T.);
#4422=EDGE_CURVE('',#3521,#3522,#2051,.T.);
#4423=EDGE_CURVE('',#3522,#3522,#1500,.T.);
#4424=EDGE_CURVE('',#3523,#3523,#1501,.T.);
#4425=EDGE_CURVE('',#3523,#3524,#2052,.T.);
#4426=EDGE_CURVE('',#3524,#3524,#1502,.T.);
#4427=EDGE_CURVE('',#3525,#3526,#2053,.T.);
#4428=EDGE_CURVE('',#3443,#3525,#2054,.T.);
#4429=EDGE_CURVE('',#3442,#3526,#2055,.T.);
#4430=EDGE_CURVE('',#3444,#3525,#1503,.T.);
#4431=EDGE_CURVE('',#3441,#3526,#1504,.T.);
#4432=EDGE_CURVE('',#3202,#3527,#2056,.T.);
#4433=EDGE_CURVE('',#3528,#3527,#2057,.T.);
#4434=EDGE_CURVE('',#3313,#3528,#2058,.T.);
#4435=EDGE_CURVE('',#3529,#3528,#1505,.T.);
#4436=EDGE_CURVE('',#3107,#3529,#2059,.T.);
#4437=EDGE_CURVE('',#3341,#3107,#3061,.T.);
#4438=EDGE_CURVE('',#3530,#3529,#2060,.T.);
#4439=EDGE_CURVE('',#3108,#3530,#2061,.T.);
#4440=EDGE_CURVE('',#3108,#3339,#3062,.T.);
#4441=EDGE_CURVE('',#3531,#3530,#1506,.T.);
#4442=EDGE_CURVE('',#3331,#3531,#2062,.T.);
#4443=EDGE_CURVE('',#3532,#3531,#2063,.T.);
#4444=EDGE_CURVE('',#3250,#3532,#2064,.T.);
#4445=EDGE_CURVE('',#3533,#3532,#1507,.T.);
#4446=EDGE_CURVE('',#3251,#3533,#2065,.T.);
#4447=EDGE_CURVE('',#3201,#3251,#2066,.T.);
#4448=EDGE_CURVE('',#3534,#3533,#2067,.T.);
#4449=EDGE_CURVE('',#3201,#3534,#2068,.T.);
#4450=EDGE_CURVE('',#3201,#3202,#3063,.T.);
#4451=EDGE_CURVE('',#3527,#3534,#1508,.T.);
#4452=EDGE_CURVE('',#3480,#3192,#1509,.T.);
#4453=EDGE_CURVE('',#3191,#3485,#1510,.T.);
#4454=EDGE_CURVE('',#3486,#3490,#2069,.T.);
#4455=EDGE_CURVE('',#3130,#3486,#1511,.T.);
#4456=EDGE_CURVE('',#3479,#3119,#1512,.T.);
#4457=EDGE_CURVE('',#3535,#3536,#2070,.T.);
#4458=EDGE_CURVE('',#3535,#3480,#2071,.T.);
#4459=EDGE_CURVE('',#3536,#3479,#2072,.T.);
#4460=EDGE_CURVE('',#3537,#3535,#1513,.T.);
#4461=EDGE_CURVE('',#3537,#3200,#2073,.T.);
#4462=EDGE_CURVE('',#3192,#3200,#3064,.T.);
#4463=EDGE_CURVE('',#3538,#3537,#2074,.T.);
#4464=EDGE_CURVE('',#3538,#3252,#2075,.T.);
#4465=EDGE_CURVE('',#3252,#3200,#2076,.T.);
#4466=EDGE_CURVE('',#3539,#3538,#1514,.T.);
#4467=EDGE_CURVE('',#3539,#3485,#2077,.T.);
#4468=EDGE_CURVE('',#3540,#3539,#2078,.T.);
#4469=EDGE_CURVE('',#3540,#3486,#2079,.T.);
#4470=EDGE_CURVE('',#3541,#3540,#1515,.T.);
#4471=EDGE_CURVE('',#3541,#3111,#2080,.T.);
#4472=EDGE_CURVE('',#3542,#3541,#2081,.T.);
#4473=EDGE_CURVE('',#3542,#3112,#2082,.T.);
#4474=EDGE_CURVE('',#3536,#3542,#1516,.T.);
#4475=EDGE_CURVE('',#3543,#3544,#1517,.T.);
#4476=EDGE_CURVE('',#3543,#3536,#2083,.T.);
#4477=EDGE_CURVE('',#3544,#3542,#2084,.T.);
#4478=EDGE_CURVE('',#3545,#3543,#2085,.T.);
#4479=EDGE_CURVE('',#3545,#3535,#2086,.T.);
#4480=EDGE_CURVE('',#3546,#3545,#1518,.T.);
#4481=EDGE_CURVE('',#3546,#3537,#2087,.T.);
#4482=EDGE_CURVE('',#3547,#3546,#2088,.T.);
#4483=EDGE_CURVE('',#3547,#3538,#2089,.T.);
#4484=EDGE_CURVE('',#3548,#3547,#1519,.T.);
#4485=EDGE_CURVE('',#3548,#3539,#2090,.T.);
#4486=EDGE_CURVE('',#3549,#3548,#2091,.T.);
#4487=EDGE_CURVE('',#3549,#3540,#2092,.T.);
#4488=EDGE_CURVE('',#3550,#3549,#1520,.T.);
#4489=EDGE_CURVE('',#3550,#3541,#2093,.T.);
#4490=EDGE_CURVE('',#3544,#3550,#2094,.T.);
#4491=EDGE_CURVE('',#3438,#3364,#2095,.T.);
#4492=EDGE_CURVE('',#3351,#3445,#2096,.T.);
#4493=EDGE_CURVE('',#3551,#3552,#2097,.T.);
#4494=EDGE_CURVE('',#3551,#3534,#2098,.T.);
#4495=EDGE_CURVE('',#3552,#3533,#2099,.T.);
#4496=EDGE_CURVE('',#3553,#3551,#1521,.T.);
#4497=EDGE_CURVE('',#3553,#3527,#2100,.T.);
#4498=EDGE_CURVE('',#3554,#3553,#2101,.T.);
#4499=EDGE_CURVE('',#3554,#3528,#2102,.T.);
#4500=EDGE_CURVE('',#3555,#3554,#1522,.T.);
#4501=EDGE_CURVE('',#3555,#3529,#2103,.T.);
#4502=EDGE_CURVE('',#3556,#3555,#2104,.T.);
#4503=EDGE_CURVE('',#3556,#3530,#2105,.T.);
#4504=EDGE_CURVE('',#3557,#3556,#1523,.T.);
#4505=EDGE_CURVE('',#3557,#3531,#2106,.T.);
#4506=EDGE_CURVE('',#3558,#3557,#2107,.T.);
#4507=EDGE_CURVE('',#3558,#3532,#2108,.T.);
#4508=EDGE_CURVE('',#3552,#3558,#1524,.T.);
#4509=EDGE_CURVE('',#3559,#3560,#2109,.T.);
#4510=EDGE_CURVE('',#3559,#3561,#2110,.T.);
#4511=EDGE_CURVE('',#3562,#3561,#2111,.T.);
#4512=EDGE_CURVE('',#3560,#3562,#2112,.T.);
#4513=EDGE_CURVE('',#3563,#3564,#2113,.T.);
#4514=EDGE_CURVE('',#3565,#3563,#2114,.T.);
#4515=EDGE_CURVE('',#3566,#3565,#2115,.T.);
#4516=EDGE_CURVE('',#3566,#3564,#2116,.T.);
#4517=EDGE_CURVE('',#3567,#3568,#2117,.T.);
#4518=EDGE_CURVE('',#3567,#3569,#2118,.T.);
#4519=EDGE_CURVE('',#3570,#3569,#2119,.T.);
#4520=EDGE_CURVE('',#3568,#3570,#2120,.T.);
#4521=EDGE_CURVE('',#3571,#3572,#2121,.T.);
#4522=EDGE_CURVE('',#3573,#3571,#2122,.T.);
#4523=EDGE_CURVE('',#3574,#3573,#2123,.T.);
#4524=EDGE_CURVE('',#3574,#3572,#2124,.T.);
#4525=EDGE_CURVE('',#3575,#3576,#2125,.T.);
#4526=EDGE_CURVE('',#3575,#3577,#2126,.T.);
#4527=EDGE_CURVE('',#3578,#3577,#2127,.T.);
#4528=EDGE_CURVE('',#3576,#3578,#2128,.T.);
#4529=EDGE_CURVE('',#3579,#3580,#2129,.T.);
#4530=EDGE_CURVE('',#3581,#3579,#2130,.T.);
#4531=EDGE_CURVE('',#3582,#3581,#2131,.T.);
#4532=EDGE_CURVE('',#3582,#3580,#2132,.T.);
#4533=EDGE_CURVE('',#3583,#3584,#2133,.T.);
#4534=EDGE_CURVE('',#3583,#3585,#2134,.T.);
#4535=EDGE_CURVE('',#3586,#3585,#2135,.T.);
#4536=EDGE_CURVE('',#3584,#3586,#2136,.T.);
#4537=EDGE_CURVE('',#3587,#3588,#2137,.T.);
#4538=EDGE_CURVE('',#3589,#3587,#2138,.T.);
#4539=EDGE_CURVE('',#3590,#3589,#2139,.T.);
#4540=EDGE_CURVE('',#3590,#3588,#2140,.T.);
#4541=EDGE_CURVE('',#3591,#3560,#2141,.T.);
#4542=EDGE_CURVE('',#3592,#3591,#2142,.T.);
#4543=EDGE_CURVE('',#3559,#3592,#2143,.T.);
#4544=EDGE_CURVE('',#3593,#3561,#2144,.T.);
#4545=EDGE_CURVE('',#3593,#3594,#2145,.T.);
#4546=EDGE_CURVE('',#3562,#3594,#2146,.T.);
#4547=EDGE_CURVE('',#3595,#3568,#2147,.T.);
#4548=EDGE_CURVE('',#3596,#3595,#2148,.T.);
#4549=EDGE_CURVE('',#3567,#3596,#2149,.T.);
#4550=EDGE_CURVE('',#3597,#3569,#2150,.T.);
#4551=EDGE_CURVE('',#3597,#3598,#2151,.T.);
#4552=EDGE_CURVE('',#3570,#3598,#2152,.T.);
#4553=EDGE_CURVE('',#3599,#3576,#2153,.T.);
#4554=EDGE_CURVE('',#3600,#3599,#2154,.T.);
#4555=EDGE_CURVE('',#3575,#3600,#2155,.T.);
#4556=EDGE_CURVE('',#3601,#3577,#2156,.T.);
#4557=EDGE_CURVE('',#3601,#3602,#2157,.T.);
#4558=EDGE_CURVE('',#3578,#3602,#2158,.T.);
#4559=EDGE_CURVE('',#3603,#3604,#2159,.T.);
#4560=EDGE_CURVE('',#3604,#3605,#1525,.T.);
#4561=EDGE_CURVE('',#3605,#3606,#2160,.T.);
#4562=EDGE_CURVE('',#3606,#3607,#1526,.T.);
#4563=EDGE_CURVE('',#3607,#3608,#2161,.T.);
#4564=EDGE_CURVE('',#3608,#3609,#1527,.T.);
#4565=EDGE_CURVE('',#3609,#3610,#2162,.T.);
#4566=EDGE_CURVE('',#3610,#3603,#1528,.T.);
#4567=EDGE_CURVE('',#3592,#3611,#1529,.T.);
#4568=EDGE_CURVE('',#3611,#3580,#2163,.T.);
#4569=EDGE_CURVE('',#3582,#3612,#2164,.T.);
#4570=EDGE_CURVE('',#3612,#3593,#1530,.T.);
#4571=EDGE_CURVE('',#3566,#3613,#2165,.T.);
#4572=EDGE_CURVE('',#3613,#3597,#1531,.T.);
#4573=EDGE_CURVE('',#3596,#3614,#1532,.T.);
#4574=EDGE_CURVE('',#3614,#3564,#2166,.T.);
#4575=EDGE_CURVE('',#3600,#3615,#1533,.T.);
#4576=EDGE_CURVE('',#3615,#3588,#2167,.T.);
#4577=EDGE_CURVE('',#3590,#3616,#2168,.T.);
#4578=EDGE_CURVE('',#3616,#3601,#1534,.T.);
#4579=EDGE_CURVE('',#3574,#3617,#2169,.T.);
#4580=EDGE_CURVE('',#3617,#3618,#1535,.T.);
#4581=EDGE_CURVE('',#3618,#3585,#2170,.T.);
#4582=EDGE_CURVE('',#3583,#3619,#2171,.T.);
#4583=EDGE_CURVE('',#3619,#3620,#1536,.T.);
#4584=EDGE_CURVE('',#3620,#3572,#2172,.T.);
#4585=EDGE_CURVE('',#3621,#3584,#2173,.T.);
#4586=EDGE_CURVE('',#3619,#3621,#2174,.T.);
#4587=EDGE_CURVE('',#3602,#3622,#1537,.T.);
#4588=EDGE_CURVE('',#3622,#3589,#2175,.T.);
#4589=EDGE_CURVE('',#3587,#3623,#2176,.T.);
#4590=EDGE_CURVE('',#3623,#3599,#1538,.T.);
#4591=EDGE_CURVE('',#3594,#3624,#1539,.T.);
#4592=EDGE_CURVE('',#3624,#3581,#2177,.T.);
#4593=EDGE_CURVE('',#3579,#3625,#2178,.T.);
#4594=EDGE_CURVE('',#3625,#3591,#1540,.T.);
#4595=EDGE_CURVE('',#3571,#3626,#2179,.T.);
#4596=EDGE_CURVE('',#3626,#3621,#1541,.T.);
#4597=EDGE_CURVE('',#3586,#3627,#2180,.T.);
#4598=EDGE_CURVE('',#3627,#3628,#1542,.T.);
#4599=EDGE_CURVE('',#3628,#3573,#2181,.T.);
#4600=EDGE_CURVE('',#3618,#3627,#2182,.T.);
#4601=EDGE_CURVE('',#3614,#3629,#2183,.T.);
#4602=EDGE_CURVE('',#3563,#3629,#2184,.T.);
#4603=EDGE_CURVE('',#3611,#3625,#2185,.T.);
#4604=EDGE_CURVE('',#3615,#3623,#2186,.T.);
#4605=EDGE_CURVE('',#3620,#3626,#2187,.T.);
#4606=EDGE_CURVE('',#3629,#3595,#1543,.T.);
#4607=EDGE_CURVE('',#3630,#3565,#2188,.T.);
#4608=EDGE_CURVE('',#3613,#3630,#2189,.T.);
#4609=EDGE_CURVE('',#3598,#3630,#1544,.T.);
#4610=EDGE_CURVE('',#3617,#3628,#2190,.T.);
#4611=EDGE_CURVE('',#3616,#3622,#2191,.T.);
#4612=EDGE_CURVE('',#3612,#3624,#2192,.T.);
#4613=EDGE_CURVE('',#3453,#3631,#2193,.T.);
#4614=EDGE_CURVE('',#3632,#3631,#2194,.T.);
#4615=EDGE_CURVE('',#3077,#3632,#2195,.T.);
#4616=EDGE_CURVE('',#3633,#3632,#1545,.T.);
#4617=EDGE_CURVE('',#3078,#3633,#2196,.T.);
#4618=EDGE_CURVE('',#3634,#3633,#2197,.T.);
#4619=EDGE_CURVE('',#3083,#3634,#2198,.T.);
#4620=EDGE_CURVE('',#3635,#3634,#1546,.T.);
#4621=EDGE_CURVE('',#3127,#3635,#2199,.T.);
#4622=EDGE_CURVE('',#3636,#3635,#2200,.T.);
#4623=EDGE_CURVE('',#3431,#3636,#2201,.T.);
#4624=EDGE_CURVE('',#3277,#3431,#1547,.T.);
#4625=EDGE_CURVE('',#3637,#3636,#1548,.T.);
#4626=EDGE_CURVE('',#3277,#3637,#2202,.T.);
#4627=EDGE_CURVE('',#3638,#3637,#2203,.T.);
#4628=EDGE_CURVE('',#3276,#3638,#2204,.T.);
#4629=EDGE_CURVE('',#3453,#3276,#1549,.T.);
#4630=EDGE_CURVE('',#3631,#3638,#1550,.T.);
#4631=EDGE_CURVE('',#3639,#3640,#2205,.T.);
#4632=EDGE_CURVE('',#3641,#3640,#2206,.T.);
#4633=EDGE_CURVE('',#3642,#3641,#2207,.T.);
#4634=EDGE_CURVE('',#3639,#3642,#2208,.T.);
#4635=EDGE_CURVE('',#3643,#3644,#1551,.T.);
#4636=EDGE_CURVE('',#3645,#3644,#2209,.T.);
#4637=EDGE_CURVE('',#3646,#3645,#1552,.T.);
#4638=EDGE_CURVE('',#3643,#3646,#2210,.T.);
#4639=EDGE_CURVE('',#3647,#3648,#2211,.T.);
#4640=EDGE_CURVE('',#3648,#3649,#2212,.T.);
#4641=EDGE_CURVE('',#3650,#3649,#2213,.T.);
#4642=EDGE_CURVE('',#3647,#3650,#2214,.T.);
#4643=EDGE_CURVE('',#3640,#3643,#2215,.T.);
#4644=EDGE_CURVE('',#3641,#3646,#2216,.T.);
#4645=EDGE_CURVE('',#3648,#3651,#2217,.T.);
#4646=EDGE_CURVE('',#3652,#3651,#2218,.T.);
#4647=EDGE_CURVE('',#3649,#3652,#2219,.T.);
#4648=EDGE_CURVE('',#3651,#3653,#2220,.T.);
#4649=EDGE_CURVE('',#3653,#3654,#2221,.T.);
#4650=EDGE_CURVE('',#3652,#3654,#2222,.T.);
#4651=EDGE_CURVE('',#3653,#3655,#1553,.T.);
#4652=EDGE_CURVE('',#3655,#3656,#2223,.T.);
#4653=EDGE_CURVE('',#3654,#3656,#1554,.T.);
#4654=EDGE_CURVE('',#3657,#3658,#2224,.T.);
#4655=EDGE_CURVE('',#3659,#3658,#2225,.T.);
#4656=EDGE_CURVE('',#3660,#3659,#2226,.T.);
#4657=EDGE_CURVE('',#3657,#3660,#2227,.T.);
#4658=EDGE_CURVE('',#3661,#3662,#1555,.T.);
#4659=EDGE_CURVE('',#3662,#3663,#2228,.T.);
#4660=EDGE_CURVE('',#3664,#3663,#1556,.T.);
#4661=EDGE_CURVE('',#3661,#3664,#2229,.T.);
#4662=EDGE_CURVE('',#3665,#3666,#2230,.T.);
#4663=EDGE_CURVE('',#3666,#3667,#2231,.T.);
#4664=EDGE_CURVE('',#3668,#3667,#2232,.T.);
#4665=EDGE_CURVE('',#3668,#3665,#2233,.T.);
#4666=EDGE_CURVE('',#3655,#3669,#2234,.T.);
#4667=EDGE_CURVE('',#3669,#3670,#2235,.T.);
#4668=EDGE_CURVE('',#3656,#3670,#2236,.T.);
#4669=EDGE_CURVE('',#3662,#3671,#2237,.T.);
#4670=EDGE_CURVE('',#3671,#3672,#2238,.T.);
#4671=EDGE_CURVE('',#3663,#3672,#2239,.T.);
#4672=EDGE_CURVE('',#3673,#3674,#1557,.T.);
#4673=EDGE_CURVE('',#3674,#3675,#2240,.T.);
#4674=EDGE_CURVE('',#3676,#3675,#1558,.T.);
#4675=EDGE_CURVE('',#3673,#3676,#2241,.T.);
#4676=EDGE_CURVE('',#3677,#3673,#2242,.T.);
#4677=EDGE_CURVE('',#3678,#3676,#2243,.T.);
#4678=EDGE_CURVE('',#3678,#3677,#2244,.T.);
#4679=EDGE_CURVE('',#3674,#3679,#2245,.T.);
#4680=EDGE_CURVE('',#3679,#3680,#2246,.T.);
#4681=EDGE_CURVE('',#3675,#3680,#2247,.T.);
#4682=EDGE_CURVE('',#3679,#3681,#2248,.T.);
#4683=EDGE_CURVE('',#3682,#3681,#2249,.T.);
#4684=EDGE_CURVE('',#3680,#3682,#2250,.T.);
#4685=EDGE_CURVE('',#3683,#3684,#2251,.T.);
#4686=EDGE_CURVE('',#3684,#3685,#2252,.T.);
#4687=EDGE_CURVE('',#3686,#3685,#2253,.T.);
#4688=EDGE_CURVE('',#3683,#3686,#2254,.T.);
#4689=EDGE_CURVE('',#3658,#3661,#2255,.T.);
#4690=EDGE_CURVE('',#3659,#3664,#2256,.T.);
#4691=EDGE_CURVE('',#3681,#3687,#2257,.T.);
#4692=EDGE_CURVE('',#3687,#3688,#2258,.T.);
#4693=EDGE_CURVE('',#3682,#3688,#2259,.T.);
#4694=EDGE_CURVE('',#3644,#3689,#2260,.T.);
#4695=EDGE_CURVE('',#3689,#3690,#2261,.T.);
#4696=EDGE_CURVE('',#3645,#3690,#2262,.T.);
#4697=EDGE_CURVE('',#3689,#3691,#2263,.T.);
#4698=EDGE_CURVE('',#3692,#3691,#2264,.T.);
#4699=EDGE_CURVE('',#3690,#3692,#2265,.T.);
#4700=EDGE_CURVE('',#3684,#3677,#2266,.T.);
#4701=EDGE_CURVE('',#3685,#3678,#2267,.T.);
#4702=EDGE_CURVE('',#3669,#3693,#2268,.T.);
#4703=EDGE_CURVE('',#3694,#3693,#2269,.T.);
#4704=EDGE_CURVE('',#3670,#3694,#2270,.T.);
#4705=EDGE_CURVE('',#3671,#3665,#2271,.T.);
#4706=EDGE_CURVE('',#3672,#3668,#2272,.T.);
#4707=EDGE_CURVE('',#3691,#3695,#2273,.T.);
#4708=EDGE_CURVE('',#3696,#3695,#2274,.T.);
#4709=EDGE_CURVE('',#3692,#3696,#2275,.T.);
#4710=EDGE_CURVE('',#3697,#3657,#2276,.T.);
#4711=EDGE_CURVE('',#3698,#3660,#2277,.T.);
#4712=EDGE_CURVE('',#3697,#3698,#2278,.T.);
#4713=EDGE_CURVE('',#3667,#3698,#1559,.T.);
#4714=EDGE_CURVE('',#3688,#3686,#1560,.T.);
#4715=EDGE_CURVE('',#3694,#3699,#2279,.T.);
#4716=EDGE_CURVE('',#3699,#3650,#1561,.T.);
#4717=EDGE_CURVE('',#3696,#3700,#1562,.T.);
#4718=EDGE_CURVE('',#3700,#3642,#2280,.T.);
#4719=EDGE_CURVE('',#3687,#3683,#1563,.T.);
#4720=EDGE_CURVE('',#3693,#3701,#2281,.T.);
#4721=EDGE_CURVE('',#3701,#3699,#2282,.T.);
#4722=EDGE_CURVE('',#3701,#3647,#1564,.T.);
#4723=EDGE_CURVE('',#3702,#3639,#2283,.T.);
#4724=EDGE_CURVE('',#3702,#3700,#2284,.T.);
#4725=EDGE_CURVE('',#3666,#3697,#1565,.T.);
#4726=EDGE_CURVE('',#3695,#3702,#1566,.T.);
#4727=EDGE_CURVE('',#3074,#3604,#2285,.T.);
#4728=EDGE_CURVE('',#3452,#3603,#2286,.T.);
#4729=EDGE_CURVE('',#3073,#3605,#2287,.T.);
#4730=EDGE_CURVE('',#3124,#3606,#2288,.T.);
#4731=EDGE_CURVE('',#3123,#3607,#2289,.T.);
#4732=EDGE_CURVE('',#3432,#3608,#2290,.T.);
#4733=EDGE_CURVE('',#3432,#3279,#1567,.T.);
#4734=EDGE_CURVE('',#3279,#3609,#2291,.T.);
#4735=EDGE_CURVE('',#3278,#3610,#2292,.T.);
#4736=EDGE_CURVE('',#3278,#3452,#1568,.T.);
#4737=EDGE_CURVE('',#3381,#3197,#2293,.T.);
#4738=EDGE_CURVE('',#3422,#3703,#2294,.T.);
#4739=EDGE_CURVE('',#3703,#3703,#1569,.T.);
#4740=EDGE_CURVE('',#3424,#3704,#2295,.T.);
#4741=EDGE_CURVE('',#3704,#3704,#1570,.T.);
#4742=ORIENTED_EDGE('',*,*,#3705,.T.);
#4743=ORIENTED_EDGE('',*,*,#3706,.T.);
#4744=ORIENTED_EDGE('',*,*,#3707,.T.);
#4745=ORIENTED_EDGE('',*,*,#3706,.F.);
#4746=ORIENTED_EDGE('',*,*,#3708,.T.);
#4747=ORIENTED_EDGE('',*,*,#3709,.T.);
#4748=ORIENTED_EDGE('',*,*,#3710,.T.);
#4749=ORIENTED_EDGE('',*,*,#3711,.T.);
#4750=ORIENTED_EDGE('',*,*,#3709,.F.);
#4751=ORIENTED_EDGE('',*,*,#3712,.T.);
#4752=ORIENTED_EDGE('',*,*,#3713,.T.);
#4753=ORIENTED_EDGE('',*,*,#3714,.T.);
#4754=ORIENTED_EDGE('',*,*,#3715,.F.);
#4755=ORIENTED_EDGE('',*,*,#3716,.F.);
#4756=ORIENTED_EDGE('',*,*,#3717,.F.);
#4757=ORIENTED_EDGE('',*,*,#3718,.F.);
#4758=ORIENTED_EDGE('',*,*,#3719,.F.);
#4759=ORIENTED_EDGE('',*,*,#3720,.T.);
#4760=ORIENTED_EDGE('',*,*,#3721,.F.);
#4761=ORIENTED_EDGE('',*,*,#3722,.T.);
#4762=ORIENTED_EDGE('',*,*,#3723,.T.);
#4763=ORIENTED_EDGE('',*,*,#3712,.F.);
#4764=ORIENTED_EDGE('',*,*,#3724,.F.);
#4765=ORIENTED_EDGE('',*,*,#3725,.F.);
#4766=ORIENTED_EDGE('',*,*,#3720,.F.);
#4767=ORIENTED_EDGE('',*,*,#3726,.F.);
#4768=ORIENTED_EDGE('',*,*,#3727,.T.);
#4769=ORIENTED_EDGE('',*,*,#3728,.F.);
#4770=ORIENTED_EDGE('',*,*,#3729,.T.);
#4771=ORIENTED_EDGE('',*,*,#3730,.T.);
#4772=ORIENTED_EDGE('',*,*,#3731,.T.);
#4773=ORIENTED_EDGE('',*,*,#3732,.T.);
#4774=ORIENTED_EDGE('',*,*,#3733,.T.);
#4775=ORIENTED_EDGE('',*,*,#3734,.T.);
#4776=ORIENTED_EDGE('',*,*,#3724,.T.);
#4777=ORIENTED_EDGE('',*,*,#3721,.T.);
#4778=ORIENTED_EDGE('',*,*,#3725,.T.);
#4779=ORIENTED_EDGE('',*,*,#3734,.F.);
#4780=ORIENTED_EDGE('',*,*,#3735,.F.);
#4781=ORIENTED_EDGE('',*,*,#3736,.T.);
#4782=ORIENTED_EDGE('',*,*,#3737,.F.);
#4783=ORIENTED_EDGE('',*,*,#3738,.F.);
#4784=ORIENTED_EDGE('',*,*,#3739,.F.);
#4785=ORIENTED_EDGE('',*,*,#3736,.F.);
#4786=ORIENTED_EDGE('',*,*,#3740,.F.);
#4787=ORIENTED_EDGE('',*,*,#3741,.F.);
#4788=ORIENTED_EDGE('',*,*,#3742,.T.);
#4789=ORIENTED_EDGE('',*,*,#3743,.F.);
#4790=ORIENTED_EDGE('',*,*,#3742,.F.);
#4791=ORIENTED_EDGE('',*,*,#3744,.F.);
#4792=ORIENTED_EDGE('',*,*,#3745,.T.);
#4793=ORIENTED_EDGE('',*,*,#3746,.F.);
#4794=ORIENTED_EDGE('',*,*,#3747,.F.);
#4795=ORIENTED_EDGE('',*,*,#3748,.F.);
#4796=ORIENTED_EDGE('',*,*,#3745,.F.);
#4797=ORIENTED_EDGE('',*,*,#3749,.F.);
#4798=ORIENTED_EDGE('',*,*,#3750,.F.);
#4799=ORIENTED_EDGE('',*,*,#3751,.T.);
#4800=ORIENTED_EDGE('',*,*,#3752,.F.);
#4801=ORIENTED_EDGE('',*,*,#3751,.F.);
#4802=ORIENTED_EDGE('',*,*,#3737,.T.);
#4803=ORIENTED_EDGE('',*,*,#3739,.T.);
#4804=ORIENTED_EDGE('',*,*,#3753,.T.);
#4805=ORIENTED_EDGE('',*,*,#3754,.T.);
#4806=ORIENTED_EDGE('',*,*,#3755,.T.);
#4807=ORIENTED_EDGE('',*,*,#3756,.T.);
#4808=ORIENTED_EDGE('',*,*,#3757,.F.);
#4809=ORIENTED_EDGE('',*,*,#3758,.F.);
#4810=ORIENTED_EDGE('',*,*,#3759,.T.);
#4811=ORIENTED_EDGE('',*,*,#3760,.F.);
#4812=ORIENTED_EDGE('',*,*,#3747,.T.);
#4813=ORIENTED_EDGE('',*,*,#3761,.F.);
#4814=ORIENTED_EDGE('',*,*,#3762,.F.);
#4815=ORIENTED_EDGE('',*,*,#3763,.T.);
#4816=ORIENTED_EDGE('',*,*,#3764,.T.);
#4817=ORIENTED_EDGE('',*,*,#3765,.T.);
#4818=ORIENTED_EDGE('',*,*,#3766,.T.);
#4819=ORIENTED_EDGE('',*,*,#3767,.T.);
#4820=ORIENTED_EDGE('',*,*,#3768,.T.);
#4821=ORIENTED_EDGE('',*,*,#3769,.T.);
#4822=ORIENTED_EDGE('',*,*,#3770,.T.);
#4823=ORIENTED_EDGE('',*,*,#3769,.F.);
#4824=ORIENTED_EDGE('',*,*,#3771,.T.);
#4825=ORIENTED_EDGE('',*,*,#3728,.T.);
#4826=ORIENTED_EDGE('',*,*,#3738,.T.);
#4827=ORIENTED_EDGE('',*,*,#3763,.F.);
#4828=ORIENTED_EDGE('',*,*,#3772,.F.);
#4829=ORIENTED_EDGE('',*,*,#3773,.T.);
#4830=ORIENTED_EDGE('',*,*,#3774,.F.);
#4831=ORIENTED_EDGE('',*,*,#3756,.F.);
#4832=ORIENTED_EDGE('',*,*,#3775,.T.);
#4833=ORIENTED_EDGE('',*,*,#3753,.F.);
#4834=ORIENTED_EDGE('',*,*,#3776,.T.);
#4835=ORIENTED_EDGE('',*,*,#3777,.T.);
#4836=ORIENTED_EDGE('',*,*,#3778,.F.);
#4837=ORIENTED_EDGE('',*,*,#3779,.F.);
#4838=ORIENTED_EDGE('',*,*,#3780,.T.);
#4839=ORIENTED_EDGE('',*,*,#3781,.T.);
#4840=ORIENTED_EDGE('',*,*,#3729,.F.);
#4841=ORIENTED_EDGE('',*,*,#3771,.F.);
#4842=ORIENTED_EDGE('',*,*,#3768,.F.);
#4843=ORIENTED_EDGE('',*,*,#3727,.F.);
#4844=ORIENTED_EDGE('',*,*,#3782,.F.);
#4845=ORIENTED_EDGE('',*,*,#3783,.T.);
#4846=ORIENTED_EDGE('',*,*,#3746,.T.);
#4847=ORIENTED_EDGE('',*,*,#3748,.T.);
#4848=ORIENTED_EDGE('',*,*,#3760,.T.);
#4849=ORIENTED_EDGE('',*,*,#3784,.T.);
#4850=ORIENTED_EDGE('',*,*,#3785,.T.);
#4851=ORIENTED_EDGE('',*,*,#3758,.T.);
#4852=ORIENTED_EDGE('',*,*,#3786,.F.);
#4853=ORIENTED_EDGE('',*,*,#3787,.T.);
#4854=ORIENTED_EDGE('',*,*,#3788,.F.);
#4855=ORIENTED_EDGE('',*,*,#3761,.T.);
#4856=ORIENTED_EDGE('',*,*,#3789,.F.);
#4857=ORIENTED_EDGE('',*,*,#3707,.F.);
#4858=ORIENTED_EDGE('',*,*,#3790,.F.);
#4859=ORIENTED_EDGE('',*,*,#3791,.T.);
#4860=ORIENTED_EDGE('',*,*,#3792,.F.);
#4861=ORIENTED_EDGE('',*,*,#3791,.F.);
#4862=ORIENTED_EDGE('',*,*,#3790,.T.);
#4863=ORIENTED_EDGE('',*,*,#3743,.T.);
#4864=ORIENTED_EDGE('',*,*,#3793,.F.);
#4865=ORIENTED_EDGE('',*,*,#3708,.F.);
#4866=ORIENTED_EDGE('',*,*,#3794,.F.);
#4867=ORIENTED_EDGE('',*,*,#3795,.T.);
#4868=ORIENTED_EDGE('',*,*,#3796,.F.);
#4869=ORIENTED_EDGE('',*,*,#3795,.F.);
#4870=ORIENTED_EDGE('',*,*,#3794,.T.);
#4871=ORIENTED_EDGE('',*,*,#3752,.T.);
#4872=ORIENTED_EDGE('',*,*,#3797,.F.);
#4873=ORIENTED_EDGE('',*,*,#3798,.T.);
#4874=ORIENTED_EDGE('',*,*,#3799,.T.);
#4875=ORIENTED_EDGE('',*,*,#3798,.F.);
#4876=ORIENTED_EDGE('',*,*,#3800,.F.);
#4877=ORIENTED_EDGE('',*,*,#3801,.T.);
#4878=ORIENTED_EDGE('',*,*,#3789,.T.);
#4879=ORIENTED_EDGE('',*,*,#3801,.F.);
#4880=ORIENTED_EDGE('',*,*,#3802,.F.);
#4881=ORIENTED_EDGE('',*,*,#3803,.T.);
#4882=ORIENTED_EDGE('',*,*,#3793,.T.);
#4883=ORIENTED_EDGE('',*,*,#3803,.F.);
#4884=ORIENTED_EDGE('',*,*,#3804,.F.);
#4885=ORIENTED_EDGE('',*,*,#3805,.F.);
#4886=ORIENTED_EDGE('',*,*,#3806,.F.);
#4887=ORIENTED_EDGE('',*,*,#3807,.T.);
#4888=ORIENTED_EDGE('',*,*,#3808,.F.);
#4889=ORIENTED_EDGE('',*,*,#3809,.F.);
#4890=ORIENTED_EDGE('',*,*,#3810,.F.);
#4891=ORIENTED_EDGE('',*,*,#3811,.T.);
#4892=ORIENTED_EDGE('',*,*,#3722,.F.);
#4893=ORIENTED_EDGE('',*,*,#3812,.T.);
#4894=ORIENTED_EDGE('',*,*,#3804,.T.);
#4895=ORIENTED_EDGE('',*,*,#3813,.T.);
#4896=ORIENTED_EDGE('',*,*,#3814,.T.);
#4897=ORIENTED_EDGE('',*,*,#3815,.T.);
#4898=ORIENTED_EDGE('',*,*,#3816,.T.);
#4899=ORIENTED_EDGE('',*,*,#3817,.T.);
#4900=ORIENTED_EDGE('',*,*,#3779,.T.);
#4901=ORIENTED_EDGE('',*,*,#3818,.F.);
#4902=ORIENTED_EDGE('',*,*,#3714,.F.);
#4903=ORIENTED_EDGE('',*,*,#3819,.T.);
#4904=ORIENTED_EDGE('',*,*,#3820,.F.);
#4905=ORIENTED_EDGE('',*,*,#3821,.T.);
#4906=ORIENTED_EDGE('',*,*,#3822,.F.);
#4907=ORIENTED_EDGE('',*,*,#3821,.F.);
#4908=ORIENTED_EDGE('',*,*,#3823,.F.);
#4909=ORIENTED_EDGE('',*,*,#3824,.T.);
#4910=ORIENTED_EDGE('',*,*,#3825,.F.);
#4911=ORIENTED_EDGE('',*,*,#3824,.F.);
#4912=ORIENTED_EDGE('',*,*,#3823,.T.);
#4913=ORIENTED_EDGE('',*,*,#3820,.T.);
#4914=ORIENTED_EDGE('',*,*,#3826,.F.);
#4915=ORIENTED_EDGE('',*,*,#3827,.T.);
#4916=ORIENTED_EDGE('',*,*,#3828,.F.);
#4917=ORIENTED_EDGE('',*,*,#3827,.F.);
#4918=ORIENTED_EDGE('',*,*,#3829,.F.);
#4919=ORIENTED_EDGE('',*,*,#3830,.T.);
#4920=ORIENTED_EDGE('',*,*,#3831,.F.);
#4921=ORIENTED_EDGE('',*,*,#3832,.F.);
#4922=ORIENTED_EDGE('',*,*,#3833,.F.);
#4923=ORIENTED_EDGE('',*,*,#3830,.F.);
#4924=ORIENTED_EDGE('',*,*,#3834,.F.);
#4925=ORIENTED_EDGE('',*,*,#3835,.F.);
#4926=ORIENTED_EDGE('',*,*,#3836,.T.);
#4927=ORIENTED_EDGE('',*,*,#3837,.F.);
#4928=ORIENTED_EDGE('',*,*,#3836,.F.);
#4929=ORIENTED_EDGE('',*,*,#3838,.F.);
#4930=ORIENTED_EDGE('',*,*,#3839,.T.);
#4931=ORIENTED_EDGE('',*,*,#3754,.F.);
#4932=ORIENTED_EDGE('',*,*,#3775,.F.);
#4933=ORIENTED_EDGE('',*,*,#3755,.F.);
#4934=ORIENTED_EDGE('',*,*,#3839,.F.);
#4935=ORIENTED_EDGE('',*,*,#3810,.T.);
#4936=ORIENTED_EDGE('',*,*,#3840,.F.);
#4937=ORIENTED_EDGE('',*,*,#3841,.F.);
#4938=ORIENTED_EDGE('',*,*,#3842,.T.);
#4939=ORIENTED_EDGE('',*,*,#3843,.T.);
#4940=ORIENTED_EDGE('',*,*,#3844,.T.);
#4941=ORIENTED_EDGE('',*,*,#3845,.T.);
#4942=ORIENTED_EDGE('',*,*,#3846,.T.);
#4943=ORIENTED_EDGE('',*,*,#3847,.T.);
#4944=ORIENTED_EDGE('',*,*,#3848,.T.);
#4945=ORIENTED_EDGE('',*,*,#3849,.T.);
#4946=ORIENTED_EDGE('',*,*,#3841,.T.);
#4947=ORIENTED_EDGE('',*,*,#3850,.T.);
#4948=ORIENTED_EDGE('',*,*,#3851,.T.);
#4949=ORIENTED_EDGE('',*,*,#3852,.T.);
#4950=ORIENTED_EDGE('',*,*,#3853,.T.);
#4951=ORIENTED_EDGE('',*,*,#3854,.T.);
#4952=ORIENTED_EDGE('',*,*,#3855,.T.);
#4953=ORIENTED_EDGE('',*,*,#3856,.T.);
#4954=ORIENTED_EDGE('',*,*,#3847,.F.);
#4955=ORIENTED_EDGE('',*,*,#3857,.T.);
#4956=ORIENTED_EDGE('',*,*,#3858,.F.);
#4957=ORIENTED_EDGE('',*,*,#3859,.T.);
#4958=ORIENTED_EDGE('',*,*,#3855,.F.);
#4959=ORIENTED_EDGE('',*,*,#3860,.F.);
#4960=ORIENTED_EDGE('',*,*,#3861,.F.);
#4961=ORIENTED_EDGE('',*,*,#3862,.T.);
#4962=ORIENTED_EDGE('',*,*,#3863,.F.);
#4963=ORIENTED_EDGE('',*,*,#3864,.F.);
#4964=ORIENTED_EDGE('',*,*,#3832,.T.);
#4965=ORIENTED_EDGE('',*,*,#3865,.T.);
#4966=ORIENTED_EDGE('',*,*,#3866,.T.);
#4967=ORIENTED_EDGE('',*,*,#3867,.T.);
#4968=ORIENTED_EDGE('',*,*,#3868,.T.);
#4969=ORIENTED_EDGE('',*,*,#3869,.T.);
#4970=ORIENTED_EDGE('',*,*,#3870,.T.);
#4971=ORIENTED_EDGE('',*,*,#3871,.F.);
#4972=ORIENTED_EDGE('',*,*,#3872,.F.);
#4973=ORIENTED_EDGE('',*,*,#3873,.F.);
#4974=ORIENTED_EDGE('',*,*,#3792,.T.);
#4975=ORIENTED_EDGE('',*,*,#3796,.T.);
#4976=ORIENTED_EDGE('',*,*,#3874,.T.);
#4977=ORIENTED_EDGE('',*,*,#3837,.T.);
#4978=ORIENTED_EDGE('',*,*,#3875,.F.);
#4979=ORIENTED_EDGE('',*,*,#3825,.T.);
#4980=ORIENTED_EDGE('',*,*,#3876,.T.);
#4981=ORIENTED_EDGE('',*,*,#3877,.T.);
#4982=ORIENTED_EDGE('',*,*,#3838,.T.);
#4983=ORIENTED_EDGE('',*,*,#3871,.T.);
#4984=ORIENTED_EDGE('',*,*,#3878,.F.);
#4985=ORIENTED_EDGE('',*,*,#3879,.T.);
#4986=ORIENTED_EDGE('',*,*,#3880,.F.);
#4987=ORIENTED_EDGE('',*,*,#3881,.F.);
#4988=ORIENTED_EDGE('',*,*,#3882,.F.);
#4989=ORIENTED_EDGE('',*,*,#3883,.F.);
#4990=ORIENTED_EDGE('',*,*,#3884,.T.);
#4991=ORIENTED_EDGE('',*,*,#3740,.T.);
#4992=ORIENTED_EDGE('',*,*,#3741,.T.);
#4993=ORIENTED_EDGE('',*,*,#3834,.T.);
#4994=ORIENTED_EDGE('',*,*,#3835,.T.);
#4995=ORIENTED_EDGE('',*,*,#3885,.F.);
#4996=ORIENTED_EDGE('',*,*,#3886,.F.);
#4997=ORIENTED_EDGE('',*,*,#3887,.T.);
#4998=ORIENTED_EDGE('',*,*,#3888,.F.);
#4999=ORIENTED_EDGE('',*,*,#3889,.F.);
#5000=ORIENTED_EDGE('',*,*,#3887,.F.);
#5001=ORIENTED_EDGE('',*,*,#3890,.F.);
#5002=ORIENTED_EDGE('',*,*,#3891,.T.);
#5003=ORIENTED_EDGE('',*,*,#3892,.F.);
#5004=ORIENTED_EDGE('',*,*,#3891,.F.);
#5005=ORIENTED_EDGE('',*,*,#3893,.F.);
#5006=ORIENTED_EDGE('',*,*,#3894,.T.);
#5007=ORIENTED_EDGE('',*,*,#3895,.F.);
#5008=ORIENTED_EDGE('',*,*,#3894,.F.);
#5009=ORIENTED_EDGE('',*,*,#3811,.F.);
#5010=ORIENTED_EDGE('',*,*,#3842,.F.);
#5011=ORIENTED_EDGE('',*,*,#3849,.F.);
#5012=ORIENTED_EDGE('',*,*,#3896,.T.);
#5013=ORIENTED_EDGE('',*,*,#3866,.F.);
#5014=ORIENTED_EDGE('',*,*,#3897,.F.);
#5015=ORIENTED_EDGE('',*,*,#3867,.F.);
#5016=ORIENTED_EDGE('',*,*,#3896,.F.);
#5017=ORIENTED_EDGE('',*,*,#3848,.F.);
#5018=ORIENTED_EDGE('',*,*,#3856,.F.);
#5019=ORIENTED_EDGE('',*,*,#3859,.F.);
#5020=ORIENTED_EDGE('',*,*,#3898,.F.);
#5021=ORIENTED_EDGE('',*,*,#3819,.F.);
#5022=ORIENTED_EDGE('',*,*,#3713,.F.);
#5023=ORIENTED_EDGE('',*,*,#3723,.F.);
#5024=ORIENTED_EDGE('',*,*,#3813,.F.);
#5025=ORIENTED_EDGE('',*,*,#3814,.F.);
#5026=ORIENTED_EDGE('',*,*,#3898,.T.);
#5027=ORIENTED_EDGE('',*,*,#3858,.T.);
#5028=ORIENTED_EDGE('',*,*,#3899,.F.);
#5029=ORIENTED_EDGE('',*,*,#3831,.T.);
#5030=ORIENTED_EDGE('',*,*,#3833,.T.);
#5031=ORIENTED_EDGE('',*,*,#3868,.F.);
#5032=ORIENTED_EDGE('',*,*,#3897,.T.);
#5033=ORIENTED_EDGE('',*,*,#3865,.F.);
#5034=ORIENTED_EDGE('',*,*,#3900,.F.);
#5035=ORIENTED_EDGE('',*,*,#3901,.T.);
#5036=ORIENTED_EDGE('',*,*,#3902,.T.);
#5037=ORIENTED_EDGE('',*,*,#3901,.F.);
#5038=ORIENTED_EDGE('',*,*,#3902,.F.);
#5039=ORIENTED_EDGE('',*,*,#3903,.F.);
#5040=ORIENTED_EDGE('',*,*,#3904,.F.);
#5041=ORIENTED_EDGE('',*,*,#3905,.T.);
#5042=ORIENTED_EDGE('',*,*,#3906,.F.);
#5043=ORIENTED_EDGE('',*,*,#3905,.F.);
#5044=ORIENTED_EDGE('',*,*,#3907,.F.);
#5045=ORIENTED_EDGE('',*,*,#3908,.T.);
#5046=ORIENTED_EDGE('',*,*,#3909,.F.);
#5047=ORIENTED_EDGE('',*,*,#3910,.F.);
#5048=ORIENTED_EDGE('',*,*,#3911,.F.);
#5049=ORIENTED_EDGE('',*,*,#3908,.F.);
#5050=ORIENTED_EDGE('',*,*,#3912,.F.);
#5051=ORIENTED_EDGE('',*,*,#3913,.F.);
#5052=ORIENTED_EDGE('',*,*,#3914,.T.);
#5053=ORIENTED_EDGE('',*,*,#3874,.F.);
#5054=ORIENTED_EDGE('',*,*,#3914,.F.);
#5055=ORIENTED_EDGE('',*,*,#3915,.F.);
#5056=ORIENTED_EDGE('',*,*,#3916,.T.);
#5057=ORIENTED_EDGE('',*,*,#3784,.F.);
#5058=ORIENTED_EDGE('',*,*,#3759,.F.);
#5059=ORIENTED_EDGE('',*,*,#3785,.F.);
#5060=ORIENTED_EDGE('',*,*,#3916,.F.);
#5061=ORIENTED_EDGE('',*,*,#3731,.F.);
#5062=ORIENTED_EDGE('',*,*,#3917,.T.);
#5063=ORIENTED_EDGE('',*,*,#3806,.T.);
#5064=ORIENTED_EDGE('',*,*,#3918,.F.);
#5065=ORIENTED_EDGE('',*,*,#3863,.T.);
#5066=ORIENTED_EDGE('',*,*,#3919,.T.);
#5067=ORIENTED_EDGE('',*,*,#3816,.F.);
#5068=ORIENTED_EDGE('',*,*,#3920,.T.);
#5069=ORIENTED_EDGE('',*,*,#3909,.T.);
#5070=ORIENTED_EDGE('',*,*,#3911,.T.);
#5071=ORIENTED_EDGE('',*,*,#3921,.F.);
#5072=ORIENTED_EDGE('',*,*,#3922,.T.);
#5073=ORIENTED_EDGE('',*,*,#3923,.F.);
#5074=ORIENTED_EDGE('',*,*,#3924,.T.);
#5075=ORIENTED_EDGE('',*,*,#3925,.T.);
#5076=ORIENTED_EDGE('',*,*,#3915,.T.);
#5077=ORIENTED_EDGE('',*,*,#3926,.T.);
#5078=ORIENTED_EDGE('',*,*,#3927,.F.);
#5079=ORIENTED_EDGE('',*,*,#3883,.T.);
#5080=ORIENTED_EDGE('',*,*,#3928,.F.);
#5081=ORIENTED_EDGE('',*,*,#3929,.F.);
#5082=ORIENTED_EDGE('',*,*,#3930,.F.);
#5083=ORIENTED_EDGE('',*,*,#3931,.F.);
#5084=ORIENTED_EDGE('',*,*,#3932,.T.);
#5085=ORIENTED_EDGE('',*,*,#3933,.F.);
#5086=ORIENTED_EDGE('',*,*,#3934,.F.);
#5087=ORIENTED_EDGE('',*,*,#3935,.T.);
#5088=ORIENTED_EDGE('',*,*,#3936,.F.);
#5089=ORIENTED_EDGE('',*,*,#3937,.F.);
#5090=ORIENTED_EDGE('',*,*,#3938,.T.);
#5091=ORIENTED_EDGE('',*,*,#3939,.F.);
#5092=ORIENTED_EDGE('',*,*,#3940,.F.);
#5093=ORIENTED_EDGE('',*,*,#3941,.F.);
#5094=ORIENTED_EDGE('',*,*,#3942,.T.);
#5095=ORIENTED_EDGE('',*,*,#3943,.F.);
#5096=ORIENTED_EDGE('',*,*,#3944,.F.);
#5097=ORIENTED_EDGE('',*,*,#3800,.T.);
#5098=ORIENTED_EDGE('',*,*,#3802,.T.);
#5099=ORIENTED_EDGE('',*,*,#3945,.T.);
#5100=ORIENTED_EDGE('',*,*,#3893,.T.);
#5101=ORIENTED_EDGE('',*,*,#3828,.T.);
#5102=ORIENTED_EDGE('',*,*,#3895,.T.);
#5103=ORIENTED_EDGE('',*,*,#3873,.T.);
#5104=ORIENTED_EDGE('',*,*,#3946,.T.);
#5105=ORIENTED_EDGE('',*,*,#3940,.T.);
#5106=ORIENTED_EDGE('',*,*,#3947,.T.);
#5107=ORIENTED_EDGE('',*,*,#3948,.T.);
#5108=ORIENTED_EDGE('',*,*,#3949,.F.);
#5109=ORIENTED_EDGE('',*,*,#3950,.F.);
#5110=ORIENTED_EDGE('',*,*,#3951,.F.);
#5111=ORIENTED_EDGE('',*,*,#3749,.T.);
#5112=ORIENTED_EDGE('',*,*,#3750,.T.);
#5113=ORIENTED_EDGE('',*,*,#3912,.T.);
#5114=ORIENTED_EDGE('',*,*,#3913,.T.);
#5115=ORIENTED_EDGE('',*,*,#3952,.F.);
#5116=ORIENTED_EDGE('',*,*,#3953,.F.);
#5117=ORIENTED_EDGE('',*,*,#3954,.T.);
#5118=ORIENTED_EDGE('',*,*,#3955,.F.);
#5119=ORIENTED_EDGE('',*,*,#3956,.F.);
#5120=ORIENTED_EDGE('',*,*,#3954,.F.);
#5121=ORIENTED_EDGE('',*,*,#3945,.F.);
#5122=ORIENTED_EDGE('',*,*,#3957,.T.);
#5123=ORIENTED_EDGE('',*,*,#3958,.F.);
#5124=ORIENTED_EDGE('',*,*,#3957,.F.);
#5125=ORIENTED_EDGE('',*,*,#3917,.F.);
#5126=ORIENTED_EDGE('',*,*,#3730,.F.);
#5127=ORIENTED_EDGE('',*,*,#3781,.F.);
#5128=ORIENTED_EDGE('',*,*,#3959,.T.);
#5129=ORIENTED_EDGE('',*,*,#3960,.F.);
#5130=ORIENTED_EDGE('',*,*,#3922,.F.);
#5131=ORIENTED_EDGE('',*,*,#3961,.F.);
#5132=ORIENTED_EDGE('',*,*,#3959,.F.);
#5133=ORIENTED_EDGE('',*,*,#3780,.F.);
#5134=ORIENTED_EDGE('',*,*,#3817,.F.);
#5135=ORIENTED_EDGE('',*,*,#3919,.F.);
#5136=ORIENTED_EDGE('',*,*,#3862,.F.);
#5137=ORIENTED_EDGE('',*,*,#3962,.F.);
#5138=ORIENTED_EDGE('',*,*,#3844,.F.);
#5139=ORIENTED_EDGE('',*,*,#3963,.F.);
#5140=ORIENTED_EDGE('',*,*,#3807,.F.);
#5141=ORIENTED_EDGE('',*,*,#3964,.F.);
#5142=ORIENTED_EDGE('',*,*,#3965,.T.);
#5143=ORIENTED_EDGE('',*,*,#3903,.T.);
#5144=ORIENTED_EDGE('',*,*,#3965,.F.);
#5145=ORIENTED_EDGE('',*,*,#3808,.T.);
#5146=ORIENTED_EDGE('',*,*,#3963,.T.);
#5147=ORIENTED_EDGE('',*,*,#3843,.F.);
#5148=ORIENTED_EDGE('',*,*,#3966,.T.);
#5149=ORIENTED_EDGE('',*,*,#3910,.T.);
#5150=ORIENTED_EDGE('',*,*,#3923,.T.);
#5151=ORIENTED_EDGE('',*,*,#3960,.T.);
#5152=ORIENTED_EDGE('',*,*,#3961,.T.);
#5153=ORIENTED_EDGE('',*,*,#3921,.T.);
#5154=ORIENTED_EDGE('',*,*,#3967,.F.);
#5155=ORIENTED_EDGE('',*,*,#3968,.T.);
#5156=ORIENTED_EDGE('',*,*,#3969,.T.);
#5157=ORIENTED_EDGE('',*,*,#3970,.F.);
#5158=ORIENTED_EDGE('',*,*,#3971,.F.);
#5159=ORIENTED_EDGE('',*,*,#3972,.T.);
#5160=ORIENTED_EDGE('',*,*,#3973,.T.);
#5161=ORIENTED_EDGE('',*,*,#3968,.F.);
#5162=ORIENTED_EDGE('',*,*,#3974,.F.);
#5163=ORIENTED_EDGE('',*,*,#3975,.T.);
#5164=ORIENTED_EDGE('',*,*,#3976,.T.);
#5165=ORIENTED_EDGE('',*,*,#3972,.F.);
#5166=ORIENTED_EDGE('',*,*,#3977,.F.);
#5167=ORIENTED_EDGE('',*,*,#3970,.T.);
#5168=ORIENTED_EDGE('',*,*,#3978,.T.);
#5169=ORIENTED_EDGE('',*,*,#3975,.F.);
#5170=ORIENTED_EDGE('',*,*,#3979,.F.);
#5171=ORIENTED_EDGE('',*,*,#3980,.T.);
#5172=ORIENTED_EDGE('',*,*,#3981,.T.);
#5173=ORIENTED_EDGE('',*,*,#3982,.F.);
#5174=ORIENTED_EDGE('',*,*,#3983,.F.);
#5175=ORIENTED_EDGE('',*,*,#3984,.T.);
#5176=ORIENTED_EDGE('',*,*,#3985,.T.);
#5177=ORIENTED_EDGE('',*,*,#3980,.F.);
#5178=ORIENTED_EDGE('',*,*,#3986,.F.);
#5179=ORIENTED_EDGE('',*,*,#3987,.T.);
#5180=ORIENTED_EDGE('',*,*,#3988,.T.);
#5181=ORIENTED_EDGE('',*,*,#3984,.F.);
#5182=ORIENTED_EDGE('',*,*,#3989,.F.);
#5183=ORIENTED_EDGE('',*,*,#3982,.T.);
#5184=ORIENTED_EDGE('',*,*,#3990,.T.);
#5185=ORIENTED_EDGE('',*,*,#3987,.F.);
#5186=ORIENTED_EDGE('',*,*,#3990,.F.);
#5187=ORIENTED_EDGE('',*,*,#3981,.F.);
#5188=ORIENTED_EDGE('',*,*,#3985,.F.);
#5189=ORIENTED_EDGE('',*,*,#3988,.F.);
#5190=ORIENTED_EDGE('',*,*,#3978,.F.);
#5191=ORIENTED_EDGE('',*,*,#3969,.F.);
#5192=ORIENTED_EDGE('',*,*,#3973,.F.);
#5193=ORIENTED_EDGE('',*,*,#3976,.F.);
#5194=ORIENTED_EDGE('',*,*,#3991,.F.);
#5195=ORIENTED_EDGE('',*,*,#3992,.T.);
#5196=ORIENTED_EDGE('',*,*,#3993,.F.);
#5197=ORIENTED_EDGE('',*,*,#3994,.F.);
#5198=ORIENTED_EDGE('',*,*,#3979,.T.);
#5199=ORIENTED_EDGE('',*,*,#3989,.T.);
#5200=ORIENTED_EDGE('',*,*,#3986,.T.);
#5201=ORIENTED_EDGE('',*,*,#3983,.T.);
#5202=ORIENTED_EDGE('',*,*,#3995,.F.);
#5203=ORIENTED_EDGE('',*,*,#3996,.T.);
#5204=ORIENTED_EDGE('',*,*,#3997,.F.);
#5205=ORIENTED_EDGE('',*,*,#3998,.F.);
#5206=ORIENTED_EDGE('',*,*,#3999,.F.);
#5207=ORIENTED_EDGE('',*,*,#4000,.T.);
#5208=ORIENTED_EDGE('',*,*,#4001,.F.);
#5209=ORIENTED_EDGE('',*,*,#3996,.F.);
#5210=ORIENTED_EDGE('',*,*,#4002,.F.);
#5211=ORIENTED_EDGE('',*,*,#4003,.T.);
#5212=ORIENTED_EDGE('',*,*,#4004,.F.);
#5213=ORIENTED_EDGE('',*,*,#4000,.F.);
#5214=ORIENTED_EDGE('',*,*,#4005,.F.);
#5215=ORIENTED_EDGE('',*,*,#3998,.T.);
#5216=ORIENTED_EDGE('',*,*,#4006,.F.);
#5217=ORIENTED_EDGE('',*,*,#4003,.F.);
#5218=ORIENTED_EDGE('',*,*,#3846,.F.);
#5219=ORIENTED_EDGE('',*,*,#4007,.T.);
#5220=ORIENTED_EDGE('',*,*,#3860,.T.);
#5221=ORIENTED_EDGE('',*,*,#3857,.F.);
#5222=ORIENTED_EDGE('',*,*,#3845,.F.);
#5223=ORIENTED_EDGE('',*,*,#3962,.T.);
#5224=ORIENTED_EDGE('',*,*,#3861,.T.);
#5225=ORIENTED_EDGE('',*,*,#4007,.F.);
#5226=ORIENTED_EDGE('',*,*,#3850,.F.);
#5227=ORIENTED_EDGE('',*,*,#3840,.T.);
#5228=ORIENTED_EDGE('',*,*,#3809,.T.);
#5229=ORIENTED_EDGE('',*,*,#3966,.F.);
#5230=ORIENTED_EDGE('',*,*,#3815,.F.);
#5231=ORIENTED_EDGE('',*,*,#3899,.T.);
#5232=ORIENTED_EDGE('',*,*,#3864,.T.);
#5233=ORIENTED_EDGE('',*,*,#3920,.F.);
#5234=ORIENTED_EDGE('',*,*,#3732,.F.);
#5235=ORIENTED_EDGE('',*,*,#3918,.T.);
#5236=ORIENTED_EDGE('',*,*,#3805,.T.);
#5237=ORIENTED_EDGE('',*,*,#3812,.F.);
#5238=ORIENTED_EDGE('',*,*,#3854,.F.);
#5239=ORIENTED_EDGE('',*,*,#4008,.T.);
#5240=ORIENTED_EDGE('',*,*,#3764,.F.);
#5241=ORIENTED_EDGE('',*,*,#4009,.F.);
#5242=ORIENTED_EDGE('',*,*,#3853,.F.);
#5243=ORIENTED_EDGE('',*,*,#4010,.T.);
#5244=ORIENTED_EDGE('',*,*,#3765,.F.);
#5245=ORIENTED_EDGE('',*,*,#4008,.F.);
#5246=ORIENTED_EDGE('',*,*,#3852,.F.);
#5247=ORIENTED_EDGE('',*,*,#4011,.T.);
#5248=ORIENTED_EDGE('',*,*,#3766,.F.);
#5249=ORIENTED_EDGE('',*,*,#4010,.F.);
#5250=ORIENTED_EDGE('',*,*,#3851,.F.);
#5251=ORIENTED_EDGE('',*,*,#4009,.T.);
#5252=ORIENTED_EDGE('',*,*,#3767,.F.);
#5253=ORIENTED_EDGE('',*,*,#4011,.F.);
#5254=ORIENTED_EDGE('',*,*,#4012,.F.);
#5255=ORIENTED_EDGE('',*,*,#4013,.T.);
#5256=ORIENTED_EDGE('',*,*,#4014,.F.);
#5257=ORIENTED_EDGE('',*,*,#4013,.F.);
#5258=ORIENTED_EDGE('',*,*,#4015,.T.);
#5259=ORIENTED_EDGE('',*,*,#4016,.F.);
#5260=ORIENTED_EDGE('',*,*,#4017,.T.);
#5261=ORIENTED_EDGE('',*,*,#4018,.F.);
#5262=ORIENTED_EDGE('',*,*,#4019,.T.);
#5263=ORIENTED_EDGE('',*,*,#4016,.T.);
#5264=ORIENTED_EDGE('',*,*,#4020,.T.);
#5265=ORIENTED_EDGE('',*,*,#4021,.T.);
#5266=ORIENTED_EDGE('',*,*,#4018,.T.);
#5267=ORIENTED_EDGE('',*,*,#4022,.T.);
#5268=ORIENTED_EDGE('',*,*,#4023,.T.);
#5269=ORIENTED_EDGE('',*,*,#4024,.F.);
#5270=ORIENTED_EDGE('',*,*,#4025,.F.);
#5271=ORIENTED_EDGE('',*,*,#4023,.F.);
#5272=ORIENTED_EDGE('',*,*,#4026,.F.);
#5273=ORIENTED_EDGE('',*,*,#4027,.T.);
#5274=ORIENTED_EDGE('',*,*,#4024,.T.);
#5275=ORIENTED_EDGE('',*,*,#4025,.T.);
#5276=ORIENTED_EDGE('',*,*,#4028,.T.);
#5277=ORIENTED_EDGE('',*,*,#4029,.T.);
#5278=ORIENTED_EDGE('',*,*,#4028,.F.);
#5279=ORIENTED_EDGE('',*,*,#4026,.T.);
#5280=ORIENTED_EDGE('',*,*,#4022,.F.);
#5281=ORIENTED_EDGE('',*,*,#4017,.F.);
#5282=ORIENTED_EDGE('',*,*,#4019,.F.);
#5283=ORIENTED_EDGE('',*,*,#4015,.F.);
#5284=ORIENTED_EDGE('',*,*,#4021,.F.);
#5285=ORIENTED_EDGE('',*,*,#4027,.F.);
#5286=ORIENTED_EDGE('',*,*,#4029,.F.);
#5287=ORIENTED_EDGE('',*,*,#4020,.F.);
#5288=ORIENTED_EDGE('',*,*,#4014,.T.);
#5289=ORIENTED_EDGE('',*,*,#4030,.F.);
#5290=ORIENTED_EDGE('',*,*,#4031,.T.);
#5291=ORIENTED_EDGE('',*,*,#4032,.F.);
#5292=ORIENTED_EDGE('',*,*,#4031,.F.);
#5293=ORIENTED_EDGE('',*,*,#4033,.F.);
#5294=ORIENTED_EDGE('',*,*,#4034,.F.);
#5295=ORIENTED_EDGE('',*,*,#4035,.F.);
#5296=ORIENTED_EDGE('',*,*,#4032,.T.);
#5297=ORIENTED_EDGE('',*,*,#4033,.T.);
#5298=ORIENTED_EDGE('',*,*,#4036,.T.);
#5299=ORIENTED_EDGE('',*,*,#4037,.T.);
#5300=ORIENTED_EDGE('',*,*,#4038,.F.);
#5301=ORIENTED_EDGE('',*,*,#4039,.T.);
#5302=ORIENTED_EDGE('',*,*,#4040,.T.);
#5303=ORIENTED_EDGE('',*,*,#4041,.F.);
#5304=ORIENTED_EDGE('',*,*,#4042,.F.);
#5305=ORIENTED_EDGE('',*,*,#4043,.F.);
#5306=ORIENTED_EDGE('',*,*,#4044,.T.);
#5307=ORIENTED_EDGE('',*,*,#4042,.T.);
#5308=ORIENTED_EDGE('',*,*,#4045,.T.);
#5309=ORIENTED_EDGE('',*,*,#4046,.T.);
#5310=ORIENTED_EDGE('',*,*,#4041,.T.);
#5311=ORIENTED_EDGE('',*,*,#4047,.T.);
#5312=ORIENTED_EDGE('',*,*,#4048,.T.);
#5313=ORIENTED_EDGE('',*,*,#4045,.F.);
#5314=ORIENTED_EDGE('',*,*,#4049,.T.);
#5315=ORIENTED_EDGE('',*,*,#4050,.T.);
#5316=ORIENTED_EDGE('',*,*,#4051,.T.);
#5317=ORIENTED_EDGE('',*,*,#4052,.T.);
#5318=ORIENTED_EDGE('',*,*,#4053,.T.);
#5319=ORIENTED_EDGE('',*,*,#4054,.T.);
#5320=ORIENTED_EDGE('',*,*,#4055,.T.);
#5321=ORIENTED_EDGE('',*,*,#4056,.T.);
#5322=ORIENTED_EDGE('',*,*,#4057,.T.);
#5323=ORIENTED_EDGE('',*,*,#4058,.T.);
#5324=ORIENTED_EDGE('',*,*,#4059,.T.);
#5325=ORIENTED_EDGE('',*,*,#4060,.T.);
#5326=ORIENTED_EDGE('',*,*,#3735,.T.);
#5327=ORIENTED_EDGE('',*,*,#3744,.T.);
#5328=ORIENTED_EDGE('',*,*,#4037,.F.);
#5329=ORIENTED_EDGE('',*,*,#4061,.F.);
#5330=ORIENTED_EDGE('',*,*,#4062,.F.);
#5331=ORIENTED_EDGE('',*,*,#4063,.T.);
#5332=ORIENTED_EDGE('',*,*,#4064,.F.);
#5333=ORIENTED_EDGE('',*,*,#4065,.F.);
#5334=ORIENTED_EDGE('',*,*,#4066,.F.);
#5335=ORIENTED_EDGE('',*,*,#4067,.T.);
#5336=ORIENTED_EDGE('',*,*,#4066,.T.);
#5337=ORIENTED_EDGE('',*,*,#4068,.F.);
#5338=ORIENTED_EDGE('',*,*,#4069,.F.);
#5339=ORIENTED_EDGE('',*,*,#4070,.F.);
#5340=ORIENTED_EDGE('',*,*,#4071,.F.);
#5341=ORIENTED_EDGE('',*,*,#4072,.T.);
#5342=ORIENTED_EDGE('',*,*,#4038,.T.);
#5343=ORIENTED_EDGE('',*,*,#4073,.T.);
#5344=ORIENTED_EDGE('',*,*,#4034,.T.);
#5345=ORIENTED_EDGE('',*,*,#4039,.F.);
#5346=ORIENTED_EDGE('',*,*,#4074,.T.);
#5347=ORIENTED_EDGE('',*,*,#4062,.T.);
#5348=ORIENTED_EDGE('',*,*,#4075,.T.);
#5349=ORIENTED_EDGE('',*,*,#4076,.T.);
#5350=ORIENTED_EDGE('',*,*,#4077,.T.);
#5351=ORIENTED_EDGE('',*,*,#4035,.T.);
#5352=ORIENTED_EDGE('',*,*,#4077,.F.);
#5353=ORIENTED_EDGE('',*,*,#4078,.F.);
#5354=ORIENTED_EDGE('',*,*,#4079,.F.);
#5355=ORIENTED_EDGE('',*,*,#4080,.F.);
#5356=ORIENTED_EDGE('',*,*,#4075,.F.);
#5357=ORIENTED_EDGE('',*,*,#4061,.T.);
#5358=ORIENTED_EDGE('',*,*,#4036,.F.);
#5359=ORIENTED_EDGE('',*,*,#4081,.F.);
#5360=ORIENTED_EDGE('',*,*,#3924,.F.);
#5361=ORIENTED_EDGE('',*,*,#4082,.F.);
#5362=ORIENTED_EDGE('',*,*,#4054,.F.);
#5363=ORIENTED_EDGE('',*,*,#4083,.F.);
#5364=ORIENTED_EDGE('',*,*,#3787,.F.);
#5365=ORIENTED_EDGE('',*,*,#4084,.F.);
#5366=ORIENTED_EDGE('',*,*,#4085,.F.);
#5367=ORIENTED_EDGE('',*,*,#4056,.F.);
#5368=ORIENTED_EDGE('',*,*,#4086,.T.);
#5369=ORIENTED_EDGE('',*,*,#4087,.T.);
#5370=ORIENTED_EDGE('',*,*,#4064,.T.);
#5371=ORIENTED_EDGE('',*,*,#4057,.F.);
#5372=ORIENTED_EDGE('',*,*,#4085,.T.);
#5373=ORIENTED_EDGE('',*,*,#3907,.T.);
#5374=ORIENTED_EDGE('',*,*,#3964,.T.);
#5375=ORIENTED_EDGE('',*,*,#4079,.T.);
#5376=ORIENTED_EDGE('',*,*,#4088,.T.);
#5377=ORIENTED_EDGE('',*,*,#4081,.T.);
#5378=ORIENTED_EDGE('',*,*,#4055,.F.);
#5379=ORIENTED_EDGE('',*,*,#4082,.T.);
#5380=ORIENTED_EDGE('',*,*,#3925,.F.);
#5381=ORIENTED_EDGE('',*,*,#4080,.T.);
#5382=ORIENTED_EDGE('',*,*,#4088,.F.);
#5383=ORIENTED_EDGE('',*,*,#4078,.T.);
#5384=ORIENTED_EDGE('',*,*,#4076,.F.);
#5385=ORIENTED_EDGE('',*,*,#3799,.F.);
#5386=ORIENTED_EDGE('',*,*,#3900,.T.);
#5387=ORIENTED_EDGE('',*,*,#4065,.T.);
#5388=ORIENTED_EDGE('',*,*,#4089,.T.);
#5389=ORIENTED_EDGE('',*,*,#4068,.T.);
#5390=ORIENTED_EDGE('',*,*,#3822,.T.);
#5391=ORIENTED_EDGE('',*,*,#3892,.T.);
#5392=ORIENTED_EDGE('',*,*,#4090,.F.);
#5393=ORIENTED_EDGE('',*,*,#3876,.F.);
#5394=ORIENTED_EDGE('',*,*,#4091,.F.);
#5395=ORIENTED_EDGE('',*,*,#4050,.F.);
#5396=ORIENTED_EDGE('',*,*,#4092,.F.);
#5397=ORIENTED_EDGE('',*,*,#4093,.F.);
#5398=ORIENTED_EDGE('',*,*,#3773,.F.);
#5399=ORIENTED_EDGE('',*,*,#4094,.F.);
#5400=ORIENTED_EDGE('',*,*,#4052,.F.);
#5401=ORIENTED_EDGE('',*,*,#4095,.T.);
#5402=ORIENTED_EDGE('',*,*,#4092,.T.);
#5403=ORIENTED_EDGE('',*,*,#4049,.F.);
#5404=ORIENTED_EDGE('',*,*,#4043,.T.);
#5405=ORIENTED_EDGE('',*,*,#4096,.T.);
#5406=ORIENTED_EDGE('',*,*,#3829,.T.);
#5407=ORIENTED_EDGE('',*,*,#3890,.T.);
#5408=ORIENTED_EDGE('',*,*,#4090,.T.);
#5409=ORIENTED_EDGE('',*,*,#4051,.F.);
#5410=ORIENTED_EDGE('',*,*,#4091,.T.);
#5411=ORIENTED_EDGE('',*,*,#3877,.F.);
#5412=ORIENTED_EDGE('',*,*,#4097,.F.);
#5413=ORIENTED_EDGE('',*,*,#4098,.F.);
#5414=ORIENTED_EDGE('',*,*,#4099,.T.);
#5415=ORIENTED_EDGE('',*,*,#4100,.T.);
#5416=ORIENTED_EDGE('',*,*,#4101,.F.);
#5417=ORIENTED_EDGE('',*,*,#4100,.F.);
#5418=ORIENTED_EDGE('',*,*,#4102,.F.);
#5419=ORIENTED_EDGE('',*,*,#4103,.F.);
#5420=ORIENTED_EDGE('',*,*,#4104,.F.);
#5421=ORIENTED_EDGE('',*,*,#4105,.T.);
#5422=ORIENTED_EDGE('',*,*,#4102,.T.);
#5423=ORIENTED_EDGE('',*,*,#4099,.F.);
#5424=ORIENTED_EDGE('',*,*,#4106,.F.);
#5425=ORIENTED_EDGE('',*,*,#4103,.T.);
#5426=ORIENTED_EDGE('',*,*,#4105,.F.);
#5427=ORIENTED_EDGE('',*,*,#4107,.F.);
#5428=ORIENTED_EDGE('',*,*,#4097,.T.);
#5429=ORIENTED_EDGE('',*,*,#4101,.T.);
#5430=ORIENTED_EDGE('',*,*,#4106,.T.);
#5431=ORIENTED_EDGE('',*,*,#4108,.F.);
#5432=ORIENTED_EDGE('',*,*,#4109,.T.);
#5433=ORIENTED_EDGE('',*,*,#4110,.F.);
#5434=ORIENTED_EDGE('',*,*,#4111,.T.);
#5435=ORIENTED_EDGE('',*,*,#4112,.F.);
#5436=ORIENTED_EDGE('',*,*,#4113,.F.);
#5437=ORIENTED_EDGE('',*,*,#4114,.F.);
#5438=ORIENTED_EDGE('',*,*,#4115,.T.);
#5439=ORIENTED_EDGE('',*,*,#4116,.T.);
#5440=ORIENTED_EDGE('',*,*,#4117,.F.);
#5441=ORIENTED_EDGE('',*,*,#4116,.F.);
#5442=ORIENTED_EDGE('',*,*,#4118,.F.);
#5443=ORIENTED_EDGE('',*,*,#4119,.F.);
#5444=ORIENTED_EDGE('',*,*,#4120,.F.);
#5445=ORIENTED_EDGE('',*,*,#4121,.T.);
#5446=ORIENTED_EDGE('',*,*,#4118,.T.);
#5447=ORIENTED_EDGE('',*,*,#4115,.F.);
#5448=ORIENTED_EDGE('',*,*,#4122,.F.);
#5449=ORIENTED_EDGE('',*,*,#4119,.T.);
#5450=ORIENTED_EDGE('',*,*,#4121,.F.);
#5451=ORIENTED_EDGE('',*,*,#4123,.F.);
#5452=ORIENTED_EDGE('',*,*,#4113,.T.);
#5453=ORIENTED_EDGE('',*,*,#4117,.T.);
#5454=ORIENTED_EDGE('',*,*,#4122,.T.);
#5455=ORIENTED_EDGE('',*,*,#4124,.F.);
#5456=ORIENTED_EDGE('',*,*,#4125,.T.);
#5457=ORIENTED_EDGE('',*,*,#4110,.T.);
#5458=ORIENTED_EDGE('',*,*,#4126,.T.);
#5459=ORIENTED_EDGE('',*,*,#4127,.F.);
#5460=ORIENTED_EDGE('',*,*,#4128,.F.);
#5461=ORIENTED_EDGE('',*,*,#4129,.T.);
#5462=ORIENTED_EDGE('',*,*,#4130,.F.);
#5463=ORIENTED_EDGE('',*,*,#4131,.T.);
#5464=ORIENTED_EDGE('',*,*,#4132,.F.);
#5465=ORIENTED_EDGE('',*,*,#4133,.T.);
#5466=ORIENTED_EDGE('',*,*,#4130,.T.);
#5467=ORIENTED_EDGE('',*,*,#4134,.T.);
#5468=ORIENTED_EDGE('',*,*,#4135,.T.);
#5469=ORIENTED_EDGE('',*,*,#4136,.F.);
#5470=ORIENTED_EDGE('',*,*,#4137,.F.);
#5471=ORIENTED_EDGE('',*,*,#3717,.T.);
#5472=ORIENTED_EDGE('',*,*,#4138,.T.);
#5473=ORIENTED_EDGE('',*,*,#4139,.T.);
#5474=ORIENTED_EDGE('',*,*,#4140,.T.);
#5475=ORIENTED_EDGE('',*,*,#4111,.F.);
#5476=ORIENTED_EDGE('',*,*,#4125,.F.);
#5477=ORIENTED_EDGE('',*,*,#4141,.T.);
#5478=ORIENTED_EDGE('',*,*,#4142,.T.);
#5479=ORIENTED_EDGE('',*,*,#4143,.T.);
#5480=ORIENTED_EDGE('',*,*,#4144,.T.);
#5481=ORIENTED_EDGE('',*,*,#4145,.F.);
#5482=ORIENTED_EDGE('',*,*,#4071,.T.);
#5483=ORIENTED_EDGE('',*,*,#4146,.F.);
#5484=ORIENTED_EDGE('',*,*,#3776,.F.);
#5485=ORIENTED_EDGE('',*,*,#4147,.T.);
#5486=ORIENTED_EDGE('',*,*,#4148,.F.);
#5487=ORIENTED_EDGE('',*,*,#4149,.T.);
#5488=ORIENTED_EDGE('',*,*,#4131,.F.);
#5489=ORIENTED_EDGE('',*,*,#4133,.F.);
#5490=ORIENTED_EDGE('',*,*,#3733,.F.);
#5491=ORIENTED_EDGE('',*,*,#3770,.F.);
#5492=ORIENTED_EDGE('',*,*,#3797,.T.);
#5493=ORIENTED_EDGE('',*,*,#4150,.T.);
#5494=ORIENTED_EDGE('',*,*,#4132,.T.);
#5495=ORIENTED_EDGE('',*,*,#4151,.F.);
#5496=ORIENTED_EDGE('',*,*,#4152,.F.);
#5497=ORIENTED_EDGE('',*,*,#4135,.F.);
#5498=ORIENTED_EDGE('',*,*,#4128,.T.);
#5499=ORIENTED_EDGE('',*,*,#4149,.F.);
#5500=ORIENTED_EDGE('',*,*,#4153,.F.);
#5501=ORIENTED_EDGE('',*,*,#4154,.F.);
#5502=ORIENTED_EDGE('',*,*,#4155,.F.);
#5503=ORIENTED_EDGE('',*,*,#4156,.F.);
#5504=ORIENTED_EDGE('',*,*,#4157,.T.);
#5505=ORIENTED_EDGE('',*,*,#4158,.T.);
#5506=ORIENTED_EDGE('',*,*,#4159,.F.);
#5507=ORIENTED_EDGE('',*,*,#4158,.F.);
#5508=ORIENTED_EDGE('',*,*,#4160,.F.);
#5509=ORIENTED_EDGE('',*,*,#4161,.F.);
#5510=ORIENTED_EDGE('',*,*,#4162,.F.);
#5511=ORIENTED_EDGE('',*,*,#4163,.T.);
#5512=ORIENTED_EDGE('',*,*,#4160,.T.);
#5513=ORIENTED_EDGE('',*,*,#4157,.F.);
#5514=ORIENTED_EDGE('',*,*,#4164,.F.);
#5515=ORIENTED_EDGE('',*,*,#4161,.T.);
#5516=ORIENTED_EDGE('',*,*,#4163,.F.);
#5517=ORIENTED_EDGE('',*,*,#4165,.F.);
#5518=ORIENTED_EDGE('',*,*,#4155,.T.);
#5519=ORIENTED_EDGE('',*,*,#4159,.T.);
#5520=ORIENTED_EDGE('',*,*,#4164,.T.);
#5521=ORIENTED_EDGE('',*,*,#4166,.F.);
#5522=ORIENTED_EDGE('',*,*,#3934,.T.);
#5523=ORIENTED_EDGE('',*,*,#4167,.T.);
#5524=ORIENTED_EDGE('',*,*,#4168,.T.);
#5525=ORIENTED_EDGE('',*,*,#4169,.F.);
#5526=ORIENTED_EDGE('',*,*,#4170,.F.);
#5527=ORIENTED_EDGE('',*,*,#4171,.F.);
#5528=ORIENTED_EDGE('',*,*,#4172,.T.);
#5529=ORIENTED_EDGE('',*,*,#4173,.T.);
#5530=ORIENTED_EDGE('',*,*,#4174,.F.);
#5531=ORIENTED_EDGE('',*,*,#4173,.F.);
#5532=ORIENTED_EDGE('',*,*,#4175,.F.);
#5533=ORIENTED_EDGE('',*,*,#4176,.F.);
#5534=ORIENTED_EDGE('',*,*,#4177,.F.);
#5535=ORIENTED_EDGE('',*,*,#4178,.T.);
#5536=ORIENTED_EDGE('',*,*,#4175,.T.);
#5537=ORIENTED_EDGE('',*,*,#4172,.F.);
#5538=ORIENTED_EDGE('',*,*,#4179,.F.);
#5539=ORIENTED_EDGE('',*,*,#4176,.T.);
#5540=ORIENTED_EDGE('',*,*,#4178,.F.);
#5541=ORIENTED_EDGE('',*,*,#4180,.F.);
#5542=ORIENTED_EDGE('',*,*,#4170,.T.);
#5543=ORIENTED_EDGE('',*,*,#4174,.T.);
#5544=ORIENTED_EDGE('',*,*,#4179,.T.);
#5545=ORIENTED_EDGE('',*,*,#4181,.F.);
#5546=ORIENTED_EDGE('',*,*,#4182,.T.);
#5547=ORIENTED_EDGE('',*,*,#4167,.F.);
#5548=ORIENTED_EDGE('',*,*,#3933,.T.);
#5549=ORIENTED_EDGE('',*,*,#4183,.F.);
#5550=ORIENTED_EDGE('',*,*,#4184,.F.);
#5551=ORIENTED_EDGE('',*,*,#3944,.T.);
#5552=ORIENTED_EDGE('',*,*,#4185,.T.);
#5553=ORIENTED_EDGE('',*,*,#4186,.T.);
#5554=ORIENTED_EDGE('',*,*,#3943,.T.);
#5555=ORIENTED_EDGE('',*,*,#4187,.F.);
#5556=ORIENTED_EDGE('',*,*,#4188,.T.);
#5557=ORIENTED_EDGE('',*,*,#4185,.F.);
#5558=ORIENTED_EDGE('',*,*,#4171,.T.);
#5559=ORIENTED_EDGE('',*,*,#4183,.T.);
#5560=ORIENTED_EDGE('',*,*,#3932,.F.);
#5561=ORIENTED_EDGE('',*,*,#4189,.F.);
#5562=ORIENTED_EDGE('',*,*,#4190,.F.);
#5563=ORIENTED_EDGE('',*,*,#4181,.T.);
#5564=ORIENTED_EDGE('',*,*,#4180,.T.);
#5565=ORIENTED_EDGE('',*,*,#4177,.T.);
#5566=ORIENTED_EDGE('',*,*,#4184,.T.);
#5567=ORIENTED_EDGE('',*,*,#4191,.F.);
#5568=ORIENTED_EDGE('',*,*,#4192,.T.);
#5569=ORIENTED_EDGE('',*,*,#3926,.F.);
#5570=ORIENTED_EDGE('',*,*,#4190,.T.);
#5571=ORIENTED_EDGE('',*,*,#4193,.T.);
#5572=ORIENTED_EDGE('',*,*,#4194,.T.);
#5573=ORIENTED_EDGE('',*,*,#4195,.F.);
#5574=ORIENTED_EDGE('',*,*,#4196,.F.);
#5575=ORIENTED_EDGE('',*,*,#4197,.F.);
#5576=ORIENTED_EDGE('',*,*,#4198,.T.);
#5577=ORIENTED_EDGE('',*,*,#4199,.T.);
#5578=ORIENTED_EDGE('',*,*,#4191,.T.);
#5579=ORIENTED_EDGE('',*,*,#4186,.F.);
#5580=ORIENTED_EDGE('',*,*,#4188,.F.);
#5581=ORIENTED_EDGE('',*,*,#4200,.T.);
#5582=ORIENTED_EDGE('',*,*,#4201,.T.);
#5583=ORIENTED_EDGE('',*,*,#4202,.T.);
#5584=ORIENTED_EDGE('',*,*,#4203,.F.);
#5585=ORIENTED_EDGE('',*,*,#4204,.F.);
#5586=ORIENTED_EDGE('',*,*,#4205,.F.);
#5587=ORIENTED_EDGE('',*,*,#4206,.T.);
#5588=ORIENTED_EDGE('',*,*,#4207,.T.);
#5589=ORIENTED_EDGE('',*,*,#4208,.T.);
#5590=ORIENTED_EDGE('',*,*,#4168,.F.);
#5591=ORIENTED_EDGE('',*,*,#4182,.F.);
#5592=ORIENTED_EDGE('',*,*,#4209,.T.);
#5593=ORIENTED_EDGE('',*,*,#4210,.T.);
#5594=ORIENTED_EDGE('',*,*,#4211,.T.);
#5595=ORIENTED_EDGE('',*,*,#4212,.T.);
#5596=ORIENTED_EDGE('',*,*,#4187,.T.);
#5597=ORIENTED_EDGE('',*,*,#3942,.F.);
#5598=ORIENTED_EDGE('',*,*,#4213,.F.);
#5599=ORIENTED_EDGE('',*,*,#4200,.F.);
#5600=ORIENTED_EDGE('',*,*,#4156,.T.);
#5601=ORIENTED_EDGE('',*,*,#4169,.T.);
#5602=ORIENTED_EDGE('',*,*,#4208,.F.);
#5603=ORIENTED_EDGE('',*,*,#4214,.F.);
#5604=ORIENTED_EDGE('',*,*,#3935,.F.);
#5605=ORIENTED_EDGE('',*,*,#4166,.T.);
#5606=ORIENTED_EDGE('',*,*,#4165,.T.);
#5607=ORIENTED_EDGE('',*,*,#4162,.T.);
#5608=ORIENTED_EDGE('',*,*,#4074,.F.);
#5609=ORIENTED_EDGE('',*,*,#4215,.F.);
#5610=ORIENTED_EDGE('',*,*,#4144,.F.);
#5611=ORIENTED_EDGE('',*,*,#4216,.F.);
#5612=ORIENTED_EDGE('',*,*,#4217,.F.);
#5613=ORIENTED_EDGE('',*,*,#4073,.F.);
#5614=ORIENTED_EDGE('',*,*,#4218,.F.);
#5615=ORIENTED_EDGE('',*,*,#4219,.T.);
#5616=ORIENTED_EDGE('',*,*,#4212,.F.);
#5617=ORIENTED_EDGE('',*,*,#4219,.F.);
#5618=ORIENTED_EDGE('',*,*,#4220,.F.);
#5619=ORIENTED_EDGE('',*,*,#4221,.T.);
#5620=ORIENTED_EDGE('',*,*,#4210,.F.);
#5621=ORIENTED_EDGE('',*,*,#4221,.F.);
#5622=ORIENTED_EDGE('',*,*,#4222,.T.);
#5623=ORIENTED_EDGE('',*,*,#4223,.T.);
#5624=ORIENTED_EDGE('',*,*,#3783,.F.);
#5625=ORIENTED_EDGE('',*,*,#4224,.F.);
#5626=ORIENTED_EDGE('',*,*,#4225,.T.);
#5627=ORIENTED_EDGE('',*,*,#4226,.T.);
#5628=ORIENTED_EDGE('',*,*,#4204,.T.);
#5629=ORIENTED_EDGE('',*,*,#4227,.T.);
#5630=ORIENTED_EDGE('',*,*,#4228,.T.);
#5631=ORIENTED_EDGE('',*,*,#4229,.F.);
#5632=ORIENTED_EDGE('',*,*,#3777,.F.);
#5633=ORIENTED_EDGE('',*,*,#4230,.T.);
#5634=ORIENTED_EDGE('',*,*,#4231,.T.);
#5635=ORIENTED_EDGE('',*,*,#4232,.T.);
#5636=ORIENTED_EDGE('',*,*,#4233,.T.);
#5637=ORIENTED_EDGE('',*,*,#4069,.T.);
#5638=ORIENTED_EDGE('',*,*,#4234,.F.);
#5639=ORIENTED_EDGE('',*,*,#3948,.F.);
#5640=ORIENTED_EDGE('',*,*,#4235,.T.);
#5641=ORIENTED_EDGE('',*,*,#4236,.T.);
#5642=ORIENTED_EDGE('',*,*,#4216,.T.);
#5643=ORIENTED_EDGE('',*,*,#4237,.T.);
#5644=ORIENTED_EDGE('',*,*,#4070,.T.);
#5645=ORIENTED_EDGE('',*,*,#4238,.T.);
#5646=ORIENTED_EDGE('',*,*,#4238,.F.);
#5647=ORIENTED_EDGE('',*,*,#4233,.F.);
#5648=ORIENTED_EDGE('',*,*,#4239,.F.);
#5649=ORIENTED_EDGE('',*,*,#4240,.F.);
#5650=ORIENTED_EDGE('',*,*,#4067,.F.);
#5651=ORIENTED_EDGE('',*,*,#4217,.T.);
#5652=ORIENTED_EDGE('',*,*,#4240,.T.);
#5653=ORIENTED_EDGE('',*,*,#4241,.F.);
#5654=ORIENTED_EDGE('',*,*,#4242,.F.);
#5655=ORIENTED_EDGE('',*,*,#4058,.F.);
#5656=ORIENTED_EDGE('',*,*,#4063,.F.);
#5657=ORIENTED_EDGE('',*,*,#4142,.F.);
#5658=ORIENTED_EDGE('',*,*,#4243,.T.);
#5659=ORIENTED_EDGE('',*,*,#4244,.F.);
#5660=ORIENTED_EDGE('',*,*,#4245,.F.);
#5661=ORIENTED_EDGE('',*,*,#4143,.F.);
#5662=ORIENTED_EDGE('',*,*,#4245,.T.);
#5663=ORIENTED_EDGE('',*,*,#4246,.F.);
#5664=ORIENTED_EDGE('',*,*,#4247,.T.);
#5665=ORIENTED_EDGE('',*,*,#4230,.F.);
#5666=ORIENTED_EDGE('',*,*,#4146,.T.);
#5667=ORIENTED_EDGE('',*,*,#4237,.F.);
#5668=ORIENTED_EDGE('',*,*,#4242,.T.);
#5669=ORIENTED_EDGE('',*,*,#4248,.F.);
#5670=ORIENTED_EDGE('',*,*,#4249,.F.);
#5671=ORIENTED_EDGE('',*,*,#4059,.F.);
#5672=ORIENTED_EDGE('',*,*,#4250,.T.);
#5673=ORIENTED_EDGE('',*,*,#4251,.T.);
#5674=ORIENTED_EDGE('',*,*,#4252,.T.);
#5675=ORIENTED_EDGE('',*,*,#4253,.T.);
#5676=ORIENTED_EDGE('',*,*,#4254,.T.);
#5677=ORIENTED_EDGE('',*,*,#4255,.T.);
#5678=ORIENTED_EDGE('',*,*,#4256,.T.);
#5679=ORIENTED_EDGE('',*,*,#4257,.T.);
#5680=ORIENTED_EDGE('',*,*,#4258,.T.);
#5681=ORIENTED_EDGE('',*,*,#4259,.T.);
#5682=ORIENTED_EDGE('',*,*,#4260,.T.);
#5683=ORIENTED_EDGE('',*,*,#3881,.T.);
#5684=ORIENTED_EDGE('',*,*,#4261,.F.);
#5685=ORIENTED_EDGE('',*,*,#4048,.F.);
#5686=ORIENTED_EDGE('',*,*,#4262,.T.);
#5687=ORIENTED_EDGE('',*,*,#4263,.T.);
#5688=ORIENTED_EDGE('',*,*,#4244,.T.);
#5689=ORIENTED_EDGE('',*,*,#4257,.F.);
#5690=ORIENTED_EDGE('',*,*,#4264,.T.);
#5691=ORIENTED_EDGE('',*,*,#4265,.T.);
#5692=ORIENTED_EDGE('',*,*,#4263,.F.);
#5693=ORIENTED_EDGE('',*,*,#4266,.T.);
#5694=ORIENTED_EDGE('',*,*,#4267,.T.);
#5695=ORIENTED_EDGE('',*,*,#4248,.T.);
#5696=ORIENTED_EDGE('',*,*,#4241,.T.);
#5697=ORIENTED_EDGE('',*,*,#4239,.T.);
#5698=ORIENTED_EDGE('',*,*,#4232,.F.);
#5699=ORIENTED_EDGE('',*,*,#4246,.T.);
#5700=ORIENTED_EDGE('',*,*,#4265,.F.);
#5701=ORIENTED_EDGE('',*,*,#4268,.F.);
#5702=ORIENTED_EDGE('',*,*,#4138,.F.);
#5703=ORIENTED_EDGE('',*,*,#4269,.F.);
#5704=ORIENTED_EDGE('',*,*,#4270,.T.);
#5705=ORIENTED_EDGE('',*,*,#4249,.T.);
#5706=ORIENTED_EDGE('',*,*,#4267,.F.);
#5707=ORIENTED_EDGE('',*,*,#4271,.F.);
#5708=ORIENTED_EDGE('',*,*,#4044,.F.);
#5709=ORIENTED_EDGE('',*,*,#4060,.F.);
#5710=ORIENTED_EDGE('',*,*,#4262,.F.);
#5711=ORIENTED_EDGE('',*,*,#4047,.F.);
#5712=ORIENTED_EDGE('',*,*,#4040,.F.);
#5713=ORIENTED_EDGE('',*,*,#4271,.T.);
#5714=ORIENTED_EDGE('',*,*,#4266,.F.);
#5715=ORIENTED_EDGE('',*,*,#4139,.F.);
#5716=ORIENTED_EDGE('',*,*,#4268,.T.);
#5717=ORIENTED_EDGE('',*,*,#4264,.F.);
#5718=ORIENTED_EDGE('',*,*,#4272,.T.);
#5719=ORIENTED_EDGE('',*,*,#4269,.T.);
#5720=ORIENTED_EDGE('',*,*,#3716,.T.);
#5721=ORIENTED_EDGE('',*,*,#4273,.F.);
#5722=ORIENTED_EDGE('',*,*,#4274,.F.);
#5723=ORIENTED_EDGE('',*,*,#4275,.T.);
#5724=ORIENTED_EDGE('',*,*,#4196,.T.);
#5725=ORIENTED_EDGE('',*,*,#4276,.T.);
#5726=ORIENTED_EDGE('',*,*,#4277,.F.);
#5727=ORIENTED_EDGE('',*,*,#4278,.F.);
#5728=ORIENTED_EDGE('',*,*,#3718,.T.);
#5729=ORIENTED_EDGE('',*,*,#4279,.T.);
#5730=ORIENTED_EDGE('',*,*,#4280,.T.);
#5731=ORIENTED_EDGE('',*,*,#4202,.F.);
#5732=ORIENTED_EDGE('',*,*,#4281,.T.);
#5733=ORIENTED_EDGE('',*,*,#4282,.F.);
#5734=ORIENTED_EDGE('',*,*,#4231,.F.);
#5735=ORIENTED_EDGE('',*,*,#4201,.F.);
#5736=ORIENTED_EDGE('',*,*,#4254,.F.);
#5737=ORIENTED_EDGE('',*,*,#4283,.F.);
#5738=ORIENTED_EDGE('',*,*,#4281,.F.);
#5739=ORIENTED_EDGE('',*,*,#4284,.T.);
#5740=ORIENTED_EDGE('',*,*,#4285,.F.);
#5741=ORIENTED_EDGE('',*,*,#4286,.T.);
#5742=ORIENTED_EDGE('',*,*,#4287,.T.);
#5743=ORIENTED_EDGE('',*,*,#3882,.T.);
#5744=ORIENTED_EDGE('',*,*,#4288,.T.);
#5745=ORIENTED_EDGE('',*,*,#4289,.T.);
#5746=ORIENTED_EDGE('',*,*,#4290,.T.);
#5747=ORIENTED_EDGE('',*,*,#4291,.T.);
#5748=ORIENTED_EDGE('',*,*,#4292,.T.);
#5749=ORIENTED_EDGE('',*,*,#3947,.F.);
#5750=ORIENTED_EDGE('',*,*,#4293,.T.);
#5751=ORIENTED_EDGE('',*,*,#4294,.F.);
#5752=ORIENTED_EDGE('',*,*,#4295,.F.);
#5753=ORIENTED_EDGE('',*,*,#4293,.F.);
#5754=ORIENTED_EDGE('',*,*,#3939,.T.);
#5755=ORIENTED_EDGE('',*,*,#4227,.F.);
#5756=ORIENTED_EDGE('',*,*,#4203,.T.);
#5757=ORIENTED_EDGE('',*,*,#4291,.F.);
#5758=ORIENTED_EDGE('',*,*,#4296,.F.);
#5759=ORIENTED_EDGE('',*,*,#4297,.F.);
#5760=ORIENTED_EDGE('',*,*,#4298,.F.);
#5761=ORIENTED_EDGE('',*,*,#4235,.F.);
#5762=ORIENTED_EDGE('',*,*,#4292,.F.);
#5763=ORIENTED_EDGE('',*,*,#4298,.T.);
#5764=ORIENTED_EDGE('',*,*,#4299,.F.);
#5765=ORIENTED_EDGE('',*,*,#4284,.F.);
#5766=ORIENTED_EDGE('',*,*,#4295,.T.);
#5767=ORIENTED_EDGE('',*,*,#4300,.F.);
#5768=ORIENTED_EDGE('',*,*,#4213,.T.);
#5769=ORIENTED_EDGE('',*,*,#4296,.T.);
#5770=ORIENTED_EDGE('',*,*,#4290,.F.);
#5771=ORIENTED_EDGE('',*,*,#4301,.T.);
#5772=ORIENTED_EDGE('',*,*,#4302,.T.);
#5773=ORIENTED_EDGE('',*,*,#4198,.F.);
#5774=ORIENTED_EDGE('',*,*,#4258,.F.);
#5775=ORIENTED_EDGE('',*,*,#4303,.F.);
#5776=ORIENTED_EDGE('',*,*,#4304,.F.);
#5777=ORIENTED_EDGE('',*,*,#4199,.F.);
#5778=ORIENTED_EDGE('',*,*,#4304,.T.);
#5779=ORIENTED_EDGE('',*,*,#4305,.F.);
#5780=ORIENTED_EDGE('',*,*,#4256,.F.);
#5781=ORIENTED_EDGE('',*,*,#4300,.T.);
#5782=ORIENTED_EDGE('',*,*,#4294,.T.);
#5783=ORIENTED_EDGE('',*,*,#4236,.F.);
#5784=ORIENTED_EDGE('',*,*,#4299,.T.);
#5785=ORIENTED_EDGE('',*,*,#4297,.T.);
#5786=ORIENTED_EDGE('',*,*,#4302,.F.);
#5787=ORIENTED_EDGE('',*,*,#4306,.T.);
#5788=ORIENTED_EDGE('',*,*,#4307,.T.);
#5789=ORIENTED_EDGE('',*,*,#4259,.F.);
#5790=ORIENTED_EDGE('',*,*,#4308,.T.);
#5791=ORIENTED_EDGE('',*,*,#4309,.T.);
#5792=ORIENTED_EDGE('',*,*,#4255,.F.);
#5793=ORIENTED_EDGE('',*,*,#4309,.F.);
#5794=ORIENTED_EDGE('',*,*,#4310,.F.);
#5795=ORIENTED_EDGE('',*,*,#4286,.F.);
#5796=ORIENTED_EDGE('',*,*,#4192,.F.);
#5797=ORIENTED_EDGE('',*,*,#4260,.F.);
#5798=ORIENTED_EDGE('',*,*,#4307,.F.);
#5799=ORIENTED_EDGE('',*,*,#4311,.F.);
#5800=ORIENTED_EDGE('',*,*,#4288,.F.);
#5801=ORIENTED_EDGE('',*,*,#4287,.F.);
#5802=ORIENTED_EDGE('',*,*,#4310,.T.);
#5803=ORIENTED_EDGE('',*,*,#4308,.F.);
#5804=ORIENTED_EDGE('',*,*,#4197,.T.);
#5805=ORIENTED_EDGE('',*,*,#4275,.F.);
#5806=ORIENTED_EDGE('',*,*,#3928,.T.);
#5807=ORIENTED_EDGE('',*,*,#4289,.F.);
#5808=ORIENTED_EDGE('',*,*,#4311,.T.);
#5809=ORIENTED_EDGE('',*,*,#4306,.F.);
#5810=ORIENTED_EDGE('',*,*,#4301,.F.);
#5811=ORIENTED_EDGE('',*,*,#4312,.T.);
#5812=ORIENTED_EDGE('',*,*,#4313,.T.);
#5813=ORIENTED_EDGE('',*,*,#4314,.T.);
#5814=ORIENTED_EDGE('',*,*,#4315,.F.);
#5815=ORIENTED_EDGE('',*,*,#4316,.T.);
#5816=ORIENTED_EDGE('',*,*,#4314,.F.);
#5817=ORIENTED_EDGE('',*,*,#4317,.F.);
#5818=ORIENTED_EDGE('',*,*,#4315,.T.);
#5819=ORIENTED_EDGE('',*,*,#4318,.T.);
#5820=ORIENTED_EDGE('',*,*,#4319,.T.);
#5821=ORIENTED_EDGE('',*,*,#4320,.T.);
#5822=ORIENTED_EDGE('',*,*,#4321,.F.);
#5823=ORIENTED_EDGE('',*,*,#4322,.T.);
#5824=ORIENTED_EDGE('',*,*,#4323,.T.);
#5825=ORIENTED_EDGE('',*,*,#4324,.T.);
#5826=ORIENTED_EDGE('',*,*,#4325,.T.);
#5827=ORIENTED_EDGE('',*,*,#4326,.T.);
#5828=ORIENTED_EDGE('',*,*,#4327,.F.);
#5829=ORIENTED_EDGE('',*,*,#4328,.T.);
#5830=ORIENTED_EDGE('',*,*,#4329,.T.);
#5831=ORIENTED_EDGE('',*,*,#4327,.T.);
#5832=ORIENTED_EDGE('',*,*,#4330,.T.);
#5833=ORIENTED_EDGE('',*,*,#4331,.F.);
#5834=ORIENTED_EDGE('',*,*,#4332,.F.);
#5835=ORIENTED_EDGE('',*,*,#4333,.T.);
#5836=ORIENTED_EDGE('',*,*,#4334,.T.);
#5837=ORIENTED_EDGE('',*,*,#4335,.T.);
#5838=ORIENTED_EDGE('',*,*,#4336,.T.);
#5839=ORIENTED_EDGE('',*,*,#4318,.F.);
#5840=ORIENTED_EDGE('',*,*,#4317,.T.);
#5841=ORIENTED_EDGE('',*,*,#4337,.T.);
#5842=ORIENTED_EDGE('',*,*,#4338,.T.);
#5843=ORIENTED_EDGE('',*,*,#4339,.T.);
#5844=ORIENTED_EDGE('',*,*,#4340,.T.);
#5845=ORIENTED_EDGE('',*,*,#4341,.T.);
#5846=ORIENTED_EDGE('',*,*,#4342,.F.);
#5847=ORIENTED_EDGE('',*,*,#4343,.F.);
#5848=ORIENTED_EDGE('',*,*,#4344,.T.);
#5849=ORIENTED_EDGE('',*,*,#4345,.T.);
#5850=ORIENTED_EDGE('',*,*,#4321,.T.);
#5851=ORIENTED_EDGE('',*,*,#4345,.F.);
#5852=ORIENTED_EDGE('',*,*,#4346,.F.);
#5853=ORIENTED_EDGE('',*,*,#4347,.T.);
#5854=ORIENTED_EDGE('',*,*,#4322,.F.);
#5855=ORIENTED_EDGE('',*,*,#4137,.T.);
#5856=ORIENTED_EDGE('',*,*,#4348,.T.);
#5857=ORIENTED_EDGE('',*,*,#4349,.F.);
#5858=ORIENTED_EDGE('',*,*,#4328,.F.);
#5859=ORIENTED_EDGE('',*,*,#4350,.T.);
#5860=ORIENTED_EDGE('',*,*,#4279,.F.);
#5861=ORIENTED_EDGE('',*,*,#4351,.F.);
#5862=ORIENTED_EDGE('',*,*,#4348,.F.);
#5863=ORIENTED_EDGE('',*,*,#4136,.T.);
#5864=ORIENTED_EDGE('',*,*,#4152,.T.);
#5865=ORIENTED_EDGE('',*,*,#4352,.T.);
#5866=ORIENTED_EDGE('',*,*,#4353,.T.);
#5867=ORIENTED_EDGE('',*,*,#4354,.T.);
#5868=ORIENTED_EDGE('',*,*,#4355,.T.);
#5869=ORIENTED_EDGE('',*,*,#4320,.F.);
#5870=ORIENTED_EDGE('',*,*,#4356,.F.);
#5871=ORIENTED_EDGE('',*,*,#4147,.F.);
#5872=ORIENTED_EDGE('',*,*,#4223,.F.);
#5873=ORIENTED_EDGE('',*,*,#4357,.T.);
#5874=ORIENTED_EDGE('',*,*,#4148,.T.);
#5875=ORIENTED_EDGE('',*,*,#4356,.T.);
#5876=ORIENTED_EDGE('',*,*,#4319,.F.);
#5877=ORIENTED_EDGE('',*,*,#4153,.T.);
#5878=ORIENTED_EDGE('',*,*,#4330,.F.);
#5879=ORIENTED_EDGE('',*,*,#4326,.F.);
#5880=ORIENTED_EDGE('',*,*,#4358,.F.);
#5881=ORIENTED_EDGE('',*,*,#4359,.F.);
#5882=ORIENTED_EDGE('',*,*,#4360,.F.);
#5883=ORIENTED_EDGE('',*,*,#4358,.T.);
#5884=ORIENTED_EDGE('',*,*,#4325,.F.);
#5885=ORIENTED_EDGE('',*,*,#4361,.F.);
#5886=ORIENTED_EDGE('',*,*,#4362,.F.);
#5887=ORIENTED_EDGE('',*,*,#4355,.F.);
#5888=ORIENTED_EDGE('',*,*,#4363,.F.);
#5889=ORIENTED_EDGE('',*,*,#4364,.F.);
#5890=ORIENTED_EDGE('',*,*,#4323,.F.);
#5891=ORIENTED_EDGE('',*,*,#4347,.F.);
#5892=ORIENTED_EDGE('',*,*,#4365,.F.);
#5893=ORIENTED_EDGE('',*,*,#4353,.F.);
#5894=ORIENTED_EDGE('',*,*,#4363,.T.);
#5895=ORIENTED_EDGE('',*,*,#4366,.T.);
#5896=ORIENTED_EDGE('',*,*,#4362,.T.);
#5897=ORIENTED_EDGE('',*,*,#4367,.T.);
#5898=ORIENTED_EDGE('',*,*,#4359,.T.);
#5899=ORIENTED_EDGE('',*,*,#4360,.T.);
#5900=ORIENTED_EDGE('',*,*,#4368,.T.);
#5901=ORIENTED_EDGE('',*,*,#4331,.T.);
#5902=ORIENTED_EDGE('',*,*,#4364,.T.);
#5903=ORIENTED_EDGE('',*,*,#4367,.F.);
#5904=ORIENTED_EDGE('',*,*,#4361,.T.);
#5905=ORIENTED_EDGE('',*,*,#4324,.F.);
#5906=ORIENTED_EDGE('',*,*,#4206,.F.);
#5907=ORIENTED_EDGE('',*,*,#4339,.F.);
#5908=ORIENTED_EDGE('',*,*,#4369,.F.);
#5909=ORIENTED_EDGE('',*,*,#4370,.F.);
#5910=ORIENTED_EDGE('',*,*,#4207,.F.);
#5911=ORIENTED_EDGE('',*,*,#4370,.T.);
#5912=ORIENTED_EDGE('',*,*,#4371,.F.);
#5913=ORIENTED_EDGE('',*,*,#4336,.F.);
#5914=ORIENTED_EDGE('',*,*,#4372,.T.);
#5915=ORIENTED_EDGE('',*,*,#4338,.F.);
#5916=ORIENTED_EDGE('',*,*,#4373,.T.);
#5917=ORIENTED_EDGE('',*,*,#4374,.T.);
#5918=ORIENTED_EDGE('',*,*,#4335,.F.);
#5919=ORIENTED_EDGE('',*,*,#4375,.T.);
#5920=ORIENTED_EDGE('',*,*,#4376,.T.);
#5921=ORIENTED_EDGE('',*,*,#4377,.F.);
#5922=ORIENTED_EDGE('',*,*,#4378,.T.);
#5923=ORIENTED_EDGE('',*,*,#4379,.T.);
#5924=ORIENTED_EDGE('',*,*,#4340,.F.);
#5925=ORIENTED_EDGE('',*,*,#4380,.T.);
#5926=ORIENTED_EDGE('',*,*,#3937,.T.);
#5927=ORIENTED_EDGE('',*,*,#4381,.T.);
#5928=ORIENTED_EDGE('',*,*,#4380,.F.);
#5929=ORIENTED_EDGE('',*,*,#4205,.T.);
#5930=ORIENTED_EDGE('',*,*,#4226,.F.);
#5931=ORIENTED_EDGE('',*,*,#4372,.F.);
#5932=ORIENTED_EDGE('',*,*,#4381,.F.);
#5933=ORIENTED_EDGE('',*,*,#3936,.T.);
#5934=ORIENTED_EDGE('',*,*,#4214,.T.);
#5935=ORIENTED_EDGE('',*,*,#4382,.T.);
#5936=ORIENTED_EDGE('',*,*,#4383,.T.);
#5937=ORIENTED_EDGE('',*,*,#4341,.F.);
#5938=ORIENTED_EDGE('',*,*,#4379,.F.);
#5939=ORIENTED_EDGE('',*,*,#4384,.F.);
#5940=ORIENTED_EDGE('',*,*,#4385,.F.);
#5941=ORIENTED_EDGE('',*,*,#4386,.F.);
#5942=ORIENTED_EDGE('',*,*,#4384,.T.);
#5943=ORIENTED_EDGE('',*,*,#4378,.F.);
#5944=ORIENTED_EDGE('',*,*,#4387,.F.);
#5945=ORIENTED_EDGE('',*,*,#4388,.F.);
#5946=ORIENTED_EDGE('',*,*,#4383,.F.);
#5947=ORIENTED_EDGE('',*,*,#4388,.T.);
#5948=ORIENTED_EDGE('',*,*,#4389,.T.);
#5949=ORIENTED_EDGE('',*,*,#4390,.T.);
#5950=ORIENTED_EDGE('',*,*,#4391,.T.);
#5951=ORIENTED_EDGE('',*,*,#4385,.T.);
#5952=ORIENTED_EDGE('',*,*,#4386,.T.);
#5953=ORIENTED_EDGE('',*,*,#4392,.T.);
#5954=ORIENTED_EDGE('',*,*,#4342,.T.);
#5955=ORIENTED_EDGE('',*,*,#4387,.T.);
#5956=ORIENTED_EDGE('',*,*,#4377,.T.);
#5957=ORIENTED_EDGE('',*,*,#4393,.T.);
#5958=ORIENTED_EDGE('',*,*,#4389,.F.);
#5959=ORIENTED_EDGE('',*,*,#4329,.F.);
#5960=ORIENTED_EDGE('',*,*,#4194,.F.);
#5961=ORIENTED_EDGE('',*,*,#4394,.T.);
#5962=ORIENTED_EDGE('',*,*,#4312,.F.);
#5963=ORIENTED_EDGE('',*,*,#4316,.F.);
#5964=ORIENTED_EDGE('',*,*,#4395,.F.);
#5965=ORIENTED_EDGE('',*,*,#4193,.F.);
#5966=ORIENTED_EDGE('',*,*,#4337,.F.);
#5967=ORIENTED_EDGE('',*,*,#4313,.F.);
#5968=ORIENTED_EDGE('',*,*,#4394,.F.);
#5969=ORIENTED_EDGE('',*,*,#4396,.F.);
#5970=ORIENTED_EDGE('',*,*,#4375,.F.);
#5971=ORIENTED_EDGE('',*,*,#4334,.F.);
#5972=ORIENTED_EDGE('',*,*,#4397,.F.);
#5973=ORIENTED_EDGE('',*,*,#4396,.T.);
#5974=ORIENTED_EDGE('',*,*,#4398,.F.);
#5975=ORIENTED_EDGE('',*,*,#4399,.F.);
#5976=ORIENTED_EDGE('',*,*,#4390,.F.);
#5977=ORIENTED_EDGE('',*,*,#4393,.F.);
#5978=ORIENTED_EDGE('',*,*,#4376,.F.);
#5979=ORIENTED_EDGE('',*,*,#4397,.T.);
#5980=ORIENTED_EDGE('',*,*,#4333,.F.);
#5981=ORIENTED_EDGE('',*,*,#4400,.T.);
#5982=ORIENTED_EDGE('',*,*,#4398,.T.);
#5983=ORIENTED_EDGE('',*,*,#4374,.F.);
#5984=ORIENTED_EDGE('',*,*,#4401,.F.);
#5985=ORIENTED_EDGE('',*,*,#3930,.T.);
#5986=ORIENTED_EDGE('',*,*,#4276,.F.);
#5987=ORIENTED_EDGE('',*,*,#4195,.T.);
#5988=ORIENTED_EDGE('',*,*,#4373,.F.);
#5989=ORIENTED_EDGE('',*,*,#4189,.T.);
#5990=ORIENTED_EDGE('',*,*,#3931,.T.);
#5991=ORIENTED_EDGE('',*,*,#4401,.T.);
#5992=ORIENTED_EDGE('',*,*,#4402,.T.);
#5993=ORIENTED_EDGE('',*,*,#4399,.T.);
#5994=ORIENTED_EDGE('',*,*,#4403,.F.);
#5995=ORIENTED_EDGE('',*,*,#4404,.T.);
#5996=ORIENTED_EDGE('',*,*,#4405,.F.);
#5997=ORIENTED_EDGE('',*,*,#4404,.F.);
#5998=ORIENTED_EDGE('',*,*,#4406,.F.);
#5999=ORIENTED_EDGE('',*,*,#4407,.T.);
#6000=ORIENTED_EDGE('',*,*,#4408,.F.);
#6001=ORIENTED_EDGE('',*,*,#4407,.F.);
#6002=ORIENTED_EDGE('',*,*,#4409,.F.);
#6003=ORIENTED_EDGE('',*,*,#4410,.T.);
#6004=ORIENTED_EDGE('',*,*,#4411,.F.);
#6005=ORIENTED_EDGE('',*,*,#4410,.F.);
#6006=ORIENTED_EDGE('',*,*,#4412,.F.);
#6007=ORIENTED_EDGE('',*,*,#4413,.T.);
#6008=ORIENTED_EDGE('',*,*,#4414,.F.);
#6009=ORIENTED_EDGE('',*,*,#4413,.F.);
#6010=ORIENTED_EDGE('',*,*,#4415,.F.);
#6011=ORIENTED_EDGE('',*,*,#4416,.T.);
#6012=ORIENTED_EDGE('',*,*,#4417,.F.);
#6013=ORIENTED_EDGE('',*,*,#4416,.F.);
#6014=ORIENTED_EDGE('',*,*,#4418,.F.);
#6015=ORIENTED_EDGE('',*,*,#4419,.T.);
#6016=ORIENTED_EDGE('',*,*,#4420,.F.);
#6017=ORIENTED_EDGE('',*,*,#4419,.F.);
#6018=ORIENTED_EDGE('',*,*,#4421,.F.);
#6019=ORIENTED_EDGE('',*,*,#4422,.T.);
#6020=ORIENTED_EDGE('',*,*,#4423,.F.);
#6021=ORIENTED_EDGE('',*,*,#4422,.F.);
#6022=ORIENTED_EDGE('',*,*,#4424,.F.);
#6023=ORIENTED_EDGE('',*,*,#4425,.T.);
#6024=ORIENTED_EDGE('',*,*,#4426,.F.);
#6025=ORIENTED_EDGE('',*,*,#4425,.F.);
#6026=ORIENTED_EDGE('',*,*,#4427,.F.);
#6027=ORIENTED_EDGE('',*,*,#4428,.F.);
#6028=ORIENTED_EDGE('',*,*,#4251,.F.);
#6029=ORIENTED_EDGE('',*,*,#4429,.T.);
#6030=ORIENTED_EDGE('',*,*,#4428,.T.);
#6031=ORIENTED_EDGE('',*,*,#4430,.F.);
#6032=ORIENTED_EDGE('',*,*,#4252,.F.);
#6033=ORIENTED_EDGE('',*,*,#4427,.T.);
#6034=ORIENTED_EDGE('',*,*,#4431,.F.);
#6035=ORIENTED_EDGE('',*,*,#4253,.F.);
#6036=ORIENTED_EDGE('',*,*,#4430,.T.);
#6037=ORIENTED_EDGE('',*,*,#4261,.T.);
#6038=ORIENTED_EDGE('',*,*,#4432,.T.);
#6039=ORIENTED_EDGE('',*,*,#4433,.F.);
#6040=ORIENTED_EDGE('',*,*,#4434,.F.);
#6041=ORIENTED_EDGE('',*,*,#4046,.F.);
#6042=ORIENTED_EDGE('',*,*,#4434,.T.);
#6043=ORIENTED_EDGE('',*,*,#4435,.F.);
#6044=ORIENTED_EDGE('',*,*,#4436,.F.);
#6045=ORIENTED_EDGE('',*,*,#4437,.F.);
#6046=ORIENTED_EDGE('',*,*,#4095,.F.);
#6047=ORIENTED_EDGE('',*,*,#4096,.F.);
#6048=ORIENTED_EDGE('',*,*,#3757,.T.);
#6049=ORIENTED_EDGE('',*,*,#4436,.T.);
#6050=ORIENTED_EDGE('',*,*,#4438,.F.);
#6051=ORIENTED_EDGE('',*,*,#4439,.F.);
#6052=ORIENTED_EDGE('',*,*,#4440,.F.);
#6053=ORIENTED_EDGE('',*,*,#4439,.T.);
#6054=ORIENTED_EDGE('',*,*,#4441,.F.);
#6055=ORIENTED_EDGE('',*,*,#4442,.F.);
#6056=ORIENTED_EDGE('',*,*,#4089,.F.);
#6057=ORIENTED_EDGE('',*,*,#4087,.F.);
#6058=ORIENTED_EDGE('',*,*,#4086,.F.);
#6059=ORIENTED_EDGE('',*,*,#4234,.T.);
#6060=ORIENTED_EDGE('',*,*,#4442,.T.);
#6061=ORIENTED_EDGE('',*,*,#4443,.F.);
#6062=ORIENTED_EDGE('',*,*,#4444,.F.);
#6063=ORIENTED_EDGE('',*,*,#3949,.T.);
#6064=ORIENTED_EDGE('',*,*,#4444,.T.);
#6065=ORIENTED_EDGE('',*,*,#4445,.F.);
#6066=ORIENTED_EDGE('',*,*,#4446,.F.);
#6067=ORIENTED_EDGE('',*,*,#4447,.T.);
#6068=ORIENTED_EDGE('',*,*,#4446,.T.);
#6069=ORIENTED_EDGE('',*,*,#4448,.F.);
#6070=ORIENTED_EDGE('',*,*,#4449,.F.);
#6071=ORIENTED_EDGE('',*,*,#4450,.F.);
#6072=ORIENTED_EDGE('',*,*,#4449,.T.);
#6073=ORIENTED_EDGE('',*,*,#4451,.F.);
#6074=ORIENTED_EDGE('',*,*,#4432,.F.);
#6075=ORIENTED_EDGE('',*,*,#4093,.T.);
#6076=ORIENTED_EDGE('',*,*,#4437,.T.);
#6077=ORIENTED_EDGE('',*,*,#3774,.T.);
#6078=ORIENTED_EDGE('',*,*,#4084,.T.);
#6079=ORIENTED_EDGE('',*,*,#3786,.T.);
#6080=ORIENTED_EDGE('',*,*,#4440,.T.);
#6081=ORIENTED_EDGE('',*,*,#4450,.T.);
#6082=ORIENTED_EDGE('',*,*,#3880,.T.);
#6083=ORIENTED_EDGE('',*,*,#4400,.F.);
#6084=ORIENTED_EDGE('',*,*,#4452,.T.);
#6085=ORIENTED_EDGE('',*,*,#3869,.F.);
#6086=ORIENTED_EDGE('',*,*,#4453,.T.);
#6087=ORIENTED_EDGE('',*,*,#4392,.F.);
#6088=ORIENTED_EDGE('',*,*,#4382,.F.);
#6089=ORIENTED_EDGE('',*,*,#4391,.F.);
#6090=ORIENTED_EDGE('',*,*,#4402,.F.);
#6091=ORIENTED_EDGE('',*,*,#4454,.F.);
#6092=ORIENTED_EDGE('',*,*,#4455,.F.);
#6093=ORIENTED_EDGE('',*,*,#4083,.T.);
#6094=ORIENTED_EDGE('',*,*,#4053,.F.);
#6095=ORIENTED_EDGE('',*,*,#4094,.T.);
#6096=ORIENTED_EDGE('',*,*,#4456,.F.);
#6097=ORIENTED_EDGE('',*,*,#4368,.F.);
#6098=ORIENTED_EDGE('',*,*,#4354,.F.);
#6099=ORIENTED_EDGE('',*,*,#4366,.F.);
#6100=ORIENTED_EDGE('',*,*,#4352,.F.);
#6101=ORIENTED_EDGE('',*,*,#4012,.T.);
#6102=ORIENTED_EDGE('',*,*,#4030,.T.);
#6103=ORIENTED_EDGE('',*,*,#4457,.F.);
#6104=ORIENTED_EDGE('',*,*,#4458,.T.);
#6105=ORIENTED_EDGE('',*,*,#4332,.T.);
#6106=ORIENTED_EDGE('',*,*,#4459,.F.);
#6107=ORIENTED_EDGE('',*,*,#4460,.F.);
#6108=ORIENTED_EDGE('',*,*,#4461,.T.);
#6109=ORIENTED_EDGE('',*,*,#4462,.F.);
#6110=ORIENTED_EDGE('',*,*,#4452,.F.);
#6111=ORIENTED_EDGE('',*,*,#4458,.F.);
#6112=ORIENTED_EDGE('',*,*,#4463,.F.);
#6113=ORIENTED_EDGE('',*,*,#4464,.T.);
#6114=ORIENTED_EDGE('',*,*,#4465,.T.);
#6115=ORIENTED_EDGE('',*,*,#4461,.F.);
#6116=ORIENTED_EDGE('',*,*,#4466,.F.);
#6117=ORIENTED_EDGE('',*,*,#4467,.T.);
#6118=ORIENTED_EDGE('',*,*,#4453,.F.);
#6119=ORIENTED_EDGE('',*,*,#3951,.T.);
#6120=ORIENTED_EDGE('',*,*,#4464,.F.);
#6121=ORIENTED_EDGE('',*,*,#4468,.F.);
#6122=ORIENTED_EDGE('',*,*,#4469,.T.);
#6123=ORIENTED_EDGE('',*,*,#4343,.T.);
#6124=ORIENTED_EDGE('',*,*,#4467,.F.);
#6125=ORIENTED_EDGE('',*,*,#4470,.F.);
#6126=ORIENTED_EDGE('',*,*,#4471,.T.);
#6127=ORIENTED_EDGE('',*,*,#3788,.T.);
#6128=ORIENTED_EDGE('',*,*,#4455,.T.);
#6129=ORIENTED_EDGE('',*,*,#4469,.F.);
#6130=ORIENTED_EDGE('',*,*,#4472,.F.);
#6131=ORIENTED_EDGE('',*,*,#4473,.T.);
#6132=ORIENTED_EDGE('',*,*,#3762,.T.);
#6133=ORIENTED_EDGE('',*,*,#4471,.F.);
#6134=ORIENTED_EDGE('',*,*,#4474,.F.);
#6135=ORIENTED_EDGE('',*,*,#4459,.T.);
#6136=ORIENTED_EDGE('',*,*,#4456,.T.);
#6137=ORIENTED_EDGE('',*,*,#3772,.T.);
#6138=ORIENTED_EDGE('',*,*,#4473,.F.);
#6139=ORIENTED_EDGE('',*,*,#4475,.F.);
#6140=ORIENTED_EDGE('',*,*,#4476,.T.);
#6141=ORIENTED_EDGE('',*,*,#4474,.T.);
#6142=ORIENTED_EDGE('',*,*,#4477,.F.);
#6143=ORIENTED_EDGE('',*,*,#4478,.F.);
#6144=ORIENTED_EDGE('',*,*,#4479,.T.);
#6145=ORIENTED_EDGE('',*,*,#4457,.T.);
#6146=ORIENTED_EDGE('',*,*,#4476,.F.);
#6147=ORIENTED_EDGE('',*,*,#4480,.F.);
#6148=ORIENTED_EDGE('',*,*,#4481,.T.);
#6149=ORIENTED_EDGE('',*,*,#4460,.T.);
#6150=ORIENTED_EDGE('',*,*,#4479,.F.);
#6151=ORIENTED_EDGE('',*,*,#4482,.F.);
#6152=ORIENTED_EDGE('',*,*,#4483,.T.);
#6153=ORIENTED_EDGE('',*,*,#4463,.T.);
#6154=ORIENTED_EDGE('',*,*,#4481,.F.);
#6155=ORIENTED_EDGE('',*,*,#4484,.F.);
#6156=ORIENTED_EDGE('',*,*,#4485,.T.);
#6157=ORIENTED_EDGE('',*,*,#4466,.T.);
#6158=ORIENTED_EDGE('',*,*,#4483,.F.);
#6159=ORIENTED_EDGE('',*,*,#4486,.F.);
#6160=ORIENTED_EDGE('',*,*,#4487,.T.);
#6161=ORIENTED_EDGE('',*,*,#4468,.T.);
#6162=ORIENTED_EDGE('',*,*,#4485,.F.);
#6163=ORIENTED_EDGE('',*,*,#4488,.F.);
#6164=ORIENTED_EDGE('',*,*,#4489,.T.);
#6165=ORIENTED_EDGE('',*,*,#4470,.T.);
#6166=ORIENTED_EDGE('',*,*,#4487,.F.);
#6167=ORIENTED_EDGE('',*,*,#4490,.F.);
#6168=ORIENTED_EDGE('',*,*,#4477,.T.);
#6169=ORIENTED_EDGE('',*,*,#4472,.T.);
#6170=ORIENTED_EDGE('',*,*,#4489,.F.);
#6171=ORIENTED_EDGE('',*,*,#4114,.T.);
#6172=ORIENTED_EDGE('',*,*,#4127,.T.);
#6173=ORIENTED_EDGE('',*,*,#4491,.F.);
#6174=ORIENTED_EDGE('',*,*,#4243,.F.);
#6175=ORIENTED_EDGE('',*,*,#4141,.F.);
#6176=ORIENTED_EDGE('',*,*,#4124,.T.);
#6177=ORIENTED_EDGE('',*,*,#4123,.T.);
#6178=ORIENTED_EDGE('',*,*,#4120,.T.);
#6179=ORIENTED_EDGE('',*,*,#4098,.T.);
#6180=ORIENTED_EDGE('',*,*,#4112,.T.);
#6181=ORIENTED_EDGE('',*,*,#4140,.F.);
#6182=ORIENTED_EDGE('',*,*,#4272,.F.);
#6183=ORIENTED_EDGE('',*,*,#4492,.F.);
#6184=ORIENTED_EDGE('',*,*,#4108,.T.);
#6185=ORIENTED_EDGE('',*,*,#4107,.T.);
#6186=ORIENTED_EDGE('',*,*,#4104,.T.);
#6187=ORIENTED_EDGE('',*,*,#4493,.F.);
#6188=ORIENTED_EDGE('',*,*,#4494,.T.);
#6189=ORIENTED_EDGE('',*,*,#4448,.T.);
#6190=ORIENTED_EDGE('',*,*,#4495,.F.);
#6191=ORIENTED_EDGE('',*,*,#4496,.F.);
#6192=ORIENTED_EDGE('',*,*,#4497,.T.);
#6193=ORIENTED_EDGE('',*,*,#4451,.T.);
#6194=ORIENTED_EDGE('',*,*,#4494,.F.);
#6195=ORIENTED_EDGE('',*,*,#4498,.F.);
#6196=ORIENTED_EDGE('',*,*,#4499,.T.);
#6197=ORIENTED_EDGE('',*,*,#4433,.T.);
#6198=ORIENTED_EDGE('',*,*,#4497,.F.);
#6199=ORIENTED_EDGE('',*,*,#4500,.F.);
#6200=ORIENTED_EDGE('',*,*,#4501,.T.);
#6201=ORIENTED_EDGE('',*,*,#4435,.T.);
#6202=ORIENTED_EDGE('',*,*,#4499,.F.);
#6203=ORIENTED_EDGE('',*,*,#4502,.F.);
#6204=ORIENTED_EDGE('',*,*,#4503,.T.);
#6205=ORIENTED_EDGE('',*,*,#4438,.T.);
#6206=ORIENTED_EDGE('',*,*,#4501,.F.);
#6207=ORIENTED_EDGE('',*,*,#4504,.F.);
#6208=ORIENTED_EDGE('',*,*,#4505,.T.);
#6209=ORIENTED_EDGE('',*,*,#4441,.T.);
#6210=ORIENTED_EDGE('',*,*,#4503,.F.);
#6211=ORIENTED_EDGE('',*,*,#4506,.F.);
#6212=ORIENTED_EDGE('',*,*,#4507,.T.);
#6213=ORIENTED_EDGE('',*,*,#4443,.T.);
#6214=ORIENTED_EDGE('',*,*,#4505,.F.);
#6215=ORIENTED_EDGE('',*,*,#4508,.F.);
#6216=ORIENTED_EDGE('',*,*,#4495,.T.);
#6217=ORIENTED_EDGE('',*,*,#4445,.T.);
#6218=ORIENTED_EDGE('',*,*,#4507,.F.);
#6219=ORIENTED_EDGE('',*,*,#4509,.F.);
#6220=ORIENTED_EDGE('',*,*,#4510,.T.);
#6221=ORIENTED_EDGE('',*,*,#4511,.F.);
#6222=ORIENTED_EDGE('',*,*,#4512,.F.);
#6223=ORIENTED_EDGE('',*,*,#4513,.F.);
#6224=ORIENTED_EDGE('',*,*,#4514,.F.);
#6225=ORIENTED_EDGE('',*,*,#4515,.F.);
#6226=ORIENTED_EDGE('',*,*,#4516,.T.);
#6227=ORIENTED_EDGE('',*,*,#4517,.F.);
#6228=ORIENTED_EDGE('',*,*,#4518,.T.);
#6229=ORIENTED_EDGE('',*,*,#4519,.F.);
#6230=ORIENTED_EDGE('',*,*,#4520,.F.);
#6231=ORIENTED_EDGE('',*,*,#4521,.F.);
#6232=ORIENTED_EDGE('',*,*,#4522,.F.);
#6233=ORIENTED_EDGE('',*,*,#4523,.F.);
#6234=ORIENTED_EDGE('',*,*,#4524,.T.);
#6235=ORIENTED_EDGE('',*,*,#4525,.F.);
#6236=ORIENTED_EDGE('',*,*,#4526,.T.);
#6237=ORIENTED_EDGE('',*,*,#4527,.F.);
#6238=ORIENTED_EDGE('',*,*,#4528,.F.);
#6239=ORIENTED_EDGE('',*,*,#4529,.F.);
#6240=ORIENTED_EDGE('',*,*,#4530,.F.);
#6241=ORIENTED_EDGE('',*,*,#4531,.F.);
#6242=ORIENTED_EDGE('',*,*,#4532,.T.);
#6243=ORIENTED_EDGE('',*,*,#4533,.F.);
#6244=ORIENTED_EDGE('',*,*,#4534,.T.);
#6245=ORIENTED_EDGE('',*,*,#4535,.F.);
#6246=ORIENTED_EDGE('',*,*,#4536,.F.);
#6247=ORIENTED_EDGE('',*,*,#4537,.F.);
#6248=ORIENTED_EDGE('',*,*,#4538,.F.);
#6249=ORIENTED_EDGE('',*,*,#4539,.F.);
#6250=ORIENTED_EDGE('',*,*,#4540,.T.);
#6251=ORIENTED_EDGE('',*,*,#4509,.T.);
#6252=ORIENTED_EDGE('',*,*,#4541,.F.);
#6253=ORIENTED_EDGE('',*,*,#4542,.F.);
#6254=ORIENTED_EDGE('',*,*,#4543,.F.);
#6255=ORIENTED_EDGE('',*,*,#4423,.T.);
#6256=ORIENTED_EDGE('',*,*,#4511,.T.);
#6257=ORIENTED_EDGE('',*,*,#4544,.F.);
#6258=ORIENTED_EDGE('',*,*,#4545,.T.);
#6259=ORIENTED_EDGE('',*,*,#4546,.F.);
#6260=ORIENTED_EDGE('',*,*,#4421,.T.);
#6261=ORIENTED_EDGE('',*,*,#4517,.T.);
#6262=ORIENTED_EDGE('',*,*,#4547,.F.);
#6263=ORIENTED_EDGE('',*,*,#4548,.F.);
#6264=ORIENTED_EDGE('',*,*,#4549,.F.);
#6265=ORIENTED_EDGE('',*,*,#4420,.T.);
#6266=ORIENTED_EDGE('',*,*,#4519,.T.);
#6267=ORIENTED_EDGE('',*,*,#4550,.F.);
#6268=ORIENTED_EDGE('',*,*,#4551,.T.);
#6269=ORIENTED_EDGE('',*,*,#4552,.F.);
#6270=ORIENTED_EDGE('',*,*,#4418,.T.);
#6271=ORIENTED_EDGE('',*,*,#4525,.T.);
#6272=ORIENTED_EDGE('',*,*,#4553,.F.);
#6273=ORIENTED_EDGE('',*,*,#4554,.F.);
#6274=ORIENTED_EDGE('',*,*,#4555,.F.);
#6275=ORIENTED_EDGE('',*,*,#4426,.T.);
#6276=ORIENTED_EDGE('',*,*,#4527,.T.);
#6277=ORIENTED_EDGE('',*,*,#4556,.F.);
#6278=ORIENTED_EDGE('',*,*,#4557,.T.);
#6279=ORIENTED_EDGE('',*,*,#4558,.F.);
#6280=ORIENTED_EDGE('',*,*,#4424,.T.);
#6281=ORIENTED_EDGE('',*,*,#4559,.T.);
#6282=ORIENTED_EDGE('',*,*,#4560,.T.);
#6283=ORIENTED_EDGE('',*,*,#4561,.T.);
#6284=ORIENTED_EDGE('',*,*,#4562,.T.);
#6285=ORIENTED_EDGE('',*,*,#4563,.T.);
#6286=ORIENTED_EDGE('',*,*,#4564,.T.);
#6287=ORIENTED_EDGE('',*,*,#4565,.T.);
#6288=ORIENTED_EDGE('',*,*,#4566,.T.);
#6289=ORIENTED_EDGE('',*,*,#4493,.T.);
#6290=ORIENTED_EDGE('',*,*,#4508,.T.);
#6291=ORIENTED_EDGE('',*,*,#4506,.T.);
#6292=ORIENTED_EDGE('',*,*,#4504,.T.);
#6293=ORIENTED_EDGE('',*,*,#4502,.T.);
#6294=ORIENTED_EDGE('',*,*,#4500,.T.);
#6295=ORIENTED_EDGE('',*,*,#4498,.T.);
#6296=ORIENTED_EDGE('',*,*,#4496,.T.);
#6297=ORIENTED_EDGE('',*,*,#4543,.T.);
#6298=ORIENTED_EDGE('',*,*,#4567,.T.);
#6299=ORIENTED_EDGE('',*,*,#4568,.T.);
#6300=ORIENTED_EDGE('',*,*,#4532,.F.);
#6301=ORIENTED_EDGE('',*,*,#4569,.T.);
#6302=ORIENTED_EDGE('',*,*,#4570,.T.);
#6303=ORIENTED_EDGE('',*,*,#4544,.T.);
#6304=ORIENTED_EDGE('',*,*,#4510,.F.);
#6305=ORIENTED_EDGE('',*,*,#4516,.F.);
#6306=ORIENTED_EDGE('',*,*,#4571,.T.);
#6307=ORIENTED_EDGE('',*,*,#4572,.T.);
#6308=ORIENTED_EDGE('',*,*,#4550,.T.);
#6309=ORIENTED_EDGE('',*,*,#4518,.F.);
#6310=ORIENTED_EDGE('',*,*,#4549,.T.);
#6311=ORIENTED_EDGE('',*,*,#4573,.T.);
#6312=ORIENTED_EDGE('',*,*,#4574,.T.);
#6313=ORIENTED_EDGE('',*,*,#4555,.T.);
#6314=ORIENTED_EDGE('',*,*,#4575,.T.);
#6315=ORIENTED_EDGE('',*,*,#4576,.T.);
#6316=ORIENTED_EDGE('',*,*,#4540,.F.);
#6317=ORIENTED_EDGE('',*,*,#4577,.T.);
#6318=ORIENTED_EDGE('',*,*,#4578,.T.);
#6319=ORIENTED_EDGE('',*,*,#4556,.T.);
#6320=ORIENTED_EDGE('',*,*,#4526,.F.);
#6321=ORIENTED_EDGE('',*,*,#4524,.F.);
#6322=ORIENTED_EDGE('',*,*,#4579,.T.);
#6323=ORIENTED_EDGE('',*,*,#4580,.T.);
#6324=ORIENTED_EDGE('',*,*,#4581,.T.);
#6325=ORIENTED_EDGE('',*,*,#4534,.F.);
#6326=ORIENTED_EDGE('',*,*,#4582,.T.);
#6327=ORIENTED_EDGE('',*,*,#4583,.T.);
#6328=ORIENTED_EDGE('',*,*,#4584,.T.);
#6329=ORIENTED_EDGE('',*,*,#4533,.T.);
#6330=ORIENTED_EDGE('',*,*,#4585,.F.);
#6331=ORIENTED_EDGE('',*,*,#4586,.F.);
#6332=ORIENTED_EDGE('',*,*,#4582,.F.);
#6333=ORIENTED_EDGE('',*,*,#4417,.T.);
#6334=ORIENTED_EDGE('',*,*,#4528,.T.);
#6335=ORIENTED_EDGE('',*,*,#4558,.T.);
#6336=ORIENTED_EDGE('',*,*,#4587,.T.);
#6337=ORIENTED_EDGE('',*,*,#4588,.T.);
#6338=ORIENTED_EDGE('',*,*,#4538,.T.);
#6339=ORIENTED_EDGE('',*,*,#4589,.T.);
#6340=ORIENTED_EDGE('',*,*,#4590,.T.);
#6341=ORIENTED_EDGE('',*,*,#4553,.T.);
#6342=ORIENTED_EDGE('',*,*,#4512,.T.);
#6343=ORIENTED_EDGE('',*,*,#4546,.T.);
#6344=ORIENTED_EDGE('',*,*,#4591,.T.);
#6345=ORIENTED_EDGE('',*,*,#4592,.T.);
#6346=ORIENTED_EDGE('',*,*,#4530,.T.);
#6347=ORIENTED_EDGE('',*,*,#4593,.T.);
#6348=ORIENTED_EDGE('',*,*,#4594,.T.);
#6349=ORIENTED_EDGE('',*,*,#4541,.T.);
#6350=ORIENTED_EDGE('',*,*,#4522,.T.);
#6351=ORIENTED_EDGE('',*,*,#4595,.T.);
#6352=ORIENTED_EDGE('',*,*,#4596,.T.);
#6353=ORIENTED_EDGE('',*,*,#4585,.T.);
#6354=ORIENTED_EDGE('',*,*,#4536,.T.);
#6355=ORIENTED_EDGE('',*,*,#4597,.T.);
#6356=ORIENTED_EDGE('',*,*,#4598,.T.);
#6357=ORIENTED_EDGE('',*,*,#4599,.T.);
#6358=ORIENTED_EDGE('',*,*,#4535,.T.);
#6359=ORIENTED_EDGE('',*,*,#4581,.F.);
#6360=ORIENTED_EDGE('',*,*,#4600,.T.);
#6361=ORIENTED_EDGE('',*,*,#4597,.F.);
#6362=ORIENTED_EDGE('',*,*,#4415,.T.);
#6363=ORIENTED_EDGE('',*,*,#4513,.T.);
#6364=ORIENTED_EDGE('',*,*,#4574,.F.);
#6365=ORIENTED_EDGE('',*,*,#4601,.T.);
#6366=ORIENTED_EDGE('',*,*,#4602,.F.);
#6367=ORIENTED_EDGE('',*,*,#4567,.F.);
#6368=ORIENTED_EDGE('',*,*,#4542,.T.);
#6369=ORIENTED_EDGE('',*,*,#4594,.F.);
#6370=ORIENTED_EDGE('',*,*,#4603,.F.);
#6371=ORIENTED_EDGE('',*,*,#4529,.T.);
#6372=ORIENTED_EDGE('',*,*,#4568,.F.);
#6373=ORIENTED_EDGE('',*,*,#4603,.T.);
#6374=ORIENTED_EDGE('',*,*,#4593,.F.);
#6375=ORIENTED_EDGE('',*,*,#4575,.F.);
#6376=ORIENTED_EDGE('',*,*,#4554,.T.);
#6377=ORIENTED_EDGE('',*,*,#4590,.F.);
#6378=ORIENTED_EDGE('',*,*,#4604,.F.);
#6379=ORIENTED_EDGE('',*,*,#4537,.T.);
#6380=ORIENTED_EDGE('',*,*,#4576,.F.);
#6381=ORIENTED_EDGE('',*,*,#4604,.T.);
#6382=ORIENTED_EDGE('',*,*,#4589,.F.);
#6383=ORIENTED_EDGE('',*,*,#4583,.F.);
#6384=ORIENTED_EDGE('',*,*,#4586,.T.);
#6385=ORIENTED_EDGE('',*,*,#4596,.F.);
#6386=ORIENTED_EDGE('',*,*,#4605,.F.);
#6387=ORIENTED_EDGE('',*,*,#4521,.T.);
#6388=ORIENTED_EDGE('',*,*,#4584,.F.);
#6389=ORIENTED_EDGE('',*,*,#4605,.T.);
#6390=ORIENTED_EDGE('',*,*,#4595,.F.);
#6391=ORIENTED_EDGE('',*,*,#4573,.F.);
#6392=ORIENTED_EDGE('',*,*,#4548,.T.);
#6393=ORIENTED_EDGE('',*,*,#4606,.F.);
#6394=ORIENTED_EDGE('',*,*,#4601,.F.);
#6395=ORIENTED_EDGE('',*,*,#4515,.T.);
#6396=ORIENTED_EDGE('',*,*,#4607,.F.);
#6397=ORIENTED_EDGE('',*,*,#4608,.F.);
#6398=ORIENTED_EDGE('',*,*,#4571,.F.);
#6399=ORIENTED_EDGE('',*,*,#4572,.F.);
#6400=ORIENTED_EDGE('',*,*,#4608,.T.);
#6401=ORIENTED_EDGE('',*,*,#4609,.F.);
#6402=ORIENTED_EDGE('',*,*,#4551,.F.);
#6403=ORIENTED_EDGE('',*,*,#4523,.T.);
#6404=ORIENTED_EDGE('',*,*,#4599,.F.);
#6405=ORIENTED_EDGE('',*,*,#4610,.F.);
#6406=ORIENTED_EDGE('',*,*,#4579,.F.);
#6407=ORIENTED_EDGE('',*,*,#4580,.F.);
#6408=ORIENTED_EDGE('',*,*,#4610,.T.);
#6409=ORIENTED_EDGE('',*,*,#4598,.F.);
#6410=ORIENTED_EDGE('',*,*,#4600,.F.);
#6411=ORIENTED_EDGE('',*,*,#4539,.T.);
#6412=ORIENTED_EDGE('',*,*,#4588,.F.);
#6413=ORIENTED_EDGE('',*,*,#4611,.F.);
#6414=ORIENTED_EDGE('',*,*,#4577,.F.);
#6415=ORIENTED_EDGE('',*,*,#4578,.F.);
#6416=ORIENTED_EDGE('',*,*,#4611,.T.);
#6417=ORIENTED_EDGE('',*,*,#4587,.F.);
#6418=ORIENTED_EDGE('',*,*,#4557,.F.);
#6419=ORIENTED_EDGE('',*,*,#4531,.T.);
#6420=ORIENTED_EDGE('',*,*,#4592,.F.);
#6421=ORIENTED_EDGE('',*,*,#4612,.F.);
#6422=ORIENTED_EDGE('',*,*,#4569,.F.);
#6423=ORIENTED_EDGE('',*,*,#4570,.F.);
#6424=ORIENTED_EDGE('',*,*,#4612,.T.);
#6425=ORIENTED_EDGE('',*,*,#4591,.F.);
#6426=ORIENTED_EDGE('',*,*,#4545,.F.);
#6427=ORIENTED_EDGE('',*,*,#4514,.T.);
#6428=ORIENTED_EDGE('',*,*,#4602,.T.);
#6429=ORIENTED_EDGE('',*,*,#4606,.T.);
#6430=ORIENTED_EDGE('',*,*,#4547,.T.);
#6431=ORIENTED_EDGE('',*,*,#4520,.T.);
#6432=ORIENTED_EDGE('',*,*,#4552,.T.);
#6433=ORIENTED_EDGE('',*,*,#4609,.T.);
#6434=ORIENTED_EDGE('',*,*,#4607,.T.);
#6435=ORIENTED_EDGE('',*,*,#4462,.T.);
#6436=ORIENTED_EDGE('',*,*,#3878,.T.);
#6437=ORIENTED_EDGE('',*,*,#3870,.F.);
#6438=ORIENTED_EDGE('',*,*,#4278,.T.);
#6439=ORIENTED_EDGE('',*,*,#4613,.T.);
#6440=ORIENTED_EDGE('',*,*,#4614,.F.);
#6441=ORIENTED_EDGE('',*,*,#4615,.F.);
#6442=ORIENTED_EDGE('',*,*,#3719,.T.);
#6443=ORIENTED_EDGE('',*,*,#4615,.T.);
#6444=ORIENTED_EDGE('',*,*,#4616,.F.);
#6445=ORIENTED_EDGE('',*,*,#4617,.F.);
#6446=ORIENTED_EDGE('',*,*,#3726,.T.);
#6447=ORIENTED_EDGE('',*,*,#4617,.T.);
#6448=ORIENTED_EDGE('',*,*,#4618,.F.);
#6449=ORIENTED_EDGE('',*,*,#4619,.F.);
#6450=ORIENTED_EDGE('',*,*,#3782,.T.);
#6451=ORIENTED_EDGE('',*,*,#4619,.T.);
#6452=ORIENTED_EDGE('',*,*,#4620,.F.);
#6453=ORIENTED_EDGE('',*,*,#4621,.F.);
#6454=ORIENTED_EDGE('',*,*,#4224,.T.);
#6455=ORIENTED_EDGE('',*,*,#4621,.T.);
#6456=ORIENTED_EDGE('',*,*,#4622,.F.);
#6457=ORIENTED_EDGE('',*,*,#4623,.F.);
#6458=ORIENTED_EDGE('',*,*,#4624,.T.);
#6459=ORIENTED_EDGE('',*,*,#4623,.T.);
#6460=ORIENTED_EDGE('',*,*,#4625,.F.);
#6461=ORIENTED_EDGE('',*,*,#4626,.F.);
#6462=ORIENTED_EDGE('',*,*,#3991,.T.);
#6463=ORIENTED_EDGE('',*,*,#4626,.T.);
#6464=ORIENTED_EDGE('',*,*,#4627,.F.);
#6465=ORIENTED_EDGE('',*,*,#4628,.F.);
#6466=ORIENTED_EDGE('',*,*,#4629,.T.);
#6467=ORIENTED_EDGE('',*,*,#4628,.T.);
#6468=ORIENTED_EDGE('',*,*,#4630,.F.);
#6469=ORIENTED_EDGE('',*,*,#4613,.F.);
#6470=ORIENTED_EDGE('',*,*,#4631,.T.);
#6471=ORIENTED_EDGE('',*,*,#4632,.F.);
#6472=ORIENTED_EDGE('',*,*,#4633,.F.);
#6473=ORIENTED_EDGE('',*,*,#4634,.F.);
#6474=ORIENTED_EDGE('',*,*,#4635,.T.);
#6475=ORIENTED_EDGE('',*,*,#4636,.F.);
#6476=ORIENTED_EDGE('',*,*,#4637,.F.);
#6477=ORIENTED_EDGE('',*,*,#4638,.F.);
#6478=ORIENTED_EDGE('',*,*,#4639,.T.);
#6479=ORIENTED_EDGE('',*,*,#4640,.T.);
#6480=ORIENTED_EDGE('',*,*,#4641,.F.);
#6481=ORIENTED_EDGE('',*,*,#4642,.F.);
#6482=ORIENTED_EDGE('',*,*,#4643,.T.);
#6483=ORIENTED_EDGE('',*,*,#4638,.T.);
#6484=ORIENTED_EDGE('',*,*,#4644,.F.);
#6485=ORIENTED_EDGE('',*,*,#4632,.T.);
#6486=ORIENTED_EDGE('',*,*,#4405,.T.);
#6487=ORIENTED_EDGE('',*,*,#4645,.T.);
#6488=ORIENTED_EDGE('',*,*,#4646,.F.);
#6489=ORIENTED_EDGE('',*,*,#4647,.F.);
#6490=ORIENTED_EDGE('',*,*,#4640,.F.);
#6491=ORIENTED_EDGE('',*,*,#4648,.T.);
#6492=ORIENTED_EDGE('',*,*,#4649,.T.);
#6493=ORIENTED_EDGE('',*,*,#4650,.F.);
#6494=ORIENTED_EDGE('',*,*,#4646,.T.);
#6495=ORIENTED_EDGE('',*,*,#4651,.T.);
#6496=ORIENTED_EDGE('',*,*,#4652,.T.);
#6497=ORIENTED_EDGE('',*,*,#4653,.F.);
#6498=ORIENTED_EDGE('',*,*,#4649,.F.);
#6499=ORIENTED_EDGE('',*,*,#4654,.T.);
#6500=ORIENTED_EDGE('',*,*,#4655,.F.);
#6501=ORIENTED_EDGE('',*,*,#4656,.F.);
#6502=ORIENTED_EDGE('',*,*,#4657,.F.);
#6503=ORIENTED_EDGE('',*,*,#4658,.T.);
#6504=ORIENTED_EDGE('',*,*,#4659,.T.);
#6505=ORIENTED_EDGE('',*,*,#4660,.F.);
#6506=ORIENTED_EDGE('',*,*,#4661,.F.);
#6507=ORIENTED_EDGE('',*,*,#4662,.T.);
#6508=ORIENTED_EDGE('',*,*,#4663,.T.);
#6509=ORIENTED_EDGE('',*,*,#4664,.F.);
#6510=ORIENTED_EDGE('',*,*,#4665,.T.);
#6511=ORIENTED_EDGE('',*,*,#4666,.T.);
#6512=ORIENTED_EDGE('',*,*,#4667,.T.);
#6513=ORIENTED_EDGE('',*,*,#4668,.F.);
#6514=ORIENTED_EDGE('',*,*,#4652,.F.);
#6515=ORIENTED_EDGE('',*,*,#4406,.T.);
#6516=ORIENTED_EDGE('',*,*,#4669,.T.);
#6517=ORIENTED_EDGE('',*,*,#4670,.T.);
#6518=ORIENTED_EDGE('',*,*,#4671,.F.);
#6519=ORIENTED_EDGE('',*,*,#4659,.F.);
#6520=ORIENTED_EDGE('',*,*,#4672,.T.);
#6521=ORIENTED_EDGE('',*,*,#4673,.T.);
#6522=ORIENTED_EDGE('',*,*,#4674,.F.);
#6523=ORIENTED_EDGE('',*,*,#4675,.F.);
#6524=ORIENTED_EDGE('',*,*,#4676,.T.);
#6525=ORIENTED_EDGE('',*,*,#4675,.T.);
#6526=ORIENTED_EDGE('',*,*,#4677,.F.);
#6527=ORIENTED_EDGE('',*,*,#4678,.T.);
#6528=ORIENTED_EDGE('',*,*,#4679,.T.);
#6529=ORIENTED_EDGE('',*,*,#4680,.T.);
#6530=ORIENTED_EDGE('',*,*,#4681,.F.);
#6531=ORIENTED_EDGE('',*,*,#4673,.F.);
#6532=ORIENTED_EDGE('',*,*,#4412,.T.);
#6533=ORIENTED_EDGE('',*,*,#4682,.T.);
#6534=ORIENTED_EDGE('',*,*,#4683,.F.);
#6535=ORIENTED_EDGE('',*,*,#4684,.F.);
#6536=ORIENTED_EDGE('',*,*,#4680,.F.);
#6537=ORIENTED_EDGE('',*,*,#4685,.T.);
#6538=ORIENTED_EDGE('',*,*,#4686,.T.);
#6539=ORIENTED_EDGE('',*,*,#4687,.F.);
#6540=ORIENTED_EDGE('',*,*,#4688,.F.);
#6541=ORIENTED_EDGE('',*,*,#4689,.T.);
#6542=ORIENTED_EDGE('',*,*,#4661,.T.);
#6543=ORIENTED_EDGE('',*,*,#4690,.F.);
#6544=ORIENTED_EDGE('',*,*,#4655,.T.);
#6545=ORIENTED_EDGE('',*,*,#4411,.T.);
#6546=ORIENTED_EDGE('',*,*,#4691,.T.);
#6547=ORIENTED_EDGE('',*,*,#4692,.T.);
#6548=ORIENTED_EDGE('',*,*,#4693,.F.);
#6549=ORIENTED_EDGE('',*,*,#4683,.T.);
#6550=ORIENTED_EDGE('',*,*,#4414,.T.);
#6551=ORIENTED_EDGE('',*,*,#4694,.T.);
#6552=ORIENTED_EDGE('',*,*,#4695,.T.);
#6553=ORIENTED_EDGE('',*,*,#4696,.F.);
#6554=ORIENTED_EDGE('',*,*,#4636,.T.);
#6555=ORIENTED_EDGE('',*,*,#4697,.T.);
#6556=ORIENTED_EDGE('',*,*,#4698,.F.);
#6557=ORIENTED_EDGE('',*,*,#4699,.F.);
#6558=ORIENTED_EDGE('',*,*,#4695,.F.);
#6559=ORIENTED_EDGE('',*,*,#4700,.T.);
#6560=ORIENTED_EDGE('',*,*,#4678,.F.);
#6561=ORIENTED_EDGE('',*,*,#4701,.F.);
#6562=ORIENTED_EDGE('',*,*,#4686,.F.);
#6563=ORIENTED_EDGE('',*,*,#4702,.T.);
#6564=ORIENTED_EDGE('',*,*,#4703,.F.);
#6565=ORIENTED_EDGE('',*,*,#4704,.F.);
#6566=ORIENTED_EDGE('',*,*,#4667,.F.);
#6567=ORIENTED_EDGE('',*,*,#4705,.T.);
#6568=ORIENTED_EDGE('',*,*,#4665,.F.);
#6569=ORIENTED_EDGE('',*,*,#4706,.F.);
#6570=ORIENTED_EDGE('',*,*,#4670,.F.);
#6571=ORIENTED_EDGE('',*,*,#4707,.T.);
#6572=ORIENTED_EDGE('',*,*,#4708,.F.);
#6573=ORIENTED_EDGE('',*,*,#4709,.F.);
#6574=ORIENTED_EDGE('',*,*,#4698,.T.);
#6575=ORIENTED_EDGE('',*,*,#4710,.T.);
#6576=ORIENTED_EDGE('',*,*,#4657,.T.);
#6577=ORIENTED_EDGE('',*,*,#4711,.F.);
#6578=ORIENTED_EDGE('',*,*,#4712,.F.);
#6579=ORIENTED_EDGE('',*,*,#4409,.T.);
#6580=ORIENTED_EDGE('',*,*,#4656,.T.);
#6581=ORIENTED_EDGE('',*,*,#4690,.T.);
#6582=ORIENTED_EDGE('',*,*,#4660,.T.);
#6583=ORIENTED_EDGE('',*,*,#4671,.T.);
#6584=ORIENTED_EDGE('',*,*,#4706,.T.);
#6585=ORIENTED_EDGE('',*,*,#4664,.T.);
#6586=ORIENTED_EDGE('',*,*,#4713,.T.);
#6587=ORIENTED_EDGE('',*,*,#4711,.T.);
#6588=ORIENTED_EDGE('',*,*,#4684,.T.);
#6589=ORIENTED_EDGE('',*,*,#4693,.T.);
#6590=ORIENTED_EDGE('',*,*,#4714,.T.);
#6591=ORIENTED_EDGE('',*,*,#4687,.T.);
#6592=ORIENTED_EDGE('',*,*,#4701,.T.);
#6593=ORIENTED_EDGE('',*,*,#4677,.T.);
#6594=ORIENTED_EDGE('',*,*,#4674,.T.);
#6595=ORIENTED_EDGE('',*,*,#4681,.T.);
#6596=ORIENTED_EDGE('',*,*,#4647,.T.);
#6597=ORIENTED_EDGE('',*,*,#4650,.T.);
#6598=ORIENTED_EDGE('',*,*,#4653,.T.);
#6599=ORIENTED_EDGE('',*,*,#4668,.T.);
#6600=ORIENTED_EDGE('',*,*,#4704,.T.);
#6601=ORIENTED_EDGE('',*,*,#4715,.T.);
#6602=ORIENTED_EDGE('',*,*,#4716,.T.);
#6603=ORIENTED_EDGE('',*,*,#4641,.T.);
#6604=ORIENTED_EDGE('',*,*,#4633,.T.);
#6605=ORIENTED_EDGE('',*,*,#4644,.T.);
#6606=ORIENTED_EDGE('',*,*,#4637,.T.);
#6607=ORIENTED_EDGE('',*,*,#4696,.T.);
#6608=ORIENTED_EDGE('',*,*,#4699,.T.);
#6609=ORIENTED_EDGE('',*,*,#4709,.T.);
#6610=ORIENTED_EDGE('',*,*,#4717,.T.);
#6611=ORIENTED_EDGE('',*,*,#4718,.T.);
#6612=ORIENTED_EDGE('',*,*,#4719,.T.);
#6613=ORIENTED_EDGE('',*,*,#4688,.T.);
#6614=ORIENTED_EDGE('',*,*,#4714,.F.);
#6615=ORIENTED_EDGE('',*,*,#4692,.F.);
#6616=ORIENTED_EDGE('',*,*,#4720,.T.);
#6617=ORIENTED_EDGE('',*,*,#4721,.T.);
#6618=ORIENTED_EDGE('',*,*,#4715,.F.);
#6619=ORIENTED_EDGE('',*,*,#4703,.T.);
#6620=ORIENTED_EDGE('',*,*,#4408,.T.);
#6621=ORIENTED_EDGE('',*,*,#4722,.T.);
#6622=ORIENTED_EDGE('',*,*,#4642,.T.);
#6623=ORIENTED_EDGE('',*,*,#4716,.F.);
#6624=ORIENTED_EDGE('',*,*,#4721,.F.);
#6625=ORIENTED_EDGE('',*,*,#4723,.T.);
#6626=ORIENTED_EDGE('',*,*,#4634,.T.);
#6627=ORIENTED_EDGE('',*,*,#4718,.F.);
#6628=ORIENTED_EDGE('',*,*,#4724,.F.);
#6629=ORIENTED_EDGE('',*,*,#4403,.T.);
#6630=ORIENTED_EDGE('',*,*,#4725,.T.);
#6631=ORIENTED_EDGE('',*,*,#4712,.T.);
#6632=ORIENTED_EDGE('',*,*,#4713,.F.);
#6633=ORIENTED_EDGE('',*,*,#4663,.F.);
#6634=ORIENTED_EDGE('',*,*,#4726,.T.);
#6635=ORIENTED_EDGE('',*,*,#4724,.T.);
#6636=ORIENTED_EDGE('',*,*,#4717,.F.);
#6637=ORIENTED_EDGE('',*,*,#4708,.T.);
#6638=ORIENTED_EDGE('',*,*,#4273,.T.);
#6639=ORIENTED_EDGE('',*,*,#4727,.T.);
#6640=ORIENTED_EDGE('',*,*,#4559,.F.);
#6641=ORIENTED_EDGE('',*,*,#4728,.F.);
#6642=ORIENTED_EDGE('',*,*,#3715,.T.);
#6643=ORIENTED_EDGE('',*,*,#4729,.T.);
#6644=ORIENTED_EDGE('',*,*,#4560,.F.);
#6645=ORIENTED_EDGE('',*,*,#4727,.F.);
#6646=ORIENTED_EDGE('',*,*,#3818,.T.);
#6647=ORIENTED_EDGE('',*,*,#4730,.T.);
#6648=ORIENTED_EDGE('',*,*,#4561,.F.);
#6649=ORIENTED_EDGE('',*,*,#4729,.F.);
#6650=ORIENTED_EDGE('',*,*,#3778,.T.);
#6651=ORIENTED_EDGE('',*,*,#4731,.T.);
#6652=ORIENTED_EDGE('',*,*,#4562,.F.);
#6653=ORIENTED_EDGE('',*,*,#4730,.F.);
#6654=ORIENTED_EDGE('',*,*,#4229,.T.);
#6655=ORIENTED_EDGE('',*,*,#4732,.T.);
#6656=ORIENTED_EDGE('',*,*,#4563,.F.);
#6657=ORIENTED_EDGE('',*,*,#4731,.F.);
#6658=ORIENTED_EDGE('',*,*,#4733,.T.);
#6659=ORIENTED_EDGE('',*,*,#4734,.T.);
#6660=ORIENTED_EDGE('',*,*,#4564,.F.);
#6661=ORIENTED_EDGE('',*,*,#4732,.F.);
#6662=ORIENTED_EDGE('',*,*,#3993,.T.);
#6663=ORIENTED_EDGE('',*,*,#4735,.T.);
#6664=ORIENTED_EDGE('',*,*,#4565,.F.);
#6665=ORIENTED_EDGE('',*,*,#4734,.F.);
#6666=ORIENTED_EDGE('',*,*,#4736,.T.);
#6667=ORIENTED_EDGE('',*,*,#4728,.T.);
#6668=ORIENTED_EDGE('',*,*,#4566,.F.);
#6669=ORIENTED_EDGE('',*,*,#4735,.F.);
#6670=ORIENTED_EDGE('',*,*,#4150,.F.);
#6671=ORIENTED_EDGE('',*,*,#4737,.T.);
#6672=ORIENTED_EDGE('',*,*,#3875,.T.);
#6673=ORIENTED_EDGE('',*,*,#4737,.F.);
#6674=ORIENTED_EDGE('',*,*,#4209,.F.);
#6675=ORIENTED_EDGE('',*,*,#4738,.T.);
#6676=ORIENTED_EDGE('',*,*,#4739,.F.);
#6677=ORIENTED_EDGE('',*,*,#4738,.F.);
#6678=ORIENTED_EDGE('',*,*,#4211,.F.);
#6679=ORIENTED_EDGE('',*,*,#4740,.T.);
#6680=ORIENTED_EDGE('',*,*,#4741,.F.);
#6681=ORIENTED_EDGE('',*,*,#4740,.F.);
#6682=ORIENTED_EDGE('',*,*,#4215,.T.);
#6683=ORIENTED_EDGE('',*,*,#4072,.F.);
#6684=ORIENTED_EDGE('',*,*,#4145,.T.);
#6685=ORIENTED_EDGE('',*,*,#3906,.T.);
#6686=ORIENTED_EDGE('',*,*,#3958,.T.);
#6687=ORIENTED_EDGE('',*,*,#4285,.T.);
#6688=ORIENTED_EDGE('',*,*,#3941,.T.);
#6689=ORIENTED_EDGE('',*,*,#3946,.F.);
#6690=ORIENTED_EDGE('',*,*,#3872,.T.);
#6691=ORIENTED_EDGE('',*,*,#3884,.F.);
#6692=ORIENTED_EDGE('',*,*,#3927,.T.);
#6693=ORIENTED_EDGE('',*,*,#3904,.T.);
#6694=ORIENTED_EDGE('',*,*,#3952,.T.);
#6695=ORIENTED_EDGE('',*,*,#3953,.T.);
#6696=ORIENTED_EDGE('',*,*,#4346,.T.);
#6697=ORIENTED_EDGE('',*,*,#4344,.F.);
#6698=ORIENTED_EDGE('',*,*,#4454,.T.);
#6699=ORIENTED_EDGE('',*,*,#4365,.T.);
#6700=ORIENTED_EDGE('',*,*,#4492,.T.);
#6701=ORIENTED_EDGE('',*,*,#4305,.T.);
#6702=ORIENTED_EDGE('',*,*,#4303,.T.);
#6703=ORIENTED_EDGE('',*,*,#4270,.F.);
#6704=ORIENTED_EDGE('',*,*,#4280,.F.);
#6705=ORIENTED_EDGE('',*,*,#4350,.F.);
#6706=ORIENTED_EDGE('',*,*,#4395,.T.);
#6707=ORIENTED_EDGE('',*,*,#4349,.T.);
#6708=ORIENTED_EDGE('',*,*,#4351,.T.);
#6709=ORIENTED_EDGE('',*,*,#4151,.T.);
#6710=ORIENTED_EDGE('',*,*,#4134,.F.);
#6711=ORIENTED_EDGE('',*,*,#4129,.F.);
#6712=ORIENTED_EDGE('',*,*,#4154,.T.);
#6713=ORIENTED_EDGE('',*,*,#4371,.T.);
#6714=ORIENTED_EDGE('',*,*,#4369,.T.);
#6715=ORIENTED_EDGE('',*,*,#4357,.F.);
#6716=ORIENTED_EDGE('',*,*,#4222,.F.);
#6717=ORIENTED_EDGE('',*,*,#4247,.F.);
#6718=ORIENTED_EDGE('',*,*,#4282,.T.);
#6719=ORIENTED_EDGE('',*,*,#4283,.T.);
#6720=ORIENTED_EDGE('',*,*,#4491,.T.);
#6721=ORIENTED_EDGE('',*,*,#4126,.F.);
#6722=ORIENTED_EDGE('',*,*,#4109,.F.);
#6723=ORIENTED_EDGE('',*,*,#4220,.T.);
#6724=ORIENTED_EDGE('',*,*,#4739,.T.);
#6725=ORIENTED_EDGE('',*,*,#4218,.T.);
#6726=ORIENTED_EDGE('',*,*,#4250,.F.);
#6727=ORIENTED_EDGE('',*,*,#4431,.T.);
#6728=ORIENTED_EDGE('',*,*,#4429,.F.);
#6729=ORIENTED_EDGE('',*,*,#4741,.T.);
#6730=ORIENTED_EDGE('',*,*,#3826,.T.);
#6731=ORIENTED_EDGE('',*,*,#3885,.T.);
#6732=ORIENTED_EDGE('',*,*,#3886,.T.);
#6733=ORIENTED_EDGE('',*,*,#4465,.F.);
#6734=ORIENTED_EDGE('',*,*,#3950,.T.);
#6735=ORIENTED_EDGE('',*,*,#4447,.F.);
#6736=ORIENTED_EDGE('',*,*,#3879,.F.);
#6737=ORIENTED_EDGE('',*,*,#3997,.T.);
#6738=ORIENTED_EDGE('',*,*,#4001,.T.);
#6739=ORIENTED_EDGE('',*,*,#4004,.T.);
#6740=ORIENTED_EDGE('',*,*,#4006,.T.);
#6741=ORIENTED_EDGE('',*,*,#3929,.T.);
#6742=ORIENTED_EDGE('',*,*,#4274,.T.);
#6743=ORIENTED_EDGE('',*,*,#4736,.F.);
#6744=ORIENTED_EDGE('',*,*,#3992,.F.);
#6745=ORIENTED_EDGE('',*,*,#4629,.F.);
#6746=ORIENTED_EDGE('',*,*,#4277,.T.);
#6747=ORIENTED_EDGE('',*,*,#3705,.F.);
#6748=ORIENTED_EDGE('',*,*,#3888,.T.);
#6749=ORIENTED_EDGE('',*,*,#3889,.T.);
#6750=ORIENTED_EDGE('',*,*,#3967,.T.);
#6751=ORIENTED_EDGE('',*,*,#3977,.T.);
#6752=ORIENTED_EDGE('',*,*,#3974,.T.);
#6753=ORIENTED_EDGE('',*,*,#3971,.T.);
#6754=ORIENTED_EDGE('',*,*,#3995,.T.);
#6755=ORIENTED_EDGE('',*,*,#4005,.T.);
#6756=ORIENTED_EDGE('',*,*,#4002,.T.);
#6757=ORIENTED_EDGE('',*,*,#3999,.T.);
#6758=ORIENTED_EDGE('',*,*,#3994,.T.);
#6759=ORIENTED_EDGE('',*,*,#4733,.F.);
#6760=ORIENTED_EDGE('',*,*,#4228,.F.);
#6761=ORIENTED_EDGE('',*,*,#3938,.F.);
#6762=ORIENTED_EDGE('',*,*,#4225,.F.);
#6763=ORIENTED_EDGE('',*,*,#4624,.F.);
#6764=ORIENTED_EDGE('',*,*,#3711,.F.);
#6765=ORIENTED_EDGE('',*,*,#3710,.F.);
#6766=ORIENTED_EDGE('',*,*,#3955,.T.);
#6767=ORIENTED_EDGE('',*,*,#3956,.T.);
#6768=ORIENTED_EDGE('',*,*,#4622,.T.);
#6769=ORIENTED_EDGE('',*,*,#4620,.T.);
#6770=ORIENTED_EDGE('',*,*,#4618,.T.);
#6771=ORIENTED_EDGE('',*,*,#4616,.T.);
#6772=ORIENTED_EDGE('',*,*,#4614,.T.);
#6773=ORIENTED_EDGE('',*,*,#4630,.T.);
#6774=ORIENTED_EDGE('',*,*,#4627,.T.);
#6775=ORIENTED_EDGE('',*,*,#4625,.T.);
#6776=ORIENTED_EDGE('',*,*,#4475,.T.);
#6777=ORIENTED_EDGE('',*,*,#4490,.T.);
#6778=ORIENTED_EDGE('',*,*,#4488,.T.);
#6779=ORIENTED_EDGE('',*,*,#4486,.T.);
#6780=ORIENTED_EDGE('',*,*,#4484,.T.);
#6781=ORIENTED_EDGE('',*,*,#4482,.T.);
#6782=ORIENTED_EDGE('',*,*,#4480,.T.);
#6783=ORIENTED_EDGE('',*,*,#4478,.T.);
#6784=ORIENTED_EDGE('',*,*,#4697,.F.);
#6785=ORIENTED_EDGE('',*,*,#4694,.F.);
#6786=ORIENTED_EDGE('',*,*,#4635,.F.);
#6787=ORIENTED_EDGE('',*,*,#4643,.F.);
#6788=ORIENTED_EDGE('',*,*,#4631,.F.);
#6789=ORIENTED_EDGE('',*,*,#4723,.F.);
#6790=ORIENTED_EDGE('',*,*,#4726,.F.);
#6791=ORIENTED_EDGE('',*,*,#4707,.F.);
#6792=ORIENTED_EDGE('',*,*,#4702,.F.);
#6793=ORIENTED_EDGE('',*,*,#4666,.F.);
#6794=ORIENTED_EDGE('',*,*,#4651,.F.);
#6795=ORIENTED_EDGE('',*,*,#4648,.F.);
#6796=ORIENTED_EDGE('',*,*,#4645,.F.);
#6797=ORIENTED_EDGE('',*,*,#4639,.F.);
#6798=ORIENTED_EDGE('',*,*,#4722,.F.);
#6799=ORIENTED_EDGE('',*,*,#4720,.F.);
#6800=ORIENTED_EDGE('',*,*,#4705,.F.);
#6801=ORIENTED_EDGE('',*,*,#4669,.F.);
#6802=ORIENTED_EDGE('',*,*,#4658,.F.);
#6803=ORIENTED_EDGE('',*,*,#4689,.F.);
#6804=ORIENTED_EDGE('',*,*,#4654,.F.);
#6805=ORIENTED_EDGE('',*,*,#4710,.F.);
#6806=ORIENTED_EDGE('',*,*,#4725,.F.);
#6807=ORIENTED_EDGE('',*,*,#4662,.F.);
#6808=ORIENTED_EDGE('',*,*,#4719,.F.);
#6809=ORIENTED_EDGE('',*,*,#4691,.F.);
#6810=ORIENTED_EDGE('',*,*,#4682,.F.);
#6811=ORIENTED_EDGE('',*,*,#4679,.F.);
#6812=ORIENTED_EDGE('',*,*,#4672,.F.);
#6813=ORIENTED_EDGE('',*,*,#4676,.F.);
#6814=ORIENTED_EDGE('',*,*,#4700,.F.);
#6815=ORIENTED_EDGE('',*,*,#4685,.F.);
#6816=CYLINDRICAL_SURFACE('',#7343,4.);
#6817=CYLINDRICAL_SURFACE('',#7345,4.);
#6818=CYLINDRICAL_SURFACE('',#7347,36.);
#6819=CYLINDRICAL_SURFACE('',#7356,4.);
#6820=CYLINDRICAL_SURFACE('',#7358,5.);
#6821=CYLINDRICAL_SURFACE('',#7362,5.);
#6822=CYLINDRICAL_SURFACE('',#7364,5.);
#6823=CYLINDRICAL_SURFACE('',#7367,5.);
#6824=CYLINDRICAL_SURFACE('',#7373,4.);
#6825=CYLINDRICAL_SURFACE('',#7375,34.);
#6826=CYLINDRICAL_SURFACE('',#7378,36.);
#6827=CYLINDRICAL_SURFACE('',#7381,34.);
#6828=CYLINDRICAL_SURFACE('',#7386,14.);
#6829=CYLINDRICAL_SURFACE('',#7392,14.);
#6830=CYLINDRICAL_SURFACE('',#7396,12.5);
#6831=CYLINDRICAL_SURFACE('',#7399,12.5);
#6832=CYLINDRICAL_SURFACE('',#7401,12.5);
#6833=CYLINDRICAL_SURFACE('',#7410,4.5);
#6834=CYLINDRICAL_SURFACE('',#7413,5.);
#6835=CYLINDRICAL_SURFACE('',#7417,4.5);
#6836=CYLINDRICAL_SURFACE('',#7419,4.5);
#6837=CYLINDRICAL_SURFACE('',#7422,5.);
#6838=CYLINDRICAL_SURFACE('',#7424,5.);
#6839=CYLINDRICAL_SURFACE('',#7444,55.0000000000001);
#6840=CYLINDRICAL_SURFACE('',#7448,4.);
#6841=CYLINDRICAL_SURFACE('',#7449,4.);
#6842=CYLINDRICAL_SURFACE('',#7452,4.);
#6843=CYLINDRICAL_SURFACE('',#7455,4.);
#6844=CYLINDRICAL_SURFACE('',#7457,34.);
#6845=CYLINDRICAL_SURFACE('',#7458,5.);
#6846=CYLINDRICAL_SURFACE('',#7463,4.5);
#6847=CYLINDRICAL_SURFACE('',#7465,4.5);
#6848=CYLINDRICAL_SURFACE('',#7469,5.);
#6849=CYLINDRICAL_SURFACE('',#7470,5.);
#6850=CYLINDRICAL_SURFACE('',#7487,55.);
#6851=CYLINDRICAL_SURFACE('',#7491,4.00000000000001);
#6852=CYLINDRICAL_SURFACE('',#7492,4.00000000000001);
#6853=CYLINDRICAL_SURFACE('',#7494,4.00000000000001);
#6854=CYLINDRICAL_SURFACE('',#7495,4.00000000000001);
#6855=CYLINDRICAL_SURFACE('',#7498,34.);
#6856=CYLINDRICAL_SURFACE('',#7522,2.49999999999999);
#6857=CYLINDRICAL_SURFACE('',#7525,14.);
#6858=CYLINDRICAL_SURFACE('',#7532,34.);
#6859=CYLINDRICAL_SURFACE('',#7536,2.5);
#6860=CYLINDRICAL_SURFACE('',#7541,34.);
#6861=CYLINDRICAL_SURFACE('',#7547,34.);
#6862=CYLINDRICAL_SURFACE('',#7557,34.);
#6863=CYLINDRICAL_SURFACE('',#7568,14.);
#6864=CYLINDRICAL_SURFACE('',#7569,14.);
#6865=CYLINDRICAL_SURFACE('',#7576,14.);
#6866=CYLINDRICAL_SURFACE('',#7583,2.25);
#6867=CYLINDRICAL_SURFACE('',#7592,2.25);
#6868=CYLINDRICAL_SURFACE('',#7595,2.25);
#6869=CYLINDRICAL_SURFACE('',#7598,2.25);
#6870=CYLINDRICAL_SURFACE('',#7615,2.25);
#6871=CYLINDRICAL_SURFACE('',#7623,2.25);
#6872=CYLINDRICAL_SURFACE('',#7625,2.25);
#6873=CYLINDRICAL_SURFACE('',#7627,2.25);
#6874=CYLINDRICAL_SURFACE('',#7643,12.5);
#6875=CYLINDRICAL_SURFACE('',#7645,12.5);
#6876=CYLINDRICAL_SURFACE('',#7651,72.9999999999999);
#6877=CYLINDRICAL_SURFACE('',#7653,72.9999999999997);
#6878=CYLINDRICAL_SURFACE('',#7664,72.9999999999999);
#6879=CYLINDRICAL_SURFACE('',#7666,73.);
#6880=CYLINDRICAL_SURFACE('',#7669,72.9999999999999);
#6881=CYLINDRICAL_SURFACE('',#7677,72.9999999999998);
#6882=CYLINDRICAL_SURFACE('',#7680,73.);
#6883=CYLINDRICAL_SURFACE('',#7684,73.);
#6884=CYLINDRICAL_SURFACE('',#7689,73.);
#6885=CYLINDRICAL_SURFACE('',#7692,72.9999999999999);
#6886=CYLINDRICAL_SURFACE('',#7696,71.4407387796679);
#6887=CYLINDRICAL_SURFACE('',#7707,72.9999999999999);
#6888=CYLINDRICAL_SURFACE('',#7714,73.0000000000001);
#6889=CYLINDRICAL_SURFACE('',#7716,73.);
#6890=CYLINDRICAL_SURFACE('',#7719,72.9999999999999);
#6891=CYLINDRICAL_SURFACE('',#7726,73.0000000000006);
#6892=CYLINDRICAL_SURFACE('',#7734,73.0000000000001);
#6893=CYLINDRICAL_SURFACE('',#7738,73.);
#6894=CYLINDRICAL_SURFACE('',#7746,72.9999999999996);
#6895=CYLINDRICAL_SURFACE('',#7748,73.0000000000001);
#6896=CYLINDRICAL_SURFACE('',#7753,73.);
#6897=CYLINDRICAL_SURFACE('',#7755,1.05);
#6898=CYLINDRICAL_SURFACE('',#7758,1.05);
#6899=CYLINDRICAL_SURFACE('',#7761,1.05);
#6900=CYLINDRICAL_SURFACE('',#7764,1.05);
#6901=CYLINDRICAL_SURFACE('',#7767,1.05);
#6902=CYLINDRICAL_SURFACE('',#7770,1.05);
#6903=CYLINDRICAL_SURFACE('',#7773,1.05);
#6904=CYLINDRICAL_SURFACE('',#7776,1.05);
#6905=CYLINDRICAL_SURFACE('',#7782,31.);
#6906=CYLINDRICAL_SURFACE('',#7809,16.);
#6907=CYLINDRICAL_SURFACE('',#7812,22.2858330909091);
#6908=CYLINDRICAL_SURFACE('',#7815,22.);
#6909=CYLINDRICAL_SURFACE('',#7818,16.);
#6910=CYLINDRICAL_SURFACE('',#7824,22.0000008621826);
#6911=CYLINDRICAL_SURFACE('',#7827,16.);
#6912=CYLINDRICAL_SURFACE('',#7830,16.);
#6913=CYLINDRICAL_SURFACE('',#7833,22.);
#6914=CYLINDRICAL_SURFACE('',#7874,21.8);
#6915=CYLINDRICAL_SURFACE('',#7876,21.8);
#6916=CYLINDRICAL_SURFACE('',#7878,15.8);
#6917=CYLINDRICAL_SURFACE('',#7880,15.8);
#6918=CYLINDRICAL_SURFACE('',#7883,19.8);
#6919=CYLINDRICAL_SURFACE('',#7886,19.8);
#6920=CYLINDRICAL_SURFACE('',#7888,25.8);
#6921=CYLINDRICAL_SURFACE('',#7890,25.8000000000001);
#6922=CYLINDRICAL_SURFACE('',#7904,21.8);
#6923=CYLINDRICAL_SURFACE('',#7911,19.8);
#6924=CYLINDRICAL_SURFACE('',#7915,15.8);
#6925=CYLINDRICAL_SURFACE('',#7921,25.8);
#6926=CYLINDRICAL_SURFACE('',#7945,21.8);
#6927=CYLINDRICAL_SURFACE('',#7948,15.8);
#6928=CYLINDRICAL_SURFACE('',#7951,19.8);
#6929=CYLINDRICAL_SURFACE('',#7953,25.8);
#6930=CYLINDRICAL_SURFACE('',#7961,12.5);
#6931=CYLINDRICAL_SURFACE('',#7962,12.5);
#6932=CYLINDRICAL_SURFACE('',#7964,12.5);
#6933=CYLINDRICAL_SURFACE('',#7969,55.);
#6934=CYLINDRICAL_SURFACE('',#7972,55.0000000000001);
#6935=CYLINDRICAL_SURFACE('',#7974,57.);
#6936=CYLINDRICAL_SURFACE('',#7976,57.);
#6937=ADVANCED_FACE('',(#453),#6816,.F.);
#6938=ADVANCED_FACE('',(#454),#6817,.F.);
#6939=ADVANCED_FACE('',(#455),#6818,.T.);
#6940=ADVANCED_FACE('',(#456),#207,.T.);
#6941=ADVANCED_FACE('',(#457),#6819,.F.);
#6942=ADVANCED_FACE('',(#458),#6820,.T.);
#6943=ADVANCED_FACE('',(#459),#6821,.T.);
#6944=ADVANCED_FACE('',(#460),#6822,.T.);
#6945=ADVANCED_FACE('',(#461),#6823,.T.);
#6946=ADVANCED_FACE('',(#462,#123),#208,.T.);
#6947=ADVANCED_FACE('',(#463),#6824,.F.);
#6948=ADVANCED_FACE('',(#464),#6825,.F.);
#6949=ADVANCED_FACE('',(#465),#6826,.T.);
#6950=ADVANCED_FACE('',(#466),#6827,.F.);
#6951=ADVANCED_FACE('',(#467,#124),#209,.F.);
#6952=ADVANCED_FACE('',(#468),#6828,.T.);
#6953=ADVANCED_FACE('',(#469,#125),#210,.T.);
#6954=ADVANCED_FACE('',(#470,#126),#211,.F.);
#6955=ADVANCED_FACE('',(#471),#6829,.T.);
#6956=ADVANCED_FACE('',(#472,#127),#212,.T.);
#6957=ADVANCED_FACE('',(#473),#6830,.F.);
#6958=ADVANCED_FACE('',(#474),#6831,.F.);
#6959=ADVANCED_FACE('',(#475),#6832,.F.);
#6960=ADVANCED_FACE('',(#476),#213,.F.);
#6961=ADVANCED_FACE('',(#477),#214,.F.);
#6962=ADVANCED_FACE('',(#478),#215,.T.);
#6963=ADVANCED_FACE('',(#479),#6833,.T.);
#6964=ADVANCED_FACE('',(#480),#6834,.F.);
#6965=ADVANCED_FACE('',(#481,#128),#216,.T.);
#6966=ADVANCED_FACE('',(#482),#6835,.F.);
#6967=ADVANCED_FACE('',(#483),#6836,.F.);
#6968=ADVANCED_FACE('',(#484),#6837,.T.);
#6969=ADVANCED_FACE('',(#485),#6838,.T.);
#6970=ADVANCED_FACE('',(#486),#217,.F.);
#6971=ADVANCED_FACE('',(#487,#129),#218,.T.);
#6972=ADVANCED_FACE('',(#488),#219,.F.);
#6973=ADVANCED_FACE('',(#489),#220,.F.);
#6974=ADVANCED_FACE('',(#490),#221,.T.);
#6975=ADVANCED_FACE('',(#491,#130,#131,#132,#133),#222,.T.);
#6976=ADVANCED_FACE('',(#492,#134),#223,.F.);
#6977=ADVANCED_FACE('',(#493,#135),#224,.T.);
#6978=ADVANCED_FACE('',(#494,#136,#137),#6839,.F.);
#6979=ADVANCED_FACE('',(#495),#6840,.F.);
#6980=ADVANCED_FACE('',(#496),#6841,.F.);
#6981=ADVANCED_FACE('',(#497),#6842,.F.);
#6982=ADVANCED_FACE('',(#498),#6843,.F.);
#6983=ADVANCED_FACE('',(#499),#225,.F.);
#6984=ADVANCED_FACE('',(#500),#6844,.F.);
#6985=ADVANCED_FACE('',(#501),#6845,.F.);
#6986=ADVANCED_FACE('',(#502,#138),#226,.T.);
#6987=ADVANCED_FACE('',(#503),#6846,.F.);
#6988=ADVANCED_FACE('',(#504),#6847,.F.);
#6989=ADVANCED_FACE('',(#505),#6848,.T.);
#6990=ADVANCED_FACE('',(#506),#6849,.T.);
#6991=ADVANCED_FACE('',(#507),#227,.F.);
#6992=ADVANCED_FACE('',(#508),#228,.F.);
#6993=ADVANCED_FACE('',(#509),#229,.T.);
#6994=ADVANCED_FACE('',(#510,#139),#230,.T.);
#6995=ADVANCED_FACE('',(#511,#140,#141,#142,#143),#231,.F.);
#6996=ADVANCED_FACE('',(#512,#144),#232,.T.);
#6997=ADVANCED_FACE('',(#513,#145,#146),#6850,.F.);
#6998=ADVANCED_FACE('',(#514),#6851,.F.);
#6999=ADVANCED_FACE('',(#515),#6852,.F.);
#7000=ADVANCED_FACE('',(#516),#6853,.F.);
#7001=ADVANCED_FACE('',(#517),#6854,.F.);
#7002=ADVANCED_FACE('',(#518),#233,.F.);
#7003=ADVANCED_FACE('',(#519),#6855,.F.);
#7004=ADVANCED_FACE('',(#520),#234,.F.);
#7005=ADVANCED_FACE('',(#521),#235,.F.);
#7006=ADVANCED_FACE('',(#522),#236,.F.);
#7007=ADVANCED_FACE('',(#523),#237,.F.);
#7008=ADVANCED_FACE('',(#524),#238,.F.);
#7009=ADVANCED_FACE('',(#525),#239,.F.);
#7010=ADVANCED_FACE('',(#526),#240,.F.);
#7011=ADVANCED_FACE('',(#527),#241,.F.);
#7012=ADVANCED_FACE('',(#528,#147),#242,.F.);
#7013=ADVANCED_FACE('',(#529,#148),#243,.T.);
#7014=ADVANCED_FACE('',(#530),#244,.F.);
#7015=ADVANCED_FACE('',(#531),#245,.F.);
#7016=ADVANCED_FACE('',(#532),#246,.F.);
#7017=ADVANCED_FACE('',(#533),#247,.F.);
#7018=ADVANCED_FACE('',(#534),#248,.F.);
#7019=ADVANCED_FACE('',(#535),#249,.F.);
#7020=ADVANCED_FACE('',(#536),#250,.F.);
#7021=ADVANCED_FACE('',(#537),#251,.F.);
#7022=ADVANCED_FACE('',(#538),#252,.F.);
#7023=ADVANCED_FACE('',(#539),#253,.F.);
#7024=ADVANCED_FACE('',(#540),#254,.F.);
#7025=ADVANCED_FACE('',(#541),#255,.F.);
#7026=ADVANCED_FACE('',(#542),#256,.F.);
#7027=ADVANCED_FACE('',(#543),#6856,.F.);
#7028=ADVANCED_FACE('',(#544),#6857,.T.);
#7029=ADVANCED_FACE('',(#545),#257,.T.);
#7030=ADVANCED_FACE('',(#546),#258,.T.);
#7031=ADVANCED_FACE('',(#547),#259,.F.);
#7032=ADVANCED_FACE('',(#548),#6858,.F.);
#7033=ADVANCED_FACE('',(#549),#260,.T.);
#7034=ADVANCED_FACE('',(#550,#149),#261,.F.);
#7035=ADVANCED_FACE('',(#551),#6859,.F.);
#7036=ADVANCED_FACE('',(#552,#150),#262,.F.);
#7037=ADVANCED_FACE('',(#553),#6860,.F.);
#7038=ADVANCED_FACE('',(#554),#263,.T.);
#7039=ADVANCED_FACE('',(#555),#264,.T.);
#7040=ADVANCED_FACE('',(#556),#6861,.F.);
#7041=ADVANCED_FACE('',(#557,#151,#152),#265,.T.);
#7042=ADVANCED_FACE('',(#558),#266,.F.);
#7043=ADVANCED_FACE('',(#559),#267,.T.);
#7044=ADVANCED_FACE('',(#560),#6862,.F.);
#7045=ADVANCED_FACE('',(#561),#268,.T.);
#7046=ADVANCED_FACE('',(#562),#269,.T.);
#7047=ADVANCED_FACE('',(#563),#270,.T.);
#7048=ADVANCED_FACE('',(#564),#271,.T.);
#7049=ADVANCED_FACE('',(#565,#153),#272,.T.);
#7050=ADVANCED_FACE('',(#566),#273,.T.);
#7051=ADVANCED_FACE('',(#567),#6863,.T.);
#7052=ADVANCED_FACE('',(#568),#6864,.T.);
#7053=ADVANCED_FACE('',(#569,#154),#274,.F.);
#7054=ADVANCED_FACE('',(#570),#275,.T.);
#7055=ADVANCED_FACE('',(#571,#155),#276,.F.);
#7056=ADVANCED_FACE('',(#572),#277,.T.);
#7057=ADVANCED_FACE('',(#573),#278,.T.);
#7058=ADVANCED_FACE('',(#574,#156),#279,.T.);
#7059=ADVANCED_FACE('',(#575),#6865,.T.);
#7060=ADVANCED_FACE('',(#576),#280,.F.);
#7061=ADVANCED_FACE('',(#577),#281,.F.);
#7062=ADVANCED_FACE('',(#578),#282,.F.);
#7063=ADVANCED_FACE('',(#579),#283,.F.);
#7064=ADVANCED_FACE('',(#580),#6866,.F.);
#7065=ADVANCED_FACE('',(#581),#284,.F.);
#7066=ADVANCED_FACE('',(#582),#285,.F.);
#7067=ADVANCED_FACE('',(#583),#286,.F.);
#7068=ADVANCED_FACE('',(#584),#287,.F.);
#7069=ADVANCED_FACE('',(#585),#6867,.F.);
#7070=ADVANCED_FACE('',(#586),#6868,.F.);
#7071=ADVANCED_FACE('',(#587),#6869,.F.);
#7072=ADVANCED_FACE('',(#588,#157,#158,#159,#160),#288,.F.);
#7073=ADVANCED_FACE('',(#589),#289,.T.);
#7074=ADVANCED_FACE('',(#590),#290,.T.);
#7075=ADVANCED_FACE('',(#591),#291,.F.);
#7076=ADVANCED_FACE('',(#592),#292,.F.);
#7077=ADVANCED_FACE('',(#593),#293,.F.);
#7078=ADVANCED_FACE('',(#594),#294,.F.);
#7079=ADVANCED_FACE('',(#595),#6870,.F.);
#7080=ADVANCED_FACE('',(#596),#295,.F.);
#7081=ADVANCED_FACE('',(#597),#296,.F.);
#7082=ADVANCED_FACE('',(#598),#297,.F.);
#7083=ADVANCED_FACE('',(#599),#298,.F.);
#7084=ADVANCED_FACE('',(#600),#6871,.F.);
#7085=ADVANCED_FACE('',(#601),#6872,.F.);
#7086=ADVANCED_FACE('',(#602),#6873,.F.);
#7087=ADVANCED_FACE('',(#603),#299,.T.);
#7088=ADVANCED_FACE('',(#604),#300,.T.);
#7089=ADVANCED_FACE('',(#605,#161,#162,#163,#164),#301,.T.);
#7090=ADVANCED_FACE('',(#606),#302,.T.);
#7091=ADVANCED_FACE('',(#607),#303,.T.);
#7092=ADVANCED_FACE('',(#608),#304,.T.);
#7093=ADVANCED_FACE('',(#609),#6874,.F.);
#7094=ADVANCED_FACE('',(#610),#6875,.F.);
#7095=ADVANCED_FACE('',(#611),#305,.T.);
#7096=ADVANCED_FACE('',(#612),#306,.T.);
#7097=ADVANCED_FACE('',(#613),#307,.F.);
#7098=ADVANCED_FACE('',(#614),#308,.T.);
#7099=ADVANCED_FACE('',(#615),#6876,.T.);
#7100=ADVANCED_FACE('',(#616),#6877,.F.);
#7101=ADVANCED_FACE('',(#617),#309,.T.);
#7102=ADVANCED_FACE('',(#618),#310,.T.);
#7103=ADVANCED_FACE('',(#619),#311,.T.);
#7104=ADVANCED_FACE('',(#620),#312,.T.);
#7105=ADVANCED_FACE('',(#621),#313,.T.);
#7106=ADVANCED_FACE('',(#622),#314,.T.);
#7107=ADVANCED_FACE('',(#623),#315,.T.);
#7108=ADVANCED_FACE('',(#624),#6878,.T.);
#7109=ADVANCED_FACE('',(#625),#316,.T.);
#7110=ADVANCED_FACE('',(#626),#6879,.F.);
#7111=ADVANCED_FACE('',(#627),#317,.T.);
#7112=ADVANCED_FACE('',(#628),#318,.T.);
#7113=ADVANCED_FACE('',(#629),#6880,.T.);
#7114=ADVANCED_FACE('',(#630),#319,.T.);
#7115=ADVANCED_FACE('',(#631),#320,.T.);
#7116=ADVANCED_FACE('',(#632),#6881,.T.);
#7117=ADVANCED_FACE('',(#633),#321,.T.);
#7118=ADVANCED_FACE('',(#634),#6882,.F.);
#7119=ADVANCED_FACE('',(#635),#322,.T.);
#7120=ADVANCED_FACE('',(#636),#323,.T.);
#7121=ADVANCED_FACE('',(#637),#6883,.T.);
#7122=ADVANCED_FACE('',(#638),#324,.F.);
#7123=ADVANCED_FACE('',(#639),#6884,.F.);
#7124=ADVANCED_FACE('',(#640),#325,.T.);
#7125=ADVANCED_FACE('',(#641),#326,.T.);
#7126=ADVANCED_FACE('',(#642),#6885,.T.);
#7127=ADVANCED_FACE('',(#643),#327,.F.);
#7128=ADVANCED_FACE('',(#644),#6886,.T.);
#7129=ADVANCED_FACE('',(#645),#328,.T.);
#7130=ADVANCED_FACE('',(#646),#329,.T.);
#7131=ADVANCED_FACE('',(#647),#330,.T.);
#7132=ADVANCED_FACE('',(#648),#331,.T.);
#7133=ADVANCED_FACE('',(#649),#332,.T.);
#7134=ADVANCED_FACE('',(#650),#333,.T.);
#7135=ADVANCED_FACE('',(#651),#6887,.F.);
#7136=ADVANCED_FACE('',(#652),#334,.T.);
#7137=ADVANCED_FACE('',(#653),#335,.T.);
#7138=ADVANCED_FACE('',(#654),#336,.T.);
#7139=ADVANCED_FACE('',(#655),#6888,.F.);
#7140=ADVANCED_FACE('',(#656),#337,.T.);
#7141=ADVANCED_FACE('',(#657),#6889,.T.);
#7142=ADVANCED_FACE('',(#658),#6890,.T.);
#7143=ADVANCED_FACE('',(#659),#338,.F.);
#7144=ADVANCED_FACE('',(#660),#339,.F.);
#7145=ADVANCED_FACE('',(#661),#340,.T.);
#7146=ADVANCED_FACE('',(#662),#341,.T.);
#7147=ADVANCED_FACE('',(#663),#6891,.T.);
#7148=ADVANCED_FACE('',(#664),#342,.F.);
#7149=ADVANCED_FACE('',(#665),#343,.T.);
#7150=ADVANCED_FACE('',(#666),#6892,.F.);
#7151=ADVANCED_FACE('',(#667),#344,.T.);
#7152=ADVANCED_FACE('',(#668),#345,.T.);
#7153=ADVANCED_FACE('',(#669),#6893,.T.);
#7154=ADVANCED_FACE('',(#670),#346,.F.);
#7155=ADVANCED_FACE('',(#671),#347,.F.);
#7156=ADVANCED_FACE('',(#672),#348,.T.);
#7157=ADVANCED_FACE('',(#673),#349,.T.);
#7158=ADVANCED_FACE('',(#674),#6894,.T.);
#7159=ADVANCED_FACE('',(#675),#350,.T.);
#7160=ADVANCED_FACE('',(#676),#6895,.T.);
#7161=ADVANCED_FACE('',(#677),#351,.F.);
#7162=ADVANCED_FACE('',(#678),#352,.F.);
#7163=ADVANCED_FACE('',(#679),#6896,.F.);
#7164=ADVANCED_FACE('',(#680),#353,.T.);
#7165=ADVANCED_FACE('',(#681),#6897,.F.);
#7166=ADVANCED_FACE('',(#682),#6898,.F.);
#7167=ADVANCED_FACE('',(#683),#6899,.F.);
#7168=ADVANCED_FACE('',(#684),#6900,.F.);
#7169=ADVANCED_FACE('',(#685),#6901,.F.);
#7170=ADVANCED_FACE('',(#686),#6902,.F.);
#7171=ADVANCED_FACE('',(#687),#6903,.F.);
#7172=ADVANCED_FACE('',(#688),#6904,.F.);
#7173=ADVANCED_FACE('',(#689),#354,.F.);
#7174=ADVANCED_FACE('',(#690),#355,.F.);
#7175=ADVANCED_FACE('',(#691),#6905,.F.);
#7176=ADVANCED_FACE('',(#692),#356,.F.);
#7177=ADVANCED_FACE('',(#693),#107,.F.);
#7178=ADVANCED_FACE('',(#694),#357,.F.);
#7179=ADVANCED_FACE('',(#695),#108,.F.);
#7180=ADVANCED_FACE('',(#696),#358,.F.);
#7181=ADVANCED_FACE('',(#697),#109,.F.);
#7182=ADVANCED_FACE('',(#698),#359,.F.);
#7183=ADVANCED_FACE('',(#699),#110,.F.);
#7184=ADVANCED_FACE('',(#700),#360,.T.);
#7185=ADVANCED_FACE('',(#701),#361,.T.);
#7186=ADVANCED_FACE('',(#702),#362,.T.);
#7187=ADVANCED_FACE('',(#703),#363,.T.);
#7188=ADVANCED_FACE('',(#704,#165,#166),#364,.T.);
#7189=ADVANCED_FACE('',(#705),#365,.T.);
#7190=ADVANCED_FACE('',(#706),#111,.T.);
#7191=ADVANCED_FACE('',(#707),#366,.T.);
#7192=ADVANCED_FACE('',(#708),#112,.T.);
#7193=ADVANCED_FACE('',(#709),#367,.T.);
#7194=ADVANCED_FACE('',(#710),#113,.T.);
#7195=ADVANCED_FACE('',(#711),#368,.T.);
#7196=ADVANCED_FACE('',(#712),#114,.T.);
#7197=ADVANCED_FACE('',(#713),#6906,.F.);
#7198=ADVANCED_FACE('',(#714),#369,.F.);
#7199=ADVANCED_FACE('',(#715),#6907,.F.);
#7200=ADVANCED_FACE('',(#716),#370,.F.);
#7201=ADVANCED_FACE('',(#717),#6908,.F.);
#7202=ADVANCED_FACE('',(#718),#371,.F.);
#7203=ADVANCED_FACE('',(#719),#6909,.F.);
#7204=ADVANCED_FACE('',(#720),#372,.F.);
#7205=ADVANCED_FACE('',(#721),#373,.T.);
#7206=ADVANCED_FACE('',(#722),#374,.T.);
#7207=ADVANCED_FACE('',(#723),#375,.F.);
#7208=ADVANCED_FACE('',(#724),#6910,.F.);
#7209=ADVANCED_FACE('',(#725),#376,.F.);
#7210=ADVANCED_FACE('',(#726),#6911,.F.);
#7211=ADVANCED_FACE('',(#727),#377,.F.);
#7212=ADVANCED_FACE('',(#728),#6912,.F.);
#7213=ADVANCED_FACE('',(#729),#378,.F.);
#7214=ADVANCED_FACE('',(#730),#6913,.F.);
#7215=ADVANCED_FACE('',(#731),#379,.F.);
#7216=ADVANCED_FACE('',(#732),#380,.F.);
#7217=ADVANCED_FACE('',(#733),#381,.F.);
#7218=ADVANCED_FACE('',(#734),#382,.F.);
#7219=ADVANCED_FACE('',(#735),#383,.F.);
#7220=ADVANCED_FACE('',(#736),#384,.F.);
#7221=ADVANCED_FACE('',(#737),#385,.F.);
#7222=ADVANCED_FACE('',(#738),#386,.F.);
#7223=ADVANCED_FACE('',(#739,#167),#387,.T.);
#7224=ADVANCED_FACE('',(#740,#168),#388,.T.);
#7225=ADVANCED_FACE('',(#741,#169),#389,.T.);
#7226=ADVANCED_FACE('',(#742,#170),#390,.T.);
#7227=ADVANCED_FACE('',(#743,#171),#391,.T.);
#7228=ADVANCED_FACE('',(#744,#172),#392,.T.);
#7229=ADVANCED_FACE('',(#745,#173,#174,#175,#176,#177),#393,.F.);
#7230=ADVANCED_FACE('',(#746,#178),#394,.T.);
#7231=ADVANCED_FACE('',(#747),#395,.T.);
#7232=ADVANCED_FACE('',(#748),#396,.T.);
#7233=ADVANCED_FACE('',(#749),#397,.T.);
#7234=ADVANCED_FACE('',(#750,#179),#398,.T.);
#7235=ADVANCED_FACE('',(#751),#399,.T.);
#7236=ADVANCED_FACE('',(#752),#6914,.F.);
#7237=ADVANCED_FACE('',(#753),#400,.T.);
#7238=ADVANCED_FACE('',(#754),#6915,.F.);
#7239=ADVANCED_FACE('',(#755),#401,.T.);
#7240=ADVANCED_FACE('',(#756),#6916,.F.);
#7241=ADVANCED_FACE('',(#757),#402,.T.);
#7242=ADVANCED_FACE('',(#758),#6917,.F.);
#7243=ADVANCED_FACE('',(#759),#403,.T.);
#7244=ADVANCED_FACE('',(#760),#6918,.T.);
#7245=ADVANCED_FACE('',(#761),#404,.T.);
#7246=ADVANCED_FACE('',(#762),#6919,.T.);
#7247=ADVANCED_FACE('',(#763),#405,.T.);
#7248=ADVANCED_FACE('',(#764),#6920,.T.);
#7249=ADVANCED_FACE('',(#765),#406,.T.);
#7250=ADVANCED_FACE('',(#766),#6921,.T.);
#7251=ADVANCED_FACE('',(#767),#407,.T.);
#7252=ADVANCED_FACE('',(#768),#408,.F.);
#7253=ADVANCED_FACE('',(#769),#409,.F.);
#7254=ADVANCED_FACE('',(#770),#115,.F.);
#7255=ADVANCED_FACE('',(#771),#410,.F.);
#7256=ADVANCED_FACE('',(#772),#116,.F.);
#7257=ADVANCED_FACE('',(#773),#411,.F.);
#7258=ADVANCED_FACE('',(#774),#117,.F.);
#7259=ADVANCED_FACE('',(#775),#412,.F.);
#7260=ADVANCED_FACE('',(#776),#118,.F.);
#7261=ADVANCED_FACE('',(#777),#413,.F.);
#7262=ADVANCED_FACE('',(#778),#6922,.F.);
#7263=ADVANCED_FACE('',(#779),#414,.T.);
#7264=ADVANCED_FACE('',(#780,#180),#415,.T.);
#7265=ADVANCED_FACE('',(#781),#416,.F.);
#7266=ADVANCED_FACE('',(#782),#417,.T.);
#7267=ADVANCED_FACE('',(#783),#6923,.T.);
#7268=ADVANCED_FACE('',(#784),#418,.F.);
#7269=ADVANCED_FACE('',(#785),#6924,.F.);
#7270=ADVANCED_FACE('',(#786),#419,.T.);
#7271=ADVANCED_FACE('',(#787,#181),#420,.T.);
#7272=ADVANCED_FACE('',(#788),#421,.T.);
#7273=ADVANCED_FACE('',(#789),#6925,.T.);
#7274=ADVANCED_FACE('',(#790),#422,.T.);
#7275=ADVANCED_FACE('',(#791,#182),#423,.T.);
#7276=ADVANCED_FACE('',(#792),#424,.F.);
#7277=ADVANCED_FACE('',(#793),#425,.T.);
#7278=ADVANCED_FACE('',(#794,#183),#426,.T.);
#7279=ADVANCED_FACE('',(#795,#184),#427,.T.);
#7280=ADVANCED_FACE('',(#796),#428,.T.);
#7281=ADVANCED_FACE('',(#797),#429,.F.);
#7282=ADVANCED_FACE('',(#798),#430,.F.);
#7283=ADVANCED_FACE('',(#799),#431,.F.);
#7284=ADVANCED_FACE('',(#800),#432,.F.);
#7285=ADVANCED_FACE('',(#801),#433,.T.);
#7286=ADVANCED_FACE('',(#802,#185),#434,.T.);
#7287=ADVANCED_FACE('',(#803),#435,.T.);
#7288=ADVANCED_FACE('',(#804),#436,.T.);
#7289=ADVANCED_FACE('',(#805),#437,.T.);
#7290=ADVANCED_FACE('',(#806),#438,.T.);
#7291=ADVANCED_FACE('',(#807),#6926,.F.);
#7292=ADVANCED_FACE('',(#808,#186),#439,.T.);
#7293=ADVANCED_FACE('',(#809),#6927,.F.);
#7294=ADVANCED_FACE('',(#810,#187),#440,.T.);
#7295=ADVANCED_FACE('',(#811),#6928,.T.);
#7296=ADVANCED_FACE('',(#812),#6929,.T.);
#7297=ADVANCED_FACE('',(#813),#441,.T.);
#7298=ADVANCED_FACE('',(#814),#119,.T.);
#7299=ADVANCED_FACE('',(#815),#442,.T.);
#7300=ADVANCED_FACE('',(#816),#120,.T.);
#7301=ADVANCED_FACE('',(#817),#443,.T.);
#7302=ADVANCED_FACE('',(#818),#121,.T.);
#7303=ADVANCED_FACE('',(#819),#444,.T.);
#7304=ADVANCED_FACE('',(#820),#122,.T.);
#7305=ADVANCED_FACE('',(#821),#6930,.F.);
#7306=ADVANCED_FACE('',(#822),#6931,.F.);
#7307=ADVANCED_FACE('',(#823),#6932,.F.);
#7308=ADVANCED_FACE('',(#824),#445,.T.);
#7309=ADVANCED_FACE('',(#825,#188),#446,.T.);
#7310=ADVANCED_FACE('',(#826),#447,.T.);
#7311=ADVANCED_FACE('',(#827,#189),#6933,.F.);
#7312=ADVANCED_FACE('',(#828),#448,.F.);
#7313=ADVANCED_FACE('',(#829,#190,#191,#192,#193,#194),#449,.T.);
#7314=ADVANCED_FACE('',(#830,#195),#6934,.F.);
#7315=ADVANCED_FACE('',(#831,#196),#450,.T.);
#7316=ADVANCED_FACE('',(#832,#197,#198),#6935,.T.);
#7317=ADVANCED_FACE('',(#833,#199),#451,.T.);
#7318=ADVANCED_FACE('',(#834,#200,#201),#6936,.T.);
#7319=ADVANCED_FACE('',(#835,#202,#203,#204,#205,#206),#452,.T.);
#7320=CLOSED_SHELL('',(#6937,#6938,#6939,#6940,#6941,#6942,#6943,#6944,
#6945,#6946,#6947,#6948,#6949,#6950,#6951,#6952,#6953,#6954,#6955,#6956,
#6957,#6958,#6959,#6960,#6961,#6962,#6963,#6964,#6965,#6966,#6967,#6968,
#6969,#6970,#6971,#6972,#6973,#6974,#6975,#6976,#6977,#6978,#6979,#6980,
#6981,#6982,#6983,#6984,#6985,#6986,#6987,#6988,#6989,#6990,#6991,#6992,
#6993,#6994,#6995,#6996,#6997,#6998,#6999,#7000,#7001,#7002,#7003,#7004,
#7005,#7006,#7007,#7008,#7009,#7010,#7011,#7012,#7013,#7014,#7015,#7016,
#7017,#7018,#7019,#7020,#7021,#7022,#7023,#7024,#7025,#7026,#7027,#7028,
#7029,#7030,#7031,#7032,#7033,#7034,#7035,#7036,#7037,#7038,#7039,#7040,
#7041,#7042,#7043,#7044,#7045,#7046,#7047,#7048,#7049,#7050,#7051,#7052,
#7053,#7054,#7055,#7056,#7057,#7058,#7059,#7060,#7061,#7062,#7063,#7064,
#7065,#7066,#7067,#7068,#7069,#7070,#7071,#7072,#7073,#7074,#7075,#7076,
#7077,#7078,#7079,#7080,#7081,#7082,#7083,#7084,#7085,#7086,#7087,#7088,
#7089,#7090,#7091,#7092,#7093,#7094,#7095,#7096,#7097,#7098,#7099,#7100,
#7101,#7102,#7103,#7104,#7105,#7106,#7107,#7108,#7109,#7110,#7111,#7112,
#7113,#7114,#7115,#7116,#7117,#7118,#7119,#7120,#7121,#7122,#7123,#7124,
#7125,#7126,#7127,#7128,#7129,#7130,#7131,#7132,#7133,#7134,#7135,#7136,
#7137,#7138,#7139,#7140,#7141,#7142,#7143,#7144,#7145,#7146,#7147,#7148,
#7149,#7150,#7151,#7152,#7153,#7154,#7155,#7156,#7157,#7158,#7159,#7160,
#7161,#7162,#7163,#7164,#7165,#7166,#7167,#7168,#7169,#7170,#7171,#7172,
#7173,#7174,#7175,#7176,#7177,#7178,#7179,#7180,#7181,#7182,#7183,#7184,
#7185,#7186,#7187,#7188,#7189,#7190,#7191,#7192,#7193,#7194,#7195,#7196,
#7197,#7198,#7199,#7200,#7201,#7202,#7203,#7204,#7205,#7206,#7207,#7208,
#7209,#7210,#7211,#7212,#7213,#7214,#7215,#7216,#7217,#7218,#7219,#7220,
#7221,#7222,#7223,#7224,#7225,#7226,#7227,#7228,#7229,#7230,#7231,#7232,
#7233,#7234,#7235,#7236,#7237,#7238,#7239,#7240,#7241,#7242,#7243,#7244,
#7245,#7246,#7247,#7248,#7249,#7250,#7251,#7252,#7253,#7254,#7255,#7256,
#7257,#7258,#7259,#7260,#7261,#7262,#7263,#7264,#7265,#7266,#7267,#7268,
#7269,#7270,#7271,#7272,#7273,#7274,#7275,#7276,#7277,#7278,#7279,#7280,
#7281,#7282,#7283,#7284,#7285,#7286,#7287,#7288,#7289,#7290,#7291,#7292,
#7293,#7294,#7295,#7296,#7297,#7298,#7299,#7300,#7301,#7302,#7303,#7304,
#7305,#7306,#7307,#7308,#7309,#7310,#7311,#7312,#7313,#7314,#7315,#7316,
#7317,#7318,#7319));
#7321=DERIVED_UNIT_ELEMENT(#7324,1.);
#7322=DERIVED_UNIT_ELEMENT(#13203,-3.);
#7323=DIMENSIONAL_EXPONENTS(0.,1.,0.,0.,0.,0.,0.);
#7324=(
CONVERSION_BASED_UNIT('gram',#7326)
MASS_UNIT()
NAMED_UNIT(#7323)
);
#7325=(
MASS_UNIT()
NAMED_UNIT(*)
SI_UNIT(.KILO.,.GRAM.)
);
#7326=MASS_MEASURE_WITH_UNIT(MASS_MEASURE(0.001),#7325);
#7327=DERIVED_UNIT((#7321,#7322));
#7328=MEASURE_REPRESENTATION_ITEM('density measure',
POSITIVE_RATIO_MEASURE(1.),#7327);
#7329=PROPERTY_DEFINITION_REPRESENTATION(#7334,#7331);
#7330=PROPERTY_DEFINITION_REPRESENTATION(#7335,#7332);
#7331=REPRESENTATION('material name',(#7333),#13200);
#7332=REPRESENTATION('density',(#7328),#13200);
#7333=DESCRIPTIVE_REPRESENTATION_ITEM('Generic','Generic');
#7334=PROPERTY_DEFINITION('material property','material name',#13210);
#7335=PROPERTY_DEFINITION('material property','density of part',#13210);
#7336=DATE_TIME_ROLE('creation_date');
#7337=APPLIED_DATE_AND_TIME_ASSIGNMENT(#7338,#7336,(#13210));
#7338=DATE_AND_TIME(#7339,#7340);
#7339=CALENDAR_DATE(2026,6,5);
#7340=LOCAL_TIME(0,0,0.,#7341);
#7341=COORDINATED_UNIVERSAL_TIME_OFFSET(0,0,.BEHIND.);
#7342=AXIS2_PLACEMENT_3D('',#9985,#7983,#7984);
#7343=AXIS2_PLACEMENT_3D('',#9986,#7985,#7986);
#7344=AXIS2_PLACEMENT_3D('',#10024,#7988,#7989);
#7345=AXIS2_PLACEMENT_3D('',#10025,#7990,#7991);
#7346=AXIS2_PLACEMENT_3D('',#10027,#7992,#7993);
#7347=AXIS2_PLACEMENT_3D('',#10067,#7995,#7996);
#7348=AXIS2_PLACEMENT_3D('',#10090,#7999,#8000);
#7349=AXIS2_PLACEMENT_3D('',#10098,#8004,#8005);
#7350=AXIS2_PLACEMENT_3D('',#10115,#8007,#8008);
#7351=AXIS2_PLACEMENT_3D('',#10119,#8010,#8011);
#7352=AXIS2_PLACEMENT_3D('',#10121,#8012,#8013);
#7353=AXIS2_PLACEMENT_3D('',#10122,#8014,#8015);
#7354=AXIS2_PLACEMENT_3D('',#10128,#8018,#8019);
#7355=AXIS2_PLACEMENT_3D('',#10132,#8021,#8022);
#7356=AXIS2_PLACEMENT_3D('',#10136,#8025,#8026);
#7357=AXIS2_PLACEMENT_3D('',#10138,#8027,#8028);
#7358=AXIS2_PLACEMENT_3D('',#10140,#8030,#8031);
#7359=AXIS2_PLACEMENT_3D('',#10142,#8032,#8033);
#7360=AXIS2_PLACEMENT_3D('',#10146,#8035,#8036);
#7361=AXIS2_PLACEMENT_3D('',#10163,#8037,#8038);
#7362=AXIS2_PLACEMENT_3D('',#10164,#8039,#8040);
#7363=AXIS2_PLACEMENT_3D('',#10205,#8042,#8043);
#7364=AXIS2_PLACEMENT_3D('',#10206,#8044,#8045);
#7365=AXIS2_PLACEMENT_3D('',#10208,#8046,#8047);
#7366=AXIS2_PLACEMENT_3D('',#10221,#8049,#8050);
#7367=AXIS2_PLACEMENT_3D('',#10230,#8051,#8052);
#7368=AXIS2_PLACEMENT_3D('',#10271,#8054,#8055);
#7369=AXIS2_PLACEMENT_3D('',#10272,#8056,#8057);
#7370=AXIS2_PLACEMENT_3D('',#10276,#8059,#8060);
#7371=AXIS2_PLACEMENT_3D('',#10278,#8061,#8062);
#7372=AXIS2_PLACEMENT_3D('',#10286,#8066,#8067);
#7373=AXIS2_PLACEMENT_3D('',#10301,#8076,#8077);
#7374=AXIS2_PLACEMENT_3D('',#10313,#8079,#8080);
#7375=AXIS2_PLACEMENT_3D('',#10322,#8081,#8082);
#7376=AXIS2_PLACEMENT_3D('',#10324,#8083,#8084);
#7377=AXIS2_PLACEMENT_3D('',#10327,#8086,#8087);
#7378=AXIS2_PLACEMENT_3D('',#10343,#8088,#8089);
#7379=AXIS2_PLACEMENT_3D('',#10350,#8092,#8093);
#7380=AXIS2_PLACEMENT_3D('',#10371,#8095,#8096);
#7381=AXIS2_PLACEMENT_3D('',#10373,#8098,#8099);
#7382=AXIS2_PLACEMENT_3D('',#10392,#8100,#8101);
#7383=AXIS2_PLACEMENT_3D('',#10395,#8103,#8104);
#7384=AXIS2_PLACEMENT_3D('',#10396,#8105,#8106);
#7385=AXIS2_PLACEMENT_3D('',#10398,#8107,#8108);
#7386=AXIS2_PLACEMENT_3D('',#10399,#8109,#8110);
#7387=AXIS2_PLACEMENT_3D('',#10401,#8111,#8112);
#7388=AXIS2_PLACEMENT_3D('',#10404,#8114,#8115);
#7389=AXIS2_PLACEMENT_3D('',#10405,#8116,#8117);
#7390=AXIS2_PLACEMENT_3D('',#10406,#8118,#8119);
#7391=AXIS2_PLACEMENT_3D('',#10408,#8120,#8121);
#7392=AXIS2_PLACEMENT_3D('',#10409,#8122,#8123);
#7393=AXIS2_PLACEMENT_3D('',#10411,#8124,#8125);
#7394=AXIS2_PLACEMENT_3D('',#10414,#8127,#8128);
#7395=AXIS2_PLACEMENT_3D('',#10415,#8129,#8130);
#7396=AXIS2_PLACEMENT_3D('',#10416,#8131,#8132);
#7397=AXIS2_PLACEMENT_3D('',#10418,#8133,#8134);
#7398=AXIS2_PLACEMENT_3D('',#10421,#8136,#8137);
#7399=AXIS2_PLACEMENT_3D('',#10422,#8138,#8139);
#7400=AXIS2_PLACEMENT_3D('',#10424,#8140,#8141);
#7401=AXIS2_PLACEMENT_3D('',#10426,#8143,#8144);
#7402=AXIS2_PLACEMENT_3D('',#10428,#8145,#8146);
#7403=AXIS2_PLACEMENT_3D('',#10430,#8148,#8149);
#7404=AXIS2_PLACEMENT_3D('',#10439,#8153,#8154);
#7405=AXIS2_PLACEMENT_3D('',#10446,#8158,#8159);
#7406=AXIS2_PLACEMENT_3D('',#10447,#8160,#8161);
#7407=AXIS2_PLACEMENT_3D('',#10450,#8164,#8165);
#7408=AXIS2_PLACEMENT_3D('',#10458,#8169,#8170);
#7409=AXIS2_PLACEMENT_3D('',#10460,#8172,#8173);
#7410=AXIS2_PLACEMENT_3D('',#10461,#8174,#8175);
#7411=AXIS2_PLACEMENT_3D('',#10463,#8176,#8177);
#7412=AXIS2_PLACEMENT_3D('',#10466,#8179,#8180);
#7413=AXIS2_PLACEMENT_3D('',#10467,#8181,#8182);
#7414=AXIS2_PLACEMENT_3D('',#10469,#8183,#8184);
#7415=AXIS2_PLACEMENT_3D('',#10472,#8186,#8187);
#7416=AXIS2_PLACEMENT_3D('',#10473,#8188,#8189);
#7417=AXIS2_PLACEMENT_3D('',#10474,#8190,#8191);
#7418=AXIS2_PLACEMENT_3D('',#10512,#8193,#8194);
#7419=AXIS2_PLACEMENT_3D('',#10513,#8195,#8196);
#7420=AXIS2_PLACEMENT_3D('',#10515,#8197,#8198);
#7421=AXIS2_PLACEMENT_3D('',#10528,#8200,#8201);
#7422=AXIS2_PLACEMENT_3D('',#10537,#8202,#8203);
#7423=AXIS2_PLACEMENT_3D('',#10578,#8205,#8206);
#7424=AXIS2_PLACEMENT_3D('',#10579,#8207,#8208);
#7425=AXIS2_PLACEMENT_3D('',#10581,#8209,#8210);
#7426=AXIS2_PLACEMENT_3D('',#10583,#8212,#8213);
#7427=AXIS2_PLACEMENT_3D('',#10589,#8217,#8218);
#7428=AXIS2_PLACEMENT_3D('',#10594,#8220,#8221);
#7429=AXIS2_PLACEMENT_3D('',#10602,#8225,#8226);
#7430=AXIS2_PLACEMENT_3D('',#10603,#8227,#8228);
#7431=AXIS2_PLACEMENT_3D('',#10613,#8234,#8235);
#7432=AXIS2_PLACEMENT_3D('',#10619,#8239,#8240);
#7433=AXIS2_PLACEMENT_3D('',#10623,#8242,#8243);
#7434=AXIS2_PLACEMENT_3D('',#10629,#8246,#8247);
#7435=AXIS2_PLACEMENT_3D('',#10633,#8250,#8251);
#7436=AXIS2_PLACEMENT_3D('',#10637,#8253,#8254);
#7437=AXIS2_PLACEMENT_3D('',#10639,#8255,#8256);
#7438=AXIS2_PLACEMENT_3D('',#10641,#8258,#8259);
#7439=AXIS2_PLACEMENT_3D('',#10653,#8265,#8266);
#7440=AXIS2_PLACEMENT_3D('',#10654,#8267,#8268);
#7441=AXIS2_PLACEMENT_3D('',#10656,#8269,#8270);
#7442=AXIS2_PLACEMENT_3D('',#10657,#8271,#8272);
#7443=AXIS2_PLACEMENT_3D('',#10661,#8274,#8275);
#7444=AXIS2_PLACEMENT_3D('',#10662,#8276,#8277);
#7445=AXIS2_PLACEMENT_3D('',#10664,#8278,#8279);
#7446=AXIS2_PLACEMENT_3D('',#10668,#8281,#8282);
#7447=AXIS2_PLACEMENT_3D('',#10675,#8286,#8287);
#7448=AXIS2_PLACEMENT_3D('',#10676,#8288,#8289);
#7449=AXIS2_PLACEMENT_3D('',#10754,#8291,#8292);
#7450=AXIS2_PLACEMENT_3D('',#10756,#8293,#8294);
#7451=AXIS2_PLACEMENT_3D('',#10759,#8296,#8297);
#7452=AXIS2_PLACEMENT_3D('',#10760,#8298,#8299);
#7453=AXIS2_PLACEMENT_3D('',#10762,#8300,#8301);
#7454=AXIS2_PLACEMENT_3D('',#10765,#8303,#8304);
#7455=AXIS2_PLACEMENT_3D('',#10766,#8305,#8306);
#7456=AXIS2_PLACEMENT_3D('',#10784,#8309,#8310);
#7457=AXIS2_PLACEMENT_3D('',#10786,#8312,#8313);
#7458=AXIS2_PLACEMENT_3D('',#10787,#8314,#8315);
#7459=AXIS2_PLACEMENT_3D('',#10789,#8316,#8317);
#7460=AXIS2_PLACEMENT_3D('',#10792,#8319,#8320);
#7461=AXIS2_PLACEMENT_3D('',#10793,#8321,#8322);
#7462=AXIS2_PLACEMENT_3D('',#10795,#8323,#8324);
#7463=AXIS2_PLACEMENT_3D('',#10796,#8325,#8326);
#7464=AXIS2_PLACEMENT_3D('',#10834,#8328,#8329);
#7465=AXIS2_PLACEMENT_3D('',#10835,#8330,#8331);
#7466=AXIS2_PLACEMENT_3D('',#10837,#8332,#8333);
#7467=AXIS2_PLACEMENT_3D('',#10841,#8335,#8336);
#7468=AXIS2_PLACEMENT_3D('',#10857,#8337,#8338);
#7469=AXIS2_PLACEMENT_3D('',#10858,#8339,#8340);
#7470=AXIS2_PLACEMENT_3D('',#10898,#8342,#8343);
#7471=AXIS2_PLACEMENT_3D('',#10900,#8344,#8345);
#7472=AXIS2_PLACEMENT_3D('',#10902,#8347,#8348);
#7473=AXIS2_PLACEMENT_3D('',#10905,#8351,#8352);
#7474=AXIS2_PLACEMENT_3D('',#10908,#8355,#8356);
#7475=AXIS2_PLACEMENT_3D('',#10912,#8358,#8359);
#7476=AXIS2_PLACEMENT_3D('',#10914,#8361,#8362);
#7477=AXIS2_PLACEMENT_3D('',#10918,#8364,#8365);
#7478=AXIS2_PLACEMENT_3D('',#10919,#8366,#8367);
#7479=AXIS2_PLACEMENT_3D('',#10931,#8373,#8374);
#7480=AXIS2_PLACEMENT_3D('',#10935,#8376,#8377);
#7481=AXIS2_PLACEMENT_3D('',#10937,#8378,#8379);
#7482=AXIS2_PLACEMENT_3D('',#10941,#8381,#8382);
#7483=AXIS2_PLACEMENT_3D('',#10955,#8389,#8390);
#7484=AXIS2_PLACEMENT_3D('',#10956,#8391,#8392);
#7485=AXIS2_PLACEMENT_3D('',#10958,#8393,#8394);
#7486=AXIS2_PLACEMENT_3D('',#10959,#8395,#8396);
#7487=AXIS2_PLACEMENT_3D('',#10960,#8397,#8398);
#7488=AXIS2_PLACEMENT_3D('',#10961,#8399,#8400);
#7489=AXIS2_PLACEMENT_3D('',#10967,#8403,#8404);
#7490=AXIS2_PLACEMENT_3D('',#10970,#8406,#8407);
#7491=AXIS2_PLACEMENT_3D('',#10971,#8408,#8409);
#7492=AXIS2_PLACEMENT_3D('',#11049,#8411,#8412);
#7493=AXIS2_PLACEMENT_3D('',#11052,#8414,#8415);
#7494=AXIS2_PLACEMENT_3D('',#11053,#8416,#8417);
#7495=AXIS2_PLACEMENT_3D('',#11074,#8421,#8422);
#7496=AXIS2_PLACEMENT_3D('',#11076,#8423,#8424);
#7497=AXIS2_PLACEMENT_3D('',#11078,#8426,#8427);
#7498=AXIS2_PLACEMENT_3D('',#11080,#8429,#8430);
#7499=AXIS2_PLACEMENT_3D('',#11081,#8431,#8432);
#7500=AXIS2_PLACEMENT_3D('',#11090,#8437,#8438);
#7501=AXIS2_PLACEMENT_3D('',#11096,#8442,#8443);
#7502=AXIS2_PLACEMENT_3D('',#11102,#8447,#8448);
#7503=AXIS2_PLACEMENT_3D('',#11105,#8451,#8452);
#7504=AXIS2_PLACEMENT_3D('',#11114,#8457,#8458);
#7505=AXIS2_PLACEMENT_3D('',#11120,#8462,#8463);
#7506=AXIS2_PLACEMENT_3D('',#11126,#8467,#8468);
#7507=AXIS2_PLACEMENT_3D('',#11129,#8471,#8472);
#7508=AXIS2_PLACEMENT_3D('',#11130,#8473,#8474);
#7509=AXIS2_PLACEMENT_3D('',#11139,#8479,#8480);
#7510=AXIS2_PLACEMENT_3D('',#11148,#8485,#8486);
#7511=AXIS2_PLACEMENT_3D('',#11154,#8490,#8491);
#7512=AXIS2_PLACEMENT_3D('',#11160,#8495,#8496);
#7513=AXIS2_PLACEMENT_3D('',#11163,#8499,#8500);
#7514=AXIS2_PLACEMENT_3D('',#11165,#8502,#8503);
#7515=AXIS2_PLACEMENT_3D('',#11166,#8504,#8505);
#7516=AXIS2_PLACEMENT_3D('',#11167,#8506,#8507);
#7517=AXIS2_PLACEMENT_3D('',#11168,#8508,#8509);
#7518=AXIS2_PLACEMENT_3D('',#11169,#8510,#8511);
#7519=AXIS2_PLACEMENT_3D('',#11172,#8514,#8515);
#7520=AXIS2_PLACEMENT_3D('',#11174,#8517,#8518);
#7521=AXIS2_PLACEMENT_3D('',#11176,#8520,#8521);
#7522=AXIS2_PLACEMENT_3D('',#11177,#8522,#8523);
#7523=AXIS2_PLACEMENT_3D('',#11179,#8524,#8525);
#7524=AXIS2_PLACEMENT_3D('',#11182,#8527,#8528);
#7525=AXIS2_PLACEMENT_3D('',#11183,#8529,#8530);
#7526=AXIS2_PLACEMENT_3D('',#11188,#8532,#8533);
#7527=AXIS2_PLACEMENT_3D('',#11191,#8535,#8536);
#7528=AXIS2_PLACEMENT_3D('',#11192,#8537,#8538);
#7529=AXIS2_PLACEMENT_3D('',#11194,#8540,#8541);
#7530=AXIS2_PLACEMENT_3D('',#11204,#8547,#8548);
#7531=AXIS2_PLACEMENT_3D('',#11206,#8549,#8550);
#7532=AXIS2_PLACEMENT_3D('',#11208,#8552,#8553);
#7533=AXIS2_PLACEMENT_3D('',#11210,#8554,#8555);
#7534=AXIS2_PLACEMENT_3D('',#11212,#8557,#8558);
#7535=AXIS2_PLACEMENT_3D('',#11214,#8560,#8561);
#7536=AXIS2_PLACEMENT_3D('',#11215,#8562,#8563);
#7537=AXIS2_PLACEMENT_3D('',#11217,#8564,#8565);
#7538=AXIS2_PLACEMENT_3D('',#11220,#8567,#8568);
#7539=AXIS2_PLACEMENT_3D('',#11221,#8569,#8570);
#7540=AXIS2_PLACEMENT_3D('',#11224,#8571,#8572);
#7541=AXIS2_PLACEMENT_3D('',#11228,#8575,#8576);
#7542=AXIS2_PLACEMENT_3D('',#11232,#8578,#8579);
#7543=AXIS2_PLACEMENT_3D('',#11236,#8582,#8583);
#7544=AXIS2_PLACEMENT_3D('',#11246,#8588,#8589);
#7545=AXIS2_PLACEMENT_3D('',#11247,#8590,#8591);
#7546=AXIS2_PLACEMENT_3D('',#11249,#8592,#8593);
#7547=AXIS2_PLACEMENT_3D('',#11254,#8594,#8595);
#7548=AXIS2_PLACEMENT_3D('',#11256,#8596,#8597);
#7549=AXIS2_PLACEMENT_3D('',#11258,#8599,#8600);
#7550=AXIS2_PLACEMENT_3D('',#11264,#8603,#8604);
#7551=AXIS2_PLACEMENT_3D('',#11272,#8608,#8609);
#7552=AXIS2_PLACEMENT_3D('',#11278,#8612,#8613);
#7553=AXIS2_PLACEMENT_3D('',#11281,#8615,#8616);
#7554=AXIS2_PLACEMENT_3D('',#11282,#8617,#8618);
#7555=AXIS2_PLACEMENT_3D('',#11286,#8621,#8622);
#7556=AXIS2_PLACEMENT_3D('',#11288,#8623,#8624);
#7557=AXIS2_PLACEMENT_3D('',#11296,#8629,#8630);
#7558=AXIS2_PLACEMENT_3D('',#11298,#8631,#8632);
#7559=AXIS2_PLACEMENT_3D('',#11305,#8636,#8637);
#7560=AXIS2_PLACEMENT_3D('',#11307,#8639,#8640);
#7561=AXIS2_PLACEMENT_3D('',#11312,#8643,#8644);
#7562=AXIS2_PLACEMENT_3D('',#11314,#8646,#8647);
#7563=AXIS2_PLACEMENT_3D('',#11320,#8651,#8652);
#7564=AXIS2_PLACEMENT_3D('',#11327,#8658,#8659);
#7565=AXIS2_PLACEMENT_3D('',#11340,#8660,#8661);
#7566=AXIS2_PLACEMENT_3D('',#11341,#8662,#8663);
#7567=AXIS2_PLACEMENT_3D('',#11342,#8664,#8665);
#7568=AXIS2_PLACEMENT_3D('',#11343,#8666,#8667);
#7569=AXIS2_PLACEMENT_3D('',#11344,#8668,#8669);
#7570=AXIS2_PLACEMENT_3D('',#11345,#8670,#8671);
#7571=AXIS2_PLACEMENT_3D('',#11346,#8672,#8673);
#7572=AXIS2_PLACEMENT_3D('',#11351,#8674,#8675);
#7573=AXIS2_PLACEMENT_3D('',#11352,#8676,#8677);
#7574=AXIS2_PLACEMENT_3D('',#11359,#8683,#8684);
#7575=AXIS2_PLACEMENT_3D('',#11372,#8685,#8686);
#7576=AXIS2_PLACEMENT_3D('',#11373,#8687,#8688);
#7577=AXIS2_PLACEMENT_3D('',#11374,#8689,#8690);
#7578=AXIS2_PLACEMENT_3D('',#11377,#8691,#8692);
#7579=AXIS2_PLACEMENT_3D('',#11383,#8696,#8697);
#7580=AXIS2_PLACEMENT_3D('',#11389,#8701,#8702);
#7581=AXIS2_PLACEMENT_3D('',#11393,#8705,#8706);
#7582=AXIS2_PLACEMENT_3D('',#11395,#8707,#8708);
#7583=AXIS2_PLACEMENT_3D('',#11397,#8710,#8711);
#7584=AXIS2_PLACEMENT_3D('',#11401,#8713,#8714);
#7585=AXIS2_PLACEMENT_3D('',#11405,#8716,#8717);
#7586=AXIS2_PLACEMENT_3D('',#11407,#8719,#8720);
#7587=AXIS2_PLACEMENT_3D('',#11410,#8721,#8722);
#7588=AXIS2_PLACEMENT_3D('',#11416,#8726,#8727);
#7589=AXIS2_PLACEMENT_3D('',#11422,#8731,#8732);
#7590=AXIS2_PLACEMENT_3D('',#11426,#8735,#8736);
#7591=AXIS2_PLACEMENT_3D('',#11428,#8737,#8738);
#7592=AXIS2_PLACEMENT_3D('',#11430,#8740,#8741);
#7593=AXIS2_PLACEMENT_3D('',#11433,#8743,#8744);
#7594=AXIS2_PLACEMENT_3D('',#11435,#8745,#8746);
#7595=AXIS2_PLACEMENT_3D('',#11437,#8748,#8749);
#7596=AXIS2_PLACEMENT_3D('',#11442,#8751,#8752);
#7597=AXIS2_PLACEMENT_3D('',#11445,#8754,#8755);
#7598=AXIS2_PLACEMENT_3D('',#11446,#8756,#8757);
#7599=AXIS2_PLACEMENT_3D('',#11450,#8759,#8760);
#7600=AXIS2_PLACEMENT_3D('',#11451,#8761,#8762);
#7601=AXIS2_PLACEMENT_3D('',#11452,#8763,#8764);
#7602=AXIS2_PLACEMENT_3D('',#11456,#8766,#8767);
#7603=AXIS2_PLACEMENT_3D('',#11461,#8770,#8771);
#7604=AXIS2_PLACEMENT_3D('',#11466,#8774,#8775);
#7605=AXIS2_PLACEMENT_3D('',#11476,#8781,#8782);
#7606=AXIS2_PLACEMENT_3D('',#11479,#8784,#8785);
#7607=AXIS2_PLACEMENT_3D('',#11480,#8786,#8787);
#7608=AXIS2_PLACEMENT_3D('',#11484,#8790,#8791);
#7609=AXIS2_PLACEMENT_3D('',#11488,#8794,#8795);
#7610=AXIS2_PLACEMENT_3D('',#11491,#8796,#8797);
#7611=AXIS2_PLACEMENT_3D('',#11497,#8801,#8802);
#7612=AXIS2_PLACEMENT_3D('',#11503,#8806,#8807);
#7613=AXIS2_PLACEMENT_3D('',#11507,#8810,#8811);
#7614=AXIS2_PLACEMENT_3D('',#11509,#8812,#8813);
#7615=AXIS2_PLACEMENT_3D('',#11511,#8815,#8816);
#7616=AXIS2_PLACEMENT_3D('',#11516,#8819,#8820);
#7617=AXIS2_PLACEMENT_3D('',#11518,#8822,#8823);
#7618=AXIS2_PLACEMENT_3D('',#11521,#8824,#8825);
#7619=AXIS2_PLACEMENT_3D('',#11527,#8829,#8830);
#7620=AXIS2_PLACEMENT_3D('',#11533,#8834,#8835);
#7621=AXIS2_PLACEMENT_3D('',#11537,#8838,#8839);
#7622=AXIS2_PLACEMENT_3D('',#11539,#8840,#8841);
#7623=AXIS2_PLACEMENT_3D('',#11541,#8843,#8844);
#7624=AXIS2_PLACEMENT_3D('',#11544,#8846,#8847);
#7625=AXIS2_PLACEMENT_3D('',#11546,#8849,#8850);
#7626=AXIS2_PLACEMENT_3D('',#11551,#8853,#8854);
#7627=AXIS2_PLACEMENT_3D('',#11552,#8855,#8856);
#7628=AXIS2_PLACEMENT_3D('',#11555,#8858,#8859);
#7629=AXIS2_PLACEMENT_3D('',#11556,#8860,#8861);
#7630=AXIS2_PLACEMENT_3D('',#11560,#8864,#8865);
#7631=AXIS2_PLACEMENT_3D('',#11564,#8868,#8869);
#7632=AXIS2_PLACEMENT_3D('',#11566,#8870,#8871);
#7633=AXIS2_PLACEMENT_3D('',#11577,#8877,#8878);
#7634=AXIS2_PLACEMENT_3D('',#11581,#8880,#8881);
#7635=AXIS2_PLACEMENT_3D('',#11593,#8887,#8888);
#7636=AXIS2_PLACEMENT_3D('',#11596,#8890,#8891);
#7637=AXIS2_PLACEMENT_3D('',#11598,#8892,#8893);
#7638=AXIS2_PLACEMENT_3D('',#11600,#8894,#8895);
#7639=AXIS2_PLACEMENT_3D('',#11602,#8896,#8897);
#7640=AXIS2_PLACEMENT_3D('',#11603,#8898,#8899);
#7641=AXIS2_PLACEMENT_3D('',#11605,#8901,#8902);
#7642=AXIS2_PLACEMENT_3D('',#11607,#8904,#8905);
#7643=AXIS2_PLACEMENT_3D('',#11612,#8909,#8910);
#7644=AXIS2_PLACEMENT_3D('',#11614,#8911,#8912);
#7645=AXIS2_PLACEMENT_3D('',#11616,#8914,#8915);
#7646=AXIS2_PLACEMENT_3D('',#11618,#8916,#8917);
#7647=AXIS2_PLACEMENT_3D('',#11620,#8919,#8920);
#7648=AXIS2_PLACEMENT_3D('',#11634,#8930,#8931);
#7649=AXIS2_PLACEMENT_3D('',#11644,#8938,#8939);
#7650=AXIS2_PLACEMENT_3D('',#11647,#8942,#8943);
#7651=AXIS2_PLACEMENT_3D('',#11651,#8946,#8947);
#7652=AXIS2_PLACEMENT_3D('',#11653,#8948,#8949);
#7653=AXIS2_PLACEMENT_3D('',#11655,#8951,#8952);
#7654=AXIS2_PLACEMENT_3D('',#11659,#8954,#8955);
#7655=AXIS2_PLACEMENT_3D('',#11661,#8957,#8958);
#7656=AXIS2_PLACEMENT_3D('',#11664,#8961,#8962);
#7657=AXIS2_PLACEMENT_3D('',#11668,#8965,#8966);
#7658=AXIS2_PLACEMENT_3D('',#11677,#8971,#8972);
#7659=AXIS2_PLACEMENT_3D('',#11683,#8977,#8978);
#7660=AXIS2_PLACEMENT_3D('',#11693,#8985,#8986);
#7661=AXIS2_PLACEMENT_3D('',#11695,#8987,#8988);
#7662=AXIS2_PLACEMENT_3D('',#11699,#8991,#8992);
#7663=AXIS2_PLACEMENT_3D('',#11700,#8993,#8994);
#7664=AXIS2_PLACEMENT_3D('',#11705,#8998,#8999);
#7665=AXIS2_PLACEMENT_3D('',#11707,#9001,#9002);
#7666=AXIS2_PLACEMENT_3D('',#11708,#9003,#9004);
#7667=AXIS2_PLACEMENT_3D('',#11710,#9006,#9007);
#7668=AXIS2_PLACEMENT_3D('',#11722,#9016,#9017);
#7669=AXIS2_PLACEMENT_3D('',#11725,#9020,#9021);
#7670=AXIS2_PLACEMENT_3D('',#11726,#9022,#9023);
#7671=AXIS2_PLACEMENT_3D('',#11727,#9024,#9025);
#7672=AXIS2_PLACEMENT_3D('',#11729,#9026,#9027);
#7673=AXIS2_PLACEMENT_3D('',#11732,#9029,#9030);
#7674=AXIS2_PLACEMENT_3D('',#11737,#9033,#9034);
#7675=AXIS2_PLACEMENT_3D('',#11741,#9036,#9037);
#7676=AXIS2_PLACEMENT_3D('',#11744,#9040,#9041);
#7677=AXIS2_PLACEMENT_3D('',#11747,#9044,#9045);
#7678=AXIS2_PLACEMENT_3D('',#11751,#9047,#9048);
#7679=AXIS2_PLACEMENT_3D('',#11753,#9050,#9051);
#7680=AXIS2_PLACEMENT_3D('',#11755,#9053,#9054);
#7681=AXIS2_PLACEMENT_3D('',#11756,#9055,#9056);
#7682=AXIS2_PLACEMENT_3D('',#11757,#9057,#9058);
#7683=AXIS2_PLACEMENT_3D('',#11761,#9061,#9062);
#7684=AXIS2_PLACEMENT_3D('',#11764,#9065,#9066);
#7685=AXIS2_PLACEMENT_3D('',#11765,#9067,#9068);
#7686=AXIS2_PLACEMENT_3D('',#11766,#9069,#9070);
#7687=AXIS2_PLACEMENT_3D('',#11768,#9071,#9072);
#7688=AXIS2_PLACEMENT_3D('',#11771,#9075,#9076);
#7689=AXIS2_PLACEMENT_3D('',#11772,#9077,#9078);
#7690=AXIS2_PLACEMENT_3D('',#11774,#9080,#9081);
#7691=AXIS2_PLACEMENT_3D('',#11776,#9083,#9084);
#7692=AXIS2_PLACEMENT_3D('',#11777,#9085,#9086);
#7693=AXIS2_PLACEMENT_3D('',#11778,#9087,#9088);
#7694=AXIS2_PLACEMENT_3D('',#11783,#9090,#9091);
#7695=AXIS2_PLACEMENT_3D('',#11784,#9092,#9093);
#7696=AXIS2_PLACEMENT_3D('',#11785,#9094,#9095);
#7697=AXIS2_PLACEMENT_3D('',#11787,#9096,#9097);
#7698=AXIS2_PLACEMENT_3D('',#11790,#9100,#9101);
#7699=AXIS2_PLACEMENT_3D('',#11793,#9103,#9104);
#7700=AXIS2_PLACEMENT_3D('',#11801,#9108,#9109);
#7701=AXIS2_PLACEMENT_3D('',#11805,#9111,#9112);
#7702=AXIS2_PLACEMENT_3D('',#11811,#9116,#9117);
#7703=AXIS2_PLACEMENT_3D('',#11824,#9125,#9126);
#7704=AXIS2_PLACEMENT_3D('',#11828,#9130,#9131);
#7705=AXIS2_PLACEMENT_3D('',#11841,#9139,#9140);
#7706=AXIS2_PLACEMENT_3D('',#11845,#9143,#9144);
#7707=AXIS2_PLACEMENT_3D('',#11850,#9148,#9149);
#7708=AXIS2_PLACEMENT_3D('',#11851,#9150,#9151);
#7709=AXIS2_PLACEMENT_3D('',#11852,#9152,#9153);
#7710=AXIS2_PLACEMENT_3D('',#11856,#9155,#9156);
#7711=AXIS2_PLACEMENT_3D('',#11857,#9157,#9158);
#7712=AXIS2_PLACEMENT_3D('',#11861,#9160,#9161);
#7713=AXIS2_PLACEMENT_3D('',#11862,#9162,#9163);
#7714=AXIS2_PLACEMENT_3D('',#11865,#9166,#9167);
#7715=AXIS2_PLACEMENT_3D('',#11866,#9168,#9169);
#7716=AXIS2_PLACEMENT_3D('',#11870,#9172,#9173);
#7717=AXIS2_PLACEMENT_3D('',#11871,#9174,#9175);
#7718=AXIS2_PLACEMENT_3D('',#11874,#9177,#9178);
#7719=AXIS2_PLACEMENT_3D('',#11875,#9179,#9180);
#7720=AXIS2_PLACEMENT_3D('',#11877,#9181,#9182);
#7721=AXIS2_PLACEMENT_3D('',#11879,#9184,#9185);
#7722=AXIS2_PLACEMENT_3D('',#11880,#9186,#9187);
#7723=AXIS2_PLACEMENT_3D('',#11883,#9190,#9191);
#7724=AXIS2_PLACEMENT_3D('',#11885,#9193,#9194);
#7725=AXIS2_PLACEMENT_3D('',#11886,#9195,#9196);
#7726=AXIS2_PLACEMENT_3D('',#11889,#9199,#9200);
#7727=AXIS2_PLACEMENT_3D('',#11890,#9201,#9202);
#7728=AXIS2_PLACEMENT_3D('',#11891,#9203,#9204);
#7729=AXIS2_PLACEMENT_3D('',#11892,#9205,#9206);
#7730=AXIS2_PLACEMENT_3D('',#11893,#9207,#9208);
#7731=AXIS2_PLACEMENT_3D('',#11898,#9211,#9212);
#7732=AXIS2_PLACEMENT_3D('',#11902,#9214,#9215);
#7733=AXIS2_PLACEMENT_3D('',#11905,#9218,#9219);
#7734=AXIS2_PLACEMENT_3D('',#11907,#9221,#9222);
#7735=AXIS2_PLACEMENT_3D('',#11908,#9223,#9224);
#7736=AXIS2_PLACEMENT_3D('',#11912,#9226,#9227);
#7737=AXIS2_PLACEMENT_3D('',#11913,#9228,#9229);
#7738=AXIS2_PLACEMENT_3D('',#11917,#9232,#9233);
#7739=AXIS2_PLACEMENT_3D('',#11918,#9234,#9235);
#7740=AXIS2_PLACEMENT_3D('',#11921,#9237,#9238);
#7741=AXIS2_PLACEMENT_3D('',#11922,#9239,#9240);
#7742=AXIS2_PLACEMENT_3D('',#11926,#9242,#9243);
#7743=AXIS2_PLACEMENT_3D('',#11928,#9245,#9246);
#7744=AXIS2_PLACEMENT_3D('',#11930,#9248,#9249);
#7745=AXIS2_PLACEMENT_3D('',#11932,#9251,#9252);
#7746=AXIS2_PLACEMENT_3D('',#11935,#9255,#9256);
#7747=AXIS2_PLACEMENT_3D('',#11936,#9257,#9258);
#7748=AXIS2_PLACEMENT_3D('',#11940,#9261,#9262);
#7749=AXIS2_PLACEMENT_3D('',#11942,#9263,#9264);
#7750=AXIS2_PLACEMENT_3D('',#11943,#9265,#9266);
#7751=AXIS2_PLACEMENT_3D('',#11944,#9267,#9268);
#7752=AXIS2_PLACEMENT_3D('',#11946,#9270,#9271);
#7753=AXIS2_PLACEMENT_3D('',#11948,#9273,#9274);
#7754=AXIS2_PLACEMENT_3D('',#11949,#9275,#9276);
#7755=AXIS2_PLACEMENT_3D('',#11951,#9278,#9279);
#7756=AXIS2_PLACEMENT_3D('',#11953,#9280,#9281);
#7757=AXIS2_PLACEMENT_3D('',#11956,#9283,#9284);
#7758=AXIS2_PLACEMENT_3D('',#11957,#9285,#9286);
#7759=AXIS2_PLACEMENT_3D('',#11959,#9287,#9288);
#7760=AXIS2_PLACEMENT_3D('',#11962,#9290,#9291);
#7761=AXIS2_PLACEMENT_3D('',#11963,#9292,#9293);
#7762=AXIS2_PLACEMENT_3D('',#11965,#9294,#9295);
#7763=AXIS2_PLACEMENT_3D('',#11968,#9297,#9298);
#7764=AXIS2_PLACEMENT_3D('',#11969,#9299,#9300);
#7765=AXIS2_PLACEMENT_3D('',#11971,#9301,#9302);
#7766=AXIS2_PLACEMENT_3D('',#11974,#9304,#9305);
#7767=AXIS2_PLACEMENT_3D('',#11975,#9306,#9307);
#7768=AXIS2_PLACEMENT_3D('',#11977,#9308,#9309);
#7769=AXIS2_PLACEMENT_3D('',#11980,#9311,#9312);
#7770=AXIS2_PLACEMENT_3D('',#11981,#9313,#9314);
#7771=AXIS2_PLACEMENT_3D('',#11983,#9315,#9316);
#7772=AXIS2_PLACEMENT_3D('',#11986,#9318,#9319);
#7773=AXIS2_PLACEMENT_3D('',#11987,#9320,#9321);
#7774=AXIS2_PLACEMENT_3D('',#11989,#9322,#9323);
#7775=AXIS2_PLACEMENT_3D('',#11992,#9325,#9326);
#7776=AXIS2_PLACEMENT_3D('',#11993,#9327,#9328);
#7777=AXIS2_PLACEMENT_3D('',#11995,#9329,#9330);
#7778=AXIS2_PLACEMENT_3D('',#11998,#9332,#9333);
#7779=AXIS2_PLACEMENT_3D('',#11999,#9334,#9335);
#7780=AXIS2_PLACEMENT_3D('',#12005,#9339,#9340);
#7781=AXIS2_PLACEMENT_3D('',#12006,#9341,#9342);
#7782=AXIS2_PLACEMENT_3D('',#12007,#9343,#9344);
#7783=AXIS2_PLACEMENT_3D('',#12008,#9345,#9346);
#7784=AXIS2_PLACEMENT_3D('',#12009,#9347,#9348);
#7785=AXIS2_PLACEMENT_3D('',#12044,#9352,#9353);
#7786=AXIS2_PLACEMENT_3D('',#12050,#9355,#9356);
#7787=AXIS2_PLACEMENT_3D('',#12087,#9359,#9360);
#7788=AXIS2_PLACEMENT_3D('',#12089,#9362,#9363);
#7789=AXIS2_PLACEMENT_3D('',#12122,#9366,#9367);
#7790=AXIS2_PLACEMENT_3D('',#12124,#9369,#9370);
#7791=AXIS2_PLACEMENT_3D('',#12164,#9374,#9375);
#7792=AXIS2_PLACEMENT_3D('',#12165,#9376,#9377);
#7793=AXIS2_PLACEMENT_3D('',#12166,#9378,#9379);
#7794=AXIS2_PLACEMENT_3D('',#12167,#9380,#9381);
#7795=AXIS2_PLACEMENT_3D('',#12168,#9382,#9383);
#7796=AXIS2_PLACEMENT_3D('',#12169,#9384,#9385);
#7797=AXIS2_PLACEMENT_3D('',#12170,#9386,#9387);
#7798=AXIS2_PLACEMENT_3D('',#12171,#9388,#9389);
#7799=AXIS2_PLACEMENT_3D('',#12173,#9391,#9392);
#7800=AXIS2_PLACEMENT_3D('',#12174,#9393,#9394);
#7801=AXIS2_PLACEMENT_3D('',#12175,#9395,#9396);
#7802=AXIS2_PLACEMENT_3D('',#12210,#9400,#9401);
#7803=AXIS2_PLACEMENT_3D('',#12219,#9403,#9404);
#7804=AXIS2_PLACEMENT_3D('',#12253,#9408,#9409);
#7805=AXIS2_PLACEMENT_3D('',#12255,#9411,#9412);
#7806=AXIS2_PLACEMENT_3D('',#12288,#9415,#9416);
#7807=AXIS2_PLACEMENT_3D('',#12290,#9418,#9419);
#7808=AXIS2_PLACEMENT_3D('',#12322,#9422,#9423);
#7809=AXIS2_PLACEMENT_3D('',#12323,#9424,#9425);
#7810=AXIS2_PLACEMENT_3D('',#12326,#9426,#9427);
#7811=AXIS2_PLACEMENT_3D('',#12329,#9430,#9431);
#7812=AXIS2_PLACEMENT_3D('',#12333,#9434,#9435);
#7813=AXIS2_PLACEMENT_3D('',#12335,#9436,#9437);
#7814=AXIS2_PLACEMENT_3D('',#12337,#9439,#9440);
#7815=AXIS2_PLACEMENT_3D('',#12341,#9443,#9444);
#7816=AXIS2_PLACEMENT_3D('',#12343,#9445,#9446);
#7817=AXIS2_PLACEMENT_3D('',#12345,#9448,#9449);
#7818=AXIS2_PLACEMENT_3D('',#12349,#9452,#9453);
#7819=AXIS2_PLACEMENT_3D('',#12351,#9454,#9455);
#7820=AXIS2_PLACEMENT_3D('',#12353,#9457,#9458);
#7821=AXIS2_PLACEMENT_3D('',#12355,#9460,#9461);
#7822=AXIS2_PLACEMENT_3D('',#12357,#9463,#9464);
#7823=AXIS2_PLACEMENT_3D('',#12359,#9466,#9467);
#7824=AXIS2_PLACEMENT_3D('',#12365,#9471,#9472);
#7825=AXIS2_PLACEMENT_3D('',#12367,#9473,#9474);
#7826=AXIS2_PLACEMENT_3D('',#12369,#9476,#9477);
#7827=AXIS2_PLACEMENT_3D('',#12373,#9480,#9481);
#7828=AXIS2_PLACEMENT_3D('',#12375,#9482,#9483);
#7829=AXIS2_PLACEMENT_3D('',#12377,#9485,#9486);
#7830=AXIS2_PLACEMENT_3D('',#12381,#9489,#9490);
#7831=AXIS2_PLACEMENT_3D('',#12383,#9491,#9492);
#7832=AXIS2_PLACEMENT_3D('',#12385,#9494,#9495);
#7833=AXIS2_PLACEMENT_3D('',#12389,#9498,#9499);
#7834=AXIS2_PLACEMENT_3D('',#12390,#9500,#9501);
#7835=AXIS2_PLACEMENT_3D('',#12391,#9502,#9503);
#7836=AXIS2_PLACEMENT_3D('',#12400,#9508,#9509);
#7837=AXIS2_PLACEMENT_3D('',#12409,#9514,#9515);
#7838=AXIS2_PLACEMENT_3D('',#12418,#9520,#9521);
#7839=AXIS2_PLACEMENT_3D('',#12427,#9526,#9527);
#7840=AXIS2_PLACEMENT_3D('',#12436,#9532,#9533);
#7841=AXIS2_PLACEMENT_3D('',#12445,#9538,#9539);
#7842=AXIS2_PLACEMENT_3D('',#12454,#9544,#9545);
#7843=AXIS2_PLACEMENT_3D('',#12463,#9550,#9551);
#7844=AXIS2_PLACEMENT_3D('',#12469,#9555,#9556);
#7845=AXIS2_PLACEMENT_3D('',#12475,#9560,#9561);
#7846=AXIS2_PLACEMENT_3D('',#12481,#9565,#9566);
#7847=AXIS2_PLACEMENT_3D('',#12487,#9570,#9571);
#7848=AXIS2_PLACEMENT_3D('',#12493,#9575,#9576);
#7849=AXIS2_PLACEMENT_3D('',#12499,#9580,#9581);
#7850=AXIS2_PLACEMENT_3D('',#12504,#9583,#9584);
#7851=AXIS2_PLACEMENT_3D('',#12508,#9586,#9587);
#7852=AXIS2_PLACEMENT_3D('',#12512,#9589,#9590);
#7853=AXIS2_PLACEMENT_3D('',#12515,#9592,#9593);
#7854=AXIS2_PLACEMENT_3D('',#12517,#9594,#9595);
#7855=AXIS2_PLACEMENT_3D('',#12521,#9598,#9599);
#7856=AXIS2_PLACEMENT_3D('',#12524,#9601,#9602);
#7857=AXIS2_PLACEMENT_3D('',#12526,#9603,#9604);
#7858=AXIS2_PLACEMENT_3D('',#12529,#9606,#9607);
#7859=AXIS2_PLACEMENT_3D('',#12533,#9610,#9611);
#7860=AXIS2_PLACEMENT_3D('',#12537,#9613,#9614);
#7861=AXIS2_PLACEMENT_3D('',#12542,#9617,#9618);
#7862=AXIS2_PLACEMENT_3D('',#12544,#9620,#9621);
#7863=AXIS2_PLACEMENT_3D('',#12548,#9624,#9625);
#7864=AXIS2_PLACEMENT_3D('',#12550,#9626,#9627);
#7865=AXIS2_PLACEMENT_3D('',#12554,#9630,#9631);
#7866=AXIS2_PLACEMENT_3D('',#12555,#9632,#9633);
#7867=AXIS2_PLACEMENT_3D('',#12557,#9634,#9635);
#7868=AXIS2_PLACEMENT_3D('',#12561,#9638,#9639);
#7869=AXIS2_PLACEMENT_3D('',#12562,#9640,#9641);
#7870=AXIS2_PLACEMENT_3D('',#12565,#9643,#9644);
#7871=AXIS2_PLACEMENT_3D('',#12569,#9646,#9647);
#7872=AXIS2_PLACEMENT_3D('',#12571,#9649,#9650);
#7873=AXIS2_PLACEMENT_3D('',#12573,#9652,#9653);
#7874=AXIS2_PLACEMENT_3D('',#12577,#9656,#9657);
#7875=AXIS2_PLACEMENT_3D('',#12579,#9659,#9660);
#7876=AXIS2_PLACEMENT_3D('',#12580,#9661,#9662);
#7877=AXIS2_PLACEMENT_3D('',#12582,#9664,#9665);
#7878=AXIS2_PLACEMENT_3D('',#12583,#9666,#9667);
#7879=AXIS2_PLACEMENT_3D('',#12585,#9669,#9670);
#7880=AXIS2_PLACEMENT_3D('',#12586,#9671,#9672);
#7881=AXIS2_PLACEMENT_3D('',#12587,#9673,#9674);
#7882=AXIS2_PLACEMENT_3D('',#12588,#9675,#9676);
#7883=AXIS2_PLACEMENT_3D('',#12592,#9679,#9680);
#7884=AXIS2_PLACEMENT_3D('',#12593,#9681,#9682);
#7885=AXIS2_PLACEMENT_3D('',#12594,#9683,#9684);
#7886=AXIS2_PLACEMENT_3D('',#12596,#9686,#9687);
#7887=AXIS2_PLACEMENT_3D('',#12597,#9688,#9689);
#7888=AXIS2_PLACEMENT_3D('',#12599,#9691,#9692);
#7889=AXIS2_PLACEMENT_3D('',#12600,#9693,#9694);
#7890=AXIS2_PLACEMENT_3D('',#12602,#9696,#9697);
#7891=AXIS2_PLACEMENT_3D('',#12603,#9698,#9699);
#7892=AXIS2_PLACEMENT_3D('',#12604,#9700,#9701);
#7893=AXIS2_PLACEMENT_3D('',#12605,#9702,#9703);
#7894=AXIS2_PLACEMENT_3D('',#12640,#9707,#9708);
#7895=AXIS2_PLACEMENT_3D('',#12642,#9710,#9711);
#7896=AXIS2_PLACEMENT_3D('',#12675,#9714,#9715);
#7897=AXIS2_PLACEMENT_3D('',#12677,#9717,#9718);
#7898=AXIS2_PLACEMENT_3D('',#12709,#9721,#9722);
#7899=AXIS2_PLACEMENT_3D('',#12711,#9723,#9724);
#7900=AXIS2_PLACEMENT_3D('',#12713,#9726,#9727);
#7901=AXIS2_PLACEMENT_3D('',#12745,#9730,#9731);
#7902=AXIS2_PLACEMENT_3D('',#12746,#9732,#9733);
#7903=AXIS2_PLACEMENT_3D('',#12747,#9734,#9735);
#7904=AXIS2_PLACEMENT_3D('',#12756,#9740,#9741);
#7905=AXIS2_PLACEMENT_3D('',#12759,#9742,#9743);
#7906=AXIS2_PLACEMENT_3D('',#12763,#9745,#9746);
#7907=AXIS2_PLACEMENT_3D('',#12765,#9748,#9749);
#7908=AXIS2_PLACEMENT_3D('',#12774,#9754,#9755);
#7909=AXIS2_PLACEMENT_3D('',#12777,#9758,#9759);
#7910=AXIS2_PLACEMENT_3D('',#12783,#9763,#9764);
#7911=AXIS2_PLACEMENT_3D('',#12789,#9768,#9769);
#7912=AXIS2_PLACEMENT_3D('',#12791,#9770,#9771);
#7913=AXIS2_PLACEMENT_3D('',#12794,#9773,#9774);
#7914=AXIS2_PLACEMENT_3D('',#12795,#9775,#9776);
#7915=AXIS2_PLACEMENT_3D('',#12804,#9781,#9782);
#7916=AXIS2_PLACEMENT_3D('',#12807,#9783,#9784);
#7917=AXIS2_PLACEMENT_3D('',#12811,#9786,#9787);
#7918=AXIS2_PLACEMENT_3D('',#12813,#9789,#9790);
#7919=AXIS2_PLACEMENT_3D('',#12822,#9795,#9796);
#7920=AXIS2_PLACEMENT_3D('',#12828,#9800,#9801);
#7921=AXIS2_PLACEMENT_3D('',#12834,#9805,#9806);
#7922=AXIS2_PLACEMENT_3D('',#12837,#9807,#9808);
#7923=AXIS2_PLACEMENT_3D('',#12841,#9810,#9811);
#7924=AXIS2_PLACEMENT_3D('',#12843,#9813,#9814);
#7925=AXIS2_PLACEMENT_3D('',#12849,#9818,#9819);
#7926=AXIS2_PLACEMENT_3D('',#12855,#9823,#9824);
#7927=AXIS2_PLACEMENT_3D('',#12861,#9828,#9829);
#7928=AXIS2_PLACEMENT_3D('',#12870,#9834,#9835);
#7929=AXIS2_PLACEMENT_3D('',#12873,#9838,#9839);
#7930=AXIS2_PLACEMENT_3D('',#12879,#9843,#9844);
#7931=AXIS2_PLACEMENT_3D('',#12885,#9848,#9849);
#7932=AXIS2_PLACEMENT_3D('',#12891,#9853,#9854);
#7933=AXIS2_PLACEMENT_3D('',#12894,#9857,#9858);
#7934=AXIS2_PLACEMENT_3D('',#12900,#9862,#9863);
#7935=AXIS2_PLACEMENT_3D('',#12903,#9866,#9867);
#7936=AXIS2_PLACEMENT_3D('',#12909,#9871,#9872);
#7937=AXIS2_PLACEMENT_3D('',#12915,#9876,#9877);
#7938=AXIS2_PLACEMENT_3D('',#12916,#9878,#9879);
#7939=AXIS2_PLACEMENT_3D('',#12917,#9880,#9881);
#7940=AXIS2_PLACEMENT_3D('',#12918,#9882,#9883);
#7941=AXIS2_PLACEMENT_3D('',#12919,#9884,#9885);
#7942=AXIS2_PLACEMENT_3D('',#12922,#9887,#9888);
#7943=AXIS2_PLACEMENT_3D('',#12923,#9889,#9890);
#7944=AXIS2_PLACEMENT_3D('',#12925,#9891,#9892);
#7945=AXIS2_PLACEMENT_3D('',#12927,#9894,#9895);
#7946=AXIS2_PLACEMENT_3D('',#12928,#9896,#9897);
#7947=AXIS2_PLACEMENT_3D('',#12929,#9898,#9899);
#7948=AXIS2_PLACEMENT_3D('',#12933,#9902,#9903);
#7949=AXIS2_PLACEMENT_3D('',#12934,#9904,#9905);
#7950=AXIS2_PLACEMENT_3D('',#12935,#9906,#9907);
#7951=AXIS2_PLACEMENT_3D('',#12939,#9910,#9911);
#7952=AXIS2_PLACEMENT_3D('',#12940,#9912,#9913);
#7953=AXIS2_PLACEMENT_3D('',#12941,#9914,#9915);
#7954=AXIS2_PLACEMENT_3D('',#12942,#9916,#9917);
#7955=AXIS2_PLACEMENT_3D('',#12943,#9918,#9919);
#7956=AXIS2_PLACEMENT_3D('',#12975,#9923,#9924);
#7957=AXIS2_PLACEMENT_3D('',#13006,#9927,#9928);
#7958=AXIS2_PLACEMENT_3D('',#13036,#9930,#9931);
#7959=AXIS2_PLACEMENT_3D('',#13038,#9933,#9934);
#7960=AXIS2_PLACEMENT_3D('',#13068,#9936,#9937);
#7961=AXIS2_PLACEMENT_3D('',#13069,#9938,#9939);
#7962=AXIS2_PLACEMENT_3D('',#13071,#9941,#9942);
#7963=AXIS2_PLACEMENT_3D('',#13074,#9944,#9945);
#7964=AXIS2_PLACEMENT_3D('',#13075,#9946,#9947);
#7965=AXIS2_PLACEMENT_3D('',#13078,#9949,#9950);
#7966=AXIS2_PLACEMENT_3D('',#13079,#9951,#9952);
#7967=AXIS2_PLACEMENT_3D('',#13080,#9953,#9954);
#7968=AXIS2_PLACEMENT_3D('',#13081,#9955,#9956);
#7969=AXIS2_PLACEMENT_3D('',#13082,#9957,#9958);
#7970=AXIS2_PLACEMENT_3D('',#13083,#9959,#9960);
#7971=AXIS2_PLACEMENT_3D('',#13084,#9961,#9962);
#7972=AXIS2_PLACEMENT_3D('',#13085,#9963,#9964);
#7973=AXIS2_PLACEMENT_3D('',#13086,#9965,#9966);
#7974=AXIS2_PLACEMENT_3D('',#13087,#9967,#9968);
#7975=AXIS2_PLACEMENT_3D('',#13088,#9969,#9970);
#7976=AXIS2_PLACEMENT_3D('',#13089,#9971,#9972);
#7977=AXIS2_PLACEMENT_3D('',#13090,#9973,#9974);
#7978=AXIS2_PLACEMENT_3D('',#13125,#9975,#9976);
#7979=AXIS2_PLACEMENT_3D('',#13130,#9977,#9978);
#7980=AXIS2_PLACEMENT_3D('',#13133,#9979,#9980);
#7981=AXIS2_PLACEMENT_3D('',#13138,#9981,#9982);
#7982=AXIS2_PLACEMENT_3D('',#13145,#9983,#9984);
#7983=DIRECTION('axis',(0.,0.,1.));
#7984=DIRECTION('refdir',(1.,0.,0.));
#7985=DIRECTION('center_axis',(0.,-1.,0.));
#7986=DIRECTION('ref_axis',(1.,0.,0.));
#7987=DIRECTION('',(0.,-1.,0.));
#7988=DIRECTION('center_axis',(0.,-1.,0.));
#7989=DIRECTION('ref_axis',(1.,0.,0.));
#7990=DIRECTION('center_axis',(0.,1.,0.));
#7991=DIRECTION('ref_axis',(1.,0.,0.));
#7992=DIRECTION('center_axis',(0.,-1.,0.));
#7993=DIRECTION('ref_axis',(1.,0.,0.));
#7994=DIRECTION('',(0.,1.,0.));
#7995=DIRECTION('center_axis',(0.,0.,-1.));
#7996=DIRECTION('ref_axis',(-0.00615300881167469,-0.99998107006211,0.));
#7997=DIRECTION('',(0.,0.,-1.));
#7998=DIRECTION('',(0.,0.,-1.));
#7999=DIRECTION('center_axis',(0.,0.,-1.));
#8000=DIRECTION('ref_axis',(-0.0061530088116747,-0.99998107006211,0.));
#8001=DIRECTION('',(0.,0.,-1.));
#8002=DIRECTION('',(0.,0.,-1.));
#8003=DIRECTION('',(0.,0.,-1.));
#8004=DIRECTION('center_axis',(0.,0.,1.));
#8005=DIRECTION('ref_axis',(-0.00615300881167469,-0.99998107006211,0.));
#8006=DIRECTION('',(0.,0.,-1.));
#8007=DIRECTION('center_axis',(0.,-1.,0.));
#8008=DIRECTION('ref_axis',(-1.,0.,0.));
#8009=DIRECTION('',(0.,0.,-1.));
#8010=DIRECTION('center_axis',(0.,1.,0.));
#8011=DIRECTION('ref_axis',(1.,0.,2.61228946970625E-17));
#8012=DIRECTION('center_axis',(-2.22044604925031E-16,-1.,0.));
#8013=DIRECTION('ref_axis',(1.,0.,0.));
#8014=DIRECTION('center_axis',(-2.22044604925031E-16,-1.,0.));
#8015=DIRECTION('ref_axis',(1.,0.,0.));
#8016=DIRECTION('',(1.,0.,0.));
#8017=DIRECTION('',(0.,0.,-1.));
#8018=DIRECTION('center_axis',(-2.22044604925031E-16,-1.,0.));
#8019=DIRECTION('ref_axis',(1.,0.,0.));
#8020=DIRECTION('',(0.,0.,-1.));
#8021=DIRECTION('center_axis',(0.,1.,0.));
#8022=DIRECTION('ref_axis',(1.,0.,2.61228946970625E-17));
#8023=DIRECTION('',(0.,0.,1.));
#8024=DIRECTION('',(1.,0.,0.));
#8025=DIRECTION('center_axis',(0.,-1.,0.));
#8026=DIRECTION('ref_axis',(1.,0.,0.));
#8027=DIRECTION('center_axis',(0.,1.,0.));
#8028=DIRECTION('ref_axis',(1.,0.,0.));
#8029=DIRECTION('',(0.,-1.,0.));
#8030=DIRECTION('center_axis',(0.,1.,0.));
#8031=DIRECTION('ref_axis',(1.,0.,0.));
#8032=DIRECTION('center_axis',(-1.21333721503493E-16,1.,0.));
#8033=DIRECTION('ref_axis',(1.,0.,0.));
#8034=DIRECTION('',(0.,-1.,0.));
#8035=DIRECTION('center_axis',(0.,-1.,0.));
#8036=DIRECTION('ref_axis',(1.,0.,0.));
#8037=DIRECTION('center_axis',(0.,-1.,0.));
#8038=DIRECTION('ref_axis',(1.,0.,0.));
#8039=DIRECTION('center_axis',(0.,1.,0.));
#8040=DIRECTION('ref_axis',(1.,0.,0.));
#8041=DIRECTION('',(0.,-1.,0.));
#8042=DIRECTION('center_axis',(0.,-1.,0.));
#8043=DIRECTION('ref_axis',(1.,0.,0.));
#8044=DIRECTION('center_axis',(0.,1.,0.));
#8045=DIRECTION('ref_axis',(1.,0.,0.));
#8046=DIRECTION('center_axis',(-1.21333721503493E-16,1.,0.));
#8047=DIRECTION('ref_axis',(1.,0.,0.));
#8048=DIRECTION('',(0.,-1.,0.));
#8049=DIRECTION('center_axis',(0.,-1.,0.));
#8050=DIRECTION('ref_axis',(1.,0.,0.));
#8051=DIRECTION('center_axis',(0.,1.,0.));
#8052=DIRECTION('ref_axis',(1.,0.,0.));
#8053=DIRECTION('',(0.,-1.,0.));
#8054=DIRECTION('center_axis',(0.,-1.,0.));
#8055=DIRECTION('ref_axis',(1.,0.,0.));
#8056=DIRECTION('center_axis',(0.,1.,0.));
#8057=DIRECTION('ref_axis',(1.,0.,0.));
#8058=DIRECTION('',(0.,0.,-1.));
#8059=DIRECTION('center_axis',(0.,-1.,0.));
#8060=DIRECTION('ref_axis',(1.,0.,0.));
#8061=DIRECTION('center_axis',(0.,-1.,0.));
#8062=DIRECTION('ref_axis',(1.,0.,0.));
#8063=DIRECTION('',(0.,0.,-1.));
#8064=DIRECTION('',(1.,0.,0.));
#8065=DIRECTION('',(0.,0.,-1.));
#8066=DIRECTION('center_axis',(0.,-1.,0.));
#8067=DIRECTION('ref_axis',(1.,0.,0.));
#8068=DIRECTION('',(0.,0.,-1.));
#8069=DIRECTION('',(0.,0.,-1.));
#8070=DIRECTION('',(-1.,0.,0.));
#8071=DIRECTION('',(0.,0.,-1.));
#8072=DIRECTION('',(1.,0.,0.));
#8073=DIRECTION('',(3.65720525758875E-16,0.,1.));
#8074=DIRECTION('',(-1.,0.,1.01506105108586E-15));
#8075=DIRECTION('',(0.,0.,-1.));
#8076=DIRECTION('center_axis',(0.,1.,0.));
#8077=DIRECTION('ref_axis',(1.,0.,0.));
#8078=DIRECTION('',(0.,1.,0.));
#8079=DIRECTION('center_axis',(0.,1.,0.));
#8080=DIRECTION('ref_axis',(1.,0.,0.));
#8081=DIRECTION('center_axis',(0.,0.,-1.));
#8082=DIRECTION('ref_axis',(0.00964832498238088,0.999953453829244,0.));
#8083=DIRECTION('center_axis',(0.,0.,-1.));
#8084=DIRECTION('ref_axis',(0.00964832498238088,0.999953453829244,0.));
#8085=DIRECTION('',(0.,0.,-1.));
#8086=DIRECTION('center_axis',(0.,0.,1.));
#8087=DIRECTION('ref_axis',(0.00964832498238061,0.999953453829244,0.));
#8088=DIRECTION('center_axis',(0.,0.,-1.));
#8089=DIRECTION('ref_axis',(-0.952180324521658,-0.305536625617666,0.));
#8090=DIRECTION('',(0.,0.,-1.));
#8091=DIRECTION('',(0.,0.,-1.));
#8092=DIRECTION('center_axis',(0.,0.,-1.));
#8093=DIRECTION('ref_axis',(-0.952180324521658,-0.305536625617666,0.));
#8094=DIRECTION('',(0.,0.,-1.));
#8095=DIRECTION('center_axis',(0.,0.,1.));
#8096=DIRECTION('ref_axis',(-0.952180324521658,-0.305536625617666,0.));
#8097=DIRECTION('',(0.,0.,-1.));
#8098=DIRECTION('center_axis',(0.,0.,-1.));
#8099=DIRECTION('ref_axis',(0.946234027958796,0.32348286559395,0.));
#8100=DIRECTION('center_axis',(0.,0.,1.));
#8101=DIRECTION('ref_axis',(0.924035616379442,0.382306395005715,0.));
#8102=DIRECTION('',(0.,0.,1.));
#8103=DIRECTION('center_axis',(0.,0.,-1.));
#8104=DIRECTION('ref_axis',(0.946234027958796,0.32348286559395,0.));
#8105=DIRECTION('center_axis',(0.,1.,0.));
#8106=DIRECTION('ref_axis',(0.,0.,1.));
#8107=DIRECTION('center_axis',(0.,1.,0.));
#8108=DIRECTION('ref_axis',(1.,0.,0.));
#8109=DIRECTION('center_axis',(0.,1.,0.));
#8110=DIRECTION('ref_axis',(1.,0.,0.));
#8111=DIRECTION('center_axis',(0.,1.,0.));
#8112=DIRECTION('ref_axis',(1.,0.,0.));
#8113=DIRECTION('',(0.,-1.,0.));
#8114=DIRECTION('center_axis',(0.,-1.,0.));
#8115=DIRECTION('ref_axis',(1.,0.,0.));
#8116=DIRECTION('center_axis',(0.,1.,0.));
#8117=DIRECTION('ref_axis',(0.,0.,1.));
#8118=DIRECTION('center_axis',(0.,1.,0.));
#8119=DIRECTION('ref_axis',(0.,0.,1.));
#8120=DIRECTION('center_axis',(0.,1.,0.));
#8121=DIRECTION('ref_axis',(1.,0.,0.));
#8122=DIRECTION('center_axis',(0.,1.,0.));
#8123=DIRECTION('ref_axis',(1.,0.,0.));
#8124=DIRECTION('center_axis',(0.,1.,0.));
#8125=DIRECTION('ref_axis',(1.,0.,0.));
#8126=DIRECTION('',(0.,-1.,0.));
#8127=DIRECTION('center_axis',(0.,-1.,0.));
#8128=DIRECTION('ref_axis',(1.,0.,0.));
#8129=DIRECTION('center_axis',(0.,1.,0.));
#8130=DIRECTION('ref_axis',(0.,0.,1.));
#8131=DIRECTION('center_axis',(0.,-1.,0.));
#8132=DIRECTION('ref_axis',(1.,0.,0.));
#8133=DIRECTION('center_axis',(0.,-1.,0.));
#8134=DIRECTION('ref_axis',(1.,0.,0.));
#8135=DIRECTION('',(0.,-1.,0.));
#8136=DIRECTION('center_axis',(0.,-1.,0.));
#8137=DIRECTION('ref_axis',(1.,0.,0.));
#8138=DIRECTION('center_axis',(0.,1.,0.));
#8139=DIRECTION('ref_axis',(1.,0.,2.61228946970625E-17));
#8140=DIRECTION('center_axis',(0.,1.,0.));
#8141=DIRECTION('ref_axis',(1.,0.,2.61228946970625E-17));
#8142=DIRECTION('',(0.,1.,0.));
#8143=DIRECTION('center_axis',(0.,1.,0.));
#8144=DIRECTION('ref_axis',(1.,0.,2.61228946970625E-17));
#8145=DIRECTION('center_axis',(0.,1.,0.));
#8146=DIRECTION('ref_axis',(1.,0.,2.61228946970625E-17));
#8147=DIRECTION('',(0.,1.,0.));
#8148=DIRECTION('center_axis',(0.,1.,0.));
#8149=DIRECTION('ref_axis',(0.,0.,1.));
#8150=DIRECTION('',(0.,0.,-1.));
#8151=DIRECTION('',(1.,0.,0.));
#8152=DIRECTION('',(0.,0.,1.));
#8153=DIRECTION('center_axis',(0.,1.,0.));
#8154=DIRECTION('ref_axis',(1.,0.,2.61228946970625E-17));
#8155=DIRECTION('',(0.,0.,-1.));
#8156=DIRECTION('',(-1.,0.,0.));
#8157=DIRECTION('',(0.,0.,1.));
#8158=DIRECTION('center_axis',(0.,1.,0.));
#8159=DIRECTION('ref_axis',(1.,0.,2.61228946970625E-17));
#8160=DIRECTION('center_axis',(1.,0.,0.));
#8161=DIRECTION('ref_axis',(0.,0.,-1.));
#8162=DIRECTION('',(0.,1.,0.));
#8163=DIRECTION('',(0.,-1.,0.));
#8164=DIRECTION('center_axis',(0.,-1.,0.));
#8165=DIRECTION('ref_axis',(-1.,0.,0.));
#8166=DIRECTION('',(0.,0.,-1.));
#8167=DIRECTION('',(-1.,0.,0.));
#8168=DIRECTION('',(0.,0.,1.));
#8169=DIRECTION('center_axis',(0.,1.,0.));
#8170=DIRECTION('ref_axis',(1.,0.,2.61228946970625E-17));
#8171=DIRECTION('',(-1.,-5.2245789394125E-17,0.));
#8172=DIRECTION('center_axis',(0.,1.,0.));
#8173=DIRECTION('ref_axis',(1.,0.,2.61228946970625E-17));
#8174=DIRECTION('center_axis',(0.,1.,0.));
#8175=DIRECTION('ref_axis',(-1.,0.,0.));
#8176=DIRECTION('center_axis',(0.,-1.,0.));
#8177=DIRECTION('ref_axis',(-1.,0.,0.));
#8178=DIRECTION('',(0.,1.,0.));
#8179=DIRECTION('center_axis',(0.,1.,0.));
#8180=DIRECTION('ref_axis',(-1.,0.,0.));
#8181=DIRECTION('center_axis',(0.,1.,0.));
#8182=DIRECTION('ref_axis',(1.,0.,0.));
#8183=DIRECTION('center_axis',(0.,1.,0.));
#8184=DIRECTION('ref_axis',(1.,0.,0.));
#8185=DIRECTION('',(0.,1.,0.));
#8186=DIRECTION('center_axis',(0.,-1.,0.));
#8187=DIRECTION('ref_axis',(1.,0.,0.));
#8188=DIRECTION('center_axis',(0.,1.,0.));
#8189=DIRECTION('ref_axis',(0.,0.,1.));
#8190=DIRECTION('center_axis',(0.,1.,0.));
#8191=DIRECTION('ref_axis',(-1.,0.,0.));
#8192=DIRECTION('',(0.,-1.,0.));
#8193=DIRECTION('center_axis',(0.,1.,0.));
#8194=DIRECTION('ref_axis',(-1.,0.,0.));
#8195=DIRECTION('center_axis',(0.,1.,0.));
#8196=DIRECTION('ref_axis',(-1.,0.,0.));
#8197=DIRECTION('center_axis',(1.21333721503493E-16,-1.,0.));
#8198=DIRECTION('ref_axis',(-1.,0.,0.));
#8199=DIRECTION('',(0.,-1.,0.));
#8200=DIRECTION('center_axis',(0.,1.,0.));
#8201=DIRECTION('ref_axis',(-1.,0.,0.));
#8202=DIRECTION('center_axis',(0.,1.,0.));
#8203=DIRECTION('ref_axis',(1.,0.,0.));
#8204=DIRECTION('',(0.,-1.,0.));
#8205=DIRECTION('center_axis',(0.,-1.,0.));
#8206=DIRECTION('ref_axis',(1.,0.,0.));
#8207=DIRECTION('center_axis',(0.,1.,0.));
#8208=DIRECTION('ref_axis',(1.,0.,0.));
#8209=DIRECTION('center_axis',(-1.21333721503493E-16,1.,0.));
#8210=DIRECTION('ref_axis',(1.,0.,0.));
#8211=DIRECTION('',(0.,-1.,0.));
#8212=DIRECTION('center_axis',(-1.,0.,0.));
#8213=DIRECTION('ref_axis',(0.,0.,1.));
#8214=DIRECTION('',(0.,1.,0.));
#8215=DIRECTION('',(0.,0.,1.));
#8216=DIRECTION('',(0.,1.,0.));
#8217=DIRECTION('center_axis',(0.,-1.,0.));
#8218=DIRECTION('ref_axis',(-1.,0.,0.));
#8219=DIRECTION('',(0.,0.,-1.));
#8220=DIRECTION('center_axis',(0.,1.,0.));
#8221=DIRECTION('ref_axis',(1.,0.,2.61228946970625E-17));
#8222=DIRECTION('',(0.,0.,-1.));
#8223=DIRECTION('',(1.,0.,0.));
#8224=DIRECTION('',(0.,0.,1.));
#8225=DIRECTION('center_axis',(0.,1.,0.));
#8226=DIRECTION('ref_axis',(1.,0.,2.61228946970625E-17));
#8227=DIRECTION('center_axis',(0.,1.,0.));
#8228=DIRECTION('ref_axis',(1.,0.,2.61228946970625E-17));
#8229=DIRECTION('',(-1.,0.,0.));
#8230=DIRECTION('',(0.,0.,1.));
#8231=DIRECTION('',(1.,0.,-1.01506105108586E-15));
#8232=DIRECTION('',(-3.65720525758875E-16,0.,-1.));
#8233=DIRECTION('',(-1.,0.,0.));
#8234=DIRECTION('center_axis',(-1.,0.,0.));
#8235=DIRECTION('ref_axis',(0.,0.,1.));
#8236=DIRECTION('',(0.,0.,1.));
#8237=DIRECTION('',(0.,-1.,0.));
#8238=DIRECTION('',(0.,1.,0.));
#8239=DIRECTION('center_axis',(0.,1.,0.));
#8240=DIRECTION('ref_axis',(0.,0.,1.));
#8241=DIRECTION('',(0.,0.,-1.));
#8242=DIRECTION('center_axis',(0.,1.,0.));
#8243=DIRECTION('ref_axis',(1.,0.,2.61228946970625E-17));
#8244=DIRECTION('',(1.,0.,0.));
#8245=DIRECTION('',(0.,0.,-1.));
#8246=DIRECTION('center_axis',(0.,1.,0.));
#8247=DIRECTION('ref_axis',(1.,0.,2.61228946970625E-17));
#8248=DIRECTION('',(0.,0.,1.));
#8249=DIRECTION('',(-1.,0.,0.));
#8250=DIRECTION('center_axis',(0.,1.,0.));
#8251=DIRECTION('ref_axis',(1.,0.,0.));
#8252=DIRECTION('',(0.,0.,-1.));
#8253=DIRECTION('center_axis',(0.,-1.,0.));
#8254=DIRECTION('ref_axis',(1.,0.,2.61228946970625E-17));
#8255=DIRECTION('center_axis',(0.,-1.,0.));
#8256=DIRECTION('ref_axis',(1.,0.,2.61228946970625E-17));
#8257=DIRECTION('',(0.,0.,-1.));
#8258=DIRECTION('center_axis',(0.,1.,0.));
#8259=DIRECTION('ref_axis',(-1.,0.,0.));
#8260=DIRECTION('',(1.,0.,0.));
#8261=DIRECTION('',(1.,0.,0.));
#8262=DIRECTION('',(0.,0.,1.));
#8263=DIRECTION('',(1.,0.,0.));
#8264=DIRECTION('',(0.,0.,-1.));
#8265=DIRECTION('center_axis',(0.,-1.,0.));
#8266=DIRECTION('ref_axis',(1.,0.,0.));
#8267=DIRECTION('center_axis',(0.,-1.,0.));
#8268=DIRECTION('ref_axis',(0.,0.,-1.));
#8269=DIRECTION('center_axis',(0.,-1.,0.));
#8270=DIRECTION('ref_axis',(1.,0.,0.));
#8271=DIRECTION('center_axis',(1.21333721503493E-16,-1.,0.));
#8272=DIRECTION('ref_axis',(0.,0.,-1.));
#8273=DIRECTION('',(0.,0.,1.));
#8274=DIRECTION('center_axis',(1.21333721503493E-16,-1.,0.));
#8275=DIRECTION('ref_axis',(1.,1.21333721503493E-16,0.));
#8276=DIRECTION('center_axis',(0.,0.,-1.));
#8277=DIRECTION('ref_axis',(-0.813327310813838,-0.581806398627868,0.));
#8278=DIRECTION('center_axis',(0.,0.,-1.));
#8279=DIRECTION('ref_axis',(-0.813327310813838,-0.581806398627868,0.));
#8280=DIRECTION('',(0.,0.,-1.));
#8281=DIRECTION('center_axis',(0.,0.,1.));
#8282=DIRECTION('ref_axis',(-0.81332731081384,-0.581806398627866,0.));
#8283=DIRECTION('',(0.,0.,-1.));
#8284=DIRECTION('',(0.,0.,-1.));
#8285=DIRECTION('',(0.,0.,-1.));
#8286=DIRECTION('center_axis',(0.,0.,1.));
#8287=DIRECTION('ref_axis',(-0.813327310813838,-0.581806398627868,0.));
#8288=DIRECTION('center_axis',(0.,1.,0.));
#8289=DIRECTION('ref_axis',(1.,0.,2.61228946970625E-17));
#8290=DIRECTION('',(0.,1.,0.));
#8291=DIRECTION('center_axis',(0.,1.,0.));
#8292=DIRECTION('ref_axis',(1.,0.,2.61228946970625E-17));
#8293=DIRECTION('center_axis',(-1.21333721503493E-16,1.,0.));
#8294=DIRECTION('ref_axis',(1.,0.,2.61228946970625E-17));
#8295=DIRECTION('',(0.,1.,0.));
#8296=DIRECTION('center_axis',(0.,-1.,0.));
#8297=DIRECTION('ref_axis',(1.,0.,2.61228946970625E-17));
#8298=DIRECTION('center_axis',(0.,1.,0.));
#8299=DIRECTION('ref_axis',(1.,0.,2.61228946970625E-17));
#8300=DIRECTION('center_axis',(0.,1.,0.));
#8301=DIRECTION('ref_axis',(1.,0.,2.61228946970625E-17));
#8302=DIRECTION('',(0.,1.,0.));
#8303=DIRECTION('center_axis',(0.,-1.,0.));
#8304=DIRECTION('ref_axis',(1.,0.,2.61228946970625E-17));
#8305=DIRECTION('center_axis',(0.,1.,0.));
#8306=DIRECTION('ref_axis',(1.,0.,2.61228946970625E-17));
#8307=DIRECTION('',(0.,1.,0.));
#8308=DIRECTION('',(0.,1.,0.));
#8309=DIRECTION('center_axis',(1.,0.,0.));
#8310=DIRECTION('ref_axis',(0.,0.,-1.));
#8311=DIRECTION('',(0.,1.,0.));
#8312=DIRECTION('center_axis',(0.,0.,-1.));
#8313=DIRECTION('ref_axis',(0.00964832498238088,0.999953453829244,0.));
#8314=DIRECTION('center_axis',(0.,-1.,0.));
#8315=DIRECTION('ref_axis',(1.,0.,0.));
#8316=DIRECTION('center_axis',(0.,-1.,0.));
#8317=DIRECTION('ref_axis',(1.,0.,0.));
#8318=DIRECTION('',(0.,-1.,0.));
#8319=DIRECTION('center_axis',(0.,-1.,0.));
#8320=DIRECTION('ref_axis',(1.,0.,0.));
#8321=DIRECTION('center_axis',(0.,1.,0.));
#8322=DIRECTION('ref_axis',(0.,0.,1.));
#8323=DIRECTION('center_axis',(0.,1.,0.));
#8324=DIRECTION('ref_axis',(1.,0.,2.61228946970625E-17));
#8325=DIRECTION('center_axis',(0.,1.,0.));
#8326=DIRECTION('ref_axis',(-1.,0.,0.));
#8327=DIRECTION('',(0.,-1.,0.));
#8328=DIRECTION('center_axis',(0.,1.,0.));
#8329=DIRECTION('ref_axis',(-1.,0.,0.));
#8330=DIRECTION('center_axis',(0.,1.,0.));
#8331=DIRECTION('ref_axis',(-1.,0.,0.));
#8332=DIRECTION('center_axis',(1.21333721503493E-16,-1.,0.));
#8333=DIRECTION('ref_axis',(-1.,0.,0.));
#8334=DIRECTION('',(0.,-1.,0.));
#8335=DIRECTION('center_axis',(0.,1.,0.));
#8336=DIRECTION('ref_axis',(-1.,0.,0.));
#8337=DIRECTION('center_axis',(0.,1.,0.));
#8338=DIRECTION('ref_axis',(-1.,0.,0.));
#8339=DIRECTION('center_axis',(0.,1.,0.));
#8340=DIRECTION('ref_axis',(1.,0.,0.));
#8341=DIRECTION('',(0.,-1.,0.));
#8342=DIRECTION('center_axis',(0.,1.,0.));
#8343=DIRECTION('ref_axis',(1.,0.,0.));
#8344=DIRECTION('center_axis',(-1.21333721503493E-16,1.,0.));
#8345=DIRECTION('ref_axis',(1.,0.,0.));
#8346=DIRECTION('',(0.,-1.,0.));
#8347=DIRECTION('center_axis',(-1.,0.,0.));
#8348=DIRECTION('ref_axis',(0.,0.,1.));
#8349=DIRECTION('',(0.,1.,0.));
#8350=DIRECTION('',(0.,1.,0.));
#8351=DIRECTION('center_axis',(-1.,0.,0.));
#8352=DIRECTION('ref_axis',(0.,0.,1.));
#8353=DIRECTION('',(0.,-1.,0.));
#8354=DIRECTION('',(0.,1.,0.));
#8355=DIRECTION('center_axis',(0.,1.,0.));
#8356=DIRECTION('ref_axis',(1.,0.,0.));
#8357=DIRECTION('',(0.,0.,-1.));
#8358=DIRECTION('center_axis',(0.,-1.,0.));
#8359=DIRECTION('ref_axis',(1.,0.,2.61228946970625E-17));
#8360=DIRECTION('',(0.,0.,-1.));
#8361=DIRECTION('center_axis',(1.21333721503493E-16,-1.,0.));
#8362=DIRECTION('ref_axis',(0.,0.,-1.));
#8363=DIRECTION('',(0.,0.,-1.));
#8364=DIRECTION('center_axis',(1.21333721503493E-16,-1.,0.));
#8365=DIRECTION('ref_axis',(1.,1.21333721503493E-16,0.));
#8366=DIRECTION('center_axis',(0.,1.,0.));
#8367=DIRECTION('ref_axis',(0.,0.,1.));
#8368=DIRECTION('',(0.,0.,-1.));
#8369=DIRECTION('',(-1.,-1.48029736616688E-17,0.));
#8370=DIRECTION('',(-1.,0.,0.));
#8371=DIRECTION('',(0.,0.,-1.));
#8372=DIRECTION('',(1.,0.,7.0950698900969E-16));
#8373=DIRECTION('center_axis',(0.,1.,0.));
#8374=DIRECTION('ref_axis',(-0.500000000000001,0.,0.866025403784438));
#8375=DIRECTION('',(0.,0.,-1.));
#8376=DIRECTION('center_axis',(0.,1.,0.));
#8377=DIRECTION('ref_axis',(-1.,0.,0.));
#8378=DIRECTION('center_axis',(0.,1.,0.));
#8379=DIRECTION('ref_axis',(-1.,0.,0.));
#8380=DIRECTION('',(0.,0.,1.));
#8381=DIRECTION('center_axis',(0.,1.,0.));
#8382=DIRECTION('ref_axis',(-0.499999999999999,0.,0.866025403784439));
#8383=DIRECTION('',(1.,0.,0.));
#8384=DIRECTION('',(0.,0.,-1.));
#8385=DIRECTION('',(-1.,0.,0.));
#8386=DIRECTION('',(0.,0.,-1.));
#8387=DIRECTION('',(-1.,-1.48029736616688E-17,0.));
#8388=DIRECTION('',(0.,0.,1.));
#8389=DIRECTION('center_axis',(0.,1.,0.));
#8390=DIRECTION('ref_axis',(1.,0.,0.));
#8391=DIRECTION('center_axis',(0.,1.,0.));
#8392=DIRECTION('ref_axis',(1.,0.,0.));
#8393=DIRECTION('center_axis',(0.,1.,0.));
#8394=DIRECTION('ref_axis',(1.,0.,2.61228946970625E-17));
#8395=DIRECTION('center_axis',(0.,1.,0.));
#8396=DIRECTION('ref_axis',(-1.,0.,0.));
#8397=DIRECTION('center_axis',(0.,0.,-1.));
#8398=DIRECTION('ref_axis',(-0.00485450736797898,-0.999988216809685,0.));
#8399=DIRECTION('center_axis',(0.,0.,1.));
#8400=DIRECTION('ref_axis',(-0.00485450736797898,-0.999988216809685,0.));
#8401=DIRECTION('',(0.,0.,-1.));
#8402=DIRECTION('',(0.,0.,-1.));
#8403=DIRECTION('center_axis',(0.,0.,1.));
#8404=DIRECTION('ref_axis',(-0.00485450736798012,-0.999988216809685,0.));
#8405=DIRECTION('',(0.,0.,-1.));
#8406=DIRECTION('center_axis',(0.,0.,-1.));
#8407=DIRECTION('ref_axis',(-0.00485450736797898,-0.999988216809685,0.));
#8408=DIRECTION('center_axis',(0.,1.,0.));
#8409=DIRECTION('ref_axis',(1.,0.,2.61228946970625E-17));
#8410=DIRECTION('',(0.,1.,0.));
#8411=DIRECTION('center_axis',(0.,1.,0.));
#8412=DIRECTION('ref_axis',(1.,0.,2.61228946970625E-17));
#8413=DIRECTION('',(0.,1.,0.));
#8414=DIRECTION('center_axis',(0.,-1.,0.));
#8415=DIRECTION('ref_axis',(1.,0.,2.61228946970625E-17));
#8416=DIRECTION('center_axis',(0.,1.,0.));
#8417=DIRECTION('ref_axis',(1.,0.,2.61228946970625E-17));
#8418=DIRECTION('',(0.,1.,0.));
#8419=DIRECTION('',(0.,1.,0.));
#8420=DIRECTION('',(0.,-1.,0.));
#8421=DIRECTION('center_axis',(0.,1.,0.));
#8422=DIRECTION('ref_axis',(1.,0.,2.61228946970625E-17));
#8423=DIRECTION('center_axis',(-1.21333721503493E-16,1.,0.));
#8424=DIRECTION('ref_axis',(1.,0.,2.61228946970625E-17));
#8425=DIRECTION('',(0.,1.,0.));
#8426=DIRECTION('center_axis',(1.,0.,0.));
#8427=DIRECTION('ref_axis',(0.,0.,-1.));
#8428=DIRECTION('',(0.,1.,0.));
#8429=DIRECTION('center_axis',(0.,0.,-1.));
#8430=DIRECTION('ref_axis',(0.946234027958796,0.32348286559395,0.));
#8431=DIRECTION('center_axis',(0.,0.,1.));
#8432=DIRECTION('ref_axis',(-1.,0.,0.));
#8433=DIRECTION('',(-1.,0.,0.));
#8434=DIRECTION('',(0.,-1.,0.));
#8435=DIRECTION('',(-1.,0.,0.));
#8436=DIRECTION('',(0.,-1.,0.));
#8437=DIRECTION('center_axis',(-1.,0.,0.));
#8438=DIRECTION('ref_axis',(0.,0.,-1.));
#8439=DIRECTION('',(0.,0.,-1.));
#8440=DIRECTION('',(0.,-1.,0.));
#8441=DIRECTION('',(0.,0.,-1.));
#8442=DIRECTION('center_axis',(0.,0.,-1.));
#8443=DIRECTION('ref_axis',(1.,0.,0.));
#8444=DIRECTION('',(1.,0.,0.));
#8445=DIRECTION('',(0.,-1.,0.));
#8446=DIRECTION('',(1.,0.,0.));
#8447=DIRECTION('center_axis',(1.,0.,0.));
#8448=DIRECTION('ref_axis',(0.,0.,1.));
#8449=DIRECTION('',(0.,0.,1.));
#8450=DIRECTION('',(0.,0.,1.));
#8451=DIRECTION('center_axis',(1.,0.,0.));
#8452=DIRECTION('ref_axis',(0.,0.,1.));
#8453=DIRECTION('',(0.,0.,1.));
#8454=DIRECTION('',(0.,-1.,0.));
#8455=DIRECTION('',(0.,0.,1.));
#8456=DIRECTION('',(0.,-1.,0.));
#8457=DIRECTION('center_axis',(0.,0.,-1.));
#8458=DIRECTION('ref_axis',(1.,0.,0.));
#8459=DIRECTION('',(1.,0.,0.));
#8460=DIRECTION('',(0.,-1.,0.));
#8461=DIRECTION('',(1.,0.,0.));
#8462=DIRECTION('center_axis',(-1.,0.,0.));
#8463=DIRECTION('ref_axis',(0.,0.,-1.));
#8464=DIRECTION('',(0.,0.,-1.));
#8465=DIRECTION('',(0.,-1.,0.));
#8466=DIRECTION('',(0.,0.,-1.));
#8467=DIRECTION('center_axis',(0.,0.,1.));
#8468=DIRECTION('ref_axis',(-1.,0.,0.));
#8469=DIRECTION('',(-1.,0.,0.));
#8470=DIRECTION('',(-1.,0.,0.));
#8471=DIRECTION('center_axis',(0.,-1.,0.));
#8472=DIRECTION('ref_axis',(0.,0.,-1.));
#8473=DIRECTION('center_axis',(0.,1.,0.));
#8474=DIRECTION('ref_axis',(1.,0.,0.));
#8475=DIRECTION('',(-1.,0.,0.));
#8476=DIRECTION('',(0.,0.,-1.));
#8477=DIRECTION('',(1.,-2.22044604925031E-16,0.));
#8478=DIRECTION('',(0.,0.,-1.));
#8479=DIRECTION('center_axis',(-1.,0.,2.77555756156289E-16));
#8480=DIRECTION('ref_axis',(-2.77555756156289E-16,0.,-1.));
#8481=DIRECTION('',(-2.77555756156289E-16,0.,-1.));
#8482=DIRECTION('',(0.,-1.,0.));
#8483=DIRECTION('',(2.77555756156289E-16,0.,1.));
#8484=DIRECTION('',(0.,-1.,0.));
#8485=DIRECTION('center_axis',(0.,0.,1.));
#8486=DIRECTION('ref_axis',(-1.,0.,0.));
#8487=DIRECTION('',(-1.,0.,0.));
#8488=DIRECTION('',(0.,-1.,0.));
#8489=DIRECTION('',(1.,0.,0.));
#8490=DIRECTION('center_axis',(1.,0.,-2.22044604925031E-16));
#8491=DIRECTION('ref_axis',(2.22044604925031E-16,0.,1.));
#8492=DIRECTION('',(2.22044604925031E-16,0.,1.));
#8493=DIRECTION('',(0.,-1.,0.));
#8494=DIRECTION('',(-2.22044604925031E-16,0.,-1.));
#8495=DIRECTION('center_axis',(0.,0.,-1.));
#8496=DIRECTION('ref_axis',(1.,0.,0.));
#8497=DIRECTION('',(1.,0.,0.));
#8498=DIRECTION('',(-1.,0.,0.));
#8499=DIRECTION('center_axis',(0.,0.,1.));
#8500=DIRECTION('ref_axis',(1.,0.,0.));
#8501=DIRECTION('',(0.,1.,0.));
#8502=DIRECTION('center_axis',(1.,0.,0.));
#8503=DIRECTION('ref_axis',(0.,0.,-1.));
#8504=DIRECTION('center_axis',(0.,0.,-1.));
#8505=DIRECTION('ref_axis',(-1.,0.,0.));
#8506=DIRECTION('center_axis',(0.,0.,-1.));
#8507=DIRECTION('ref_axis',(-1.,0.,0.));
#8508=DIRECTION('center_axis',(0.,0.,1.));
#8509=DIRECTION('ref_axis',(1.,0.,0.));
#8510=DIRECTION('center_axis',(0.,0.,-1.));
#8511=DIRECTION('ref_axis',(-1.,0.,0.));
#8512=DIRECTION('',(0.,1.,0.));
#8513=DIRECTION('',(0.,1.,0.));
#8514=DIRECTION('center_axis',(1.,0.,-3.65720525758875E-16));
#8515=DIRECTION('ref_axis',(-3.65720525758875E-16,0.,-1.));
#8516=DIRECTION('',(0.,1.,0.));
#8517=DIRECTION('center_axis',(1.01506105108586E-15,0.,1.));
#8518=DIRECTION('ref_axis',(1.,0.,-1.01506105108586E-15));
#8519=DIRECTION('',(0.,1.,0.));
#8520=DIRECTION('center_axis',(-1.,0.,0.));
#8521=DIRECTION('ref_axis',(0.,0.,1.));
#8522=DIRECTION('center_axis',(0.,0.,-1.));
#8523=DIRECTION('ref_axis',(1.,0.,0.));
#8524=DIRECTION('center_axis',(0.,0.,-1.));
#8525=DIRECTION('ref_axis',(1.,0.,0.));
#8526=DIRECTION('',(0.,0.,-1.));
#8527=DIRECTION('center_axis',(0.,0.,1.));
#8528=DIRECTION('ref_axis',(1.,0.,0.));
#8529=DIRECTION('center_axis',(0.,-1.,0.));
#8530=DIRECTION('ref_axis',(1.,0.,0.));
#8531=DIRECTION('',(0.,-1.,0.));
#8532=DIRECTION('center_axis',(1.21333721503493E-16,-1.,0.));
#8533=DIRECTION('ref_axis',(1.,1.21333721503493E-16,0.));
#8534=DIRECTION('',(0.,1.,0.));
#8535=DIRECTION('center_axis',(-1.21333721503493E-16,1.,0.));
#8536=DIRECTION('ref_axis',(1.,0.,0.));
#8537=DIRECTION('center_axis',(1.21333721503493E-16,-1.,0.));
#8538=DIRECTION('ref_axis',(0.,0.,-1.));
#8539=DIRECTION('',(0.,0.,-1.));
#8540=DIRECTION('center_axis',(1.21333721503493E-16,-1.,0.));
#8541=DIRECTION('ref_axis',(1.,1.21333721503493E-16,0.));
#8542=DIRECTION('',(-1.,-1.21333721503493E-16,0.));
#8543=DIRECTION('',(0.,0.,-1.));
#8544=DIRECTION('',(0.,0.,-1.));
#8545=DIRECTION('',(1.,1.21333721503493E-16,0.));
#8546=DIRECTION('',(0.,0.,-1.));
#8547=DIRECTION('center_axis',(0.,0.,-1.));
#8548=DIRECTION('ref_axis',(-1.,0.,0.));
#8549=DIRECTION('center_axis',(0.,0.,-1.));
#8550=DIRECTION('ref_axis',(0.00964832498238088,0.999953453829244,0.));
#8551=DIRECTION('',(0.,1.,0.));
#8552=DIRECTION('center_axis',(0.,0.,-1.));
#8553=DIRECTION('ref_axis',(0.00964832498238088,0.999953453829244,0.));
#8554=DIRECTION('center_axis',(0.,0.,1.));
#8555=DIRECTION('ref_axis',(0.00964832498238088,0.999953453829244,0.));
#8556=DIRECTION('',(0.,0.,1.));
#8557=DIRECTION('center_axis',(1.,0.,0.));
#8558=DIRECTION('ref_axis',(0.,1.,0.));
#8559=DIRECTION('',(0.,-1.,0.));
#8560=DIRECTION('center_axis',(0.,0.,1.));
#8561=DIRECTION('ref_axis',(1.,0.,0.));
#8562=DIRECTION('center_axis',(0.,0.,-1.));
#8563=DIRECTION('ref_axis',(1.,0.,0.));
#8564=DIRECTION('center_axis',(0.,0.,-1.));
#8565=DIRECTION('ref_axis',(1.,0.,0.));
#8566=DIRECTION('',(0.,0.,-1.));
#8567=DIRECTION('center_axis',(0.,0.,1.));
#8568=DIRECTION('ref_axis',(1.,0.,0.));
#8569=DIRECTION('center_axis',(0.,0.,1.));
#8570=DIRECTION('ref_axis',(1.,0.,0.));
#8571=DIRECTION('center_axis',(0.,0.,1.));
#8572=DIRECTION('ref_axis',(0.946234027958796,0.32348286559395,0.));
#8573=DIRECTION('',(-1.,-1.21333721503493E-16,0.));
#8574=DIRECTION('',(0.,1.,0.));
#8575=DIRECTION('center_axis',(0.,0.,-1.));
#8576=DIRECTION('ref_axis',(0.946234027958796,0.32348286559395,0.));
#8577=DIRECTION('',(0.,0.,-1.));
#8578=DIRECTION('center_axis',(0.,0.,-1.));
#8579=DIRECTION('ref_axis',(0.946234027958796,0.32348286559395,0.));
#8580=DIRECTION('',(0.,0.,-1.));
#8581=DIRECTION('',(0.,0.,1.));
#8582=DIRECTION('center_axis',(0.,1.,0.));
#8583=DIRECTION('ref_axis',(-1.,0.,0.));
#8584=DIRECTION('',(1.,1.21333721503493E-16,0.));
#8585=DIRECTION('',(0.,0.,1.));
#8586=DIRECTION('',(1.,0.,0.));
#8587=DIRECTION('',(1.,0.,0.));
#8588=DIRECTION('center_axis',(1.21333721503493E-16,-1.,6.16297582203915E-33));
#8589=DIRECTION('ref_axis',(-0.500000000000001,-6.06668607517468E-17,-0.866025403784438));
#8590=DIRECTION('center_axis',(0.,0.,1.));
#8591=DIRECTION('ref_axis',(1.,0.,0.));
#8592=DIRECTION('center_axis',(0.,0.,1.));
#8593=DIRECTION('ref_axis',(0.00964832498238061,0.999953453829244,0.));
#8594=DIRECTION('center_axis',(0.,0.,-1.));
#8595=DIRECTION('ref_axis',(0.00964832498238088,0.999953453829244,0.));
#8596=DIRECTION('center_axis',(0.,0.,1.));
#8597=DIRECTION('ref_axis',(0.00964832498238088,0.999953453829244,0.));
#8598=DIRECTION('',(0.,0.,-1.));
#8599=DIRECTION('center_axis',(1.21333721503493E-16,-1.,0.));
#8600=DIRECTION('ref_axis',(1.,1.21333721503493E-16,0.));
#8601=DIRECTION('',(-1.,-1.21333721503493E-16,0.));
#8602=DIRECTION('',(0.,0.,1.));
#8603=DIRECTION('center_axis',(-1.21333721503493E-16,1.,0.));
#8604=DIRECTION('ref_axis',(1.,0.,0.));
#8605=DIRECTION('',(0.,0.,1.));
#8606=DIRECTION('',(-1.,-1.21333721503493E-16,0.));
#8607=DIRECTION('',(0.,0.,-1.));
#8608=DIRECTION('center_axis',(-1.21333721503493E-16,1.,0.));
#8609=DIRECTION('ref_axis',(1.,0.,0.));
#8610=DIRECTION('',(0.,0.,-1.));
#8611=DIRECTION('',(-1.,-1.21333721503493E-16,0.));
#8612=DIRECTION('center_axis',(1.21333721503493E-16,-1.,6.16297582203915E-33));
#8613=DIRECTION('ref_axis',(-0.500000000000002,-6.0666860751747E-17,-0.866025403784437));
#8614=DIRECTION('',(1.,1.21333721503493E-16,0.));
#8615=DIRECTION('center_axis',(1.21333721503493E-16,-1.,6.16297582203915E-33));
#8616=DIRECTION('ref_axis',(-0.500000000000001,-6.06668607517468E-17,-0.866025403784438));
#8617=DIRECTION('center_axis',(0.,0.,-1.));
#8618=DIRECTION('ref_axis',(-1.,0.,0.));
#8619=DIRECTION('',(0.,-1.,0.));
#8620=DIRECTION('',(1.,1.21333721503493E-16,0.));
#8621=DIRECTION('center_axis',(0.,1.,0.));
#8622=DIRECTION('ref_axis',(-1.,0.,0.));
#8623=DIRECTION('center_axis',(1.21333721503493E-16,-1.,6.16297582203915E-33));
#8624=DIRECTION('ref_axis',(-0.500000000000002,-6.0666860751747E-17,-0.866025403784437));
#8625=DIRECTION('',(1.,0.,0.));
#8626=DIRECTION('',(1.,0.,0.));
#8627=DIRECTION('',(0.,0.,-1.));
#8628=DIRECTION('',(1.,1.21333721503493E-16,0.));
#8629=DIRECTION('center_axis',(0.,0.,-1.));
#8630=DIRECTION('ref_axis',(0.946234027958796,0.32348286559395,0.));
#8631=DIRECTION('center_axis',(0.,0.,1.));
#8632=DIRECTION('ref_axis',(0.924035616379442,0.382306395005715,0.));
#8633=DIRECTION('',(0.,0.,-1.));
#8634=DIRECTION('',(0.,0.,-1.));
#8635=DIRECTION('',(0.,0.,-1.));
#8636=DIRECTION('center_axis',(0.,0.,1.));
#8637=DIRECTION('ref_axis',(0.946234027958796,0.32348286559395,0.));
#8638=DIRECTION('',(0.,0.,-1.));
#8639=DIRECTION('center_axis',(1.21333721503493E-16,-1.,0.));
#8640=DIRECTION('ref_axis',(1.,1.21333721503493E-16,0.));
#8641=DIRECTION('',(0.,0.,-1.));
#8642=DIRECTION('',(0.,0.,1.));
#8643=DIRECTION('center_axis',(-1.21333721503493E-16,1.,0.));
#8644=DIRECTION('ref_axis',(1.,0.,0.));
#8645=DIRECTION('',(0.,0.,1.));
#8646=DIRECTION('center_axis',(-1.,0.,0.));
#8647=DIRECTION('ref_axis',(0.,-1.,0.));
#8648=DIRECTION('',(0.,1.,0.));
#8649=DIRECTION('',(0.,0.,1.));
#8650=DIRECTION('',(0.,-1.,0.));
#8651=DIRECTION('center_axis',(1.,0.,0.));
#8652=DIRECTION('ref_axis',(0.,1.,0.));
#8653=DIRECTION('',(0.,1.,0.));
#8654=DIRECTION('',(0.,-1.,0.));
#8655=DIRECTION('',(0.,1.,0.));
#8656=DIRECTION('',(0.,-1.,0.));
#8657=DIRECTION('',(0.,-1.,0.));
#8658=DIRECTION('center_axis',(0.,0.,-1.));
#8659=DIRECTION('ref_axis',(-1.,0.,0.));
#8660=DIRECTION('center_axis',(1.21333721503493E-16,-1.,0.));
#8661=DIRECTION('ref_axis',(0.,0.,-1.));
#8662=DIRECTION('center_axis',(1.21333721503493E-16,-1.,0.));
#8663=DIRECTION('ref_axis',(0.,0.,-1.));
#8664=DIRECTION('center_axis',(1.21333721503493E-16,-1.,0.));
#8665=DIRECTION('ref_axis',(1.,1.21333721503493E-16,0.));
#8666=DIRECTION('center_axis',(0.,-1.,0.));
#8667=DIRECTION('ref_axis',(1.,0.,0.));
#8668=DIRECTION('center_axis',(0.,-1.,0.));
#8669=DIRECTION('ref_axis',(-1.,0.,1.65389215948552E-15));
#8670=DIRECTION('center_axis',(0.,-1.,0.));
#8671=DIRECTION('ref_axis',(0.,0.,-1.));
#8672=DIRECTION('center_axis',(0.,0.,1.));
#8673=DIRECTION('ref_axis',(1.,0.,0.));
#8674=DIRECTION('center_axis',(0.,-1.,0.));
#8675=DIRECTION('ref_axis',(0.,0.,-1.));
#8676=DIRECTION('center_axis',(-1.,0.,0.));
#8677=DIRECTION('ref_axis',(0.,-1.,0.));
#8678=DIRECTION('',(0.,1.,0.));
#8679=DIRECTION('',(0.,-1.,0.));
#8680=DIRECTION('',(0.,1.,0.));
#8681=DIRECTION('',(0.,1.,0.));
#8682=DIRECTION('',(0.,-1.,0.));
#8683=DIRECTION('center_axis',(0.,0.,-1.));
#8684=DIRECTION('ref_axis',(-1.,0.,0.));
#8685=DIRECTION('center_axis',(1.21333721503493E-16,-1.,0.));
#8686=DIRECTION('ref_axis',(0.,0.,-1.));
#8687=DIRECTION('center_axis',(0.,-1.,0.));
#8688=DIRECTION('ref_axis',(-1.,0.,1.22464679914735E-16));
#8689=DIRECTION('center_axis',(0.,-1.,0.));
#8690=DIRECTION('ref_axis',(-1.72684608840783E-16,0.,1.));
#8691=DIRECTION('center_axis',(0.,1.,0.));
#8692=DIRECTION('ref_axis',(-1.,0.,0.));
#8693=DIRECTION('',(-1.72684608840783E-16,0.,1.));
#8694=DIRECTION('',(-1.,0.,0.));
#8695=DIRECTION('',(-1.72684608840783E-16,0.,1.));
#8696=DIRECTION('center_axis',(-1.,0.,0.));
#8697=DIRECTION('ref_axis',(0.,0.,1.));
#8698=DIRECTION('',(0.,1.,0.));
#8699=DIRECTION('',(0.,-1.,0.));
#8700=DIRECTION('',(1.72684608840783E-16,0.,-1.));
#8701=DIRECTION('center_axis',(0.,0.,-1.));
#8702=DIRECTION('ref_axis',(0.,-1.,0.));
#8703=DIRECTION('',(0.,-1.,0.));
#8704=DIRECTION('',(-1.,0.,0.));
#8705=DIRECTION('center_axis',(0.,1.,0.));
#8706=DIRECTION('ref_axis',(1.72684608840783E-16,0.,-1.));
#8707=DIRECTION('center_axis',(0.,-1.,0.));
#8708=DIRECTION('ref_axis',(-1.,0.,0.));
#8709=DIRECTION('',(1.72684608840783E-16,0.,-1.));
#8710=DIRECTION('center_axis',(0.,1.,0.));
#8711=DIRECTION('ref_axis',(-1.,0.,0.));
#8712=DIRECTION('',(0.,-1.,0.));
#8713=DIRECTION('center_axis',(0.,1.,0.));
#8714=DIRECTION('ref_axis',(-1.,0.,0.));
#8715=DIRECTION('',(0.,1.,0.));
#8716=DIRECTION('center_axis',(0.,-1.,0.));
#8717=DIRECTION('ref_axis',(-1.,0.,0.));
#8718=DIRECTION('',(0.,-1.,0.));
#8719=DIRECTION('center_axis',(0.,1.,0.));
#8720=DIRECTION('ref_axis',(7.40148683083438E-17,0.,1.));
#8721=DIRECTION('center_axis',(0.,-1.,0.));
#8722=DIRECTION('ref_axis',(-1.,0.,0.));
#8723=DIRECTION('',(7.40148683083438E-17,0.,1.));
#8724=DIRECTION('',(1.,0.,0.));
#8725=DIRECTION('',(7.40148683083438E-17,0.,1.));
#8726=DIRECTION('center_axis',(1.,0.,0.));
#8727=DIRECTION('ref_axis',(0.,0.,-1.));
#8728=DIRECTION('',(0.,-1.,0.));
#8729=DIRECTION('',(0.,1.,0.));
#8730=DIRECTION('',(-7.40148683083438E-17,0.,-1.));
#8731=DIRECTION('center_axis',(0.,0.,-1.));
#8732=DIRECTION('ref_axis',(0.,1.,0.));
#8733=DIRECTION('',(0.,1.,0.));
#8734=DIRECTION('',(1.,0.,0.));
#8735=DIRECTION('center_axis',(0.,-1.,0.));
#8736=DIRECTION('ref_axis',(-7.40148683083438E-17,0.,-1.));
#8737=DIRECTION('center_axis',(0.,1.,0.));
#8738=DIRECTION('ref_axis',(-1.,0.,0.));
#8739=DIRECTION('',(-7.40148683083438E-17,0.,-1.));
#8740=DIRECTION('center_axis',(0.,1.,0.));
#8741=DIRECTION('ref_axis',(-1.,0.,0.));
#8742=DIRECTION('',(0.,1.,0.));
#8743=DIRECTION('center_axis',(0.,-1.,0.));
#8744=DIRECTION('ref_axis',(-1.,0.,0.));
#8745=DIRECTION('center_axis',(0.,1.,0.));
#8746=DIRECTION('ref_axis',(-1.,0.,0.));
#8747=DIRECTION('',(0.,1.,0.));
#8748=DIRECTION('center_axis',(0.,1.,0.));
#8749=DIRECTION('ref_axis',(1.,0.,0.));
#8750=DIRECTION('',(0.,-1.,0.));
#8751=DIRECTION('center_axis',(0.,1.,0.));
#8752=DIRECTION('ref_axis',(1.,0.,0.));
#8753=DIRECTION('',(0.,1.,0.));
#8754=DIRECTION('center_axis',(0.,-1.,0.));
#8755=DIRECTION('ref_axis',(1.,0.,0.));
#8756=DIRECTION('center_axis',(0.,1.,0.));
#8757=DIRECTION('ref_axis',(1.,0.,0.));
#8758=DIRECTION('',(0.,1.,0.));
#8759=DIRECTION('center_axis',(0.,-1.,0.));
#8760=DIRECTION('ref_axis',(1.,0.,0.));
#8761=DIRECTION('center_axis',(0.,1.,0.));
#8762=DIRECTION('ref_axis',(1.,0.,0.));
#8763=DIRECTION('center_axis',(0.,-1.,0.));
#8764=DIRECTION('ref_axis',(0.,0.,-1.));
#8765=DIRECTION('',(-1.72684608840783E-16,0.,1.));
#8766=DIRECTION('center_axis',(0.,-1.,0.));
#8767=DIRECTION('ref_axis',(0.5,0.,0.866025403784439));
#8768=DIRECTION('',(-1.,0.,0.));
#8769=DIRECTION('',(-1.,0.,0.));
#8770=DIRECTION('center_axis',(0.,1.,0.));
#8771=DIRECTION('ref_axis',(-0.5,0.,-0.866025403784439));
#8772=DIRECTION('',(-1.72684608840783E-16,0.,1.));
#8773=DIRECTION('',(-7.40148683083438E-17,0.,-1.));
#8774=DIRECTION('center_axis',(0.,1.,0.));
#8775=DIRECTION('ref_axis',(-0.500000000000002,0.,-0.866025403784437));
#8776=DIRECTION('',(-1.,0.,0.));
#8777=DIRECTION('',(-8.92143501930926E-16,-1.08247091204438E-31,1.));
#8778=DIRECTION('',(1.,0.,0.));
#8779=DIRECTION('',(1.,0.,0.));
#8780=DIRECTION('',(1.,0.,0.));
#8781=DIRECTION('center_axis',(0.,-1.,0.));
#8782=DIRECTION('ref_axis',(0.499999999999999,0.,0.866025403784439));
#8783=DIRECTION('',(-7.40148683083438E-17,0.,-1.));
#8784=DIRECTION('center_axis',(0.,-1.,0.));
#8785=DIRECTION('ref_axis',(1.,0.,0.));
#8786=DIRECTION('center_axis',(1.,0.,1.72684608840783E-16));
#8787=DIRECTION('ref_axis',(1.72684608840783E-16,0.,-1.));
#8788=DIRECTION('',(1.72684608840783E-16,-6.72862439166762E-18,-1.));
#8789=DIRECTION('',(0.,1.,0.));
#8790=DIRECTION('center_axis',(-1.,0.,7.40148683083438E-17));
#8791=DIRECTION('ref_axis',(7.40148683083438E-17,0.,1.));
#8792=DIRECTION('',(0.,-1.,0.));
#8793=DIRECTION('',(7.40148683083438E-17,6.72862439166762E-18,1.));
#8794=DIRECTION('center_axis',(0.,-1.,0.));
#8795=DIRECTION('ref_axis',(0.,0.,-1.));
#8796=DIRECTION('center_axis',(0.,1.,0.));
#8797=DIRECTION('ref_axis',(-1.,0.,0.));
#8798=DIRECTION('',(0.,0.,-1.));
#8799=DIRECTION('',(1.,0.,0.));
#8800=DIRECTION('',(0.,0.,-1.));
#8801=DIRECTION('center_axis',(1.,0.,0.));
#8802=DIRECTION('ref_axis',(0.,0.,-1.));
#8803=DIRECTION('',(0.,1.,0.));
#8804=DIRECTION('',(0.,-1.,0.));
#8805=DIRECTION('',(0.,0.,1.));
#8806=DIRECTION('center_axis',(0.,0.,1.));
#8807=DIRECTION('ref_axis',(0.,-1.,0.));
#8808=DIRECTION('',(0.,-1.,0.));
#8809=DIRECTION('',(1.,0.,0.));
#8810=DIRECTION('center_axis',(0.,1.,0.));
#8811=DIRECTION('ref_axis',(0.,0.,1.));
#8812=DIRECTION('center_axis',(0.,-1.,0.));
#8813=DIRECTION('ref_axis',(-1.,0.,0.));
#8814=DIRECTION('',(0.,0.,1.));
#8815=DIRECTION('center_axis',(0.,-1.,0.));
#8816=DIRECTION('ref_axis',(-1.,0.,0.));
#8817=DIRECTION('',(0.,-1.,0.));
#8818=DIRECTION('',(0.,-1.,0.));
#8819=DIRECTION('center_axis',(0.,-1.,0.));
#8820=DIRECTION('ref_axis',(-1.,0.,0.));
#8821=DIRECTION('',(0.,-1.,0.));
#8822=DIRECTION('center_axis',(0.,1.,0.));
#8823=DIRECTION('ref_axis',(0.,0.,-1.));
#8824=DIRECTION('center_axis',(0.,-1.,0.));
#8825=DIRECTION('ref_axis',(-1.,0.,0.));
#8826=DIRECTION('',(0.,0.,-1.));
#8827=DIRECTION('',(-1.,0.,0.));
#8828=DIRECTION('',(0.,0.,-1.));
#8829=DIRECTION('center_axis',(-1.,0.,0.));
#8830=DIRECTION('ref_axis',(0.,0.,1.));
#8831=DIRECTION('',(0.,-1.,0.));
#8832=DIRECTION('',(0.,1.,0.));
#8833=DIRECTION('',(0.,0.,1.));
#8834=DIRECTION('center_axis',(0.,0.,1.));
#8835=DIRECTION('ref_axis',(0.,1.,0.));
#8836=DIRECTION('',(0.,1.,0.));
#8837=DIRECTION('',(-1.,0.,0.));
#8838=DIRECTION('center_axis',(0.,-1.,0.));
#8839=DIRECTION('ref_axis',(0.,0.,1.));
#8840=DIRECTION('center_axis',(0.,1.,0.));
#8841=DIRECTION('ref_axis',(-1.,0.,0.));
#8842=DIRECTION('',(0.,0.,1.));
#8843=DIRECTION('center_axis',(0.,-1.,0.));
#8844=DIRECTION('ref_axis',(-1.,0.,0.));
#8845=DIRECTION('',(0.,1.,0.));
#8846=DIRECTION('center_axis',(0.,-1.,0.));
#8847=DIRECTION('ref_axis',(-1.,0.,0.));
#8848=DIRECTION('',(0.,1.,0.));
#8849=DIRECTION('center_axis',(0.,-1.,0.));
#8850=DIRECTION('ref_axis',(1.,0.,0.));
#8851=DIRECTION('',(0.,-1.,0.));
#8852=DIRECTION('',(0.,-1.,0.));
#8853=DIRECTION('center_axis',(0.,-1.,0.));
#8854=DIRECTION('ref_axis',(1.,0.,0.));
#8855=DIRECTION('center_axis',(0.,-1.,0.));
#8856=DIRECTION('ref_axis',(1.,0.,0.));
#8857=DIRECTION('',(0.,1.,0.));
#8858=DIRECTION('center_axis',(0.,-1.,0.));
#8859=DIRECTION('ref_axis',(1.,0.,0.));
#8860=DIRECTION('center_axis',(1.,0.,0.));
#8861=DIRECTION('ref_axis',(0.,-6.72862439166762E-18,-1.));
#8862=DIRECTION('',(0.,1.,0.));
#8863=DIRECTION('',(0.,6.72862439166762E-18,1.));
#8864=DIRECTION('center_axis',(1.,0.,0.));
#8865=DIRECTION('ref_axis',(0.,-6.72862439166762E-18,-1.));
#8866=DIRECTION('',(0.,6.72862439166762E-18,1.));
#8867=DIRECTION('',(0.,1.,0.));
#8868=DIRECTION('center_axis',(0.,1.,-6.72862439166762E-18));
#8869=DIRECTION('ref_axis',(0.,-6.72862439166762E-18,-1.));
#8870=DIRECTION('center_axis',(0.,1.,-6.72862439166762E-18));
#8871=DIRECTION('ref_axis',(-0.500000000000001,0.,0.866025403784438));
#8872=DIRECTION('',(1.,0.,7.0950698900969E-16));
#8873=DIRECTION('',(-1.,0.,-7.0950698900969E-16));
#8874=DIRECTION('',(0.,0.,1.));
#8875=DIRECTION('',(1.,0.,0.));
#8876=DIRECTION('',(-1.,0.,0.));
#8877=DIRECTION('center_axis',(0.,1.,-6.72862439166762E-18));
#8878=DIRECTION('ref_axis',(0.5,0.,-0.866025403784439));
#8879=DIRECTION('',(0.,-6.72862439166762E-18,-1.));
#8880=DIRECTION('center_axis',(0.,1.,-6.72862439166762E-18));
#8881=DIRECTION('ref_axis',(0.5,0.,-0.866025403784439));
#8882=DIRECTION('',(-1.,0.,0.));
#8883=DIRECTION('',(1.,0.,0.));
#8884=DIRECTION('',(0.,0.,-1.));
#8885=DIRECTION('',(-1.,0.,0.));
#8886=DIRECTION('',(1.,0.,8.44416721637701E-16));
#8887=DIRECTION('center_axis',(0.,1.,-6.72862439166762E-18));
#8888=DIRECTION('ref_axis',(-0.499999999999999,0.,0.866025403784439));
#8889=DIRECTION('',(0.,-6.72862439166762E-18,-1.));
#8890=DIRECTION('center_axis',(0.,-1.,6.72862439166762E-18));
#8891=DIRECTION('ref_axis',(1.,0.,5.9211894646675E-17));
#8892=DIRECTION('center_axis',(0.,-1.,6.72862439166762E-18));
#8893=DIRECTION('ref_axis',(1.,0.,0.));
#8894=DIRECTION('center_axis',(0.,-1.,6.72862439166762E-18));
#8895=DIRECTION('ref_axis',(1.,0.,5.9211894646675E-17));
#8896=DIRECTION('center_axis',(0.,-1.,6.72862439166762E-18));
#8897=DIRECTION('ref_axis',(1.,0.,0.));
#8898=DIRECTION('center_axis',(-1.,0.,0.));
#8899=DIRECTION('ref_axis',(0.,6.72862439166762E-18,1.));
#8900=DIRECTION('',(0.,1.,0.));
#8901=DIRECTION('center_axis',(-1.,0.,0.));
#8902=DIRECTION('ref_axis',(0.,6.72862439166762E-18,1.));
#8903=DIRECTION('',(0.,-1.,0.));
#8904=DIRECTION('center_axis',(-1.,-1.38777878078145E-16,-8.92143501930926E-16));
#8905=DIRECTION('ref_axis',(-8.92143501930926E-16,-1.08247091204438E-31,
1.));
#8906=DIRECTION('',(1.38777878078145E-16,-1.,0.));
#8907=DIRECTION('',(-8.92143501930926E-16,0.,1.));
#8908=DIRECTION('',(-1.38777878078145E-16,1.,0.));
#8909=DIRECTION('center_axis',(0.,1.,0.));
#8910=DIRECTION('ref_axis',(1.,0.,0.));
#8911=DIRECTION('center_axis',(0.,1.,-6.72862439166762E-18));
#8912=DIRECTION('ref_axis',(1.,0.,0.));
#8913=DIRECTION('',(0.,1.,0.));
#8914=DIRECTION('center_axis',(0.,1.,0.));
#8915=DIRECTION('ref_axis',(1.,0.,0.));
#8916=DIRECTION('center_axis',(0.,1.,-6.72862439166762E-18));
#8917=DIRECTION('ref_axis',(1.,0.,0.));
#8918=DIRECTION('',(0.,1.,0.));
#8919=DIRECTION('center_axis',(-1.,0.,0.));
#8920=DIRECTION('ref_axis',(0.,1.,0.));
#8921=DIRECTION('',(0.,0.,1.));
#8922=DIRECTION('',(0.,-1.,0.));
#8923=DIRECTION('',(0.,-1.,0.));
#8924=DIRECTION('',(0.,0.,-1.));
#8925=DIRECTION('',(0.,-1.,0.));
#8926=DIRECTION('',(0.,1.,0.));
#8927=DIRECTION('',(0.,0.,-1.));
#8928=DIRECTION('',(-3.1720657846433E-16,1.,0.));
#8929=DIRECTION('',(0.,1.,0.));
#8930=DIRECTION('center_axis',(1.,0.,0.));
#8931=DIRECTION('ref_axis',(0.,-1.,0.));
#8932=DIRECTION('',(0.,-1.,0.));
#8933=DIRECTION('',(0.,0.,-1.));
#8934=DIRECTION('',(0.,-1.,0.));
#8935=DIRECTION('',(0.,-1.,0.));
#8936=DIRECTION('',(0.,-1.,0.));
#8937=DIRECTION('',(0.,0.,1.));
#8938=DIRECTION('center_axis',(0.,1.,0.));
#8939=DIRECTION('ref_axis',(0.,0.,1.));
#8940=DIRECTION('',(-1.,0.,0.));
#8941=DIRECTION('',(1.,0.,0.));
#8942=DIRECTION('center_axis',(0.,0.,-1.));
#8943=DIRECTION('ref_axis',(-1.,0.,0.));
#8944=DIRECTION('',(-1.,0.,0.));
#8945=DIRECTION('',(-1.38777878078145E-16,1.,0.));
#8946=DIRECTION('center_axis',(0.,1.,0.));
#8947=DIRECTION('ref_axis',(-0.500000000000001,0.,-0.866025403784438));
#8948=DIRECTION('center_axis',(0.,1.,0.));
#8949=DIRECTION('ref_axis',(-0.500000000000001,0.,-0.866025403784438));
#8950=DIRECTION('',(0.,1.,0.));
#8951=DIRECTION('center_axis',(0.,1.,0.));
#8952=DIRECTION('ref_axis',(0.500000000000002,0.,0.866025403784437));
#8953=DIRECTION('',(0.,1.,0.));
#8954=DIRECTION('center_axis',(0.,-1.,0.));
#8955=DIRECTION('ref_axis',(-0.500000000000002,0.,-0.866025403784437));
#8956=DIRECTION('',(0.,1.,0.));
#8957=DIRECTION('center_axis',(0.,0.,1.));
#8958=DIRECTION('ref_axis',(1.,0.,0.));
#8959=DIRECTION('',(1.,0.,0.));
#8960=DIRECTION('',(-1.,0.,0.));
#8961=DIRECTION('center_axis',(0.,0.,-1.));
#8962=DIRECTION('ref_axis',(-1.,0.,0.));
#8963=DIRECTION('',(-1.,0.,0.));
#8964=DIRECTION('',(-1.38777878078145E-16,1.,0.));
#8965=DIRECTION('center_axis',(0.,0.,-1.));
#8966=DIRECTION('ref_axis',(-1.,0.,0.));
#8967=DIRECTION('',(1.,0.,0.));
#8968=DIRECTION('',(0.,-1.,0.));
#8969=DIRECTION('',(-1.,0.,0.));
#8970=DIRECTION('',(0.,1.,0.));
#8971=DIRECTION('center_axis',(0.,0.,-1.));
#8972=DIRECTION('ref_axis',(-1.,0.,0.));
#8973=DIRECTION('',(0.,1.,0.));
#8974=DIRECTION('',(1.,0.,0.));
#8975=DIRECTION('',(0.,-1.,0.));
#8976=DIRECTION('',(-1.,0.,0.));
#8977=DIRECTION('center_axis',(-1.,0.,0.));
#8978=DIRECTION('ref_axis',(0.,1.,0.));
#8979=DIRECTION('',(0.,1.,0.));
#8980=DIRECTION('',(0.,0.,-1.));
#8981=DIRECTION('',(0.,1.,0.));
#8982=DIRECTION('',(0.,1.,0.));
#8983=DIRECTION('',(0.,1.,0.));
#8984=DIRECTION('',(0.,0.,1.));
#8985=DIRECTION('center_axis',(0.,1.,0.));
#8986=DIRECTION('ref_axis',(0.,0.,1.));
#8987=DIRECTION('center_axis',(0.,-1.,0.));
#8988=DIRECTION('ref_axis',(0.5,0.,0.866025403784439));
#8989=DIRECTION('',(1.,0.,0.));
#8990=DIRECTION('',(-1.,0.,0.));
#8991=DIRECTION('center_axis',(0.,1.,0.));
#8992=DIRECTION('ref_axis',(-0.5,0.,-0.866025403784438));
#8993=DIRECTION('center_axis',(0.,0.,1.));
#8994=DIRECTION('ref_axis',(1.,0.,0.));
#8995=DIRECTION('',(0.,1.,0.));
#8996=DIRECTION('',(0.,-1.,0.));
#8997=DIRECTION('',(-1.,0.,0.));
#8998=DIRECTION('center_axis',(0.,1.,0.));
#8999=DIRECTION('ref_axis',(-0.5,0.,-0.866025403784438));
#9000=DIRECTION('',(-1.38777878078145E-16,1.,0.));
#9001=DIRECTION('center_axis',(0.,0.,-1.));
#9002=DIRECTION('ref_axis',(-1.,0.,0.));
#9003=DIRECTION('center_axis',(0.,1.,0.));
#9004=DIRECTION('ref_axis',(0.5,0.,0.866025403784439));
#9005=DIRECTION('',(0.,-1.,0.));
#9006=DIRECTION('center_axis',(1.,0.,0.));
#9007=DIRECTION('ref_axis',(0.,-1.,0.));
#9008=DIRECTION('',(0.,-1.,0.));
#9009=DIRECTION('',(0.,0.,-1.));
#9010=DIRECTION('',(0.,-1.,0.));
#9011=DIRECTION('',(0.,1.,0.));
#9012=DIRECTION('',(0.,0.,-1.));
#9013=DIRECTION('',(0.,1.,0.));
#9014=DIRECTION('',(0.,1.,0.));
#9015=DIRECTION('',(0.,0.,-1.));
#9016=DIRECTION('center_axis',(8.44416721637702E-16,0.,-1.));
#9017=DIRECTION('ref_axis',(1.,5.68176294994345E-33,8.44416721637702E-16));
#9018=DIRECTION('',(0.,-1.,0.));
#9019=DIRECTION('',(1.,0.,0.));
#9020=DIRECTION('center_axis',(0.,-1.,0.));
#9021=DIRECTION('ref_axis',(0.5,0.,-0.866025403784438));
#9022=DIRECTION('center_axis',(0.,-1.,0.));
#9023=DIRECTION('ref_axis',(-0.500000000000002,0.,-0.866025403784437));
#9024=DIRECTION('center_axis',(0.,1.,0.));
#9025=DIRECTION('ref_axis',(0.,0.,1.));
#9026=DIRECTION('center_axis',(0.,-1.,0.));
#9027=DIRECTION('ref_axis',(0.5,0.,-0.866025403784439));
#9028=DIRECTION('',(-1.,0.,0.));
#9029=DIRECTION('center_axis',(0.,-1.,0.));
#9030=DIRECTION('ref_axis',(-0.5,0.,0.866025403784439));
#9031=DIRECTION('',(1.,0.,0.));
#9032=DIRECTION('',(-1.,0.,-1.9156482812989E-15));
#9033=DIRECTION('center_axis',(0.,1.,0.));
#9034=DIRECTION('ref_axis',(0.5,0.,-0.866025403784438));
#9035=DIRECTION('',(-1.,0.,0.));
#9036=DIRECTION('center_axis',(0.,1.,0.));
#9037=DIRECTION('ref_axis',(0.500000000000002,0.,-0.866025403784438));
#9038=DIRECTION('',(-1.,0.,0.));
#9039=DIRECTION('',(1.,0.,0.));
#9040=DIRECTION('center_axis',(0.,0.,1.));
#9041=DIRECTION('ref_axis',(-1.,0.,0.));
#9042=DIRECTION('',(-1.,0.,0.));
#9043=DIRECTION('',(0.,-1.,0.));
#9044=DIRECTION('center_axis',(0.,-1.,0.));
#9045=DIRECTION('ref_axis',(0.500000000000002,0.,-0.866025403784438));
#9046=DIRECTION('',(0.,1.,0.));
#9047=DIRECTION('center_axis',(0.,-1.,0.));
#9048=DIRECTION('ref_axis',(0.500000000000002,0.,-0.866025403784438));
#9049=DIRECTION('',(0.,-1.,0.));
#9050=DIRECTION('center_axis',(0.,0.,-1.));
#9051=DIRECTION('ref_axis',(1.,0.,0.));
#9052=DIRECTION('',(1.,0.,0.));
#9053=DIRECTION('center_axis',(0.,-1.,0.));
#9054=DIRECTION('ref_axis',(-0.5,0.,0.866025403784439));
#9055=DIRECTION('center_axis',(0.,1.,-6.72862439166762E-18));
#9056=DIRECTION('ref_axis',(0.5,0.,-0.866025403784439));
#9057=DIRECTION('center_axis',(0.,0.,-1.));
#9058=DIRECTION('ref_axis',(-1.,0.,0.));
#9059=DIRECTION('',(0.,-1.,0.));
#9060=DIRECTION('',(-1.,0.,0.));
#9061=DIRECTION('center_axis',(7.38864631432996E-16,0.,-1.));
#9062=DIRECTION('ref_axis',(1.,4.97154258120056E-33,7.38864631432996E-16));
#9063=DIRECTION('',(1.,0.,0.));
#9064=DIRECTION('',(0.,-1.,0.));
#9065=DIRECTION('center_axis',(0.,-1.,0.));
#9066=DIRECTION('ref_axis',(0.5,0.,-0.866025403784439));
#9067=DIRECTION('center_axis',(0.,-1.,0.));
#9068=DIRECTION('ref_axis',(0.5,0.,0.866025403784439));
#9069=DIRECTION('center_axis',(0.,1.,-6.72862439166762E-18));
#9070=DIRECTION('ref_axis',(0.,6.72862439166762E-18,1.));
#9071=DIRECTION('center_axis',(0.,-1.,0.));
#9072=DIRECTION('ref_axis',(0.5,0.,-0.866025403784438));
#9073=DIRECTION('',(1.,0.,1.9156482812989E-15));
#9074=DIRECTION('',(-1.,0.,0.));
#9075=DIRECTION('center_axis',(0.,1.,-6.72862439166762E-18));
#9076=DIRECTION('ref_axis',(0.5,0.,-0.866025403784439));
#9077=DIRECTION('center_axis',(0.,-1.,0.));
#9078=DIRECTION('ref_axis',(-0.5,0.,0.866025403784439));
#9079=DIRECTION('',(0.,-1.,0.));
#9080=DIRECTION('center_axis',(1.9156482812989E-15,0.,-1.));
#9081=DIRECTION('ref_axis',(1.,0.,1.9156482812989E-15));
#9082=DIRECTION('',(0.,-1.,0.));
#9083=DIRECTION('center_axis',(0.,0.,1.));
#9084=DIRECTION('ref_axis',(-1.,0.,0.));
#9085=DIRECTION('center_axis',(0.,-1.,0.));
#9086=DIRECTION('ref_axis',(0.5,0.,-0.866025403784438));
#9087=DIRECTION('center_axis',(0.,-1.,6.72862439166762E-18));
#9088=DIRECTION('ref_axis',(0.,-6.72862439166762E-18,-1.));
#9089=DIRECTION('',(-1.,0.,0.));
#9090=DIRECTION('center_axis',(0.,-1.,6.72862439166762E-18));
#9091=DIRECTION('ref_axis',(-0.500000000000003,5.82715965570776E-18,0.866025403784437));
#9092=DIRECTION('center_axis',(3.85185988877447E-34,1.,-6.72862439166762E-18));
#9093=DIRECTION('ref_axis',(0.510912969595269,5.78414382556531E-18,0.859632443256619));
#9094=DIRECTION('center_axis',(0.,1.,0.));
#9095=DIRECTION('ref_axis',(0.510912969595269,0.,0.859632443256619));
#9096=DIRECTION('center_axis',(0.,-1.,0.));
#9097=DIRECTION('ref_axis',(0.510912969595269,0.,0.859632443256619));
#9098=DIRECTION('',(0.,1.,0.));
#9099=DIRECTION('',(0.,1.,0.));
#9100=DIRECTION('center_axis',(0.,1.,0.));
#9101=DIRECTION('ref_axis',(0.,0.,1.));
#9102=DIRECTION('',(-1.,0.,0.));
#9103=DIRECTION('center_axis',(0.,-1.,0.));
#9104=DIRECTION('ref_axis',(-0.5,0.,-0.866025403784439));
#9105=DIRECTION('',(-1.,0.,0.));
#9106=DIRECTION('',(0.,0.,-1.));
#9107=DIRECTION('',(1.,0.,0.));
#9108=DIRECTION('center_axis',(0.,1.,0.));
#9109=DIRECTION('ref_axis',(0.5,0.,0.866025403784438));
#9110=DIRECTION('',(1.,0.,0.));
#9111=DIRECTION('center_axis',(0.,1.,0.));
#9112=DIRECTION('ref_axis',(0.5,0.,0.866025403784438));
#9113=DIRECTION('',(1.,0.,0.));
#9114=DIRECTION('',(0.,0.,1.));
#9115=DIRECTION('',(-1.,0.,0.));
#9116=DIRECTION('center_axis',(-1.,0.,0.));
#9117=DIRECTION('ref_axis',(0.,1.,0.));
#9118=DIRECTION('',(0.,-1.,0.));
#9119=DIRECTION('',(0.,-1.,0.));
#9120=DIRECTION('',(0.,0.,-1.));
#9121=DIRECTION('',(0.,-1.,0.));
#9122=DIRECTION('',(0.,0.,-1.));
#9123=DIRECTION('',(0.,-1.,0.));
#9124=DIRECTION('',(0.,0.,-1.));
#9125=DIRECTION('center_axis',(0.,0.,1.));
#9126=DIRECTION('ref_axis',(0.,1.,0.));
#9127=DIRECTION('',(0.,-1.,0.));
#9128=DIRECTION('',(0.,1.,0.));
#9129=DIRECTION('',(-1.,0.,0.));
#9130=DIRECTION('center_axis',(1.,0.,0.));
#9131=DIRECTION('ref_axis',(0.,-1.,0.));
#9132=DIRECTION('',(0.,1.,0.));
#9133=DIRECTION('',(0.,0.,1.));
#9134=DIRECTION('',(0.,1.,0.));
#9135=DIRECTION('',(0.,0.,-1.));
#9136=DIRECTION('',(0.,1.,0.));
#9137=DIRECTION('',(0.,0.,-1.));
#9138=DIRECTION('',(0.,1.,0.));
#9139=DIRECTION('center_axis',(0.,0.,1.));
#9140=DIRECTION('ref_axis',(1.,0.,0.));
#9141=DIRECTION('',(-1.,0.,0.));
#9142=DIRECTION('',(0.,1.,0.));
#9143=DIRECTION('center_axis',(0.,0.,-1.));
#9144=DIRECTION('ref_axis',(-1.,0.,0.));
#9145=DIRECTION('',(0.,1.,0.));
#9146=DIRECTION('',(-1.,0.,0.));
#9147=DIRECTION('',(1.,0.,0.));
#9148=DIRECTION('center_axis',(0.,1.,0.));
#9149=DIRECTION('ref_axis',(-0.500000000000001,0.,-0.866025403784438));
#9150=DIRECTION('center_axis',(0.,-1.,0.));
#9151=DIRECTION('ref_axis',(0.5,0.,0.866025403784439));
#9152=DIRECTION('center_axis',(0.,-1.,0.));
#9153=DIRECTION('ref_axis',(0.,0.,-1.));
#9154=DIRECTION('',(1.,0.,0.));
#9155=DIRECTION('center_axis',(0.,-1.,0.));
#9156=DIRECTION('ref_axis',(0.5,0.,0.866025403784438));
#9157=DIRECTION('center_axis',(0.,-1.,0.));
#9158=DIRECTION('ref_axis',(0.,0.,-1.));
#9159=DIRECTION('',(1.,0.,0.));
#9160=DIRECTION('center_axis',(0.,-1.,0.));
#9161=DIRECTION('ref_axis',(0.5,0.,0.866025403784438));
#9162=DIRECTION('center_axis',(0.,0.,-1.));
#9163=DIRECTION('ref_axis',(-1.,0.,0.));
#9164=DIRECTION('',(0.,1.,0.));
#9165=DIRECTION('',(1.,0.,0.));
#9166=DIRECTION('center_axis',(0.,1.,0.));
#9167=DIRECTION('ref_axis',(-0.5,0.,-0.866025403784439));
#9168=DIRECTION('center_axis',(0.,0.,1.));
#9169=DIRECTION('ref_axis',(1.,0.,0.));
#9170=DIRECTION('',(0.,1.,0.));
#9171=DIRECTION('',(-1.,0.,0.));
#9172=DIRECTION('center_axis',(0.,1.,0.));
#9173=DIRECTION('ref_axis',(0.5,0.,0.866025403784438));
#9174=DIRECTION('center_axis',(0.,-1.,0.));
#9175=DIRECTION('ref_axis',(0.5,0.,0.866025403784438));
#9176=DIRECTION('',(0.,1.,0.));
#9177=DIRECTION('center_axis',(0.,-1.,0.));
#9178=DIRECTION('ref_axis',(0.5,0.,0.866025403784438));
#9179=DIRECTION('center_axis',(0.,1.,0.));
#9180=DIRECTION('ref_axis',(0.5,0.,0.866025403784438));
#9181=DIRECTION('center_axis',(0.,-1.,0.));
#9182=DIRECTION('ref_axis',(0.5,0.,0.866025403784438));
#9183=DIRECTION('',(0.,-1.,0.));
#9184=DIRECTION('center_axis',(0.,-1.,0.));
#9185=DIRECTION('ref_axis',(0.5,0.,0.866025403784438));
#9186=DIRECTION('center_axis',(0.,-1.,0.));
#9187=DIRECTION('ref_axis',(0.,0.,-1.));
#9188=DIRECTION('',(1.,0.,0.));
#9189=DIRECTION('',(-1.,0.,0.));
#9190=DIRECTION('center_axis',(0.,-1.,0.));
#9191=DIRECTION('ref_axis',(0.,0.,-1.));
#9192=DIRECTION('',(1.,0.,0.));
#9193=DIRECTION('center_axis',(0.,0.,1.));
#9194=DIRECTION('ref_axis',(1.,0.,0.));
#9195=DIRECTION('center_axis',(0.,0.,1.));
#9196=DIRECTION('ref_axis',(-1.,0.,0.));
#9197=DIRECTION('',(-1.,0.,0.));
#9198=DIRECTION('',(0.,-1.,0.));
#9199=DIRECTION('center_axis',(0.,-1.,0.));
#9200=DIRECTION('ref_axis',(-0.499999999999996,0.,0.866025403784441));
#9201=DIRECTION('center_axis',(0.,-1.,0.));
#9202=DIRECTION('ref_axis',(-0.5,0.,-0.866025403784439));
#9203=DIRECTION('center_axis',(0.,1.,-6.72862439166762E-18));
#9204=DIRECTION('ref_axis',(0.,6.72862439166762E-18,1.));
#9205=DIRECTION('center_axis',(0.,1.,-6.72862439166762E-18));
#9206=DIRECTION('ref_axis',(-0.499999999999999,0.,0.866025403784439));
#9207=DIRECTION('center_axis',(0.,1.,-6.72862439166762E-18));
#9208=DIRECTION('ref_axis',(-0.500000000000001,0.,0.866025403784438));
#9209=DIRECTION('',(1.,0.,7.0950698900969E-16));
#9210=DIRECTION('',(-1.,0.,2.39456035162362E-15));
#9211=DIRECTION('center_axis',(0.,-1.,0.));
#9212=DIRECTION('ref_axis',(-0.5,0.,0.866025403784439));
#9213=DIRECTION('',(1.,0.,0.));
#9214=DIRECTION('center_axis',(0.,-1.,0.));
#9215=DIRECTION('ref_axis',(-0.5,0.,0.866025403784439));
#9216=DIRECTION('',(-1.,0.,0.));
#9217=DIRECTION('',(1.,0.,8.44416721637701E-16));
#9218=DIRECTION('center_axis',(8.44416721637701E-16,0.,-1.));
#9219=DIRECTION('ref_axis',(1.,0.,8.44416721637701E-16));
#9220=DIRECTION('',(0.,-1.,0.));
#9221=DIRECTION('center_axis',(0.,-1.,0.));
#9222=DIRECTION('ref_axis',(0.499999999999999,0.,-0.866025403784439));
#9223=DIRECTION('center_axis',(0.,1.,0.));
#9224=DIRECTION('ref_axis',(0.,0.,1.));
#9225=DIRECTION('',(-1.,0.,0.));
#9226=DIRECTION('center_axis',(0.,1.,0.));
#9227=DIRECTION('ref_axis',(-0.5,0.,0.866025403784439));
#9228=DIRECTION('center_axis',(0.,0.,1.));
#9229=DIRECTION('ref_axis',(-1.,0.,0.));
#9230=DIRECTION('',(0.,-1.,0.));
#9231=DIRECTION('',(1.,0.,0.));
#9232=DIRECTION('center_axis',(0.,-1.,0.));
#9233=DIRECTION('ref_axis',(-0.5,0.,0.866025403784439));
#9234=DIRECTION('center_axis',(0.,1.,0.));
#9235=DIRECTION('ref_axis',(-0.5,0.,0.866025403784439));
#9236=DIRECTION('',(0.,-1.,0.));
#9237=DIRECTION('center_axis',(0.,1.,0.));
#9238=DIRECTION('ref_axis',(-0.5,0.,0.866025403784439));
#9239=DIRECTION('center_axis',(0.,1.,0.));
#9240=DIRECTION('ref_axis',(0.,0.,1.));
#9241=DIRECTION('',(1.,0.,0.));
#9242=DIRECTION('center_axis',(0.,1.,0.));
#9243=DIRECTION('ref_axis',(-0.5,0.,0.866025403784439));
#9244=DIRECTION('',(-1.,0.,0.));
#9245=DIRECTION('center_axis',(0.,1.,0.));
#9246=DIRECTION('ref_axis',(0.,0.,1.));
#9247=DIRECTION('',(-1.,0.,0.));
#9248=DIRECTION('center_axis',(0.,0.,1.));
#9249=DIRECTION('ref_axis',(1.,0.,0.));
#9250=DIRECTION('',(0.,1.,0.));
#9251=DIRECTION('center_axis',(0.,0.,1.));
#9252=DIRECTION('ref_axis',(-1.,0.,0.));
#9253=DIRECTION('',(0.,-1.,0.));
#9254=DIRECTION('',(-1.,0.,0.));
#9255=DIRECTION('center_axis',(0.,-1.,0.));
#9256=DIRECTION('ref_axis',(-0.500000000000003,0.,0.866025403784437));
#9257=DIRECTION('center_axis',(2.39456035162362E-15,0.,1.));
#9258=DIRECTION('ref_axis',(-1.,0.,2.39456035162362E-15));
#9259=DIRECTION('',(0.,1.,0.));
#9260=DIRECTION('',(1.,0.,-2.39456035162362E-15));
#9261=DIRECTION('center_axis',(0.,-1.,0.));
#9262=DIRECTION('ref_axis',(-0.5,0.,0.866025403784439));
#9263=DIRECTION('center_axis',(0.,1.,0.));
#9264=DIRECTION('ref_axis',(-0.5,0.,0.866025403784439));
#9265=DIRECTION('center_axis',(0.,1.,0.));
#9266=DIRECTION('ref_axis',(-0.5,0.,0.866025403784439));
#9267=DIRECTION('center_axis',(0.,1.,0.));
#9268=DIRECTION('ref_axis',(0.,0.,1.));
#9269=DIRECTION('',(-1.,0.,0.));
#9270=DIRECTION('center_axis',(-7.0950698900969E-16,0.,1.));
#9271=DIRECTION('ref_axis',(-1.,0.,-7.0950698900969E-16));
#9272=DIRECTION('',(0.,-1.,0.));
#9273=DIRECTION('center_axis',(0.,-1.,0.));
#9274=DIRECTION('ref_axis',(0.500000000000001,0.,-0.866025403784438));
#9275=DIRECTION('center_axis',(0.,1.,0.));
#9276=DIRECTION('ref_axis',(0.,0.,1.));
#9277=DIRECTION('',(-1.,0.,0.));
#9278=DIRECTION('center_axis',(1.,6.93889390390723E-17,0.));
#9279=DIRECTION('ref_axis',(0.,0.,1.));
#9280=DIRECTION('center_axis',(1.,7.7133638421868E-17,0.));
#9281=DIRECTION('ref_axis',(0.,0.,1.));
#9282=DIRECTION('',(1.,6.93889390390723E-17,0.));
#9283=DIRECTION('center_axis',(-1.,-7.7133638421868E-17,0.));
#9284=DIRECTION('ref_axis',(0.,0.,1.));
#9285=DIRECTION('center_axis',(0.,1.,0.));
#9286=DIRECTION('ref_axis',(1.,0.,0.));
#9287=DIRECTION('center_axis',(-7.7133638421868E-17,1.,0.));
#9288=DIRECTION('ref_axis',(1.,0.,0.));
#9289=DIRECTION('',(0.,1.,0.));
#9290=DIRECTION('center_axis',(7.7133638421868E-17,-1.,0.));
#9291=DIRECTION('ref_axis',(1.,0.,0.));
#9292=DIRECTION('center_axis',(-1.,-1.38777878078145E-16,0.));
#9293=DIRECTION('ref_axis',(0.,0.,-1.));
#9294=DIRECTION('center_axis',(-1.,-7.7133638421868E-17,0.));
#9295=DIRECTION('ref_axis',(0.,0.,-1.));
#9296=DIRECTION('',(-1.,-1.38777878078145E-16,0.));
#9297=DIRECTION('center_axis',(1.,7.7133638421868E-17,0.));
#9298=DIRECTION('ref_axis',(0.,0.,-1.));
#9299=DIRECTION('center_axis',(0.,-1.,0.));
#9300=DIRECTION('ref_axis',(1.,0.,0.));
#9301=DIRECTION('center_axis',(7.7133638421868E-17,-1.,0.));
#9302=DIRECTION('ref_axis',(1.,0.,0.));
#9303=DIRECTION('',(0.,-1.,0.));
#9304=DIRECTION('center_axis',(-7.7133638421868E-17,1.,0.));
#9305=DIRECTION('ref_axis',(1.,0.,0.));
#9306=DIRECTION('center_axis',(-1.,5.55111512312578E-16,0.));
#9307=DIRECTION('ref_axis',(0.,0.,-1.));
#9308=DIRECTION('center_axis',(-1.,5.35403202750632E-16,0.));
#9309=DIRECTION('ref_axis',(0.,0.,-1.));
#9310=DIRECTION('',(-1.,5.55111512312578E-16,0.));
#9311=DIRECTION('center_axis',(1.,-5.35403202750632E-16,0.));
#9312=DIRECTION('ref_axis',(0.,0.,-1.));
#9313=DIRECTION('center_axis',(0.,1.,0.));
#9314=DIRECTION('ref_axis',(1.,0.,0.));
#9315=DIRECTION('center_axis',(-7.7133638421868E-17,1.,0.));
#9316=DIRECTION('ref_axis',(1.,0.,0.));
#9317=DIRECTION('',(0.,1.,0.));
#9318=DIRECTION('center_axis',(7.7133638421868E-17,-1.,0.));
#9319=DIRECTION('ref_axis',(1.,0.,0.));
#9320=DIRECTION('center_axis',(1.,8.32667268468867E-17,0.));
#9321=DIRECTION('ref_axis',(0.,0.,1.));
#9322=DIRECTION('center_axis',(1.,7.7133638421868E-17,0.));
#9323=DIRECTION('ref_axis',(0.,0.,1.));
#9324=DIRECTION('',(1.,8.32667268468867E-17,0.));
#9325=DIRECTION('center_axis',(-1.,-7.7133638421868E-17,0.));
#9326=DIRECTION('ref_axis',(0.,0.,1.));
#9327=DIRECTION('center_axis',(0.,-1.,0.));
#9328=DIRECTION('ref_axis',(1.,0.,0.));
#9329=DIRECTION('center_axis',(7.7133638421868E-17,-1.,0.));
#9330=DIRECTION('ref_axis',(1.,0.,0.));
#9331=DIRECTION('',(0.,-1.,0.));
#9332=DIRECTION('center_axis',(-7.7133638421868E-17,1.,0.));
#9333=DIRECTION('ref_axis',(1.,0.,0.));
#9334=DIRECTION('center_axis',(-0.814903846182979,0.,0.579596171033063));
#9335=DIRECTION('ref_axis',(-0.579596171033063,0.,-0.814903846182979));
#9336=DIRECTION('',(0.,1.,0.));
#9337=DIRECTION('',(0.579596171033063,0.,0.814903846182979));
#9338=DIRECTION('',(0.579596171033063,0.,0.814903846182979));
#9339=DIRECTION('center_axis',(0.,1.,0.));
#9340=DIRECTION('ref_axis',(0.,0.,1.));
#9341=DIRECTION('center_axis',(0.,-1.,0.));
#9342=DIRECTION('ref_axis',(-0.999483244207077,0.,0.03214412153561));
#9343=DIRECTION('center_axis',(0.,1.,0.));
#9344=DIRECTION('ref_axis',(-0.999483244207077,0.,0.03214412153561));
#9345=DIRECTION('center_axis',(0.,-1.,6.72862439166762E-18));
#9346=DIRECTION('ref_axis',(-0.999483244207077,0.,0.03214412153561));
#9347=DIRECTION('center_axis',(0.867253096834807,0.,-0.497867518553316));
#9348=DIRECTION('ref_axis',(-0.497867518553316,0.,-0.867253096834807));
#9349=DIRECTION('',(-0.491212703402083,-0.162955852960871,-0.855660838184273));
#9350=DIRECTION('',(0.,1.,0.));
#9351=DIRECTION('',(-0.497204764773441,0.0515809846293998,-0.866098622508574));
#9352=DIRECTION('center_axis',(0.,0.,1.));
#9353=DIRECTION('ref_axis',(0.998854757648788,-0.0478453040786689,0.));
#9354=DIRECTION('',(-0.241470729643902,0.19369780690461,-0.950880142986268));
#9355=DIRECTION('center_axis',(5.11944237960412E-17,-0.979876548708017,
-0.199604482144226));
#9356=DIRECTION('ref_axis',(0.,0.199604482144226,-0.979876548708017));
#9357=DIRECTION('',(1.,7.7133638421868E-17,0.));
#9358=DIRECTION('',(0.241470729643902,0.19369780690461,-0.950880142986268));
#9359=DIRECTION('center_axis',(0.,0.,1.));
#9360=DIRECTION('ref_axis',(-0.0478077055929998,-0.998856557913063,0.));
#9361=DIRECTION('',(0.497159555738845,0.0515825247387615,-0.866124482553824));
#9362=DIRECTION('center_axis',(-0.867279060432238,0.,-0.497822288910184));
#9363=DIRECTION('ref_axis',(-0.497822288910184,0.,0.867279060432238));
#9364=DIRECTION('',(0.,-1.,0.));
#9365=DIRECTION('',(0.491167687850607,-0.162960601937651,-0.855685774468413));
#9366=DIRECTION('center_axis',(0.,0.,1.));
#9367=DIRECTION('ref_axis',(0.000253517423619262,0.999999967864457,0.));
#9368=DIRECTION('',(0.143661072349058,-0.197533974479954,-0.969712238356138));
#9369=DIRECTION('center_axis',(-7.25254337110583E-17,0.979876548708017,
-0.199604482144226));
#9370=DIRECTION('ref_axis',(0.,0.199604482144226,0.979876548708017));
#9371=DIRECTION('',(-1.,0.,0.));
#9372=DIRECTION('',(-1.,0.,0.));
#9373=DIRECTION('',(-0.143726920819187,-0.197532066010612,-0.969702869506641));
#9374=DIRECTION('center_axis',(0.,0.,1.));
#9375=DIRECTION('ref_axis',(-0.0002534777142191,0.999999967874524,0.));
#9376=DIRECTION('center_axis',(0.,0.,1.));
#9377=DIRECTION('ref_axis',(1.,0.,0.));
#9378=DIRECTION('center_axis',(0.,0.,1.));
#9379=DIRECTION('ref_axis',(1.,0.,0.));
#9380=DIRECTION('center_axis',(0.,0.,1.));
#9381=DIRECTION('ref_axis',(1.,0.,0.));
#9382=DIRECTION('center_axis',(0.,0.,1.));
#9383=DIRECTION('ref_axis',(1.,0.,0.));
#9384=DIRECTION('center_axis',(0.,0.,1.));
#9385=DIRECTION('ref_axis',(0.810493343774471,0.58574784651527,0.));
#9386=DIRECTION('center_axis',(0.,0.,1.));
#9387=DIRECTION('ref_axis',(0.00485450736797645,0.999988216809685,0.));
#9388=DIRECTION('center_axis',(0.,0.,1.));
#9389=DIRECTION('ref_axis',(1.,0.,0.));
#9390=DIRECTION('',(1.,0.,0.));
#9391=DIRECTION('center_axis',(0.,0.,-1.));
#9392=DIRECTION('ref_axis',(0.946234027958796,0.32348286559395,0.));
#9393=DIRECTION('center_axis',(0.,0.,-1.));
#9394=DIRECTION('ref_axis',(0.00964832498238088,0.999953453829244,0.));
#9395=DIRECTION('center_axis',(-0.867253096834808,-1.70705589911032E-16,
-0.497867518553315));
#9396=DIRECTION('ref_axis',(-0.497867518553315,0.,0.867253096834808));
#9397=DIRECTION('',(0.,-1.,0.));
#9398=DIRECTION('',(0.491212703402083,0.162955852960872,-0.855660838184273));
#9399=DIRECTION('',(0.49720476477344,-0.0515809846293996,-0.866098622508574));
#9400=DIRECTION('center_axis',(0.,0.,-1.));
#9401=DIRECTION('ref_axis',(1.,1.99269736984262E-16,0.));
#9402=DIRECTION('',(0.143661072349057,0.197533974479954,-0.969712238356138));
#9403=DIRECTION('center_axis',(0.,-0.979876548708017,-0.199604482144225));
#9404=DIRECTION('ref_axis',(0.,0.199604482144225,-0.979876548708017));
#9405=DIRECTION('',(1.,8.07434927000114E-16,0.));
#9406=DIRECTION('',(-0.143661072349058,0.197533974479949,-0.969712238356139));
#9407=DIRECTION('',(1.,0.,0.));
#9408=DIRECTION('center_axis',(0.,0.,-1.));
#9409=DIRECTION('ref_axis',(8.5095610013817E-5,0.999999996379369,0.));
#9410=DIRECTION('',(-0.491208897768265,0.163002126817488,-0.855654209015687));
#9411=DIRECTION('center_axis',(0.867253096834808,3.29792048959077E-16,-0.497867518553315));
#9412=DIRECTION('ref_axis',(-0.497867518553315,0.,-0.867253096834808));
#9413=DIRECTION('',(0.,1.,0.));
#9414=DIRECTION('',(-0.497205998215515,-0.051532995879563,-0.866100771085091));
#9415=DIRECTION('center_axis',(0.,0.,-1.));
#9416=DIRECTION('ref_axis',(-0.99884573786936,-0.0480332378693601,0.));
#9417=DIRECTION('',(-0.241470729643902,-0.19369780690461,-0.950880142986268));
#9418=DIRECTION('center_axis',(-2.13557979058566E-17,0.979876548708017,
-0.199604482144226));
#9419=DIRECTION('ref_axis',(0.,0.199604482144226,0.979876548708017));
#9420=DIRECTION('',(-1.,0.,0.));
#9421=DIRECTION('',(0.241470729643902,-0.19369780690461,-0.950880142986268));
#9422=DIRECTION('center_axis',(0.,0.,-1.));
#9423=DIRECTION('ref_axis',(0.0480422576487877,-0.998845304078668,0.));
#9424=DIRECTION('center_axis',(0.,0.,-1.));
#9425=DIRECTION('ref_axis',(0.0480422576487877,-0.998845304078668,0.));
#9426=DIRECTION('center_axis',(0.,0.,-1.));
#9427=DIRECTION('ref_axis',(0.0480422576487877,-0.998845304078668,0.));
#9428=DIRECTION('',(0.,0.,-1.));
#9429=DIRECTION('',(0.,0.,-1.));
#9430=DIRECTION('center_axis',(1.,0.,0.));
#9431=DIRECTION('ref_axis',(0.,-1.,0.));
#9432=DIRECTION('',(0.,-1.,0.));
#9433=DIRECTION('',(0.,0.,-1.));
#9434=DIRECTION('center_axis',(0.,0.,-1.));
#9435=DIRECTION('ref_axis',(1.,1.99269736984262E-16,0.));
#9436=DIRECTION('center_axis',(0.,0.,-1.));
#9437=DIRECTION('ref_axis',(1.,1.99269736984262E-16,0.));
#9438=DIRECTION('',(0.,0.,-1.));
#9439=DIRECTION('center_axis',(-8.07434927000114E-16,1.,0.));
#9440=DIRECTION('ref_axis',(1.,8.07434927000114E-16,0.));
#9441=DIRECTION('',(1.,8.07434927000114E-16,0.));
#9442=DIRECTION('',(0.,0.,-1.));
#9443=DIRECTION('center_axis',(0.,0.,-1.));
#9444=DIRECTION('ref_axis',(8.5095610013817E-5,0.999999996379369,0.));
#9445=DIRECTION('center_axis',(0.,0.,-1.));
#9446=DIRECTION('ref_axis',(8.5095610013817E-5,0.999999996379369,0.));
#9447=DIRECTION('',(0.,0.,-1.));
#9448=DIRECTION('center_axis',(-1.,0.,0.));
#9449=DIRECTION('ref_axis',(0.,1.,0.));
#9450=DIRECTION('',(0.,1.,0.));
#9451=DIRECTION('',(0.,0.,-1.));
#9452=DIRECTION('center_axis',(0.,0.,-1.));
#9453=DIRECTION('ref_axis',(-0.99884573786936,-0.0480332378693601,0.));
#9454=DIRECTION('center_axis',(0.,0.,-1.));
#9455=DIRECTION('ref_axis',(-0.99884573786936,-0.0480332378693601,0.));
#9456=DIRECTION('',(0.,0.,-1.));
#9457=DIRECTION('center_axis',(0.,-1.,0.));
#9458=DIRECTION('ref_axis',(-1.,0.,0.));
#9459=DIRECTION('',(-1.,0.,0.));
#9460=DIRECTION('center_axis',(-1.,0.,7.40148683083438E-17));
#9461=DIRECTION('ref_axis',(7.40148683083438E-17,0.,1.));
#9462=DIRECTION('',(7.40148683083438E-17,6.72862439166762E-18,1.));
#9463=DIRECTION('center_axis',(1.,0.,1.72684608840783E-16));
#9464=DIRECTION('ref_axis',(1.72684608840783E-16,0.,-1.));
#9465=DIRECTION('',(1.72684608840783E-16,-6.72862439166762E-18,-1.));
#9466=DIRECTION('center_axis',(0.,1.,0.));
#9467=DIRECTION('ref_axis',(-1.,0.,0.));
#9468=DIRECTION('',(-1.,0.,0.));
#9469=DIRECTION('',(0.,0.,1.));
#9470=DIRECTION('',(0.,0.,1.));
#9471=DIRECTION('center_axis',(0.,0.,1.));
#9472=DIRECTION('ref_axis',(-0.0002534777142191,0.999999967874524,0.));
#9473=DIRECTION('center_axis',(0.,0.,1.));
#9474=DIRECTION('ref_axis',(-0.0002534777142191,0.999999967874524,0.));
#9475=DIRECTION('',(0.,0.,1.));
#9476=DIRECTION('center_axis',(1.,0.,0.));
#9477=DIRECTION('ref_axis',(0.,1.,0.));
#9478=DIRECTION('',(0.,1.,0.));
#9479=DIRECTION('',(0.,0.,1.));
#9480=DIRECTION('center_axis',(0.,0.,1.));
#9481=DIRECTION('ref_axis',(0.998854757648788,-0.0478453040786689,0.));
#9482=DIRECTION('center_axis',(0.,0.,1.));
#9483=DIRECTION('ref_axis',(0.998854757648788,-0.0478453040786689,0.));
#9484=DIRECTION('',(0.,0.,1.));
#9485=DIRECTION('center_axis',(7.7133638421868E-17,-1.,0.));
#9486=DIRECTION('ref_axis',(1.,7.7133638421868E-17,0.));
#9487=DIRECTION('',(1.,7.7133638421868E-17,0.));
#9488=DIRECTION('',(0.,0.,1.));
#9489=DIRECTION('center_axis',(0.,0.,1.));
#9490=DIRECTION('ref_axis',(-0.0478077055929998,-0.998856557913063,0.));
#9491=DIRECTION('center_axis',(0.,0.,1.));
#9492=DIRECTION('ref_axis',(-0.0478077055929998,-0.998856557913063,0.));
#9493=DIRECTION('',(0.,0.,1.));
#9494=DIRECTION('center_axis',(-1.,0.,0.));
#9495=DIRECTION('ref_axis',(0.,-1.,0.));
#9496=DIRECTION('',(0.,-1.,0.));
#9497=DIRECTION('',(0.,0.,1.));
#9498=DIRECTION('center_axis',(0.,0.,1.));
#9499=DIRECTION('ref_axis',(0.000253517423619262,0.999999967864457,0.));
#9500=DIRECTION('center_axis',(0.,0.,1.));
#9501=DIRECTION('ref_axis',(0.000253517423619262,0.999999967864457,0.));
#9502=DIRECTION('center_axis',(-7.7133638421868E-17,1.,0.));
#9503=DIRECTION('ref_axis',(-1.,-7.7133638421868E-17,0.));
#9504=DIRECTION('',(0.,0.,-1.));
#9505=DIRECTION('',(-1.,-7.7133638421868E-17,0.));
#9506=DIRECTION('',(0.,0.,1.));
#9507=DIRECTION('',(-1.,-7.7133638421868E-17,0.));
#9508=DIRECTION('center_axis',(7.7133638421868E-17,-1.,0.));
#9509=DIRECTION('ref_axis',(1.,7.7133638421868E-17,0.));
#9510=DIRECTION('',(0.,0.,1.));
#9511=DIRECTION('',(1.,7.7133638421868E-17,0.));
#9512=DIRECTION('',(0.,0.,-1.));
#9513=DIRECTION('',(1.,7.7133638421868E-17,0.));
#9514=DIRECTION('center_axis',(-1.,-7.7133638421868E-17,0.));
#9515=DIRECTION('ref_axis',(7.7133638421868E-17,-1.,0.));
#9516=DIRECTION('',(0.,0.,-1.));
#9517=DIRECTION('',(7.7133638421868E-17,-1.,0.));
#9518=DIRECTION('',(0.,0.,1.));
#9519=DIRECTION('',(7.7133638421868E-17,-1.,0.));
#9520=DIRECTION('center_axis',(1.,7.7133638421868E-17,0.));
#9521=DIRECTION('ref_axis',(-7.7133638421868E-17,1.,0.));
#9522=DIRECTION('',(0.,0.,1.));
#9523=DIRECTION('',(-7.7133638421868E-17,1.,0.));
#9524=DIRECTION('',(0.,0.,-1.));
#9525=DIRECTION('',(-7.7133638421868E-17,1.,0.));
#9526=DIRECTION('center_axis',(1.,7.7133638421868E-17,0.));
#9527=DIRECTION('ref_axis',(-7.7133638421868E-17,1.,0.));
#9528=DIRECTION('',(0.,0.,-1.));
#9529=DIRECTION('',(-7.7133638421868E-17,1.,0.));
#9530=DIRECTION('',(0.,0.,1.));
#9531=DIRECTION('',(-7.7133638421868E-17,1.,0.));
#9532=DIRECTION('center_axis',(-1.,-7.7133638421868E-17,0.));
#9533=DIRECTION('ref_axis',(7.7133638421868E-17,-1.,0.));
#9534=DIRECTION('',(0.,0.,1.));
#9535=DIRECTION('',(7.7133638421868E-17,-1.,0.));
#9536=DIRECTION('',(0.,0.,-1.));
#9537=DIRECTION('',(7.7133638421868E-17,-1.,0.));
#9538=DIRECTION('center_axis',(7.7133638421868E-17,-1.,0.));
#9539=DIRECTION('ref_axis',(1.,7.7133638421868E-17,0.));
#9540=DIRECTION('',(0.,0.,-1.));
#9541=DIRECTION('',(1.,7.7133638421868E-17,0.));
#9542=DIRECTION('',(0.,0.,1.));
#9543=DIRECTION('',(1.,7.7133638421868E-17,0.));
#9544=DIRECTION('center_axis',(-7.7133638421868E-17,1.,0.));
#9545=DIRECTION('ref_axis',(-1.,-7.7133638421868E-17,0.));
#9546=DIRECTION('',(0.,0.,1.));
#9547=DIRECTION('',(-1.,-7.7133638421868E-17,0.));
#9548=DIRECTION('',(0.,0.,-1.));
#9549=DIRECTION('',(-1.,-7.7133638421868E-17,0.));
#9550=DIRECTION('center_axis',(1.,7.7133638421868E-17,0.));
#9551=DIRECTION('ref_axis',(7.7133638421868E-17,-1.,0.));
#9552=DIRECTION('',(7.7133638421868E-17,-1.,0.));
#9553=DIRECTION('',(0.,0.,-1.));
#9554=DIRECTION('',(-7.7133638421868E-17,1.,0.));
#9555=DIRECTION('center_axis',(-1.,-7.7133638421868E-17,0.));
#9556=DIRECTION('ref_axis',(-7.7133638421868E-17,1.,0.));
#9557=DIRECTION('',(7.7133638421868E-17,-1.,0.));
#9558=DIRECTION('',(0.,0.,-1.));
#9559=DIRECTION('',(-7.7133638421868E-17,1.,0.));
#9560=DIRECTION('center_axis',(-7.7133638421868E-17,1.,0.));
#9561=DIRECTION('ref_axis',(1.,7.7133638421868E-17,0.));
#9562=DIRECTION('',(1.,7.7133638421868E-17,0.));
#9563=DIRECTION('',(0.,0.,-1.));
#9564=DIRECTION('',(-1.,-7.7133638421868E-17,0.));
#9565=DIRECTION('center_axis',(7.7133638421868E-17,-1.,0.));
#9566=DIRECTION('ref_axis',(-1.,-7.7133638421868E-17,0.));
#9567=DIRECTION('',(1.,7.7133638421868E-17,0.));
#9568=DIRECTION('',(0.,0.,-1.));
#9569=DIRECTION('',(-1.,-7.7133638421868E-17,0.));
#9570=DIRECTION('center_axis',(7.7133638421868E-17,-1.,0.));
#9571=DIRECTION('ref_axis',(-1.,-7.7133638421868E-17,0.));
#9572=DIRECTION('',(-1.,-7.7133638421868E-17,0.));
#9573=DIRECTION('',(0.,0.,-1.));
#9574=DIRECTION('',(1.,7.7133638421868E-17,0.));
#9575=DIRECTION('center_axis',(-7.7133638421868E-17,1.,0.));
#9576=DIRECTION('ref_axis',(1.,7.7133638421868E-17,0.));
#9577=DIRECTION('',(-1.,-7.7133638421868E-17,0.));
#9578=DIRECTION('',(0.,0.,-1.));
#9579=DIRECTION('',(1.,7.7133638421868E-17,0.));
#9580=DIRECTION('center_axis',(0.,0.,1.));
#9581=DIRECTION('ref_axis',(1.,0.,0.));
#9582=DIRECTION('',(0.,-1.,0.));
#9583=DIRECTION('center_axis',(0.,0.,-1.));
#9584=DIRECTION('ref_axis',(0.0351594062077159,-0.99938171694059,0.));
#9585=DIRECTION('',(-1.,0.,0.));
#9586=DIRECTION('center_axis',(0.,0.,-1.));
#9587=DIRECTION('ref_axis',(-0.999381885565374,-0.0351546128381034,0.));
#9588=DIRECTION('',(0.,1.,0.));
#9589=DIRECTION('center_axis',(0.,0.,-1.));
#9590=DIRECTION('ref_axis',(5.2532643982639E-5,0.999999998620161,0.));
#9591=DIRECTION('',(1.,0.,0.));
#9592=DIRECTION('center_axis',(0.,0.,-1.));
#9593=DIRECTION('ref_axis',(0.999948559888028,-0.0101428584658998,0.));
#9594=DIRECTION('center_axis',(0.,0.,-1.));
#9595=DIRECTION('ref_axis',(0.999634720326579,0.0270263929817148,0.));
#9596=DIRECTION('',(1.,7.7133638421868E-17,0.));
#9597=DIRECTION('',(-1.,-7.7133638421868E-17,0.));
#9598=DIRECTION('center_axis',(0.,0.,1.));
#9599=DIRECTION('ref_axis',(-0.999887374308959,-0.0150079544754067,0.));
#9600=DIRECTION('',(7.7133638421868E-17,-1.,0.));
#9601=DIRECTION('center_axis',(0.,0.,1.));
#9602=DIRECTION('ref_axis',(-0.0341148875121504,-0.999417917815182,0.));
#9603=DIRECTION('center_axis',(0.,0.,-1.));
#9604=DIRECTION('ref_axis',(0.0303617602942425,0.999538975484115,0.));
#9605=DIRECTION('',(-7.7133638421868E-17,1.,0.));
#9606=DIRECTION('center_axis',(0.,0.,-1.));
#9607=DIRECTION('ref_axis',(0.0141230350444625,-0.999900264967028,0.));
#9608=DIRECTION('',(-5.35403202750632E-16,-1.,0.));
#9609=DIRECTION('',(5.35403202750632E-16,1.,0.));
#9610=DIRECTION('center_axis',(0.,0.,1.));
#9611=DIRECTION('ref_axis',(-0.00398685603516102,0.999992052457896,0.));
#9612=DIRECTION('',(1.,7.7133638421868E-17,0.));
#9613=DIRECTION('center_axis',(0.,0.,1.));
#9614=DIRECTION('ref_axis',(0.999423084243092,-0.0339631959925078,0.));
#9615=DIRECTION('',(5.35403202750632E-16,1.,0.));
#9616=DIRECTION('',(-5.35403202750632E-16,-1.,0.));
#9617=DIRECTION('center_axis',(0.,0.,-1.));
#9618=DIRECTION('ref_axis',(-0.999544730260591,0.0301717120542059,0.));
#9619=DIRECTION('',(-1.,-7.7133638421868E-17,0.));
#9620=DIRECTION('center_axis',(-1.,5.35403202750632E-16,0.));
#9621=DIRECTION('ref_axis',(5.35403202750632E-16,1.,0.));
#9622=DIRECTION('',(5.35403202750632E-16,1.,0.));
#9623=DIRECTION('',(0.,0.,-1.));
#9624=DIRECTION('center_axis',(0.,0.,-1.));
#9625=DIRECTION('ref_axis',(-1.,0.,0.));
#9626=DIRECTION('center_axis',(0.,0.,-1.));
#9627=DIRECTION('ref_axis',(-0.00398685603516102,0.999992052457896,0.));
#9628=DIRECTION('',(-5.35403202750632E-16,-1.,0.));
#9629=DIRECTION('',(5.35403202750632E-16,1.,0.));
#9630=DIRECTION('center_axis',(0.,0.,1.));
#9631=DIRECTION('ref_axis',(0.0141230350444625,-0.999900264967028,0.));
#9632=DIRECTION('center_axis',(0.,0.,-1.));
#9633=DIRECTION('ref_axis',(-1.,0.,0.));
#9634=DIRECTION('center_axis',(0.,0.,-1.));
#9635=DIRECTION('ref_axis',(-0.999887374308959,-0.0150079544754067,0.));
#9636=DIRECTION('',(1.,7.7133638421868E-17,0.));
#9637=DIRECTION('',(-1.,-7.7133638421868E-17,0.));
#9638=DIRECTION('center_axis',(0.,0.,1.));
#9639=DIRECTION('ref_axis',(0.999634720326579,0.0270263929817148,0.));
#9640=DIRECTION('center_axis',(0.,0.,-1.));
#9641=DIRECTION('ref_axis',(-1.,0.,0.));
#9642=DIRECTION('',(1.,7.7133638421868E-17,0.));
#9643=DIRECTION('center_axis',(0.,0.,1.));
#9644=DIRECTION('ref_axis',(-0.999544730260591,0.0301717120542059,0.));
#9645=DIRECTION('',(-5.35403202750632E-16,-1.,0.));
#9646=DIRECTION('center_axis',(0.,0.,-1.));
#9647=DIRECTION('ref_axis',(0.999423084243092,-0.0339631959925078,0.));
#9648=DIRECTION('',(-1.,-7.7133638421868E-17,0.));
#9649=DIRECTION('center_axis',(1.,-5.35403202750632E-16,0.));
#9650=DIRECTION('ref_axis',(-5.35403202750632E-16,-1.,0.));
#9651=DIRECTION('',(0.,0.,-1.));
#9652=DIRECTION('center_axis',(1.,7.7133638421868E-17,0.));
#9653=DIRECTION('ref_axis',(7.7133638421868E-17,-1.,0.));
#9654=DIRECTION('',(0.,0.,-1.));
#9655=DIRECTION('',(7.7133638421868E-17,-1.,0.));
#9656=DIRECTION('center_axis',(0.,0.,-1.));
#9657=DIRECTION('ref_axis',(0.999634720326579,0.0270263929817148,0.));
#9658=DIRECTION('',(0.,0.,-1.));
#9659=DIRECTION('center_axis',(7.7133638421868E-17,-1.,0.));
#9660=DIRECTION('ref_axis',(-1.,-7.7133638421868E-17,0.));
#9661=DIRECTION('center_axis',(0.,0.,-1.));
#9662=DIRECTION('ref_axis',(0.0141230350444625,-0.999900264967028,0.));
#9663=DIRECTION('',(0.,0.,-1.));
#9664=DIRECTION('center_axis',(-1.,5.35403202750632E-16,0.));
#9665=DIRECTION('ref_axis',(5.35403202750632E-16,1.,0.));
#9666=DIRECTION('center_axis',(0.,0.,-1.));
#9667=DIRECTION('ref_axis',(-0.999544730260591,0.0301717120542059,0.));
#9668=DIRECTION('',(0.,0.,-1.));
#9669=DIRECTION('center_axis',(-7.7133638421868E-17,1.,0.));
#9670=DIRECTION('ref_axis',(1.,7.7133638421868E-17,0.));
#9671=DIRECTION('center_axis',(0.,0.,-1.));
#9672=DIRECTION('ref_axis',(0.0303617602942425,0.999538975484115,0.));
#9673=DIRECTION('center_axis',(0.,0.,1.));
#9674=DIRECTION('ref_axis',(0.0303617602942425,0.999538975484115,0.));
#9675=DIRECTION('center_axis',(-1.,-7.7133638421868E-17,0.));
#9676=DIRECTION('ref_axis',(-7.7133638421868E-17,1.,0.));
#9677=DIRECTION('',(-7.7133638421868E-17,1.,0.));
#9678=DIRECTION('',(0.,0.,-1.));
#9679=DIRECTION('center_axis',(0.,0.,-1.));
#9680=DIRECTION('ref_axis',(-0.0341148875121504,-0.999417917815182,0.));
#9681=DIRECTION('center_axis',(0.,0.,-1.));
#9682=DIRECTION('ref_axis',(-0.0341148875121504,-0.999417917815182,0.));
#9683=DIRECTION('center_axis',(7.7133638421868E-17,-1.,0.));
#9684=DIRECTION('ref_axis',(-1.,-7.7133638421868E-17,0.));
#9685=DIRECTION('',(0.,0.,-1.));
#9686=DIRECTION('center_axis',(0.,0.,-1.));
#9687=DIRECTION('ref_axis',(0.999423084243092,-0.0339631959925078,0.));
#9688=DIRECTION('center_axis',(1.,-5.35403202750632E-16,0.));
#9689=DIRECTION('ref_axis',(-5.35403202750632E-16,-1.,0.));
#9690=DIRECTION('',(0.,0.,-1.));
#9691=DIRECTION('center_axis',(0.,0.,-1.));
#9692=DIRECTION('ref_axis',(-0.00398685603516102,0.999992052457896,0.));
#9693=DIRECTION('center_axis',(-7.7133638421868E-17,1.,0.));
#9694=DIRECTION('ref_axis',(1.,7.7133638421868E-17,0.));
#9695=DIRECTION('',(0.,0.,-1.));
#9696=DIRECTION('center_axis',(0.,0.,-1.));
#9697=DIRECTION('ref_axis',(-0.999887374308959,-0.0150079544754067,0.));
#9698=DIRECTION('center_axis',(0.,0.,-1.));
#9699=DIRECTION('ref_axis',(-1.,0.,0.));
#9700=DIRECTION('center_axis',(0.,0.,1.));
#9701=DIRECTION('ref_axis',(1.,0.,0.));
#9702=DIRECTION('center_axis',(-0.89766761056177,0.,-0.440673190639415));
#9703=DIRECTION('ref_axis',(-0.440673190639415,0.,0.89766761056177));
#9704=DIRECTION('',(-0.434593850455568,-0.165531968817965,0.885283769446527));
#9705=DIRECTION('',(0.,1.,0.));
#9706=DIRECTION('',(-0.44006739215433,0.0524169160432713,0.896433576610671));
#9707=DIRECTION('center_axis',(0.,0.,1.));
#9708=DIRECTION('ref_axis',(0.0351594062077159,-0.99938171694059,0.));
#9709=DIRECTION('',(-0.240097374468817,0.122561191663511,0.962980791641869));
#9710=DIRECTION('center_axis',(0.,0.991997911723619,-0.126254279673915));
#9711=DIRECTION('ref_axis',(0.,0.126254279673915,0.991997911723619));
#9712=DIRECTION('',(1.,0.,0.));
#9713=DIRECTION('',(0.240097374468817,0.122561191663511,0.962980791641869));
#9714=DIRECTION('center_axis',(0.,0.,1.));
#9715=DIRECTION('ref_axis',(-0.999381885565374,-0.0351546128381027,0.));
#9716=DIRECTION('',(0.440068519524123,0.0523681538233707,0.896435873104696));
#9717=DIRECTION('center_axis',(0.89766761056177,0.,-0.440673190639414));
#9718=DIRECTION('ref_axis',(-0.440673190639414,0.,-0.89766761056177));
#9719=DIRECTION('',(0.,-1.,0.));
#9720=DIRECTION('',(0.43459037617684,-0.165578933323376,0.885276692212082));
#9721=DIRECTION('center_axis',(0.,0.,1.));
#9722=DIRECTION('ref_axis',(-0.00298382100208716,0.999995548396205,0.));
#9723=DIRECTION('center_axis',(0.,0.,1.));
#9724=DIRECTION('ref_axis',(5.25326439824804E-5,0.999999998620161,0.));
#9725=DIRECTION('',(0.1428116106989,-0.124960159361538,0.98182982355494));
#9726=DIRECTION('center_axis',(0.,-0.991997911723619,-0.126254279673915));
#9727=DIRECTION('ref_axis',(0.,0.126254279673915,-0.991997911723619));
#9728=DIRECTION('',(-1.,0.,0.));
#9729=DIRECTION('',(-0.142811610698901,-0.124960159361538,0.98182982355494));
#9730=DIRECTION('center_axis',(0.,0.,1.));
#9731=DIRECTION('ref_axis',(0.827545224510859,0.561399057168136,0.));
#9732=DIRECTION('center_axis',(0.,0.,1.));
#9733=DIRECTION('ref_axis',(0.999948559888028,-0.0101428584658998,0.));
#9734=DIRECTION('center_axis',(-7.7133638421868E-17,1.,0.));
#9735=DIRECTION('ref_axis',(1.,7.7133638421868E-17,0.));
#9736=DIRECTION('',(1.,7.7133638421868E-17,0.));
#9737=DIRECTION('',(0.,0.,-1.));
#9738=DIRECTION('',(1.,7.7133638421868E-17,0.));
#9739=DIRECTION('',(0.,0.,1.));
#9740=DIRECTION('center_axis',(0.,0.,-1.));
#9741=DIRECTION('ref_axis',(-0.0141267475633293,-0.999900212522871,0.));
#9742=DIRECTION('center_axis',(0.,0.,-1.));
#9743=DIRECTION('ref_axis',(-0.0141267475633293,-0.999900212522871,0.));
#9744=DIRECTION('',(0.,0.,-1.));
#9745=DIRECTION('center_axis',(0.,0.,-1.));
#9746=DIRECTION('ref_axis',(-0.0141267475633293,-0.999900212522871,0.));
#9747=DIRECTION('',(0.,0.,1.));
#9748=DIRECTION('center_axis',(1.,7.7133638421868E-17,0.));
#9749=DIRECTION('ref_axis',(7.7133638421868E-17,-1.,0.));
#9750=DIRECTION('',(-7.7133638421868E-17,1.,0.));
#9751=DIRECTION('',(0.,0.,1.));
#9752=DIRECTION('',(-7.7133638421868E-17,1.,0.));
#9753=DIRECTION('',(0.,0.,1.));
#9754=DIRECTION('center_axis',(1.,7.7133638421868E-17,0.));
#9755=DIRECTION('ref_axis',(7.7133638421868E-17,-1.,0.));
#9756=DIRECTION('',(-7.7133638421868E-17,1.,0.));
#9757=DIRECTION('',(-7.7133638421868E-17,1.,0.));
#9758=DIRECTION('center_axis',(7.7133638421868E-17,-1.,0.));
#9759=DIRECTION('ref_axis',(-1.,-7.7133638421868E-17,0.));
#9760=DIRECTION('',(-1.,-7.7133638421868E-17,0.));
#9761=DIRECTION('',(0.,0.,-1.));
#9762=DIRECTION('',(-1.,-7.7133638421868E-17,0.));
#9763=DIRECTION('center_axis',(-1.,-7.7133638421868E-17,0.));
#9764=DIRECTION('ref_axis',(-7.7133638421868E-17,1.,0.));
#9765=DIRECTION('',(7.7133638421868E-17,-1.,0.));
#9766=DIRECTION('',(0.,0.,1.));
#9767=DIRECTION('',(7.7133638421868E-17,-1.,0.));
#9768=DIRECTION('center_axis',(0.,0.,-1.));
#9769=DIRECTION('ref_axis',(-0.999417917815182,-0.0341148875121527,0.));
#9770=DIRECTION('center_axis',(0.,0.,1.));
#9771=DIRECTION('ref_axis',(-0.999417917815182,-0.0341148875121527,0.));
#9772=DIRECTION('',(0.,0.,1.));
#9773=DIRECTION('center_axis',(0.,0.,1.));
#9774=DIRECTION('ref_axis',(-0.999417917815182,-0.0341148875121527,0.));
#9775=DIRECTION('center_axis',(7.7133638421868E-17,-1.,0.));
#9776=DIRECTION('ref_axis',(-1.,-7.7133638421868E-17,0.));
#9777=DIRECTION('',(-1.,-7.7133638421868E-17,0.));
#9778=DIRECTION('',(0.,0.,-1.));
#9779=DIRECTION('',(-1.,-7.7133638421868E-17,0.));
#9780=DIRECTION('',(0.,0.,1.));
#9781=DIRECTION('center_axis',(0.,0.,-1.));
#9782=DIRECTION('ref_axis',(-0.0303675150707175,0.9995388006618,0.));
#9783=DIRECTION('center_axis',(0.,0.,-1.));
#9784=DIRECTION('ref_axis',(-0.0303675150707175,0.9995388006618,0.));
#9785=DIRECTION('',(0.,0.,1.));
#9786=DIRECTION('center_axis',(0.,0.,-1.));
#9787=DIRECTION('ref_axis',(-0.0303675150707175,0.9995388006618,0.));
#9788=DIRECTION('',(0.,0.,1.));
#9789=DIRECTION('center_axis',(7.7133638421868E-17,-1.,0.));
#9790=DIRECTION('ref_axis',(-1.,-7.7133638421868E-17,0.));
#9791=DIRECTION('',(1.,7.7133638421868E-17,0.));
#9792=DIRECTION('',(0.,0.,1.));
#9793=DIRECTION('',(1.,7.7133638421868E-17,0.));
#9794=DIRECTION('',(0.,0.,-1.));
#9795=DIRECTION('center_axis',(7.7133638421868E-17,-1.,0.));
#9796=DIRECTION('ref_axis',(-1.,-7.7133638421868E-17,0.));
#9797=DIRECTION('',(1.,7.7133638421868E-17,0.));
#9798=DIRECTION('',(0.,0.,1.));
#9799=DIRECTION('',(1.,7.7133638421868E-17,0.));
#9800=DIRECTION('center_axis',(-7.7133638421868E-17,1.,0.));
#9801=DIRECTION('ref_axis',(1.,7.7133638421868E-17,0.));
#9802=DIRECTION('',(-1.,-7.7133638421868E-17,0.));
#9803=DIRECTION('',(0.,0.,1.));
#9804=DIRECTION('',(-1.,-7.7133638421868E-17,0.));
#9805=DIRECTION('center_axis',(0.,0.,-1.));
#9806=DIRECTION('ref_axis',(0.999889117138682,-0.014891387699822,0.));
#9807=DIRECTION('center_axis',(0.,0.,1.));
#9808=DIRECTION('ref_axis',(0.999889117138682,-0.014891387699822,0.));
#9809=DIRECTION('',(0.,0.,1.));
#9810=DIRECTION('center_axis',(0.,0.,1.));
#9811=DIRECTION('ref_axis',(0.999889117138682,-0.014891387699822,0.));
#9812=DIRECTION('',(0.,0.,1.));
#9813=DIRECTION('center_axis',(1.,7.7133638421868E-17,0.));
#9814=DIRECTION('ref_axis',(7.7133638421868E-17,-1.,0.));
#9815=DIRECTION('',(-7.7133638421868E-17,1.,0.));
#9816=DIRECTION('',(-7.7133638421868E-17,1.,0.));
#9817=DIRECTION('',(0.,0.,-1.));
#9818=DIRECTION('center_axis',(-7.7133638421868E-17,1.,0.));
#9819=DIRECTION('ref_axis',(1.,7.7133638421868E-17,0.));
#9820=DIRECTION('',(-1.,-7.7133638421868E-17,0.));
#9821=DIRECTION('',(0.,0.,1.));
#9822=DIRECTION('',(-1.,-7.7133638421868E-17,0.));
#9823=DIRECTION('center_axis',(1.,-1.03308938620329E-15,0.));
#9824=DIRECTION('ref_axis',(-1.03308938620329E-15,-1.,0.));
#9825=DIRECTION('',(-1.03308938620329E-15,-1.,0.));
#9826=DIRECTION('',(0.,0.,-1.));
#9827=DIRECTION('',(-1.03308938620329E-15,-1.,0.));
#9828=DIRECTION('center_axis',(-1.,-7.7133638421868E-17,0.));
#9829=DIRECTION('ref_axis',(-7.7133638421868E-17,1.,0.));
#9830=DIRECTION('',(7.7133638421868E-17,-1.,0.));
#9831=DIRECTION('',(0.,0.,1.));
#9832=DIRECTION('',(7.7133638421868E-17,-1.,0.));
#9833=DIRECTION('',(0.,0.,1.));
#9834=DIRECTION('center_axis',(-1.,-7.7133638421868E-17,0.));
#9835=DIRECTION('ref_axis',(-7.7133638421868E-17,1.,0.));
#9836=DIRECTION('',(7.7133638421868E-17,-1.,0.));
#9837=DIRECTION('',(7.7133638421868E-17,-1.,0.));
#9838=DIRECTION('center_axis',(7.7133638421868E-17,-1.,0.));
#9839=DIRECTION('ref_axis',(-1.,-7.7133638421868E-17,0.));
#9840=DIRECTION('',(1.,7.7133638421868E-17,0.));
#9841=DIRECTION('',(0.,0.,1.));
#9842=DIRECTION('',(1.,7.7133638421868E-17,0.));
#9843=DIRECTION('center_axis',(7.7133638421868E-17,-1.,0.));
#9844=DIRECTION('ref_axis',(-1.,-7.7133638421868E-17,0.));
#9845=DIRECTION('',(1.,7.7133638421868E-17,0.));
#9846=DIRECTION('',(0.,0.,1.));
#9847=DIRECTION('',(1.,7.7133638421868E-17,0.));
#9848=DIRECTION('center_axis',(-1.,2.14331241082844E-15,0.));
#9849=DIRECTION('ref_axis',(2.14331241082844E-15,1.,0.));
#9850=DIRECTION('',(2.14331241082844E-15,1.,0.));
#9851=DIRECTION('',(0.,0.,-1.));
#9852=DIRECTION('',(2.14331241082844E-15,1.,0.));
#9853=DIRECTION('center_axis',(-7.7133638421868E-17,1.,0.));
#9854=DIRECTION('ref_axis',(1.,7.7133638421868E-17,0.));
#9855=DIRECTION('',(1.,7.7133638421868E-17,0.));
#9856=DIRECTION('',(1.,7.7133638421868E-17,0.));
#9857=DIRECTION('center_axis',(-1.,-7.7133638421868E-17,0.));
#9858=DIRECTION('ref_axis',(-7.7133638421868E-17,1.,0.));
#9859=DIRECTION('',(-7.7133638421868E-17,1.,0.));
#9860=DIRECTION('',(0.,0.,-1.));
#9861=DIRECTION('',(-7.7133638421868E-17,1.,0.));
#9862=DIRECTION('center_axis',(1.,7.7133638421868E-17,0.));
#9863=DIRECTION('ref_axis',(7.7133638421868E-17,-1.,0.));
#9864=DIRECTION('',(7.7133638421868E-17,-1.,0.));
#9865=DIRECTION('',(7.7133638421868E-17,-1.,0.));
#9866=DIRECTION('center_axis',(-7.7133638421868E-17,1.,0.));
#9867=DIRECTION('ref_axis',(1.,7.7133638421868E-17,0.));
#9868=DIRECTION('',(-1.,-7.7133638421868E-17,0.));
#9869=DIRECTION('',(0.,0.,-1.));
#9870=DIRECTION('',(-1.,-7.7133638421868E-17,0.));
#9871=DIRECTION('center_axis',(1.,7.7133638421868E-17,0.));
#9872=DIRECTION('ref_axis',(7.7133638421868E-17,-1.,0.));
#9873=DIRECTION('',(-7.7133638421868E-17,1.,0.));
#9874=DIRECTION('',(-7.7133638421868E-17,1.,0.));
#9875=DIRECTION('',(0.,0.,1.));
#9876=DIRECTION('center_axis',(0.,0.,1.));
#9877=DIRECTION('ref_axis',(1.,0.,0.));
#9878=DIRECTION('center_axis',(0.,0.,1.));
#9879=DIRECTION('ref_axis',(0.0341200539400609,-0.999417741447052,0.));
#9880=DIRECTION('center_axis',(0.,0.,1.));
#9881=DIRECTION('ref_axis',(1.,0.,0.));
#9882=DIRECTION('center_axis',(0.,0.,-1.));
#9883=DIRECTION('ref_axis',(-0.999638464709705,0.0268875412193815,0.));
#9884=DIRECTION('center_axis',(0.,0.,1.));
#9885=DIRECTION('ref_axis',(1.,0.,0.));
#9886=DIRECTION('',(-1.,-7.7133638421868E-17,0.));
#9887=DIRECTION('center_axis',(0.,0.,-1.));
#9888=DIRECTION('ref_axis',(0.999538975484115,0.0303617602942432,0.));
#9889=DIRECTION('center_axis',(0.,0.,1.));
#9890=DIRECTION('ref_axis',(1.,0.,0.));
#9891=DIRECTION('center_axis',(0.,0.,1.));
#9892=DIRECTION('ref_axis',(0.0039885946832896,0.999992045524589,0.));
#9893=DIRECTION('',(7.7133638421868E-17,-1.,0.));
#9894=DIRECTION('center_axis',(0.,0.,-1.));
#9895=DIRECTION('ref_axis',(-0.999638464709705,0.0268875412193815,0.));
#9896=DIRECTION('center_axis',(0.,0.,-1.));
#9897=DIRECTION('ref_axis',(-0.999638464709705,0.0268875412193815,0.));
#9898=DIRECTION('center_axis',(-7.7133638421868E-17,1.,0.));
#9899=DIRECTION('ref_axis',(1.,7.7133638421868E-17,0.));
#9900=DIRECTION('',(-1.,-7.7133638421868E-17,0.));
#9901=DIRECTION('',(0.,0.,1.));
#9902=DIRECTION('center_axis',(0.,0.,-1.));
#9903=DIRECTION('ref_axis',(0.999538975484115,0.0303617602942432,0.));
#9904=DIRECTION('center_axis',(0.,0.,-1.));
#9905=DIRECTION('ref_axis',(0.999538975484115,0.0303617602942432,0.));
#9906=DIRECTION('center_axis',(-1.,-7.7133638421868E-17,0.));
#9907=DIRECTION('ref_axis',(-7.7133638421868E-17,1.,0.));
#9908=DIRECTION('',(7.7133638421868E-17,-1.,0.));
#9909=DIRECTION('',(0.,0.,1.));
#9910=DIRECTION('center_axis',(0.,0.,-1.));
#9911=DIRECTION('ref_axis',(0.0341200539400609,-0.999417741447052,0.));
#9912=DIRECTION('center_axis',(0.,0.,1.));
#9913=DIRECTION('ref_axis',(0.0341200539400609,-0.999417741447052,0.));
#9914=DIRECTION('center_axis',(0.,0.,-1.));
#9915=DIRECTION('ref_axis',(0.0039885946832896,0.999992045524589,0.));
#9916=DIRECTION('center_axis',(0.,0.,1.));
#9917=DIRECTION('ref_axis',(0.0039885946832896,0.999992045524589,0.));
#9918=DIRECTION('center_axis',(0.89766761056177,0.,-0.440673190639415));
#9919=DIRECTION('ref_axis',(-0.440673190639415,0.,-0.89766761056177));
#9920=DIRECTION('',(-0.44006739215433,0.0524169160432713,-0.896433576610671));
#9921=DIRECTION('',(-0.434593850455568,-0.165531968817965,-0.885283769446527));
#9922=DIRECTION('',(-0.240097374468817,0.122561191663511,-0.962980791641869));
#9923=DIRECTION('center_axis',(5.1827713975324E-17,-0.991997911723619,-0.126254279673915));
#9924=DIRECTION('ref_axis',(0.,0.126254279673915,-0.991997911723619));
#9925=DIRECTION('',(0.240097374468817,0.122561191663511,-0.962980791641869));
#9926=DIRECTION('',(0.440068519524123,0.0523681538233707,-0.896435873104696));
#9927=DIRECTION('center_axis',(-0.89766761056177,-2.8474607134455E-16,-0.440673190639415));
#9928=DIRECTION('ref_axis',(-0.440673190639415,0.,0.89766761056177));
#9929=DIRECTION('',(0.43459037617684,-0.165578933323376,-0.885276692212082));
#9930=DIRECTION('center_axis',(0.,0.,-1.));
#9931=DIRECTION('ref_axis',(-0.00298382100208709,0.999995548396205,0.));
#9932=DIRECTION('',(0.1428116106989,-0.124960159361538,-0.98182982355494));
#9933=DIRECTION('center_axis',(2.20267784395127E-16,0.991997911723619,-0.126254279673915));
#9934=DIRECTION('ref_axis',(0.,0.126254279673915,0.991997911723619));
#9935=DIRECTION('',(-0.142811610698901,-0.124960159361538,-0.98182982355494));
#9936=DIRECTION('center_axis',(0.,0.,-1.));
#9937=DIRECTION('ref_axis',(0.82754522451086,0.561399057168134,0.));
#9938=DIRECTION('center_axis',(0.,-1.,0.));
#9939=DIRECTION('ref_axis',(1.,0.,0.));
#9940=DIRECTION('',(0.,-1.,0.));
#9941=DIRECTION('center_axis',(0.,-1.,0.));
#9942=DIRECTION('ref_axis',(1.,0.,5.9211894646675E-17));
#9943=DIRECTION('',(0.,-1.,0.));
#9944=DIRECTION('center_axis',(0.,1.,-6.72862439166762E-18));
#9945=DIRECTION('ref_axis',(1.,0.,5.9211894646675E-17));
#9946=DIRECTION('center_axis',(0.,-1.,0.));
#9947=DIRECTION('ref_axis',(1.,0.,5.9211894646675E-17));
#9948=DIRECTION('',(0.,-1.,0.));
#9949=DIRECTION('center_axis',(0.,1.,-6.72862439166762E-18));
#9950=DIRECTION('ref_axis',(1.,0.,5.9211894646675E-17));
#9951=DIRECTION('center_axis',(0.,0.,-1.));
#9952=DIRECTION('ref_axis',(-1.,0.,0.));
#9953=DIRECTION('center_axis',(0.,1.,0.));
#9954=DIRECTION('ref_axis',(-1.,0.,0.));
#9955=DIRECTION('center_axis',(0.,0.,-1.));
#9956=DIRECTION('ref_axis',(-1.,0.,0.));
#9957=DIRECTION('center_axis',(0.,0.,-1.));
#9958=DIRECTION('ref_axis',(-0.00485450736797898,-0.999988216809685,0.));
#9959=DIRECTION('center_axis',(0.,-1.,0.));
#9960=DIRECTION('ref_axis',(0.,0.,-1.));
#9961=DIRECTION('center_axis',(0.,-1.,6.72862439166762E-18));
#9962=DIRECTION('ref_axis',(0.,6.72862439166762E-18,1.));
#9963=DIRECTION('center_axis',(0.,0.,-1.));
#9964=DIRECTION('ref_axis',(-0.813327310813838,-0.581806398627868,0.));
#9965=DIRECTION('center_axis',(0.,-1.,0.));
#9966=DIRECTION('ref_axis',(-1.,0.,0.));
#9967=DIRECTION('center_axis',(0.,0.,-1.));
#9968=DIRECTION('ref_axis',(0.827545224510859,0.561399057168136,0.));
#9969=DIRECTION('center_axis',(0.,1.,0.));
#9970=DIRECTION('ref_axis',(1.,0.,0.));
#9971=DIRECTION('center_axis',(0.,0.,-1.));
#9972=DIRECTION('ref_axis',(-0.00298382100208716,0.999995548396205,0.));
#9973=DIRECTION('center_axis',(0.,0.,1.));
#9974=DIRECTION('ref_axis',(1.,0.,0.));
#9975=DIRECTION('center_axis',(0.,0.,1.));
#9976=DIRECTION('ref_axis',(1.,0.,0.));
#9977=DIRECTION('center_axis',(0.,0.,1.));
#9978=DIRECTION('ref_axis',(1.,0.,0.));
#9979=DIRECTION('center_axis',(0.,0.,1.));
#9980=DIRECTION('ref_axis',(1.,0.,0.));
#9981=DIRECTION('center_axis',(0.,0.,1.));
#9982=DIRECTION('ref_axis',(1.,0.,0.));
#9983=DIRECTION('center_axis',(0.,0.,1.));
#9984=DIRECTION('ref_axis',(1.,0.,0.));
#9985=CARTESIAN_POINT('',(0.,0.,0.));
#9986=CARTESIAN_POINT('Origin',(40.5,178.,-32.9221929604616));
#9987=CARTESIAN_POINT('',(36.5,38.6086458947038,-32.9221929604616));
#9988=CARTESIAN_POINT('Ctrl Pts',(36.5,38.6086458947038,-32.9221929604616));
#9989=CARTESIAN_POINT('Ctrl Pts',(36.5,38.6086458947038,-32.4204939656761));
#9990=CARTESIAN_POINT('Ctrl Pts',(36.6001942269267,38.597120878464,-31.8855660350466));
#9991=CARTESIAN_POINT('Ctrl Pts',(37.006765977812,38.547003131727,-30.9021938724948));
#9992=CARTESIAN_POINT('Ctrl Pts',(37.313126636908,38.5080244898444,-30.4537623738756));
#9993=CARTESIAN_POINT('Ctrl Pts',(38.023039745417,38.4095010112135,-29.7407522572788));
#9994=CARTESIAN_POINT('Ctrl Pts',(38.4756240049696,38.3429774647654,-29.4310612561112));
#9995=CARTESIAN_POINT('Ctrl Pts',(39.464018430262,38.1824116398747,-29.021828769138));
#9996=CARTESIAN_POINT('Ctrl Pts',(39.9997282319886,38.087992201825,-28.9221929604616));
#9997=CARTESIAN_POINT('Ctrl Pts',(41.0056099513385,37.896308416099,-28.9221929604616));
#9998=CARTESIAN_POINT('Ctrl Pts',(41.5438042628723,37.7859296225661,-29.0237453840908));
#9999=CARTESIAN_POINT('Ctrl Pts',(42.5335343752418,37.5689041139556,-29.4361983164361));
#10000=CARTESIAN_POINT('Ctrl Pts',(42.9851579549162,37.4626263871891,-29.7470822571602));
#10001=CARTESIAN_POINT('Ctrl Pts',(43.6904544959575,37.2905260108848,-30.4592567069427));
#10002=CARTESIAN_POINT('Ctrl Pts',(43.9947254020138,37.2125902375483,-30.9052385742794));
#10003=CARTESIAN_POINT('Ctrl Pts',(44.399554223648,37.1071459979971,-31.8855218264593));
#10004=CARTESIAN_POINT('Ctrl Pts',(44.5,37.0800941317667,-32.4199185770963));
#10005=CARTESIAN_POINT('Ctrl Pts',(44.5,37.0800941317667,-33.4244673438268));
#10006=CARTESIAN_POINT('Ctrl Pts',(44.399554223648,37.1071459979971,-33.9588640944639));
#10007=CARTESIAN_POINT('Ctrl Pts',(43.9947254020138,37.2125902375483,-34.9391473466438));
#10008=CARTESIAN_POINT('Ctrl Pts',(43.6904544959575,37.2905260108848,-35.3851292139805));
#10009=CARTESIAN_POINT('Ctrl Pts',(42.9851579549162,37.4626263871891,-36.097303663763));
#10010=CARTESIAN_POINT('Ctrl Pts',(42.5335343752418,37.5689041139556,-36.4081876044871));
#10011=CARTESIAN_POINT('Ctrl Pts',(41.5438042628723,37.7859296225661,-36.8206405368323));
#10012=CARTESIAN_POINT('Ctrl Pts',(41.0056099513385,37.896308416099,-36.9221929604616));
#10013=CARTESIAN_POINT('Ctrl Pts',(39.9997282319886,38.087992201825,-36.9221929604616));
#10014=CARTESIAN_POINT('Ctrl Pts',(39.464018430262,38.1824116398747,-36.8225571517852));
#10015=CARTESIAN_POINT('Ctrl Pts',(38.4756240049696,38.3429774647654,-36.413324664812));
#10016=CARTESIAN_POINT('Ctrl Pts',(38.023039745417,38.4095010112135,-36.1036336636444));
#10017=CARTESIAN_POINT('Ctrl Pts',(37.313126636908,38.5080244898444,-35.3906235470476));
#10018=CARTESIAN_POINT('Ctrl Pts',(37.006765977812,38.547003131727,-34.9421920484284));
#10019=CARTESIAN_POINT('Ctrl Pts',(36.6001942269267,38.597120878464,-33.9588198858766));
#10020=CARTESIAN_POINT('Ctrl Pts',(36.5,38.6086458947038,-33.4238919552471));
#10021=CARTESIAN_POINT('Ctrl Pts',(36.5,38.6086458947038,-32.9221929604616));
#10022=CARTESIAN_POINT('',(36.5,26.,-32.9221929604616));
#10023=CARTESIAN_POINT('',(36.5,178.,-32.9221929604616));
#10024=CARTESIAN_POINT('Origin',(40.5,26.,-32.9221929604616));
#10025=CARTESIAN_POINT('Origin',(-40.5,28.,-32.9221929604616));
#10026=CARTESIAN_POINT('',(-44.5,26.,-32.9221929604616));
#10027=CARTESIAN_POINT('Origin',(-40.5,26.,-32.9221929604616));
#10028=CARTESIAN_POINT('',(-44.5,37.0800941317667,-32.9221929604616));
#10029=CARTESIAN_POINT('',(-44.5,28.,-32.9221929604616));
#10030=CARTESIAN_POINT('',(-36.5,38.6086458947038,-32.9221929604616));
#10031=CARTESIAN_POINT('Ctrl Pts',(-44.5,37.0800941317667,-32.9221929604616));
#10032=CARTESIAN_POINT('Ctrl Pts',(-44.5,37.0800941317667,-32.4199185770963));
#10033=CARTESIAN_POINT('Ctrl Pts',(-44.399554223648,37.1071459979971,-31.8855218264593));
#10034=CARTESIAN_POINT('Ctrl Pts',(-43.9947254020138,37.2125902375483,-30.9052385742794));
#10035=CARTESIAN_POINT('Ctrl Pts',(-43.6904544959575,37.2905260108848,-30.4592567069427));
#10036=CARTESIAN_POINT('Ctrl Pts',(-42.9851579549162,37.4626263871891,-29.7470822571602));
#10037=CARTESIAN_POINT('Ctrl Pts',(-42.5335343752418,37.5689041139556,-29.4361983164361));
#10038=CARTESIAN_POINT('Ctrl Pts',(-41.5438042628723,37.7859296225661,-29.0237453840908));
#10039=CARTESIAN_POINT('Ctrl Pts',(-41.0056099513385,37.896308416099,-28.9221929604616));
#10040=CARTESIAN_POINT('Ctrl Pts',(-39.9997282319887,38.087992201825,-28.9221929604616));
#10041=CARTESIAN_POINT('Ctrl Pts',(-39.4640184302621,38.1824116398747,-29.021828769138));
#10042=CARTESIAN_POINT('Ctrl Pts',(-38.4756240049696,38.3429774647654,-29.4310612561112));
#10043=CARTESIAN_POINT('Ctrl Pts',(-38.023039745417,38.4095010112135,-29.7407522572788));
#10044=CARTESIAN_POINT('Ctrl Pts',(-37.3131266369081,38.5080244898444,-30.4537623738756));
#10045=CARTESIAN_POINT('Ctrl Pts',(-37.006765977812,38.547003131727,-30.9021938724948));
#10046=CARTESIAN_POINT('Ctrl Pts',(-36.6001942269267,38.597120878464,-31.8855660350466));
#10047=CARTESIAN_POINT('Ctrl Pts',(-36.5,38.6086458947038,-32.4204939656761));
#10048=CARTESIAN_POINT('Ctrl Pts',(-36.5,38.6086458947038,-32.9221929604616));
#10049=CARTESIAN_POINT('Ctrl Pts',(-36.5,38.6086458947038,-32.9221929604616));
#10050=CARTESIAN_POINT('Ctrl Pts',(-36.5,38.6086458947038,-33.4238919552471));
#10051=CARTESIAN_POINT('Ctrl Pts',(-36.6001942269267,38.597120878464,-33.9588198858766));
#10052=CARTESIAN_POINT('Ctrl Pts',(-37.006765977812,38.547003131727,-34.9421920484284));
#10053=CARTESIAN_POINT('Ctrl Pts',(-37.3131266369081,38.5080244898444,-35.3906235470476));
#10054=CARTESIAN_POINT('Ctrl Pts',(-38.023039745417,38.4095010112135,-36.1036336636444));
#10055=CARTESIAN_POINT('Ctrl Pts',(-38.4756240049696,38.3429774647654,-36.413324664812));
#10056=CARTESIAN_POINT('Ctrl Pts',(-39.4640184302621,38.1824116398747,-36.8225571517852));
#10057=CARTESIAN_POINT('Ctrl Pts',(-39.9997282319887,38.087992201825,-36.9221929604616));
#10058=CARTESIAN_POINT('Ctrl Pts',(-41.0056099513385,37.896308416099,-36.9221929604616));
#10059=CARTESIAN_POINT('Ctrl Pts',(-41.5438042628723,37.7859296225661,-36.8206405368323));
#10060=CARTESIAN_POINT('Ctrl Pts',(-42.5335343752418,37.5689041139556,-36.4081876044871));
#10061=CARTESIAN_POINT('Ctrl Pts',(-42.9851579549162,37.4626263871891,-36.097303663763));
#10062=CARTESIAN_POINT('Ctrl Pts',(-43.6904544959575,37.2905260108848,-35.3851292139805));
#10063=CARTESIAN_POINT('Ctrl Pts',(-43.9947254020138,37.2125902375483,-34.9391473466438));
#10064=CARTESIAN_POINT('Ctrl Pts',(-44.399554223648,37.1071459979971,-33.9588640944639));
#10065=CARTESIAN_POINT('Ctrl Pts',(-44.5,37.0800941317667,-33.4244673438268));
#10066=CARTESIAN_POINT('Ctrl Pts',(-44.5,37.0800941317667,-32.9221929604616));
#10067=CARTESIAN_POINT('Origin',(42.7215083172203,-3.000681477764,0.));
#10068=CARTESIAN_POINT('',(42.5,-39.,-36.3862945755993));
#10069=CARTESIAN_POINT('',(42.5,-39.,-311.535898384862));
#10070=CARTESIAN_POINT('',(42.5,-39.,0.));
#10071=CARTESIAN_POINT('',(42.5,-39.,-318.464101615138));
#10072=CARTESIAN_POINT('Ctrl Pts',(42.5,-39.,-311.535898384862));
#10073=CARTESIAN_POINT('Ctrl Pts',(42.8088482060055,-39.0019003817071,-311.714211979738));
#10074=CARTESIAN_POINT('Ctrl Pts',(43.0896715564139,-38.9995908537038,-311.932817306922));
#10075=CARTESIAN_POINT('Ctrl Pts',(43.6835878863165,-38.9895766807413,-312.526733636824));
#10076=CARTESIAN_POINT('Ctrl Pts',(43.9913974857799,-38.9788569450469,-312.976490353704));
#10077=CARTESIAN_POINT('Ctrl Pts',(44.3996059833135,-38.9621291233576,-313.961963024106));
#10078=CARTESIAN_POINT('Ctrl Pts',(44.5,-38.9567236311252,-314.497691136139));
#10079=CARTESIAN_POINT('Ctrl Pts',(44.5,-38.9567236311252,-315.));
#10080=CARTESIAN_POINT('Ctrl Pts',(44.5,-38.9567236311252,-315.502509398554));
#10081=CARTESIAN_POINT('Ctrl Pts',(44.3995264660868,-38.9621336853142,-316.038437609461));
#10082=CARTESIAN_POINT('Ctrl Pts',(43.9910184316585,-38.9788711732497,-317.024215833946));
#10083=CARTESIAN_POINT('Ctrl Pts',(43.682988816517,-38.9895951405576,-317.474078025861));
#10084=CARTESIAN_POINT('Ctrl Pts',(43.0890253609514,-38.999596122212,-318.067685769771));
#10085=CARTESIAN_POINT('Ctrl Pts',(42.808497691954,-39.0018982249503,-318.285990389644));
#10086=CARTESIAN_POINT('Ctrl Pts',(42.5,-39.,-318.464101615138));
#10087=CARTESIAN_POINT('',(42.5,-39.,-350.));
#10088=CARTESIAN_POINT('',(42.5,-39.,0.));
#10089=CARTESIAN_POINT('',(77.,-14.,-350.));
#10090=CARTESIAN_POINT('Origin',(42.7215083172203,-3.000681477764,-350.));
#10091=CARTESIAN_POINT('',(77.,-14.,-345.));
#10092=CARTESIAN_POINT('',(77.,-14.,0.));
#10093=CARTESIAN_POINT('',(77.,-14.,-5.));
#10094=CARTESIAN_POINT('',(77.,-14.,0.));
#10095=CARTESIAN_POINT('',(77.,-14.,0.));
#10096=CARTESIAN_POINT('',(77.,-14.,0.));
#10097=CARTESIAN_POINT('',(42.5,-39.,0.));
#10098=CARTESIAN_POINT('Origin',(42.7215083172203,-3.000681477764,0.));
#10099=CARTESIAN_POINT('',(42.5,-39.,-29.4580913453238));
#10100=CARTESIAN_POINT('',(42.5,-39.,80.));
#10101=CARTESIAN_POINT('Ctrl Pts',(42.5,-39.,-36.3862945755993));
#10102=CARTESIAN_POINT('Ctrl Pts',(42.808497691954,-39.0018982249503,-36.2081833501053));
#10103=CARTESIAN_POINT('Ctrl Pts',(43.0890253609514,-38.999596122212,-35.9898787302326));
#10104=CARTESIAN_POINT('Ctrl Pts',(43.682988816517,-38.9895951405576,-35.3962709863227));
#10105=CARTESIAN_POINT('Ctrl Pts',(43.9910184316585,-38.9788711732497,-34.9464087944071));
#10106=CARTESIAN_POINT('Ctrl Pts',(44.3995264660868,-38.9621336853142,-33.9606305699228));
#10107=CARTESIAN_POINT('Ctrl Pts',(44.5,-38.9567236311252,-33.4247023590159));
#10108=CARTESIAN_POINT('Ctrl Pts',(44.5,-38.9567236311252,-32.4196835619072));
#10109=CARTESIAN_POINT('Ctrl Pts',(44.3995264660868,-38.9621336853142,-31.8837553510004));
#10110=CARTESIAN_POINT('Ctrl Pts',(43.9910184316585,-38.9788711732497,-30.8979771265161));
#10111=CARTESIAN_POINT('Ctrl Pts',(43.682988816517,-38.9895951405576,-30.4481149346006));
#10112=CARTESIAN_POINT('Ctrl Pts',(43.0890253609514,-38.999596122212,-29.8545071906906));
#10113=CARTESIAN_POINT('Ctrl Pts',(42.808497691954,-39.0018982249503,-29.6362025708179));
#10114=CARTESIAN_POINT('Ctrl Pts',(42.5,-39.,-29.4580913453238));
#10115=CARTESIAN_POINT('Origin',(42.5,-39.,0.));
#10116=CARTESIAN_POINT('',(39.,-39.,-156.));
#10117=CARTESIAN_POINT('',(39.,-39.,-311.291900756452));
#10118=CARTESIAN_POINT('',(39.,-39.,-78.));
#10119=CARTESIAN_POINT('Origin',(40.5,-39.,-315.));
#10120=CARTESIAN_POINT('',(36.5,-39.,-32.9221929604616));
#10121=CARTESIAN_POINT('Origin',(40.5,-39.,-32.9221929604616));
#10122=CARTESIAN_POINT('Origin',(40.5,-39.,-32.9221929604616));
#10123=CARTESIAN_POINT('',(-42.5,-39.,0.));
#10124=CARTESIAN_POINT('',(-42.5,-39.,0.));
#10125=CARTESIAN_POINT('',(-42.5,-39.,-29.4580913453238));
#10126=CARTESIAN_POINT('',(-42.5,-39.,0.));
#10127=CARTESIAN_POINT('',(-42.5,-39.,-36.3862945755994));
#10128=CARTESIAN_POINT('Origin',(-40.5,-39.,-32.9221929604616));
#10129=CARTESIAN_POINT('',(-42.5,-39.,-311.535898384862));
#10130=CARTESIAN_POINT('',(-42.5,-39.,0.));
#10131=CARTESIAN_POINT('',(-39.,-39.,-311.291900756452));
#10132=CARTESIAN_POINT('Origin',(-40.5,-39.,-315.));
#10133=CARTESIAN_POINT('',(-39.,-39.,-156.));
#10134=CARTESIAN_POINT('',(-39.,-39.,-167.));
#10135=CARTESIAN_POINT('',(1.75,-39.,-156.));
#10136=CARTESIAN_POINT('Origin',(40.5,178.,-32.9221929604616));
#10137=CARTESIAN_POINT('',(36.5,-14.,-32.9221929604616));
#10138=CARTESIAN_POINT('Origin',(40.5,-14.,-32.9221929604616));
#10139=CARTESIAN_POINT('',(36.5,178.,-32.9221929604616));
#10140=CARTESIAN_POINT('Origin',(40.5,28.,-32.9221929604616));
#10141=CARTESIAN_POINT('',(35.5,-16.,-32.9221929604616));
#10142=CARTESIAN_POINT('Origin',(40.5,-16.,-32.9221929604616));
#10143=CARTESIAN_POINT('',(35.5,-37.,-32.9221929604616));
#10144=CARTESIAN_POINT('',(35.5,28.,-32.9221929604616));
#10145=CARTESIAN_POINT('',(42.5,-37.,-28.3396172655058));
#10146=CARTESIAN_POINT('Origin',(40.5,-37.,-32.9221929604616));
#10147=CARTESIAN_POINT('',(42.5,-37.,-37.5047686554174));
#10148=CARTESIAN_POINT('Ctrl Pts',(42.5,-37.,-37.5047686554174));
#10149=CARTESIAN_POINT('Ctrl Pts',(43.0813115518147,-37.0056089438428,-37.2510634946038));
#10150=CARTESIAN_POINT('Ctrl Pts',(43.6109929774623,-36.9951976226945,-36.8818198561928));
#10151=CARTESIAN_POINT('Ctrl Pts',(44.4781479776122,-36.9644294653442,-36.0155818224277));
#10152=CARTESIAN_POINT('Ctrl Pts',(44.8633506095138,-36.9415749665824,-35.4532334269629));
#10153=CARTESIAN_POINT('Ctrl Pts',(45.3742842513412,-36.9070720486921,-34.2207872255656));
#10154=CARTESIAN_POINT('Ctrl Pts',(45.5,-36.8964294650809,-33.5506551394539));
#10155=CARTESIAN_POINT('Ctrl Pts',(45.5,-36.8964294650809,-32.9221929604616));
#10156=CARTESIAN_POINT('Ctrl Pts',(45.5,-36.8964294650809,-32.2937307814693));
#10157=CARTESIAN_POINT('Ctrl Pts',(45.3742842513412,-36.9070720486921,-31.6235986953576));
#10158=CARTESIAN_POINT('Ctrl Pts',(44.8633506095137,-36.9415749665824,-30.3911524939603));
#10159=CARTESIAN_POINT('Ctrl Pts',(44.4781479776122,-36.9644294653442,-29.8288040984954));
#10160=CARTESIAN_POINT('Ctrl Pts',(43.6109929774631,-36.9951976226945,-28.9625660647312));
#10161=CARTESIAN_POINT('Ctrl Pts',(43.0813115517942,-37.0056089438426,-28.5933224263105));
#10162=CARTESIAN_POINT('Ctrl Pts',(42.5,-37.,-28.3396172655058));
#10163=CARTESIAN_POINT('Origin',(40.5,-37.,-32.9221929604616));
#10164=CARTESIAN_POINT('Origin',(40.5,28.,-32.9221929604616));
#10165=CARTESIAN_POINT('',(45.5,34.8490695010974,-32.9221929604616));
#10166=CARTESIAN_POINT('',(35.5,36.7511338183009,-32.9221929604616));
#10167=CARTESIAN_POINT('Ctrl Pts',(45.5,34.8490695010974,-32.9221929604616));
#10168=CARTESIAN_POINT('Ctrl Pts',(45.5,34.8490695010974,-33.5503248712111));
#10169=CARTESIAN_POINT('Ctrl Pts',(45.3743280064565,34.8857836807323,-34.2183060241181));
#10170=CARTESIAN_POINT('Ctrl Pts',(44.8685297423173,35.0276624924318,-35.443091900445));
#10171=CARTESIAN_POINT('Ctrl Pts',(44.4885673039961,35.1320755602451,-36.0000512167855));
#10172=CARTESIAN_POINT('Ctrl Pts',(43.6079312528473,35.3601055416954,-36.8898981649369));
#10173=CARTESIAN_POINT('Ctrl Pts',(43.0437211540251,35.4997858455476,-37.2786624818774));
#10174=CARTESIAN_POINT('Ctrl Pts',(41.8064085726943,35.780239004824,-37.794835047832));
#10175=CARTESIAN_POINT('Ctrl Pts',(41.1331513507035,35.9204214850031,-37.9221929604616));
#10176=CARTESIAN_POINT('Ctrl Pts',(39.87544910222,36.1585811615619,-37.9221929604616));
#10177=CARTESIAN_POINT('Ctrl Pts',(39.2061957207228,36.2729345930821,-37.7979238884235));
#10178=CARTESIAN_POINT('Ctrl Pts',(37.9710348729254,36.4619935948274,-37.2869400540017));
#10179=CARTESIAN_POINT('Ctrl Pts',(37.4052744415115,36.5373130817526,-36.900097221955));
#10180=CARTESIAN_POINT('Ctrl Pts',(36.5171983653567,36.6461643976038,-36.0088962498022));
#10181=CARTESIAN_POINT('Ctrl Pts',(36.1338673949241,36.6874398333309,-35.4479873583606));
#10182=CARTESIAN_POINT('Ctrl Pts',(35.6252626098936,36.7396136250999,-34.2182203444015));
#10183=CARTESIAN_POINT('Ctrl Pts',(35.5,36.7511338183009,-33.5493840485038));
#10184=CARTESIAN_POINT('Ctrl Pts',(35.5,36.7511338183009,-32.9221929604616));
#10185=CARTESIAN_POINT('Ctrl Pts',(35.5,36.7511338183009,-32.9221929604616));
#10186=CARTESIAN_POINT('Ctrl Pts',(35.5,36.7511338183009,-32.2935264100863));
#10187=CARTESIAN_POINT('Ctrl Pts',(35.625847994771,36.7395614949998,-31.6232187319935));
#10188=CARTESIAN_POINT('Ctrl Pts',(36.1366510513799,36.6871463073719,-30.3912094701504));
#10189=CARTESIAN_POINT('Ctrl Pts',(36.5215950742982,36.645676222081,-29.8295300742979));
#10190=CARTESIAN_POINT('Ctrl Pts',(37.4112170885687,36.5365328011856,-28.9399080600274));
#10191=CARTESIAN_POINT('Ctrl Pts',(37.9761951564402,36.4612504327327,-28.5546826735698));
#10192=CARTESIAN_POINT('Ctrl Pts',(39.209109124255,36.2724416553359,-28.0458892850801));
#10193=CARTESIAN_POINT('Ctrl Pts',(39.8768987849515,36.1583066482811,-27.9221929604616));
#10194=CARTESIAN_POINT('Ctrl Pts',(41.1288076379651,35.9212440145184,-27.9221929604616));
#10195=CARTESIAN_POINT('Ctrl Pts',(41.7977519441888,35.7820555204882,-28.0478268580817));
#10196=CARTESIAN_POINT('Ctrl Pts',(43.0284615277126,35.5033874606749,-28.557506596953));
#10197=CARTESIAN_POINT('Ctrl Pts',(43.5903776810544,35.3644838107029,-28.9415028296505));
#10198=CARTESIAN_POINT('Ctrl Pts',(44.4755271528683,35.1356105210717,-29.8266523014644));
#10199=CARTESIAN_POINT('Ctrl Pts',(44.8602490975424,35.0299588005967,-30.3858689457415));
#10200=CARTESIAN_POINT('Ctrl Pts',(45.3725675301818,34.8863034413729,-31.6172805702178));
#10201=CARTESIAN_POINT('Ctrl Pts',(45.5,34.8490695010974,-32.2896334503096));
#10202=CARTESIAN_POINT('Ctrl Pts',(45.5,34.8490695010974,-32.9221929604616));
#10203=CARTESIAN_POINT('',(35.5,28.,-32.9221929604616));
#10204=CARTESIAN_POINT('',(35.5,28.,-32.9221929604616));
#10205=CARTESIAN_POINT('Origin',(40.5,28.,-32.9221929604616));
#10206=CARTESIAN_POINT('Origin',(-40.5,28.,-32.9221929604616));
#10207=CARTESIAN_POINT('',(-45.5,-16.,-32.9221929604616));
#10208=CARTESIAN_POINT('Origin',(-40.5,-16.,-32.9221929604616));
#10209=CARTESIAN_POINT('',(-45.5,-36.8964294650809,-32.9221929604616));
#10210=CARTESIAN_POINT('',(-45.5,28.,-32.9221929604616));
#10211=CARTESIAN_POINT('',(-42.5,-37.,-28.3396172655058));
#10212=CARTESIAN_POINT('Ctrl Pts',(-42.5,-37.,-28.3396172655058));
#10213=CARTESIAN_POINT('Ctrl Pts',(-43.0813115517943,-37.0056089438426,
-28.5933224263105));
#10214=CARTESIAN_POINT('Ctrl Pts',(-43.6109929774631,-36.9951976226945,
-28.9625660647312));
#10215=CARTESIAN_POINT('Ctrl Pts',(-44.4781479776122,-36.9644294653442,
-29.8288040984954));
#10216=CARTESIAN_POINT('Ctrl Pts',(-44.8633506095138,-36.9415749665824,
-30.3911524939603));
#10217=CARTESIAN_POINT('Ctrl Pts',(-45.3742842513412,-36.9070720486921,
-31.6235986953576));
#10218=CARTESIAN_POINT('Ctrl Pts',(-45.5,-36.8964294650809,-32.2937307814693));
#10219=CARTESIAN_POINT('Ctrl Pts',(-45.5,-36.8964294650809,-32.9221929604616));
#10220=CARTESIAN_POINT('',(-42.5,-37.,-37.5047686554174));
#10221=CARTESIAN_POINT('Origin',(-40.5,-37.,-32.9221929604616));
#10222=CARTESIAN_POINT('Ctrl Pts',(-45.5,-36.8964294650809,-32.9221929604616));
#10223=CARTESIAN_POINT('Ctrl Pts',(-45.5,-36.8964294650809,-33.5506551394539));
#10224=CARTESIAN_POINT('Ctrl Pts',(-45.3742842513412,-36.9070720486921,
-34.2207872255656));
#10225=CARTESIAN_POINT('Ctrl Pts',(-44.8633506095138,-36.9415749665824,
-35.4532334269629));
#10226=CARTESIAN_POINT('Ctrl Pts',(-44.4781479776122,-36.9644294653442,
-36.0155818224277));
#10227=CARTESIAN_POINT('Ctrl Pts',(-43.6109929774631,-36.9951976226945,
-36.881819856192));
#10228=CARTESIAN_POINT('Ctrl Pts',(-43.0813115517943,-37.0056089438426,
-37.2510634946127));
#10229=CARTESIAN_POINT('Ctrl Pts',(-42.5,-37.,-37.5047686554174));
#10230=CARTESIAN_POINT('Origin',(-40.5,28.,-32.9221929604616));
#10231=CARTESIAN_POINT('',(-35.5,36.7511338183009,-32.9221929604616));
#10232=CARTESIAN_POINT('',(-45.5,34.8490695010974,-32.9221929604616));
#10233=CARTESIAN_POINT('Ctrl Pts',(-35.5,36.7511338183009,-32.9221929604616));
#10234=CARTESIAN_POINT('Ctrl Pts',(-35.5,36.7511338183009,-33.5508595108369));
#10235=CARTESIAN_POINT('Ctrl Pts',(-35.625847994771,36.7395614949998,-34.2211671889297));
#10236=CARTESIAN_POINT('Ctrl Pts',(-36.1366510513799,36.6871463073719,-35.4531764507728));
#10237=CARTESIAN_POINT('Ctrl Pts',(-36.5215950742982,36.645676222081,-36.0148558466253));
#10238=CARTESIAN_POINT('Ctrl Pts',(-37.4112170885687,36.5365328011856,-36.9044778608958));
#10239=CARTESIAN_POINT('Ctrl Pts',(-37.9761951564403,36.4612504327327,-37.2897032473534));
#10240=CARTESIAN_POINT('Ctrl Pts',(-39.209109124255,36.2724416553359,-37.7984966358431));
#10241=CARTESIAN_POINT('Ctrl Pts',(-39.8768987849515,36.1583066482811,-37.9221929604616));
#10242=CARTESIAN_POINT('Ctrl Pts',(-41.1288076379651,35.9212440145185,-37.9221929604616));
#10243=CARTESIAN_POINT('Ctrl Pts',(-41.7977519441888,35.7820555204882,-37.7965590628415));
#10244=CARTESIAN_POINT('Ctrl Pts',(-43.0284615277126,35.5033874606749,-37.2868793239702));
#10245=CARTESIAN_POINT('Ctrl Pts',(-43.5903776810544,35.3644838107029,-36.9028830912727));
#10246=CARTESIAN_POINT('Ctrl Pts',(-44.4755271528683,35.1356105210717,-36.0177336194588));
#10247=CARTESIAN_POINT('Ctrl Pts',(-44.8602490975424,35.0299588005967,-35.4585169751817));
#10248=CARTESIAN_POINT('Ctrl Pts',(-45.3725675301818,34.8863034413729,-34.2271053507054));
#10249=CARTESIAN_POINT('Ctrl Pts',(-45.5,34.8490695010974,-33.5547524706136));
#10250=CARTESIAN_POINT('Ctrl Pts',(-45.5,34.8490695010974,-32.9221929604616));
#10251=CARTESIAN_POINT('Ctrl Pts',(-45.5,34.8490695010974,-32.9221929604616));
#10252=CARTESIAN_POINT('Ctrl Pts',(-45.5,34.8490695010974,-32.2940610497121));
#10253=CARTESIAN_POINT('Ctrl Pts',(-45.3743280064565,34.8857836807323,-31.6260798968051));
#10254=CARTESIAN_POINT('Ctrl Pts',(-44.8685297423173,35.0276624924319,-30.4012940204782));
#10255=CARTESIAN_POINT('Ctrl Pts',(-44.4885673039961,35.1320755602451,-29.8443347041377));
#10256=CARTESIAN_POINT('Ctrl Pts',(-43.6079312528473,35.3601055416954,-28.9544877559862));
#10257=CARTESIAN_POINT('Ctrl Pts',(-43.0437211540251,35.4997858455476,-28.5657234390458));
#10258=CARTESIAN_POINT('Ctrl Pts',(-41.8064085726943,35.780239004824,-28.0495508730912));
#10259=CARTESIAN_POINT('Ctrl Pts',(-41.1331513507036,35.9204214850031,-27.9221929604616));
#10260=CARTESIAN_POINT('Ctrl Pts',(-39.87544910222,36.1585811615619,-27.9221929604616));
#10261=CARTESIAN_POINT('Ctrl Pts',(-39.2061957207228,36.2729345930821,-28.0464620324997));
#10262=CARTESIAN_POINT('Ctrl Pts',(-37.9710348729254,36.4619935948274,-28.5574458669215));
#10263=CARTESIAN_POINT('Ctrl Pts',(-37.4052744415115,36.5373130817526,-28.9442886989682));
#10264=CARTESIAN_POINT('Ctrl Pts',(-36.5171983653567,36.6461643976038,-29.835489671121));
#10265=CARTESIAN_POINT('Ctrl Pts',(-36.1338673949241,36.6874398333309,-30.3963985625626));
#10266=CARTESIAN_POINT('Ctrl Pts',(-35.6252626098936,36.7396136250999,-31.6261655765217));
#10267=CARTESIAN_POINT('Ctrl Pts',(-35.5,36.7511338183009,-32.2950018724194));
#10268=CARTESIAN_POINT('Ctrl Pts',(-35.5,36.7511338183009,-32.9221929604616));
#10269=CARTESIAN_POINT('',(-45.5,28.,-32.9221929604616));
#10270=CARTESIAN_POINT('',(-45.5,28.,-32.9221929604616));
#10271=CARTESIAN_POINT('Origin',(-40.5,28.,-32.9221929604616));
#10272=CARTESIAN_POINT('Origin',(-42.5,-37.,0.));
#10273=CARTESIAN_POINT('',(42.5,-37.,-310.417424305044));
#10274=CARTESIAN_POINT('',(42.5,-37.,0.));
#10275=CARTESIAN_POINT('',(35.5,-37.,-315.));
#10276=CARTESIAN_POINT('Origin',(40.5,-37.,-315.));
#10277=CARTESIAN_POINT('',(42.5,-37.,-319.582575694956));
#10278=CARTESIAN_POINT('Origin',(40.5,-37.,-315.));
#10279=CARTESIAN_POINT('',(42.5,-37.,-350.));
#10280=CARTESIAN_POINT('',(42.5,-37.,0.));
#10281=CARTESIAN_POINT('',(-42.5,-37.,-350.));
#10282=CARTESIAN_POINT('',(21.25,-37.,-350.));
#10283=CARTESIAN_POINT('',(-42.5,-37.,-319.582575694956));
#10284=CARTESIAN_POINT('',(-42.5,-37.,0.));
#10285=CARTESIAN_POINT('',(-42.5,-37.,-310.417424305044));
#10286=CARTESIAN_POINT('Origin',(-40.5,-37.,-315.));
#10287=CARTESIAN_POINT('',(-42.5,-37.,0.));
#10288=CARTESIAN_POINT('',(-42.5,-37.,0.));
#10289=CARTESIAN_POINT('',(-42.5,-37.,0.));
#10290=CARTESIAN_POINT('',(42.5,-37.,0.));
#10291=CARTESIAN_POINT('',(42.5,-37.,0.));
#10292=CARTESIAN_POINT('',(42.5,-37.,0.));
#10293=CARTESIAN_POINT('',(-35.,-37.,-330.));
#10294=CARTESIAN_POINT('',(35.,-37.,-330.));
#10295=CARTESIAN_POINT('',(-3.75,-37.,-330.));
#10296=CARTESIAN_POINT('',(35.0000000000001,-37.,-160.));
#10297=CARTESIAN_POINT('',(35.0000000000001,-37.,-80.0000000000001));
#10298=CARTESIAN_POINT('',(-35.,-37.,-160.));
#10299=CARTESIAN_POINT('',(-38.7500000000001,-37.,-160.));
#10300=CARTESIAN_POINT('',(-35.,-37.,-165.));
#10301=CARTESIAN_POINT('Origin',(-40.5,28.,-32.9221929604616));
#10302=CARTESIAN_POINT('',(-44.5,-38.9567236311252,-32.9221929604616));
#10303=CARTESIAN_POINT('Ctrl Pts',(-42.5,-39.,-29.4580913453238));
#10304=CARTESIAN_POINT('Ctrl Pts',(-42.808497691954,-39.0018982249503,-29.6362025708179));
#10305=CARTESIAN_POINT('Ctrl Pts',(-43.0890253609514,-38.999596122212,-29.8545071906906));
#10306=CARTESIAN_POINT('Ctrl Pts',(-43.682988816517,-38.9895951405576,-30.4481149346006));
#10307=CARTESIAN_POINT('Ctrl Pts',(-43.9910184316585,-38.9788711732496,
-30.8979771265161));
#10308=CARTESIAN_POINT('Ctrl Pts',(-44.3995264660868,-38.9621336853142,
-31.8837553510004));
#10309=CARTESIAN_POINT('Ctrl Pts',(-44.5,-38.9567236311252,-32.4196835619072));
#10310=CARTESIAN_POINT('Ctrl Pts',(-44.5,-38.9567236311252,-32.9221929604616));
#10311=CARTESIAN_POINT('',(-44.5,-14.,-32.9221929604616));
#10312=CARTESIAN_POINT('',(-44.5,28.,-32.9221929604616));
#10313=CARTESIAN_POINT('Origin',(-40.5,-14.,-32.9221929604616));
#10314=CARTESIAN_POINT('Ctrl Pts',(-44.5,-38.9567236311252,-32.9221929604616));
#10315=CARTESIAN_POINT('Ctrl Pts',(-44.5,-38.9567236311252,-33.4247023590159));
#10316=CARTESIAN_POINT('Ctrl Pts',(-44.3995264660868,-38.9621336853142,
-33.9606305699228));
#10317=CARTESIAN_POINT('Ctrl Pts',(-43.9910184316585,-38.9788711732496,
-34.9464087944071));
#10318=CARTESIAN_POINT('Ctrl Pts',(-43.6829888165171,-38.9895951405576,
-35.3962709863226));
#10319=CARTESIAN_POINT('Ctrl Pts',(-43.0890253609514,-38.999596122212,-35.9898787302326));
#10320=CARTESIAN_POINT('Ctrl Pts',(-42.808497691954,-39.0018982249502,-36.2081833501053));
#10321=CARTESIAN_POINT('Ctrl Pts',(-42.5,-39.,-36.3862945755994));
#10322=CARTESIAN_POINT('Origin',(42.8280430494009,-3.0015825698057,0.));
#10323=CARTESIAN_POINT('',(49.245254006302,-36.3904939556929,0.));
#10324=CARTESIAN_POINT('Origin',(42.8280430494009,-3.0015825698057,0.));
#10325=CARTESIAN_POINT('',(49.245254006302,-36.3904939556929,-350.));
#10326=CARTESIAN_POINT('',(49.245254006302,-36.3904939556929,0.));
#10327=CARTESIAN_POINT('Origin',(42.8280430494009,-3.00158256980566,-350.));
#10328=CARTESIAN_POINT('Ctrl Pts',(42.5,-37.,-319.582575694956));
#10329=CARTESIAN_POINT('Ctrl Pts',(43.0813115518147,-37.0056089438428,-319.328870534142));
#10330=CARTESIAN_POINT('Ctrl Pts',(43.6109929774623,-36.9951976226945,-318.959626895731));
#10331=CARTESIAN_POINT('Ctrl Pts',(44.4781479776122,-36.9644294653442,-318.093388861966));
#10332=CARTESIAN_POINT('Ctrl Pts',(44.8633506095138,-36.9415749665824,-317.531040466501));
#10333=CARTESIAN_POINT('Ctrl Pts',(45.3742842513412,-36.9070720486921,-316.298594265104));
#10334=CARTESIAN_POINT('Ctrl Pts',(45.5,-36.8964294650809,-315.628462178992));
#10335=CARTESIAN_POINT('Ctrl Pts',(45.5,-36.8964294650809,-315.));
#10336=CARTESIAN_POINT('Ctrl Pts',(45.5,-36.8964294650809,-314.371980694608));
#10337=CARTESIAN_POINT('Ctrl Pts',(45.3744598886235,-36.9070563591914,-313.702290244443));
#10338=CARTESIAN_POINT('Ctrl Pts',(44.8641875083792,-36.9415222727721,-312.470518321378));
#10339=CARTESIAN_POINT('Ctrl Pts',(44.4794704792804,-36.9643580160296,-311.908402667415));
#10340=CARTESIAN_POINT('Ctrl Pts',(43.612481740817,-36.9951680690329,-311.041413928951));
#10341=CARTESIAN_POINT('Ctrl Pts',(43.0821186846223,-37.0056167316849,-310.671481727495));
#10342=CARTESIAN_POINT('Ctrl Pts',(42.5,-37.,-310.417424305044));
#10343=CARTESIAN_POINT('Origin',(-42.7215083172203,-3.000681477764,0.));
#10344=CARTESIAN_POINT('',(-77.,-14.,-5.));
#10345=CARTESIAN_POINT('',(-77.,-14.,-345.));
#10346=CARTESIAN_POINT('',(-77.,-14.,0.));
#10347=CARTESIAN_POINT('',(-77.,-14.,-350.));
#10348=CARTESIAN_POINT('',(-77.,-14.,0.));
#10349=CARTESIAN_POINT('',(-42.5,-39.,-350.));
#10350=CARTESIAN_POINT('Origin',(-42.7215083172203,-3.00068147776401,-350.));
#10351=CARTESIAN_POINT('',(-42.5,-39.,-318.464101615138));
#10352=CARTESIAN_POINT('',(-42.5,-39.,0.));
#10353=CARTESIAN_POINT('',(-44.5,-38.9567236311252,-315.));
#10354=CARTESIAN_POINT('Ctrl Pts',(-42.5,-39.,-318.464101615138));
#10355=CARTESIAN_POINT('Ctrl Pts',(-42.808497691954,-39.0018982249503,-318.285990389644));
#10356=CARTESIAN_POINT('Ctrl Pts',(-43.0890253609514,-38.999596122212,-318.067685769771));
#10357=CARTESIAN_POINT('Ctrl Pts',(-43.682988816517,-38.9895951405576,-317.474078025861));
#10358=CARTESIAN_POINT('Ctrl Pts',(-43.9910184316585,-38.9788711732497,
-317.024215833946));
#10359=CARTESIAN_POINT('Ctrl Pts',(-44.3995264660868,-38.9621336853142,
-316.038437609461));
#10360=CARTESIAN_POINT('Ctrl Pts',(-44.5,-38.9567236311252,-315.502509398554));
#10361=CARTESIAN_POINT('Ctrl Pts',(-44.5,-38.9567236311252,-315.));
#10362=CARTESIAN_POINT('Ctrl Pts',(-44.5,-38.9567236311252,-315.));
#10363=CARTESIAN_POINT('Ctrl Pts',(-44.5,-38.9567236311252,-314.497691136139));
#10364=CARTESIAN_POINT('Ctrl Pts',(-44.3996059833136,-38.9621291233576,
-313.961963024106));
#10365=CARTESIAN_POINT('Ctrl Pts',(-43.99139748578,-38.9788569450469,-312.976490353704));
#10366=CARTESIAN_POINT('Ctrl Pts',(-43.6835878863165,-38.9895766807413,
-312.526733636824));
#10367=CARTESIAN_POINT('Ctrl Pts',(-43.0896715564307,-38.9995908537035,
-311.932817306938));
#10368=CARTESIAN_POINT('Ctrl Pts',(-42.8088482059823,-39.001900381707,-311.714211979725));
#10369=CARTESIAN_POINT('Ctrl Pts',(-42.5,-39.,-311.535898384862));
#10370=CARTESIAN_POINT('',(-77.,-14.,0.));
#10371=CARTESIAN_POINT('Origin',(-42.7215083172203,-3.000681477764,0.));
#10372=CARTESIAN_POINT('',(-77.,-14.,0.));
#10373=CARTESIAN_POINT('Origin',(-42.8280430494009,-3.0015825698057,0.));
#10374=CARTESIAN_POINT('',(-45.5,-36.8964294650809,-315.));
#10375=CARTESIAN_POINT('Ctrl Pts',(-42.5,-37.,-310.417424305044));
#10376=CARTESIAN_POINT('Ctrl Pts',(-43.0813115517943,-37.0056089438426,
-310.671129465849));
#10377=CARTESIAN_POINT('Ctrl Pts',(-43.6109929774631,-36.9951976226945,
-311.04037310427));
#10378=CARTESIAN_POINT('Ctrl Pts',(-44.4781479776122,-36.9644294653442,
-311.906611138034));
#10379=CARTESIAN_POINT('Ctrl Pts',(-44.8633506095138,-36.9415749665824,
-312.468959533499));
#10380=CARTESIAN_POINT('Ctrl Pts',(-45.3742842513412,-36.9070720486921,
-313.701405734896));
#10381=CARTESIAN_POINT('Ctrl Pts',(-45.5,-36.8964294650809,-314.371537821008));
#10382=CARTESIAN_POINT('Ctrl Pts',(-45.5,-36.8964294650809,-315.));
#10383=CARTESIAN_POINT('Ctrl Pts',(-45.5,-36.8964294650809,-315.));
#10384=CARTESIAN_POINT('Ctrl Pts',(-45.5,-36.8964294650809,-315.628462178992));
#10385=CARTESIAN_POINT('Ctrl Pts',(-45.3742842513412,-36.9070720486921,
-316.298594265104));
#10386=CARTESIAN_POINT('Ctrl Pts',(-44.8633506095138,-36.9415749665824,
-317.531040466501));
#10387=CARTESIAN_POINT('Ctrl Pts',(-44.4781479776122,-36.9644294653442,
-318.093388861966));
#10388=CARTESIAN_POINT('Ctrl Pts',(-43.6109929774631,-36.9951976226945,
-318.95962689573));
#10389=CARTESIAN_POINT('Ctrl Pts',(-43.0813115517943,-37.0056089438426,
-319.328870534151));
#10390=CARTESIAN_POINT('Ctrl Pts',(-42.5,-37.,-319.582575694956));
#10391=CARTESIAN_POINT('',(-49.245254006302,-36.3904939556929,-350.));
#10392=CARTESIAN_POINT('Origin',(-42.8280430494009,-3.0015825698057,-350.));
#10393=CARTESIAN_POINT('',(-49.245254006302,-36.3904939556929,0.));
#10394=CARTESIAN_POINT('',(-49.245254006302,-36.3904939556929,0.));
#10395=CARTESIAN_POINT('Origin',(-42.8280430494009,-3.0015825698057,0.));
#10396=CARTESIAN_POINT('Origin',(40.5,26.,-32.9221929604616));
#10397=CARTESIAN_POINT('',(28.,26.,-32.9221929604616));
#10398=CARTESIAN_POINT('Origin',(40.5,26.,-32.9221929604616));
#10399=CARTESIAN_POINT('Origin',(40.5,16.,-32.9221929604616));
#10400=CARTESIAN_POINT('',(26.5,28.,-32.9221929604616));
#10401=CARTESIAN_POINT('Origin',(40.5,28.,-32.9221929604616));
#10402=CARTESIAN_POINT('',(26.5,16.,-32.9221929604616));
#10403=CARTESIAN_POINT('',(26.5,16.,-32.9221929604616));
#10404=CARTESIAN_POINT('Origin',(40.5,16.,-32.9221929604616));
#10405=CARTESIAN_POINT('Origin',(40.5,28.,-32.9221929604616));
#10406=CARTESIAN_POINT('Origin',(-40.5,26.,-32.9221929604616));
#10407=CARTESIAN_POINT('',(-53.,26.,-32.9221929604616));
#10408=CARTESIAN_POINT('Origin',(-40.5,26.,-32.9221929604616));
#10409=CARTESIAN_POINT('Origin',(-40.5,16.,-32.9221929604616));
#10410=CARTESIAN_POINT('',(-54.5,28.,-32.9221929604616));
#10411=CARTESIAN_POINT('Origin',(-40.5,28.,-32.9221929604616));
#10412=CARTESIAN_POINT('',(-54.5,16.,-32.9221929604616));
#10413=CARTESIAN_POINT('',(-54.5,16.,-32.9221929604616));
#10414=CARTESIAN_POINT('Origin',(-40.5,16.,-32.9221929604616));
#10415=CARTESIAN_POINT('Origin',(-40.5,28.,-32.9221929604616));
#10416=CARTESIAN_POINT('Origin',(-40.5,-14.,-315.));
#10417=CARTESIAN_POINT('',(-53.,-14.,-315.));
#10418=CARTESIAN_POINT('Origin',(-40.5,-14.,-315.));
#10419=CARTESIAN_POINT('',(-53.,-28.,-315.));
#10420=CARTESIAN_POINT('',(-53.,-14.,-315.));
#10421=CARTESIAN_POINT('Origin',(-40.5,-28.,-315.));
#10422=CARTESIAN_POINT('Origin',(40.5,2.,-32.9221929604616));
#10423=CARTESIAN_POINT('',(28.,14.,-32.9221929604616));
#10424=CARTESIAN_POINT('Origin',(40.5,14.,-32.9221929604616));
#10425=CARTESIAN_POINT('',(28.,2.,-32.9221929604616));
#10426=CARTESIAN_POINT('Origin',(-40.5,2.,-32.9221929604616));
#10427=CARTESIAN_POINT('',(-53.,14.,-32.9221929604616));
#10428=CARTESIAN_POINT('Origin',(-40.5,14.,-32.9221929604616));
#10429=CARTESIAN_POINT('',(-53.,2.,-32.9221929604616));
#10430=CARTESIAN_POINT('Origin',(4.44089209850063E-15,-38.,-246.));
#10431=CARTESIAN_POINT('',(39.,-38.,-156.));
#10432=CARTESIAN_POINT('',(39.,-38.,-311.291900756452));
#10433=CARTESIAN_POINT('',(39.,-38.,-334.));
#10434=CARTESIAN_POINT('',(-39.,-38.,-156.));
#10435=CARTESIAN_POINT('',(39.,-38.,-156.));
#10436=CARTESIAN_POINT('',(-39.,-38.,-311.291900756452));
#10437=CARTESIAN_POINT('',(-39.,-38.,-158.));
#10438=CARTESIAN_POINT('',(-37.,-38.,-313.063508326896));
#10439=CARTESIAN_POINT('Origin',(-40.5,-38.,-315.));
#10440=CARTESIAN_POINT('',(-37.,-38.,-158.));
#10441=CARTESIAN_POINT('',(-37.,-38.,-332.));
#10442=CARTESIAN_POINT('',(37.,-38.,-158.));
#10443=CARTESIAN_POINT('',(-39.,-38.,-158.));
#10444=CARTESIAN_POINT('',(37.,-38.,-313.063508326896));
#10445=CARTESIAN_POINT('',(37.,-38.,-158.));
#10446=CARTESIAN_POINT('Origin',(40.5,-38.,-315.));
#10447=CARTESIAN_POINT('Origin',(39.,-39.,-156.));
#10448=CARTESIAN_POINT('',(39.,-39.,-156.));
#10449=CARTESIAN_POINT('',(39.,2.,-311.291900756452));
#10450=CARTESIAN_POINT('Origin',(42.5,-39.,0.));
#10451=CARTESIAN_POINT('',(39.,-39.,-318.708099243548));
#10452=CARTESIAN_POINT('',(39.,-39.,-334.));
#10453=CARTESIAN_POINT('',(39.,-39.,-78.));
#10454=CARTESIAN_POINT('',(-39.,-39.,-334.));
#10455=CARTESIAN_POINT('',(40.75,-39.,-334.));
#10456=CARTESIAN_POINT('',(-39.,-39.,-318.708099243548));
#10457=CARTESIAN_POINT('',(-39.,-39.,-167.));
#10458=CARTESIAN_POINT('Origin',(-40.5,-39.,-315.));
#10459=CARTESIAN_POINT('',(-42.5,-39.,-350.));
#10460=CARTESIAN_POINT('Origin',(40.5,-39.,-315.));
#10461=CARTESIAN_POINT('Origin',(40.5,-29.,-315.));
#10462=CARTESIAN_POINT('',(45.,-29.,-315.));
#10463=CARTESIAN_POINT('Origin',(40.5,-29.,-315.));
#10464=CARTESIAN_POINT('',(45.,-28.,-315.));
#10465=CARTESIAN_POINT('',(45.,-29.,-315.));
#10466=CARTESIAN_POINT('Origin',(40.5,-28.,-315.));
#10467=CARTESIAN_POINT('Origin',(40.5,-29.,-315.));
#10468=CARTESIAN_POINT('',(35.5,-29.,-315.));
#10469=CARTESIAN_POINT('Origin',(40.5,-29.,-315.));
#10470=CARTESIAN_POINT('',(35.5,-28.,-315.));
#10471=CARTESIAN_POINT('',(35.5,-29.,-315.));
#10472=CARTESIAN_POINT('Origin',(40.5,-28.,-315.));
#10473=CARTESIAN_POINT('Origin',(40.5,-29.,-315.));
#10474=CARTESIAN_POINT('Origin',(40.5,-28.,-315.));
#10475=CARTESIAN_POINT('',(45.,34.9906343868051,-315.));
#10476=CARTESIAN_POINT('Ctrl Pts',(45.,34.9906343868051,-315.));
#10477=CARTESIAN_POINT('Ctrl Pts',(45.,34.9906343868051,-314.434799325154));
#10478=CARTESIAN_POINT('Ctrl Pts',(44.8869422687021,35.0224630996781,-313.833604340397));
#10479=CARTESIAN_POINT('Ctrl Pts',(44.4316124488196,35.1459144302174,-312.73104307048));
#10480=CARTESIAN_POINT('Ctrl Pts',(44.0894777749533,35.2369334510853,-312.22955254353));
#10481=CARTESIAN_POINT('Ctrl Pts',(43.2964883917764,35.4366261620682,-311.428552312652));
#10482=CARTESIAN_POINT('Ctrl Pts',(42.7885830585355,35.5593567349682,-311.078743886083));
#10483=CARTESIAN_POINT('Ctrl Pts',(41.6750839622377,35.8075336990846,-310.614451025966));
#10484=CARTESIAN_POINT('Ctrl Pts',(41.0693691744696,35.9324993376749,-310.5));
#10485=CARTESIAN_POINT('Ctrl Pts',(39.9375922251757,36.1468136815551,-310.5));
#10486=CARTESIAN_POINT('Ctrl Pts',(39.3351177060851,36.2508627067999,-310.611951270033));
#10487=CARTESIAN_POINT('Ctrl Pts',(38.2233604295802,36.4250256980713,-311.072044445618));
#10488=CARTESIAN_POINT('Ctrl Pts',(37.7142014256158,36.4956359750339,-311.42029736414));
#10489=CARTESIAN_POINT('Ctrl Pts',(36.9151905976543,36.5988306193613,-312.222390561703));
#10490=CARTESIAN_POINT('Ctrl Pts',(36.5703300643138,36.638739185864,-312.727076771237));
#10491=CARTESIAN_POINT('Ctrl Pts',(36.112727989607,36.6895906145983,-313.833667980087));
#10492=CARTESIAN_POINT('Ctrl Pts',(36.,36.7010382658623,-314.435555329022));
#10493=CARTESIAN_POINT('Ctrl Pts',(36.,36.7010382658623,-315.564444670978));
#10494=CARTESIAN_POINT('Ctrl Pts',(36.112727989607,36.6895906145983,-316.166332019913));
#10495=CARTESIAN_POINT('Ctrl Pts',(36.5703300643138,36.638739185864,-317.272923228763));
#10496=CARTESIAN_POINT('Ctrl Pts',(36.9151905976543,36.5988306193613,-317.777609438297));
#10497=CARTESIAN_POINT('Ctrl Pts',(37.7142014256158,36.4956359750339,-318.57970263586));
#10498=CARTESIAN_POINT('Ctrl Pts',(38.2233604295802,36.4250256980713,-318.927955554382));
#10499=CARTESIAN_POINT('Ctrl Pts',(39.3351177060851,36.2508627067999,-319.388048729967));
#10500=CARTESIAN_POINT('Ctrl Pts',(39.9375922251757,36.1468136815551,-319.5));
#10501=CARTESIAN_POINT('Ctrl Pts',(41.0693691744696,35.9324993376749,-319.5));
#10502=CARTESIAN_POINT('Ctrl Pts',(41.6750839622377,35.8075336990846,-319.385548974033));
#10503=CARTESIAN_POINT('Ctrl Pts',(42.7885830585355,35.5593567349682,-318.921256113917));
#10504=CARTESIAN_POINT('Ctrl Pts',(43.2964883917764,35.4366261620682,-318.571447687348));
#10505=CARTESIAN_POINT('Ctrl Pts',(44.0894777749534,35.2369334510853,-317.77044745647));
#10506=CARTESIAN_POINT('Ctrl Pts',(44.4316124488196,35.1459144302174,-317.26895692952));
#10507=CARTESIAN_POINT('Ctrl Pts',(44.8869422687021,35.0224630996781,-316.166395659603));
#10508=CARTESIAN_POINT('Ctrl Pts',(45.,34.9906343868051,-315.565200674846));
#10509=CARTESIAN_POINT('Ctrl Pts',(45.,34.9906343868051,-315.));
#10510=CARTESIAN_POINT('',(45.,16.,-315.));
#10511=CARTESIAN_POINT('',(45.,-28.,-315.));
#10512=CARTESIAN_POINT('Origin',(40.5,16.,-315.));
#10513=CARTESIAN_POINT('Origin',(40.5,-28.,-315.));
#10514=CARTESIAN_POINT('',(45.,-30.,-315.));
#10515=CARTESIAN_POINT('Origin',(40.5,-30.,-315.));
#10516=CARTESIAN_POINT('',(45.,-36.932138165091,-315.));
#10517=CARTESIAN_POINT('',(45.,-28.,-315.));
#10518=CARTESIAN_POINT('',(42.5,-37.,-310.968871125851));
#10519=CARTESIAN_POINT('Ctrl Pts',(42.5,-37.,-310.968871125851));
#10520=CARTESIAN_POINT('Ctrl Pts',(42.9456266380972,-37.0042997507621,-311.18996385298));
#10521=CARTESIAN_POINT('Ctrl Pts',(43.3502227792371,-36.9991922063275,-311.486261748558));
#10522=CARTESIAN_POINT('Ctrl Pts',(44.0815370272476,-36.9808188623153,-312.217575996569));
#10523=CARTESIAN_POINT('Ctrl Pts',(44.427803328543,-36.9647044004196,-312.723522620544));
#10524=CARTESIAN_POINT('Ctrl Pts',(44.8870393864043,-36.9399592500775,-313.832150068399));
#10525=CARTESIAN_POINT('Ctrl Pts',(45.,-36.932138165091,-314.434852602491));
#10526=CARTESIAN_POINT('Ctrl Pts',(45.,-36.932138165091,-315.));
#10527=CARTESIAN_POINT('',(42.5,-37.,-319.031128874149));
#10528=CARTESIAN_POINT('Origin',(40.5,-37.,-315.));
#10529=CARTESIAN_POINT('Ctrl Pts',(45.,-36.932138165091,-315.));
#10530=CARTESIAN_POINT('Ctrl Pts',(45.,-36.932138165091,-315.565471240702));
#10531=CARTESIAN_POINT('Ctrl Pts',(44.8869109646665,-36.9399686818127,-316.168496822215));
#10532=CARTESIAN_POINT('Ctrl Pts',(44.4271912629126,-36.9647348645359,-317.277617533021));
#10533=CARTESIAN_POINT('Ctrl Pts',(44.0805697501677,-36.9808592464552,-317.783734423561));
#10534=CARTESIAN_POINT('Ctrl Pts',(43.3491534367036,-36.9992056936525,-318.514522143798));
#10535=CARTESIAN_POINT('Ctrl Pts',(42.9450460598993,-37.0042941488942,-318.810324194471));
#10536=CARTESIAN_POINT('Ctrl Pts',(42.5,-37.,-319.031128874149));
#10537=CARTESIAN_POINT('Origin',(40.5,-28.,-315.));
#10538=CARTESIAN_POINT('',(45.5,34.8490695010974,-315.));
#10539=CARTESIAN_POINT('',(35.5,36.7511338183009,-315.));
#10540=CARTESIAN_POINT('Ctrl Pts',(45.5,34.8490695010974,-315.));
#10541=CARTESIAN_POINT('Ctrl Pts',(45.5,34.8490695010974,-315.628131910749));
#10542=CARTESIAN_POINT('Ctrl Pts',(45.3743280064565,34.8857836807323,-316.296113063656));
#10543=CARTESIAN_POINT('Ctrl Pts',(44.8685297423173,35.0276624924318,-317.520898939983));
#10544=CARTESIAN_POINT('Ctrl Pts',(44.4885673039961,35.1320755602451,-318.077858256324));
#10545=CARTESIAN_POINT('Ctrl Pts',(43.6079312528473,35.3601055416954,-318.967705204475));
#10546=CARTESIAN_POINT('Ctrl Pts',(43.0437211540251,35.4997858455476,-319.356469521416));
#10547=CARTESIAN_POINT('Ctrl Pts',(41.8064085726943,35.780239004824,-319.87264208737));
#10548=CARTESIAN_POINT('Ctrl Pts',(41.1331513507036,35.9204214850031,-320.));
#10549=CARTESIAN_POINT('Ctrl Pts',(39.87544910222,36.1585811615619,-320.));
#10550=CARTESIAN_POINT('Ctrl Pts',(39.2061957207228,36.2729345930821,-319.875730927962));
#10551=CARTESIAN_POINT('Ctrl Pts',(37.9710348729254,36.4619935948274,-319.36474709354));
#10552=CARTESIAN_POINT('Ctrl Pts',(37.4052744415115,36.5373130817526,-318.977904261493));
#10553=CARTESIAN_POINT('Ctrl Pts',(36.5171983653567,36.6461643976038,-318.086703289341));
#10554=CARTESIAN_POINT('Ctrl Pts',(36.1338673949241,36.6874398333309,-317.525794397899));
#10555=CARTESIAN_POINT('Ctrl Pts',(35.6252626098936,36.7396136250999,-316.29602738394));
#10556=CARTESIAN_POINT('Ctrl Pts',(35.5,36.7511338183009,-315.627191088042));
#10557=CARTESIAN_POINT('Ctrl Pts',(35.5,36.7511338183009,-315.));
#10558=CARTESIAN_POINT('Ctrl Pts',(35.5,36.7511338183009,-315.));
#10559=CARTESIAN_POINT('Ctrl Pts',(35.5,36.7511338183009,-314.372808911958));
#10560=CARTESIAN_POINT('Ctrl Pts',(35.6252626098936,36.7396136250999,-313.70397261606));
#10561=CARTESIAN_POINT('Ctrl Pts',(36.1338673949241,36.6874398333309,-312.474205602101));
#10562=CARTESIAN_POINT('Ctrl Pts',(36.5171983653567,36.6461643976038,-311.913296710659));
#10563=CARTESIAN_POINT('Ctrl Pts',(37.4052744415115,36.5373130817526,-311.022095738507));
#10564=CARTESIAN_POINT('Ctrl Pts',(37.9710348729255,36.4619935948274,-310.63525290646));
#10565=CARTESIAN_POINT('Ctrl Pts',(39.2061957207228,36.2729345930821,-310.124269072038));
#10566=CARTESIAN_POINT('Ctrl Pts',(39.87544910222,36.1585811615619,-310.));
#10567=CARTESIAN_POINT('Ctrl Pts',(41.1331513507036,35.9204214850031,-310.));
#10568=CARTESIAN_POINT('Ctrl Pts',(41.8064085726943,35.780239004824,-310.12735791263));
#10569=CARTESIAN_POINT('Ctrl Pts',(43.0437211540251,35.4997858455476,-310.643530478584));
#10570=CARTESIAN_POINT('Ctrl Pts',(43.6079312528473,35.3601055416954,-311.032294795525));
#10571=CARTESIAN_POINT('Ctrl Pts',(44.4885673039961,35.1320755602451,-311.922141743676));
#10572=CARTESIAN_POINT('Ctrl Pts',(44.8685297423173,35.0276624924318,-312.479101060017));
#10573=CARTESIAN_POINT('Ctrl Pts',(45.3743280064565,34.8857836807323,-313.703886936344));
#10574=CARTESIAN_POINT('Ctrl Pts',(45.5,34.8490695010974,-314.371868089251));
#10575=CARTESIAN_POINT('Ctrl Pts',(45.5,34.8490695010974,-315.));
#10576=CARTESIAN_POINT('',(35.5,16.,-315.));
#10577=CARTESIAN_POINT('',(35.5,-28.,-315.));
#10578=CARTESIAN_POINT('Origin',(40.5,16.,-315.));
#10579=CARTESIAN_POINT('Origin',(40.5,-28.,-315.));
#10580=CARTESIAN_POINT('',(35.5,-30.,-315.));
#10581=CARTESIAN_POINT('Origin',(40.5,-30.,-315.));
#10582=CARTESIAN_POINT('',(35.5,-28.,-315.));
#10583=CARTESIAN_POINT('Origin',(37.,-39.,-332.));
#10584=CARTESIAN_POINT('',(37.,-39.,-158.));
#10585=CARTESIAN_POINT('',(37.,-39.,-158.));
#10586=CARTESIAN_POINT('',(37.,-39.,-313.063508326896));
#10587=CARTESIAN_POINT('',(37.,-39.,-166.));
#10588=CARTESIAN_POINT('',(37.,2.,-313.063508326896));
#10589=CARTESIAN_POINT('Origin',(42.5,-39.,0.));
#10590=CARTESIAN_POINT('',(-37.,-39.,-158.));
#10591=CARTESIAN_POINT('',(-37.,-39.,-313.063508326896));
#10592=CARTESIAN_POINT('',(-37.,-39.,-79.));
#10593=CARTESIAN_POINT('',(-37.,-39.,-316.936491673104));
#10594=CARTESIAN_POINT('Origin',(-40.5,-39.,-315.));
#10595=CARTESIAN_POINT('',(-37.,-39.,-332.));
#10596=CARTESIAN_POINT('',(-37.,-39.,-79.));
#10597=CARTESIAN_POINT('',(37.,-39.,-332.));
#10598=CARTESIAN_POINT('',(2.75,-39.,-332.));
#10599=CARTESIAN_POINT('',(37.,-39.,-316.936491673104));
#10600=CARTESIAN_POINT('',(37.,-39.,-166.));
#10601=CARTESIAN_POINT('',(36.5,-39.,-315.));
#10602=CARTESIAN_POINT('Origin',(40.5,-39.,-315.));
#10603=CARTESIAN_POINT('Origin',(40.5,-39.,-315.));
#10604=CARTESIAN_POINT('',(39.75,-39.,-158.));
#10605=CARTESIAN_POINT('',(-35.,-39.,-330.));
#10606=CARTESIAN_POINT('',(-35.,-39.,-160.));
#10607=CARTESIAN_POINT('',(-35.,-39.,-165.));
#10608=CARTESIAN_POINT('',(35.0000000000001,-39.,-160.));
#10609=CARTESIAN_POINT('',(3.74999999999992,-39.,-160.));
#10610=CARTESIAN_POINT('',(35.,-39.,-330.));
#10611=CARTESIAN_POINT('',(35.0000000000001,-39.,-80.));
#10612=CARTESIAN_POINT('',(38.75,-39.,-330.));
#10613=CARTESIAN_POINT('Origin',(37.,-39.,-332.));
#10614=CARTESIAN_POINT('',(37.,-38.,-332.));
#10615=CARTESIAN_POINT('',(37.,-38.,-316.936491673104));
#10616=CARTESIAN_POINT('',(37.,-38.,-158.));
#10617=CARTESIAN_POINT('',(37.,2.,-316.936491673104));
#10618=CARTESIAN_POINT('',(37.,-39.,-332.));
#10619=CARTESIAN_POINT('Origin',(4.44089209850063E-15,-38.,-246.));
#10620=CARTESIAN_POINT('',(39.,-38.,-318.708099243548));
#10621=CARTESIAN_POINT('',(39.,-38.,-334.));
#10622=CARTESIAN_POINT('',(39.,-38.,-334.));
#10623=CARTESIAN_POINT('Origin',(40.5,-38.,-315.));
#10624=CARTESIAN_POINT('',(-37.,-38.,-332.));
#10625=CARTESIAN_POINT('',(37.,-38.,-332.));
#10626=CARTESIAN_POINT('',(-37.,-38.,-316.936491673104));
#10627=CARTESIAN_POINT('',(-37.,-38.,-332.));
#10628=CARTESIAN_POINT('',(-39.,-38.,-318.708099243548));
#10629=CARTESIAN_POINT('Origin',(-40.5,-38.,-315.));
#10630=CARTESIAN_POINT('',(-39.,-38.,-334.));
#10631=CARTESIAN_POINT('',(-39.,-38.,-158.));
#10632=CARTESIAN_POINT('',(-39.,-38.,-334.));
#10633=CARTESIAN_POINT('Origin',(-42.5,-37.,0.));
#10634=CARTESIAN_POINT('',(42.5,-37.,-311.535898384862));
#10635=CARTESIAN_POINT('',(42.5,-37.,0.));
#10636=CARTESIAN_POINT('',(36.5,-37.,-315.));
#10637=CARTESIAN_POINT('Origin',(40.5,-37.,-315.));
#10638=CARTESIAN_POINT('',(42.5,-37.,-318.464101615138));
#10639=CARTESIAN_POINT('Origin',(40.5,-37.,-315.));
#10640=CARTESIAN_POINT('',(42.5,-37.,0.));
#10641=CARTESIAN_POINT('Origin',(73.4994402224591,16.,-340.));
#10642=CARTESIAN_POINT('',(-73.4994402224591,16.,0.));
#10643=CARTESIAN_POINT('',(73.4846299682803,16.,0.));
#10644=CARTESIAN_POINT('',(74.2497201112295,16.,0.));
#10645=CARTESIAN_POINT('',(73.4994402224591,16.,0.));
#10646=CARTESIAN_POINT('',(74.2497201112295,16.,0.));
#10647=CARTESIAN_POINT('',(73.4994402224591,16.,-340.));
#10648=CARTESIAN_POINT('',(73.4994402224591,16.,0.));
#10649=CARTESIAN_POINT('',(-73.4994402224591,16.,-340.));
#10650=CARTESIAN_POINT('',(-73.4994402224591,16.,-340.));
#10651=CARTESIAN_POINT('',(-73.4994402224591,16.,0.));
#10652=CARTESIAN_POINT('',(-45.5,16.,-315.));
#10653=CARTESIAN_POINT('Origin',(-40.5,16.,-315.));
#10654=CARTESIAN_POINT('Origin',(40.5,-28.,-315.));
#10655=CARTESIAN_POINT('',(28.,-28.,-315.));
#10656=CARTESIAN_POINT('Origin',(40.5,-28.,-315.));
#10657=CARTESIAN_POINT('Origin',(40.5,-30.,-315.));
#10658=CARTESIAN_POINT('',(49.245254006302,-30.,-325.932544642729));
#10659=CARTESIAN_POINT('',(49.245254006302,-30.,-304.067455357271));
#10660=CARTESIAN_POINT('',(49.245254006302,-30.,-332.5));
#10661=CARTESIAN_POINT('Origin',(40.5,-30.,-315.));
#10662=CARTESIAN_POINT('Origin',(30.2669979052388,-17.9993519245328,0.));
#10663=CARTESIAN_POINT('',(30.,37.,0.));
#10664=CARTESIAN_POINT('Origin',(30.2669979052388,-17.9993519245328,0.));
#10665=CARTESIAN_POINT('',(30.,37.,-350.));
#10666=CARTESIAN_POINT('',(30.,37.,0.));
#10667=CARTESIAN_POINT('',(75.,14.,-350.));
#10668=CARTESIAN_POINT('Origin',(30.2669979052389,-17.9993519245326,-350.));
#10669=CARTESIAN_POINT('',(75.,14.,-347.));
#10670=CARTESIAN_POINT('',(75.,14.,0.));
#10671=CARTESIAN_POINT('',(75.,14.,-345.));
#10672=CARTESIAN_POINT('',(75.,14.,0.));
#10673=CARTESIAN_POINT('',(75.,14.,-340.));
#10674=CARTESIAN_POINT('',(75.,14.,0.));
#10675=CARTESIAN_POINT('Origin',(30.2669979052388,-17.9993519245328,-340.));
#10676=CARTESIAN_POINT('Origin',(40.5,2.,-315.));
#10677=CARTESIAN_POINT('',(44.5,35.1271165386592,-315.));
#10678=CARTESIAN_POINT('',(36.5,36.6463220569153,-315.));
#10679=CARTESIAN_POINT('Ctrl Pts',(44.5,35.1271165386592,-315.));
#10680=CARTESIAN_POINT('Ctrl Pts',(44.5,35.1271165386592,-315.502303493073));
#10681=CARTESIAN_POINT('Ctrl Pts',(44.399543170242,35.1543398239351,-316.036712083844));
#10682=CARTESIAN_POINT('Ctrl Pts',(43.9947052699808,35.2603310662999,-317.016988950027));
#10683=CARTESIAN_POINT('Ctrl Pts',(43.6904376848405,35.3386257698894,-317.462955200097));
#10684=CARTESIAN_POINT('Ctrl Pts',(42.9851958373762,35.5112307639139,-318.175070431253));
#10685=CARTESIAN_POINT('Ctrl Pts',(42.5336256794303,35.6176834024423,-318.485940069005));
#10686=CARTESIAN_POINT('Ctrl Pts',(41.5439230428218,35.8345369710903,-318.898414598951));
#10687=CARTESIAN_POINT('Ctrl Pts',(41.0056988056921,35.9445560183819,-319.));
#10688=CARTESIAN_POINT('Ctrl Pts',(39.9997980540044,36.1350343275055,-319.));
#10689=CARTESIAN_POINT('Ctrl Pts',(39.4641320235362,36.228530138583,-318.900388158816));
#10690=CARTESIAN_POINT('Ctrl Pts',(38.475804875017,36.3869143303237,-318.491229648888));
#10691=CARTESIAN_POINT('Ctrl Pts',(38.0232456440836,36.452193951303,-318.181588424063));
#10692=CARTESIAN_POINT('Ctrl Pts',(37.3132496264598,36.5485794328075,-317.4686122942));
#10693=CARTESIAN_POINT('Ctrl Pts',(37.0068301446694,36.5865124654843,-317.020123511966));
#10694=CARTESIAN_POINT('Ctrl Pts',(36.6001976033649,36.635183959207,-316.036665862797));
#10695=CARTESIAN_POINT('Ctrl Pts',(36.5,36.6463220569153,-315.501710423965));
#10696=CARTESIAN_POINT('Ctrl Pts',(36.5,36.6463220569153,-315.));
#10697=CARTESIAN_POINT('Ctrl Pts',(36.5,36.6463220569153,-315.));
#10698=CARTESIAN_POINT('Ctrl Pts',(36.5,36.6463220569153,-314.498289576035));
#10699=CARTESIAN_POINT('Ctrl Pts',(36.6001976033649,36.635183959207,-313.963334137203));
#10700=CARTESIAN_POINT('Ctrl Pts',(37.0068301446693,36.5865124654843,-312.979876488034));
#10701=CARTESIAN_POINT('Ctrl Pts',(37.3132496264598,36.5485794328075,-312.5313877058));
#10702=CARTESIAN_POINT('Ctrl Pts',(38.0232456440836,36.452193951303,-311.818411575937));
#10703=CARTESIAN_POINT('Ctrl Pts',(38.475804875017,36.3869143303237,-311.508770351112));
#10704=CARTESIAN_POINT('Ctrl Pts',(39.4641320235362,36.228530138583,-311.099611841184));
#10705=CARTESIAN_POINT('Ctrl Pts',(39.9997980540044,36.1350343275055,-311.));
#10706=CARTESIAN_POINT('Ctrl Pts',(41.0056988056921,35.9445560183819,-311.));
#10707=CARTESIAN_POINT('Ctrl Pts',(41.5439230428218,35.8345369710903,-311.101585401049));
#10708=CARTESIAN_POINT('Ctrl Pts',(42.5336256794303,35.6176834024423,-311.514059930995));
#10709=CARTESIAN_POINT('Ctrl Pts',(42.9851958373762,35.5112307639139,-311.824929568747));
#10710=CARTESIAN_POINT('Ctrl Pts',(43.6904376848405,35.3386257698894,-312.537044799903));
#10711=CARTESIAN_POINT('Ctrl Pts',(43.9947052699807,35.2603310662999,-312.983011049973));
#10712=CARTESIAN_POINT('Ctrl Pts',(44.399543170242,35.1543398239351,-313.963287916156));
#10713=CARTESIAN_POINT('Ctrl Pts',(44.5,35.1271165386592,-314.497696506927));
#10714=CARTESIAN_POINT('Ctrl Pts',(44.5,35.1271165386592,-315.));
#10715=CARTESIAN_POINT('',(36.5,38.6086458947038,-315.));
#10716=CARTESIAN_POINT('',(36.5,2.,-315.));
#10717=CARTESIAN_POINT('',(44.5,37.0800941317667,-315.));
#10718=CARTESIAN_POINT('Ctrl Pts',(44.5,37.0800941317667,-315.));
#10719=CARTESIAN_POINT('Ctrl Pts',(44.5,37.0800941317667,-314.497725616635));
#10720=CARTESIAN_POINT('Ctrl Pts',(44.399554223648,37.1071459979971,-313.963328865998));
#10721=CARTESIAN_POINT('Ctrl Pts',(43.9947254020138,37.2125902375483,-312.983045613818));
#10722=CARTESIAN_POINT('Ctrl Pts',(43.6904544959575,37.2905260108848,-312.537063746481));
#10723=CARTESIAN_POINT('Ctrl Pts',(42.9851579549162,37.4626263871891,-311.824889296699));
#10724=CARTESIAN_POINT('Ctrl Pts',(42.5335343752418,37.5689041139556,-311.514005355975));
#10725=CARTESIAN_POINT('Ctrl Pts',(41.5438042628723,37.7859296225661,-311.101552423629));
#10726=CARTESIAN_POINT('Ctrl Pts',(41.0056099513385,37.896308416099,-311.));
#10727=CARTESIAN_POINT('Ctrl Pts',(39.9997282319887,38.087992201825,-311.));
#10728=CARTESIAN_POINT('Ctrl Pts',(39.464018430262,38.1824116398747,-311.099635808676));
#10729=CARTESIAN_POINT('Ctrl Pts',(38.4756240049696,38.3429774647654,-311.50886829565));
#10730=CARTESIAN_POINT('Ctrl Pts',(38.023039745417,38.4095010112135,-311.818559296817));
#10731=CARTESIAN_POINT('Ctrl Pts',(37.3131266369081,38.5080244898444,-312.531569413414));
#10732=CARTESIAN_POINT('Ctrl Pts',(37.006765977812,38.547003131727,-312.980000912033));
#10733=CARTESIAN_POINT('Ctrl Pts',(36.6001942269267,38.597120878464,-313.963373074585));
#10734=CARTESIAN_POINT('Ctrl Pts',(36.5,38.6086458947038,-314.498301005214));
#10735=CARTESIAN_POINT('Ctrl Pts',(36.5,38.6086458947038,-315.));
#10736=CARTESIAN_POINT('Ctrl Pts',(36.5,38.6086458947038,-315.));
#10737=CARTESIAN_POINT('Ctrl Pts',(36.5,38.6086458947038,-315.501698994786));
#10738=CARTESIAN_POINT('Ctrl Pts',(36.6001942269267,38.597120878464,-316.036626925415));
#10739=CARTESIAN_POINT('Ctrl Pts',(37.006765977812,38.547003131727,-317.019999087967));
#10740=CARTESIAN_POINT('Ctrl Pts',(37.3131266369081,38.5080244898444,-317.468430586586));
#10741=CARTESIAN_POINT('Ctrl Pts',(38.023039745417,38.4095010112136,-318.181440703183));
#10742=CARTESIAN_POINT('Ctrl Pts',(38.4756240049696,38.3429774647654,-318.49113170435));
#10743=CARTESIAN_POINT('Ctrl Pts',(39.4640184302621,38.1824116398747,-318.900364191324));
#10744=CARTESIAN_POINT('Ctrl Pts',(39.9997282319887,38.087992201825,-319.));
#10745=CARTESIAN_POINT('Ctrl Pts',(41.0056099513385,37.896308416099,-319.));
#10746=CARTESIAN_POINT('Ctrl Pts',(41.5438042628723,37.7859296225661,-318.898447576371));
#10747=CARTESIAN_POINT('Ctrl Pts',(42.5335343752418,37.5689041139556,-318.485994644025));
#10748=CARTESIAN_POINT('Ctrl Pts',(42.9851579549162,37.4626263871891,-318.175110703301));
#10749=CARTESIAN_POINT('Ctrl Pts',(43.6904544959575,37.2905260108848,-317.462936253519));
#10750=CARTESIAN_POINT('Ctrl Pts',(43.9947254020138,37.2125902375483,-317.016954386182));
#10751=CARTESIAN_POINT('Ctrl Pts',(44.3995542236481,37.1071459979971,-316.036671134002));
#10752=CARTESIAN_POINT('Ctrl Pts',(44.5,37.0800941317667,-315.502274383365));
#10753=CARTESIAN_POINT('Ctrl Pts',(44.5,37.0800941317667,-315.));
#10754=CARTESIAN_POINT('Origin',(40.5,2.,-315.));
#10755=CARTESIAN_POINT('',(36.5,-30.,-315.));
#10756=CARTESIAN_POINT('Origin',(40.5,-30.,-315.));
#10757=CARTESIAN_POINT('',(36.5,-28.,-315.));
#10758=CARTESIAN_POINT('',(36.5,2.,-315.));
#10759=CARTESIAN_POINT('Origin',(40.5,-28.,-315.));
#10760=CARTESIAN_POINT('Origin',(40.5,2.,-315.));
#10761=CARTESIAN_POINT('',(36.5,14.,-315.));
#10762=CARTESIAN_POINT('Origin',(40.5,14.,-315.));
#10763=CARTESIAN_POINT('',(36.5,16.,-315.));
#10764=CARTESIAN_POINT('',(36.5,2.,-315.));
#10765=CARTESIAN_POINT('Origin',(40.5,16.,-315.));
#10766=CARTESIAN_POINT('Origin',(40.5,2.,-315.));
#10767=CARTESIAN_POINT('',(36.5,2.,-315.));
#10768=CARTESIAN_POINT('Ctrl Pts',(42.5,-37.,-318.464101615138));
#10769=CARTESIAN_POINT('Ctrl Pts',(42.8084482475917,-37.0029761474613,-318.28601893636));
#10770=CARTESIAN_POINT('Ctrl Pts',(43.0889500171529,-37.0014184767619,-318.067746123703));
#10771=CARTESIAN_POINT('Ctrl Pts',(43.6829306572604,-36.9926921677606,-317.474158411873));
#10772=CARTESIAN_POINT('Ctrl Pts',(43.9909821763261,-36.9823030706815,-317.024283546318));
#10773=CARTESIAN_POINT('Ctrl Pts',(44.3995192638524,-36.9658616843604,-316.038474763232));
#10774=CARTESIAN_POINT('Ctrl Pts',(44.5,-36.9604482745866,-315.502528291384));
#10775=CARTESIAN_POINT('Ctrl Pts',(44.5,-36.9604482745866,-315.));
#10776=CARTESIAN_POINT('Ctrl Pts',(44.5,-36.9604482745866,-314.497693226521));
#10777=CARTESIAN_POINT('Ctrl Pts',(44.3996071025324,-36.9658566242469,-313.961967788609));
#10778=CARTESIAN_POINT('Ctrl Pts',(43.991400896064,-36.9822877426925,-312.976496524079));
#10779=CARTESIAN_POINT('Ctrl Pts',(43.6835924150761,-36.9926726522688,-312.526738165584));
#10780=CARTESIAN_POINT('Ctrl Pts',(43.0896638196131,-37.001414552314,-311.932809570121));
#10781=CARTESIAN_POINT('Ctrl Pts',(42.8088354111664,-37.0029798831152,-311.714204592634));
#10782=CARTESIAN_POINT('Ctrl Pts',(42.5,-37.,-311.535898384862));
#10783=CARTESIAN_POINT('',(39.,2.,-318.708099243548));
#10784=CARTESIAN_POINT('Origin',(39.,-39.,-156.));
#10785=CARTESIAN_POINT('',(39.,-39.,-334.));
#10786=CARTESIAN_POINT('Origin',(42.8280430494009,-3.0015825698057,0.));
#10787=CARTESIAN_POINT('Origin',(-40.5,14.,-315.));
#10788=CARTESIAN_POINT('',(-45.5,-28.,-315.));
#10789=CARTESIAN_POINT('Origin',(-40.5,-28.,-315.));
#10790=CARTESIAN_POINT('',(-45.5,-29.,-315.));
#10791=CARTESIAN_POINT('',(-45.5,14.,-315.));
#10792=CARTESIAN_POINT('Origin',(-40.5,-29.,-315.));
#10793=CARTESIAN_POINT('Origin',(-40.5,-29.,-315.));
#10794=CARTESIAN_POINT('',(-44.5,-29.,-315.));
#10795=CARTESIAN_POINT('Origin',(-40.5,-29.,-315.));
#10796=CARTESIAN_POINT('Origin',(-40.5,16.,-315.));
#10797=CARTESIAN_POINT('',(-36.,36.7010382658623,-315.));
#10798=CARTESIAN_POINT('Ctrl Pts',(-36.,36.7010382658623,-315.));
#10799=CARTESIAN_POINT('Ctrl Pts',(-36.,36.7010382658623,-314.435555329022));
#10800=CARTESIAN_POINT('Ctrl Pts',(-36.112727989607,36.6895906145983,-313.833667980087));
#10801=CARTESIAN_POINT('Ctrl Pts',(-36.5703300643138,36.638739185864,-312.727076771237));
#10802=CARTESIAN_POINT('Ctrl Pts',(-36.9151905976543,36.5988306193613,-312.222390561703));
#10803=CARTESIAN_POINT('Ctrl Pts',(-37.7142014256158,36.4956359750339,-311.42029736414));
#10804=CARTESIAN_POINT('Ctrl Pts',(-38.2233604295802,36.4250256980713,-311.072044445618));
#10805=CARTESIAN_POINT('Ctrl Pts',(-39.3351177060851,36.2508627067999,-310.611951270033));
#10806=CARTESIAN_POINT('Ctrl Pts',(-39.9375922251757,36.1468136815551,-310.5));
#10807=CARTESIAN_POINT('Ctrl Pts',(-41.0693691744696,35.9324993376749,-310.5));
#10808=CARTESIAN_POINT('Ctrl Pts',(-41.6750839622377,35.8075336990846,-310.614451025967));
#10809=CARTESIAN_POINT('Ctrl Pts',(-42.7885830585355,35.5593567349682,-311.078743886083));
#10810=CARTESIAN_POINT('Ctrl Pts',(-43.2964883917764,35.4366261620682,-311.428552312652));
#10811=CARTESIAN_POINT('Ctrl Pts',(-44.0894777749534,35.2369334510854,-312.22955254353));
#10812=CARTESIAN_POINT('Ctrl Pts',(-44.4316124488196,35.1459144302174,-312.73104307048));
#10813=CARTESIAN_POINT('Ctrl Pts',(-44.8869422687021,35.0224630996782,-313.833604340397));
#10814=CARTESIAN_POINT('Ctrl Pts',(-45.,34.9906343868051,-314.434799325154));
#10815=CARTESIAN_POINT('Ctrl Pts',(-45.,34.9906343868051,-315.565200674846));
#10816=CARTESIAN_POINT('Ctrl Pts',(-44.8869422687021,35.0224630996782,-316.166395659603));
#10817=CARTESIAN_POINT('Ctrl Pts',(-44.4316124488196,35.1459144302174,-317.26895692952));
#10818=CARTESIAN_POINT('Ctrl Pts',(-44.0894777749534,35.2369334510854,-317.77044745647));
#10819=CARTESIAN_POINT('Ctrl Pts',(-43.2964883917764,35.4366261620682,-318.571447687348));
#10820=CARTESIAN_POINT('Ctrl Pts',(-42.7885830585355,35.5593567349682,-318.921256113917));
#10821=CARTESIAN_POINT('Ctrl Pts',(-41.6750839622377,35.8075336990846,-319.385548974033));
#10822=CARTESIAN_POINT('Ctrl Pts',(-41.0693691744696,35.9324993376749,-319.5));
#10823=CARTESIAN_POINT('Ctrl Pts',(-39.9375922251757,36.1468136815551,-319.5));
#10824=CARTESIAN_POINT('Ctrl Pts',(-39.3351177060851,36.2508627067999,-319.388048729967));
#10825=CARTESIAN_POINT('Ctrl Pts',(-38.2233604295802,36.4250256980713,-318.927955554382));
#10826=CARTESIAN_POINT('Ctrl Pts',(-37.7142014256158,36.4956359750339,-318.57970263586));
#10827=CARTESIAN_POINT('Ctrl Pts',(-36.9151905976543,36.5988306193613,-317.777609438297));
#10828=CARTESIAN_POINT('Ctrl Pts',(-36.5703300643138,36.638739185864,-317.272923228763));
#10829=CARTESIAN_POINT('Ctrl Pts',(-36.112727989607,36.6895906145983,-316.166332019913));
#10830=CARTESIAN_POINT('Ctrl Pts',(-36.,36.7010382658623,-315.564444670978));
#10831=CARTESIAN_POINT('Ctrl Pts',(-36.,36.7010382658623,-315.));
#10832=CARTESIAN_POINT('',(-36.,16.,-315.));
#10833=CARTESIAN_POINT('',(-36.,16.,-315.));
#10834=CARTESIAN_POINT('Origin',(-40.5,16.,-315.));
#10835=CARTESIAN_POINT('Origin',(-40.5,16.,-315.));
#10836=CARTESIAN_POINT('',(-36.,-30.,-315.));
#10837=CARTESIAN_POINT('Origin',(-40.5,-30.,-315.));
#10838=CARTESIAN_POINT('',(-36.,-37.,-315.));
#10839=CARTESIAN_POINT('',(-36.,16.,-315.));
#10840=CARTESIAN_POINT('',(-42.5,-37.,-310.968871125851));
#10841=CARTESIAN_POINT('Origin',(-40.5,-37.,-315.));
#10842=CARTESIAN_POINT('',(-42.5,-37.,-319.031128874149));
#10843=CARTESIAN_POINT('Ctrl Pts',(-42.5,-37.,-319.031128874149));
#10844=CARTESIAN_POINT('Ctrl Pts',(-42.9450460598993,-37.0042941488942,
-318.810324194471));
#10845=CARTESIAN_POINT('Ctrl Pts',(-43.3491534367036,-36.9992056936525,
-318.514522143798));
#10846=CARTESIAN_POINT('Ctrl Pts',(-44.0805697501677,-36.9808592464552,
-317.783734423561));
#10847=CARTESIAN_POINT('Ctrl Pts',(-44.4271912629126,-36.9647348645359,
-317.277617533021));
#10848=CARTESIAN_POINT('Ctrl Pts',(-44.8869109646665,-36.9399686818127,
-316.168496822215));
#10849=CARTESIAN_POINT('Ctrl Pts',(-45.,-36.932138165091,-315.565471240702));
#10850=CARTESIAN_POINT('Ctrl Pts',(-45.,-36.932138165091,-314.434528759298));
#10851=CARTESIAN_POINT('Ctrl Pts',(-44.8869109646665,-36.9399686818127,
-313.831503177785));
#10852=CARTESIAN_POINT('Ctrl Pts',(-44.4271912629126,-36.9647348645359,
-312.722382466979));
#10853=CARTESIAN_POINT('Ctrl Pts',(-44.0805697501677,-36.9808592464552,
-312.216265576439));
#10854=CARTESIAN_POINT('Ctrl Pts',(-43.3491534367036,-36.9992056936525,
-311.485477856202));
#10855=CARTESIAN_POINT('Ctrl Pts',(-42.9450460598993,-37.0042941488942,
-311.189675805529));
#10856=CARTESIAN_POINT('Ctrl Pts',(-42.5,-37.,-310.968871125851));
#10857=CARTESIAN_POINT('Origin',(-40.5,-37.,-315.));
#10858=CARTESIAN_POINT('Origin',(-40.5,16.,-315.));
#10859=CARTESIAN_POINT('',(-35.5,36.7511338183009,-315.));
#10860=CARTESIAN_POINT('',(-45.5,34.8490695010974,-315.));
#10861=CARTESIAN_POINT('Ctrl Pts',(-35.5,36.7511338183009,-315.));
#10862=CARTESIAN_POINT('Ctrl Pts',(-35.5,36.7511338183009,-315.627191088042));
#10863=CARTESIAN_POINT('Ctrl Pts',(-35.6252626098936,36.7396136250999,-316.29602738394));
#10864=CARTESIAN_POINT('Ctrl Pts',(-36.1338673949241,36.6874398333309,-317.525794397899));
#10865=CARTESIAN_POINT('Ctrl Pts',(-36.5171983653567,36.6461643976038,-318.086703289341));
#10866=CARTESIAN_POINT('Ctrl Pts',(-37.4052744415115,36.5373130817526,-318.977904261493));
#10867=CARTESIAN_POINT('Ctrl Pts',(-37.9710348729254,36.4619935948274,-319.36474709354));
#10868=CARTESIAN_POINT('Ctrl Pts',(-39.2061957207228,36.2729345930821,-319.875730927962));
#10869=CARTESIAN_POINT('Ctrl Pts',(-39.87544910222,36.1585811615619,-320.));
#10870=CARTESIAN_POINT('Ctrl Pts',(-41.1331513507036,35.9204214850031,-320.));
#10871=CARTESIAN_POINT('Ctrl Pts',(-41.8064085726943,35.780239004824,-319.87264208737));
#10872=CARTESIAN_POINT('Ctrl Pts',(-43.0437211540251,35.4997858455476,-319.356469521416));
#10873=CARTESIAN_POINT('Ctrl Pts',(-43.6079312528473,35.3601055416954,-318.967705204475));
#10874=CARTESIAN_POINT('Ctrl Pts',(-44.4885673039961,35.1320755602451,-318.077858256324));
#10875=CARTESIAN_POINT('Ctrl Pts',(-44.8685297423173,35.0276624924318,-317.520898939983));
#10876=CARTESIAN_POINT('Ctrl Pts',(-45.3743280064565,34.8857836807323,-316.296113063656));
#10877=CARTESIAN_POINT('Ctrl Pts',(-45.5,34.8490695010974,-315.628131910749));
#10878=CARTESIAN_POINT('Ctrl Pts',(-45.5,34.8490695010974,-315.));
#10879=CARTESIAN_POINT('Ctrl Pts',(-45.5,34.8490695010974,-315.));
#10880=CARTESIAN_POINT('Ctrl Pts',(-45.5,34.8490695010974,-314.371868089251));
#10881=CARTESIAN_POINT('Ctrl Pts',(-45.3743280064565,34.8857836807323,-313.703886936344));
#10882=CARTESIAN_POINT('Ctrl Pts',(-44.8685297423173,35.0276624924318,-312.479101060017));
#10883=CARTESIAN_POINT('Ctrl Pts',(-44.4885673039961,35.1320755602451,-311.922141743676));
#10884=CARTESIAN_POINT('Ctrl Pts',(-43.6079312528473,35.3601055416954,-311.032294795525));
#10885=CARTESIAN_POINT('Ctrl Pts',(-43.0437211540251,35.4997858455476,-310.643530478584));
#10886=CARTESIAN_POINT('Ctrl Pts',(-41.8064085726943,35.780239004824,-310.12735791263));
#10887=CARTESIAN_POINT('Ctrl Pts',(-41.1331513507036,35.9204214850031,-310.));
#10888=CARTESIAN_POINT('Ctrl Pts',(-39.87544910222,36.1585811615619,-310.));
#10889=CARTESIAN_POINT('Ctrl Pts',(-39.2061957207228,36.2729345930821,-310.124269072038));
#10890=CARTESIAN_POINT('Ctrl Pts',(-37.9710348729254,36.4619935948274,-310.63525290646));
#10891=CARTESIAN_POINT('Ctrl Pts',(-37.4052744415115,36.5373130817526,-311.022095738507));
#10892=CARTESIAN_POINT('Ctrl Pts',(-36.5171983653567,36.6461643976038,-311.913296710659));
#10893=CARTESIAN_POINT('Ctrl Pts',(-36.133867394924,36.6874398333309,-312.474205602101));
#10894=CARTESIAN_POINT('Ctrl Pts',(-35.6252626098936,36.7396136250999,-313.70397261606));
#10895=CARTESIAN_POINT('Ctrl Pts',(-35.5,36.7511338183009,-314.372808911958));
#10896=CARTESIAN_POINT('Ctrl Pts',(-35.5,36.7511338183009,-315.));
#10897=CARTESIAN_POINT('',(-45.5,16.,-315.));
#10898=CARTESIAN_POINT('Origin',(-40.5,16.,-315.));
#10899=CARTESIAN_POINT('',(-45.5,-30.,-315.));
#10900=CARTESIAN_POINT('Origin',(-40.5,-30.,-315.));
#10901=CARTESIAN_POINT('',(-45.5,16.,-315.));
#10902=CARTESIAN_POINT('Origin',(-39.,-39.,-334.));
#10903=CARTESIAN_POINT('',(-39.,2.,-311.291900756452));
#10904=CARTESIAN_POINT('',(-39.,-39.,-156.));
#10905=CARTESIAN_POINT('Origin',(-39.,-39.,-334.));
#10906=CARTESIAN_POINT('',(-39.,2.,-318.708099243548));
#10907=CARTESIAN_POINT('',(-39.,-39.,-334.));
#10908=CARTESIAN_POINT('Origin',(-42.5,-37.,0.));
#10909=CARTESIAN_POINT('',(-42.5,-37.,-318.464101615138));
#10910=CARTESIAN_POINT('',(-42.5,-37.,0.));
#10911=CARTESIAN_POINT('',(-42.5,-37.,-311.535898384862));
#10912=CARTESIAN_POINT('Origin',(-40.5,-37.,-315.));
#10913=CARTESIAN_POINT('',(-42.5,-37.,0.));
#10914=CARTESIAN_POINT('Origin',(-40.5,-30.,-315.));
#10915=CARTESIAN_POINT('',(-49.245254006302,-30.,-304.067455357271));
#10916=CARTESIAN_POINT('',(-49.245254006302,-30.,-325.932544642729));
#10917=CARTESIAN_POINT('',(-49.245254006302,-30.,-332.5));
#10918=CARTESIAN_POINT('Origin',(-40.5,-30.,-315.));
#10919=CARTESIAN_POINT('Origin',(-77.,14.,-340.));
#10920=CARTESIAN_POINT('',(1.99999999999999,14.,-314.568356716742));
#10921=CARTESIAN_POINT('',(1.99999999999999,14.,-340.));
#10922=CARTESIAN_POINT('',(1.99999999999999,14.,-175.));
#10923=CARTESIAN_POINT('',(75.,14.,-340.));
#10924=CARTESIAN_POINT('',(77.,14.,-345.));
#10925=CARTESIAN_POINT('',(77.,14.,-345.));
#10926=CARTESIAN_POINT('',(77.,14.,-5.));
#10927=CARTESIAN_POINT('',(77.,14.,0.));
#10928=CARTESIAN_POINT('',(64.4817523511668,14.,-5.00000000000001));
#10929=CARTESIAN_POINT('',(64.4817523511668,14.,-5.00000000000001));
#10930=CARTESIAN_POINT('',(1.99999999999999,14.,-10.));
#10931=CARTESIAN_POINT('Origin',(38.5,14.,-73.219854476264));
#10932=CARTESIAN_POINT('',(1.99999999999999,14.,-290.068356716742));
#10933=CARTESIAN_POINT('',(1.99999999999999,14.,-175.));
#10934=CARTESIAN_POINT('',(-8.88178419700125E-15,14.,-291.287580310337));
#10935=CARTESIAN_POINT('Origin',(1.99999999999999,14.,-292.318356716742));
#10936=CARTESIAN_POINT('',(-2.00000000000001,14.,-290.068356716742));
#10937=CARTESIAN_POINT('Origin',(-2.00000000000001,14.,-292.318356716742));
#10938=CARTESIAN_POINT('',(-2.00000000000001,14.,-10.));
#10939=CARTESIAN_POINT('',(-2.00000000000001,14.,-340.));
#10940=CARTESIAN_POINT('',(-64.4817523511667,14.,-4.99999999999999));
#10941=CARTESIAN_POINT('Origin',(-38.5,14.,-73.2198544762641));
#10942=CARTESIAN_POINT('',(-77.,14.,-5.));
#10943=CARTESIAN_POINT('',(-77.,14.,-5.));
#10944=CARTESIAN_POINT('',(-77.,14.,-345.));
#10945=CARTESIAN_POINT('',(-77.,14.,0.));
#10946=CARTESIAN_POINT('',(-75.,14.,-345.));
#10947=CARTESIAN_POINT('',(-64.4817523511668,14.,-345.));
#10948=CARTESIAN_POINT('',(-75.,14.,-340.));
#10949=CARTESIAN_POINT('',(-75.,14.,0.));
#10950=CARTESIAN_POINT('',(-2.00000000000001,14.,-340.));
#10951=CARTESIAN_POINT('',(75.,14.,-340.));
#10952=CARTESIAN_POINT('',(-2.00000000000001,14.,-314.568356716742));
#10953=CARTESIAN_POINT('',(-2.00000000000001,14.,-340.));
#10954=CARTESIAN_POINT('',(-8.88178419700125E-15,14.,-313.349133123146));
#10955=CARTESIAN_POINT('Origin',(-2.00000000000001,14.,-312.318356716742));
#10956=CARTESIAN_POINT('Origin',(1.99999999999999,14.,-312.318356716742));
#10957=CARTESIAN_POINT('',(-44.5,14.,-315.));
#10958=CARTESIAN_POINT('Origin',(-40.5,14.,-315.));
#10959=CARTESIAN_POINT('Origin',(73.4994402224591,16.,-340.));
#10960=CARTESIAN_POINT('Origin',(-30.2669979052388,-17.9993519245327,0.));
#10961=CARTESIAN_POINT('Origin',(-30.2669979052388,-17.9993519245327,-340.));
#10962=CARTESIAN_POINT('',(-75.,14.,-347.));
#10963=CARTESIAN_POINT('',(-75.,14.,0.));
#10964=CARTESIAN_POINT('',(-75.,14.,-350.));
#10965=CARTESIAN_POINT('',(-75.,14.,0.));
#10966=CARTESIAN_POINT('',(-30.,37.,-350.));
#10967=CARTESIAN_POINT('Origin',(-30.2669979052389,-17.9993519245325,-350.));
#10968=CARTESIAN_POINT('',(-30.,37.,0.));
#10969=CARTESIAN_POINT('',(-30.,37.,0.));
#10970=CARTESIAN_POINT('Origin',(-30.2669979052388,-17.9993519245327,0.));
#10971=CARTESIAN_POINT('Origin',(-40.5,2.,-315.));
#10972=CARTESIAN_POINT('',(-36.5,36.6463220569153,-315.));
#10973=CARTESIAN_POINT('',(-44.5,35.1271165386592,-315.));
#10974=CARTESIAN_POINT('Ctrl Pts',(-36.5,36.6463220569153,-315.));
#10975=CARTESIAN_POINT('Ctrl Pts',(-36.5,36.6463220569153,-315.501710423965));
#10976=CARTESIAN_POINT('Ctrl Pts',(-36.6001976033649,36.635183959207,-316.036665862797));
#10977=CARTESIAN_POINT('Ctrl Pts',(-37.0068301446693,36.5865124654843,-317.020123511966));
#10978=CARTESIAN_POINT('Ctrl Pts',(-37.3132496264598,36.5485794328075,-317.4686122942));
#10979=CARTESIAN_POINT('Ctrl Pts',(-38.0232456440836,36.452193951303,-318.181588424063));
#10980=CARTESIAN_POINT('Ctrl Pts',(-38.475804875017,36.3869143303237,-318.491229648888));
#10981=CARTESIAN_POINT('Ctrl Pts',(-39.4641320235363,36.228530138583,-318.900388158816));
#10982=CARTESIAN_POINT('Ctrl Pts',(-39.9997980540044,36.1350343275055,-319.));
#10983=CARTESIAN_POINT('Ctrl Pts',(-41.0056988056921,35.9445560183819,-319.));
#10984=CARTESIAN_POINT('Ctrl Pts',(-41.5439230428218,35.8345369710903,-318.898414598951));
#10985=CARTESIAN_POINT('Ctrl Pts',(-42.5336256794304,35.6176834024423,-318.485940069005));
#10986=CARTESIAN_POINT('Ctrl Pts',(-42.9851958373762,35.5112307639139,-318.175070431253));
#10987=CARTESIAN_POINT('Ctrl Pts',(-43.6904376848405,35.3386257698894,-317.462955200097));
#10988=CARTESIAN_POINT('Ctrl Pts',(-43.9947052699808,35.2603310662999,-317.016988950027));
#10989=CARTESIAN_POINT('Ctrl Pts',(-44.399543170242,35.1543398239351,-316.036712083844));
#10990=CARTESIAN_POINT('Ctrl Pts',(-44.5,35.1271165386592,-315.502303493073));
#10991=CARTESIAN_POINT('Ctrl Pts',(-44.5,35.1271165386592,-315.));
#10992=CARTESIAN_POINT('Ctrl Pts',(-44.5,35.1271165386592,-315.));
#10993=CARTESIAN_POINT('Ctrl Pts',(-44.5,35.1271165386592,-314.497696506927));
#10994=CARTESIAN_POINT('Ctrl Pts',(-44.399543170242,35.1543398239351,-313.963287916156));
#10995=CARTESIAN_POINT('Ctrl Pts',(-43.9947052699808,35.2603310662999,-312.983011049973));
#10996=CARTESIAN_POINT('Ctrl Pts',(-43.6904376848406,35.3386257698894,-312.537044799903));
#10997=CARTESIAN_POINT('Ctrl Pts',(-42.9851958373762,35.5112307639139,-311.824929568747));
#10998=CARTESIAN_POINT('Ctrl Pts',(-42.5336256794304,35.6176834024423,-311.514059930995));
#10999=CARTESIAN_POINT('Ctrl Pts',(-41.5439230428218,35.8345369710903,-311.101585401049));
#11000=CARTESIAN_POINT('Ctrl Pts',(-41.0056988056921,35.9445560183819,-311.));
#11001=CARTESIAN_POINT('Ctrl Pts',(-39.9997980540044,36.1350343275055,-311.));
#11002=CARTESIAN_POINT('Ctrl Pts',(-39.4641320235362,36.228530138583,-311.099611841184));
#11003=CARTESIAN_POINT('Ctrl Pts',(-38.475804875017,36.3869143303237,-311.508770351112));
#11004=CARTESIAN_POINT('Ctrl Pts',(-38.0232456440836,36.452193951303,-311.818411575937));
#11005=CARTESIAN_POINT('Ctrl Pts',(-37.3132496264598,36.5485794328075,-312.5313877058));
#11006=CARTESIAN_POINT('Ctrl Pts',(-37.0068301446693,36.5865124654843,-312.979876488034));
#11007=CARTESIAN_POINT('Ctrl Pts',(-36.6001976033649,36.635183959207,-313.963334137203));
#11008=CARTESIAN_POINT('Ctrl Pts',(-36.5,36.6463220569153,-314.498289576035));
#11009=CARTESIAN_POINT('Ctrl Pts',(-36.5,36.6463220569153,-315.));
#11010=CARTESIAN_POINT('',(-44.5,37.0800941317667,-315.));
#11011=CARTESIAN_POINT('',(-44.5,2.,-315.));
#11012=CARTESIAN_POINT('',(-36.5,38.6086458947038,-315.));
#11013=CARTESIAN_POINT('Ctrl Pts',(-36.5,38.6086458947038,-315.));
#11014=CARTESIAN_POINT('Ctrl Pts',(-36.5,38.6086458947038,-314.498301005214));
#11015=CARTESIAN_POINT('Ctrl Pts',(-36.6001942269267,38.597120878464,-313.963373074585));
#11016=CARTESIAN_POINT('Ctrl Pts',(-37.006765977812,38.547003131727,-312.980000912033));
#11017=CARTESIAN_POINT('Ctrl Pts',(-37.313126636908,38.5080244898444,-312.531569413414));
#11018=CARTESIAN_POINT('Ctrl Pts',(-38.023039745417,38.4095010112136,-311.818559296817));
#11019=CARTESIAN_POINT('Ctrl Pts',(-38.4756240049696,38.3429774647655,-311.50886829565));
#11020=CARTESIAN_POINT('Ctrl Pts',(-39.4640184302621,38.1824116398747,-311.099635808676));
#11021=CARTESIAN_POINT('Ctrl Pts',(-39.9997282319887,38.087992201825,-311.));
#11022=CARTESIAN_POINT('Ctrl Pts',(-41.0056099513385,37.896308416099,-311.));
#11023=CARTESIAN_POINT('Ctrl Pts',(-41.5438042628723,37.7859296225661,-311.101552423629));
#11024=CARTESIAN_POINT('Ctrl Pts',(-42.5335343752418,37.5689041139556,-311.514005355975));
#11025=CARTESIAN_POINT('Ctrl Pts',(-42.9851579549162,37.4626263871891,-311.824889296699));
#11026=CARTESIAN_POINT('Ctrl Pts',(-43.6904544959576,37.2905260108848,-312.537063746481));
#11027=CARTESIAN_POINT('Ctrl Pts',(-43.9947254020139,37.2125902375483,-312.983045613818));
#11028=CARTESIAN_POINT('Ctrl Pts',(-44.3995542236481,37.1071459979971,-313.963328865998));
#11029=CARTESIAN_POINT('Ctrl Pts',(-44.5,37.0800941317667,-314.497725616635));
#11030=CARTESIAN_POINT('Ctrl Pts',(-44.5,37.0800941317667,-315.));
#11031=CARTESIAN_POINT('Ctrl Pts',(-44.5,37.0800941317667,-315.));
#11032=CARTESIAN_POINT('Ctrl Pts',(-44.5,37.0800941317667,-315.502274383365));
#11033=CARTESIAN_POINT('Ctrl Pts',(-44.3995542236481,37.1071459979971,-316.036671134002));
#11034=CARTESIAN_POINT('Ctrl Pts',(-43.9947254020138,37.2125902375483,-317.016954386182));
#11035=CARTESIAN_POINT('Ctrl Pts',(-43.6904544959576,37.2905260108848,-317.462936253519));
#11036=CARTESIAN_POINT('Ctrl Pts',(-42.9851579549162,37.4626263871891,-318.175110703301));
#11037=CARTESIAN_POINT('Ctrl Pts',(-42.5335343752418,37.5689041139556,-318.485994644025));
#11038=CARTESIAN_POINT('Ctrl Pts',(-41.5438042628723,37.7859296225662,-318.898447576371));
#11039=CARTESIAN_POINT('Ctrl Pts',(-41.0056099513385,37.896308416099,-319.));
#11040=CARTESIAN_POINT('Ctrl Pts',(-39.9997282319887,38.087992201825,-319.));
#11041=CARTESIAN_POINT('Ctrl Pts',(-39.4640184302621,38.1824116398747,-318.900364191324));
#11042=CARTESIAN_POINT('Ctrl Pts',(-38.4756240049696,38.3429774647655,-318.49113170435));
#11043=CARTESIAN_POINT('Ctrl Pts',(-38.023039745417,38.4095010112136,-318.181440703183));
#11044=CARTESIAN_POINT('Ctrl Pts',(-37.313126636908,38.5080244898444,-317.468430586586));
#11045=CARTESIAN_POINT('Ctrl Pts',(-37.006765977812,38.547003131727,-317.019999087967));
#11046=CARTESIAN_POINT('Ctrl Pts',(-36.6001942269267,38.597120878464,-316.036626925415));
#11047=CARTESIAN_POINT('Ctrl Pts',(-36.5,38.6086458947038,-315.501698994785));
#11048=CARTESIAN_POINT('Ctrl Pts',(-36.5,38.6086458947038,-315.));
#11049=CARTESIAN_POINT('Origin',(-40.5,2.,-315.));
#11050=CARTESIAN_POINT('',(-44.5,16.,-315.));
#11051=CARTESIAN_POINT('',(-44.5,2.,-315.));
#11052=CARTESIAN_POINT('Origin',(-40.5,16.,-315.));
#11053=CARTESIAN_POINT('Origin',(-40.5,2.,-315.));
#11054=CARTESIAN_POINT('',(-44.5,-36.9604482745866,-315.));
#11055=CARTESIAN_POINT('',(-44.5,2.,-315.));
#11056=CARTESIAN_POINT('Ctrl Pts',(-42.5,-37.,-311.535898384862));
#11057=CARTESIAN_POINT('Ctrl Pts',(-42.8084482475618,-37.002976147461,-311.713981063623));
#11058=CARTESIAN_POINT('Ctrl Pts',(-43.0889500171747,-37.0014184767616,
-311.932253876319));
#11059=CARTESIAN_POINT('Ctrl Pts',(-43.6829306572605,-36.9926921677606,
-312.525841588127));
#11060=CARTESIAN_POINT('Ctrl Pts',(-43.9909821763261,-36.9823030706815,
-312.975716453682));
#11061=CARTESIAN_POINT('Ctrl Pts',(-44.3995192638524,-36.9658616843604,
-313.961525236768));
#11062=CARTESIAN_POINT('Ctrl Pts',(-44.5,-36.9604482745866,-314.497471708616));
#11063=CARTESIAN_POINT('Ctrl Pts',(-44.5,-36.9604482745866,-315.));
#11064=CARTESIAN_POINT('Ctrl Pts',(-44.5,-36.9604482745866,-315.));
#11065=CARTESIAN_POINT('Ctrl Pts',(-44.5,-36.9604482745866,-315.502528291384));
#11066=CARTESIAN_POINT('Ctrl Pts',(-44.3995192638524,-36.9658616843604,
-316.038474763232));
#11067=CARTESIAN_POINT('Ctrl Pts',(-43.9909821763261,-36.9823030706815,
-317.024283546318));
#11068=CARTESIAN_POINT('Ctrl Pts',(-43.6829306572605,-36.9926921677606,
-317.474158411873));
#11069=CARTESIAN_POINT('Ctrl Pts',(-43.0889500171747,-37.0014184767616,
-318.067746123681));
#11070=CARTESIAN_POINT('Ctrl Pts',(-42.8084482475618,-37.002976147461,-318.286018936377));
#11071=CARTESIAN_POINT('Ctrl Pts',(-42.5,-37.,-318.464101615138));
#11072=CARTESIAN_POINT('',(-37.,2.,-316.936491673104));
#11073=CARTESIAN_POINT('',(-37.,2.,-313.063508326896));
#11074=CARTESIAN_POINT('Origin',(-40.5,2.,-315.));
#11075=CARTESIAN_POINT('',(-44.5,-30.,-315.));
#11076=CARTESIAN_POINT('Origin',(-40.5,-30.,-315.));
#11077=CARTESIAN_POINT('',(-44.5,2.,-315.));
#11078=CARTESIAN_POINT('Origin',(-37.,-39.,-158.));
#11079=CARTESIAN_POINT('',(-37.,-39.,-158.));
#11080=CARTESIAN_POINT('Origin',(-42.8280430494009,-3.0015825698057,0.));
#11081=CARTESIAN_POINT('Origin',(28.,39.,-181.5));
#11082=CARTESIAN_POINT('',(28.,39.,-181.5));
#11083=CARTESIAN_POINT('',(-28.,39.,-181.5));
#11084=CARTESIAN_POINT('',(-0.999999999999999,39.,-181.5));
#11085=CARTESIAN_POINT('',(28.,38.,-181.5));
#11086=CARTESIAN_POINT('',(28.,39.,-181.5));
#11087=CARTESIAN_POINT('',(-28.,38.,-181.5));
#11088=CARTESIAN_POINT('',(-28.,38.,-181.5));
#11089=CARTESIAN_POINT('',(-28.,39.,-181.5));
#11090=CARTESIAN_POINT('Origin',(28.,39.,-18.5));
#11091=CARTESIAN_POINT('',(28.,39.,-18.5));
#11092=CARTESIAN_POINT('',(28.,39.,-9.25000000000001));
#11093=CARTESIAN_POINT('',(28.,38.,-18.5));
#11094=CARTESIAN_POINT('',(28.,39.,-18.5));
#11095=CARTESIAN_POINT('',(28.,38.,-181.5));
#11096=CARTESIAN_POINT('Origin',(-28.,39.,-18.5));
#11097=CARTESIAN_POINT('',(-28.,39.,-18.5));
#11098=CARTESIAN_POINT('',(-29.,39.,-18.5));
#11099=CARTESIAN_POINT('',(-28.,38.,-18.5));
#11100=CARTESIAN_POINT('',(-28.,39.,-18.5));
#11101=CARTESIAN_POINT('',(28.,38.,-18.5));
#11102=CARTESIAN_POINT('Origin',(-28.,39.,-181.5));
#11103=CARTESIAN_POINT('',(-28.,39.,-90.75));
#11104=CARTESIAN_POINT('',(-28.,38.,-18.5));
#11105=CARTESIAN_POINT('Origin',(29.5,39.,-183.));
#11106=CARTESIAN_POINT('',(29.5,39.,-183.));
#11107=CARTESIAN_POINT('',(29.5,39.,-17.));
#11108=CARTESIAN_POINT('',(29.5,39.,-91.4999999999999));
#11109=CARTESIAN_POINT('',(29.5,38.,-183.));
#11110=CARTESIAN_POINT('',(29.5,39.,-183.));
#11111=CARTESIAN_POINT('',(29.5,38.,-17.));
#11112=CARTESIAN_POINT('',(29.5,38.,-17.));
#11113=CARTESIAN_POINT('',(29.5,39.,-17.));
#11114=CARTESIAN_POINT('Origin',(-29.5,39.,-183.));
#11115=CARTESIAN_POINT('',(-29.5,39.,-183.));
#11116=CARTESIAN_POINT('',(-29.75,39.,-183.));
#11117=CARTESIAN_POINT('',(-29.5,38.,-183.));
#11118=CARTESIAN_POINT('',(-29.5,39.,-183.));
#11119=CARTESIAN_POINT('',(29.5,38.,-183.));
#11120=CARTESIAN_POINT('Origin',(-29.5,39.,-17.));
#11121=CARTESIAN_POINT('',(-29.5,39.,-17.));
#11122=CARTESIAN_POINT('',(-29.5,39.,-8.50000000000001));
#11123=CARTESIAN_POINT('',(-29.5,38.,-17.));
#11124=CARTESIAN_POINT('',(-29.5,39.,-17.));
#11125=CARTESIAN_POINT('',(-29.5,38.,-183.));
#11126=CARTESIAN_POINT('Origin',(29.5,39.,-17.));
#11127=CARTESIAN_POINT('',(-0.249999999999995,39.,-17.));
#11128=CARTESIAN_POINT('',(-29.5,38.,-17.));
#11129=CARTESIAN_POINT('Origin',(-1.77635683940025E-14,38.,-100.));
#11130=CARTESIAN_POINT('Origin',(-30.,39.,0.));
#11131=CARTESIAN_POINT('',(30.,39.,0.));
#11132=CARTESIAN_POINT('',(-30.,39.,0.));
#11133=CARTESIAN_POINT('',(30.,39.,0.));
#11134=CARTESIAN_POINT('',(30.,39.,-350.));
#11135=CARTESIAN_POINT('',(30.,39.,0.));
#11136=CARTESIAN_POINT('',(-30.,39.,-350.));
#11137=CARTESIAN_POINT('',(30.,39.,-350.));
#11138=CARTESIAN_POINT('',(-30.,39.,0.));
#11139=CARTESIAN_POINT('Origin',(-26.5,39.,-20.));
#11140=CARTESIAN_POINT('',(-26.5,39.,-20.));
#11141=CARTESIAN_POINT('',(-26.5,39.,-180.));
#11142=CARTESIAN_POINT('',(-26.5,39.,-10.));
#11143=CARTESIAN_POINT('',(-26.5,37.,-20.));
#11144=CARTESIAN_POINT('',(-26.5,39.,-20.));
#11145=CARTESIAN_POINT('',(-26.5,37.,-180.));
#11146=CARTESIAN_POINT('',(-26.5,37.,-9.99999999999999));
#11147=CARTESIAN_POINT('',(-26.5,39.,-180.));
#11148=CARTESIAN_POINT('Origin',(26.5,39.,-20.));
#11149=CARTESIAN_POINT('',(26.5,39.,-20.));
#11150=CARTESIAN_POINT('',(-1.75,39.,-20.));
#11151=CARTESIAN_POINT('',(26.5,37.,-20.));
#11152=CARTESIAN_POINT('',(26.5,39.,-20.));
#11153=CARTESIAN_POINT('',(28.25,37.,-20.));
#11154=CARTESIAN_POINT('Origin',(26.5,39.,-180.));
#11155=CARTESIAN_POINT('',(26.5,39.,-180.));
#11156=CARTESIAN_POINT('',(26.5,39.,-90.));
#11157=CARTESIAN_POINT('',(26.5,37.,-180.));
#11158=CARTESIAN_POINT('',(26.5,39.,-180.));
#11159=CARTESIAN_POINT('',(26.5,37.,-90.));
#11160=CARTESIAN_POINT('Origin',(-26.5,39.,-180.));
#11161=CARTESIAN_POINT('',(-28.25,39.,-180.));
#11162=CARTESIAN_POINT('',(1.74999999999998,37.,-180.));
#11163=CARTESIAN_POINT('Origin',(-37.,-39.,-332.));
#11164=CARTESIAN_POINT('',(-37.,-39.,-332.));
#11165=CARTESIAN_POINT('Origin',(-37.,-39.,-158.));
#11166=CARTESIAN_POINT('Origin',(37.,-39.,-158.));
#11167=CARTESIAN_POINT('Origin',(39.,-39.,-334.));
#11168=CARTESIAN_POINT('Origin',(-39.,-39.,-156.));
#11169=CARTESIAN_POINT('Origin',(35.,-39.,-330.));
#11170=CARTESIAN_POINT('',(35.,-39.,-330.));
#11171=CARTESIAN_POINT('',(-35.,-39.,-330.));
#11172=CARTESIAN_POINT('Origin',(35.0000000000001,-39.,-160.));
#11173=CARTESIAN_POINT('',(35.0000000000001,-39.,-160.));
#11174=CARTESIAN_POINT('Origin',(-35.,-39.,-160.));
#11175=CARTESIAN_POINT('',(-35.,-39.,-160.));
#11176=CARTESIAN_POINT('Origin',(-35.,-39.,-330.));
#11177=CARTESIAN_POINT('Origin',(60.2452540063019,-23.,0.));
#11178=CARTESIAN_POINT('',(57.745254006302,-23.,0.));
#11179=CARTESIAN_POINT('Origin',(60.2452540063019,-23.,0.));
#11180=CARTESIAN_POINT('',(57.745254006302,-23.,-4.));
#11181=CARTESIAN_POINT('',(57.745254006302,-23.,0.));
#11182=CARTESIAN_POINT('Origin',(60.2452540063019,-23.,-4.));
#11183=CARTESIAN_POINT('Origin',(40.5,-16.,-315.));
#11184=CARTESIAN_POINT('',(51.245254006302,-16.,-306.025618888188));
#11185=CARTESIAN_POINT('',(51.245254006302,-30.,-306.025618888188));
#11186=CARTESIAN_POINT('',(51.245254006302,-16.,-306.025618888188));
#11187=CARTESIAN_POINT('',(51.245254006302,-30.,-323.974381111812));
#11188=CARTESIAN_POINT('Origin',(40.5,-30.,-315.));
#11189=CARTESIAN_POINT('',(51.245254006302,-16.,-323.974381111812));
#11190=CARTESIAN_POINT('',(51.245254006302,-16.,-323.974381111812));
#11191=CARTESIAN_POINT('Origin',(40.5,-16.,-315.));
#11192=CARTESIAN_POINT('Origin',(40.5,-30.,-315.));
#11193=CARTESIAN_POINT('',(51.245254006302,-30.,-332.5));
#11194=CARTESIAN_POINT('Origin',(-74.245254006302,-16.,-340.));
#11195=CARTESIAN_POINT('',(74.245254006302,-16.,-4.));
#11196=CARTESIAN_POINT('',(51.245254006302,-16.,-4.));
#11197=CARTESIAN_POINT('',(-5.62587826019552,-16.,-3.99999999999999));
#11198=CARTESIAN_POINT('',(51.245254006302,-16.,-345.));
#11199=CARTESIAN_POINT('',(51.245254006302,-16.,-346.));
#11200=CARTESIAN_POINT('',(51.245254006302,-16.,-345.));
#11201=CARTESIAN_POINT('',(74.245254006302,-16.,-346.));
#11202=CARTESIAN_POINT('',(-5.75,-16.,-346.));
#11203=CARTESIAN_POINT('',(74.245254006302,-16.,0.));
#11204=CARTESIAN_POINT('Origin',(62.745254006302,-26.3530738589241,-346.));
#11205=CARTESIAN_POINT('',(51.245254006302,-35.9432060833338,-346.));
#11206=CARTESIAN_POINT('Origin',(42.8280430494009,-3.0015825698057,-346.));
#11207=CARTESIAN_POINT('',(51.245254006302,-31.148139971129,-346.));
#11208=CARTESIAN_POINT('Origin',(42.8280430494009,-3.0015825698057,0.));
#11209=CARTESIAN_POINT('',(51.245254006302,-35.9432060833338,-4.));
#11210=CARTESIAN_POINT('Origin',(42.8280430494009,-3.0015825698057,-4.));
#11211=CARTESIAN_POINT('',(51.245254006302,-35.9432060833338,0.));
#11212=CARTESIAN_POINT('Origin',(51.245254006302,-35.9432060833338,-350.));
#11213=CARTESIAN_POINT('',(51.245254006302,-31.1010341424368,-3.99999999999999));
#11214=CARTESIAN_POINT('Origin',(62.9934974859109,-26.2588622015398,-4.));
#11215=CARTESIAN_POINT('Origin',(-64.,-21.,0.));
#11216=CARTESIAN_POINT('',(-66.5,-21.,0.));
#11217=CARTESIAN_POINT('Origin',(-64.,-21.,0.));
#11218=CARTESIAN_POINT('',(-66.5,-21.,-4.));
#11219=CARTESIAN_POINT('',(-66.5,-21.,0.));
#11220=CARTESIAN_POINT('Origin',(-64.,-21.,-4.));
#11221=CARTESIAN_POINT('Origin',(-63.0001733561163,-26.2588622015398,-4.));
#11222=CARTESIAN_POINT('',(-74.245254006302,-16.,-4.));
#11223=CARTESIAN_POINT('',(-51.245254006302,-35.9432060833338,-4.));
#11224=CARTESIAN_POINT('Origin',(-42.8280430494009,-3.0015825698057,-4.));
#11225=CARTESIAN_POINT('',(-51.245254006302,-16.,-4.));
#11226=CARTESIAN_POINT('',(-68.6227136812091,-16.,-3.99999999999999));
#11227=CARTESIAN_POINT('',(-51.245254006302,-21.1294311007699,-3.99999999999999));
#11228=CARTESIAN_POINT('Origin',(-42.8280430494009,-3.0015825698057,0.));
#11229=CARTESIAN_POINT('',(-51.245254006302,-35.9432060833338,-346.));
#11230=CARTESIAN_POINT('',(-51.245254006302,-35.9432060833338,0.));
#11231=CARTESIAN_POINT('',(-74.245254006302,-16.,-346.));
#11232=CARTESIAN_POINT('Origin',(-42.8280430494009,-3.0015825698057,-346.));
#11233=CARTESIAN_POINT('',(-74.245254006302,-16.,-340.));
#11234=CARTESIAN_POINT('',(-74.2452540063023,-15.9999999999993,0.));
#11235=CARTESIAN_POINT('',(-74.245254006302,-16.,0.));
#11236=CARTESIAN_POINT('Origin',(74.245254006302,-16.,-350.));
#11237=CARTESIAN_POINT('',(64.4817523511667,-16.,-347.));
#11238=CARTESIAN_POINT('',(74.245254006302,-16.,-347.));
#11239=CARTESIAN_POINT('',(64.4817523511667,-16.,-347.));
#11240=CARTESIAN_POINT('',(74.245254006302,-16.,-350.));
#11241=CARTESIAN_POINT('',(74.245254006302,-15.9999999999999,-350.));
#11242=CARTESIAN_POINT('',(74.1996122908723,-15.9999999999373,-350.));
#11243=CARTESIAN_POINT('',(37.122627003151,-16.,-350.));
#11244=CARTESIAN_POINT('',(54.5228689185108,-16.,-350.));
#11245=CARTESIAN_POINT('',(51.245254006302,-16.,-350.));
#11246=CARTESIAN_POINT('Origin',(38.5,-16.,-278.780145523736));
#11247=CARTESIAN_POINT('Origin',(-4.44089209850063E-15,-0.93639142400937,
-350.));
#11248=CARTESIAN_POINT('',(75.,-14.,-350.));
#11249=CARTESIAN_POINT('Origin',(42.8280430494009,-3.00158256980566,-350.));
#11250=CARTESIAN_POINT('Ctrl Pts',(75.,-14.,-350.));
#11251=CARTESIAN_POINT('Ctrl Pts',(74.753807878206,-14.6746679156741,-350.));
#11252=CARTESIAN_POINT('Ctrl Pts',(74.48663336986,-15.3416672624596,-350.));
#11253=CARTESIAN_POINT('Ctrl Pts',(74.1991625852368,-15.9998158198898,-350.));
#11254=CARTESIAN_POINT('Origin',(42.8280430494009,-3.0015825698057,0.));
#11255=CARTESIAN_POINT('',(75.,-14.,-347.));
#11256=CARTESIAN_POINT('Origin',(42.8280430494009,-3.0015825698057,-347.));
#11257=CARTESIAN_POINT('',(75.,-14.,0.));
#11258=CARTESIAN_POINT('Origin',(-74.245254006302,-16.,-340.));
#11259=CARTESIAN_POINT('',(49.245254006302,-16.,-350.));
#11260=CARTESIAN_POINT('',(-5.75,-16.,-350.));
#11261=CARTESIAN_POINT('',(49.245254006302,-16.,-325.932544642729));
#11262=CARTESIAN_POINT('',(49.245254006302,-16.,-345.));
#11263=CARTESIAN_POINT('',(49.245254006302,-16.,-304.067455357271));
#11264=CARTESIAN_POINT('Origin',(40.5,-16.,-315.));
#11265=CARTESIAN_POINT('',(49.245254006302,-16.,0.));
#11266=CARTESIAN_POINT('',(49.245254006302,-16.,-345.));
#11267=CARTESIAN_POINT('',(-49.245254006302,-16.,0.));
#11268=CARTESIAN_POINT('',(0.377372996849017,-16.,0.));
#11269=CARTESIAN_POINT('',(-49.245254006302,-16.,-304.067455357271));
#11270=CARTESIAN_POINT('',(-49.245254006302,-16.,-345.));
#11271=CARTESIAN_POINT('',(-49.245254006302,-16.,-325.932544642729));
#11272=CARTESIAN_POINT('Origin',(-40.5,-16.,-315.));
#11273=CARTESIAN_POINT('',(-49.245254006302,-16.,-350.));
#11274=CARTESIAN_POINT('',(-49.245254006302,-16.,-345.));
#11275=CARTESIAN_POINT('',(-54.5228689185109,-16.,-350.));
#11276=CARTESIAN_POINT('',(-68.6068741175359,-16.,-350.));
#11277=CARTESIAN_POINT('',(-2.00000000000001,-16.,-342.));
#11278=CARTESIAN_POINT('Origin',(-38.5,-16.,-278.780145523736));
#11279=CARTESIAN_POINT('',(1.99999999999998,-16.,-342.));
#11280=CARTESIAN_POINT('',(-2.00000000000001,-16.,-342.));
#11281=CARTESIAN_POINT('Origin',(38.5,-16.,-278.780145523736));
#11282=CARTESIAN_POINT('Origin',(-62.9684942287699,-26.0726715169089,-346.));
#11283=CARTESIAN_POINT('',(-51.245254006302,-16.,-346.));
#11284=CARTESIAN_POINT('',(-51.245254006302,-21.0363357584544,-346.));
#11285=CARTESIAN_POINT('',(-68.6068741175359,-16.,-346.));
#11286=CARTESIAN_POINT('Origin',(-51.245254006302,-16.,-350.));
#11287=CARTESIAN_POINT('',(-64.4817523511668,-16.,-347.));
#11288=CARTESIAN_POINT('Origin',(-38.5,-16.,-278.780145523736));
#11289=CARTESIAN_POINT('',(-74.1996122911224,-15.9999999996507,-350.));
#11290=CARTESIAN_POINT('',(-74.6917344512378,-16.,-350.));
#11291=CARTESIAN_POINT('',(-74.245254006302,-16.,-350.));
#11292=CARTESIAN_POINT('',(-25.622627003151,-16.,-350.));
#11293=CARTESIAN_POINT('',(-74.245254006302,-16.,-347.));
#11294=CARTESIAN_POINT('',(-74.245254006302,-16.,0.));
#11295=CARTESIAN_POINT('',(-75.,-16.,-347.));
#11296=CARTESIAN_POINT('Origin',(-42.8280430494009,-3.0015825698057,0.));
#11297=CARTESIAN_POINT('',(-75.,-14.,-350.));
#11298=CARTESIAN_POINT('Origin',(-42.8280430494009,-3.0015825698057,-350.));
#11299=CARTESIAN_POINT('',(-75.,-14.,-347.));
#11300=CARTESIAN_POINT('',(-75.,-14.,0.));
#11301=CARTESIAN_POINT('',(-75.,-14.,-345.));
#11302=CARTESIAN_POINT('',(-75.,-14.,0.));
#11303=CARTESIAN_POINT('',(-75.,-14.,-340.));
#11304=CARTESIAN_POINT('',(-75.,-14.,0.));
#11305=CARTESIAN_POINT('Origin',(-42.8280430494009,-3.0015825698057,-340.));
#11306=CARTESIAN_POINT('',(-74.2452540063023,-15.9999999999993,0.));
#11307=CARTESIAN_POINT('Origin',(-74.245254006302,-16.,-340.));
#11308=CARTESIAN_POINT('',(-74.2452540063023,-15.9999999999993,0.));
#11309=CARTESIAN_POINT('',(-51.245254006302,-16.,-323.974381111812));
#11310=CARTESIAN_POINT('',(-51.245254006302,-16.,-345.));
#11311=CARTESIAN_POINT('',(-51.245254006302,-16.,-306.025618888188));
#11312=CARTESIAN_POINT('Origin',(-40.5,-16.,-315.));
#11313=CARTESIAN_POINT('',(-51.245254006302,-16.,-345.));
#11314=CARTESIAN_POINT('Origin',(-51.245254006302,-16.,-350.));
#11315=CARTESIAN_POINT('',(-51.245254006302,-30.,-306.025618888188));
#11316=CARTESIAN_POINT('',(-51.245254006302,-16.,-306.025618888188));
#11317=CARTESIAN_POINT('',(-51.245254006302,-30.,-323.974381111812));
#11318=CARTESIAN_POINT('',(-51.245254006302,-30.,-332.5));
#11319=CARTESIAN_POINT('',(-51.245254006302,-16.,-323.974381111812));
#11320=CARTESIAN_POINT('Origin',(-49.245254006302,-37.,-350.));
#11321=CARTESIAN_POINT('',(-49.245254006302,-16.,-325.932544642729));
#11322=CARTESIAN_POINT('',(-49.245254006302,-16.,-304.067455357271));
#11323=CARTESIAN_POINT('',(-49.245254006302,-16.,0.));
#11324=CARTESIAN_POINT('',(-49.245254006302,-36.2692485749917,-350.));
#11325=CARTESIAN_POINT('',(-49.245254006302,-18.9681957120047,-350.));
#11326=CARTESIAN_POINT('',(-49.245254006302,-16.,-350.));
#11327=CARTESIAN_POINT('Origin',(-50.245254006302,-26.5,-350.));
#11328=CARTESIAN_POINT('',(-51.245254006302,-35.791732132129,-350.));
#11329=CARTESIAN_POINT('Ctrl Pts',(-49.2449436878083,-36.2677556183124,
-350.));
#11330=CARTESIAN_POINT('Ctrl Pts',(-49.916091807891,-36.1282541338762,-350.));
#11331=CARTESIAN_POINT('Ctrl Pts',(-50.5831504323844,-35.9691326071758,
-350.));
#11332=CARTESIAN_POINT('Ctrl Pts',(-51.2449517822646,-35.7906117461299,
-350.));
#11333=CARTESIAN_POINT('Ctrl Pts',(-51.2454109805038,-35.7904878741009,
-350.));
#11334=CARTESIAN_POINT('Ctrl Pts',(-52.2909384467271,-35.5084417107725,
-350.));
#11335=CARTESIAN_POINT('Ctrl Pts',(-57.1687610947843,-33.9470935547322,
-350.));
#11336=CARTESIAN_POINT('Ctrl Pts',(-64.3009685163408,-29.7736189129475,
-350.));
#11337=CARTESIAN_POINT('Ctrl Pts',(-70.659864936386,-22.7895894313122,-350.));
#11338=CARTESIAN_POINT('Ctrl Pts',(-73.2763605119174,-18.1140445603504,
-350.));
#11339=CARTESIAN_POINT('Ctrl Pts',(-74.1993775961371,-15.9998512832308,
-350.));
#11340=CARTESIAN_POINT('Origin',(-40.5,-30.,-315.));
#11341=CARTESIAN_POINT('Origin',(-40.5,-30.,-315.));
#11342=CARTESIAN_POINT('Origin',(-40.5,-30.,-315.));
#11343=CARTESIAN_POINT('Origin',(-40.5,-16.,-315.));
#11344=CARTESIAN_POINT('Origin',(-40.5,-16.,-315.));
#11345=CARTESIAN_POINT('Origin',(-40.5,-28.,-315.));
#11346=CARTESIAN_POINT('Origin',(-4.44089209850063E-15,-0.93639142400937,
-350.));
#11347=CARTESIAN_POINT('Ctrl Pts',(-74.1993775961371,-15.9998512832308,
-350.));
#11348=CARTESIAN_POINT('Ctrl Pts',(-74.4867213238314,-15.3416834251274,
-350.));
#11349=CARTESIAN_POINT('Ctrl Pts',(-74.7538078782474,-14.6746679155605,
-350.));
#11350=CARTESIAN_POINT('Ctrl Pts',(-75.,-14.,-350.));
#11351=CARTESIAN_POINT('Origin',(40.5,-28.,-315.));
#11352=CARTESIAN_POINT('Origin',(49.245254006302,-16.,-350.));
#11353=CARTESIAN_POINT('',(49.245254006302,-16.,-304.067455357271));
#11354=CARTESIAN_POINT('',(49.245254006302,-16.,-325.932544642729));
#11355=CARTESIAN_POINT('',(49.245254006302,-36.2692485749917,-350.));
#11356=CARTESIAN_POINT('',(49.245254006302,-36.3904939556929,-350.));
#11357=CARTESIAN_POINT('',(49.245254006302,-8.46819571200468,-350.));
#11358=CARTESIAN_POINT('',(49.245254006302,-36.3904939556929,0.));
#11359=CARTESIAN_POINT('Origin',(50.245254006302,-26.1952469778465,-350.));
#11360=CARTESIAN_POINT('',(51.245254006302,-35.791732132129,-350.));
#11361=CARTESIAN_POINT('Ctrl Pts',(51.2449764229511,-35.7914650741529,-350.));
#11362=CARTESIAN_POINT('Ctrl Pts',(50.5831851019239,-35.9701246035988,-350.));
#11363=CARTESIAN_POINT('Ctrl Pts',(49.9161376995806,-36.1292744065712,-350.));
#11364=CARTESIAN_POINT('Ctrl Pts',(49.2449987510429,-36.2687375665643,-350.));
#11365=CARTESIAN_POINT('Ctrl Pts',(74.1991670769262,-15.9998055364094,-350.));
#11366=CARTESIAN_POINT('Ctrl Pts',(72.8721093322673,-19.038033946653,-350.));
#11367=CARTESIAN_POINT('Ctrl Pts',(68.9717848456602,-25.354549558855,-350.));
#11368=CARTESIAN_POINT('Ctrl Pts',(60.9340795624423,-32.1563403280128,-350.));
#11369=CARTESIAN_POINT('Ctrl Pts',(54.3068691117918,-34.9545677598188,-350.));
#11370=CARTESIAN_POINT('Ctrl Pts',(51.3170531718843,-35.7720065404818,-350.));
#11371=CARTESIAN_POINT('Ctrl Pts',(51.2451679497491,-35.7914133683158,-350.));
#11372=CARTESIAN_POINT('Origin',(40.5,-30.,-315.));
#11373=CARTESIAN_POINT('Origin',(40.5,-16.,-315.));
#11374=CARTESIAN_POINT('Origin',(1.99999999999997,-9.,-107.672192960462));
#11375=CARTESIAN_POINT('',(1.99999999999997,-9.,-57.6721929604616));
#11376=CARTESIAN_POINT('',(0.999999999999965,-9.,-57.4377573975362));
#11377=CARTESIAN_POINT('Origin',(1.99999999999999,-9.,-55.4221929604616));
#11378=CARTESIAN_POINT('',(1.99999999999997,-9.,-107.672192960462));
#11379=CARTESIAN_POINT('',(1.99999999999997,-9.,-58.8360964802308));
#11380=CARTESIAN_POINT('',(0.999999999999974,-9.,-107.672192960462));
#11381=CARTESIAN_POINT('',(1.99999999999997,-9.,-107.672192960462));
#11382=CARTESIAN_POINT('',(0.999999999999965,-9.,-56.7941399650998));
#11383=CARTESIAN_POINT('Origin',(0.999999999999974,-8.,-82.2331664627807));
#11384=CARTESIAN_POINT('',(0.999999999999965,-7.,-57.4377573975362));
#11385=CARTESIAN_POINT('',(0.999999999999974,-14.,-57.4377573975362));
#11386=CARTESIAN_POINT('',(0.999999999999974,-7.,-107.672192960462));
#11387=CARTESIAN_POINT('',(0.999999999999974,-9.,-107.672192960462));
#11388=CARTESIAN_POINT('',(0.999999999999974,-7.,-107.672192960462));
#11389=CARTESIAN_POINT('Origin',(1.99999999999997,-7.,-107.672192960462));
#11390=CARTESIAN_POINT('',(1.99999999999997,-7.,-107.672192960462));
#11391=CARTESIAN_POINT('',(1.99999999999997,-10.5,-107.672192960462));
#11392=CARTESIAN_POINT('',(1.99999999999997,-7.,-107.672192960462));
#11393=CARTESIAN_POINT('Origin',(1.99999999999997,-7.,-56.7941399650998));
#11394=CARTESIAN_POINT('',(1.99999999999997,-7.,-57.6721929604616));
#11395=CARTESIAN_POINT('Origin',(1.99999999999999,-7.,-55.4221929604616));
#11396=CARTESIAN_POINT('',(1.99999999999996,-7.,-33.3970699825499));
#11397=CARTESIAN_POINT('Origin',(1.99999999999999,-14.,-55.4221929604616));
#11398=CARTESIAN_POINT('',(1.99999999999997,-2.,-57.6721929604616));
#11399=CARTESIAN_POINT('',(1.99999999999997,-14.,-57.6721929604616));
#11400=CARTESIAN_POINT('',(-8.88178419700125E-15,-2.,-56.452969366866));
#11401=CARTESIAN_POINT('Origin',(1.99999999999999,-2.,-55.4221929604616));
#11402=CARTESIAN_POINT('',(-8.88178419700125E-15,-14.,-56.452969366866));
#11403=CARTESIAN_POINT('',(-8.88178419700125E-15,-14.,-56.452969366866));
#11404=CARTESIAN_POINT('',(1.99999999999997,-14.,-57.6721929604616));
#11405=CARTESIAN_POINT('Origin',(1.99999999999999,-14.,-55.4221929604616));
#11406=CARTESIAN_POINT('',(1.99999999999997,-14.,-57.6721929604616));
#11407=CARTESIAN_POINT('Origin',(-1.99999999999999,-7.,-107.672192960462));
#11408=CARTESIAN_POINT('',(-1.99999999999999,-7.,-57.6721929604616));
#11409=CARTESIAN_POINT('',(-0.999999999999985,-7.,-57.4377573975362));
#11410=CARTESIAN_POINT('Origin',(-2.00000000000001,-7.,-55.4221929604616));
#11411=CARTESIAN_POINT('',(-1.99999999999999,-7.,-107.672192960462));
#11412=CARTESIAN_POINT('',(-2.,-7.,-223.836096480231));
#11413=CARTESIAN_POINT('',(-0.999999999999989,-7.,-107.672192960462));
#11414=CARTESIAN_POINT('',(-1.99999999999999,-7.,-107.672192960462));
#11415=CARTESIAN_POINT('',(-0.999999999999985,-7.,-57.6721929604616));
#11416=CARTESIAN_POINT('Origin',(-0.999999999999989,-8.,-82.6721929604616));
#11417=CARTESIAN_POINT('',(-0.999999999999985,-9.,-57.4377573975362));
#11418=CARTESIAN_POINT('',(-0.999999999999989,-14.,-57.4377573975362));
#11419=CARTESIAN_POINT('',(-0.999999999999989,-9.,-107.672192960462));
#11420=CARTESIAN_POINT('',(-0.999999999999989,-7.,-107.672192960462));
#11421=CARTESIAN_POINT('',(-0.999999999999989,-9.,-107.672192960462));
#11422=CARTESIAN_POINT('Origin',(-1.99999999999999,-9.,-107.672192960462));
#11423=CARTESIAN_POINT('',(-1.99999999999999,-9.,-107.672192960462));
#11424=CARTESIAN_POINT('',(-1.99999999999999,-11.5,-107.672192960462));
#11425=CARTESIAN_POINT('',(-1.99999999999999,-9.,-107.672192960462));
#11426=CARTESIAN_POINT('Origin',(-1.99999999999999,-9.,-56.2602603276773));
#11427=CARTESIAN_POINT('',(-1.99999999999999,-9.,-57.6721929604616));
#11428=CARTESIAN_POINT('Origin',(-2.00000000000001,-9.,-55.4221929604616));
#11429=CARTESIAN_POINT('',(-2.,-9.,-198.130130163839));
#11430=CARTESIAN_POINT('Origin',(-2.00000000000001,-14.,-55.4221929604616));
#11431=CARTESIAN_POINT('',(-1.99999999999999,-14.,-57.6721929604616));
#11432=CARTESIAN_POINT('',(-1.99999999999999,-14.,-57.6721929604616));
#11433=CARTESIAN_POINT('Origin',(-2.00000000000001,-14.,-55.4221929604616));
#11434=CARTESIAN_POINT('',(-1.99999999999999,-2.,-57.6721929604616));
#11435=CARTESIAN_POINT('Origin',(-2.00000000000001,-2.,-55.4221929604616));
#11436=CARTESIAN_POINT('',(-1.99999999999999,-14.,-57.6721929604616));
#11437=CARTESIAN_POINT('Origin',(-2.00000000000001,-14.,-35.4221929604616));
#11438=CARTESIAN_POINT('',(-1.99999999999999,-2.,-33.1721929604616));
#11439=CARTESIAN_POINT('',(-1.99999999999999,-14.,-33.1721929604616));
#11440=CARTESIAN_POINT('',(-1.99999999999998,-14.,-33.1721929604616));
#11441=CARTESIAN_POINT('',(-8.88178419700125E-15,-2.,-34.3914165540572));
#11442=CARTESIAN_POINT('Origin',(-2.00000000000001,-2.,-35.4221929604616));
#11443=CARTESIAN_POINT('',(-8.88178419700125E-15,-14.,-34.3914165540572));
#11444=CARTESIAN_POINT('',(-8.88178419700125E-15,-14.,-34.3914165540572));
#11445=CARTESIAN_POINT('Origin',(-2.00000000000001,-14.,-35.4221929604616));
#11446=CARTESIAN_POINT('Origin',(1.99999999999999,-14.,-35.4221929604616));
#11447=CARTESIAN_POINT('',(1.99999999999996,-14.,-33.1721929604616));
#11448=CARTESIAN_POINT('',(1.99999999999996,-2.,-33.1721929604616));
#11449=CARTESIAN_POINT('',(1.99999999999996,-14.,-33.1721929604616));
#11450=CARTESIAN_POINT('Origin',(1.99999999999999,-14.,-35.4221929604616));
#11451=CARTESIAN_POINT('Origin',(1.99999999999999,-2.,-35.4221929604616));
#11452=CARTESIAN_POINT('Origin',(-77.,-14.,-10.));
#11453=CARTESIAN_POINT('',(1.99999999999996,-14.,-10.));
#11454=CARTESIAN_POINT('',(1.99999999999996,-14.,-9.99999999999999));
#11455=CARTESIAN_POINT('',(64.4817523511668,-14.,-5.));
#11456=CARTESIAN_POINT('Origin',(38.5,-14.,-73.219854476264));
#11457=CARTESIAN_POINT('',(77.,-14.,-5.));
#11458=CARTESIAN_POINT('',(64.4817523511668,-14.,-345.));
#11459=CARTESIAN_POINT('',(77.,-14.,-345.));
#11460=CARTESIAN_POINT('',(1.99999999999999,-14.,-340.));
#11461=CARTESIAN_POINT('Origin',(38.5,-14.,-276.780145523736));
#11462=CARTESIAN_POINT('',(1.99999999999996,-14.,-9.99999999999999));
#11463=CARTESIAN_POINT('',(-2.00000000000001,-14.,-340.));
#11464=CARTESIAN_POINT('',(-2.,-14.,-175.));
#11465=CARTESIAN_POINT('',(-64.4817523511668,-14.,-345.));
#11466=CARTESIAN_POINT('Origin',(-38.5,-14.,-276.780145523736));
#11467=CARTESIAN_POINT('',(-74.245254006302,-14.,-345.));
#11468=CARTESIAN_POINT('',(-64.4817523511668,-14.,-345.));
#11469=CARTESIAN_POINT('',(-74.245254006302,-14.,-340.));
#11470=CARTESIAN_POINT('',(-74.245254006302,-14.,-340.));
#11471=CARTESIAN_POINT('',(-75.,-14.,-340.));
#11472=CARTESIAN_POINT('',(-77.,-14.,-345.));
#11473=CARTESIAN_POINT('',(-64.4817523511667,-14.,-4.99999999999999));
#11474=CARTESIAN_POINT('',(-70.7408761755834,-14.,-4.99999999999999));
#11475=CARTESIAN_POINT('',(-2.00000000000004,-14.,-10.));
#11476=CARTESIAN_POINT('Origin',(-38.5,-14.,-73.2198544762641));
#11477=CARTESIAN_POINT('',(-2.,-14.,-175.));
#11478=CARTESIAN_POINT('',(28.,-14.,-315.));
#11479=CARTESIAN_POINT('Origin',(40.5,-14.,-315.));
#11480=CARTESIAN_POINT('Origin',(1.99999999999996,-14.,-10.));
#11481=CARTESIAN_POINT('',(1.99999999999996,-2.,-10.));
#11482=CARTESIAN_POINT('',(1.99999999999998,-2.,-175.));
#11483=CARTESIAN_POINT('',(1.99999999999996,-8.,-10.));
#11484=CARTESIAN_POINT('Origin',(-2.00000000000001,-14.,-340.));
#11485=CARTESIAN_POINT('',(-2.00000000000004,-2.,-10.));
#11486=CARTESIAN_POINT('',(-1.99999999999999,-8.,-10.));
#11487=CARTESIAN_POINT('',(-2.00000000000001,-2.,-340.));
#11488=CARTESIAN_POINT('Origin',(-2.00000000000001,7.,-240.068356716742));
#11489=CARTESIAN_POINT('',(-2.00000000000001,7.,-290.068356716742));
#11490=CARTESIAN_POINT('',(-1.00000000000001,7.,-290.302792279667));
#11491=CARTESIAN_POINT('Origin',(-2.00000000000001,7.,-292.318356716742));
#11492=CARTESIAN_POINT('',(-2.00000000000001,7.,-240.068356716742));
#11493=CARTESIAN_POINT('',(-2.00000000000001,7.,-290.034178358371));
#11494=CARTESIAN_POINT('',(-1.00000000000001,7.,-240.068356716742));
#11495=CARTESIAN_POINT('',(-2.00000000000001,7.,-240.068356716742));
#11496=CARTESIAN_POINT('',(-1.00000000000001,7.,-290.068356716742));
#11497=CARTESIAN_POINT('Origin',(-1.00000000000001,8.,-265.068356716742));
#11498=CARTESIAN_POINT('',(-1.00000000000001,9.,-290.302792279667));
#11499=CARTESIAN_POINT('',(-1.00000000000001,14.,-290.302792279667));
#11500=CARTESIAN_POINT('',(-1.00000000000001,9.,-240.068356716742));
#11501=CARTESIAN_POINT('',(-1.00000000000001,7.,-240.068356716742));
#11502=CARTESIAN_POINT('',(-1.00000000000001,9.,-240.068356716742));
#11503=CARTESIAN_POINT('Origin',(-2.00000000000001,9.,-240.068356716742));
#11504=CARTESIAN_POINT('',(-2.00000000000001,9.,-240.068356716742));
#11505=CARTESIAN_POINT('',(-2.00000000000001,5.5,-240.068356716742));
#11506=CARTESIAN_POINT('',(-2.00000000000001,9.,-240.068356716742));
#11507=CARTESIAN_POINT('Origin',(-2.00000000000001,9.,-291.736661879206));
#11508=CARTESIAN_POINT('',(-2.00000000000001,9.,-290.068356716742));
#11509=CARTESIAN_POINT('Origin',(-2.00000000000001,9.,-292.318356716742));
#11510=CARTESIAN_POINT('',(-2.00000000000001,9.,-315.868330939603));
#11511=CARTESIAN_POINT('Origin',(-2.00000000000001,14.,-292.318356716742));
#11512=CARTESIAN_POINT('',(-2.00000000000001,14.,-290.068356716742));
#11513=CARTESIAN_POINT('',(-8.88178419700125E-15,2.,-291.287580310337));
#11514=CARTESIAN_POINT('',(-8.88178419700125E-15,14.,-291.287580310337));
#11515=CARTESIAN_POINT('',(-2.00000000000001,2.,-290.068356716742));
#11516=CARTESIAN_POINT('Origin',(-2.00000000000001,2.,-292.318356716742));
#11517=CARTESIAN_POINT('',(-2.00000000000001,14.,-290.068356716742));
#11518=CARTESIAN_POINT('Origin',(1.99999999999999,9.,-240.068356716742));
#11519=CARTESIAN_POINT('',(1.99999999999999,9.,-290.068356716742));
#11520=CARTESIAN_POINT('',(0.999999999999993,9.,-290.302792279667));
#11521=CARTESIAN_POINT('Origin',(1.99999999999999,9.,-292.318356716742));
#11522=CARTESIAN_POINT('',(1.99999999999999,9.,-240.068356716742));
#11523=CARTESIAN_POINT('',(1.99999999999999,9.,-125.034178358371));
#11524=CARTESIAN_POINT('',(0.999999999999993,9.,-240.068356716742));
#11525=CARTESIAN_POINT('',(1.99999999999999,9.,-240.068356716742));
#11526=CARTESIAN_POINT('',(0.999999999999993,9.,-290.068356716742));
#11527=CARTESIAN_POINT('Origin',(0.999999999999993,8.,-265.068356716742));
#11528=CARTESIAN_POINT('',(0.999999999999993,7.,-290.302792279667));
#11529=CARTESIAN_POINT('',(0.999999999999993,14.,-290.302792279667));
#11530=CARTESIAN_POINT('',(0.999999999999993,7.,-240.068356716742));
#11531=CARTESIAN_POINT('',(0.999999999999993,9.,-240.068356716742));
#11532=CARTESIAN_POINT('',(0.999999999999993,7.,-240.068356716742));
#11533=CARTESIAN_POINT('Origin',(1.99999999999999,7.,-240.068356716742));
#11534=CARTESIAN_POINT('',(1.99999999999999,7.,-240.068356716742));
#11535=CARTESIAN_POINT('',(1.99999999999999,4.5,-240.068356716742));
#11536=CARTESIAN_POINT('',(1.99999999999999,7.,-240.068356716742));
#11537=CARTESIAN_POINT('Origin',(1.99999999999999,7.,-292.503470792973));
#11538=CARTESIAN_POINT('',(1.99999999999999,7.,-290.068356716742));
#11539=CARTESIAN_POINT('Origin',(1.99999999999999,7.,-292.318356716742));
#11540=CARTESIAN_POINT('',(1.99999999999999,7.,-151.251735396487));
#11541=CARTESIAN_POINT('Origin',(1.99999999999999,14.,-292.318356716742));
#11542=CARTESIAN_POINT('',(1.99999999999999,2.,-290.068356716742));
#11543=CARTESIAN_POINT('',(1.99999999999999,14.,-290.068356716742));
#11544=CARTESIAN_POINT('Origin',(1.99999999999999,2.,-292.318356716742));
#11545=CARTESIAN_POINT('',(1.99999999999999,14.,-290.068356716742));
#11546=CARTESIAN_POINT('Origin',(1.99999999999999,14.,-312.318356716742));
#11547=CARTESIAN_POINT('',(1.99999999999999,2.,-314.568356716742));
#11548=CARTESIAN_POINT('',(1.99999999999999,14.,-314.568356716742));
#11549=CARTESIAN_POINT('',(-8.88178419700125E-15,2.,-313.349133123146));
#11550=CARTESIAN_POINT('',(-8.88178419700125E-15,14.,-313.349133123146));
#11551=CARTESIAN_POINT('Origin',(1.99999999999999,2.,-312.318356716742));
#11552=CARTESIAN_POINT('Origin',(-2.00000000000001,14.,-312.318356716742));
#11553=CARTESIAN_POINT('',(-2.00000000000001,2.,-314.568356716742));
#11554=CARTESIAN_POINT('',(-2.00000000000001,14.,-314.568356716742));
#11555=CARTESIAN_POINT('Origin',(-2.00000000000001,2.,-312.318356716742));
#11556=CARTESIAN_POINT('Origin',(1.99999999999999,2.,-10.));
#11557=CARTESIAN_POINT('',(1.99999999999999,2.,-10.));
#11558=CARTESIAN_POINT('',(1.99999999999999,2.,-10.));
#11559=CARTESIAN_POINT('',(1.99999999999999,2.,-10.));
#11560=CARTESIAN_POINT('Origin',(1.99999999999999,2.,-10.));
#11561=CARTESIAN_POINT('',(1.99999999999999,2.,-340.));
#11562=CARTESIAN_POINT('',(1.99999999999999,2.,-10.));
#11563=CARTESIAN_POINT('',(1.99999999999999,2.,-340.));
#11564=CARTESIAN_POINT('Origin',(77.,2.,-10.));
#11565=CARTESIAN_POINT('',(64.4817523511668,2.,-5.00000000000001));
#11566=CARTESIAN_POINT('Origin',(38.5,2.,-73.219854476264));
#11567=CARTESIAN_POINT('',(75.,2.,-5.));
#11568=CARTESIAN_POINT('',(77.,2.,-5.));
#11569=CARTESIAN_POINT('',(77.,2.,-5.));
#11570=CARTESIAN_POINT('',(64.4817523511668,2.,-5.00000000000001));
#11571=CARTESIAN_POINT('',(77.,2.,-345.));
#11572=CARTESIAN_POINT('',(77.,2.,-172.445036380934));
#11573=CARTESIAN_POINT('',(75.,2.,-345.));
#11574=CARTESIAN_POINT('',(77.,2.,-345.));
#11575=CARTESIAN_POINT('',(64.4817523511668,2.,-345.));
#11576=CARTESIAN_POINT('',(64.4817523511668,2.,-345.));
#11577=CARTESIAN_POINT('Origin',(38.5,2.,-276.780145523736));
#11578=CARTESIAN_POINT('',(-2.00000000000001,2.,-340.));
#11579=CARTESIAN_POINT('',(-2.00000000000001,2.,-175.));
#11580=CARTESIAN_POINT('',(-64.4817523511668,2.,-345.));
#11581=CARTESIAN_POINT('Origin',(-38.5,2.,-276.780145523736));
#11582=CARTESIAN_POINT('',(-75.,2.,-345.));
#11583=CARTESIAN_POINT('',(-77.,2.,-345.));
#11584=CARTESIAN_POINT('',(-77.,2.,-345.));
#11585=CARTESIAN_POINT('',(-64.4817523511668,2.,-345.));
#11586=CARTESIAN_POINT('',(-77.,2.,-5.));
#11587=CARTESIAN_POINT('',(-77.,2.,-171.25));
#11588=CARTESIAN_POINT('',(-75.,2.,-5.));
#11589=CARTESIAN_POINT('',(-77.,2.,-5.));
#11590=CARTESIAN_POINT('',(-64.4817523511667,2.,-4.99999999999999));
#11591=CARTESIAN_POINT('',(-64.4817523511667,2.,-4.99999999999999));
#11592=CARTESIAN_POINT('',(-2.00000000000001,2.,-10.));
#11593=CARTESIAN_POINT('Origin',(-38.5,2.,-73.2198544762641));
#11594=CARTESIAN_POINT('',(-2.00000000000001,2.,-175.));
#11595=CARTESIAN_POINT('',(-53.,2.,-32.9221929604616));
#11596=CARTESIAN_POINT('Origin',(-40.5,2.,-32.9221929604616));
#11597=CARTESIAN_POINT('',(-53.,2.,-315.));
#11598=CARTESIAN_POINT('Origin',(-40.5,2.,-315.));
#11599=CARTESIAN_POINT('',(28.,2.,-32.9221929604616));
#11600=CARTESIAN_POINT('Origin',(40.5,2.,-32.9221929604616));
#11601=CARTESIAN_POINT('',(28.,2.,-315.));
#11602=CARTESIAN_POINT('Origin',(40.5,2.,-315.));
#11603=CARTESIAN_POINT('Origin',(-2.00000000000001,2.,-340.));
#11604=CARTESIAN_POINT('',(-2.00000000000001,2.,-340.));
#11605=CARTESIAN_POINT('Origin',(-2.00000000000001,2.,-340.));
#11606=CARTESIAN_POINT('',(-2.00000000000001,2.,-10.));
#11607=CARTESIAN_POINT('Origin',(-74.245254006302,-16.,-347.));
#11608=CARTESIAN_POINT('',(-74.245254006302,-15.5,-340.));
#11609=CARTESIAN_POINT('',(-74.245254006302,-14.,-347.));
#11610=CARTESIAN_POINT('',(-74.245254006302,-14.,-344.));
#11611=CARTESIAN_POINT('',(-74.245254006302,-16.,-347.));
#11612=CARTESIAN_POINT('Origin',(40.5,-2.,-315.));
#11613=CARTESIAN_POINT('',(28.,-2.,-315.));
#11614=CARTESIAN_POINT('Origin',(40.5,-2.,-315.));
#11615=CARTESIAN_POINT('',(28.,-2.,-315.));
#11616=CARTESIAN_POINT('Origin',(-40.5,-2.,-315.));
#11617=CARTESIAN_POINT('',(-53.,-2.,-315.));
#11618=CARTESIAN_POINT('Origin',(-40.5,-2.,-315.));
#11619=CARTESIAN_POINT('',(-53.,-2.,-315.));
#11620=CARTESIAN_POINT('Origin',(-77.,-14.,0.));
#11621=CARTESIAN_POINT('',(-77.,-2.,-345.));
#11622=CARTESIAN_POINT('',(-77.,-2.,-5.));
#11623=CARTESIAN_POINT('',(-77.,-2.,-171.25));
#11624=CARTESIAN_POINT('',(-77.,-14.,-5.));
#11625=CARTESIAN_POINT('',(-77.,14.,0.));
#11626=CARTESIAN_POINT('',(-77.,14.,0.));
#11627=CARTESIAN_POINT('',(-77.,14.,0.));
#11628=CARTESIAN_POINT('',(-77.,-1.11022302462516E-15,-5.));
#11629=CARTESIAN_POINT('',(-77.,-1.11022302462516E-15,-345.));
#11630=CARTESIAN_POINT('',(-77.,14.,-350.));
#11631=CARTESIAN_POINT('',(-77.,14.,0.));
#11632=CARTESIAN_POINT('',(-77.,14.,-350.));
#11633=CARTESIAN_POINT('',(-77.,-14.,-345.));
#11634=CARTESIAN_POINT('Origin',(-75.,14.,0.));
#11635=CARTESIAN_POINT('',(-75.,-2.,-345.));
#11636=CARTESIAN_POINT('',(-75.,8.,-345.));
#11637=CARTESIAN_POINT('',(-75.,-2.,-347.));
#11638=CARTESIAN_POINT('',(-75.,-2.,-173.445036380934));
#11639=CARTESIAN_POINT('',(-75.,0.,-347.));
#11640=CARTESIAN_POINT('',(-75.,-7.46819571200469,-350.));
#11641=CARTESIAN_POINT('',(-75.,2.,-347.));
#11642=CARTESIAN_POINT('',(-75.,14.,-347.));
#11643=CARTESIAN_POINT('',(-75.,2.,-173.445036380934));
#11644=CARTESIAN_POINT('Origin',(0.,-14.,-341.));
#11645=CARTESIAN_POINT('',(-64.4817523511668,-14.,-345.));
#11646=CARTESIAN_POINT('',(-75.,-14.,-347.));
#11647=CARTESIAN_POINT('Origin',(-64.4817523511668,-14.,-347.));
#11648=CARTESIAN_POINT('',(-64.4817523511668,-2.,-347.));
#11649=CARTESIAN_POINT('',(-75.,-2.,-347.));
#11650=CARTESIAN_POINT('',(-64.4817523511668,-16.,-347.));
#11651=CARTESIAN_POINT('Origin',(-38.5,-14.,-278.780145523736));
#11652=CARTESIAN_POINT('',(-2.00000000000001,-2.,-342.));
#11653=CARTESIAN_POINT('Origin',(-38.5,-2.,-278.780145523736));
#11654=CARTESIAN_POINT('',(-2.,-14.,-342.));
#11655=CARTESIAN_POINT('Origin',(-38.5,-14.,-276.780145523736));
#11656=CARTESIAN_POINT('',(-2.00000000000001,-2.,-340.));
#11657=CARTESIAN_POINT('',(-2.00000000000001,-14.,-340.));
#11658=CARTESIAN_POINT('',(-64.4817523511668,-2.,-345.));
#11659=CARTESIAN_POINT('Origin',(-38.5,-2.,-276.780145523736));
#11660=CARTESIAN_POINT('',(-64.4817523511668,-14.,-345.));
#11661=CARTESIAN_POINT('Origin',(-75.,-14.,-345.));
#11662=CARTESIAN_POINT('',(-64.4817523511668,-2.,-345.));
#11663=CARTESIAN_POINT('',(-77.,-2.,-345.));
#11664=CARTESIAN_POINT('Origin',(75.,-14.,-342.));
#11665=CARTESIAN_POINT('',(1.99999999999999,-2.,-342.));
#11666=CARTESIAN_POINT('',(75.,-2.,-342.));
#11667=CARTESIAN_POINT('',(1.99999999999998,-16.,-342.));
#11668=CARTESIAN_POINT('Origin',(-4.44089209850063E-15,15.,-340.));
#11669=CARTESIAN_POINT('',(41.4359186543572,-2.,-340.));
#11670=CARTESIAN_POINT('',(41.4865012739205,-2.,-340.));
#11671=CARTESIAN_POINT('',(19.75,-2.,-340.));
#11672=CARTESIAN_POINT('',(41.4865012739205,-3.,-340.));
#11673=CARTESIAN_POINT('',(41.4865012739205,-2.,-340.));
#11674=CARTESIAN_POINT('',(41.4359186543572,-3.,-340.));
#11675=CARTESIAN_POINT('',(77.6543548607301,-3.,-340.));
#11676=CARTESIAN_POINT('',(41.4359186543584,-14.,-340.));
#11677=CARTESIAN_POINT('Origin',(-4.44089209850063E-15,15.,-340.));
#11678=CARTESIAN_POINT('',(-2.00000000000001,2.,-340.));
#11679=CARTESIAN_POINT('',(-2.22044604925031E-15,2.,-340.));
#11680=CARTESIAN_POINT('',(1.99999999999999,-2.,-340.));
#11681=CARTESIAN_POINT('',(2.,2.,-340.));
#11682=CARTESIAN_POINT('',(77.,-2.,-340.));
#11683=CARTESIAN_POINT('Origin',(75.,-14.,0.));
#11684=CARTESIAN_POINT('',(75.,-2.,-345.));
#11685=CARTESIAN_POINT('',(75.,-6.,-345.));
#11686=CARTESIAN_POINT('',(75.,2.,-347.));
#11687=CARTESIAN_POINT('',(75.,2.,-172.945036380934));
#11688=CARTESIAN_POINT('',(75.,-1.11022302462516E-15,-347.));
#11689=CARTESIAN_POINT('',(75.,6.5318042879953,-350.));
#11690=CARTESIAN_POINT('',(75.,-2.,-347.));
#11691=CARTESIAN_POINT('',(75.,-14.,-347.));
#11692=CARTESIAN_POINT('',(75.,-2.,-173.445036380934));
#11693=CARTESIAN_POINT('Origin',(0.,-2.,-341.));
#11694=CARTESIAN_POINT('',(64.4817523511668,-2.,-345.));
#11695=CARTESIAN_POINT('Origin',(38.5,-2.,-276.780145523736));
#11696=CARTESIAN_POINT('',(77.,-2.,-345.));
#11697=CARTESIAN_POINT('',(64.4817523511668,-2.,-347.));
#11698=CARTESIAN_POINT('',(64.4817523511668,-2.,-347.));
#11699=CARTESIAN_POINT('Origin',(38.5,-2.,-278.780145523736));
#11700=CARTESIAN_POINT('Origin',(64.4817523511668,-14.,-345.));
#11701=CARTESIAN_POINT('',(64.4817523511668,-14.,-345.));
#11702=CARTESIAN_POINT('',(77.,-2.,-345.));
#11703=CARTESIAN_POINT('',(77.,-1.11022302462516E-15,-345.));
#11704=CARTESIAN_POINT('',(64.4817523511668,-2.,-345.));
#11705=CARTESIAN_POINT('Origin',(38.5,-14.,-278.780145523736));
#11706=CARTESIAN_POINT('',(64.4817523511667,-16.,-347.));
#11707=CARTESIAN_POINT('Origin',(77.,-14.,-347.));
#11708=CARTESIAN_POINT('Origin',(38.5,-14.,-276.780145523736));
#11709=CARTESIAN_POINT('',(2.00000000000001,-14.,-340.));
#11710=CARTESIAN_POINT('Origin',(77.,14.,0.));
#11711=CARTESIAN_POINT('',(77.,14.,-350.));
#11712=CARTESIAN_POINT('',(77.,-14.,-350.));
#11713=CARTESIAN_POINT('',(77.,14.,0.));
#11714=CARTESIAN_POINT('',(77.,14.,-345.));
#11715=CARTESIAN_POINT('',(77.,14.,-5.));
#11716=CARTESIAN_POINT('',(77.,14.,0.));
#11717=CARTESIAN_POINT('',(77.,14.,0.));
#11718=CARTESIAN_POINT('',(77.,-14.,0.));
#11719=CARTESIAN_POINT('',(77.,-2.,-5.));
#11720=CARTESIAN_POINT('',(77.,-1.11022302462516E-15,-5.));
#11721=CARTESIAN_POINT('',(77.,-2.,-172.445036380934));
#11722=CARTESIAN_POINT('Origin',(-75.,2.,-345.));
#11723=CARTESIAN_POINT('',(-64.4817523511668,2.,-345.));
#11724=CARTESIAN_POINT('',(-64.4817523511668,-2.,-345.));
#11725=CARTESIAN_POINT('Origin',(-38.5,2.,-276.780145523736));
#11726=CARTESIAN_POINT('Origin',(-38.5,-2.,-276.780145523736));
#11727=CARTESIAN_POINT('Origin',(0.,14.,-341.));
#11728=CARTESIAN_POINT('',(-64.4817523511668,14.,-345.));
#11729=CARTESIAN_POINT('Origin',(-38.5,14.,-276.780145523736));
#11730=CARTESIAN_POINT('',(-2.22044604925031E-15,14.,-340.));
#11731=CARTESIAN_POINT('',(64.4817523511668,14.,-345.));
#11732=CARTESIAN_POINT('Origin',(38.5,14.,-276.780145523736));
#11733=CARTESIAN_POINT('',(64.4817523511668,14.,-345.));
#11734=CARTESIAN_POINT('',(64.4817523511667,14.,-347.));
#11735=CARTESIAN_POINT('',(77.,14.,-347.));
#11736=CARTESIAN_POINT('',(1.99999999999999,14.,-342.));
#11737=CARTESIAN_POINT('Origin',(38.5,14.,-278.780145523736));
#11738=CARTESIAN_POINT('',(-2.00000000000001,14.,-342.));
#11739=CARTESIAN_POINT('',(75.,14.,-342.));
#11740=CARTESIAN_POINT('',(-64.4817523511668,14.,-347.));
#11741=CARTESIAN_POINT('Origin',(-38.5,14.,-278.780145523736));
#11742=CARTESIAN_POINT('',(-58.4542486035507,14.,-347.));
#11743=CARTESIAN_POINT('',(-77.,14.,-345.));
#11744=CARTESIAN_POINT('Origin',(-64.4817523511668,14.,-345.));
#11745=CARTESIAN_POINT('',(-77.,2.,-345.));
#11746=CARTESIAN_POINT('',(-64.4817523511668,14.,-345.));
#11747=CARTESIAN_POINT('Origin',(-38.5,14.,-278.780145523736));
#11748=CARTESIAN_POINT('',(-2.00000000000001,2.,-342.));
#11749=CARTESIAN_POINT('',(-2.00000000000001,14.,-342.));
#11750=CARTESIAN_POINT('',(-64.4817523511668,2.,-347.));
#11751=CARTESIAN_POINT('Origin',(-38.5,2.,-278.780145523736));
#11752=CARTESIAN_POINT('',(-64.4817523511668,14.,-347.));
#11753=CARTESIAN_POINT('Origin',(-77.,14.,-347.));
#11754=CARTESIAN_POINT('',(-58.4542486035507,2.,-347.));
#11755=CARTESIAN_POINT('Origin',(-38.5,14.,-276.780145523736));
#11756=CARTESIAN_POINT('Origin',(-38.5,2.,-276.780145523736));
#11757=CARTESIAN_POINT('Origin',(75.,2.,-342.));
#11758=CARTESIAN_POINT('',(1.99999999999999,2.,-342.));
#11759=CARTESIAN_POINT('',(1.99999999999999,8.,-342.));
#11760=CARTESIAN_POINT('',(75.,2.,-342.));
#11761=CARTESIAN_POINT('Origin',(64.4817523511667,2.,-345.));
#11762=CARTESIAN_POINT('',(77.,-2.,-345.));
#11763=CARTESIAN_POINT('',(64.4817523511667,2.,-345.));
#11764=CARTESIAN_POINT('Origin',(38.5,2.,-276.780145523736));
#11765=CARTESIAN_POINT('Origin',(38.5,-2.,-276.780145523736));
#11766=CARTESIAN_POINT('Origin',(0.,2.,-341.));
#11767=CARTESIAN_POINT('',(64.4817523511667,2.,-347.));
#11768=CARTESIAN_POINT('Origin',(38.5,2.,-278.780145523736));
#11769=CARTESIAN_POINT('',(77.,2.,-347.));
#11770=CARTESIAN_POINT('',(64.4817523511668,2.,-345.));
#11771=CARTESIAN_POINT('Origin',(38.5,2.,-276.780145523736));
#11772=CARTESIAN_POINT('Origin',(38.5,14.,-276.780145523736));
#11773=CARTESIAN_POINT('',(64.4817523511668,14.,-345.));
#11774=CARTESIAN_POINT('Origin',(64.4817523511667,14.,-347.));
#11775=CARTESIAN_POINT('',(64.4817523511667,14.,-347.));
#11776=CARTESIAN_POINT('Origin',(77.,14.,-345.));
#11777=CARTESIAN_POINT('Origin',(38.5,14.,-278.780145523736));
#11778=CARTESIAN_POINT('Origin',(38.5,5.55111512312578E-16,-4.98601902277796));
#11779=CARTESIAN_POINT('',(64.8272146598869,5.55111512312578E-16,-5.));
#11780=CARTESIAN_POINT('',(64.4817523511668,-5.55111512312578E-16,-5.));
#11781=CARTESIAN_POINT('',(64.4817523511668,-5.55111512312578E-16,-5.));
#11782=CARTESIAN_POINT('',(1.99999999999999,-5.55111512312578E-16,-10.));
#11783=CARTESIAN_POINT('Origin',(38.5,-1.11022302462516E-15,-73.2198544762636));
#11784=CARTESIAN_POINT('Origin',(38.5,2.77555756156289E-16,-71.4127768252238));
#11785=CARTESIAN_POINT('Origin',(38.5,-2.,-71.4127768252238));
#11786=CARTESIAN_POINT('',(64.8272146598869,-2.,-5.));
#11787=CARTESIAN_POINT('Origin',(38.5,-2.,-71.4127768252238));
#11788=CARTESIAN_POINT('',(64.8272146598869,-2.,-5.));
#11789=CARTESIAN_POINT('',(1.99999999999999,-2.,-10.));
#11790=CARTESIAN_POINT('Origin',(0.,-2.,-9.));
#11791=CARTESIAN_POINT('',(77.,-2.,-10.));
#11792=CARTESIAN_POINT('',(-64.4817523511667,-2.,-4.99999999999999));
#11793=CARTESIAN_POINT('Origin',(-38.5,-2.,-73.2198544762641));
#11794=CARTESIAN_POINT('',(-75.,-2.,-4.99999999999999));
#11795=CARTESIAN_POINT('',(-77.,-2.,-4.99999999999999));
#11796=CARTESIAN_POINT('',(-75.,-2.,-3.));
#11797=CARTESIAN_POINT('',(-75.,-2.,-2.054963619066));
#11798=CARTESIAN_POINT('',(-64.4817523511667,-2.,-3.));
#11799=CARTESIAN_POINT('',(-64.4817523511667,-2.,-3.));
#11800=CARTESIAN_POINT('',(-2.00000000000004,-2.,-8.));
#11801=CARTESIAN_POINT('Origin',(-38.5,-2.,-71.2198544762639));
#11802=CARTESIAN_POINT('',(1.99999999999996,-2.,-8.));
#11803=CARTESIAN_POINT('',(-75.,-2.,-8.));
#11804=CARTESIAN_POINT('',(64.4817523511668,-2.,-3.));
#11805=CARTESIAN_POINT('Origin',(38.5,-2.,-71.219854476264));
#11806=CARTESIAN_POINT('',(75.,-2.,-3.));
#11807=CARTESIAN_POINT('',(77.,-2.,-3.));
#11808=CARTESIAN_POINT('',(75.,-2.,-5.));
#11809=CARTESIAN_POINT('',(75.,-2.,-2.054963619066));
#11810=CARTESIAN_POINT('',(64.4817523511668,-2.,-5.));
#11811=CARTESIAN_POINT('Origin',(75.,-14.,0.));
#11812=CARTESIAN_POINT('',(75.,-6.,-5.));
#11813=CARTESIAN_POINT('',(75.,-14.,-3.));
#11814=CARTESIAN_POINT('',(75.,-14.,-3.));
#11815=CARTESIAN_POINT('',(75.,-14.,0.));
#11816=CARTESIAN_POINT('',(75.,-14.,0.));
#11817=CARTESIAN_POINT('',(75.,14.,0.));
#11818=CARTESIAN_POINT('',(75.,14.,0.));
#11819=CARTESIAN_POINT('',(75.,14.,-2.99999999999999));
#11820=CARTESIAN_POINT('',(75.,14.,0.));
#11821=CARTESIAN_POINT('',(75.,2.,-2.99999999999999));
#11822=CARTESIAN_POINT('',(75.,-1.11022302462516E-15,-2.99999999999999));
#11823=CARTESIAN_POINT('',(75.,2.,-1.99999999999999));
#11824=CARTESIAN_POINT('Origin',(77.,-2.,-10.));
#11825=CARTESIAN_POINT('',(-2.,2.,-10.));
#11826=CARTESIAN_POINT('',(1.99999999999999,2.,-10.));
#11827=CARTESIAN_POINT('',(77.,2.,-10.));
#11828=CARTESIAN_POINT('Origin',(-75.,14.,0.));
#11829=CARTESIAN_POINT('',(-75.,8.,-5.));
#11830=CARTESIAN_POINT('',(-75.,2.,-3.));
#11831=CARTESIAN_POINT('',(-75.,2.,-1.554963619066));
#11832=CARTESIAN_POINT('',(-75.,14.,-3.));
#11833=CARTESIAN_POINT('',(-75.,14.,-3.));
#11834=CARTESIAN_POINT('',(-75.,14.,0.));
#11835=CARTESIAN_POINT('',(-75.,14.,0.));
#11836=CARTESIAN_POINT('',(-75.,-14.,0.));
#11837=CARTESIAN_POINT('',(-75.,-14.,0.));
#11838=CARTESIAN_POINT('',(-75.,-14.,-3.));
#11839=CARTESIAN_POINT('',(-75.,-14.,0.));
#11840=CARTESIAN_POINT('',(-75.,1.11022302462516E-15,-3.));
#11841=CARTESIAN_POINT('Origin',(-77.,-14.,-3.));
#11842=CARTESIAN_POINT('',(-64.4817523511667,-14.,-3.));
#11843=CARTESIAN_POINT('',(-77.,-14.,-3.));
#11844=CARTESIAN_POINT('',(-64.4817523511667,-14.,-3.));
#11845=CARTESIAN_POINT('Origin',(77.,-14.,-5.));
#11846=CARTESIAN_POINT('',(64.4817523511668,-2.,-5.));
#11847=CARTESIAN_POINT('',(64.4817523511668,-14.,-5.));
#11848=CARTESIAN_POINT('',(64.4817523511668,-2.,-5.));
#11849=CARTESIAN_POINT('',(77.,-2.,-5.));
#11850=CARTESIAN_POINT('Origin',(38.5,-14.,-73.2198544762639));
#11851=CARTESIAN_POINT('Origin',(38.5,-2.,-73.219854476264));
#11852=CARTESIAN_POINT('Origin',(-4.44089209850063E-15,-14.,-4.109927238132));
#11853=CARTESIAN_POINT('',(-54.5228689185108,-14.,0.));
#11854=CARTESIAN_POINT('',(-22.4771310814892,-14.,0.));
#11855=CARTESIAN_POINT('',(-0.999999999999996,-14.,0.));
#11856=CARTESIAN_POINT('Origin',(-38.5,-14.,-71.2198544762639));
#11857=CARTESIAN_POINT('Origin',(-4.44089209850063E-15,-14.,-4.109927238132));
#11858=CARTESIAN_POINT('',(22.4771310814893,-14.,0.));
#11859=CARTESIAN_POINT('',(54.5228689185107,-14.,0.));
#11860=CARTESIAN_POINT('',(-0.999999999999996,-14.,0.));
#11861=CARTESIAN_POINT('Origin',(38.5,-14.,-71.219854476264));
#11862=CARTESIAN_POINT('Origin',(-64.4817523511667,-14.,-4.99999999999999));
#11863=CARTESIAN_POINT('',(-64.4817523511667,-14.,-4.99999999999999));
#11864=CARTESIAN_POINT('',(-75.,-2.,-5.));
#11865=CARTESIAN_POINT('Origin',(-38.5,-14.,-73.2198544762641));
#11866=CARTESIAN_POINT('Origin',(64.4817523511668,-14.,-3.));
#11867=CARTESIAN_POINT('',(64.4817523511668,-14.,-3.));
#11868=CARTESIAN_POINT('',(64.4817523511668,-14.,-3.));
#11869=CARTESIAN_POINT('',(-6.2591238244166,-14.,-3.));
#11870=CARTESIAN_POINT('Origin',(38.5,-14.,-71.219854476264));
#11871=CARTESIAN_POINT('Origin',(38.5,-14.,-71.219854476264));
#11872=CARTESIAN_POINT('',(1.99999999999996,-14.,-8.));
#11873=CARTESIAN_POINT('',(1.99999999999996,-14.,-8.00000000000001));
#11874=CARTESIAN_POINT('Origin',(38.5,-14.,-71.219854476264));
#11875=CARTESIAN_POINT('Origin',(-38.5,-14.,-71.2198544762639));
#11876=CARTESIAN_POINT('',(-2.00000000000004,-14.,-8.));
#11877=CARTESIAN_POINT('Origin',(-38.5,-14.,-71.2198544762639));
#11878=CARTESIAN_POINT('',(-2.,-14.,-8.00000000000001));
#11879=CARTESIAN_POINT('Origin',(-38.5,-14.,-71.2198544762639));
#11880=CARTESIAN_POINT('Origin',(-77.,-14.,-10.));
#11881=CARTESIAN_POINT('',(-0.999999999999996,-14.,0.));
#11882=CARTESIAN_POINT('',(-76.,-14.,-8.));
#11883=CARTESIAN_POINT('Origin',(-77.,-14.,-10.));
#11884=CARTESIAN_POINT('',(-0.999999999999996,-14.,0.));
#11885=CARTESIAN_POINT('Origin',(-75.,-14.,-8.));
#11886=CARTESIAN_POINT('Origin',(-64.4817523511667,2.,-5.));
#11887=CARTESIAN_POINT('',(-77.,-2.,-4.99999999999999));
#11888=CARTESIAN_POINT('',(-64.4817523511667,2.,-5.));
#11889=CARTESIAN_POINT('Origin',(-38.5,2.,-73.2198544762647));
#11890=CARTESIAN_POINT('Origin',(-38.5,-2.,-73.2198544762641));
#11891=CARTESIAN_POINT('Origin',(-4.44089209850063E-15,2.,-8.99999999999999));
#11892=CARTESIAN_POINT('Origin',(-38.5,2.,-73.2198544762641));
#11893=CARTESIAN_POINT('Origin',(38.5,2.,-73.219854476264));
#11894=CARTESIAN_POINT('',(77.,2.,-5.));
#11895=CARTESIAN_POINT('',(64.4817523511667,2.,-2.99999999999997));
#11896=CARTESIAN_POINT('',(58.4542486035505,2.,-2.99999999999995));
#11897=CARTESIAN_POINT('',(1.99999999999997,2.,-8.));
#11898=CARTESIAN_POINT('Origin',(38.5,2.,-71.2198544762641));
#11899=CARTESIAN_POINT('',(-2.00000000000004,2.,-8.));
#11900=CARTESIAN_POINT('',(-75.,2.,-7.99999999999997));
#11901=CARTESIAN_POINT('',(-64.481752351167,2.,-3.00000000000004));
#11902=CARTESIAN_POINT('Origin',(-38.5,2.,-71.219854476264));
#11903=CARTESIAN_POINT('',(-77.,2.,-3.));
#11904=CARTESIAN_POINT('',(-64.4817523511667,2.,-4.99999999999999));
#11905=CARTESIAN_POINT('Origin',(-77.,14.,-5.));
#11906=CARTESIAN_POINT('',(-64.4817523511667,14.,-4.99999999999999));
#11907=CARTESIAN_POINT('Origin',(-38.5,14.,-73.2198544762641));
#11908=CARTESIAN_POINT('Origin',(-39.5,14.,-3.109927238132));
#11909=CARTESIAN_POINT('',(-22.4771310814893,14.,0.));
#11910=CARTESIAN_POINT('',(-54.5228689185107,14.,0.));
#11911=CARTESIAN_POINT('',(-0.999999999999996,14.,0.));
#11912=CARTESIAN_POINT('Origin',(-38.5,14.,-71.219854476264));
#11913=CARTESIAN_POINT('Origin',(-64.481752351167,14.,-3.));
#11914=CARTESIAN_POINT('',(-64.481752351167,14.,-3.00000000000004));
#11915=CARTESIAN_POINT('',(-64.481752351167,14.,-3.00000000000004));
#11916=CARTESIAN_POINT('',(-70.7408761755835,14.,-2.99999999999997));
#11917=CARTESIAN_POINT('Origin',(-38.5,14.,-71.219854476264));
#11918=CARTESIAN_POINT('Origin',(-38.5,14.,-71.219854476264));
#11919=CARTESIAN_POINT('',(-2.00000000000004,14.,-8.));
#11920=CARTESIAN_POINT('',(-2.0000000000001,14.,-7.99999999999997));
#11921=CARTESIAN_POINT('Origin',(-38.5,14.,-71.219854476264));
#11922=CARTESIAN_POINT('Origin',(-77.,14.,-340.));
#11923=CARTESIAN_POINT('',(1.99999999999997,14.,-8.));
#11924=CARTESIAN_POINT('',(-76.,14.,-7.99999999999997));
#11925=CARTESIAN_POINT('',(22.4771310814893,14.,0.));
#11926=CARTESIAN_POINT('Origin',(38.5,14.,-71.2198544762641));
#11927=CARTESIAN_POINT('',(-0.999999999999996,14.,0.));
#11928=CARTESIAN_POINT('Origin',(-77.,14.,-340.));
#11929=CARTESIAN_POINT('',(-0.999999999999996,14.,0.));
#11930=CARTESIAN_POINT('Origin',(-75.,2.,-7.99999999999997));
#11931=CARTESIAN_POINT('',(1.99999999999997,8.,-7.99999999999997));
#11932=CARTESIAN_POINT('Origin',(77.,2.,-5.));
#11933=CARTESIAN_POINT('',(64.4817523511668,2.,-5.));
#11934=CARTESIAN_POINT('',(64.4817523511668,-2.,-5.));
#11935=CARTESIAN_POINT('Origin',(38.5,2.,-73.2198544762636));
#11936=CARTESIAN_POINT('Origin',(77.,14.,-3.));
#11937=CARTESIAN_POINT('',(64.4817523511667,14.,-2.99999999999997));
#11938=CARTESIAN_POINT('',(64.4817523511667,14.,-2.99999999999997));
#11939=CARTESIAN_POINT('',(4.07924311347081E-13,14.,-2.99999999999979));
#11940=CARTESIAN_POINT('Origin',(38.5,14.,-71.2198544762641));
#11941=CARTESIAN_POINT('',(54.5228689185107,14.,0.));
#11942=CARTESIAN_POINT('Origin',(38.5,14.,-71.2198544762641));
#11943=CARTESIAN_POINT('Origin',(38.5,14.,-71.2198544762641));
#11944=CARTESIAN_POINT('Origin',(-77.,14.,-340.));
#11945=CARTESIAN_POINT('',(-0.999999999999996,14.,0.));
#11946=CARTESIAN_POINT('Origin',(77.,14.,-5.));
#11947=CARTESIAN_POINT('',(64.4817523511668,14.,-5.00000000000002));
#11948=CARTESIAN_POINT('Origin',(38.5,14.,-73.219854476264));
#11949=CARTESIAN_POINT('Origin',(38.5,14.,-4.10992723813201));
#11950=CARTESIAN_POINT('',(-0.999999999999996,14.,0.));
#11951=CARTESIAN_POINT('Origin',(-47.9,0.965999999999993,67.5));
#11952=CARTESIAN_POINT('',(-47.9,0.965999999999993,66.45));
#11953=CARTESIAN_POINT('Origin',(-47.9,0.965999999999993,67.5));
#11954=CARTESIAN_POINT('',(-44.1,0.965999999999993,66.45));
#11955=CARTESIAN_POINT('',(-47.9,0.965999999999993,66.45));
#11956=CARTESIAN_POINT('Origin',(-44.1,0.965999999999993,67.5));
#11957=CARTESIAN_POINT('Origin',(-14.394,-29.9,67.5));
#11958=CARTESIAN_POINT('',(-15.444,-29.9,67.5));
#11959=CARTESIAN_POINT('Origin',(-14.394,-29.9,67.5));
#11960=CARTESIAN_POINT('',(-15.444,-26.1,67.5));
#11961=CARTESIAN_POINT('',(-15.444,-29.9,67.5));
#11962=CARTESIAN_POINT('Origin',(-14.394,-26.1,67.5));
#11963=CARTESIAN_POINT('Origin',(47.9,-8.16199999999999,67.5));
#11964=CARTESIAN_POINT('',(47.9,-8.16199999999999,68.55));
#11965=CARTESIAN_POINT('Origin',(47.9,-8.16199999999999,67.5));
#11966=CARTESIAN_POINT('',(44.1,-8.16199999999999,68.55));
#11967=CARTESIAN_POINT('',(47.9,-8.16199999999999,68.55));
#11968=CARTESIAN_POINT('Origin',(44.1,-8.16199999999999,67.5));
#11969=CARTESIAN_POINT('Origin',(14.2579999999998,29.9,67.8826360802722));
#11970=CARTESIAN_POINT('',(13.2079999999998,29.9,67.8826360802722));
#11971=CARTESIAN_POINT('Origin',(14.2579999999998,29.9,67.8826360802722));
#11972=CARTESIAN_POINT('',(13.2079999999998,26.1,67.8826360802722));
#11973=CARTESIAN_POINT('',(13.2079999999998,29.9,67.8826360802722));
#11974=CARTESIAN_POINT('Origin',(14.2579999999998,26.1,67.8826360802722));
#11975=CARTESIAN_POINT('Origin',(47.9,-8.03700000000003,-409.));
#11976=CARTESIAN_POINT('',(47.9,-8.03700000000003,-407.95));
#11977=CARTESIAN_POINT('Origin',(47.9,-8.03700000000003,-409.));
#11978=CARTESIAN_POINT('',(44.1,-8.03700000000003,-407.95));
#11979=CARTESIAN_POINT('',(47.9,-8.03700000000003,-407.95));
#11980=CARTESIAN_POINT('Origin',(44.1,-8.03700000000003,-409.));
#11981=CARTESIAN_POINT('Origin',(-15.393,-29.9,-409.));
#11982=CARTESIAN_POINT('',(-16.443,-29.9,-409.));
#11983=CARTESIAN_POINT('Origin',(-15.393,-29.9,-409.));
#11984=CARTESIAN_POINT('',(-16.443,-26.1,-409.));
#11985=CARTESIAN_POINT('',(-16.443,-29.9,-409.));
#11986=CARTESIAN_POINT('Origin',(-15.393,-26.1,-409.));
#11987=CARTESIAN_POINT('Origin',(-47.9,0.963000000000016,-409.));
#11988=CARTESIAN_POINT('',(-47.9,0.963000000000016,-410.05));
#11989=CARTESIAN_POINT('Origin',(-47.9,0.963000000000016,-409.));
#11990=CARTESIAN_POINT('',(-44.1,0.963000000000016,-410.05));
#11991=CARTESIAN_POINT('',(-47.9,0.963000000000016,-410.05));
#11992=CARTESIAN_POINT('Origin',(-44.1,0.963000000000016,-409.));
#11993=CARTESIAN_POINT('Origin',(15.393,29.9,-409.));
#11994=CARTESIAN_POINT('',(14.343,29.9,-409.));
#11995=CARTESIAN_POINT('Origin',(15.393,29.9,-409.));
#11996=CARTESIAN_POINT('',(14.343,26.1,-409.));
#11997=CARTESIAN_POINT('',(14.343,29.9,-409.));
#11998=CARTESIAN_POINT('Origin',(15.393,26.1,-409.));
#11999=CARTESIAN_POINT('Origin',(48.4875600727655,-2.,-330.156612435235));
#12000=CARTESIAN_POINT('',(41.4870806799731,-3.,-339.999185363457));
#12001=CARTESIAN_POINT('',(41.4870806799731,-2.,-339.999185363457));
#12002=CARTESIAN_POINT('',(41.4870806799731,-14.,-339.999185363457));
#12003=CARTESIAN_POINT('',(51.7429198311373,-3.,-325.579623627531));
#12004=CARTESIAN_POINT('',(41.4865012739205,-2.,-340.));
#12005=CARTESIAN_POINT('Origin',(59.8062923753428,-3.,-324.422309194909));
#12006=CARTESIAN_POINT('Origin',(40.9679593271795,-3.,-309.003532232396));
#12007=CARTESIAN_POINT('Origin',(40.9679593271795,-14.,-309.003532232396));
#12008=CARTESIAN_POINT('Origin',(40.9679593271795,-2.,-309.003532232396));
#12009=CARTESIAN_POINT('Origin',(75.,14.,-350.));
#12010=CARTESIAN_POINT('',(44.,3.716,-404.));
#12011=CARTESIAN_POINT('',(75.,14.,-350.));
#12012=CARTESIAN_POINT('',(44.,-10.784,-404.));
#12013=CARTESIAN_POINT('',(44.,3.716,-404.));
#12014=CARTESIAN_POINT('',(75.,-14.,-350.));
#12015=CARTESIAN_POINT('Ctrl Pts',(75.,-14.,-350.));
#12016=CARTESIAN_POINT('Ctrl Pts',(64.6666666666667,-12.928,-368.));
#12017=CARTESIAN_POINT('Ctrl Pts',(54.3333333333333,-11.856,-386.));
#12018=CARTESIAN_POINT('Ctrl Pts',(44.,-10.784,-404.));
#12019=CARTESIAN_POINT('Ctrl Pts',(73.6173061846526,-17.7891511215629,-350.));
#12020=CARTESIAN_POINT('Ctrl Pts',(63.7090307552569,-16.2021845149185,-368.));
#12021=CARTESIAN_POINT('Ctrl Pts',(53.8007467453105,-14.6158167492136,-386.));
#12022=CARTESIAN_POINT('Ctrl Pts',(43.8924713159148,-13.0288501425691,-404.));
#12023=CARTESIAN_POINT('Ctrl Pts',(69.5282214542331,-24.8836732011817,-350.));
#12024=CARTESIAN_POINT('Ctrl Pts',(60.5910320461157,-22.4129179549652,-368.));
#12025=CARTESIAN_POINT('Ctrl Pts',(51.653657152602,-19.9423783546894,-386.));
#12026=CARTESIAN_POINT('Ctrl Pts',(42.7164677444846,-17.4716231084729,-404.));
#12027=CARTESIAN_POINT('Ctrl Pts',(60.9340795624423,-32.1563403280128,-350.));
#12028=CARTESIAN_POINT('Ctrl Pts',(53.5374126383442,-28.8990142847498,-368.));
#12029=CARTESIAN_POINT('Ctrl Pts',(46.1406629841779,-25.6419352713944,-386.));
#12030=CARTESIAN_POINT('Ctrl Pts',(38.7439960600799,-22.3846092281314,-404.));
#12031=CARTESIAN_POINT('Ctrl Pts',(51.5654638813354,-36.1120797137069,-350.));
#12032=CARTESIAN_POINT('Ctrl Pts',(45.6472657173576,-32.4813696404852,-368.));
#12033=CARTESIAN_POINT('Ctrl Pts',(39.7291339343536,-28.8506233044363,-386.));
#12034=CARTESIAN_POINT('Ctrl Pts',(33.8109357703758,-25.2199132312147,-404.));
#12035=CARTESIAN_POINT('Ctrl Pts',(45.5249832396523,-36.9672146388107,-350.));
#12036=CARTESIAN_POINT('Ctrl Pts',(40.506908633174,-33.2844446188048,-368.));
#12037=CARTESIAN_POINT('Ctrl Pts',(35.48869627877,-29.6017915283086,-386.));
#12038=CARTESIAN_POINT('Ctrl Pts',(30.4706216722917,-25.9190215083026,-404.));
#12039=CARTESIAN_POINT('Ctrl Pts',(42.5,-37.,-350.));
#12040=CARTESIAN_POINT('Ctrl Pts',(37.929,-33.3333333333333,-368.));
#12041=CARTESIAN_POINT('Ctrl Pts',(33.358,-29.6666666666667,-386.));
#12042=CARTESIAN_POINT('Ctrl Pts',(28.787,-26.,-404.));
#12043=CARTESIAN_POINT('',(28.787,-26.,-404.));
#12044=CARTESIAN_POINT('Origin',(28.0183238776194,-10.0184751347413,-404.));
#12045=CARTESIAN_POINT('',(42.5,-37.,-350.));
#12046=CARTESIAN_POINT('Ctrl Pts',(49.2449987510429,-36.2687375665643,-350.));
#12047=CARTESIAN_POINT('Ctrl Pts',(47.0273348132406,-36.7295697403527,-350.));
#12048=CARTESIAN_POINT('Ctrl Pts',(44.764996957603,-36.9754515190781,-350.));
#12049=CARTESIAN_POINT('Ctrl Pts',(42.5,-37.,-350.));
#12050=CARTESIAN_POINT('Origin',(42.5,-37.,-350.));
#12051=CARTESIAN_POINT('',(-28.787,-26.,-404.));
#12052=CARTESIAN_POINT('',(28.787,-26.,-404.));
#12053=CARTESIAN_POINT('',(-42.5,-37.,-350.));
#12054=CARTESIAN_POINT('Ctrl Pts',(-42.5,-37.,-350.));
#12055=CARTESIAN_POINT('Ctrl Pts',(-37.929,-33.3333333333333,-368.));
#12056=CARTESIAN_POINT('Ctrl Pts',(-33.358,-29.6666666666667,-386.));
#12057=CARTESIAN_POINT('Ctrl Pts',(-28.787,-26.,-404.));
#12058=CARTESIAN_POINT('Ctrl Pts',(-46.5333109862031,-36.956286185081,-350.));
#12059=CARTESIAN_POINT('Ctrl Pts',(-41.3662411471304,-33.2684314968524,
-368.));
#12060=CARTESIAN_POINT('Ctrl Pts',(-36.1992642935316,-29.5803942179264,
-386.));
#12061=CARTESIAN_POINT('Ctrl Pts',(-31.0321944544589,-25.8925395296978,
-404.));
#12062=CARTESIAN_POINT('Ctrl Pts',(-54.5839531135874,-35.4596169469716,
-350.));
#12063=CARTESIAN_POINT('Ctrl Pts',(-48.2145825977912,-31.8785079900253,
-368.));
#12064=CARTESIAN_POINT('Ctrl Pts',(-41.8450478577093,-28.2974836011057,
-386.));
#12065=CARTESIAN_POINT('Ctrl Pts',(-35.4756773419131,-24.7163746441594,
-404.));
#12066=CARTESIAN_POINT('Ctrl Pts',(-64.3009685163408,-29.7736189129475,
-350.));
#12067=CARTESIAN_POINT('Ctrl Pts',(-56.330400053569,-26.7633937407637,-368.));
#12068=CARTESIAN_POINT('Ctrl Pts',(-48.3597781072231,-23.7532139083729,
-386.));
#12069=CARTESIAN_POINT('Ctrl Pts',(-40.3892096444513,-20.7429887361892,
-404.));
#12070=CARTESIAN_POINT('Ctrl Pts',(-71.1474804226521,-22.2540372369017,
-350.));
#12071=CARTESIAN_POINT('Ctrl Pts',(-61.8397635392066,-20.1056407308736,
-368.));
#12072=CARTESIAN_POINT('Ctrl Pts',(-52.5321074120283,-17.9572341599091,
-386.));
#12073=CARTESIAN_POINT('Ctrl Pts',(-43.2243905285828,-15.808837653881,-404.));
#12074=CARTESIAN_POINT('Ctrl Pts',(-73.9629796384895,-16.8418633411722,
-350.));
#12075=CARTESIAN_POINT('Ctrl Pts',(-63.9497224921776,-15.3838025074947,
-368.));
#12076=CARTESIAN_POINT('Ctrl Pts',(-53.9363236441051,-13.925952730726,-386.));
#12077=CARTESIAN_POINT('Ctrl Pts',(-43.9230664977932,-12.4678918970485,
-404.));
#12078=CARTESIAN_POINT('Ctrl Pts',(-75.,-14.,-350.));
#12079=CARTESIAN_POINT('Ctrl Pts',(-64.6679147356361,-12.928,-368.));
#12080=CARTESIAN_POINT('Ctrl Pts',(-54.3358294712721,-11.856,-386.));
#12081=CARTESIAN_POINT('Ctrl Pts',(-44.0037442069082,-10.784,-404.));
#12082=CARTESIAN_POINT('Ctrl Pts',(-42.5,-37.,-350.));
#12083=CARTESIAN_POINT('Ctrl Pts',(-44.764996957603,-36.9754515190781,-350.));
#12084=CARTESIAN_POINT('Ctrl Pts',(-47.0274741829549,-36.7286911503075,
-350.));
#12085=CARTESIAN_POINT('Ctrl Pts',(-49.2452924866951,-36.267683116881,-350.));
#12086=CARTESIAN_POINT('',(-44.0037442069082,-10.784,-404.));
#12087=CARTESIAN_POINT('Origin',(-28.022076710512,-10.018295073391,-404.));
#12088=CARTESIAN_POINT('',(-75.,-14.,-350.));
#12089=CARTESIAN_POINT('Origin',(-75.,-14.,-350.));
#12090=CARTESIAN_POINT('',(-44.0037442069082,3.71600000000001,-404.));
#12091=CARTESIAN_POINT('',(-44.0037442069082,-10.784,-404.));
#12092=CARTESIAN_POINT('',(-75.,14.,-350.));
#12093=CARTESIAN_POINT('Ctrl Pts',(-75.,14.,-350.));
#12094=CARTESIAN_POINT('Ctrl Pts',(-64.6679147356361,10.572,-368.));
#12095=CARTESIAN_POINT('Ctrl Pts',(-54.3358294712721,7.144,-386.));
#12096=CARTESIAN_POINT('Ctrl Pts',(-44.0037442069082,3.71600000000001,-404.));
#12097=CARTESIAN_POINT('Ctrl Pts',(-72.0904881099614,18.067307418562,-350.));
#12098=CARTESIAN_POINT('Ctrl Pts',(-62.7432814261403,14.3892903810031,-368.));
#12099=CARTESIAN_POINT('Ctrl Pts',(-53.3937933258119,10.7125124176992,-386.));
#12100=CARTESIAN_POINT('Ctrl Pts',(-44.0465866419908,7.03449538014025,-404.));
#12101=CARTESIAN_POINT('Ctrl Pts',(-65.1551097438498,25.4026766770814,-350.));
#12102=CARTESIAN_POINT('Ctrl Pts',(-57.6382473001129,21.4981338994813,-368.));
#12103=CARTESIAN_POINT('Ctrl Pts',(-50.1204402616014,17.5931513339922,-386.));
#12104=CARTESIAN_POINT('Ctrl Pts',(-42.6035778178645,13.6886085563921,-404.));
#12105=CARTESIAN_POINT('Ctrl Pts',(-52.1728069225198,33.1979351459269,-350.));
#12106=CARTESIAN_POINT('Ctrl Pts',(-46.8803042470711,29.3725957643056,-368.));
#12107=CARTESIAN_POINT('Ctrl Pts',(-41.5871057089846,25.548316899469,-386.));
#12108=CARTESIAN_POINT('Ctrl Pts',(-36.2946030335359,21.7229775178477,-404.));
#12109=CARTESIAN_POINT('Ctrl Pts',(-40.0041812488436,36.5378596897623,-350.));
#12110=CARTESIAN_POINT('Ctrl Pts',(-36.2157226398959,32.8392551621791,-368.));
#12111=CARTESIAN_POINT('Ctrl Pts',(-32.4271344298522,29.1397689448216,-386.));
#12112=CARTESIAN_POINT('Ctrl Pts',(-28.6386758209045,25.4411644172383,-404.));
#12113=CARTESIAN_POINT('Ctrl Pts',(-32.5003829569149,37.0121382705147,-350.));
#12114=CARTESIAN_POINT('Ctrl Pts',(-29.5533075282441,33.341063450634,-368.));
#12115=CARTESIAN_POINT('Ctrl Pts',(-26.6064613357429,29.6714955031341,-386.));
#12116=CARTESIAN_POINT('Ctrl Pts',(-23.6593859070721,26.0004206832535,-404.));
#12117=CARTESIAN_POINT('Ctrl Pts',(-30.,37.,-350.));
#12118=CARTESIAN_POINT('Ctrl Pts',(-27.3333333333333,33.3333333333333,-368.));
#12119=CARTESIAN_POINT('Ctrl Pts',(-24.6666666666667,29.6666666666667,-386.));
#12120=CARTESIAN_POINT('Ctrl Pts',(-22.,26.,-404.));
#12121=CARTESIAN_POINT('',(-22.,26.,-404.));
#12122=CARTESIAN_POINT('Origin',(-22.0055773833196,4.00000070698193,-404.));
#12123=CARTESIAN_POINT('',(-30.,37.,-350.));
#12124=CARTESIAN_POINT('Origin',(-30.,37.,-350.));
#12125=CARTESIAN_POINT('',(-15.,37.,-350.));
#12126=CARTESIAN_POINT('',(21.9962557930918,26.,-404.));
#12127=CARTESIAN_POINT('',(-22.0037442069082,26.,-404.));
#12128=CARTESIAN_POINT('',(30.,37.,-350.));
#12129=CARTESIAN_POINT('Ctrl Pts',(30.,37.,-350.));
#12130=CARTESIAN_POINT('Ctrl Pts',(27.3320852643639,33.3333333333333,-368.));
#12131=CARTESIAN_POINT('Ctrl Pts',(24.6641705287279,29.6666666666667,-386.));
#12132=CARTESIAN_POINT('Ctrl Pts',(21.9962557930918,26.,-404.));
#12133=CARTESIAN_POINT('Ctrl Pts',(34.9860963145112,36.9341241391759,-350.));
#12134=CARTESIAN_POINT('Ctrl Pts',(31.762202122972,33.290458942548,-368.));
#12135=CARTESIAN_POINT('Ctrl Pts',(28.5389217624704,29.6445064313392,-386.));
#12136=CARTESIAN_POINT('Ctrl Pts',(25.3150275709312,26.0008412347113,-404.));
#12137=CARTESIAN_POINT('Ctrl Pts',(44.9404280546204,35.4858932018163,-350.));
#12138=CARTESIAN_POINT('Ctrl Pts',(40.610636217757,31.8154390353965,-368.));
#12139=CARTESIAN_POINT('Ctrl Pts',(36.2801374198595,28.1441891466734,-386.));
#12140=CARTESIAN_POINT('Ctrl Pts',(31.9503455829961,24.4737349802536,-404.));
#12141=CARTESIAN_POINT('Ctrl Pts',(58.7979838933744,29.5151401596256,-350.));
#12142=CARTESIAN_POINT('Ctrl Pts',(52.4997516769684,25.6982412055818,-368.));
#12143=CARTESIAN_POINT('Ctrl Pts',(46.2024591722057,21.8804848854246,-386.));
#12144=CARTESIAN_POINT('Ctrl Pts',(39.9042269557997,18.0635859313808,-404.));
#12145=CARTESIAN_POINT('Ctrl Pts',(68.6586001830186,21.7130825382822,-350.));
#12146=CARTESIAN_POINT('Ctrl Pts',(60.2811457880076,17.9290968545505,-368.));
#12147=CARTESIAN_POINT('Ctrl Pts',(51.9026799980262,14.1452018692502,-386.));
#12148=CARTESIAN_POINT('Ctrl Pts',(43.5252256030152,10.3612161855184,-404.));
#12149=CARTESIAN_POINT('Ctrl Pts',(73.513006437272,16.0013056153573,-350.));
#12150=CARTESIAN_POINT('Ctrl Pts',(63.6819050290655,12.459332000035,-368.));
#12151=CARTESIAN_POINT('Ctrl Pts',(53.8525225596256,8.91722128807545,-386.));
#12152=CARTESIAN_POINT('Ctrl Pts',(44.021421151419,5.37524767275314,-404.));
#12153=CARTESIAN_POINT('Ctrl Pts',(75.,14.,-350.));
#12154=CARTESIAN_POINT('Ctrl Pts',(64.6666666666667,10.572,-368.));
#12155=CARTESIAN_POINT('Ctrl Pts',(54.3333333333333,7.144,-386.));
#12156=CARTESIAN_POINT('Ctrl Pts',(44.,3.716,-404.));
#12157=CARTESIAN_POINT('Ctrl Pts',(30.,37.,-350.));
#12158=CARTESIAN_POINT('Ctrl Pts',(34.9860963145112,36.9341241391759,-350.));
#12159=CARTESIAN_POINT('Ctrl Pts',(44.9404280546204,35.4858932018163,-350.));
#12160=CARTESIAN_POINT('Ctrl Pts',(58.7979838933744,29.5151401596256,-350.));
#12161=CARTESIAN_POINT('Ctrl Pts',(68.6586001830186,21.7130825382822,-350.));
#12162=CARTESIAN_POINT('Ctrl Pts',(73.513006437272,16.0013056153573,-350.));
#12163=CARTESIAN_POINT('Ctrl Pts',(75.,14.,-350.));
#12164=CARTESIAN_POINT('Origin',(22.0018323030231,3.99999984457787,-404.));
#12165=CARTESIAN_POINT('Origin',(-4.44089209850063E-15,-0.93639142400937,
-350.));
#12166=CARTESIAN_POINT('Origin',(-4.44089209850063E-15,-0.93639142400937,
-350.));
#12167=CARTESIAN_POINT('Origin',(-4.44089209850063E-15,-0.93639142400937,
-350.));
#12168=CARTESIAN_POINT('Origin',(-0.00802726630977579,-0.874992879644428,
0.));
#12169=CARTESIAN_POINT('Origin',(30.,-18.5217391304348,0.));
#12170=CARTESIAN_POINT('Origin',(-30.2669979052387,-17.999351924533,0.));
#12171=CARTESIAN_POINT('Origin',(-0.00802726630977579,-0.874992879644428,
0.));
#12172=CARTESIAN_POINT('',(-0.999999999999996,-14.,0.));
#12173=CARTESIAN_POINT('Origin',(-42.8280430494009,-3.0015825698057,0.));
#12174=CARTESIAN_POINT('Origin',(42.8280430494009,-3.0015825698057,0.));
#12175=CARTESIAN_POINT('Origin',(44.,-10.784,54.));
#12176=CARTESIAN_POINT('',(44.,3.716,54.));
#12177=CARTESIAN_POINT('',(44.,-10.784,54.));
#12178=CARTESIAN_POINT('',(44.,-10.784,54.));
#12179=CARTESIAN_POINT('',(44.,3.716,54.));
#12180=CARTESIAN_POINT('',(44.,-10.784,54.));
#12181=CARTESIAN_POINT('Ctrl Pts',(44.,3.716,54.));
#12182=CARTESIAN_POINT('Ctrl Pts',(54.3333333333333,7.14400000000001,36.));
#12183=CARTESIAN_POINT('Ctrl Pts',(64.6666666666667,10.572,18.));
#12184=CARTESIAN_POINT('Ctrl Pts',(75.,14.,0.));
#12185=CARTESIAN_POINT('Ctrl Pts',(44.,7.02272988863427,54.));
#12186=CARTESIAN_POINT('Ctrl Pts',(53.3569707861483,10.6988568520536,36.));
#12187=CARTESIAN_POINT('Ctrl Pts',(62.7160916754107,14.3738467695841,18.));
#12188=CARTESIAN_POINT('Ctrl Pts',(72.0730624615589,18.0499737330034,0.));
#12189=CARTESIAN_POINT('Ctrl Pts',(42.50330286471,13.6337169819717,54.));
#12190=CARTESIAN_POINT('Ctrl Pts',(50.041815117584,17.5403932392869,36.));
#12191=CARTESIAN_POINT('Ctrl Pts',(57.5807065928134,21.447636568609,18.));
#12192=CARTESIAN_POINT('Ctrl Pts',(65.1192188456874,25.3543128259242,0.));
#12193=CARTESIAN_POINT('Ctrl Pts',(36.2078488086318,21.6210020748928,54.));
#12194=CARTESIAN_POINT('Ctrl Pts',(41.5197471098079,25.4586034818048,36.));
#12195=CARTESIAN_POINT('Ctrl Pts',(46.8320749602031,29.2953170961328,18.));
#12196=CARTESIAN_POINT('Ctrl Pts',(52.1439732613792,33.1329185030449,0.));
#12197=CARTESIAN_POINT('Ctrl Pts',(28.6069868305508,25.3657442762468,54.));
#12198=CARTESIAN_POINT('Ctrl Pts',(32.4026841827643,29.075161876909,36.));
#12199=CARTESIAN_POINT('Ctrl Pts',(36.1983697111128,32.7854794944951,18.));
#12200=CARTESIAN_POINT('Ctrl Pts',(39.9940670633262,36.4948970951573,0.));
#12201=CARTESIAN_POINT('Ctrl Pts',(23.653228949031,25.9787943124896,54.));
#12202=CARTESIAN_POINT('Ctrl Pts',(26.6017176238531,29.6529978015478,36.));
#12203=CARTESIAN_POINT('Ctrl Pts',(29.5499733817215,33.3257965109418,18.));
#12204=CARTESIAN_POINT('Ctrl Pts',(32.4984620565437,37.,0.));
#12205=CARTESIAN_POINT('Ctrl Pts',(22.,26.,54.));
#12206=CARTESIAN_POINT('Ctrl Pts',(24.6666666666667,29.6666666666667,36.));
#12207=CARTESIAN_POINT('Ctrl Pts',(27.3333333333333,33.3333333333333,18.));
#12208=CARTESIAN_POINT('Ctrl Pts',(30.,37.,0.));
#12209=CARTESIAN_POINT('',(22.,26.,54.));
#12210=CARTESIAN_POINT('Origin',(21.7141669090909,3.716,54.));
#12211=CARTESIAN_POINT('',(22.,26.,54.));
#12212=CARTESIAN_POINT('Ctrl Pts',(73.4844398536438,15.9998437889061,0.));
#12213=CARTESIAN_POINT('Ctrl Pts',(70.8971001992429,19.2578827984451,0.));
#12214=CARTESIAN_POINT('Ctrl Pts',(64.3951971260271,25.7883608308205,0.));
#12215=CARTESIAN_POINT('Ctrl Pts',(52.1439732613792,33.1329185030449,0.));
#12216=CARTESIAN_POINT('Ctrl Pts',(39.9940670633262,36.4948970951573,0.));
#12217=CARTESIAN_POINT('Ctrl Pts',(32.4984620565437,37.,0.));
#12218=CARTESIAN_POINT('Ctrl Pts',(30.,37.,0.));
#12219=CARTESIAN_POINT('Origin',(22.,26.,54.));
#12220=CARTESIAN_POINT('',(-22.,26.,54.));
#12221=CARTESIAN_POINT('',(22.,26.,54.));
#12222=CARTESIAN_POINT('',(-22.,26.,54.));
#12223=CARTESIAN_POINT('',(-30.,37.,0.));
#12224=CARTESIAN_POINT('Ctrl Pts',(-22.,26.,54.));
#12225=CARTESIAN_POINT('Ctrl Pts',(-24.6666666666667,29.6666666666666,36.));
#12226=CARTESIAN_POINT('Ctrl Pts',(-27.3333333333333,33.3333333333331,18.));
#12227=CARTESIAN_POINT('Ctrl Pts',(-30.,36.9999999999997,0.));
#12228=CARTESIAN_POINT('Ctrl Pts',(-25.3187047035706,26.0002824072022,54.));
#12229=CARTESIAN_POINT('Ctrl Pts',(-28.5462509146058,29.6742223460432,36.));
#12230=CARTESIAN_POINT('Ctrl Pts',(-31.7732197027945,33.3503366021881,18.));
#12231=CARTESIAN_POINT('Ctrl Pts',(-35.0007659138297,37.024276541029,0.));
#12232=CARTESIAN_POINT('Ctrl Pts',(-31.9535993482097,24.4728573492045,54.));
#12233=CARTESIAN_POINT('Ctrl Pts',(-36.304964881498,28.2151937970953,36.));
#12234=CARTESIAN_POINT('Ctrl Pts',(-40.6570428371477,31.9577706577224,18.));
#12235=CARTESIAN_POINT('Ctrl Pts',(-45.008408370436,35.7001071056132,0.));
#12236=CARTESIAN_POINT('Ctrl Pts',(-39.9062966124986,18.0611960541783,54.));
#12237=CARTESIAN_POINT('Ctrl Pts',(-46.2480716490692,21.9552445868507,36.));
#12238=CARTESIAN_POINT('Ctrl Pts',(-52.5889894822994,25.8499062453136,18.));
#12239=CARTESIAN_POINT('Ctrl Pts',(-58.9307645188701,29.7439547779861,0.));
#12240=CARTESIAN_POINT('Ctrl Pts',(-43.5260985858819,10.3583590350068,54.));
#12241=CARTESIAN_POINT('Ctrl Pts',(-51.9388937621572,14.1848903488553,36.));
#12242=CARTESIAN_POINT('Ctrl Pts',(-60.3527037908216,18.0111562140854,18.));
#12243=CARTESIAN_POINT('Ctrl Pts',(-68.7654989670968,21.837687527934,0.));
#12244=CARTESIAN_POINT('Ctrl Pts',(-44.0216470117664,5.37221115419207,54.));
#12245=CARTESIAN_POINT('Ctrl Pts',(-53.8633972899084,8.92596596139035,36.));
#12246=CARTESIAN_POINT('Ctrl Pts',(-63.7034937768385,12.4798989020826,18.));
#12247=CARTESIAN_POINT('Ctrl Pts',(-73.5452440549805,16.0336537092808,0.));
#12248=CARTESIAN_POINT('Ctrl Pts',(-44.,3.713,54.));
#12249=CARTESIAN_POINT('Ctrl Pts',(-54.3333333333333,7.14199999999994,36.));
#12250=CARTESIAN_POINT('Ctrl Pts',(-64.6666666666665,10.5709999999999,18.));
#12251=CARTESIAN_POINT('Ctrl Pts',(-74.9999999999998,13.9999999999998,0.));
#12252=CARTESIAN_POINT('',(-44.,3.71300000000001,54.));
#12253=CARTESIAN_POINT('Origin',(-22.0018721034203,4.00000007965389,54.));
#12254=CARTESIAN_POINT('',(-44.,3.71300000000001,54.));
#12255=CARTESIAN_POINT('Origin',(-44.,3.71300000000001,54.));
#12256=CARTESIAN_POINT('',(-44.,-10.787,54.));
#12257=CARTESIAN_POINT('',(-44.,3.71300000000001,54.));
#12258=CARTESIAN_POINT('',(-44.,-10.787,54.));
#12259=CARTESIAN_POINT('Ctrl Pts',(-44.,-10.787,54.));
#12260=CARTESIAN_POINT('Ctrl Pts',(-54.3333333333333,-11.858,36.));
#12261=CARTESIAN_POINT('Ctrl Pts',(-64.6666666666667,-12.929,18.));
#12262=CARTESIAN_POINT('Ctrl Pts',(-75.,-14.,0.));
#12263=CARTESIAN_POINT('Ctrl Pts',(-43.8920620594197,-13.031557241723,54.));
#12264=CARTESIAN_POINT('Ctrl Pts',(-53.8246278386692,-14.632258920408,36.));
#12265=CARTESIAN_POINT('Ctrl Pts',(-63.757012741461,-16.2324701104762,18.));
#12266=CARTESIAN_POINT('Ctrl Pts',(-73.6895785207106,-17.8331717891613,
0.));
#12267=CARTESIAN_POINT('Ctrl Pts',(-42.7165341294014,-17.4738960079482,
54.));
#12268=CARTESIAN_POINT('Ctrl Pts',(-51.7057795669692,-19.9911793432835,
36.));
#12269=CARTESIAN_POINT('Ctrl Pts',(-60.6951029683919,-22.5083703094688,
18.));
#12270=CARTESIAN_POINT('Ctrl Pts',(-69.6843484059598,-25.0256536448041,
0.));
#12271=CARTESIAN_POINT('Ctrl Pts',(-38.7429344402259,-22.3852103947237,
54.));
#12272=CARTESIAN_POINT('Ctrl Pts',(-46.1835201586945,-25.7107094297022,
36.));
#12273=CARTESIAN_POINT('Ctrl Pts',(-53.6241072605525,-29.0360423382046,
18.));
#12274=CARTESIAN_POINT('Ctrl Pts',(-61.064692979021,-32.3615413731831,0.));
#12275=CARTESIAN_POINT('Ctrl Pts',(-33.8106556417961,-25.2202865703963,
54.));
#12276=CARTESIAN_POINT('Ctrl Pts',(-39.7475898717027,-28.9028314208046,
36.));
#12277=CARTESIAN_POINT('Ctrl Pts',(-45.6845062448048,-32.5854554495297,
18.));
#12278=CARTESIAN_POINT('Ctrl Pts',(-51.6214404747114,-36.268000299938,0.));
#12279=CARTESIAN_POINT('Ctrl Pts',(-30.4704179312923,-25.9190465445647,
54.));
#12280=CARTESIAN_POINT('Ctrl Pts',(-35.4929537608752,-29.6225296755664,
36.));
#12281=CARTESIAN_POINT('Ctrl Pts',(-40.5155551102144,-33.3258307221591,
18.));
#12282=CARTESIAN_POINT('Ctrl Pts',(-45.5380909397972,-37.0293138531608,
0.));
#12283=CARTESIAN_POINT('Ctrl Pts',(-28.787,-26.,54.));
#12284=CARTESIAN_POINT('Ctrl Pts',(-33.358,-29.6666666666667,36.));
#12285=CARTESIAN_POINT('Ctrl Pts',(-37.929,-33.3333333333333,18.));
#12286=CARTESIAN_POINT('Ctrl Pts',(-42.5,-37.,0.));
#12287=CARTESIAN_POINT('',(-28.787,-26.,54.));
#12288=CARTESIAN_POINT('Origin',(-28.0184681940902,-10.0184681940902,54.));
#12289=CARTESIAN_POINT('',(-28.787,-26.,54.));
#12290=CARTESIAN_POINT('Origin',(-28.787,-26.,54.));
#12291=CARTESIAN_POINT('',(28.787,-26.,54.));
#12292=CARTESIAN_POINT('',(-28.787,-26.,54.));
#12293=CARTESIAN_POINT('',(28.787,-26.,54.));
#12294=CARTESIAN_POINT('Ctrl Pts',(28.787,-26.,54.));
#12295=CARTESIAN_POINT('Ctrl Pts',(33.358,-29.6666666666667,36.));
#12296=CARTESIAN_POINT('Ctrl Pts',(37.929,-33.3333333333333,18.));
#12297=CARTESIAN_POINT('Ctrl Pts',(42.5,-37.,0.));
#12298=CARTESIAN_POINT('Ctrl Pts',(31.0318288963889,-25.8920286777368,54.));
#12299=CARTESIAN_POINT('Ctrl Pts',(36.2048007127923,-29.6077056913836,36.));
#12300=CARTESIAN_POINT('Ctrl Pts',(41.3778161033262,-33.3234081239009,18.));
#12301=CARTESIAN_POINT('Ctrl Pts',(46.5507879197297,-37.0390851375477,0.));
#12302=CARTESIAN_POINT('Ctrl Pts',(35.4746905203778,-24.7161977983167,54.));
#12303=CARTESIAN_POINT('Ctrl Pts',(41.8717489700623,-28.3622032957453,36.));
#12304=CARTESIAN_POINT('Ctrl Pts',(48.2688645921737,-32.0080722518351,18.));
#12305=CARTESIAN_POINT('Ctrl Pts',(54.6659230418582,-35.6540777492637,0.));
#12306=CARTESIAN_POINT('Ctrl Pts',(40.3862863865183,-20.7416725977741,54.));
#12307=CARTESIAN_POINT('Ctrl Pts',(48.4078656287513,-23.8161672302014,36.));
#12308=CARTESIAN_POINT('Ctrl Pts',(56.4294663214856,-26.8905510656751,18.));
#12309=CARTESIAN_POINT('Ctrl Pts',(64.4510455637187,-29.9650456981025,0.));
#12310=CARTESIAN_POINT('Ctrl Pts',(43.2210708442054,-15.8084089155928,54.));
#12311=CARTESIAN_POINT('Ctrl Pts',(52.5726923394507,-17.9918185864032,36.));
#12312=CARTESIAN_POINT('Ctrl Pts',(61.9242851177774,-20.1752761315069,18.));
#12313=CARTESIAN_POINT('Ctrl Pts',(71.2759066130227,-22.3586858023173,0.));
#12314=CARTESIAN_POINT('Ctrl Pts',(43.9193534869361,-12.4676376069268,54.));
#12315=CARTESIAN_POINT('Ctrl Pts',(53.9519565752979,-13.9368049051865,36.));
#12316=CARTESIAN_POINT('Ctrl Pts',(63.9845808021711,-15.4057115436113,18.));
#12317=CARTESIAN_POINT('Ctrl Pts',(74.0171838905329,-16.8748788418709,0.));
#12318=CARTESIAN_POINT('Ctrl Pts',(44.,-10.784,54.));
#12319=CARTESIAN_POINT('Ctrl Pts',(54.3333333333333,-11.856,36.));
#12320=CARTESIAN_POINT('Ctrl Pts',(64.6666666666667,-12.928,18.));
#12321=CARTESIAN_POINT('Ctrl Pts',(75.,-14.,0.));
#12322=CARTESIAN_POINT('Origin',(28.0183238776194,-10.0184751347413,54.));
#12323=CARTESIAN_POINT('Origin',(28.0183238776194,-10.0184751347413,55.));
#12324=CARTESIAN_POINT('',(44.,-10.784,55.));
#12325=CARTESIAN_POINT('',(28.787,-26.,55.));
#12326=CARTESIAN_POINT('Origin',(28.0183238776194,-10.0184751347413,55.));
#12327=CARTESIAN_POINT('',(44.,-10.784,55.));
#12328=CARTESIAN_POINT('',(28.787,-26.,55.));
#12329=CARTESIAN_POINT('Origin',(44.,3.716,55.));
#12330=CARTESIAN_POINT('',(44.,3.716,55.));
#12331=CARTESIAN_POINT('',(44.,1.85800000965888,55.));
#12332=CARTESIAN_POINT('',(44.,3.716,55.));
#12333=CARTESIAN_POINT('Origin',(21.7141669090909,3.716,55.));
#12334=CARTESIAN_POINT('',(22.,26.,55.));
#12335=CARTESIAN_POINT('Origin',(21.7141669090909,3.716,55.));
#12336=CARTESIAN_POINT('',(22.,26.,55.));
#12337=CARTESIAN_POINT('Origin',(-22.,26.,55.));
#12338=CARTESIAN_POINT('',(-22.,26.,55.));
#12339=CARTESIAN_POINT('',(-11.0000076477241,26.,55.));
#12340=CARTESIAN_POINT('',(-22.,26.,55.));
#12341=CARTESIAN_POINT('Origin',(-22.0018721034203,4.00000007965389,55.));
#12342=CARTESIAN_POINT('',(-44.,3.71300000000001,55.));
#12343=CARTESIAN_POINT('Origin',(-22.0018721034203,4.00000007965389,55.));
#12344=CARTESIAN_POINT('',(-44.,3.71300000000001,55.));
#12345=CARTESIAN_POINT('Origin',(-44.,-10.787,55.));
#12346=CARTESIAN_POINT('',(-44.,-10.787,55.));
#12347=CARTESIAN_POINT('',(-44.,-5.39349999034112,55.));
#12348=CARTESIAN_POINT('',(-44.,-10.787,55.));
#12349=CARTESIAN_POINT('Origin',(-28.0184681940902,-10.0184681940902,55.));
#12350=CARTESIAN_POINT('',(-28.787,-26.,55.));
#12351=CARTESIAN_POINT('Origin',(-28.0184681940902,-10.0184681940902,55.));
#12352=CARTESIAN_POINT('',(-28.787,-26.,55.));
#12353=CARTESIAN_POINT('Origin',(28.787,-26.,55.));
#12354=CARTESIAN_POINT('',(14.3934923522759,-26.,55.));
#12355=CARTESIAN_POINT('Origin',(-2.00000000000001,-14.,-340.));
#12356=CARTESIAN_POINT('',(-2.00000000000001,-2.,-340.));
#12357=CARTESIAN_POINT('Origin',(1.99999999999996,-14.,-10.));
#12358=CARTESIAN_POINT('',(1.99999999999998,-2.,-175.));
#12359=CARTESIAN_POINT('Origin',(21.9962557930918,26.,-405.));
#12360=CARTESIAN_POINT('',(21.9962557930918,26.,-405.));
#12361=CARTESIAN_POINT('',(-22.,26.,-405.));
#12362=CARTESIAN_POINT('',(10.9981157188486,26.,-405.));
#12363=CARTESIAN_POINT('',(21.9962557930918,26.,-405.));
#12364=CARTESIAN_POINT('',(-22.,26.,-405.));
#12365=CARTESIAN_POINT('Origin',(22.0018323030231,3.99999984457787,-405.));
#12366=CARTESIAN_POINT('',(44.,3.716,-405.));
#12367=CARTESIAN_POINT('Origin',(22.0018323030231,3.99999984457787,-405.));
#12368=CARTESIAN_POINT('',(44.,3.716,-405.));
#12369=CARTESIAN_POINT('Origin',(44.,-10.784,-405.));
#12370=CARTESIAN_POINT('',(44.,-10.784,-405.));
#12371=CARTESIAN_POINT('',(44.,-5.78669674241326,-405.));
#12372=CARTESIAN_POINT('',(44.,-10.784,-405.));
#12373=CARTESIAN_POINT('Origin',(28.0183238776194,-10.0184751347413,-405.));
#12374=CARTESIAN_POINT('',(28.787,-26.,-405.));
#12375=CARTESIAN_POINT('Origin',(28.0183238776194,-10.0184751347413,-405.));
#12376=CARTESIAN_POINT('',(28.787,-26.,-405.));
#12377=CARTESIAN_POINT('Origin',(-28.787,-26.,-405.));
#12378=CARTESIAN_POINT('',(-28.787,-26.,-405.));
#12379=CARTESIAN_POINT('',(-14.3935121776973,-26.,-405.));
#12380=CARTESIAN_POINT('',(-28.787,-26.,-405.));
#12381=CARTESIAN_POINT('Origin',(-28.022076710512,-10.018295073391,-405.));
#12382=CARTESIAN_POINT('',(-44.0037442069082,-10.784,-405.));
#12383=CARTESIAN_POINT('Origin',(-28.022076710512,-10.018295073391,-405.));
#12384=CARTESIAN_POINT('',(-44.0037442069082,-10.784,-405.));
#12385=CARTESIAN_POINT('Origin',(-44.0037442069082,3.71600000000001,-405.));
#12386=CARTESIAN_POINT('',(-44.0037442069082,3.71600000000001,-405.));
#12387=CARTESIAN_POINT('',(-44.0037442069082,1.46330325758675,-405.));
#12388=CARTESIAN_POINT('',(-44.0037442069082,3.71600000000001,-405.));
#12389=CARTESIAN_POINT('Origin',(-22.0055773833196,4.00000070698193,-405.));
#12390=CARTESIAN_POINT('Origin',(-22.0055773833196,4.00000070698193,-405.));
#12391=CARTESIAN_POINT('Origin',(-44.,-1.53699999999998,-430.));
#12392=CARTESIAN_POINT('',(-44.1,-1.53699999999998,-405.));
#12393=CARTESIAN_POINT('',(-44.1,-1.53699999999998,-430.));
#12394=CARTESIAN_POINT('',(-44.1,-1.53699999999998,-417.5));
#12395=CARTESIAN_POINT('',(-47.9,-1.53699999999998,-405.));
#12396=CARTESIAN_POINT('',(-48.,-1.53699999999998,-405.));
#12397=CARTESIAN_POINT('',(-47.9,-1.53699999999998,-430.));
#12398=CARTESIAN_POINT('',(-47.9,-1.53699999999998,-417.5));
#12399=CARTESIAN_POINT('',(-22.0000112142804,-1.53699999999998,-430.));
#12400=CARTESIAN_POINT('Origin',(-48.,-5.53699999999999,-430.));
#12401=CARTESIAN_POINT('',(-44.1,-5.53699999999999,-430.));
#12402=CARTESIAN_POINT('',(-44.1,-5.53699999999999,-405.));
#12403=CARTESIAN_POINT('',(-44.1,-5.53699999999999,-417.5));
#12404=CARTESIAN_POINT('',(-47.9,-5.53699999999999,-430.));
#12405=CARTESIAN_POINT('',(-24.0000112142804,-5.53699999999998,-430.));
#12406=CARTESIAN_POINT('',(-47.9,-5.53699999999999,-405.));
#12407=CARTESIAN_POINT('',(-47.9,-5.53699999999999,-417.5));
#12408=CARTESIAN_POINT('',(-44.,-5.53699999999999,-405.));
#12409=CARTESIAN_POINT('Origin',(-2.99999999999999,-26.,-430.));
#12410=CARTESIAN_POINT('',(-2.99999999999999,-26.1,-405.));
#12411=CARTESIAN_POINT('',(-2.99999999999999,-26.1,-430.));
#12412=CARTESIAN_POINT('',(-2.99999999999998,-26.1,-417.5));
#12413=CARTESIAN_POINT('',(-2.99999999999998,-29.9,-405.));
#12414=CARTESIAN_POINT('',(-2.99999999999998,-30.,-405.));
#12415=CARTESIAN_POINT('',(-2.99999999999998,-29.9,-430.));
#12416=CARTESIAN_POINT('',(-2.99999999999998,-29.9,-417.5));
#12417=CARTESIAN_POINT('',(-2.99999999999999,-12.9999486936336,-430.));
#12418=CARTESIAN_POINT('Origin',(1.00000000000002,-30.,-430.));
#12419=CARTESIAN_POINT('',(1.00000000000002,-26.1,-430.));
#12420=CARTESIAN_POINT('',(1.00000000000002,-26.1,-405.));
#12421=CARTESIAN_POINT('',(1.00000000000002,-26.1,-417.5));
#12422=CARTESIAN_POINT('',(1.00000000000002,-29.9,-430.));
#12423=CARTESIAN_POINT('',(1.00000000000002,-14.9999486936336,-430.));
#12424=CARTESIAN_POINT('',(1.00000000000002,-29.9,-405.));
#12425=CARTESIAN_POINT('',(1.00000000000002,-29.9,-417.5));
#12426=CARTESIAN_POINT('',(1.00000000000002,-26.,-405.));
#12427=CARTESIAN_POINT('Origin',(1.00000000000002,26.,-430.));
#12428=CARTESIAN_POINT('',(1.00000000000002,26.1,-405.));
#12429=CARTESIAN_POINT('',(1.00000000000002,26.1,-430.));
#12430=CARTESIAN_POINT('',(1.00000000000002,26.1,-417.5));
#12431=CARTESIAN_POINT('',(1.00000000000002,29.9,-405.));
#12432=CARTESIAN_POINT('',(1.00000000000002,30.,-405.));
#12433=CARTESIAN_POINT('',(1.00000000000002,29.9,-430.));
#12434=CARTESIAN_POINT('',(1.00000000000002,29.9,-417.5));
#12435=CARTESIAN_POINT('',(1.00000000000002,13.0000513063664,-430.));
#12436=CARTESIAN_POINT('Origin',(-2.99999999999999,30.,-430.));
#12437=CARTESIAN_POINT('',(-2.99999999999998,26.1,-430.));
#12438=CARTESIAN_POINT('',(-2.99999999999998,26.1,-405.));
#12439=CARTESIAN_POINT('',(-2.99999999999998,26.1,-417.5));
#12440=CARTESIAN_POINT('',(-2.99999999999999,29.9,-430.));
#12441=CARTESIAN_POINT('',(-2.99999999999998,15.0000513063664,-430.));
#12442=CARTESIAN_POINT('',(-2.99999999999999,29.9,-405.));
#12443=CARTESIAN_POINT('',(-2.99999999999998,29.9,-417.5));
#12444=CARTESIAN_POINT('',(-2.99999999999998,26.,-405.));
#12445=CARTESIAN_POINT('Origin',(44.,-5.534,-430.));
#12446=CARTESIAN_POINT('',(44.1,-5.534,-405.));
#12447=CARTESIAN_POINT('',(44.1,-5.534,-430.));
#12448=CARTESIAN_POINT('',(44.1,-5.534,-417.5));
#12449=CARTESIAN_POINT('',(47.9,-5.534,-405.));
#12450=CARTESIAN_POINT('',(48.,-5.534,-405.));
#12451=CARTESIAN_POINT('',(47.9,-5.534,-430.));
#12452=CARTESIAN_POINT('',(47.9,-5.534,-417.5));
#12453=CARTESIAN_POINT('',(21.9999887857196,-5.53400000000001,-430.));
#12454=CARTESIAN_POINT('Origin',(48.,-1.534,-430.));
#12455=CARTESIAN_POINT('',(44.1,-1.534,-430.));
#12456=CARTESIAN_POINT('',(44.1,-1.534,-405.));
#12457=CARTESIAN_POINT('',(44.1,-1.534,-417.5));
#12458=CARTESIAN_POINT('',(47.9,-1.534,-430.));
#12459=CARTESIAN_POINT('',(23.9999887857196,-1.534,-430.));
#12460=CARTESIAN_POINT('',(47.9,-1.534,-405.));
#12461=CARTESIAN_POINT('',(47.9,-1.534,-417.5));
#12462=CARTESIAN_POINT('',(44.,-1.534,-405.));
#12463=CARTESIAN_POINT('Origin',(-44.1,3.71300000000001,-405.));
#12464=CARTESIAN_POINT('',(-44.1,3.71300000000001,-430.));
#12465=CARTESIAN_POINT('',(-44.1,3.71300000000001,-430.));
#12466=CARTESIAN_POINT('',(-44.1,3.71300000000001,-405.));
#12467=CARTESIAN_POINT('',(-44.1,3.71300000000001,-405.));
#12468=CARTESIAN_POINT('',(-44.1,1.46180325758675,-405.));
#12469=CARTESIAN_POINT('Origin',(-47.9,-10.787,-405.));
#12470=CARTESIAN_POINT('',(-47.9,3.71300000000001,-405.));
#12471=CARTESIAN_POINT('',(-47.9,-5.78819674241326,-405.));
#12472=CARTESIAN_POINT('',(-47.9,3.71300000000001,-430.));
#12473=CARTESIAN_POINT('',(-47.9,3.71300000000001,-405.));
#12474=CARTESIAN_POINT('',(-47.9,-10.787,-430.));
#12475=CARTESIAN_POINT('Origin',(-28.787,-26.1,-405.));
#12476=CARTESIAN_POINT('',(-28.787,-26.1,-430.));
#12477=CARTESIAN_POINT('',(-28.787,-26.1,-430.));
#12478=CARTESIAN_POINT('',(-28.787,-26.1,-405.));
#12479=CARTESIAN_POINT('',(-28.787,-26.1,-405.));
#12480=CARTESIAN_POINT('',(-14.3935121776973,-26.1,-405.));
#12481=CARTESIAN_POINT('Origin',(28.787,-29.9,-405.));
#12482=CARTESIAN_POINT('',(-28.787,-29.9,-405.));
#12483=CARTESIAN_POINT('',(14.3934878223027,-29.9,-405.));
#12484=CARTESIAN_POINT('',(-28.787,-29.9,-430.));
#12485=CARTESIAN_POINT('',(-28.787,-29.9,-405.));
#12486=CARTESIAN_POINT('',(28.787,-29.9,-430.));
#12487=CARTESIAN_POINT('Origin',(22.,26.1,-405.));
#12488=CARTESIAN_POINT('',(22.,26.1,-430.));
#12489=CARTESIAN_POINT('',(22.,26.1,-430.));
#12490=CARTESIAN_POINT('',(22.,26.1,-405.));
#12491=CARTESIAN_POINT('',(22.,26.1,-405.));
#12492=CARTESIAN_POINT('',(10.9999878223027,26.1,-405.));
#12493=CARTESIAN_POINT('Origin',(-22.,29.9,-405.));
#12494=CARTESIAN_POINT('',(22.,29.9,-405.));
#12495=CARTESIAN_POINT('',(-11.0000121776973,29.9,-405.));
#12496=CARTESIAN_POINT('',(22.,29.9,-430.));
#12497=CARTESIAN_POINT('',(22.,29.9,-405.));
#12498=CARTESIAN_POINT('',(-22.,29.9,-430.));
#12499=CARTESIAN_POINT('Origin',(-2.4355394598885E-5,-0.789393484826517,
-405.));
#12500=CARTESIAN_POINT('',(50.,3.71599999999999,-405.));
#12501=CARTESIAN_POINT('',(50.,-10.784,-405.));
#12502=CARTESIAN_POINT('',(50.,-10.784,-405.));
#12503=CARTESIAN_POINT('',(28.787,-32.,-405.));
#12504=CARTESIAN_POINT('Origin',(28.0134930634303,-10.013602227307,-405.));
#12505=CARTESIAN_POINT('',(-28.787,-32.,-405.));
#12506=CARTESIAN_POINT('',(-28.787,-32.,-405.));
#12507=CARTESIAN_POINT('',(-50.,-10.787,-405.));
#12508=CARTESIAN_POINT('Origin',(-28.0135985175617,-10.0135985175617,-405.));
#12509=CARTESIAN_POINT('',(-50.,3.713,-405.));
#12510=CARTESIAN_POINT('',(-50.,3.713,-405.));
#12511=CARTESIAN_POINT('',(-22.,32.,-405.));
#12512=CARTESIAN_POINT('Origin',(-22.0014709140315,4.00000003863549,-405.));
#12513=CARTESIAN_POINT('',(22.,32.,-405.));
#12514=CARTESIAN_POINT('',(22.,32.,-405.));
#12515=CARTESIAN_POINT('Origin',(22.0014403231352,4.00000003704519,-405.));
#12516=CARTESIAN_POINT('',(-22.,26.1,-405.));
#12517=CARTESIAN_POINT('Origin',(-22.3079630968806,4.30217536700139,-405.));
#12518=CARTESIAN_POINT('',(10.9999878223027,26.1,-405.));
#12519=CARTESIAN_POINT('',(-22.,29.9,-405.));
#12520=CARTESIAN_POINT('',(-11.0000121776973,29.9,-405.));
#12521=CARTESIAN_POINT('Origin',(-22.1029057428288,4.1002052254655,-405.));
#12522=CARTESIAN_POINT('',(-47.9,-10.787,-405.));
#12523=CARTESIAN_POINT('',(-47.9,-5.78819674241326,-405.));
#12524=CARTESIAN_POINT('Origin',(-28.1115252272594,-10.1115252272594,-405.));
#12525=CARTESIAN_POINT('',(-44.1,-10.787,-405.));
#12526=CARTESIAN_POINT('Origin',(-28.307284187351,-10.307284187351,-405.));
#12527=CARTESIAN_POINT('',(-44.1,1.46180325758675,-405.));
#12528=CARTESIAN_POINT('',(44.1,3.71599999999999,-405.));
#12529=CARTESIAN_POINT('Origin',(22.3078821639693,4.30217422371876,-405.));
#12530=CARTESIAN_POINT('',(44.1,-5.78669674241327,-405.));
#12531=CARTESIAN_POINT('',(47.9,3.716,-405.));
#12532=CARTESIAN_POINT('',(47.9,1.46330325758673,-405.));
#12533=CARTESIAN_POINT('Origin',(22.1028608857072,4.10020504658628,-405.));
#12534=CARTESIAN_POINT('',(28.787,-29.9,-405.));
#12535=CARTESIAN_POINT('',(14.3934878223027,-29.9,-405.));
#12536=CARTESIAN_POINT('',(47.9,-10.784,-405.));
#12537=CARTESIAN_POINT('Origin',(28.1114229319868,-10.1115287193483,-405.));
#12538=CARTESIAN_POINT('',(47.9,1.46330325758673,-405.));
#12539=CARTESIAN_POINT('',(44.1,-10.784,-405.));
#12540=CARTESIAN_POINT('',(44.1,-5.78669674241327,-405.));
#12541=CARTESIAN_POINT('',(28.787,-26.1,-405.));
#12542=CARTESIAN_POINT('Origin',(28.3071932618827,-10.3072869495436,-405.));
#12543=CARTESIAN_POINT('',(-14.3935121776973,-26.1,-405.));
#12544=CARTESIAN_POINT('Origin',(44.1,-10.784,-405.));
#12545=CARTESIAN_POINT('',(44.1,-10.784,-430.));
#12546=CARTESIAN_POINT('',(44.1,-10.784,-430.));
#12547=CARTESIAN_POINT('',(44.1,-10.784,-405.));
#12548=CARTESIAN_POINT('Origin',(-2.24285608529939E-5,0.000102612732788554,
-430.));
#12549=CARTESIAN_POINT('',(47.9,3.716,-430.));
#12550=CARTESIAN_POINT('Origin',(22.1028608857072,4.10020504658628,-430.));
#12551=CARTESIAN_POINT('',(47.9,3.71599999999999,-430.));
#12552=CARTESIAN_POINT('',(44.1,3.71599999999999,-430.));
#12553=CARTESIAN_POINT('',(44.1,-10.784,-430.));
#12554=CARTESIAN_POINT('Origin',(22.3078821639693,4.30217422371876,-430.));
#12555=CARTESIAN_POINT('Origin',(-2.24285608529939E-5,0.000102612732788554,
-430.));
#12556=CARTESIAN_POINT('',(-22.,29.9,-430.));
#12557=CARTESIAN_POINT('Origin',(-22.1029057428288,4.1002052254655,-430.));
#12558=CARTESIAN_POINT('',(-22.,29.9,-430.));
#12559=CARTESIAN_POINT('',(-22.,26.1,-430.));
#12560=CARTESIAN_POINT('',(22.,26.1,-430.));
#12561=CARTESIAN_POINT('Origin',(-22.3079630968806,4.30217536700139,-430.));
#12562=CARTESIAN_POINT('Origin',(-2.24285608529939E-5,0.000102612732788554,
-430.));
#12563=CARTESIAN_POINT('',(28.787,-26.1,-430.));
#12564=CARTESIAN_POINT('',(-28.787,-26.1,-430.));
#12565=CARTESIAN_POINT('Origin',(28.3071932618827,-10.3072869495436,-430.));
#12566=CARTESIAN_POINT('',(47.9,-10.784,-430.));
#12567=CARTESIAN_POINT('',(47.9,3.71599999999999,-430.));
#12568=CARTESIAN_POINT('',(28.787,-29.9,-430.));
#12569=CARTESIAN_POINT('Origin',(28.1114229319868,-10.1115287193483,-430.));
#12570=CARTESIAN_POINT('',(28.787,-29.9,-430.));
#12571=CARTESIAN_POINT('Origin',(47.9,3.716,-405.));
#12572=CARTESIAN_POINT('',(47.9,-10.784,-405.));
#12573=CARTESIAN_POINT('Origin',(-44.1,3.71300000000001,-405.));
#12574=CARTESIAN_POINT('',(-44.1,-10.787,-430.));
#12575=CARTESIAN_POINT('',(-44.1,-10.787,-405.));
#12576=CARTESIAN_POINT('',(-44.1,3.71300000000001,-430.));
#12577=CARTESIAN_POINT('Origin',(-22.3079630968806,4.30217536700139,-405.));
#12578=CARTESIAN_POINT('',(-22.,26.1,-405.));
#12579=CARTESIAN_POINT('Origin',(22.,26.1,-405.));
#12580=CARTESIAN_POINT('Origin',(22.3078821639693,4.30217422371876,-405.));
#12581=CARTESIAN_POINT('',(44.1,3.71599999999999,-405.));
#12582=CARTESIAN_POINT('Origin',(44.1,-10.784,-405.));
#12583=CARTESIAN_POINT('Origin',(28.3071932618827,-10.3072869495436,-405.));
#12584=CARTESIAN_POINT('',(28.787,-26.1,-405.));
#12585=CARTESIAN_POINT('Origin',(-28.787,-26.1,-405.));
#12586=CARTESIAN_POINT('Origin',(-28.307284187351,-10.307284187351,-405.));
#12587=CARTESIAN_POINT('Origin',(-28.307284187351,-10.307284187351,-430.));
#12588=CARTESIAN_POINT('Origin',(-47.9,-10.787,-405.));
#12589=CARTESIAN_POINT('',(-47.9,-10.787,-430.));
#12590=CARTESIAN_POINT('',(-47.9,-10.787,-430.));
#12591=CARTESIAN_POINT('',(-47.9,-10.787,-405.));
#12592=CARTESIAN_POINT('Origin',(-28.1115252272594,-10.1115252272594,-405.));
#12593=CARTESIAN_POINT('Origin',(-28.1115252272594,-10.1115252272594,-430.));
#12594=CARTESIAN_POINT('Origin',(28.787,-29.9,-405.));
#12595=CARTESIAN_POINT('',(28.787,-29.9,-405.));
#12596=CARTESIAN_POINT('Origin',(28.1114229319868,-10.1115287193483,-405.));
#12597=CARTESIAN_POINT('Origin',(47.9,3.716,-405.));
#12598=CARTESIAN_POINT('',(47.9,3.716,-405.));
#12599=CARTESIAN_POINT('Origin',(22.1028608857072,4.10020504658628,-405.));
#12600=CARTESIAN_POINT('Origin',(-22.,29.9,-405.));
#12601=CARTESIAN_POINT('',(-22.,29.9,-405.));
#12602=CARTESIAN_POINT('Origin',(-22.1029057428288,4.1002052254655,-405.));
#12603=CARTESIAN_POINT('Origin',(-2.24285608529939E-5,0.000102612732788554,
-430.));
#12604=CARTESIAN_POINT('Origin',(-6.66133814775094E-15,-0.936391424009369,
0.));
#12605=CARTESIAN_POINT('Origin',(77.,14.,0.));
#12606=CARTESIAN_POINT('',(50.,3.716,55.));
#12607=CARTESIAN_POINT('',(77.,14.,0.));
#12608=CARTESIAN_POINT('',(50.,-10.784,55.));
#12609=CARTESIAN_POINT('',(50.,-10.784,55.));
#12610=CARTESIAN_POINT('',(77.,-14.,0.));
#12611=CARTESIAN_POINT('Ctrl Pts',(77.,-14.,0.));
#12612=CARTESIAN_POINT('Ctrl Pts',(68.,-12.928,18.3333333333333));
#12613=CARTESIAN_POINT('Ctrl Pts',(59.,-11.856,36.6666666666667));
#12614=CARTESIAN_POINT('Ctrl Pts',(50.,-10.784,55.));
#12615=CARTESIAN_POINT('Ctrl Pts',(75.6733277553121,-18.1344673684443,0.));
#12616=CARTESIAN_POINT('Ctrl Pts',(67.0790090481333,-16.7314630563616,18.3333333333333));
#12617=CARTESIAN_POINT('Ctrl Pts',(58.4842175346562,-15.3291995249932,36.6666666666667));
#12618=CARTESIAN_POINT('Ctrl Pts',(49.8898988274774,-13.9261952129105,55.));
#12619=CARTESIAN_POINT('Ctrl Pts',(71.5076408234303,-25.9165962565841,0.));
#12620=CARTESIAN_POINT('Ctrl Pts',(63.7722909983638,-23.9979628085462,18.3333333333334));
#12621=CARTESIAN_POINT('Ctrl Pts',(56.0367568548986,-22.0792437890984,36.6666666666666));
#12622=CARTESIAN_POINT('Ctrl Pts',(48.3014070298321,-20.1606103410604,55.));
#12623=CARTESIAN_POINT('Ctrl Pts',(61.5318728525366,-34.624716824145,0.));
#12624=CARTESIAN_POINT('Ctrl Pts',(55.1037501943885,-32.3092121733434,18.3333333333333));
#12625=CARTESIAN_POINT('Ctrl Pts',(48.6755635448691,-29.9940450694893,36.6666666666668));
#12626=CARTESIAN_POINT('Ctrl Pts',(42.247440886721,-27.6785404186877,55.));
#12627=CARTESIAN_POINT('Ctrl Pts',(51.1882605203464,-38.4660205160881,0.));
#12628=CARTESIAN_POINT('Ctrl Pts',(45.8103709658699,-36.0693621714228,18.3333333333334));
#12629=CARTESIAN_POINT('Ctrl Pts',(40.4324275859351,-33.6724773163595,36.6666666666666));
#12630=CARTESIAN_POINT('Ctrl Pts',(35.0545380314585,-31.2758189716942,55.));
#12631=CARTESIAN_POINT('Ctrl Pts',(44.6710116228829,-39.0133585065216,0.));
#12632=CARTESIAN_POINT('Ctrl Pts',(39.8999897732273,-36.657038277146,18.3333333333333));
#12633=CARTESIAN_POINT('Ctrl Pts',(35.1291116555491,-34.3010474704909,36.6666666666667));
#12634=CARTESIAN_POINT('Ctrl Pts',(30.3580898058934,-31.9447272411153,55.));
#12635=CARTESIAN_POINT('Ctrl Pts',(42.5,-39.,0.));
#12636=CARTESIAN_POINT('Ctrl Pts',(37.929,-36.6666666666667,18.3333333333333));
#12637=CARTESIAN_POINT('Ctrl Pts',(33.358,-34.3333333333333,36.6666666666667));
#12638=CARTESIAN_POINT('Ctrl Pts',(28.787,-32.,55.));
#12639=CARTESIAN_POINT('',(28.787,-32.,55.));
#12640=CARTESIAN_POINT('Origin',(28.0134930634303,-10.013602227307,55.));
#12641=CARTESIAN_POINT('',(42.5,-39.,0.));
#12642=CARTESIAN_POINT('Origin',(42.5,-39.,0.));
#12643=CARTESIAN_POINT('',(-28.787,-32.,55.));
#12644=CARTESIAN_POINT('',(-28.787,-32.,55.));
#12645=CARTESIAN_POINT('',(-42.5,-39.,0.));
#12646=CARTESIAN_POINT('Ctrl Pts',(-42.5,-39.,0.));
#12647=CARTESIAN_POINT('Ctrl Pts',(-37.929,-36.6666666666667,18.3333333333333));
#12648=CARTESIAN_POINT('Ctrl Pts',(-33.358,-34.3333333333333,36.6666666666667));
#12649=CARTESIAN_POINT('Ctrl Pts',(-28.787,-32.,55.));
#12650=CARTESIAN_POINT('Ctrl Pts',(-46.8420232457658,-39.0267170130431,
0.));
#12651=CARTESIAN_POINT('Ctrl Pts',(-41.8709595882906,-36.6477988658899,
18.3333333333333));
#12652=CARTESIAN_POINT('Ctrl Pts',(-36.8999677757824,-34.2683974098366,
36.6666666666667));
#12653=CARTESIAN_POINT('Ctrl Pts',(-31.9289041183072,-31.8894792626834,
55.));
#12654=CARTESIAN_POINT('Ctrl Pts',(-55.5343944730409,-37.4914124521872,
0.));
#12655=CARTESIAN_POINT('Ctrl Pts',(-49.743855503489,-35.0944106018189,18.3333333333334));
#12656=CARTESIAN_POINT('Ctrl Pts',(-43.9530985496805,-32.6974010928478,
36.6666666666666));
#12657=CARTESIAN_POINT('Ctrl Pts',(-38.1625595801285,-30.3003992424795,
55.));
#12658=CARTESIAN_POINT('Ctrl Pts',(-66.9159181334778,-30.7232347364001,
0.));
#12659=CARTESIAN_POINT('Ctrl Pts',(-59.8369817142658,-28.5643692158245,
18.3333333333333));
#12660=CARTESIAN_POINT('Ctrl Pts',(-52.758249808163,-26.4052524151385,36.6666666666667));
#12661=CARTESIAN_POINT('Ctrl Pts',(-45.679313388951,-24.2463868945629,55.));
#12662=CARTESIAN_POINT('Ctrl Pts',(-73.787134626727,-22.0900247867584,0.));
#12663=CARTESIAN_POINT('Ctrl Pts',(-65.6168265201783,-20.4112795893319,
18.3333333333334));
#12664=CARTESIAN_POINT('Ctrl Pts',(-57.4462645612115,-18.7327373515426,
36.6666666666666));
#12665=CARTESIAN_POINT('Ctrl Pts',(-49.2759564546628,-17.0539921541161,
55.));
#12666=CARTESIAN_POINT('Ctrl Pts',(-76.336663877656,-16.0672336842222,0.));
#12667=CARTESIAN_POINT('Ctrl Pts',(-67.5392121040182,-14.8309007485248,
18.3333333333333));
#12668=CARTESIAN_POINT('Ctrl Pts',(-58.7421914049796,-13.594284994851,36.6666666666667));
#12669=CARTESIAN_POINT('Ctrl Pts',(-49.9447396313417,-12.3579520591536,
55.));
#12670=CARTESIAN_POINT('Ctrl Pts',(-77.,-14.,0.));
#12671=CARTESIAN_POINT('Ctrl Pts',(-68.,-12.929,18.3333333333333));
#12672=CARTESIAN_POINT('Ctrl Pts',(-59.,-11.858,36.6666666666667));
#12673=CARTESIAN_POINT('Ctrl Pts',(-50.,-10.787,55.));
#12674=CARTESIAN_POINT('',(-50.,-10.787,55.));
#12675=CARTESIAN_POINT('Origin',(-28.0135985175617,-10.0135985175617,55.));
#12676=CARTESIAN_POINT('',(-77.,-14.,0.));
#12677=CARTESIAN_POINT('Origin',(-77.,-14.,0.));
#12678=CARTESIAN_POINT('',(-50.,3.713,55.));
#12679=CARTESIAN_POINT('',(-50.,3.713,55.));
#12680=CARTESIAN_POINT('',(-77.,14.,0.));
#12681=CARTESIAN_POINT('Ctrl Pts',(-77.,14.,0.));
#12682=CARTESIAN_POINT('Ctrl Pts',(-68.,10.571,18.3333333333333));
#12683=CARTESIAN_POINT('Ctrl Pts',(-59.,7.142,36.6666666666667));
#12684=CARTESIAN_POINT('Ctrl Pts',(-50.,3.713,55.));
#12685=CARTESIAN_POINT('Ctrl Pts',(-74.0385391162344,18.3654202490082,0.));
#12686=CARTESIAN_POINT('Ctrl Pts',(-66.0411050445982,14.8862753899163,18.3333333333333));
#12687=CARTESIAN_POINT('Ctrl Pts',(-58.0406507845558,11.4081874750814,36.6666666666667));
#12688=CARTESIAN_POINT('Ctrl Pts',(-50.0432167129196,7.92904261598956,55.));
#12689=CARTESIAN_POINT('Ctrl Pts',(-66.8961681701021,26.2681920289768,0.));
#12690=CARTESIAN_POINT('Ctrl Pts',(-60.6617329646405,22.9715391751129,18.3333333333334));
#12691=CARTESIAN_POINT('Ctrl Pts',(-54.4271361380489,19.6740405838589,36.6666666666666));
#12692=CARTESIAN_POINT('Ctrl Pts',(-48.1927009325873,16.377387729995,55.));
#12693=CARTESIAN_POINT('Ctrl Pts',(-53.3434420022417,34.7330928787939,0.));
#12694=CARTESIAN_POINT('Ctrl Pts',(-48.9499644959926,32.0124530432914,18.3333333333333));
#12695=CARTESIAN_POINT('Ctrl Pts',(-44.5557413383024,29.2928783851316,36.6666666666667));
#12696=CARTESIAN_POINT('Ctrl Pts',(-40.1622638320533,26.5722385496291,55.));
#12697=CARTESIAN_POINT('Ctrl Pts',(-40.5489032173852,38.4202752365682,0.));
#12698=CARTESIAN_POINT('Ctrl Pts',(-37.1773149571478,36.0437555533592,18.3333333333334));
#12699=CARTESIAN_POINT('Ctrl Pts',(-33.8058208277131,33.6660163278084,36.6666666666667));
#12700=CARTESIAN_POINT('Ctrl Pts',(-30.4342325674758,31.2894966445994,55.));
#12701=CARTESIAN_POINT('Ctrl Pts',(-32.6375602725924,38.9921299572301,0.));
#12702=CARTESIAN_POINT('Ctrl Pts',(-29.7943122334383,36.6608094870481,18.3333333333333));
#12703=CARTESIAN_POINT('Ctrl Pts',(-26.9513800899907,34.3314312159326,36.6666666666667));
#12704=CARTESIAN_POINT('Ctrl Pts',(-24.1081320508366,32.0001107457506,55.));
#12705=CARTESIAN_POINT('Ctrl Pts',(-30.,39.,0.));
#12706=CARTESIAN_POINT('Ctrl Pts',(-27.3333333333333,36.6666666666667,18.3333333333333));
#12707=CARTESIAN_POINT('Ctrl Pts',(-24.6666666666667,34.3333333333333,36.6666666666667));
#12708=CARTESIAN_POINT('Ctrl Pts',(-22.,32.,55.));
#12709=CARTESIAN_POINT('Origin',(-29.829922202881,-17.9997462585837,0.));
#12710=CARTESIAN_POINT('',(-22.,32.,55.));
#12711=CARTESIAN_POINT('Origin',(-22.0014709140315,4.00000003863549,55.));
#12712=CARTESIAN_POINT('',(-30.,39.,0.));
#12713=CARTESIAN_POINT('Origin',(-30.,39.,0.));
#12714=CARTESIAN_POINT('',(22.,32.,55.));
#12715=CARTESIAN_POINT('',(22.,32.,55.));
#12716=CARTESIAN_POINT('',(30.,39.,0.));
#12717=CARTESIAN_POINT('Ctrl Pts',(30.,39.,0.));
#12718=CARTESIAN_POINT('Ctrl Pts',(27.3333333333333,36.6666666666667,18.3333333333333));
#12719=CARTESIAN_POINT('Ctrl Pts',(24.6666666666667,34.3333333333333,36.6666666666667));
#12720=CARTESIAN_POINT('Ctrl Pts',(22.,32.,55.));
#12721=CARTESIAN_POINT('Ctrl Pts',(35.2751205451849,38.9842599144601,0.));
#12722=CARTESIAN_POINT('Ctrl Pts',(32.2552818585887,36.6572008183496,18.3333333333333));
#12723=CARTESIAN_POINT('Ctrl Pts',(29.2358141457995,34.3272759663604,36.6666666666667));
#12724=CARTESIAN_POINT('Ctrl Pts',(26.2159754592033,32.00021687025,55.));
#12725=CARTESIAN_POINT('Ctrl Pts',(45.8202967132203,37.4787619405077,0.));
#12726=CARTESIAN_POINT('Ctrl Pts',(42.0953001325082,35.0071499417182,18.3333333333334));
#12727=CARTESIAN_POINT('Ctrl Pts',(38.3694290798792,32.5355178759989,36.6666666666667));
#12728=CARTESIAN_POINT('Ctrl Pts',(34.6444324991671,30.0639058772094,55.));
#12729=CARTESIAN_POINT('Ctrl Pts',(60.4145222775319,30.9718799630858,0.));
#12730=CARTESIAN_POINT('Ctrl Pts',(55.1948707250812,27.9585337703248,18.3333333333333));
#12731=CARTESIAN_POINT('Ctrl Pts',(49.9761547412247,24.9443141474038,36.6666666666667));
#12732=CARTESIAN_POINT('Ctrl Pts',(44.756503188774,21.9309679546428,55.));
#12733=CARTESIAN_POINT('Ctrl Pts',(70.6232124597336,22.423302233,0.));
#12734=CARTESIAN_POINT('Ctrl Pts',(63.5408040761466,19.0008868804954,18.3333333333334));
#12735=CARTESIAN_POINT('Ctrl Pts',(56.4571364076153,15.578808937042,36.6666666666667));
#12736=CARTESIAN_POINT('Ctrl Pts',(49.3747280240284,12.1563935845374,55.));
#12737=CARTESIAN_POINT('Ctrl Pts',(75.5192695581172,16.1827101245041,0.));
#12738=CARTESIAN_POINT('Ctrl Pts',(67.0192726012113,12.7298032395212,18.3333333333333));
#12739=CARTESIAN_POINT('Ctrl Pts',(58.5213779781234,9.27678618224854,36.6666666666667));
#12740=CARTESIAN_POINT('Ctrl Pts',(50.0213810212175,5.82387929726562,55.));
#12741=CARTESIAN_POINT('Ctrl Pts',(77.,14.,0.));
#12742=CARTESIAN_POINT('Ctrl Pts',(68.,10.572,18.3333333333333));
#12743=CARTESIAN_POINT('Ctrl Pts',(59.,7.14399999999999,36.6666666666667));
#12744=CARTESIAN_POINT('Ctrl Pts',(50.,3.71599999999999,55.));
#12745=CARTESIAN_POINT('Origin',(29.829922202881,-17.9997462585837,0.));
#12746=CARTESIAN_POINT('Origin',(22.0014403231352,4.00000003704519,55.));
#12747=CARTESIAN_POINT('Origin',(-48.,-1.53699999999999,80.));
#12748=CARTESIAN_POINT('',(-47.9,-1.53699999999999,55.));
#12749=CARTESIAN_POINT('',(-44.1,-1.53699999999999,55.));
#12750=CARTESIAN_POINT('',(-24.0000121776973,-1.53699999999999,55.));
#12751=CARTESIAN_POINT('',(-44.1,-1.53699999999999,80.));
#12752=CARTESIAN_POINT('',(-44.1,-1.53699999999999,67.5));
#12753=CARTESIAN_POINT('',(-47.9,-1.53699999999999,80.));
#12754=CARTESIAN_POINT('',(-24.0000112412517,-1.53699999999999,80.));
#12755=CARTESIAN_POINT('',(-47.9,-1.53699999999999,67.5));
#12756=CARTESIAN_POINT('Origin',(-22.3079630968806,4.30217536700142,55.));
#12757=CARTESIAN_POINT('',(-44.1,3.71300000000001,55.));
#12758=CARTESIAN_POINT('',(-22.,26.1,55.));
#12759=CARTESIAN_POINT('Origin',(-22.3079630968806,4.30217536700142,55.));
#12760=CARTESIAN_POINT('',(-22.,26.1,80.));
#12761=CARTESIAN_POINT('',(-22.,26.1,55.));
#12762=CARTESIAN_POINT('',(-44.1,3.71300000000001,80.));
#12763=CARTESIAN_POINT('Origin',(-22.3079630968806,4.30217536700142,80.));
#12764=CARTESIAN_POINT('',(-44.1,3.71300000000001,55.));
#12765=CARTESIAN_POINT('Origin',(-44.1,3.71300000000001,55.));
#12766=CARTESIAN_POINT('',(-44.1,-10.787,55.));
#12767=CARTESIAN_POINT('',(-44.1,-5.53699999999999,55.));
#12768=CARTESIAN_POINT('',(-44.1,1.46180325758674,55.));
#12769=CARTESIAN_POINT('',(-44.1,-5.53699999999999,80.));
#12770=CARTESIAN_POINT('',(-44.1,-5.53699999999999,67.5));
#12771=CARTESIAN_POINT('',(-44.1,-10.787,80.));
#12772=CARTESIAN_POINT('',(-44.1,-10.787,80.));
#12773=CARTESIAN_POINT('',(-44.1,-10.787,55.));
#12774=CARTESIAN_POINT('Origin',(-44.1,3.71300000000001,55.));
#12775=CARTESIAN_POINT('',(-44.1,1.46180325758674,55.));
#12776=CARTESIAN_POINT('',(-44.1,-10.787,80.));
#12777=CARTESIAN_POINT('Origin',(-44.,-5.53699999999999,80.));
#12778=CARTESIAN_POINT('',(-47.9,-5.53699999999999,55.));
#12779=CARTESIAN_POINT('',(-22.0000121776973,-5.53699999999999,55.));
#12780=CARTESIAN_POINT('',(-47.9,-5.53699999999999,80.));
#12781=CARTESIAN_POINT('',(-47.9,-5.53699999999999,67.5));
#12782=CARTESIAN_POINT('',(-22.0000112412517,-5.53699999999999,80.));
#12783=CARTESIAN_POINT('Origin',(-47.9,-10.787,55.));
#12784=CARTESIAN_POINT('',(-47.9,-10.787,55.));
#12785=CARTESIAN_POINT('',(-47.9,-5.78819674241326,55.));
#12786=CARTESIAN_POINT('',(-47.9,-10.787,80.));
#12787=CARTESIAN_POINT('',(-47.9,-10.787,55.));
#12788=CARTESIAN_POINT('',(-47.9,3.71300000000001,80.));
#12789=CARTESIAN_POINT('Origin',(-28.1115252272594,-10.1115252272594,55.));
#12790=CARTESIAN_POINT('',(-28.787,-29.9,55.));
#12791=CARTESIAN_POINT('Origin',(-28.1115252272594,-10.1115252272594,55.));
#12792=CARTESIAN_POINT('',(-28.787,-29.9,80.));
#12793=CARTESIAN_POINT('',(-28.787,-29.9,55.));
#12794=CARTESIAN_POINT('Origin',(-28.1115252272594,-10.1115252272594,80.));
#12795=CARTESIAN_POINT('Origin',(48.,-5.534,80.));
#12796=CARTESIAN_POINT('',(47.9,-5.534,55.));
#12797=CARTESIAN_POINT('',(44.1,-5.534,55.));
#12798=CARTESIAN_POINT('',(23.9999878223027,-5.53400000000001,55.));
#12799=CARTESIAN_POINT('',(44.1,-5.534,80.));
#12800=CARTESIAN_POINT('',(44.1,-5.534,67.5));
#12801=CARTESIAN_POINT('',(47.9,-5.534,80.));
#12802=CARTESIAN_POINT('',(23.9999887587483,-5.53400000000001,80.));
#12803=CARTESIAN_POINT('',(47.9,-5.534,67.5));
#12804=CARTESIAN_POINT('Origin',(28.3071932618827,-10.3072869495436,55.));
#12805=CARTESIAN_POINT('',(44.1,-10.784,55.));
#12806=CARTESIAN_POINT('',(28.787,-26.1,55.));
#12807=CARTESIAN_POINT('Origin',(28.3071932618827,-10.3072869495436,55.));
#12808=CARTESIAN_POINT('',(28.787,-26.1,80.));
#12809=CARTESIAN_POINT('',(28.787,-26.1,55.));
#12810=CARTESIAN_POINT('',(44.1,-10.784,80.));
#12811=CARTESIAN_POINT('Origin',(28.3071932618827,-10.3072869495436,80.));
#12812=CARTESIAN_POINT('',(44.1,-10.784,55.));
#12813=CARTESIAN_POINT('Origin',(28.787,-29.9,55.));
#12814=CARTESIAN_POINT('',(1.89999999999984,-29.9,55.));
#12815=CARTESIAN_POINT('',(28.787,-29.9,55.));
#12816=CARTESIAN_POINT('',(14.3934878223027,-29.9,55.));
#12817=CARTESIAN_POINT('',(28.787,-29.9,80.));
#12818=CARTESIAN_POINT('',(28.787,-29.9,55.));
#12819=CARTESIAN_POINT('',(1.89999999999984,-29.9,80.));
#12820=CARTESIAN_POINT('',(-28.787,-29.9,80.));
#12821=CARTESIAN_POINT('',(1.89999999999984,-29.9,67.5));
#12822=CARTESIAN_POINT('Origin',(28.787,-29.9,55.));
#12823=CARTESIAN_POINT('',(-1.90000000000016,-29.9,55.));
#12824=CARTESIAN_POINT('',(14.3934878223027,-29.9,55.));
#12825=CARTESIAN_POINT('',(-1.90000000000016,-29.9,80.));
#12826=CARTESIAN_POINT('',(-1.90000000000016,-29.9,67.5));
#12827=CARTESIAN_POINT('',(-28.787,-29.9,80.));
#12828=CARTESIAN_POINT('Origin',(-28.787,-26.1,55.));
#12829=CARTESIAN_POINT('',(1.89999999999984,-26.1,55.));
#12830=CARTESIAN_POINT('',(-14.3935121776973,-26.1,55.));
#12831=CARTESIAN_POINT('',(1.89999999999984,-26.1,80.));
#12832=CARTESIAN_POINT('',(1.89999999999984,-26.1,67.5));
#12833=CARTESIAN_POINT('',(28.787,-26.1,80.));
#12834=CARTESIAN_POINT('Origin',(22.102860777822,4.10019780265541,55.));
#12835=CARTESIAN_POINT('',(47.9,3.716,55.));
#12836=CARTESIAN_POINT('',(22.0018331682702,29.9,55.));
#12837=CARTESIAN_POINT('Origin',(22.102860777822,4.10019780265541,55.));
#12838=CARTESIAN_POINT('',(22.0018331682702,29.9,80.));
#12839=CARTESIAN_POINT('',(22.0018331682702,29.9,55.));
#12840=CARTESIAN_POINT('',(47.9,3.716,80.));
#12841=CARTESIAN_POINT('Origin',(22.102860777822,4.10019780265541,80.));
#12842=CARTESIAN_POINT('',(47.9,3.716,55.));
#12843=CARTESIAN_POINT('Origin',(47.9,3.716,55.));
#12844=CARTESIAN_POINT('',(47.9,-1.534,55.));
#12845=CARTESIAN_POINT('',(47.9,1.46330325758674,55.));
#12846=CARTESIAN_POINT('',(47.9,-1.534,80.));
#12847=CARTESIAN_POINT('',(47.9,-10.784,80.));
#12848=CARTESIAN_POINT('',(47.9,-1.534,67.5));
#12849=CARTESIAN_POINT('Origin',(-22.,29.9,55.));
#12850=CARTESIAN_POINT('',(2.00000000000001,29.9,55.));
#12851=CARTESIAN_POINT('',(-11.0000121776973,29.9,55.));
#12852=CARTESIAN_POINT('',(2.00000000000001,29.9,80.));
#12853=CARTESIAN_POINT('',(2.00000000000001,29.9,67.5));
#12854=CARTESIAN_POINT('',(22.0018331682702,29.9,80.));
#12855=CARTESIAN_POINT('Origin',(2.00000000000001,30.,80.));
#12856=CARTESIAN_POINT('',(2.00000000000001,26.1,55.));
#12857=CARTESIAN_POINT('',(1.99999999999999,14.6053032575867,55.));
#12858=CARTESIAN_POINT('',(2.00000000000001,26.1,80.));
#12859=CARTESIAN_POINT('',(2.00000000000001,26.1,67.5));
#12860=CARTESIAN_POINT('',(1.99999999999999,15.0000513063664,80.));
#12861=CARTESIAN_POINT('Origin',(44.1,-10.784,55.));
#12862=CARTESIAN_POINT('',(44.1,3.716,55.));
#12863=CARTESIAN_POINT('',(44.1,-1.534,55.));
#12864=CARTESIAN_POINT('',(44.1,-5.78669674241326,55.));
#12865=CARTESIAN_POINT('',(44.1,-1.534,80.));
#12866=CARTESIAN_POINT('',(44.1,-1.534,67.5));
#12867=CARTESIAN_POINT('',(44.1,3.716,80.));
#12868=CARTESIAN_POINT('',(44.1,3.716,80.));
#12869=CARTESIAN_POINT('',(44.1,3.716,55.));
#12870=CARTESIAN_POINT('Origin',(44.1,-10.784,55.));
#12871=CARTESIAN_POINT('',(44.1,-5.78669674241326,55.));
#12872=CARTESIAN_POINT('',(44.1,3.716,80.));
#12873=CARTESIAN_POINT('Origin',(22.0018331682702,26.1,55.));
#12874=CARTESIAN_POINT('',(22.0018331682702,26.1,55.));
#12875=CARTESIAN_POINT('',(11.0009044064378,26.1,55.));
#12876=CARTESIAN_POINT('',(22.0018331682702,26.1,80.));
#12877=CARTESIAN_POINT('',(22.0018331682702,26.1,55.));
#12878=CARTESIAN_POINT('',(-22.,26.1,80.));
#12879=CARTESIAN_POINT('Origin',(22.0018331682702,26.1,55.));
#12880=CARTESIAN_POINT('',(-2.,26.1,55.));
#12881=CARTESIAN_POINT('',(11.0009044064378,26.1,55.));
#12882=CARTESIAN_POINT('',(-2.,26.1,80.));
#12883=CARTESIAN_POINT('',(-2.,26.1,67.5));
#12884=CARTESIAN_POINT('',(-22.,26.1,80.));
#12885=CARTESIAN_POINT('Origin',(-2.,26.,80.));
#12886=CARTESIAN_POINT('',(-1.99999999999999,29.9,55.));
#12887=CARTESIAN_POINT('',(-2.00000000000003,12.6053032575867,55.));
#12888=CARTESIAN_POINT('',(-1.99999999999999,29.9,80.));
#12889=CARTESIAN_POINT('',(-1.99999999999999,29.9,67.5));
#12890=CARTESIAN_POINT('',(-2.00000000000002,13.0000513063664,80.));
#12891=CARTESIAN_POINT('Origin',(44.,-1.534,80.));
#12892=CARTESIAN_POINT('',(21.9999878223027,-1.534,55.));
#12893=CARTESIAN_POINT('',(21.9999887587483,-1.534,80.));
#12894=CARTESIAN_POINT('Origin',(-1.90000000000016,-29.9,80.));
#12895=CARTESIAN_POINT('',(-1.90000000000016,-26.1,55.));
#12896=CARTESIAN_POINT('',(-1.90000000000016,-15.3446967424133,55.));
#12897=CARTESIAN_POINT('',(-1.90000000000016,-26.1,80.));
#12898=CARTESIAN_POINT('',(-1.90000000000016,-26.1,67.5));
#12899=CARTESIAN_POINT('',(-1.90000000000016,-14.9499486936336,80.));
#12900=CARTESIAN_POINT('Origin',(1.89999999999983,-26.1,80.));
#12901=CARTESIAN_POINT('',(1.89999999999983,-13.4446967424133,55.));
#12902=CARTESIAN_POINT('',(1.89999999999983,-13.0499486936336,80.));
#12903=CARTESIAN_POINT('Origin',(-22.,29.9,55.));
#12904=CARTESIAN_POINT('',(-22.,29.9,55.));
#12905=CARTESIAN_POINT('',(-11.0000121776973,29.9,55.));
#12906=CARTESIAN_POINT('',(-22.,29.9,80.));
#12907=CARTESIAN_POINT('',(-22.,29.9,55.));
#12908=CARTESIAN_POINT('',(22.0018331682702,29.9,80.));
#12909=CARTESIAN_POINT('Origin',(47.9,3.716,55.));
#12910=CARTESIAN_POINT('',(47.9,-10.784,55.));
#12911=CARTESIAN_POINT('',(47.9,1.46330325758674,55.));
#12912=CARTESIAN_POINT('',(47.9,-10.784,80.));
#12913=CARTESIAN_POINT('',(47.9,-10.784,80.));
#12914=CARTESIAN_POINT('',(47.9,-10.784,55.));
#12915=CARTESIAN_POINT('Origin',(-2.24825034322862E-5,0.000102612732799656,
80.));
#12916=CARTESIAN_POINT('Origin',(28.1114229319868,-10.1115287193484,80.));
#12917=CARTESIAN_POINT('Origin',(-2.24825034322862E-5,0.000102612732799656,
80.));
#12918=CARTESIAN_POINT('Origin',(22.3078814693284,4.30214839858252,80.));
#12919=CARTESIAN_POINT('Origin',(-2.24825034322862E-5,0.000102612732799656,
80.));
#12920=CARTESIAN_POINT('',(-28.787,-26.1,80.));
#12921=CARTESIAN_POINT('',(28.787,-26.1,80.));
#12922=CARTESIAN_POINT('Origin',(-28.307284187351,-10.307284187351,80.));
#12923=CARTESIAN_POINT('Origin',(-2.24825034322862E-5,0.000102612732799656,
80.));
#12924=CARTESIAN_POINT('',(-47.9,3.71300000000001,80.));
#12925=CARTESIAN_POINT('Origin',(-22.1029057428289,4.1002052254656,80.));
#12926=CARTESIAN_POINT('',(-47.9,3.71300000000001,80.));
#12927=CARTESIAN_POINT('Origin',(22.3078814693284,4.30214839858252,55.));
#12928=CARTESIAN_POINT('Origin',(22.3078814693284,4.30214839858252,55.));
#12929=CARTESIAN_POINT('Origin',(-28.787,-26.1,55.));
#12930=CARTESIAN_POINT('',(-28.787,-26.1,55.));
#12931=CARTESIAN_POINT('',(-14.3935121776973,-26.1,55.));
#12932=CARTESIAN_POINT('',(-28.787,-26.1,55.));
#12933=CARTESIAN_POINT('Origin',(-28.307284187351,-10.307284187351,55.));
#12934=CARTESIAN_POINT('Origin',(-28.307284187351,-10.307284187351,55.));
#12935=CARTESIAN_POINT('Origin',(-47.9,-10.787,55.));
#12936=CARTESIAN_POINT('',(-47.9,3.71300000000001,55.));
#12937=CARTESIAN_POINT('',(-47.9,-5.78819674241326,55.));
#12938=CARTESIAN_POINT('',(-47.9,3.71300000000001,55.));
#12939=CARTESIAN_POINT('Origin',(28.1114229319868,-10.1115287193484,55.));
#12940=CARTESIAN_POINT('Origin',(28.1114229319868,-10.1115287193484,55.));
#12941=CARTESIAN_POINT('Origin',(-22.1029057428289,4.1002052254656,55.));
#12942=CARTESIAN_POINT('Origin',(-22.1029057428289,4.1002052254656,55.));
#12943=CARTESIAN_POINT('Origin',(77.,14.,-350.));
#12944=CARTESIAN_POINT('',(77.,-14.,-350.));
#12945=CARTESIAN_POINT('',(77.,14.,-350.));
#12946=CARTESIAN_POINT('Ctrl Pts',(77.,-14.,-350.));
#12947=CARTESIAN_POINT('Ctrl Pts',(68.,-12.928,-368.333333333333));
#12948=CARTESIAN_POINT('Ctrl Pts',(59.,-11.856,-386.666666666667));
#12949=CARTESIAN_POINT('Ctrl Pts',(50.,-10.784,-405.));
#12950=CARTESIAN_POINT('Ctrl Pts',(75.6733277553121,-18.1344673684443,-350.));
#12951=CARTESIAN_POINT('Ctrl Pts',(67.0790090481333,-16.7314630563616,-368.333333333333));
#12952=CARTESIAN_POINT('Ctrl Pts',(58.4842175346562,-15.3291995249932,-386.666666666667));
#12953=CARTESIAN_POINT('Ctrl Pts',(49.8898988274774,-13.9261952129105,-405.));
#12954=CARTESIAN_POINT('Ctrl Pts',(71.5072508092599,-25.9164890672668,-350.));
#12955=CARTESIAN_POINT('Ctrl Pts',(63.7719009841933,-23.9978556192289,-368.333333333333));
#12956=CARTESIAN_POINT('Ctrl Pts',(56.0362603719398,-22.0792494059846,-386.666666666667));
#12957=CARTESIAN_POINT('Ctrl Pts',(48.3009105468733,-20.1606159579466,-405.));
#12958=CARTESIAN_POINT('Ctrl Pts',(61.5316922405074,-34.6246881227929,-350.));
#12959=CARTESIAN_POINT('Ctrl Pts',(55.1035695823592,-32.3091834719913,-368.333333333333));
#12960=CARTESIAN_POINT('Ctrl Pts',(48.6753354983608,-29.9940743839633,-386.666666666667));
#12961=CARTESIAN_POINT('Ctrl Pts',(42.2472128402126,-27.6785697331617,-405.));
#12962=CARTESIAN_POINT('Ctrl Pts',(51.1881386192602,-38.4660078527588,-350.));
#12963=CARTESIAN_POINT('Ctrl Pts',(45.8102490647836,-36.0693495080935,-368.333333333333));
#12964=CARTESIAN_POINT('Ctrl Pts',(40.4322758028596,-33.6725069550458,-386.666666666667));
#12965=CARTESIAN_POINT('Ctrl Pts',(35.0543862483831,-31.2758486103805,-405.));
#12966=CARTESIAN_POINT('Ctrl Pts',(44.6710116228829,-39.0133585065216,-350.));
#12967=CARTESIAN_POINT('Ctrl Pts',(39.8999897732273,-36.657038277146,-368.333333333333));
#12968=CARTESIAN_POINT('Ctrl Pts',(35.1291116555491,-34.3010474704909,-386.666666666667));
#12969=CARTESIAN_POINT('Ctrl Pts',(30.3580898058934,-31.9447272411153,-405.));
#12970=CARTESIAN_POINT('Ctrl Pts',(42.5,-39.,-350.));
#12971=CARTESIAN_POINT('Ctrl Pts',(37.929,-36.6666666666667,-368.333333333333));
#12972=CARTESIAN_POINT('Ctrl Pts',(33.358,-34.3333333333333,-386.666666666667));
#12973=CARTESIAN_POINT('Ctrl Pts',(28.787,-32.,-405.));
#12974=CARTESIAN_POINT('',(42.5,-39.,-350.));
#12975=CARTESIAN_POINT('Origin',(42.5,-39.,-350.));
#12976=CARTESIAN_POINT('',(-42.5,-39.,-350.));
#12977=CARTESIAN_POINT('Ctrl Pts',(-42.5,-39.,-350.));
#12978=CARTESIAN_POINT('Ctrl Pts',(-37.929,-36.6666666666667,-368.333333333333));
#12979=CARTESIAN_POINT('Ctrl Pts',(-33.358,-34.3333333333333,-386.666666666667));
#12980=CARTESIAN_POINT('Ctrl Pts',(-28.787,-32.,-405.));
#12981=CARTESIAN_POINT('Ctrl Pts',(-46.8420232457658,-39.0267170130431,
-350.));
#12982=CARTESIAN_POINT('Ctrl Pts',(-41.8709595882906,-36.6477988658899,
-368.333333333333));
#12983=CARTESIAN_POINT('Ctrl Pts',(-36.8999677757824,-34.2683974098366,
-386.666666666667));
#12984=CARTESIAN_POINT('Ctrl Pts',(-31.9289041183072,-31.8894792626834,
-405.));
#12985=CARTESIAN_POINT('Ctrl Pts',(-55.5344140592786,-37.4910084512718,
-350.));
#12986=CARTESIAN_POINT('Ctrl Pts',(-49.7438750897266,-35.0940066009035,
-368.333333333333));
#12987=CARTESIAN_POINT('Ctrl Pts',(-43.9531040958521,-32.6969047895956,
-386.666666666667));
#12988=CARTESIAN_POINT('Ctrl Pts',(-38.1625651263001,-30.2999029392272,
-405.));
#12989=CARTESIAN_POINT('Ctrl Pts',(-66.9159470997805,-30.7230541667785,
-350.));
#12990=CARTESIAN_POINT('Ctrl Pts',(-59.8370106805685,-28.564188646203,-368.333333333333));
#12991=CARTESIAN_POINT('Ctrl Pts',(-52.7582790796041,-26.4050244504636,
-386.666666666667));
#12992=CARTESIAN_POINT('Ctrl Pts',(-45.6793426603921,-24.246158929888,-405.));
#12993=CARTESIAN_POINT('Ctrl Pts',(-73.7871605517019,-22.0899050031512,
-350.));
#12994=CARTESIAN_POINT('Ctrl Pts',(-65.6168524451532,-20.4111598057247,
-368.333333333333));
#12995=CARTESIAN_POINT('Ctrl Pts',(-57.4462941664356,-18.7325856217,-386.666666666667));
#12996=CARTESIAN_POINT('Ctrl Pts',(-49.2759860598869,-17.0538404242735,
-405.));
#12997=CARTESIAN_POINT('Ctrl Pts',(-76.336663877656,-16.0672336842221,-350.));
#12998=CARTESIAN_POINT('Ctrl Pts',(-67.5392121040182,-14.8309007485247,
-368.333333333333));
#12999=CARTESIAN_POINT('Ctrl Pts',(-58.7421914049796,-13.594284994851,-386.666666666667));
#13000=CARTESIAN_POINT('Ctrl Pts',(-49.9447396313417,-12.3579520591536,
-405.));
#13001=CARTESIAN_POINT('Ctrl Pts',(-77.,-14.,-350.));
#13002=CARTESIAN_POINT('Ctrl Pts',(-68.,-12.929,-368.333333333333));
#13003=CARTESIAN_POINT('Ctrl Pts',(-59.,-11.858,-386.666666666667));
#13004=CARTESIAN_POINT('Ctrl Pts',(-50.,-10.787,-405.));
#13005=CARTESIAN_POINT('',(-77.,-14.,-350.));
#13006=CARTESIAN_POINT('Origin',(-77.,-14.,-350.));
#13007=CARTESIAN_POINT('',(-77.,14.,-350.));
#13008=CARTESIAN_POINT('Ctrl Pts',(-77.,14.,-350.));
#13009=CARTESIAN_POINT('Ctrl Pts',(-68.,10.571,-368.333333333333));
#13010=CARTESIAN_POINT('Ctrl Pts',(-59.,7.142,-386.666666666667));
#13011=CARTESIAN_POINT('Ctrl Pts',(-50.,3.713,-405.));
#13012=CARTESIAN_POINT('Ctrl Pts',(-74.0385391162345,18.3654202490082,-350.));
#13013=CARTESIAN_POINT('Ctrl Pts',(-66.0410144303498,14.8862154291287,-368.333333333333));
#13014=CARTESIAN_POINT('Ctrl Pts',(-58.0407413988042,11.4082474358691,-386.666666666667));
#13015=CARTESIAN_POINT('Ctrl Pts',(-50.0432167129196,7.92904261598957,-405.));
#13016=CARTESIAN_POINT('Ctrl Pts',(-66.8960407489359,26.2682880351274,-350.));
#13017=CARTESIAN_POINT('Ctrl Pts',(-60.6617330253451,22.9717298443336,-368.333333333333));
#13018=CARTESIAN_POINT('Ctrl Pts',(-54.4265405922653,19.6746863553135,-386.666666666667));
#13019=CARTESIAN_POINT('Ctrl Pts',(-48.1922328686746,16.3781281645198,-405.));
#13020=CARTESIAN_POINT('Ctrl Pts',(-53.3434573182126,34.7329670318274,-350.));
#13021=CARTESIAN_POINT('Ctrl Pts',(-48.9500833759882,32.0123442929121,-368.333333333333));
#13022=CARTESIAN_POINT('Ctrl Pts',(-44.5556879685142,29.2923445755312,-386.666666666667));
#13023=CARTESIAN_POINT('Ctrl Pts',(-40.1623140262898,26.5717218366159,-405.));
#13024=CARTESIAN_POINT('Ctrl Pts',(-40.548830900858,38.4202141757398,-350.));
#13025=CARTESIAN_POINT('Ctrl Pts',(-37.1771485378345,36.0436706647062,-368.333333333333));
#13026=CARTESIAN_POINT('Ctrl Pts',(-33.8055866446672,33.6659849009865,-386.666666666667));
#13027=CARTESIAN_POINT('Ctrl Pts',(-30.4339042816437,31.2894413899529,-405.));
#13028=CARTESIAN_POINT('Ctrl Pts',(-32.6375602725924,38.9921299572301,-350.));
#13029=CARTESIAN_POINT('Ctrl Pts',(-29.7943630027341,36.6608234500198,-368.333333333333));
#13030=CARTESIAN_POINT('Ctrl Pts',(-26.9513293206949,34.3314172529609,-386.666666666667));
#13031=CARTESIAN_POINT('Ctrl Pts',(-24.1081320508365,32.0001107457507,-405.));
#13032=CARTESIAN_POINT('Ctrl Pts',(-30.,39.,-350.));
#13033=CARTESIAN_POINT('Ctrl Pts',(-27.3333333333333,36.6666666666667,-368.333333333333));
#13034=CARTESIAN_POINT('Ctrl Pts',(-24.6666666666667,34.3333333333333,-386.666666666667));
#13035=CARTESIAN_POINT('Ctrl Pts',(-22.,32.,-405.));
#13036=CARTESIAN_POINT('Origin',(-29.829922202881,-17.9997462585837,-350.));
#13037=CARTESIAN_POINT('',(-30.,39.,-350.));
#13038=CARTESIAN_POINT('Origin',(-30.,39.,-350.));
#13039=CARTESIAN_POINT('',(30.,39.,-350.));
#13040=CARTESIAN_POINT('Ctrl Pts',(30.,39.,-350.));
#13041=CARTESIAN_POINT('Ctrl Pts',(27.3333333333333,36.6666666666667,-368.333333333333));
#13042=CARTESIAN_POINT('Ctrl Pts',(24.6666666666667,34.3333333333333,-386.666666666667));
#13043=CARTESIAN_POINT('Ctrl Pts',(22.,32.,-405.));
#13044=CARTESIAN_POINT('Ctrl Pts',(35.2751205451849,38.9842599144601,-350.));
#13045=CARTESIAN_POINT('Ctrl Pts',(32.255203104806,36.6571274416231,-368.333333333333));
#13046=CARTESIAN_POINT('Ctrl Pts',(29.2358928995822,34.327349343087,-386.666666666667));
#13047=CARTESIAN_POINT('Ctrl Pts',(26.2159754592033,32.00021687025,-405.));
#13048=CARTESIAN_POINT('Ctrl Pts',(45.8204475426359,37.4787099469374,-350.));
#13049=CARTESIAN_POINT('Ctrl Pts',(42.0955723884151,35.0071992274508,-368.333333333333));
#13050=CARTESIAN_POINT('Ctrl Pts',(38.3700430491047,32.5349412172728,-386.666666666667));
#13051=CARTESIAN_POINT('Ctrl Pts',(34.645167894884,30.0634304977863,-405.));
#13052=CARTESIAN_POINT('Ctrl Pts',(60.4144093618958,30.9718223230134,-350.));
#13053=CARTESIAN_POINT('Ctrl Pts',(55.1947947666443,27.9585697332394,-368.333333333333));
#13054=CARTESIAN_POINT('Ctrl Pts',(49.9756017587282,24.9442759369774,-386.666666666667));
#13055=CARTESIAN_POINT('Ctrl Pts',(44.7559871634767,21.9310233472035,-405.));
#13056=CARTESIAN_POINT('Ctrl Pts',(70.6232022462135,22.4232081387032,-350.));
#13057=CARTESIAN_POINT('Ctrl Pts',(63.5407517276797,19.0007093049135,-368.333333333333));
#13058=CARTESIAN_POINT('Ctrl Pts',(56.4571199606451,15.578564805642,-386.666666666667));
#13059=CARTESIAN_POINT('Ctrl Pts',(49.3746694421113,12.1560659718523,-405.));
#13060=CARTESIAN_POINT('Ctrl Pts',(75.5192695581172,16.1827101245041,-350.));
#13061=CARTESIAN_POINT('Ctrl Pts',(67.0192964758864,12.7298480686669,-368.333333333333));
#13062=CARTESIAN_POINT('Ctrl Pts',(58.5213541034484,9.2767413531028,-386.666666666667));
#13063=CARTESIAN_POINT('Ctrl Pts',(50.0213810212175,5.82387929726562,-405.));
#13064=CARTESIAN_POINT('Ctrl Pts',(77.,14.,-350.));
#13065=CARTESIAN_POINT('Ctrl Pts',(68.,10.572,-368.333333333333));
#13066=CARTESIAN_POINT('Ctrl Pts',(59.,7.14399999999999,-386.666666666667));
#13067=CARTESIAN_POINT('Ctrl Pts',(50.,3.71599999999999,-405.));
#13068=CARTESIAN_POINT('Origin',(29.829922202881,-17.9997462585836,-350.));
#13069=CARTESIAN_POINT('Origin',(40.5,-14.,-315.));
#13070=CARTESIAN_POINT('',(28.,-14.,-315.));
#13071=CARTESIAN_POINT('Origin',(-40.5,2.,-32.9221929604616));
#13072=CARTESIAN_POINT('',(-53.,-2.,-32.9221929604616));
#13073=CARTESIAN_POINT('',(-53.,2.,-32.9221929604616));
#13074=CARTESIAN_POINT('Origin',(-40.5,-2.,-32.9221929604616));
#13075=CARTESIAN_POINT('Origin',(40.5,2.,-32.9221929604616));
#13076=CARTESIAN_POINT('',(28.,-2.,-32.9221929604616));
#13077=CARTESIAN_POINT('',(28.,2.,-32.9221929604616));
#13078=CARTESIAN_POINT('Origin',(40.5,-2.,-32.9221929604616));
#13079=CARTESIAN_POINT('Origin',(0.,-15.,-340.));
#13080=CARTESIAN_POINT('Origin',(73.4994402224591,16.,-340.));
#13081=CARTESIAN_POINT('Origin',(-4.44089209850063E-15,15.,-340.));
#13082=CARTESIAN_POINT('Origin',(-30.2669979052388,-17.9993519245327,0.));
#13083=CARTESIAN_POINT('Origin',(-77.,-14.,-10.));
#13084=CARTESIAN_POINT('Origin',(77.,-2.,-340.));
#13085=CARTESIAN_POINT('Origin',(30.2669979052388,-17.9993519245328,0.));
#13086=CARTESIAN_POINT('Origin',(30.,37.,0.));
#13087=CARTESIAN_POINT('Origin',(29.829922202881,-17.9997462585837,0.));
#13088=CARTESIAN_POINT('Origin',(-30.,39.,0.));
#13089=CARTESIAN_POINT('Origin',(-29.829922202881,-17.9997462585837,0.));
#13090=CARTESIAN_POINT('Origin',(-1.52954481436041E-5,1.93177474017148E-8,
55.));
#13091=CARTESIAN_POINT('',(0.,-14.,0.));
#13092=CARTESIAN_POINT('polyline point',(0.,-14.,0.));
#13093=CARTESIAN_POINT('polyline point',(-76.,-14.,-10.));
#13094=CARTESIAN_POINT('polyline point',(-77.,-14.,-10.));
#13095=CARTESIAN_POINT('polyline point',(-75.,-14.,-10.));
#13096=CARTESIAN_POINT('polyline point',(-76.,-14.,-10.));
#13097=CARTESIAN_POINT('polyline point',(-76.0000000000001,-14.,-340.));
#13098=CARTESIAN_POINT('polyline point',(-42.5,-14.,-349.));
#13099=CARTESIAN_POINT('polyline point',(42.5,-14.,-349.));
#13100=CARTESIAN_POINT('polyline point',(-78.0000000000001,-14.,-350.));
#13101=CARTESIAN_POINT('polyline point',(-74.,-14.,-350.));
#13102=CARTESIAN_POINT('polyline point',(-74.,-14.,-350.));
#13103=CARTESIAN_POINT('polyline point',(-74.,-14.,0.));
#13104=CARTESIAN_POINT('polyline point',(-74.,-14.,0.));
#13105=CARTESIAN_POINT('polyline point',(-78.,-14.,0.));
#13106=CARTESIAN_POINT('polyline point',(-78.,-14.,0.));
#13107=CARTESIAN_POINT('polyline point',(-78.0000000000001,-14.,-350.));
#13108=CARTESIAN_POINT('polyline point',(75.,-14.,-342.));
#13109=CARTESIAN_POINT('polyline point',(-75.,-14.,-342.));
#13110=CARTESIAN_POINT('polyline point',(-74.0914285714286,-14.,-342.));
#13111=CARTESIAN_POINT('polyline point',(-77.9085714285715,-14.,-342.));
#13112=CARTESIAN_POINT('polyline point',(-74.0914285714286,-14.,-7.99999999999976));
#13113=CARTESIAN_POINT('polyline point',(-77.9085714285715,-14.,-7.99999999999976));
#13114=CARTESIAN_POINT('',(-74.0000000000001,-14.,-342.));
#13115=CARTESIAN_POINT('',(-1.99999999999999,-14.,-342.));
#13116=CARTESIAN_POINT('',(-1.99999999999999,-14.,-10.));
#13117=CARTESIAN_POINT('',(2.00000000000001,-14.,-10.));
#13118=CARTESIAN_POINT('',(0.,0.,20.));
#13119=CARTESIAN_POINT('polyline point',(22.,32.,55.));
#13120=CARTESIAN_POINT('polyline point',(-22.,32.,55.));
#13121=CARTESIAN_POINT('polyline point',(22.,32.,55.));
#13122=CARTESIAN_POINT('polyline point',(-22.,32.,55.));
#13123=CARTESIAN_POINT('polyline point',(-50.,3.713,55.));
#13124=CARTESIAN_POINT('polyline point',(-50.,-10.787,55.));
#13125=CARTESIAN_POINT('Origin',(-22.,3.99854404850284,55.));
#13126=CARTESIAN_POINT('',(-22.,32.,55.));
#13127=CARTESIAN_POINT('',(-50.,3.71300000000002,55.));
#13128=CARTESIAN_POINT('polyline point',(-50.,-10.787,55.));
#13129=CARTESIAN_POINT('polyline point',(-50.,4.28408809700582,55.));
#13130=CARTESIAN_POINT('Origin',(-28.0135985175617,-10.0135985175617,55.));
#13131=CARTESIAN_POINT('',(-50.,-10.787,55.));
#13132=CARTESIAN_POINT('',(-28.787,-32.,55.));
#13133=CARTESIAN_POINT('Origin',(28.0134930634303,-10.013602227307,55.));
#13134=CARTESIAN_POINT('',(28.787,-32.,55.));
#13135=CARTESIAN_POINT('',(50.,-10.784,55.));
#13136=CARTESIAN_POINT('polyline point',(28.787,-32.,55.));
#13137=CARTESIAN_POINT('polyline point',(-28.787,-32.,55.));
#13138=CARTESIAN_POINT('Origin',(28.787,-10.7869997878959,55.));
#13139=CARTESIAN_POINT('',(28.787,-32.,55.));
#13140=CARTESIAN_POINT('',(50.,-10.784,55.));
#13141=CARTESIAN_POINT('polyline point',(50.,-10.784,55.));
#13142=CARTESIAN_POINT('polyline point',(50.,3.716,55.));
#13143=CARTESIAN_POINT('polyline point',(50.,-10.784,55.));
#13144=CARTESIAN_POINT('polyline point',(50.,3.716,55.));
#13145=CARTESIAN_POINT('Origin',(21.7145597142857,3.716,55.));
#13146=CARTESIAN_POINT('',(50.,3.716,55.));
#13147=CARTESIAN_POINT('',(22.,32.,55.));
#13148=CARTESIAN_POINT('',(0.,0.,55.));
#13149=CARTESIAN_POINT('',(0.,0.,-370.));
#13150=CARTESIAN_POINT('polyline point',(42.5,-39.,55.));
#13151=CARTESIAN_POINT('polyline point',(-42.5,-39.,55.));
#13152=CARTESIAN_POINT('polyline point',(-1.61868901172041,-39.,55.));
#13153=CARTESIAN_POINT('polyline point',(-1.61868901172041,-32.,55.));
#13154=CARTESIAN_POINT('polyline point',(-28.787,-32.,55.));
#13155=CARTESIAN_POINT('polyline point',(28.787,-32.,55.));
#13156=CARTESIAN_POINT('',(0.,0.,55.));
#13157=CARTESIAN_POINT('',(0.,39.,0.));
#13158=CARTESIAN_POINT('',(0.,0.,-405.));
#13159=CARTESIAN_POINT('',(0.,39.,0.));
#13160=CARTESIAN_POINT('',(0.,4.44089209850063E-15,-430.));
#13161=CARTESIAN_POINT('',(0.,39.,0.));
#13162=CARTESIAN_POINT('polyline point',(27.5,39.0070333434506,-150.));
#13163=CARTESIAN_POINT('polyline point',(27.5,39.0070333434506,-152.));
#13164=CARTESIAN_POINT('polyline point',(27.5,37.,5.39260384428426E-32));
#13165=CARTESIAN_POINT('polyline point',(27.5,37.,-350.));
#13166=CARTESIAN_POINT('polyline point',(27.5,37.,-150.));
#13167=CARTESIAN_POINT('polyline point',(27.5,37.5,-150.));
#13168=CARTESIAN_POINT('polyline point',(27.5,39.,0.));
#13169=CARTESIAN_POINT('polyline point',(27.5,39.,-350.));
#13170=CARTESIAN_POINT('polyline point',(27.5,39.,-152.));
#13171=CARTESIAN_POINT('polyline point',(27.5,37.5,-150.));
#13172=CARTESIAN_POINT('polyline point',(27.5,37.5,-150.));
#13173=CARTESIAN_POINT('polyline point',(27.5,39.0070333434506,-150.));
#13174=CARTESIAN_POINT('',(27.5,0.,0.));
#13175=CARTESIAN_POINT('',(27.5,39.,-150.));
#13176=CARTESIAN_POINT('polyline point',(-27.5,39.,-150.));
#13177=CARTESIAN_POINT('polyline point',(-28.,39.,-150.));
#13178=CARTESIAN_POINT('polyline point',(-28.,39.,-150.));
#13179=CARTESIAN_POINT('polyline point',(-28.,39.,-150.5));
#13180=CARTESIAN_POINT('polyline point',(-28.,39.,-150.5));
#13181=CARTESIAN_POINT('polyline point',(-27.5,39.,-150.5));
#13182=CARTESIAN_POINT('polyline point',(-27.5,39.,-150.5));
#13183=CARTESIAN_POINT('polyline point',(-27.5,39.,-150.));
#13184=CARTESIAN_POINT('polyline point',(-28.,39.,-150.5));
#13185=CARTESIAN_POINT('polyline point',(-29.5,39.,-150.5));
#13186=CARTESIAN_POINT('polyline point',(-28.,39.,-150.5));
#13187=CARTESIAN_POINT('polyline point',(-28.,39.,-152.));
#13188=CARTESIAN_POINT('polyline point',(-27.5,39.,-152.000012828857));
#13189=CARTESIAN_POINT('polyline point',(27.5,39.,-152.000012828857));
#13190=CARTESIAN_POINT('polyline point',(-27.5,39.,-152.000012828857));
#13191=CARTESIAN_POINT('polyline point',(-29.5,39.,-152.000012828857));
#13192=CARTESIAN_POINT('polyline point',(-29.5,39.,-152.000012828857));
#13193=CARTESIAN_POINT('polyline point',(-29.5,39.,-150.));
#13194=CARTESIAN_POINT('',(0.,39.,0.));
#13195=CARTESIAN_POINT('',(0.,-39.,0.));
#13196=CARTESIAN_POINT('',(0.,-28.,0.));
#13197=CARTESIAN_POINT('',(27.5,0.,0.));
#13198=UNCERTAINTY_MEASURE_WITH_UNIT(LENGTH_MEASURE(0.01),#13202,
'DISTANCE_ACCURACY_VALUE',
'Maximum model space distance between geometric entities at asserted c
onnectivities');
#13199=UNCERTAINTY_MEASURE_WITH_UNIT(LENGTH_MEASURE(0.01),#13202,
'DISTANCE_ACCURACY_VALUE',
'Maximum model space distance between geometric entities at asserted c
onnectivities');
#13200=(
GEOMETRIC_REPRESENTATION_CONTEXT(3)
GLOBAL_UNCERTAINTY_ASSIGNED_CONTEXT((#13198))
GLOBAL_UNIT_ASSIGNED_CONTEXT((#13202,#13204,#13205))
REPRESENTATION_CONTEXT('','3D')
);
#13201=(
GEOMETRIC_REPRESENTATION_CONTEXT(3)
GLOBAL_UNCERTAINTY_ASSIGNED_CONTEXT((#13199))
GLOBAL_UNIT_ASSIGNED_CONTEXT((#13202,#13204,#13205))
REPRESENTATION_CONTEXT('','3D')
);
#13202=(
LENGTH_UNIT()
NAMED_UNIT(*)
SI_UNIT(.MILLI.,.METRE.)
);
#13203=(
LENGTH_UNIT()
NAMED_UNIT(*)
SI_UNIT(.CENTI.,.METRE.)
);
#13204=(
NAMED_UNIT(*)
PLANE_ANGLE_UNIT()
SI_UNIT($,.RADIAN.)
);
#13205=(
NAMED_UNIT(*)
SI_UNIT($,.STERADIAN.)
SOLID_ANGLE_UNIT()
);
#13206=SHAPE_DEFINITION_REPRESENTATION(#13207,#13208);
#13207=PRODUCT_DEFINITION_SHAPE('',$,#13210);
#13208=SHAPE_REPRESENTATION('',(#7342),#13200);
#13209=PRODUCT_DEFINITION_CONTEXT('part definition',#13214,'design');
#13210=PRODUCT_DEFINITION('main bod with 4 dro hole',
'main bod with 4 dro hole',#13211,#13209);
#13211=PRODUCT_DEFINITION_FORMATION('',$,#13216);
#13212=PRODUCT_RELATED_PRODUCT_CATEGORY('main bod with 4 dro hole',
'main bod with 4 dro hole',(#13216));
#13213=APPLICATION_PROTOCOL_DEFINITION('international standard',
'automotive_design',2009,#13214);
#13214=APPLICATION_CONTEXT(
'Core Data for Automotive Mechanical Design Process');
#13215=PRODUCT_CONTEXT('part definition',#13214,'mechanical');
#13216=PRODUCT('main bod with 4 dro hole','main bod with 4 dro hole',$,
(#13215));
#13217=PRESENTATION_STYLE_ASSIGNMENT((#13221));
#13218=PRESENTATION_STYLE_ASSIGNMENT((#13222));
#13219=PRESENTATION_STYLE_ASSIGNMENT((#13223));
#13220=PRESENTATION_STYLE_ASSIGNMENT((#13224));
#13221=SURFACE_STYLE_USAGE(.BOTH.,#13227);
#13222=SURFACE_STYLE_USAGE(.BOTH.,#13228);
#13223=SURFACE_STYLE_USAGE(.BOTH.,#13229);
#13224=SURFACE_STYLE_USAGE(.BOTH.,#13230);
#13225=SURFACE_STYLE_RENDERING_WITH_PROPERTIES($,#13243,(#13226));
#13226=SURFACE_STYLE_TRANSPARENT(0.);
#13227=SURFACE_SIDE_STYLE('',(#13231,#13225));
#13228=SURFACE_SIDE_STYLE('',(#13232));
#13229=SURFACE_SIDE_STYLE('',(#13233));
#13230=SURFACE_SIDE_STYLE('',(#13234));
#13231=SURFACE_STYLE_FILL_AREA(#13235);
#13232=SURFACE_STYLE_FILL_AREA(#13236);
#13233=SURFACE_STYLE_FILL_AREA(#13237);
#13234=SURFACE_STYLE_FILL_AREA(#13238);
#13235=FILL_AREA_STYLE('',(#13239));
#13236=FILL_AREA_STYLE('',(#13240));
#13237=FILL_AREA_STYLE('',(#13241));
#13238=FILL_AREA_STYLE('',(#13242));
#13239=FILL_AREA_STYLE_COLOUR('',#13243);
#13240=FILL_AREA_STYLE_COLOUR('',#13244);
#13241=FILL_AREA_STYLE_COLOUR('',#13245);
#13242=FILL_AREA_STYLE_COLOUR('',#13246);
#13243=COLOUR_RGB('',0.749019607843137,0.749019607843137,0.749019607843137);
#13244=COLOUR_RGB('',0.913725490196078,0.913725490196078,0.);
#13245=COLOUR_RGB('',1.,1.,1.);
#13246=COLOUR_RGB('',1.,0.,1.);
ENDSEC;
END-ISO-10303-21;
