ISO-10303-21;
HEADER;
/* Generated by software containing ST-Developer
 * from STEP Tools, Inc. (www.steptools.com) 
 */

FILE_DESCRIPTION(
/* description */ (''),
/* implementation_level */ '2;1');

FILE_NAME(
/* name */ 'more finished bod.stp',
/* time_stamp */ '2026-05-10T01:06:24+12:00',
/* author */ ('Jake'),
/* organization */ (''),
/* preprocessor_version */ 'ST-DEVELOPER v20.1',
/* originating_system */ 'Autodesk Inventor 2026',
/* authorisation */ '');

FILE_SCHEMA (('AUTOMOTIVE_DESIGN { 1 0 10303 214 3 1 1 }'));
ENDSEC;

DATA;
#10=MECHANICAL_DESIGN_GEOMETRIC_PRESENTATION_REPRESENTATION('',(#81,#82,
#83,#84,#85,#86,#87,#88,#89,#90,#91,#92,#93,#94,#95,#96,#97,#98,#99,#100,
#101,#102,#103,#104,#105,#106,#107,#108,#109,#110,#111,#112,#113,#114,#115,
#116,#117,#118,#119,#120,#121,#122,#123,#124,#125,#126),#6326);
#11=GEOMETRICALLY_BOUNDED_WIREFRAME_SHAPE_REPRESENTATION('',(#12,#13,#14,
#15,#16,#17,#18,#19,#20,#21,#22,#23,#24,#25,#26),#6325);
#12=GEOMETRIC_CURVE_SET('Sketch12',(#6192));
#13=GEOMETRIC_CURVE_SET('Sketch14',(#41,#42,#43,#44,#45,#46,#47,#48,#49,
#50,#51,#6215,#6216,#6217,#6218));
#14=GEOMETRIC_CURVE_SET('Sketch18',(#6219));
#15=GEOMETRIC_CURVE_SET('Sketch20',(#52,#53,#54,#30,#55,#31,#32,#56,#33,
#57,#58,#34,#6249));
#16=GEOMETRIC_CURVE_SET('Sketch25',(#6250));
#17=GEOMETRIC_CURVE_SET('Sketch26',(#59,#60,#61,#6257));
#18=GEOMETRIC_CURVE_SET('Sketch28',(#6258));
#19=GEOMETRIC_CURVE_SET('Sketch29',(#6259));
#20=GEOMETRIC_CURVE_SET('Sketch33',(#62,#63,#64,#65,#66,#67,#6272));
#21=GEOMETRIC_CURVE_SET('Sketch35',(#6273));
#22=GEOMETRIC_CURVE_SET('Sketch37',(#68,#69,#70,#71,#72,#73,#6286));
#23=GEOMETRIC_CURVE_SET('Sketch39',(#6287));
#24=GEOMETRIC_CURVE_SET('Sketch46',(#6288));
#25=GEOMETRIC_CURVE_SET('Sketch50',(#35,#36,#74,#37,#75,#76,#38,#39,#77,
#78,#79,#40,#80,#6321));
#26=GEOMETRIC_CURVE_SET('Sketch51',(#6322));
#27=SHAPE_REPRESENTATION_RELATIONSHIP('SRR','None',#6333,#29);
#28=SHAPE_REPRESENTATION_RELATIONSHIP('SRR','None',#6333,#11);
#29=ADVANCED_BREP_SHAPE_REPRESENTATION('',(#127),#6325);
#30=TRIMMED_CURVE('',#261,(#6227,PARAMETER_VALUE(1.5707963267949)),(#6228,
PARAMETER_VALUE(3.15179030181595)),.T.,.PARAMETER.);
#31=TRIMMED_CURVE('',#262,(#6232,PARAMETER_VALUE(3.17675451141043)),(#6233,
PARAMETER_VALUE(4.67722712256405)),.T.,.PARAMETER.);
#32=TRIMMED_CURVE('',#263,(#6235,PARAMETER_VALUE(4.74755563454003)),(#6236,
PARAMETER_VALUE(6.24816006573701)),.T.,.PARAMETER.);
#33=TRIMMED_CURVE('',#264,(#6240,PARAMETER_VALUE(4.71238898038469)),(#6241,
PARAMETER_VALUE(6.28332671989235)),.T.,.PARAMETER.);
#34=TRIMMED_CURVE('',#265,(#6247,PARAMETER_VALUE(0.)),(#6248,
PARAMETER_VALUE(1.56070473452082)),.T.,.PARAMETER.);
#35=TRIMMED_CURVE('',#266,(#6290,PARAMETER_VALUE(1.57054284907796)),(#6291,
PARAMETER_VALUE(3.15450209549303)),.T.,.PARAMETER.);
#36=TRIMMED_CURVE('',#267,(#6293,PARAMETER_VALUE(3.18945623086248)),(#6294,
PARAMETER_VALUE(4.66432822279124)),.T.,.PARAMETER.);
#37=TRIMMED_CURVE('',#268,(#6298,PARAMETER_VALUE(3.18945623086248)),(#6299,
PARAMETER_VALUE(4.66432822279124)),.T.,.PARAMETER.);
#38=TRIMMED_CURVE('',#269,(#6305,PARAMETER_VALUE(4.76021491609688)),(#6306,
PARAMETER_VALUE(6.23531046316632)),.T.,.PARAMETER.);
#39=TRIMMED_CURVE('',#270,(#6308,PARAMETER_VALUE(4.76021491609688)),(#6309,
PARAMETER_VALUE(6.23531046316632)),.T.,.PARAMETER.);
#40=TRIMMED_CURVE('',#271,(#6317,PARAMETER_VALUE(6.27027582556694)),(#6318,
PARAMETER_VALUE(7.85423515140082)),.T.,.PARAMETER.);
#41=POLYLINE('',(#6193,#6194));
#42=POLYLINE('',(#6195,#6196));
#43=POLYLINE('',(#6197,#6198));
#44=POLYLINE('',(#6199,#6200));
#45=POLYLINE('',(#6201,#6202));
#46=POLYLINE('',(#6203,#6204));
#47=POLYLINE('',(#6205,#6206));
#48=POLYLINE('',(#6207,#6208));
#49=POLYLINE('',(#6209,#6210));
#50=POLYLINE('',(#6211,#6212));
#51=POLYLINE('',(#6213,#6214));
#52=POLYLINE('',(#6220,#6221));
#53=POLYLINE('',(#6222,#6223));
#54=POLYLINE('',(#6224,#6225));
#55=POLYLINE('',(#6229,#6230));
#56=POLYLINE('',(#6237,#6238));
#57=POLYLINE('',(#6242,#6243));
#58=POLYLINE('',(#6244,#6245));
#59=POLYLINE('',(#6251,#6252));
#60=POLYLINE('',(#6253,#6254));
#61=POLYLINE('',(#6255,#6256));
#62=POLYLINE('',(#6260,#6261));
#63=POLYLINE('',(#6262,#6263));
#64=POLYLINE('',(#6264,#6265));
#65=POLYLINE('',(#6266,#6267));
#66=POLYLINE('',(#6268,#6269));
#67=POLYLINE('',(#6270,#6271));
#68=POLYLINE('',(#6274,#6275));
#69=POLYLINE('',(#6276,#6277));
#70=POLYLINE('',(#6278,#6279));
#71=POLYLINE('',(#6280,#6281));
#72=POLYLINE('',(#6282,#6283));
#73=POLYLINE('',(#6284,#6285));
#74=POLYLINE('',(#6295,#6296));
#75=POLYLINE('',(#6300,#6301));
#76=POLYLINE('',(#6302,#6303));
#77=POLYLINE('',(#6310,#6311));
#78=POLYLINE('',(#6312,#6313));
#79=POLYLINE('',(#6314,#6315));
#80=POLYLINE('',(#6319,#6320));
#81=STYLED_ITEM('',(#6342),#127);
#82=STYLED_ITEM('',(#6344),#41);
#83=STYLED_ITEM('',(#6343),#42);
#84=STYLED_ITEM('',(#6344),#43);
#85=STYLED_ITEM('',(#6343),#44);
#86=STYLED_ITEM('',(#6344),#45);
#87=STYLED_ITEM('',(#6344),#46);
#88=STYLED_ITEM('',(#6344),#47);
#89=STYLED_ITEM('',(#6344),#48);
#90=STYLED_ITEM('',(#6343),#49);
#91=STYLED_ITEM('',(#6344),#50);
#92=STYLED_ITEM('',(#6343),#52);
#93=STYLED_ITEM('',(#6344),#53);
#94=STYLED_ITEM('',(#6343),#54);
#95=STYLED_ITEM('',(#6344),#30);
#96=STYLED_ITEM('',(#6344),#55);
#97=STYLED_ITEM('',(#6343),#32);
#98=STYLED_ITEM('',(#6344),#56);
#99=STYLED_ITEM('',(#6344),#33);
#100=STYLED_ITEM('',(#6343),#57);
#101=STYLED_ITEM('',(#6344),#58);
#102=STYLED_ITEM('',(#6344),#34);
#103=STYLED_ITEM('',(#6345),#59);
#104=STYLED_ITEM('',(#6345),#61);
#105=STYLED_ITEM('',(#6343),#62);
#106=STYLED_ITEM('',(#6343),#63);
#107=STYLED_ITEM('',(#6344),#64);
#108=STYLED_ITEM('',(#6344),#65);
#109=STYLED_ITEM('',(#6344),#66);
#110=STYLED_ITEM('',(#6344),#67);
#111=STYLED_ITEM('',(#6343),#68);
#112=STYLED_ITEM('',(#6343),#69);
#113=STYLED_ITEM('',(#6344),#70);
#114=STYLED_ITEM('',(#6344),#71);
#115=STYLED_ITEM('',(#6344),#73);
#116=STYLED_ITEM('',(#6345),#35);
#117=STYLED_ITEM('',(#6343),#36);
#118=STYLED_ITEM('',(#6344),#74);
#119=STYLED_ITEM('',(#6344),#37);
#120=STYLED_ITEM('',(#6344),#75);
#121=STYLED_ITEM('',(#6343),#76);
#122=STYLED_ITEM('',(#6345),#38);
#123=STYLED_ITEM('',(#6345),#77);
#124=STYLED_ITEM('',(#6344),#78);
#125=STYLED_ITEM('',(#6343),#79);
#126=STYLED_ITEM('',(#6344),#80);
#127=MANIFOLD_SOLID_BREP('Solid1',#3551);
#128=FACE_BOUND('',#499,.T.);
#129=FACE_BOUND('',#503,.T.);
#130=FACE_BOUND('',#508,.T.);
#131=FACE_BOUND('',#590,.T.);
#132=FACE_BOUND('',#606,.T.);
#133=FACE_BOUND('',#617,.T.);
#134=FACE_BOUND('',#618,.T.);
#135=FACE_BOUND('',#632,.T.);
#136=FACE_BOUND('',#650,.T.);
#137=FACE_BOUND('',#653,.T.);
#138=CYLINDRICAL_SURFACE('',#3606,22.2858330909091);
#139=CYLINDRICAL_SURFACE('',#3633,22.0000008621826);
#140=CYLINDRICAL_SURFACE('',#3635,16.);
#141=CYLINDRICAL_SURFACE('',#3638,22.);
#142=CYLINDRICAL_SURFACE('',#3674,22.);
#143=CYLINDRICAL_SURFACE('',#3675,16.);
#144=CYLINDRICAL_SURFACE('',#3676,16.);
#145=CYLINDRICAL_SURFACE('',#3677,22.);
#146=CYLINDRICAL_SURFACE('',#3678,26.);
#147=CYLINDRICAL_SURFACE('',#3680,20.0000000000001);
#148=CYLINDRICAL_SURFACE('',#3682,20.);
#149=CYLINDRICAL_SURFACE('',#3684,26.);
#150=CYLINDRICAL_SURFACE('',#3699,20.);
#151=CYLINDRICAL_SURFACE('',#3706,26.);
#152=CYLINDRICAL_SURFACE('',#3729,16.);
#153=CYLINDRICAL_SURFACE('',#3730,22.);
#154=CYLINDRICAL_SURFACE('',#3731,22.);
#155=CYLINDRICAL_SURFACE('',#3732,16.);
#156=CYLINDRICAL_SURFACE('',#3733,20.);
#157=CYLINDRICAL_SURFACE('',#3735,26.);
#158=CYLINDRICAL_SURFACE('',#3750,31.);
#159=CYLINDRICAL_SURFACE('',#3755,31.);
#160=CYLINDRICAL_SURFACE('',#3760,12.5);
#161=CYLINDRICAL_SURFACE('',#3762,12.5);
#162=CYLINDRICAL_SURFACE('',#3771,12.5);
#163=CYLINDRICAL_SURFACE('',#3773,12.5);
#164=CYLINDRICAL_SURFACE('',#3795,31.);
#165=CYLINDRICAL_SURFACE('',#3798,31.);
#166=CYLINDRICAL_SURFACE('',#3807,55.);
#167=CYLINDRICAL_SURFACE('',#3817,55.0000000000001);
#168=CYLINDRICAL_SURFACE('',#3818,34.);
#169=CYLINDRICAL_SURFACE('',#3820,34.);
#170=CYLINDRICAL_SURFACE('',#3822,36.);
#171=CYLINDRICAL_SURFACE('',#3824,36.);
#172=CYLINDRICAL_SURFACE('',#3825,57.);
#173=CYLINDRICAL_SURFACE('',#3827,57.);
#174=CIRCLE('',#3575,16.);
#175=CIRCLE('',#3577,16.);
#176=CIRCLE('',#3579,54.9999999999998);
#177=CIRCLE('',#3580,22.);
#178=CIRCLE('',#3582,22.0000008621826);
#179=CIRCLE('',#3584,34.);
#180=CIRCLE('',#3586,34.);
#181=CIRCLE('',#3588,54.9999999999999);
#182=CIRCLE('',#3590,55.5217391304348);
#183=CIRCLE('',#3591,55.);
#184=CIRCLE('',#3593,34.);
#185=CIRCLE('',#3594,34.0000000000002);
#186=CIRCLE('',#3596,22.2858330909091);
#187=CIRCLE('',#3598,22.);
#188=CIRCLE('',#3599,55.);
#189=CIRCLE('',#3601,16.);
#190=CIRCLE('',#3602,34.);
#191=CIRCLE('',#3604,16.);
#192=CIRCLE('',#3605,34.);
#193=CIRCLE('',#3607,22.2858330909091);
#194=CIRCLE('',#3609,22.);
#195=CIRCLE('',#3611,22.);
#196=CIRCLE('',#3612,22.);
#197=CIRCLE('',#3613,28.);
#198=CIRCLE('',#3614,28.);
#199=CIRCLE('',#3615,20.);
#200=CIRCLE('',#3616,20.);
#201=CIRCLE('',#3617,26.);
#202=CIRCLE('',#3618,26.);
#203=CIRCLE('',#3622,31.);
#204=CIRCLE('',#3623,12.5);
#205=CIRCLE('',#3628,31.);
#206=CIRCLE('',#3629,12.5);
#207=CIRCLE('',#3631,22.);
#208=CIRCLE('',#3632,22.);
#209=CIRCLE('',#3634,22.);
#210=CIRCLE('',#3636,16.);
#211=CIRCLE('',#3640,16.);
#212=CIRCLE('',#3661,26.);
#213=CIRCLE('',#3662,22.);
#214=CIRCLE('',#3664,16.);
#215=CIRCLE('',#3665,20.);
#216=CIRCLE('',#3667,16.);
#217=CIRCLE('',#3668,20.0000000000001);
#218=CIRCLE('',#3670,26.);
#219=CIRCLE('',#3671,22.);
#220=CIRCLE('',#3679,26.);
#221=CIRCLE('',#3681,20.0000000000001);
#222=CIRCLE('',#3683,20.);
#223=CIRCLE('',#3685,26.);
#224=CIRCLE('',#3687,55.0000000000001);
#225=CIRCLE('',#3689,36.);
#226=CIRCLE('',#3691,36.);
#227=CIRCLE('',#3693,57.);
#228=CIRCLE('',#3695,57.);
#229=CIRCLE('',#3700,20.);
#230=CIRCLE('',#3707,26.);
#231=CIRCLE('',#3719,22.);
#232=CIRCLE('',#3721,22.);
#233=CIRCLE('',#3722,26.);
#234=CIRCLE('',#3724,16.);
#235=CIRCLE('',#3726,16.);
#236=CIRCLE('',#3727,20.);
#237=CIRCLE('',#3737,22.);
#238=CIRCLE('',#3738,22.);
#239=CIRCLE('',#3739,28.);
#240=CIRCLE('',#3740,28.);
#241=CIRCLE('',#3742,36.);
#242=CIRCLE('',#3744,36.);
#243=CIRCLE('',#3746,57.);
#244=CIRCLE('',#3748,56.9999999999999);
#245=CIRCLE('',#3751,31.);
#246=CIRCLE('',#3752,31.);
#247=CIRCLE('',#3758,12.5);
#248=CIRCLE('',#3761,12.5);
#249=CIRCLE('',#3763,12.5);
#250=CIRCLE('',#3772,12.5);
#251=CIRCLE('',#3774,12.5);
#252=CIRCLE('',#3775,12.5);
#253=CIRCLE('',#3785,31.);
#254=CIRCLE('',#3787,31.);
#255=CIRCLE('',#3789,31.);
#256=CIRCLE('',#3796,31.);
#257=CIRCLE('',#3801,34.);
#258=CIRCLE('',#3802,34.);
#259=CIRCLE('',#3805,55.);
#260=CIRCLE('',#3806,55.0000000000001);
#261=CIRCLE('',#3828,28.0014559514972);
#262=CIRCLE('',#3829,22.);
#263=CIRCLE('',#3830,22.);
#264=CIRCLE('',#3831,21.2130002121041);
#265=CIRCLE('',#3832,28.2854402857143);
#266=CIRCLE('',#3833,22.0000008621826);
#267=CIRCLE('',#3834,16.);
#268=CIRCLE('',#3835,16.);
#269=CIRCLE('',#3836,16.);
#270=CIRCLE('',#3837,16.0000000000001);
#271=CIRCLE('',#3838,22.);
#272=B_SPLINE_CURVE_WITH_KNOTS('',3,(#4812,#4813,#4814,#4815,#4816,#4817,
#4818),.UNSPECIFIED.,.F.,.F.,(4,1,1,1,4),(0.,0.285714285714286,0.571428571428571,
0.785714285714286,1.),.UNSPECIFIED.);
#273=B_SPLINE_CURVE_WITH_KNOTS('',3,(#4857,#4858,#4859,#4860,#4861,#4862,
#4863),.UNSPECIFIED.,.F.,.F.,(4,1,1,1,4),(0.,0.285714285714286,0.571428571428571,
0.785714285714286,1.),.UNSPECIFIED.);
#274=B_SPLINE_CURVE_WITH_KNOTS('',3,(#4940,#4941,#4942,#4943,#4944,#4945,
#4946),.UNSPECIFIED.,.F.,.F.,(4,1,1,1,4),(0.,0.285714285714286,0.571428571428571,
0.857142857142857,1.),.UNSPECIFIED.);
#275=B_SPLINE_CURVE_WITH_KNOTS('',3,(#5011,#5012,#5013,#5014,#5015,#5016,
#5017),.UNSPECIFIED.,.F.,.F.,(4,1,1,1,4),(0.0478287706687917,0.285714285714286,
0.571428571428571,0.857142857142857,1.),.UNSPECIFIED.);
#276=B_SPLINE_SURFACE_WITH_KNOTS('',3,3,((#4783,#4784,#4785,#4786),(#4787,
#4788,#4789,#4790),(#4791,#4792,#4793,#4794),(#4795,#4796,#4797,#4798),
(#4799,#4800,#4801,#4802),(#4803,#4804,#4805,#4806),(#4807,#4808,#4809,
#4810)),.UNSPECIFIED.,.F.,.F.,.F.,(4,1,1,1,4),(4,4),(0.,0.285714285714286,
0.571428571428571,0.785714285714286,1.),(0.,1.),.UNSPECIFIED.);
#277=B_SPLINE_SURFACE_WITH_KNOTS('',3,3,((#4828,#4829,#4830,#4831),(#4832,
#4833,#4834,#4835),(#4836,#4837,#4838,#4839),(#4840,#4841,#4842,#4843),
(#4844,#4845,#4846,#4847),(#4848,#4849,#4850,#4851),(#4852,#4853,#4854,
#4855)),.UNSPECIFIED.,.F.,.F.,.F.,(4,1,1,1,4),(4,4),(0.,0.285714285714286,
0.571428571428571,0.785714285714286,1.),(0.,1.),.UNSPECIFIED.);
#278=B_SPLINE_SURFACE_WITH_KNOTS('',3,3,((#4873,#4874,#4875,#4876),(#4877,
#4878,#4879,#4880),(#4881,#4882,#4883,#4884),(#4885,#4886,#4887,#4888),
(#4889,#4890,#4891,#4892),(#4893,#4894,#4895,#4896),(#4897,#4898,#4899,
#4900)),.UNSPECIFIED.,.F.,.F.,.F.,(4,1,1,1,4),(4,4),(0.,0.285714285714286,
0.571428571428571,0.857142857142857,1.),(0.,1.),.UNSPECIFIED.);
#279=B_SPLINE_SURFACE_WITH_KNOTS('',3,3,((#4912,#4913,#4914,#4915),(#4916,
#4917,#4918,#4919),(#4920,#4921,#4922,#4923),(#4924,#4925,#4926,#4927),
(#4928,#4929,#4930,#4931),(#4932,#4933,#4934,#4935),(#4936,#4937,#4938,
#4939)),.UNSPECIFIED.,.F.,.F.,.F.,(4,1,1,1,4),(4,4),(0.,0.285714285714286,
0.571428571428571,0.857142857142857,1.),(0.,1.),.UNSPECIFIED.);
#280=B_SPLINE_SURFACE_WITH_KNOTS('',3,3,((#4979,#4980,#4981,#4982),(#4983,
#4984,#4985,#4986),(#4987,#4988,#4989,#4990),(#4991,#4992,#4993,#4994),
(#4995,#4996,#4997,#4998),(#4999,#5000,#5001,#5002),(#5003,#5004,#5005,
#5006)),.UNSPECIFIED.,.F.,.F.,.F.,(4,1,1,1,4),(4,4),(0.,0.285714285714286,
0.571428571428571,0.857142857142857,1.),(0.,1.),.UNSPECIFIED.);
#281=B_SPLINE_SURFACE_WITH_KNOTS('',3,3,((#5024,#5025,#5026,#5027),(#5028,
#5029,#5030,#5031),(#5032,#5033,#5034,#5035),(#5036,#5037,#5038,#5039),
(#5040,#5041,#5042,#5043),(#5044,#5045,#5046,#5047),(#5048,#5049,#5050,
#5051)),.UNSPECIFIED.,.F.,.F.,.F.,(4,1,1,1,4),(4,4),(0.,0.285714285714286,
0.571428571428571,0.857142857142857,1.),(0.,1.),.UNSPECIFIED.);
#282=B_SPLINE_SURFACE_WITH_KNOTS('',3,3,((#5061,#5062,#5063,#5064),(#5065,
#5066,#5067,#5068),(#5069,#5070,#5071,#5072),(#5073,#5074,#5075,#5076),
(#5077,#5078,#5079,#5080),(#5081,#5082,#5083,#5084),(#5085,#5086,#5087,
#5088)),.UNSPECIFIED.,.F.,.F.,.F.,(4,1,1,1,4),(4,4),(0.,0.285714285714286,
0.571428571428571,0.785714285714286,1.),(0.,1.),.UNSPECIFIED.);
#283=B_SPLINE_SURFACE_WITH_KNOTS('',3,3,((#5100,#5101,#5102,#5103),(#5104,
#5105,#5106,#5107),(#5108,#5109,#5110,#5111),(#5112,#5113,#5114,#5115),
(#5116,#5117,#5118,#5119),(#5120,#5121,#5122,#5123),(#5124,#5125,#5126,
#5127)),.UNSPECIFIED.,.F.,.F.,.F.,(4,1,1,1,4),(4,4),(0.,0.285714285714286,
0.571428571428571,0.785714285714286,1.),(0.,1.),.UNSPECIFIED.);
#284=B_SPLINE_SURFACE_WITH_KNOTS('',3,3,((#5482,#5483,#5484,#5485),(#5486,
#5487,#5488,#5489),(#5490,#5491,#5492,#5493),(#5494,#5495,#5496,#5497),
(#5498,#5499,#5500,#5501),(#5502,#5503,#5504,#5505),(#5506,#5507,#5508,
#5509)),.UNSPECIFIED.,.F.,.F.,.F.,(4,1,1,1,4),(4,4),(0.,0.285714285714286,
0.571428571428571,0.857142857142857,1.),(0.,1.),.UNSPECIFIED.);
#285=B_SPLINE_SURFACE_WITH_KNOTS('',3,3,((#5517,#5518,#5519,#5520),(#5521,
#5522,#5523,#5524),(#5525,#5526,#5527,#5528),(#5529,#5530,#5531,#5532),
(#5533,#5534,#5535,#5536),(#5537,#5538,#5539,#5540),(#5541,#5542,#5543,
#5544)),.UNSPECIFIED.,.F.,.F.,.F.,(4,1,1,1,4),(4,4),(0.,0.285714285714286,
0.571428571428571,0.857142857142857,1.),(0.,1.),.UNSPECIFIED.);
#286=B_SPLINE_SURFACE_WITH_KNOTS('',3,3,((#5552,#5553,#5554,#5555),(#5556,
#5557,#5558,#5559),(#5560,#5561,#5562,#5563),(#5564,#5565,#5566,#5567),
(#5568,#5569,#5570,#5571),(#5572,#5573,#5574,#5575),(#5576,#5577,#5578,
#5579)),.UNSPECIFIED.,.F.,.F.,.F.,(4,1,1,1,4),(4,4),(0.,0.285714285714286,
0.571428571428571,0.857142857142857,1.),(0.,1.),.UNSPECIFIED.);
#287=B_SPLINE_SURFACE_WITH_KNOTS('',3,3,((#5587,#5588,#5589,#5590),(#5591,
#5592,#5593,#5594),(#5595,#5596,#5597,#5598),(#5599,#5600,#5601,#5602),
(#5603,#5604,#5605,#5606),(#5607,#5608,#5609,#5610),(#5611,#5612,#5613,
#5614)),.UNSPECIFIED.,.F.,.F.,.F.,(4,1,1,1,4),(4,4),(0.,0.285714285714286,
0.571428571428571,0.857142857142857,1.),(0.,1.),.UNSPECIFIED.);
#288=B_SPLINE_SURFACE_WITH_KNOTS('',3,3,((#5767,#5768,#5769,#5770),(#5771,
#5772,#5773,#5774),(#5775,#5776,#5777,#5778),(#5779,#5780,#5781,#5782),
(#5783,#5784,#5785,#5786),(#5787,#5788,#5789,#5790),(#5791,#5792,#5793,
#5794)),.UNSPECIFIED.,.F.,.F.,.F.,(4,1,1,1,4),(4,4),(0.,0.285714285714286,
0.571428571428571,0.857142857142857,1.),(0.,1.),.UNSPECIFIED.);
#289=B_SPLINE_SURFACE_WITH_KNOTS('',3,3,((#5802,#5803,#5804,#5805),(#5806,
#5807,#5808,#5809),(#5810,#5811,#5812,#5813),(#5814,#5815,#5816,#5817),
(#5818,#5819,#5820,#5821),(#5822,#5823,#5824,#5825),(#5826,#5827,#5828,
#5829)),.UNSPECIFIED.,.F.,.F.,.F.,(4,1,1,1,4),(4,4),(0.,0.285714285714286,
0.571428571428571,0.857142857142857,1.),(0.,1.),.UNSPECIFIED.);
#290=B_SPLINE_SURFACE_WITH_KNOTS('',3,3,((#5837,#5838,#5839,#5840),(#5841,
#5842,#5843,#5844),(#5845,#5846,#5847,#5848),(#5849,#5850,#5851,#5852),
(#5853,#5854,#5855,#5856),(#5857,#5858,#5859,#5860),(#5861,#5862,#5863,
#5864)),.UNSPECIFIED.,.F.,.F.,.F.,(4,1,1,1,4),(4,4),(0.,0.285714285714286,
0.571428571428571,0.857142857142857,1.),(0.,1.),.UNSPECIFIED.);
#291=B_SPLINE_SURFACE_WITH_KNOTS('',3,3,((#5872,#5873,#5874,#5875),(#5876,
#5877,#5878,#5879),(#5880,#5881,#5882,#5883),(#5884,#5885,#5886,#5887),
(#5888,#5889,#5890,#5891),(#5892,#5893,#5894,#5895),(#5896,#5897,#5898,
#5899)),.UNSPECIFIED.,.F.,.F.,.F.,(4,1,1,1,4),(4,4),(0.,0.285714285714286,
0.571428571428571,0.857142857142857,1.),(0.,1.),.UNSPECIFIED.);
#292=FACE_OUTER_BOUND('',#475,.T.);
#293=FACE_OUTER_BOUND('',#476,.T.);
#294=FACE_OUTER_BOUND('',#477,.T.);
#295=FACE_OUTER_BOUND('',#478,.T.);
#296=FACE_OUTER_BOUND('',#479,.T.);
#297=FACE_OUTER_BOUND('',#480,.T.);
#298=FACE_OUTER_BOUND('',#481,.T.);
#299=FACE_OUTER_BOUND('',#482,.T.);
#300=FACE_OUTER_BOUND('',#483,.T.);
#301=FACE_OUTER_BOUND('',#484,.T.);
#302=FACE_OUTER_BOUND('',#485,.T.);
#303=FACE_OUTER_BOUND('',#486,.T.);
#304=FACE_OUTER_BOUND('',#487,.T.);
#305=FACE_OUTER_BOUND('',#488,.T.);
#306=FACE_OUTER_BOUND('',#489,.T.);
#307=FACE_OUTER_BOUND('',#490,.T.);
#308=FACE_OUTER_BOUND('',#491,.T.);
#309=FACE_OUTER_BOUND('',#492,.T.);
#310=FACE_OUTER_BOUND('',#493,.T.);
#311=FACE_OUTER_BOUND('',#494,.T.);
#312=FACE_OUTER_BOUND('',#495,.T.);
#313=FACE_OUTER_BOUND('',#496,.T.);
#314=FACE_OUTER_BOUND('',#497,.T.);
#315=FACE_OUTER_BOUND('',#498,.T.);
#316=FACE_OUTER_BOUND('',#500,.T.);
#317=FACE_OUTER_BOUND('',#501,.T.);
#318=FACE_OUTER_BOUND('',#502,.T.);
#319=FACE_OUTER_BOUND('',#504,.T.);
#320=FACE_OUTER_BOUND('',#505,.T.);
#321=FACE_OUTER_BOUND('',#506,.T.);
#322=FACE_OUTER_BOUND('',#507,.T.);
#323=FACE_OUTER_BOUND('',#509,.T.);
#324=FACE_OUTER_BOUND('',#510,.T.);
#325=FACE_OUTER_BOUND('',#511,.T.);
#326=FACE_OUTER_BOUND('',#512,.T.);
#327=FACE_OUTER_BOUND('',#513,.T.);
#328=FACE_OUTER_BOUND('',#514,.T.);
#329=FACE_OUTER_BOUND('',#515,.T.);
#330=FACE_OUTER_BOUND('',#516,.T.);
#331=FACE_OUTER_BOUND('',#517,.T.);
#332=FACE_OUTER_BOUND('',#518,.T.);
#333=FACE_OUTER_BOUND('',#519,.T.);
#334=FACE_OUTER_BOUND('',#520,.T.);
#335=FACE_OUTER_BOUND('',#521,.T.);
#336=FACE_OUTER_BOUND('',#522,.T.);
#337=FACE_OUTER_BOUND('',#523,.T.);
#338=FACE_OUTER_BOUND('',#524,.T.);
#339=FACE_OUTER_BOUND('',#525,.T.);
#340=FACE_OUTER_BOUND('',#526,.T.);
#341=FACE_OUTER_BOUND('',#527,.T.);
#342=FACE_OUTER_BOUND('',#528,.T.);
#343=FACE_OUTER_BOUND('',#529,.T.);
#344=FACE_OUTER_BOUND('',#530,.T.);
#345=FACE_OUTER_BOUND('',#531,.T.);
#346=FACE_OUTER_BOUND('',#532,.T.);
#347=FACE_OUTER_BOUND('',#533,.T.);
#348=FACE_OUTER_BOUND('',#534,.T.);
#349=FACE_OUTER_BOUND('',#535,.T.);
#350=FACE_OUTER_BOUND('',#536,.T.);
#351=FACE_OUTER_BOUND('',#537,.T.);
#352=FACE_OUTER_BOUND('',#538,.T.);
#353=FACE_OUTER_BOUND('',#539,.T.);
#354=FACE_OUTER_BOUND('',#540,.T.);
#355=FACE_OUTER_BOUND('',#541,.T.);
#356=FACE_OUTER_BOUND('',#542,.T.);
#357=FACE_OUTER_BOUND('',#543,.T.);
#358=FACE_OUTER_BOUND('',#544,.T.);
#359=FACE_OUTER_BOUND('',#545,.T.);
#360=FACE_OUTER_BOUND('',#546,.T.);
#361=FACE_OUTER_BOUND('',#547,.T.);
#362=FACE_OUTER_BOUND('',#548,.T.);
#363=FACE_OUTER_BOUND('',#549,.T.);
#364=FACE_OUTER_BOUND('',#550,.T.);
#365=FACE_OUTER_BOUND('',#551,.T.);
#366=FACE_OUTER_BOUND('',#552,.T.);
#367=FACE_OUTER_BOUND('',#553,.T.);
#368=FACE_OUTER_BOUND('',#554,.T.);
#369=FACE_OUTER_BOUND('',#555,.T.);
#370=FACE_OUTER_BOUND('',#556,.T.);
#371=FACE_OUTER_BOUND('',#557,.T.);
#372=FACE_OUTER_BOUND('',#558,.T.);
#373=FACE_OUTER_BOUND('',#559,.T.);
#374=FACE_OUTER_BOUND('',#560,.T.);
#375=FACE_OUTER_BOUND('',#561,.T.);
#376=FACE_OUTER_BOUND('',#562,.T.);
#377=FACE_OUTER_BOUND('',#563,.T.);
#378=FACE_OUTER_BOUND('',#564,.T.);
#379=FACE_OUTER_BOUND('',#565,.T.);
#380=FACE_OUTER_BOUND('',#566,.T.);
#381=FACE_OUTER_BOUND('',#567,.T.);
#382=FACE_OUTER_BOUND('',#568,.T.);
#383=FACE_OUTER_BOUND('',#569,.T.);
#384=FACE_OUTER_BOUND('',#570,.T.);
#385=FACE_OUTER_BOUND('',#571,.T.);
#386=FACE_OUTER_BOUND('',#572,.T.);
#387=FACE_OUTER_BOUND('',#573,.T.);
#388=FACE_OUTER_BOUND('',#574,.T.);
#389=FACE_OUTER_BOUND('',#575,.T.);
#390=FACE_OUTER_BOUND('',#576,.T.);
#391=FACE_OUTER_BOUND('',#577,.T.);
#392=FACE_OUTER_BOUND('',#578,.T.);
#393=FACE_OUTER_BOUND('',#579,.T.);
#394=FACE_OUTER_BOUND('',#580,.T.);
#395=FACE_OUTER_BOUND('',#581,.T.);
#396=FACE_OUTER_BOUND('',#582,.T.);
#397=FACE_OUTER_BOUND('',#583,.T.);
#398=FACE_OUTER_BOUND('',#584,.T.);
#399=FACE_OUTER_BOUND('',#585,.T.);
#400=FACE_OUTER_BOUND('',#586,.T.);
#401=FACE_OUTER_BOUND('',#587,.T.);
#402=FACE_OUTER_BOUND('',#588,.T.);
#403=FACE_OUTER_BOUND('',#589,.T.);
#404=FACE_OUTER_BOUND('',#591,.T.);
#405=FACE_OUTER_BOUND('',#592,.T.);
#406=FACE_OUTER_BOUND('',#593,.T.);
#407=FACE_OUTER_BOUND('',#594,.T.);
#408=FACE_OUTER_BOUND('',#595,.T.);
#409=FACE_OUTER_BOUND('',#596,.T.);
#410=FACE_OUTER_BOUND('',#597,.T.);
#411=FACE_OUTER_BOUND('',#598,.T.);
#412=FACE_OUTER_BOUND('',#599,.T.);
#413=FACE_OUTER_BOUND('',#600,.T.);
#414=FACE_OUTER_BOUND('',#601,.T.);
#415=FACE_OUTER_BOUND('',#602,.T.);
#416=FACE_OUTER_BOUND('',#603,.T.);
#417=FACE_OUTER_BOUND('',#604,.T.);
#418=FACE_OUTER_BOUND('',#605,.T.);
#419=FACE_OUTER_BOUND('',#607,.T.);
#420=FACE_OUTER_BOUND('',#608,.T.);
#421=FACE_OUTER_BOUND('',#609,.T.);
#422=FACE_OUTER_BOUND('',#610,.T.);
#423=FACE_OUTER_BOUND('',#611,.T.);
#424=FACE_OUTER_BOUND('',#612,.T.);
#425=FACE_OUTER_BOUND('',#613,.T.);
#426=FACE_OUTER_BOUND('',#614,.T.);
#427=FACE_OUTER_BOUND('',#615,.T.);
#428=FACE_OUTER_BOUND('',#616,.T.);
#429=FACE_OUTER_BOUND('',#619,.T.);
#430=FACE_OUTER_BOUND('',#620,.T.);
#431=FACE_OUTER_BOUND('',#621,.T.);
#432=FACE_OUTER_BOUND('',#622,.T.);
#433=FACE_OUTER_BOUND('',#623,.T.);
#434=FACE_OUTER_BOUND('',#624,.T.);
#435=FACE_OUTER_BOUND('',#625,.T.);
#436=FACE_OUTER_BOUND('',#626,.T.);
#437=FACE_OUTER_BOUND('',#627,.T.);
#438=FACE_OUTER_BOUND('',#628,.T.);
#439=FACE_OUTER_BOUND('',#629,.T.);
#440=FACE_OUTER_BOUND('',#630,.T.);
#441=FACE_OUTER_BOUND('',#631,.T.);
#442=FACE_OUTER_BOUND('',#633,.T.);
#443=FACE_OUTER_BOUND('',#634,.T.);
#444=FACE_OUTER_BOUND('',#635,.T.);
#445=FACE_OUTER_BOUND('',#636,.T.);
#446=FACE_OUTER_BOUND('',#637,.T.);
#447=FACE_OUTER_BOUND('',#638,.T.);
#448=FACE_OUTER_BOUND('',#639,.T.);
#449=FACE_OUTER_BOUND('',#640,.T.);
#450=FACE_OUTER_BOUND('',#641,.T.);
#451=FACE_OUTER_BOUND('',#642,.T.);
#452=FACE_OUTER_BOUND('',#643,.T.);
#453=FACE_OUTER_BOUND('',#644,.T.);
#454=FACE_OUTER_BOUND('',#645,.T.);
#455=FACE_OUTER_BOUND('',#646,.T.);
#456=FACE_OUTER_BOUND('',#647,.T.);
#457=FACE_OUTER_BOUND('',#648,.T.);
#458=FACE_OUTER_BOUND('',#649,.T.);
#459=FACE_OUTER_BOUND('',#651,.T.);
#460=FACE_OUTER_BOUND('',#652,.T.);
#461=FACE_OUTER_BOUND('',#654,.T.);
#462=FACE_OUTER_BOUND('',#655,.T.);
#463=FACE_OUTER_BOUND('',#656,.T.);
#464=FACE_OUTER_BOUND('',#657,.T.);
#465=FACE_OUTER_BOUND('',#658,.T.);
#466=FACE_OUTER_BOUND('',#659,.T.);
#467=FACE_OUTER_BOUND('',#660,.T.);
#468=FACE_OUTER_BOUND('',#661,.T.);
#469=FACE_OUTER_BOUND('',#662,.T.);
#470=FACE_OUTER_BOUND('',#663,.T.);
#471=FACE_OUTER_BOUND('',#664,.T.);
#472=FACE_OUTER_BOUND('',#665,.T.);
#473=FACE_OUTER_BOUND('',#666,.T.);
#474=FACE_OUTER_BOUND('',#667,.T.);
#475=EDGE_LOOP('',(#2251,#2252,#2253,#2254));
#476=EDGE_LOOP('',(#2255,#2256,#2257,#2258));
#477=EDGE_LOOP('',(#2259,#2260,#2261,#2262));
#478=EDGE_LOOP('',(#2263,#2264,#2265,#2266));
#479=EDGE_LOOP('',(#2267,#2268,#2269,#2270));
#480=EDGE_LOOP('',(#2271,#2272,#2273,#2274));
#481=EDGE_LOOP('',(#2275,#2276,#2277,#2278));
#482=EDGE_LOOP('',(#2279,#2280,#2281,#2282));
#483=EDGE_LOOP('',(#2283,#2284));
#484=EDGE_LOOP('',(#2285,#2286));
#485=EDGE_LOOP('',(#2287,#2288));
#486=EDGE_LOOP('',(#2289,#2290,#2291,#2292));
#487=EDGE_LOOP('',(#2293,#2294,#2295,#2296));
#488=EDGE_LOOP('',(#2297,#2298,#2299,#2300));
#489=EDGE_LOOP('',(#2301,#2302,#2303,#2304,#2305));
#490=EDGE_LOOP('',(#2306,#2307,#2308,#2309));
#491=EDGE_LOOP('',(#2310,#2311,#2312,#2313,#2314));
#492=EDGE_LOOP('',(#2315,#2316,#2317,#2318));
#493=EDGE_LOOP('',(#2319,#2320,#2321,#2322,#2323));
#494=EDGE_LOOP('',(#2324,#2325,#2326,#2327));
#495=EDGE_LOOP('',(#2328,#2329,#2330,#2331,#2332));
#496=EDGE_LOOP('',(#2333,#2334,#2335,#2336));
#497=EDGE_LOOP('',(#2337,#2338));
#498=EDGE_LOOP('',(#2339,#2340,#2341,#2342,#2343,#2344,#2345,#2346));
#499=EDGE_LOOP('',(#2347,#2348,#2349,#2350,#2351,#2352,#2353,#2354,#2355,
#2356,#2357,#2358,#2359,#2360,#2361,#2362,#2363,#2364,#2365,#2366,#2367,
#2368,#2369,#2370));
#500=EDGE_LOOP('',(#2371,#2372,#2373,#2374));
#501=EDGE_LOOP('',(#2375,#2376,#2377,#2378));
#502=EDGE_LOOP('',(#2379,#2380,#2381,#2382,#2383,#2384,#2385));
#503=EDGE_LOOP('',(#2386));
#504=EDGE_LOOP('',(#2387,#2388,#2389,#2390));
#505=EDGE_LOOP('',(#2391,#2392,#2393,#2394));
#506=EDGE_LOOP('',(#2395,#2396,#2397,#2398,#2399));
#507=EDGE_LOOP('',(#2400,#2401,#2402,#2403,#2404,#2405));
#508=EDGE_LOOP('',(#2406));
#509=EDGE_LOOP('',(#2407,#2408,#2409,#2410,#2411));
#510=EDGE_LOOP('',(#2412,#2413,#2414,#2415,#2416));
#511=EDGE_LOOP('',(#2417,#2418,#2419,#2420));
#512=EDGE_LOOP('',(#2421,#2422,#2423,#2424,#2425,#2426));
#513=EDGE_LOOP('',(#2427,#2428,#2429,#2430));
#514=EDGE_LOOP('',(#2431,#2432,#2433,#2434,#2435));
#515=EDGE_LOOP('',(#2436,#2437,#2438,#2439,#2440));
#516=EDGE_LOOP('',(#2441,#2442,#2443,#2444,#2445));
#517=EDGE_LOOP('',(#2446,#2447,#2448,#2449));
#518=EDGE_LOOP('',(#2450,#2451,#2452,#2453));
#519=EDGE_LOOP('',(#2454,#2455,#2456,#2457));
#520=EDGE_LOOP('',(#2458,#2459,#2460,#2461));
#521=EDGE_LOOP('',(#2462,#2463,#2464,#2465));
#522=EDGE_LOOP('',(#2466,#2467,#2468,#2469));
#523=EDGE_LOOP('',(#2470,#2471,#2472,#2473));
#524=EDGE_LOOP('',(#2474,#2475,#2476,#2477));
#525=EDGE_LOOP('',(#2478,#2479,#2480,#2481));
#526=EDGE_LOOP('',(#2482,#2483,#2484,#2485));
#527=EDGE_LOOP('',(#2486,#2487,#2488,#2489));
#528=EDGE_LOOP('',(#2490,#2491,#2492,#2493));
#529=EDGE_LOOP('',(#2494,#2495,#2496,#2497,#2498,#2499,#2500,#2501,#2502));
#530=EDGE_LOOP('',(#2503,#2504,#2505,#2506));
#531=EDGE_LOOP('',(#2507,#2508,#2509,#2510));
#532=EDGE_LOOP('',(#2511,#2512,#2513,#2514,#2515,#2516,#2517,#2518,#2519,
#2520,#2521));
#533=EDGE_LOOP('',(#2522,#2523,#2524,#2525,#2526,#2527,#2528,#2529,#2530));
#534=EDGE_LOOP('',(#2531,#2532,#2533,#2534,#2535,#2536,#2537,#2538));
#535=EDGE_LOOP('',(#2539,#2540,#2541,#2542,#2543,#2544,#2545,#2546));
#536=EDGE_LOOP('',(#2547,#2548,#2549,#2550,#2551,#2552,#2553,#2554));
#537=EDGE_LOOP('',(#2555,#2556,#2557,#2558,#2559,#2560,#2561,#2562));
#538=EDGE_LOOP('',(#2563,#2564,#2565,#2566));
#539=EDGE_LOOP('',(#2567,#2568,#2569,#2570));
#540=EDGE_LOOP('',(#2571,#2572,#2573,#2574));
#541=EDGE_LOOP('',(#2575,#2576,#2577,#2578));
#542=EDGE_LOOP('',(#2579,#2580,#2581,#2582));
#543=EDGE_LOOP('',(#2583,#2584,#2585,#2586));
#544=EDGE_LOOP('',(#2587,#2588,#2589,#2590));
#545=EDGE_LOOP('',(#2591,#2592,#2593,#2594));
#546=EDGE_LOOP('',(#2595,#2596,#2597,#2598));
#547=EDGE_LOOP('',(#2599,#2600,#2601,#2602));
#548=EDGE_LOOP('',(#2603,#2604,#2605));
#549=EDGE_LOOP('',(#2606,#2607,#2608,#2609));
#550=EDGE_LOOP('',(#2610,#2611,#2612,#2613));
#551=EDGE_LOOP('',(#2614,#2615,#2616,#2617));
#552=EDGE_LOOP('',(#2618,#2619,#2620,#2621));
#553=EDGE_LOOP('',(#2622,#2623,#2624,#2625));
#554=EDGE_LOOP('',(#2626,#2627,#2628,#2629));
#555=EDGE_LOOP('',(#2630,#2631,#2632,#2633));
#556=EDGE_LOOP('',(#2634,#2635,#2636,#2637));
#557=EDGE_LOOP('',(#2638,#2639,#2640,#2641));
#558=EDGE_LOOP('',(#2642,#2643,#2644,#2645));
#559=EDGE_LOOP('',(#2646,#2647,#2648,#2649));
#560=EDGE_LOOP('',(#2650,#2651,#2652,#2653));
#561=EDGE_LOOP('',(#2654,#2655,#2656,#2657));
#562=EDGE_LOOP('',(#2658,#2659,#2660,#2661));
#563=EDGE_LOOP('',(#2662,#2663,#2664,#2665));
#564=EDGE_LOOP('',(#2666,#2667,#2668,#2669));
#565=EDGE_LOOP('',(#2670,#2671,#2672,#2673));
#566=EDGE_LOOP('',(#2674,#2675,#2676,#2677));
#567=EDGE_LOOP('',(#2678,#2679,#2680,#2681));
#568=EDGE_LOOP('',(#2682,#2683,#2684,#2685));
#569=EDGE_LOOP('',(#2686,#2687,#2688,#2689));
#570=EDGE_LOOP('',(#2690,#2691,#2692,#2693));
#571=EDGE_LOOP('',(#2694,#2695,#2696,#2697));
#572=EDGE_LOOP('',(#2698,#2699,#2700,#2701));
#573=EDGE_LOOP('',(#2702,#2703,#2704,#2705,#2706,#2707,#2708,#2709));
#574=EDGE_LOOP('',(#2710,#2711,#2712,#2713));
#575=EDGE_LOOP('',(#2714,#2715,#2716,#2717,#2718,#2719,#2720,#2721));
#576=EDGE_LOOP('',(#2722,#2723,#2724,#2725,#2726,#2727,#2728,#2729,#2730));
#577=EDGE_LOOP('',(#2731,#2732,#2733,#2734,#2735,#2736,#2737,#2738));
#578=EDGE_LOOP('',(#2739,#2740,#2741,#2742,#2743,#2744,#2745,#2746));
#579=EDGE_LOOP('',(#2747,#2748,#2749,#2750,#2751,#2752,#2753,#2754));
#580=EDGE_LOOP('',(#2755,#2756,#2757,#2758,#2759,#2760,#2761,#2762));
#581=EDGE_LOOP('',(#2763,#2764,#2765,#2766,#2767,#2768,#2769,#2770,#2771));
#582=EDGE_LOOP('',(#2772,#2773,#2774,#2775));
#583=EDGE_LOOP('',(#2776,#2777,#2778,#2779));
#584=EDGE_LOOP('',(#2780,#2781,#2782,#2783));
#585=EDGE_LOOP('',(#2784,#2785,#2786,#2787));
#586=EDGE_LOOP('',(#2788,#2789,#2790,#2791));
#587=EDGE_LOOP('',(#2792,#2793,#2794,#2795));
#588=EDGE_LOOP('',(#2796,#2797,#2798,#2799));
#589=EDGE_LOOP('',(#2800,#2801,#2802,#2803,#2804,#2805,#2806,#2807));
#590=EDGE_LOOP('',(#2808,#2809,#2810,#2811,#2812,#2813,#2814,#2815,#2816,
#2817,#2818,#2819,#2820,#2821,#2822,#2823,#2824,#2825,#2826,#2827,#2828,
#2829,#2830,#2831));
#591=EDGE_LOOP('',(#2832,#2833,#2834,#2835));
#592=EDGE_LOOP('',(#2836,#2837,#2838,#2839));
#593=EDGE_LOOP('',(#2840,#2841,#2842,#2843));
#594=EDGE_LOOP('',(#2844,#2845,#2846,#2847));
#595=EDGE_LOOP('',(#2848,#2849,#2850,#2851));
#596=EDGE_LOOP('',(#2852,#2853,#2854,#2855));
#597=EDGE_LOOP('',(#2856,#2857,#2858,#2859));
#598=EDGE_LOOP('',(#2860,#2861,#2862,#2863));
#599=EDGE_LOOP('',(#2864,#2865,#2866,#2867));
#600=EDGE_LOOP('',(#2868,#2869,#2870,#2871));
#601=EDGE_LOOP('',(#2872,#2873,#2874,#2875));
#602=EDGE_LOOP('',(#2876,#2877,#2878,#2879));
#603=EDGE_LOOP('',(#2880,#2881,#2882,#2883));
#604=EDGE_LOOP('',(#2884,#2885,#2886,#2887));
#605=EDGE_LOOP('',(#2888,#2889,#2890,#2891,#2892,#2893,#2894,#2895));
#606=EDGE_LOOP('',(#2896));
#607=EDGE_LOOP('',(#2897,#2898,#2899,#2900));
#608=EDGE_LOOP('',(#2901,#2902,#2903,#2904));
#609=EDGE_LOOP('',(#2905,#2906,#2907,#2908));
#610=EDGE_LOOP('',(#2909,#2910,#2911,#2912,#2913,#2914,#2915,#2916));
#611=EDGE_LOOP('',(#2917,#2918,#2919,#2920,#2921,#2922,#2923,#2924));
#612=EDGE_LOOP('',(#2925,#2926,#2927,#2928));
#613=EDGE_LOOP('',(#2929,#2930,#2931,#2932,#2933,#2934));
#614=EDGE_LOOP('',(#2935,#2936,#2937,#2938,#2939,#2940,#2941,#2942));
#615=EDGE_LOOP('',(#2943,#2944,#2945,#2946));
#616=EDGE_LOOP('',(#2947,#2948,#2949,#2950));
#617=EDGE_LOOP('',(#2951));
#618=EDGE_LOOP('',(#2952));
#619=EDGE_LOOP('',(#2953,#2954,#2955,#2956));
#620=EDGE_LOOP('',(#2957,#2958,#2959,#2960));
#621=EDGE_LOOP('',(#2961,#2962,#2963,#2964));
#622=EDGE_LOOP('',(#2965,#2966,#2967,#2968,#2969,#2970));
#623=EDGE_LOOP('',(#2971,#2972,#2973,#2974,#2975,#2976));
#624=EDGE_LOOP('',(#2977,#2978,#2979,#2980,#2981,#2982,#2983,#2984));
#625=EDGE_LOOP('',(#2985,#2986,#2987,#2988,#2989,#2990,#2991,#2992,#2993,
#2994));
#626=EDGE_LOOP('',(#2995,#2996,#2997,#2998,#2999,#3000,#3001,#3002));
#627=EDGE_LOOP('',(#3003,#3004,#3005,#3006));
#628=EDGE_LOOP('',(#3007,#3008,#3009,#3010));
#629=EDGE_LOOP('',(#3011,#3012,#3013,#3014,#3015,#3016,#3017));
#630=EDGE_LOOP('',(#3018,#3019,#3020,#3021,#3022,#3023,#3024));
#631=EDGE_LOOP('',(#3025,#3026,#3027,#3028,#3029,#3030,#3031));
#632=EDGE_LOOP('',(#3032));
#633=EDGE_LOOP('',(#3033,#3034,#3035,#3036));
#634=EDGE_LOOP('',(#3037,#3038,#3039,#3040));
#635=EDGE_LOOP('',(#3041,#3042,#3043,#3044));
#636=EDGE_LOOP('',(#3045,#3046,#3047,#3048,#3049,#3050,#3051,#3052));
#637=EDGE_LOOP('',(#3053,#3054,#3055,#3056,#3057,#3058,#3059,#3060));
#638=EDGE_LOOP('',(#3061,#3062,#3063,#3064));
#639=EDGE_LOOP('',(#3065,#3066,#3067,#3068));
#640=EDGE_LOOP('',(#3069,#3070,#3071,#3072));
#641=EDGE_LOOP('',(#3073,#3074,#3075,#3076));
#642=EDGE_LOOP('',(#3077,#3078,#3079,#3080,#3081,#3082,#3083,#3084));
#643=EDGE_LOOP('',(#3085,#3086,#3087,#3088,#3089));
#644=EDGE_LOOP('',(#3090,#3091,#3092,#3093,#3094,#3095));
#645=EDGE_LOOP('',(#3096,#3097,#3098,#3099,#3100,#3101,#3102));
#646=EDGE_LOOP('',(#3103,#3104,#3105,#3106,#3107));
#647=EDGE_LOOP('',(#3108,#3109,#3110,#3111));
#648=EDGE_LOOP('',(#3112,#3113,#3114,#3115,#3116,#3117));
#649=EDGE_LOOP('',(#3118,#3119,#3120,#3121,#3122,#3123,#3124,#3125,#3126));
#650=EDGE_LOOP('',(#3127));
#651=EDGE_LOOP('',(#3128,#3129,#3130,#3131,#3132,#3133,#3134,#3135,#3136,
#3137,#3138,#3139));
#652=EDGE_LOOP('',(#3140,#3141,#3142,#3143,#3144,#3145,#3146));
#653=EDGE_LOOP('',(#3147));
#654=EDGE_LOOP('',(#3148,#3149,#3150,#3151,#3152,#3153));
#655=EDGE_LOOP('',(#3154,#3155,#3156,#3157,#3158,#3159,#3160,#3161,#3162,
#3163,#3164,#3165));
#656=EDGE_LOOP('',(#3166,#3167,#3168,#3169,#3170,#3171,#3172,#3173,#3174,
#3175));
#657=EDGE_LOOP('',(#3176,#3177,#3178,#3179,#3180,#3181,#3182));
#658=EDGE_LOOP('',(#3183,#3184,#3185,#3186,#3187,#3188,#3189));
#659=EDGE_LOOP('',(#3190,#3191,#3192,#3193));
#660=EDGE_LOOP('',(#3194,#3195,#3196,#3197,#3198,#3199,#3200));
#661=EDGE_LOOP('',(#3201,#3202,#3203,#3204));
#662=EDGE_LOOP('',(#3205,#3206,#3207,#3208,#3209,#3210));
#663=EDGE_LOOP('',(#3211,#3212,#3213,#3214));
#664=EDGE_LOOP('',(#3215,#3216,#3217,#3218,#3219,#3220));
#665=EDGE_LOOP('',(#3221,#3222,#3223,#3224,#3225,#3226));
#666=EDGE_LOOP('',(#3227,#3228,#3229,#3230));
#667=EDGE_LOOP('',(#3231,#3232,#3233,#3234,#3235,#3236));
#668=LINE('',#4777,#1070);
#669=LINE('',#4779,#1071);
#670=LINE('',#4781,#1072);
#671=LINE('',#4782,#1073);
#672=LINE('',#4821,#1074);
#673=LINE('',#4824,#1075);
#674=LINE('',#4826,#1076);
#675=LINE('',#4827,#1077);
#676=LINE('',#4866,#1078);
#677=LINE('',#4869,#1079);
#678=LINE('',#4871,#1080);
#679=LINE('',#4872,#1081);
#680=LINE('',#4905,#1082);
#681=LINE('',#4908,#1083);
#682=LINE('',#4910,#1084);
#683=LINE('',#4911,#1085);
#684=LINE('',#4957,#1086);
#685=LINE('',#4961,#1087);
#686=LINE('',#4966,#1088);
#687=LINE('',#4970,#1089);
#688=LINE('',#4975,#1090);
#689=LINE('',#4976,#1091);
#690=LINE('',#4977,#1092);
#691=LINE('',#4978,#1093);
#692=LINE('',#5010,#1094);
#693=LINE('',#5020,#1095);
#694=LINE('',#5022,#1096);
#695=LINE('',#5023,#1097);
#696=LINE('',#5054,#1098);
#697=LINE('',#5058,#1099);
#698=LINE('',#5059,#1100);
#699=LINE('',#5060,#1101);
#700=LINE('',#5092,#1102);
#701=LINE('',#5096,#1103);
#702=LINE('',#5098,#1104);
#703=LINE('',#5099,#1105);
#704=LINE('',#5134,#1106);
#705=LINE('',#5135,#1107);
#706=LINE('',#5141,#1108);
#707=LINE('',#5145,#1109);
#708=LINE('',#5149,#1110);
#709=LINE('',#5153,#1111);
#710=LINE('',#5157,#1112);
#711=LINE('',#5159,#1113);
#712=LINE('',#5161,#1114);
#713=LINE('',#5165,#1115);
#714=LINE('',#5167,#1116);
#715=LINE('',#5169,#1117);
#716=LINE('',#5171,#1118);
#717=LINE('',#5173,#1119);
#718=LINE('',#5177,#1120);
#719=LINE('',#5179,#1121);
#720=LINE('',#5181,#1122);
#721=LINE('',#5183,#1123);
#722=LINE('',#5185,#1124);
#723=LINE('',#5189,#1125);
#724=LINE('',#5191,#1126);
#725=LINE('',#5193,#1127);
#726=LINE('',#5195,#1128);
#727=LINE('',#5197,#1129);
#728=LINE('',#5201,#1130);
#729=LINE('',#5202,#1131);
#730=LINE('',#5206,#1132);
#731=LINE('',#5208,#1133);
#732=LINE('',#5210,#1134);
#733=LINE('',#5211,#1135);
#734=LINE('',#5215,#1136);
#735=LINE('',#5217,#1137);
#736=LINE('',#5219,#1138);
#737=LINE('',#5220,#1139);
#738=LINE('',#5223,#1140);
#739=LINE('',#5225,#1141);
#740=LINE('',#5227,#1142);
#741=LINE('',#5229,#1143);
#742=LINE('',#5232,#1144);
#743=LINE('',#5236,#1145);
#744=LINE('',#5238,#1146);
#745=LINE('',#5239,#1147);
#746=LINE('',#5242,#1148);
#747=LINE('',#5244,#1149);
#748=LINE('',#5245,#1150);
#749=LINE('',#5248,#1151);
#750=LINE('',#5249,#1152);
#751=LINE('',#5250,#1153);
#752=LINE('',#5252,#1154);
#753=LINE('',#5256,#1155);
#754=LINE('',#5257,#1156);
#755=LINE('',#5267,#1157);
#756=LINE('',#5269,#1158);
#757=LINE('',#5270,#1159);
#758=LINE('',#5274,#1160);
#759=LINE('',#5277,#1161);
#760=LINE('',#5278,#1162);
#761=LINE('',#5283,#1163);
#762=LINE('',#5284,#1164);
#763=LINE('',#5287,#1165);
#764=LINE('',#5288,#1166);
#765=LINE('',#5289,#1167);
#766=LINE('',#5291,#1168);
#767=LINE('',#5296,#1169);
#768=LINE('',#5297,#1170);
#769=LINE('',#5301,#1171);
#770=LINE('',#5303,#1172);
#771=LINE('',#5304,#1173);
#772=LINE('',#5305,#1174);
#773=LINE('',#5309,#1175);
#774=LINE('',#5310,#1176);
#775=LINE('',#5312,#1177);
#776=LINE('',#5313,#1178);
#777=LINE('',#5317,#1179);
#778=LINE('',#5319,#1180);
#779=LINE('',#5321,#1181);
#780=LINE('',#5322,#1182);
#781=LINE('',#5326,#1183);
#782=LINE('',#5328,#1184);
#783=LINE('',#5330,#1185);
#784=LINE('',#5331,#1186);
#785=LINE('',#5335,#1187);
#786=LINE('',#5337,#1188);
#787=LINE('',#5339,#1189);
#788=LINE('',#5340,#1190);
#789=LINE('',#5344,#1191);
#790=LINE('',#5346,#1192);
#791=LINE('',#5348,#1193);
#792=LINE('',#5349,#1194);
#793=LINE('',#5353,#1195);
#794=LINE('',#5355,#1196);
#795=LINE('',#5357,#1197);
#796=LINE('',#5358,#1198);
#797=LINE('',#5362,#1199);
#798=LINE('',#5364,#1200);
#799=LINE('',#5366,#1201);
#800=LINE('',#5367,#1202);
#801=LINE('',#5370,#1203);
#802=LINE('',#5371,#1204);
#803=LINE('',#5374,#1205);
#804=LINE('',#5375,#1206);
#805=LINE('',#5378,#1207);
#806=LINE('',#5380,#1208);
#807=LINE('',#5381,#1209);
#808=LINE('',#5384,#1210);
#809=LINE('',#5386,#1211);
#810=LINE('',#5387,#1212);
#811=LINE('',#5390,#1213);
#812=LINE('',#5392,#1214);
#813=LINE('',#5393,#1215);
#814=LINE('',#5396,#1216);
#815=LINE('',#5398,#1217);
#816=LINE('',#5399,#1218);
#817=LINE('',#5401,#1219);
#818=LINE('',#5403,#1220);
#819=LINE('',#5404,#1221);
#820=LINE('',#5406,#1222);
#821=LINE('',#5407,#1223);
#822=LINE('',#5410,#1224);
#823=LINE('',#5412,#1225);
#824=LINE('',#5413,#1226);
#825=LINE('',#5416,#1227);
#826=LINE('',#5418,#1228);
#827=LINE('',#5419,#1229);
#828=LINE('',#5422,#1230);
#829=LINE('',#5423,#1231);
#830=LINE('',#5425,#1232);
#831=LINE('',#5426,#1233);
#832=LINE('',#5427,#1234);
#833=LINE('',#5429,#1235);
#834=LINE('',#5431,#1236);
#835=LINE('',#5432,#1237);
#836=LINE('',#5434,#1238);
#837=LINE('',#5435,#1239);
#838=LINE('',#5439,#1240);
#839=LINE('',#5444,#1241);
#840=LINE('',#5454,#1242);
#841=LINE('',#5455,#1243);
#842=LINE('',#5458,#1244);
#843=LINE('',#5459,#1245);
#844=LINE('',#5475,#1246);
#845=LINE('',#5479,#1247);
#846=LINE('',#5480,#1248);
#847=LINE('',#5481,#1249);
#848=LINE('',#5512,#1250);
#849=LINE('',#5515,#1251);
#850=LINE('',#5516,#1252);
#851=LINE('',#5547,#1253);
#852=LINE('',#5550,#1254);
#853=LINE('',#5551,#1255);
#854=LINE('',#5582,#1256);
#855=LINE('',#5585,#1257);
#856=LINE('',#5586,#1258);
#857=LINE('',#5618,#1259);
#858=LINE('',#5620,#1260);
#859=LINE('',#5621,#1261);
#860=LINE('',#5624,#1262);
#861=LINE('',#5626,#1263);
#862=LINE('',#5627,#1264);
#863=LINE('',#5630,#1265);
#864=LINE('',#5631,#1266);
#865=LINE('',#5634,#1267);
#866=LINE('',#5638,#1268);
#867=LINE('',#5640,#1269);
#868=LINE('',#5641,#1270);
#869=LINE('',#5644,#1271);
#870=LINE('',#5646,#1272);
#871=LINE('',#5647,#1273);
#872=LINE('',#5650,#1274);
#873=LINE('',#5651,#1275);
#874=LINE('',#5654,#1276);
#875=LINE('',#5656,#1277);
#876=LINE('',#5657,#1278);
#877=LINE('',#5659,#1279);
#878=LINE('',#5662,#1280);
#879=LINE('',#5666,#1281);
#880=LINE('',#5667,#1282);
#881=LINE('',#5670,#1283);
#882=LINE('',#5671,#1284);
#883=LINE('',#5674,#1285);
#884=LINE('',#5675,#1286);
#885=LINE('',#5678,#1287);
#886=LINE('',#5680,#1288);
#887=LINE('',#5681,#1289);
#888=LINE('',#5684,#1290);
#889=LINE('',#5685,#1291);
#890=LINE('',#5688,#1292);
#891=LINE('',#5690,#1293);
#892=LINE('',#5691,#1294);
#893=LINE('',#5694,#1295);
#894=LINE('',#5695,#1296);
#895=LINE('',#5697,#1297);
#896=LINE('',#5698,#1298);
#897=LINE('',#5701,#1299);
#898=LINE('',#5702,#1300);
#899=LINE('',#5705,#1301);
#900=LINE('',#5706,#1302);
#901=LINE('',#5708,#1303);
#902=LINE('',#5709,#1304);
#903=LINE('',#5712,#1305);
#904=LINE('',#5713,#1306);
#905=LINE('',#5715,#1307);
#906=LINE('',#5716,#1308);
#907=LINE('',#5719,#1309);
#908=LINE('',#5724,#1310);
#909=LINE('',#5726,#1311);
#910=LINE('',#5734,#1312);
#911=LINE('',#5735,#1313);
#912=LINE('',#5742,#1314);
#913=LINE('',#5747,#1315);
#914=LINE('',#5751,#1316);
#915=LINE('',#5755,#1317);
#916=LINE('',#5759,#1318);
#917=LINE('',#5764,#1319);
#918=LINE('',#5765,#1320);
#919=LINE('',#5766,#1321);
#920=LINE('',#5797,#1322);
#921=LINE('',#5800,#1323);
#922=LINE('',#5801,#1324);
#923=LINE('',#5832,#1325);
#924=LINE('',#5835,#1326);
#925=LINE('',#5836,#1327);
#926=LINE('',#5867,#1328);
#927=LINE('',#5870,#1329);
#928=LINE('',#5871,#1330);
#929=LINE('',#5904,#1331);
#930=LINE('',#5906,#1332);
#931=LINE('',#5908,#1333);
#932=LINE('',#5909,#1334);
#933=LINE('',#5914,#1335);
#934=LINE('',#5919,#1336);
#935=LINE('',#5921,#1337);
#936=LINE('',#5923,#1338);
#937=LINE('',#5924,#1339);
#938=LINE('',#5926,#1340);
#939=LINE('',#5927,#1341);
#940=LINE('',#5929,#1342);
#941=LINE('',#5931,#1343);
#942=LINE('',#5934,#1344);
#943=LINE('',#5936,#1345);
#944=LINE('',#5937,#1346);
#945=LINE('',#5938,#1347);
#946=LINE('',#5943,#1348);
#947=LINE('',#5944,#1349);
#948=LINE('',#5947,#1350);
#949=LINE('',#5951,#1351);
#950=LINE('',#5955,#1352);
#951=LINE('',#5957,#1353);
#952=LINE('',#5958,#1354);
#953=LINE('',#5959,#1355);
#954=LINE('',#5960,#1356);
#955=LINE('',#5963,#1357);
#956=LINE('',#5964,#1358);
#957=LINE('',#5965,#1359);
#958=LINE('',#5967,#1360);
#959=LINE('',#5968,#1361);
#960=LINE('',#5972,#1362);
#961=LINE('',#5974,#1363);
#962=LINE('',#5976,#1364);
#963=LINE('',#5977,#1365);
#964=LINE('',#5979,#1366);
#965=LINE('',#5981,#1367);
#966=LINE('',#5982,#1368);
#967=LINE('',#5983,#1369);
#968=LINE('',#5986,#1370);
#969=LINE('',#5988,#1371);
#970=LINE('',#5990,#1372);
#971=LINE('',#5991,#1373);
#972=LINE('',#5992,#1374);
#973=LINE('',#5995,#1375);
#974=LINE('',#5996,#1376);
#975=LINE('',#5999,#1377);
#976=LINE('',#6001,#1378);
#977=LINE('',#6002,#1379);
#978=LINE('',#6006,#1380);
#979=LINE('',#6011,#1381);
#980=LINE('',#6016,#1382);
#981=LINE('',#6018,#1383);
#982=LINE('',#6020,#1384);
#983=LINE('',#6021,#1385);
#984=LINE('',#6024,#1386);
#985=LINE('',#6026,#1387);
#986=LINE('',#6028,#1388);
#987=LINE('',#6030,#1389);
#988=LINE('',#6031,#1390);
#989=LINE('',#6034,#1391);
#990=LINE('',#6036,#1392);
#991=LINE('',#6038,#1393);
#992=LINE('',#6040,#1394);
#993=LINE('',#6041,#1395);
#994=LINE('',#6043,#1396);
#995=LINE('',#6044,#1397);
#996=LINE('',#6045,#1398);
#997=LINE('',#6047,#1399);
#998=LINE('',#6048,#1400);
#999=LINE('',#6049,#1401);
#1000=LINE('',#6050,#1402);
#1001=LINE('',#6052,#1403);
#1002=LINE('',#6053,#1404);
#1003=LINE('',#6056,#1405);
#1004=LINE('',#6057,#1406);
#1005=LINE('',#6059,#1407);
#1006=LINE('',#6060,#1408);
#1007=LINE('',#6063,#1409);
#1008=LINE('',#6065,#1410);
#1009=LINE('',#6066,#1411);
#1010=LINE('',#6067,#1412);
#1011=LINE('',#6069,#1413);
#1012=LINE('',#6071,#1414);
#1013=LINE('',#6073,#1415);
#1014=LINE('',#6075,#1416);
#1015=LINE('',#6078,#1417);
#1016=LINE('',#6081,#1418);
#1017=LINE('',#6085,#1419);
#1018=LINE('',#6087,#1420);
#1019=LINE('',#6088,#1421);
#1020=LINE('',#6089,#1422);
#1021=LINE('',#6092,#1423);
#1022=LINE('',#6096,#1424);
#1023=LINE('',#6098,#1425);
#1024=LINE('',#6099,#1426);
#1025=LINE('',#6101,#1427);
#1026=LINE('',#6102,#1428);
#1027=LINE('',#6105,#1429);
#1028=LINE('',#6106,#1430);
#1029=LINE('',#6109,#1431);
#1030=LINE('',#6110,#1432);
#1031=LINE('',#6112,#1433);
#1032=LINE('',#6113,#1434);
#1033=LINE('',#6115,#1435);
#1034=LINE('',#6116,#1436);
#1035=LINE('',#6118,#1437);
#1036=LINE('',#6119,#1438);
#1037=LINE('',#6123,#1439);
#1038=LINE('',#6126,#1440);
#1039=LINE('',#6127,#1441);
#1040=LINE('',#6129,#1442);
#1041=LINE('',#6131,#1443);
#1042=LINE('',#6137,#1444);
#1043=LINE('',#6139,#1445);
#1044=LINE('',#6140,#1446);
#1045=LINE('',#6145,#1447);
#1046=LINE('',#6148,#1448);
#1047=LINE('',#6149,#1449);
#1048=LINE('',#6153,#1450);
#1049=LINE('',#6154,#1451);
#1050=LINE('',#6156,#1452);
#1051=LINE('',#6157,#1453);
#1052=LINE('',#6159,#1454);
#1053=LINE('',#6160,#1455);
#1054=LINE('',#6161,#1456);
#1055=LINE('',#6162,#1457);
#1056=LINE('',#6163,#1458);
#1057=LINE('',#6165,#1459);
#1058=LINE('',#6167,#1460);
#1059=LINE('',#6169,#1461);
#1060=LINE('',#6170,#1462);
#1061=LINE('',#6171,#1463);
#1062=LINE('',#6172,#1464);
#1063=LINE('',#6175,#1465);
#1064=LINE('',#6177,#1466);
#1065=LINE('',#6179,#1467);
#1066=LINE('',#6183,#1468);
#1067=LINE('',#6185,#1469);
#1068=LINE('',#6188,#1470);
#1069=LINE('',#6190,#1471);
#1070=VECTOR('',#3843,10.);
#1071=VECTOR('',#3844,63.1091170592649);
#1072=VECTOR('',#3845,10.);
#1073=VECTOR('',#3846,62.3485577700078);
#1074=VECTOR('',#3849,10.);
#1075=VECTOR('',#3852,10.);
#1076=VECTOR('',#3853,10.);
#1077=VECTOR('',#3854,56.789491712816);
#1078=VECTOR('',#3857,10.);
#1079=VECTOR('',#3860,10.);
#1080=VECTOR('',#3861,10.);
#1081=VECTOR('',#3862,63.1072779415399);
#1082=VECTOR('',#3867,10.);
#1083=VECTOR('',#3870,10.);
#1084=VECTOR('',#3871,10.);
#1085=VECTOR('',#3872,55.6871611893587);
#1086=VECTOR('',#3889,10.);
#1087=VECTOR('',#3892,10.);
#1088=VECTOR('',#3897,10.);
#1089=VECTOR('',#3900,10.);
#1090=VECTOR('',#3905,10.);
#1091=VECTOR('',#3906,63.1091170592649);
#1092=VECTOR('',#3907,10.);
#1093=VECTOR('',#3908,62.3485577700078);
#1094=VECTOR('',#3911,10.);
#1095=VECTOR('',#3914,10.);
#1096=VECTOR('',#3915,55.6866231693034);
#1097=VECTOR('',#3916,10.);
#1098=VECTOR('',#3919,10.);
#1099=VECTOR('',#3924,10.);
#1100=VECTOR('',#3925,62.3484030990369);
#1101=VECTOR('',#3926,10.);
#1102=VECTOR('',#3929,10.);
#1103=VECTOR('',#3934,10.);
#1104=VECTOR('',#3935,56.789491712816);
#1105=VECTOR('',#3936,10.);
#1106=VECTOR('',#3945,10.);
#1107=VECTOR('',#3946,10.);
#1108=VECTOR('',#3953,10.);
#1109=VECTOR('',#3956,10.);
#1110=VECTOR('',#3959,10.);
#1111=VECTOR('',#3962,10.);
#1112=VECTOR('',#3965,10.);
#1113=VECTOR('',#3966,10.);
#1114=VECTOR('',#3967,10.);
#1115=VECTOR('',#3970,10.);
#1116=VECTOR('',#3971,10.);
#1117=VECTOR('',#3972,10.);
#1118=VECTOR('',#3973,10.);
#1119=VECTOR('',#3974,10.);
#1120=VECTOR('',#3977,10.);
#1121=VECTOR('',#3978,10.);
#1122=VECTOR('',#3979,10.);
#1123=VECTOR('',#3980,10.);
#1124=VECTOR('',#3981,10.);
#1125=VECTOR('',#3984,10.);
#1126=VECTOR('',#3985,10.);
#1127=VECTOR('',#3986,10.);
#1128=VECTOR('',#3987,10.);
#1129=VECTOR('',#3988,10.);
#1130=VECTOR('',#3991,10.);
#1131=VECTOR('',#3992,10.);
#1132=VECTOR('',#3995,10.);
#1133=VECTOR('',#3996,10.);
#1134=VECTOR('',#3997,10.);
#1135=VECTOR('',#3998,10.);
#1136=VECTOR('',#4001,10.);
#1137=VECTOR('',#4002,10.);
#1138=VECTOR('',#4003,10.);
#1139=VECTOR('',#4004,10.);
#1140=VECTOR('',#4007,10.);
#1141=VECTOR('',#4008,10.);
#1142=VECTOR('',#4009,10.);
#1143=VECTOR('',#4010,10.);
#1144=VECTOR('',#4013,10.);
#1145=VECTOR('',#4018,10.);
#1146=VECTOR('',#4019,10.);
#1147=VECTOR('',#4020,10.);
#1148=VECTOR('',#4023,10.);
#1149=VECTOR('',#4024,10.);
#1150=VECTOR('',#4025,10.);
#1151=VECTOR('',#4028,10.);
#1152=VECTOR('',#4029,10.);
#1153=VECTOR('',#4030,10.);
#1154=VECTOR('',#4033,10.);
#1155=VECTOR('',#4036,10.);
#1156=VECTOR('',#4037,10.);
#1157=VECTOR('',#4046,10.);
#1158=VECTOR('',#4047,10.);
#1159=VECTOR('',#4048,10.);
#1160=VECTOR('',#4051,10.);
#1161=VECTOR('',#4054,10.);
#1162=VECTOR('',#4055,10.);
#1163=VECTOR('',#4060,10.);
#1164=VECTOR('',#4061,10.);
#1165=VECTOR('',#4064,10.);
#1166=VECTOR('',#4065,10.);
#1167=VECTOR('',#4066,10.);
#1168=VECTOR('',#4069,10.);
#1169=VECTOR('',#4074,10.);
#1170=VECTOR('',#4075,10.);
#1171=VECTOR('',#4078,10.);
#1172=VECTOR('',#4079,10.);
#1173=VECTOR('',#4080,10.);
#1174=VECTOR('',#4081,10.);
#1175=VECTOR('',#4084,10.);
#1176=VECTOR('',#4085,10.);
#1177=VECTOR('',#4086,10.);
#1178=VECTOR('',#4087,10.);
#1179=VECTOR('',#4090,10.);
#1180=VECTOR('',#4091,10.);
#1181=VECTOR('',#4092,10.);
#1182=VECTOR('',#4093,10.);
#1183=VECTOR('',#4096,10.);
#1184=VECTOR('',#4097,10.);
#1185=VECTOR('',#4098,10.);
#1186=VECTOR('',#4099,10.);
#1187=VECTOR('',#4102,10.);
#1188=VECTOR('',#4103,10.);
#1189=VECTOR('',#4104,10.);
#1190=VECTOR('',#4105,10.);
#1191=VECTOR('',#4108,10.);
#1192=VECTOR('',#4109,10.);
#1193=VECTOR('',#4110,10.);
#1194=VECTOR('',#4111,10.);
#1195=VECTOR('',#4114,10.);
#1196=VECTOR('',#4115,10.);
#1197=VECTOR('',#4116,10.);
#1198=VECTOR('',#4117,10.);
#1199=VECTOR('',#4120,10.);
#1200=VECTOR('',#4121,10.);
#1201=VECTOR('',#4122,10.);
#1202=VECTOR('',#4123,10.);
#1203=VECTOR('',#4126,10.);
#1204=VECTOR('',#4127,10.);
#1205=VECTOR('',#4130,10.);
#1206=VECTOR('',#4131,10.);
#1207=VECTOR('',#4134,10.);
#1208=VECTOR('',#4135,10.);
#1209=VECTOR('',#4136,10.);
#1210=VECTOR('',#4139,10.);
#1211=VECTOR('',#4140,10.);
#1212=VECTOR('',#4141,10.);
#1213=VECTOR('',#4144,10.);
#1214=VECTOR('',#4145,10.);
#1215=VECTOR('',#4146,10.);
#1216=VECTOR('',#4149,10.);
#1217=VECTOR('',#4150,10.);
#1218=VECTOR('',#4151,10.);
#1219=VECTOR('',#4154,10.);
#1220=VECTOR('',#4155,10.);
#1221=VECTOR('',#4156,10.);
#1222=VECTOR('',#4157,10.);
#1223=VECTOR('',#4158,10.);
#1224=VECTOR('',#4161,10.);
#1225=VECTOR('',#4162,10.);
#1226=VECTOR('',#4163,10.);
#1227=VECTOR('',#4166,10.);
#1228=VECTOR('',#4167,10.);
#1229=VECTOR('',#4168,10.);
#1230=VECTOR('',#4171,10.);
#1231=VECTOR('',#4172,10.);
#1232=VECTOR('',#4173,10.);
#1233=VECTOR('',#4174,10.);
#1234=VECTOR('',#4175,10.);
#1235=VECTOR('',#4178,10.);
#1236=VECTOR('',#4179,10.);
#1237=VECTOR('',#4180,10.);
#1238=VECTOR('',#4181,10.);
#1239=VECTOR('',#4182,10.);
#1240=VECTOR('',#4187,10.);
#1241=VECTOR('',#4194,10.);
#1242=VECTOR('',#4211,10.);
#1243=VECTOR('',#4212,10.);
#1244=VECTOR('',#4215,10.);
#1245=VECTOR('',#4216,10.);
#1246=VECTOR('',#4245,10.);
#1247=VECTOR('',#4248,10.);
#1248=VECTOR('',#4249,62.1269720491833);
#1249=VECTOR('',#4250,61.354239103749);
#1250=VECTOR('',#4253,10.);
#1251=VECTOR('',#4256,10.);
#1252=VECTOR('',#4257,57.1143271780383);
#1253=VECTOR('',#4260,10.);
#1254=VECTOR('',#4263,10.);
#1255=VECTOR('',#4264,62.1274687155368);
#1256=VECTOR('',#4267,10.);
#1257=VECTOR('',#4270,10.);
#1258=VECTOR('',#4271,56.0178542966437);
#1259=VECTOR('',#4276,10.);
#1260=VECTOR('',#4277,10.);
#1261=VECTOR('',#4278,10.);
#1262=VECTOR('',#4281,10.);
#1263=VECTOR('',#4282,10.);
#1264=VECTOR('',#4283,10.);
#1265=VECTOR('',#4286,10.);
#1266=VECTOR('',#4287,10.);
#1267=VECTOR('',#4290,10.);
#1268=VECTOR('',#4295,10.);
#1269=VECTOR('',#4296,10.);
#1270=VECTOR('',#4297,10.);
#1271=VECTOR('',#4300,10.);
#1272=VECTOR('',#4301,10.);
#1273=VECTOR('',#4302,10.);
#1274=VECTOR('',#4305,10.);
#1275=VECTOR('',#4306,10.);
#1276=VECTOR('',#4309,10.);
#1277=VECTOR('',#4310,10.);
#1278=VECTOR('',#4311,10.);
#1279=VECTOR('',#4314,10.);
#1280=VECTOR('',#4317,10.);
#1281=VECTOR('',#4322,10.);
#1282=VECTOR('',#4323,10.);
#1283=VECTOR('',#4326,10.);
#1284=VECTOR('',#4327,10.);
#1285=VECTOR('',#4330,10.);
#1286=VECTOR('',#4331,10.);
#1287=VECTOR('',#4334,10.);
#1288=VECTOR('',#4335,10.);
#1289=VECTOR('',#4336,10.);
#1290=VECTOR('',#4339,10.);
#1291=VECTOR('',#4340,10.);
#1292=VECTOR('',#4343,10.);
#1293=VECTOR('',#4344,10.);
#1294=VECTOR('',#4345,10.);
#1295=VECTOR('',#4348,10.);
#1296=VECTOR('',#4349,10.);
#1297=VECTOR('',#4350,10.);
#1298=VECTOR('',#4351,10.);
#1299=VECTOR('',#4354,10.);
#1300=VECTOR('',#4355,10.);
#1301=VECTOR('',#4358,10.);
#1302=VECTOR('',#4359,10.);
#1303=VECTOR('',#4360,10.);
#1304=VECTOR('',#4361,10.);
#1305=VECTOR('',#4364,10.);
#1306=VECTOR('',#4365,10.);
#1307=VECTOR('',#4366,10.);
#1308=VECTOR('',#4367,10.);
#1309=VECTOR('',#4370,10.);
#1310=VECTOR('',#4377,10.);
#1311=VECTOR('',#4378,10.);
#1312=VECTOR('',#4393,10.);
#1313=VECTOR('',#4394,10.);
#1314=VECTOR('',#4407,10.);
#1315=VECTOR('',#4412,10.);
#1316=VECTOR('',#4415,10.);
#1317=VECTOR('',#4418,10.);
#1318=VECTOR('',#4421,10.);
#1319=VECTOR('',#4426,10.);
#1320=VECTOR('',#4427,61.354239103749);
#1321=VECTOR('',#4428,62.1269720491833);
#1322=VECTOR('',#4431,10.);
#1323=VECTOR('',#4434,10.);
#1324=VECTOR('',#4435,57.1143271780383);
#1325=VECTOR('',#4438,10.);
#1326=VECTOR('',#4441,10.);
#1327=VECTOR('',#4442,62.1274687155368);
#1328=VECTOR('',#4445,10.);
#1329=VECTOR('',#4448,10.);
#1330=VECTOR('',#4449,56.0178542966437);
#1331=VECTOR('',#4454,10.);
#1332=VECTOR('',#4455,10.);
#1333=VECTOR('',#4456,10.);
#1334=VECTOR('',#4457,10.);
#1335=VECTOR('',#4462,10.);
#1336=VECTOR('',#4467,10.);
#1337=VECTOR('',#4468,10.);
#1338=VECTOR('',#4469,10.);
#1339=VECTOR('',#4470,10.);
#1340=VECTOR('',#4473,10.);
#1341=VECTOR('',#4474,10.);
#1342=VECTOR('',#4477,10.);
#1343=VECTOR('',#4480,10.);
#1344=VECTOR('',#4483,10.);
#1345=VECTOR('',#4484,10.);
#1346=VECTOR('',#4485,10.);
#1347=VECTOR('',#4486,10.);
#1348=VECTOR('',#4491,10.);
#1349=VECTOR('',#4492,10.);
#1350=VECTOR('',#4495,12.5);
#1351=VECTOR('',#4500,12.5);
#1352=VECTOR('',#4505,10.);
#1353=VECTOR('',#4506,10.);
#1354=VECTOR('',#4507,10.);
#1355=VECTOR('',#4508,10.);
#1356=VECTOR('',#4509,10.);
#1357=VECTOR('',#4512,10.);
#1358=VECTOR('',#4513,10.);
#1359=VECTOR('',#4514,10.);
#1360=VECTOR('',#4515,10.);
#1361=VECTOR('',#4516,10.);
#1362=VECTOR('',#4519,10.);
#1363=VECTOR('',#4520,10.);
#1364=VECTOR('',#4521,10.);
#1365=VECTOR('',#4522,10.);
#1366=VECTOR('',#4525,10.);
#1367=VECTOR('',#4526,10.);
#1368=VECTOR('',#4527,10.);
#1369=VECTOR('',#4528,10.);
#1370=VECTOR('',#4531,10.);
#1371=VECTOR('',#4532,10.);
#1372=VECTOR('',#4533,10.);
#1373=VECTOR('',#4534,10.);
#1374=VECTOR('',#4535,10.);
#1375=VECTOR('',#4538,10.);
#1376=VECTOR('',#4539,10.);
#1377=VECTOR('',#4542,10.);
#1378=VECTOR('',#4543,10.);
#1379=VECTOR('',#4544,10.);
#1380=VECTOR('',#4549,12.5);
#1381=VECTOR('',#4554,12.5);
#1382=VECTOR('',#4559,10.);
#1383=VECTOR('',#4560,10.);
#1384=VECTOR('',#4561,10.);
#1385=VECTOR('',#4562,10.);
#1386=VECTOR('',#4565,10.);
#1387=VECTOR('',#4566,10.);
#1388=VECTOR('',#4567,10.);
#1389=VECTOR('',#4568,10.);
#1390=VECTOR('',#4569,10.);
#1391=VECTOR('',#4572,10.);
#1392=VECTOR('',#4573,10.);
#1393=VECTOR('',#4574,10.);
#1394=VECTOR('',#4575,10.);
#1395=VECTOR('',#4576,10.);
#1396=VECTOR('',#4579,10.);
#1397=VECTOR('',#4580,10.);
#1398=VECTOR('',#4581,10.);
#1399=VECTOR('',#4584,10.);
#1400=VECTOR('',#4585,10.);
#1401=VECTOR('',#4586,10.);
#1402=VECTOR('',#4587,10.);
#1403=VECTOR('',#4590,10.);
#1404=VECTOR('',#4591,10.);
#1405=VECTOR('',#4594,10.);
#1406=VECTOR('',#4595,10.);
#1407=VECTOR('',#4596,10.);
#1408=VECTOR('',#4597,10.);
#1409=VECTOR('',#4600,10.);
#1410=VECTOR('',#4601,10.);
#1411=VECTOR('',#4602,10.);
#1412=VECTOR('',#4603,10.);
#1413=VECTOR('',#4606,10.);
#1414=VECTOR('',#4607,10.);
#1415=VECTOR('',#4608,10.);
#1416=VECTOR('',#4609,10.);
#1417=VECTOR('',#4612,10.);
#1418=VECTOR('',#4615,10.);
#1419=VECTOR('',#4618,10.);
#1420=VECTOR('',#4619,10.);
#1421=VECTOR('',#4620,10.);
#1422=VECTOR('',#4621,10.);
#1423=VECTOR('',#4624,10.);
#1424=VECTOR('',#4627,10.);
#1425=VECTOR('',#4628,10.);
#1426=VECTOR('',#4629,10.);
#1427=VECTOR('',#4632,10.);
#1428=VECTOR('',#4633,10.);
#1429=VECTOR('',#4636,10.);
#1430=VECTOR('',#4637,10.);
#1431=VECTOR('',#4640,10.);
#1432=VECTOR('',#4641,10.);
#1433=VECTOR('',#4644,10.);
#1434=VECTOR('',#4645,10.);
#1435=VECTOR('',#4646,10.);
#1436=VECTOR('',#4647,10.);
#1437=VECTOR('',#4650,10.);
#1438=VECTOR('',#4651,10.);
#1439=VECTOR('',#4656,10.);
#1440=VECTOR('',#4659,10.);
#1441=VECTOR('',#4660,10.);
#1442=VECTOR('',#4663,10.);
#1443=VECTOR('',#4666,10.);
#1444=VECTOR('',#4675,10.);
#1445=VECTOR('',#4676,10.);
#1446=VECTOR('',#4677,10.);
#1447=VECTOR('',#4686,10.);
#1448=VECTOR('',#4689,10.);
#1449=VECTOR('',#4690,10.);
#1450=VECTOR('',#4695,10.);
#1451=VECTOR('',#4696,10.);
#1452=VECTOR('',#4699,10.);
#1453=VECTOR('',#4700,10.);
#1454=VECTOR('',#4703,10.);
#1455=VECTOR('',#4704,10.);
#1456=VECTOR('',#4705,10.);
#1457=VECTOR('',#4706,10.);
#1458=VECTOR('',#4707,10.);
#1459=VECTOR('',#4710,10.);
#1460=VECTOR('',#4713,10.);
#1461=VECTOR('',#4716,10.);
#1462=VECTOR('',#4717,10.);
#1463=VECTOR('',#4718,10.);
#1464=VECTOR('',#4719,10.);
#1465=VECTOR('',#4724,10.);
#1466=VECTOR('',#4727,10.);
#1467=VECTOR('',#4730,10.);
#1468=VECTOR('',#4737,10.);
#1469=VECTOR('',#4740,10.);
#1470=VECTOR('',#4745,10.);
#1471=VECTOR('',#4748,10.);
#1472=VERTEX_POINT('',#4775);
#1473=VERTEX_POINT('',#4776);
#1474=VERTEX_POINT('',#4778);
#1475=VERTEX_POINT('',#4780);
#1476=VERTEX_POINT('',#4811);
#1477=VERTEX_POINT('',#4819);
#1478=VERTEX_POINT('',#4823);
#1479=VERTEX_POINT('',#4825);
#1480=VERTEX_POINT('',#4856);
#1481=VERTEX_POINT('',#4864);
#1482=VERTEX_POINT('',#4868);
#1483=VERTEX_POINT('',#4870);
#1484=VERTEX_POINT('',#4901);
#1485=VERTEX_POINT('',#4903);
#1486=VERTEX_POINT('',#4907);
#1487=VERTEX_POINT('',#4909);
#1488=VERTEX_POINT('',#4955);
#1489=VERTEX_POINT('',#4956);
#1490=VERTEX_POINT('',#4958);
#1491=VERTEX_POINT('',#4960);
#1492=VERTEX_POINT('',#4964);
#1493=VERTEX_POINT('',#4965);
#1494=VERTEX_POINT('',#4967);
#1495=VERTEX_POINT('',#4969);
#1496=VERTEX_POINT('',#4973);
#1497=VERTEX_POINT('',#4974);
#1498=VERTEX_POINT('',#5007);
#1499=VERTEX_POINT('',#5009);
#1500=VERTEX_POINT('',#5019);
#1501=VERTEX_POINT('',#5021);
#1502=VERTEX_POINT('',#5052);
#1503=VERTEX_POINT('',#5057);
#1504=VERTEX_POINT('',#5089);
#1505=VERTEX_POINT('',#5091);
#1506=VERTEX_POINT('',#5095);
#1507=VERTEX_POINT('',#5097);
#1508=VERTEX_POINT('',#5131);
#1509=VERTEX_POINT('',#5132);
#1510=VERTEX_POINT('',#5139);
#1511=VERTEX_POINT('',#5140);
#1512=VERTEX_POINT('',#5142);
#1513=VERTEX_POINT('',#5144);
#1514=VERTEX_POINT('',#5146);
#1515=VERTEX_POINT('',#5148);
#1516=VERTEX_POINT('',#5150);
#1517=VERTEX_POINT('',#5152);
#1518=VERTEX_POINT('',#5155);
#1519=VERTEX_POINT('',#5156);
#1520=VERTEX_POINT('',#5158);
#1521=VERTEX_POINT('',#5160);
#1522=VERTEX_POINT('',#5162);
#1523=VERTEX_POINT('',#5164);
#1524=VERTEX_POINT('',#5166);
#1525=VERTEX_POINT('',#5168);
#1526=VERTEX_POINT('',#5170);
#1527=VERTEX_POINT('',#5172);
#1528=VERTEX_POINT('',#5174);
#1529=VERTEX_POINT('',#5176);
#1530=VERTEX_POINT('',#5178);
#1531=VERTEX_POINT('',#5180);
#1532=VERTEX_POINT('',#5182);
#1533=VERTEX_POINT('',#5184);
#1534=VERTEX_POINT('',#5186);
#1535=VERTEX_POINT('',#5188);
#1536=VERTEX_POINT('',#5190);
#1537=VERTEX_POINT('',#5192);
#1538=VERTEX_POINT('',#5194);
#1539=VERTEX_POINT('',#5196);
#1540=VERTEX_POINT('',#5198);
#1541=VERTEX_POINT('',#5200);
#1542=VERTEX_POINT('',#5204);
#1543=VERTEX_POINT('',#5205);
#1544=VERTEX_POINT('',#5207);
#1545=VERTEX_POINT('',#5209);
#1546=VERTEX_POINT('',#5213);
#1547=VERTEX_POINT('',#5214);
#1548=VERTEX_POINT('',#5216);
#1549=VERTEX_POINT('',#5218);
#1550=VERTEX_POINT('',#5222);
#1551=VERTEX_POINT('',#5224);
#1552=VERTEX_POINT('',#5226);
#1553=VERTEX_POINT('',#5228);
#1554=VERTEX_POINT('',#5230);
#1555=VERTEX_POINT('',#5233);
#1556=VERTEX_POINT('',#5237);
#1557=VERTEX_POINT('',#5241);
#1558=VERTEX_POINT('',#5243);
#1559=VERTEX_POINT('',#5247);
#1560=VERTEX_POINT('',#5253);
#1561=VERTEX_POINT('',#5255);
#1562=VERTEX_POINT('',#5258);
#1563=VERTEX_POINT('',#5261);
#1564=VERTEX_POINT('',#5262);
#1565=VERTEX_POINT('',#5264);
#1566=VERTEX_POINT('',#5266);
#1567=VERTEX_POINT('',#5268);
#1568=VERTEX_POINT('',#5272);
#1569=VERTEX_POINT('',#5273);
#1570=VERTEX_POINT('',#5275);
#1571=VERTEX_POINT('',#5280);
#1572=VERTEX_POINT('',#5281);
#1573=VERTEX_POINT('',#5286);
#1574=VERTEX_POINT('',#5293);
#1575=VERTEX_POINT('',#5295);
#1576=VERTEX_POINT('',#5299);
#1577=VERTEX_POINT('',#5300);
#1578=VERTEX_POINT('',#5302);
#1579=VERTEX_POINT('',#5307);
#1580=VERTEX_POINT('',#5308);
#1581=VERTEX_POINT('',#5311);
#1582=VERTEX_POINT('',#5315);
#1583=VERTEX_POINT('',#5316);
#1584=VERTEX_POINT('',#5318);
#1585=VERTEX_POINT('',#5320);
#1586=VERTEX_POINT('',#5324);
#1587=VERTEX_POINT('',#5325);
#1588=VERTEX_POINT('',#5327);
#1589=VERTEX_POINT('',#5329);
#1590=VERTEX_POINT('',#5333);
#1591=VERTEX_POINT('',#5334);
#1592=VERTEX_POINT('',#5336);
#1593=VERTEX_POINT('',#5338);
#1594=VERTEX_POINT('',#5342);
#1595=VERTEX_POINT('',#5343);
#1596=VERTEX_POINT('',#5345);
#1597=VERTEX_POINT('',#5347);
#1598=VERTEX_POINT('',#5351);
#1599=VERTEX_POINT('',#5352);
#1600=VERTEX_POINT('',#5354);
#1601=VERTEX_POINT('',#5356);
#1602=VERTEX_POINT('',#5360);
#1603=VERTEX_POINT('',#5361);
#1604=VERTEX_POINT('',#5363);
#1605=VERTEX_POINT('',#5365);
#1606=VERTEX_POINT('',#5369);
#1607=VERTEX_POINT('',#5373);
#1608=VERTEX_POINT('',#5377);
#1609=VERTEX_POINT('',#5379);
#1610=VERTEX_POINT('',#5383);
#1611=VERTEX_POINT('',#5385);
#1612=VERTEX_POINT('',#5389);
#1613=VERTEX_POINT('',#5391);
#1614=VERTEX_POINT('',#5395);
#1615=VERTEX_POINT('',#5397);
#1616=VERTEX_POINT('',#5402);
#1617=VERTEX_POINT('',#5405);
#1618=VERTEX_POINT('',#5409);
#1619=VERTEX_POINT('',#5411);
#1620=VERTEX_POINT('',#5415);
#1621=VERTEX_POINT('',#5417);
#1622=VERTEX_POINT('',#5421);
#1623=VERTEX_POINT('',#5424);
#1624=VERTEX_POINT('',#5430);
#1625=VERTEX_POINT('',#5433);
#1626=VERTEX_POINT('',#5437);
#1627=VERTEX_POINT('',#5443);
#1628=VERTEX_POINT('',#5453);
#1629=VERTEX_POINT('',#5457);
#1630=VERTEX_POINT('',#5473);
#1631=VERTEX_POINT('',#5477);
#1632=VERTEX_POINT('',#5478);
#1633=VERTEX_POINT('',#5510);
#1634=VERTEX_POINT('',#5514);
#1635=VERTEX_POINT('',#5545);
#1636=VERTEX_POINT('',#5549);
#1637=VERTEX_POINT('',#5580);
#1638=VERTEX_POINT('',#5584);
#1639=VERTEX_POINT('',#5617);
#1640=VERTEX_POINT('',#5619);
#1641=VERTEX_POINT('',#5623);
#1642=VERTEX_POINT('',#5625);
#1643=VERTEX_POINT('',#5629);
#1644=VERTEX_POINT('',#5633);
#1645=VERTEX_POINT('',#5637);
#1646=VERTEX_POINT('',#5639);
#1647=VERTEX_POINT('',#5643);
#1648=VERTEX_POINT('',#5645);
#1649=VERTEX_POINT('',#5649);
#1650=VERTEX_POINT('',#5653);
#1651=VERTEX_POINT('',#5655);
#1652=VERTEX_POINT('',#5661);
#1653=VERTEX_POINT('',#5665);
#1654=VERTEX_POINT('',#5669);
#1655=VERTEX_POINT('',#5673);
#1656=VERTEX_POINT('',#5677);
#1657=VERTEX_POINT('',#5679);
#1658=VERTEX_POINT('',#5683);
#1659=VERTEX_POINT('',#5687);
#1660=VERTEX_POINT('',#5689);
#1661=VERTEX_POINT('',#5693);
#1662=VERTEX_POINT('',#5696);
#1663=VERTEX_POINT('',#5700);
#1664=VERTEX_POINT('',#5704);
#1665=VERTEX_POINT('',#5707);
#1666=VERTEX_POINT('',#5711);
#1667=VERTEX_POINT('',#5714);
#1668=VERTEX_POINT('',#5718);
#1669=VERTEX_POINT('',#5722);
#1670=VERTEX_POINT('',#5725);
#1671=VERTEX_POINT('',#5745);
#1672=VERTEX_POINT('',#5746);
#1673=VERTEX_POINT('',#5748);
#1674=VERTEX_POINT('',#5750);
#1675=VERTEX_POINT('',#5752);
#1676=VERTEX_POINT('',#5754);
#1677=VERTEX_POINT('',#5756);
#1678=VERTEX_POINT('',#5758);
#1679=VERTEX_POINT('',#5762);
#1680=VERTEX_POINT('',#5763);
#1681=VERTEX_POINT('',#5795);
#1682=VERTEX_POINT('',#5799);
#1683=VERTEX_POINT('',#5830);
#1684=VERTEX_POINT('',#5834);
#1685=VERTEX_POINT('',#5865);
#1686=VERTEX_POINT('',#5869);
#1687=VERTEX_POINT('',#5902);
#1688=VERTEX_POINT('',#5903);
#1689=VERTEX_POINT('',#5905);
#1690=VERTEX_POINT('',#5907);
#1691=VERTEX_POINT('',#5911);
#1692=VERTEX_POINT('',#5913);
#1693=VERTEX_POINT('',#5917);
#1694=VERTEX_POINT('',#5918);
#1695=VERTEX_POINT('',#5920);
#1696=VERTEX_POINT('',#5922);
#1697=VERTEX_POINT('',#5933);
#1698=VERTEX_POINT('',#5935);
#1699=VERTEX_POINT('',#5939);
#1700=VERTEX_POINT('',#5942);
#1701=VERTEX_POINT('',#5946);
#1702=VERTEX_POINT('',#5950);
#1703=VERTEX_POINT('',#5954);
#1704=VERTEX_POINT('',#5956);
#1705=VERTEX_POINT('',#5962);
#1706=VERTEX_POINT('',#5966);
#1707=VERTEX_POINT('',#5970);
#1708=VERTEX_POINT('',#5971);
#1709=VERTEX_POINT('',#5973);
#1710=VERTEX_POINT('',#5975);
#1711=VERTEX_POINT('',#5980);
#1712=VERTEX_POINT('',#5985);
#1713=VERTEX_POINT('',#5987);
#1714=VERTEX_POINT('',#5989);
#1715=VERTEX_POINT('',#5994);
#1716=VERTEX_POINT('',#5998);
#1717=VERTEX_POINT('',#6000);
#1718=VERTEX_POINT('',#6004);
#1719=VERTEX_POINT('',#6008);
#1720=VERTEX_POINT('',#6010);
#1721=VERTEX_POINT('',#6014);
#1722=VERTEX_POINT('',#6015);
#1723=VERTEX_POINT('',#6017);
#1724=VERTEX_POINT('',#6019);
#1725=VERTEX_POINT('',#6023);
#1726=VERTEX_POINT('',#6025);
#1727=VERTEX_POINT('',#6027);
#1728=VERTEX_POINT('',#6029);
#1729=VERTEX_POINT('',#6033);
#1730=VERTEX_POINT('',#6035);
#1731=VERTEX_POINT('',#6037);
#1732=VERTEX_POINT('',#6039);
#1733=VERTEX_POINT('',#6055);
#1734=VERTEX_POINT('',#6058);
#1735=VERTEX_POINT('',#6062);
#1736=VERTEX_POINT('',#6064);
#1737=VERTEX_POINT('',#6070);
#1738=VERTEX_POINT('',#6072);
#1739=VERTEX_POINT('',#6074);
#1740=VERTEX_POINT('',#6076);
#1741=VERTEX_POINT('',#6080);
#1742=VERTEX_POINT('',#6082);
#1743=VERTEX_POINT('',#6084);
#1744=VERTEX_POINT('',#6086);
#1745=VERTEX_POINT('',#6091);
#1746=VERTEX_POINT('',#6093);
#1747=VERTEX_POINT('',#6095);
#1748=VERTEX_POINT('',#6097);
#1749=VERTEX_POINT('',#6104);
#1750=VERTEX_POINT('',#6108);
#1751=VERTEX_POINT('',#6114);
#1752=VERTEX_POINT('',#6121);
#1753=VERTEX_POINT('',#6125);
#1754=VERTEX_POINT('',#6136);
#1755=VERTEX_POINT('',#6138);
#1756=VERTEX_POINT('',#6147);
#1757=VERTEX_POINT('',#6152);
#1758=EDGE_CURVE('',#1472,#1473,#668,.T.);
#1759=EDGE_CURVE('',#1473,#1474,#669,.T.);
#1760=EDGE_CURVE('',#1475,#1474,#670,.T.);
#1761=EDGE_CURVE('',#1472,#1475,#671,.T.);
#1762=EDGE_CURVE('',#1472,#1476,#272,.T.);
#1763=EDGE_CURVE('',#1477,#1475,#174,.T.);
#1764=EDGE_CURVE('',#1476,#1477,#672,.T.);
#1765=EDGE_CURVE('',#1478,#1476,#673,.T.);
#1766=EDGE_CURVE('',#1479,#1477,#674,.T.);
#1767=EDGE_CURVE('',#1478,#1479,#675,.T.);
#1768=EDGE_CURVE('',#1478,#1480,#273,.T.);
#1769=EDGE_CURVE('',#1481,#1479,#175,.T.);
#1770=EDGE_CURVE('',#1480,#1481,#676,.T.);
#1771=EDGE_CURVE('',#1482,#1480,#677,.T.);
#1772=EDGE_CURVE('',#1483,#1481,#678,.T.);
#1773=EDGE_CURVE('',#1482,#1483,#679,.T.);
#1774=EDGE_CURVE('',#1484,#1482,#176,.T.);
#1775=EDGE_CURVE('',#1485,#1483,#177,.T.);
#1776=EDGE_CURVE('',#1484,#1485,#680,.T.);
#1777=EDGE_CURVE('',#1486,#1484,#681,.T.);
#1778=EDGE_CURVE('',#1487,#1485,#682,.T.);
#1779=EDGE_CURVE('',#1486,#1487,#683,.T.);
#1780=EDGE_CURVE('',#1486,#1473,#274,.T.);
#1781=EDGE_CURVE('',#1474,#1487,#178,.T.);
#1782=EDGE_CURVE('',#1476,#1472,#179,.T.);
#1783=EDGE_CURVE('',#1480,#1478,#180,.T.);
#1784=EDGE_CURVE('',#1473,#1486,#181,.T.);
#1785=EDGE_CURVE('',#1488,#1489,#684,.T.);
#1786=EDGE_CURVE('',#1488,#1490,#182,.T.);
#1787=EDGE_CURVE('',#1491,#1490,#685,.T.);
#1788=EDGE_CURVE('',#1491,#1489,#183,.T.);
#1789=EDGE_CURVE('',#1492,#1493,#686,.T.);
#1790=EDGE_CURVE('',#1492,#1494,#184,.T.);
#1791=EDGE_CURVE('',#1495,#1494,#687,.T.);
#1792=EDGE_CURVE('',#1495,#1493,#185,.T.);
#1793=EDGE_CURVE('',#1496,#1497,#688,.T.);
#1794=EDGE_CURVE('',#1496,#1488,#689,.T.);
#1795=EDGE_CURVE('',#1488,#1493,#690,.T.);
#1796=EDGE_CURVE('',#1497,#1493,#691,.T.);
#1797=EDGE_CURVE('',#1498,#1496,#186,.T.);
#1798=EDGE_CURVE('',#1498,#1499,#692,.T.);
#1799=EDGE_CURVE('',#1490,#1499,#275,.T.);
#1800=EDGE_CURVE('',#1500,#1498,#693,.T.);
#1801=EDGE_CURVE('',#1500,#1501,#694,.T.);
#1802=EDGE_CURVE('',#1501,#1499,#695,.T.);
#1803=EDGE_CURVE('',#1502,#1500,#187,.T.);
#1804=EDGE_CURVE('',#1502,#1489,#696,.T.);
#1805=EDGE_CURVE('',#1491,#1501,#188,.T.);
#1806=EDGE_CURVE('',#1503,#1502,#697,.T.);
#1807=EDGE_CURVE('',#1503,#1492,#698,.T.);
#1808=EDGE_CURVE('',#1492,#1489,#699,.T.);
#1809=EDGE_CURVE('',#1504,#1503,#189,.T.);
#1810=EDGE_CURVE('',#1504,#1505,#700,.T.);
#1811=EDGE_CURVE('',#1505,#1494,#190,.T.);
#1812=EDGE_CURVE('',#1506,#1504,#701,.T.);
#1813=EDGE_CURVE('',#1506,#1507,#702,.T.);
#1814=EDGE_CURVE('',#1507,#1505,#703,.T.);
#1815=EDGE_CURVE('',#1497,#1506,#191,.T.);
#1816=EDGE_CURVE('',#1495,#1507,#192,.T.);
#1817=EDGE_CURVE('',#1508,#1509,#193,.T.);
#1818=EDGE_CURVE('',#1508,#1498,#704,.T.);
#1819=EDGE_CURVE('',#1509,#1496,#705,.T.);
#1820=EDGE_CURVE('',#1509,#1508,#194,.T.);
#1821=EDGE_CURVE('',#1510,#1511,#706,.T.);
#1822=EDGE_CURVE('',#1511,#1512,#195,.T.);
#1823=EDGE_CURVE('',#1512,#1513,#707,.T.);
#1824=EDGE_CURVE('',#1513,#1514,#196,.T.);
#1825=EDGE_CURVE('',#1514,#1515,#708,.T.);
#1826=EDGE_CURVE('',#1515,#1516,#197,.T.);
#1827=EDGE_CURVE('',#1516,#1517,#709,.T.);
#1828=EDGE_CURVE('',#1517,#1510,#198,.T.);
#1829=EDGE_CURVE('',#1518,#1519,#710,.T.);
#1830=EDGE_CURVE('',#1520,#1519,#711,.T.);
#1831=EDGE_CURVE('',#1520,#1521,#712,.T.);
#1832=EDGE_CURVE('',#1521,#1522,#199,.T.);
#1833=EDGE_CURVE('',#1522,#1523,#713,.T.);
#1834=EDGE_CURVE('',#1524,#1523,#714,.T.);
#1835=EDGE_CURVE('',#1524,#1525,#715,.T.);
#1836=EDGE_CURVE('',#1526,#1525,#716,.T.);
#1837=EDGE_CURVE('',#1526,#1527,#717,.T.);
#1838=EDGE_CURVE('',#1527,#1528,#200,.T.);
#1839=EDGE_CURVE('',#1528,#1529,#718,.T.);
#1840=EDGE_CURVE('',#1530,#1529,#719,.T.);
#1841=EDGE_CURVE('',#1530,#1531,#720,.T.);
#1842=EDGE_CURVE('',#1532,#1531,#721,.T.);
#1843=EDGE_CURVE('',#1532,#1533,#722,.T.);
#1844=EDGE_CURVE('',#1533,#1534,#201,.T.);
#1845=EDGE_CURVE('',#1534,#1535,#723,.T.);
#1846=EDGE_CURVE('',#1536,#1535,#724,.T.);
#1847=EDGE_CURVE('',#1536,#1537,#725,.T.);
#1848=EDGE_CURVE('',#1538,#1537,#726,.T.);
#1849=EDGE_CURVE('',#1538,#1539,#727,.T.);
#1850=EDGE_CURVE('',#1539,#1540,#202,.T.);
#1851=EDGE_CURVE('',#1540,#1541,#728,.T.);
#1852=EDGE_CURVE('',#1518,#1541,#729,.T.);
#1853=EDGE_CURVE('',#1542,#1543,#730,.T.);
#1854=EDGE_CURVE('',#1544,#1542,#731,.T.);
#1855=EDGE_CURVE('',#1545,#1544,#732,.T.);
#1856=EDGE_CURVE('',#1543,#1545,#733,.T.);
#1857=EDGE_CURVE('',#1546,#1547,#734,.T.);
#1858=EDGE_CURVE('',#1548,#1546,#735,.T.);
#1859=EDGE_CURVE('',#1549,#1548,#736,.T.);
#1860=EDGE_CURVE('',#1547,#1549,#737,.T.);
#1861=EDGE_CURVE('',#1544,#1550,#738,.T.);
#1862=EDGE_CURVE('',#1551,#1550,#739,.T.);
#1863=EDGE_CURVE('',#1552,#1551,#740,.T.);
#1864=EDGE_CURVE('',#1552,#1553,#741,.T.);
#1865=EDGE_CURVE('',#1553,#1554,#203,.T.);
#1866=EDGE_CURVE('',#1545,#1554,#742,.T.);
#1867=EDGE_CURVE('',#1555,#1555,#204,.T.);
#1868=EDGE_CURVE('',#1545,#1554,#743,.T.);
#1869=EDGE_CURVE('',#1554,#1556,#744,.T.);
#1870=EDGE_CURVE('',#1556,#1543,#745,.T.);
#1871=EDGE_CURVE('',#1546,#1557,#746,.T.);
#1872=EDGE_CURVE('',#1557,#1558,#747,.T.);
#1873=EDGE_CURVE('',#1558,#1548,#748,.T.);
#1874=EDGE_CURVE('',#1542,#1559,#749,.T.);
#1875=EDGE_CURVE('',#1551,#1559,#750,.T.);
#1876=EDGE_CURVE('',#1544,#1550,#751,.T.);
#1877=EDGE_CURVE('',#1556,#1543,#752,.T.);
#1878=EDGE_CURVE('',#1556,#1560,#205,.T.);
#1879=EDGE_CURVE('',#1560,#1561,#753,.T.);
#1880=EDGE_CURVE('',#1559,#1561,#754,.T.);
#1881=EDGE_CURVE('',#1562,#1562,#206,.T.);
#1882=EDGE_CURVE('',#1563,#1564,#207,.T.);
#1883=EDGE_CURVE('',#1565,#1564,#208,.T.);
#1884=EDGE_CURVE('',#1566,#1565,#755,.T.);
#1885=EDGE_CURVE('',#1567,#1566,#756,.T.);
#1886=EDGE_CURVE('',#1567,#1563,#757,.T.);
#1887=EDGE_CURVE('',#1568,#1569,#758,.T.);
#1888=EDGE_CURVE('',#1569,#1570,#209,.T.);
#1889=EDGE_CURVE('',#1570,#1474,#759,.T.);
#1890=EDGE_CURVE('',#1568,#1487,#760,.T.);
#1891=EDGE_CURVE('',#1571,#1572,#210,.T.);
#1892=EDGE_CURVE('',#1572,#1481,#761,.T.);
#1893=EDGE_CURVE('',#1571,#1479,#762,.T.);
#1894=EDGE_CURVE('',#1572,#1573,#763,.T.);
#1895=EDGE_CURVE('',#1566,#1573,#764,.T.);
#1896=EDGE_CURVE('',#1565,#1483,#765,.T.);
#1897=EDGE_CURVE('',#1564,#1485,#766,.T.);
#1898=EDGE_CURVE('',#1571,#1574,#211,.T.);
#1899=EDGE_CURVE('',#1574,#1575,#767,.T.);
#1900=EDGE_CURVE('',#1573,#1575,#768,.T.);
#1901=EDGE_CURVE('',#1576,#1577,#769,.T.);
#1902=EDGE_CURVE('',#1578,#1576,#770,.T.);
#1903=EDGE_CURVE('',#1578,#1573,#771,.T.);
#1904=EDGE_CURVE('',#1577,#1575,#772,.T.);
#1905=EDGE_CURVE('',#1579,#1580,#773,.T.);
#1906=EDGE_CURVE('',#1567,#1579,#774,.T.);
#1907=EDGE_CURVE('',#1566,#1581,#775,.T.);
#1908=EDGE_CURVE('',#1580,#1581,#776,.T.);
#1909=EDGE_CURVE('',#1582,#1583,#777,.T.);
#1910=EDGE_CURVE('',#1584,#1582,#778,.T.);
#1911=EDGE_CURVE('',#1584,#1585,#779,.T.);
#1912=EDGE_CURVE('',#1583,#1585,#780,.T.);
#1913=EDGE_CURVE('',#1586,#1587,#781,.T.);
#1914=EDGE_CURVE('',#1588,#1586,#782,.T.);
#1915=EDGE_CURVE('',#1588,#1589,#783,.T.);
#1916=EDGE_CURVE('',#1587,#1589,#784,.T.);
#1917=EDGE_CURVE('',#1590,#1591,#785,.T.);
#1918=EDGE_CURVE('',#1592,#1590,#786,.T.);
#1919=EDGE_CURVE('',#1592,#1593,#787,.T.);
#1920=EDGE_CURVE('',#1591,#1593,#788,.T.);
#1921=EDGE_CURVE('',#1594,#1595,#789,.T.);
#1922=EDGE_CURVE('',#1596,#1594,#790,.T.);
#1923=EDGE_CURVE('',#1596,#1597,#791,.T.);
#1924=EDGE_CURVE('',#1595,#1597,#792,.T.);
#1925=EDGE_CURVE('',#1598,#1599,#793,.T.);
#1926=EDGE_CURVE('',#1600,#1598,#794,.T.);
#1927=EDGE_CURVE('',#1600,#1601,#795,.T.);
#1928=EDGE_CURVE('',#1599,#1601,#796,.T.);
#1929=EDGE_CURVE('',#1602,#1603,#797,.T.);
#1930=EDGE_CURVE('',#1604,#1602,#798,.T.);
#1931=EDGE_CURVE('',#1604,#1605,#799,.T.);
#1932=EDGE_CURVE('',#1603,#1605,#800,.T.);
#1933=EDGE_CURVE('',#1574,#1606,#801,.T.);
#1934=EDGE_CURVE('',#1577,#1606,#802,.T.);
#1935=EDGE_CURVE('',#1607,#1579,#803,.T.);
#1936=EDGE_CURVE('',#1563,#1607,#804,.T.);
#1937=EDGE_CURVE('',#1608,#1576,#805,.T.);
#1938=EDGE_CURVE('',#1609,#1608,#806,.T.);
#1939=EDGE_CURVE('',#1578,#1609,#807,.T.);
#1940=EDGE_CURVE('',#1610,#1581,#808,.T.);
#1941=EDGE_CURVE('',#1610,#1611,#809,.T.);
#1942=EDGE_CURVE('',#1580,#1611,#810,.T.);
#1943=EDGE_CURVE('',#1612,#1589,#811,.T.);
#1944=EDGE_CURVE('',#1612,#1613,#812,.T.);
#1945=EDGE_CURVE('',#1587,#1613,#813,.T.);
#1946=EDGE_CURVE('',#1614,#1582,#814,.T.);
#1947=EDGE_CURVE('',#1615,#1614,#815,.T.);
#1948=EDGE_CURVE('',#1584,#1615,#816,.T.);
#1949=EDGE_CURVE('',#1588,#1585,#817,.T.);
#1950=EDGE_CURVE('',#1616,#1586,#818,.T.);
#1951=EDGE_CURVE('',#1571,#1616,#819,.T.);
#1952=EDGE_CURVE('',#1617,#1477,#820,.T.);
#1953=EDGE_CURVE('',#1583,#1617,#821,.T.);
#1954=EDGE_CURVE('',#1618,#1597,#822,.T.);
#1955=EDGE_CURVE('',#1618,#1619,#823,.T.);
#1956=EDGE_CURVE('',#1595,#1619,#824,.T.);
#1957=EDGE_CURVE('',#1620,#1590,#825,.T.);
#1958=EDGE_CURVE('',#1621,#1620,#826,.T.);
#1959=EDGE_CURVE('',#1592,#1621,#827,.T.);
#1960=EDGE_CURVE('',#1622,#1594,#828,.T.);
#1961=EDGE_CURVE('',#1569,#1622,#829,.T.);
#1962=EDGE_CURVE('',#1564,#1623,#830,.T.);
#1963=EDGE_CURVE('',#1591,#1623,#831,.T.);
#1964=EDGE_CURVE('',#1596,#1593,#832,.T.);
#1965=EDGE_CURVE('',#1604,#1601,#833,.T.);
#1966=EDGE_CURVE('',#1624,#1602,#834,.T.);
#1967=EDGE_CURVE('',#1624,#1475,#835,.T.);
#1968=EDGE_CURVE('',#1570,#1625,#836,.T.);
#1969=EDGE_CURVE('',#1599,#1625,#837,.T.);
#1970=EDGE_CURVE('',#1619,#1626,#212,.T.);
#1971=EDGE_CURVE('',#1626,#1598,#838,.T.);
#1972=EDGE_CURVE('',#1625,#1622,#213,.T.);
#1973=EDGE_CURVE('',#1617,#1624,#214,.T.);
#1974=EDGE_CURVE('',#1603,#1627,#839,.T.);
#1975=EDGE_CURVE('',#1627,#1614,#215,.T.);
#1976=EDGE_CURVE('',#1606,#1616,#216,.T.);
#1977=EDGE_CURVE('',#1613,#1608,#217,.T.);
#1978=EDGE_CURVE('',#1611,#1620,#218,.T.);
#1979=EDGE_CURVE('',#1623,#1607,#219,.T.);
#1980=EDGE_CURVE('',#1628,#1626,#840,.T.);
#1981=EDGE_CURVE('',#1600,#1628,#841,.T.);
#1982=EDGE_CURVE('',#1629,#1605,#842,.T.);
#1983=EDGE_CURVE('',#1629,#1627,#843,.T.);
#1984=EDGE_CURVE('',#1621,#1610,#220,.T.);
#1985=EDGE_CURVE('',#1609,#1612,#221,.T.);
#1986=EDGE_CURVE('',#1615,#1629,#222,.T.);
#1987=EDGE_CURVE('',#1628,#1618,#223,.T.);
#1988=EDGE_CURVE('',#1499,#1630,#224,.T.);
#1989=EDGE_CURVE('',#1490,#1630,#844,.T.);
#1990=EDGE_CURVE('',#1631,#1632,#845,.T.);
#1991=EDGE_CURVE('',#1632,#1515,#846,.T.);
#1992=EDGE_CURVE('',#1631,#1514,#847,.T.);
#1993=EDGE_CURVE('',#1633,#1631,#225,.T.);
#1994=EDGE_CURVE('',#1633,#1513,#848,.T.);
#1995=EDGE_CURVE('',#1634,#1633,#849,.T.);
#1996=EDGE_CURVE('',#1634,#1512,#850,.T.);
#1997=EDGE_CURVE('',#1635,#1634,#226,.T.);
#1998=EDGE_CURVE('',#1635,#1511,#851,.T.);
#1999=EDGE_CURVE('',#1636,#1635,#852,.T.);
#2000=EDGE_CURVE('',#1636,#1510,#853,.T.);
#2001=EDGE_CURVE('',#1637,#1636,#227,.T.);
#2002=EDGE_CURVE('',#1637,#1517,#854,.T.);
#2003=EDGE_CURVE('',#1638,#1637,#855,.T.);
#2004=EDGE_CURVE('',#1638,#1516,#856,.T.);
#2005=EDGE_CURVE('',#1632,#1638,#228,.T.);
#2006=EDGE_CURVE('',#1526,#1639,#857,.T.);
#2007=EDGE_CURVE('',#1640,#1639,#858,.T.);
#2008=EDGE_CURVE('',#1527,#1640,#859,.T.);
#2009=EDGE_CURVE('',#1522,#1641,#860,.T.);
#2010=EDGE_CURVE('',#1642,#1641,#861,.T.);
#2011=EDGE_CURVE('',#1642,#1523,#862,.T.);
#2012=EDGE_CURVE('',#1643,#1525,#863,.T.);
#2013=EDGE_CURVE('',#1639,#1643,#864,.T.);
#2014=EDGE_CURVE('',#1521,#1644,#865,.T.);
#2015=EDGE_CURVE('',#1641,#1644,#229,.T.);
#2016=EDGE_CURVE('',#1645,#1519,#866,.T.);
#2017=EDGE_CURVE('',#1646,#1645,#867,.T.);
#2018=EDGE_CURVE('',#1520,#1646,#868,.T.);
#2019=EDGE_CURVE('',#1532,#1647,#869,.T.);
#2020=EDGE_CURVE('',#1648,#1647,#870,.T.);
#2021=EDGE_CURVE('',#1533,#1648,#871,.T.);
#2022=EDGE_CURVE('',#1649,#1531,#872,.T.);
#2023=EDGE_CURVE('',#1647,#1649,#873,.T.);
#2024=EDGE_CURVE('',#1540,#1650,#874,.T.);
#2025=EDGE_CURVE('',#1651,#1650,#875,.T.);
#2026=EDGE_CURVE('',#1651,#1541,#876,.T.);
#2027=EDGE_CURVE('',#1644,#1646,#877,.T.);
#2028=EDGE_CURVE('',#1539,#1652,#878,.T.);
#2029=EDGE_CURVE('',#1650,#1652,#230,.T.);
#2030=EDGE_CURVE('',#1538,#1653,#879,.T.);
#2031=EDGE_CURVE('',#1652,#1653,#880,.T.);
#2032=EDGE_CURVE('',#1654,#1537,#881,.T.);
#2033=EDGE_CURVE('',#1653,#1654,#882,.T.);
#2034=EDGE_CURVE('',#1655,#1642,#883,.T.);
#2035=EDGE_CURVE('',#1524,#1655,#884,.T.);
#2036=EDGE_CURVE('',#1656,#1529,#885,.T.);
#2037=EDGE_CURVE('',#1657,#1656,#886,.T.);
#2038=EDGE_CURVE('',#1530,#1657,#887,.T.);
#2039=EDGE_CURVE('',#1658,#1651,#888,.T.);
#2040=EDGE_CURVE('',#1518,#1658,#889,.T.);
#2041=EDGE_CURVE('',#1659,#1535,#890,.T.);
#2042=EDGE_CURVE('',#1660,#1659,#891,.T.);
#2043=EDGE_CURVE('',#1536,#1660,#892,.T.);
#2044=EDGE_CURVE('',#1661,#1655,#893,.T.);
#2045=EDGE_CURVE('',#1661,#1506,#894,.T.);
#2046=EDGE_CURVE('',#1504,#1662,#895,.T.);
#2047=EDGE_CURVE('',#1643,#1662,#896,.T.);
#2048=EDGE_CURVE('',#1528,#1663,#897,.T.);
#2049=EDGE_CURVE('',#1656,#1663,#898,.T.);
#2050=EDGE_CURVE('',#1664,#1657,#899,.T.);
#2051=EDGE_CURVE('',#1664,#1503,#900,.T.);
#2052=EDGE_CURVE('',#1665,#1502,#901,.T.);
#2053=EDGE_CURVE('',#1649,#1665,#902,.T.);
#2054=EDGE_CURVE('',#1666,#1658,#903,.T.);
#2055=EDGE_CURVE('',#1509,#1666,#904,.T.);
#2056=EDGE_CURVE('',#1667,#1497,#905,.T.);
#2057=EDGE_CURVE('',#1645,#1667,#906,.T.);
#2058=EDGE_CURVE('',#1654,#1668,#907,.T.);
#2059=EDGE_CURVE('',#1668,#1666,#231,.T.);
#2060=EDGE_CURVE('',#1665,#1669,#232,.T.);
#2061=EDGE_CURVE('',#1669,#1660,#908,.T.);
#2062=EDGE_CURVE('',#1659,#1670,#909,.T.);
#2063=EDGE_CURVE('',#1670,#1648,#233,.T.);
#2064=EDGE_CURVE('',#1667,#1661,#234,.T.);
#2065=EDGE_CURVE('',#1662,#1664,#235,.T.);
#2066=EDGE_CURVE('',#1663,#1640,#236,.T.);
#2067=EDGE_CURVE('',#1669,#1500,#910,.T.);
#2068=EDGE_CURVE('',#1508,#1668,#911,.T.);
#2069=EDGE_CURVE('',#1670,#1534,#912,.T.);
#2070=EDGE_CURVE('',#1671,#1672,#913,.T.);
#2071=EDGE_CURVE('',#1672,#1673,#237,.T.);
#2072=EDGE_CURVE('',#1673,#1674,#914,.T.);
#2073=EDGE_CURVE('',#1674,#1675,#238,.T.);
#2074=EDGE_CURVE('',#1675,#1676,#915,.T.);
#2075=EDGE_CURVE('',#1676,#1677,#239,.T.);
#2076=EDGE_CURVE('',#1677,#1678,#916,.T.);
#2077=EDGE_CURVE('',#1678,#1671,#240,.T.);
#2078=EDGE_CURVE('',#1679,#1680,#917,.T.);
#2079=EDGE_CURVE('',#1680,#1672,#918,.T.);
#2080=EDGE_CURVE('',#1679,#1671,#919,.T.);
#2081=EDGE_CURVE('',#1680,#1681,#241,.T.);
#2082=EDGE_CURVE('',#1681,#1673,#920,.T.);
#2083=EDGE_CURVE('',#1681,#1682,#921,.T.);
#2084=EDGE_CURVE('',#1682,#1674,#922,.T.);
#2085=EDGE_CURVE('',#1682,#1683,#242,.T.);
#2086=EDGE_CURVE('',#1683,#1675,#923,.T.);
#2087=EDGE_CURVE('',#1683,#1684,#924,.T.);
#2088=EDGE_CURVE('',#1684,#1676,#925,.T.);
#2089=EDGE_CURVE('',#1684,#1685,#243,.T.);
#2090=EDGE_CURVE('',#1685,#1677,#926,.T.);
#2091=EDGE_CURVE('',#1685,#1686,#927,.T.);
#2092=EDGE_CURVE('',#1686,#1678,#928,.T.);
#2093=EDGE_CURVE('',#1686,#1679,#244,.T.);
#2094=EDGE_CURVE('',#1687,#1688,#929,.T.);
#2095=EDGE_CURVE('',#1689,#1687,#930,.T.);
#2096=EDGE_CURVE('',#1689,#1690,#931,.T.);
#2097=EDGE_CURVE('',#1688,#1690,#932,.T.);
#2098=EDGE_CURVE('',#1691,#1557,#245,.T.);
#2099=EDGE_CURVE('',#1691,#1692,#933,.T.);
#2100=EDGE_CURVE('',#1558,#1692,#246,.T.);
#2101=EDGE_CURVE('',#1693,#1694,#934,.T.);
#2102=EDGE_CURVE('',#1695,#1693,#935,.T.);
#2103=EDGE_CURVE('',#1696,#1695,#936,.T.);
#2104=EDGE_CURVE('',#1694,#1696,#937,.T.);
#2105=EDGE_CURVE('',#1694,#1691,#938,.T.);
#2106=EDGE_CURVE('',#1692,#1696,#939,.T.);
#2107=EDGE_CURVE('',#1560,#1553,#940,.T.);
#2108=EDGE_CURVE('',#1561,#1552,#941,.T.);
#2109=EDGE_CURVE('',#1697,#1547,#942,.T.);
#2110=EDGE_CURVE('',#1697,#1698,#943,.T.);
#2111=EDGE_CURVE('',#1698,#1693,#944,.T.);
#2112=EDGE_CURVE('',#1546,#1557,#945,.T.);
#2113=EDGE_CURVE('',#1699,#1699,#247,.T.);
#2114=EDGE_CURVE('',#1700,#1698,#946,.T.);
#2115=EDGE_CURVE('',#1700,#1695,#947,.T.);
#2116=EDGE_CURVE('',#1699,#1701,#948,.T.);
#2117=EDGE_CURVE('',#1701,#1701,#248,.T.);
#2118=EDGE_CURVE('',#1562,#1702,#949,.T.);
#2119=EDGE_CURVE('',#1702,#1702,#249,.T.);
#2120=EDGE_CURVE('',#1687,#1703,#950,.T.);
#2121=EDGE_CURVE('',#1704,#1688,#951,.T.);
#2122=EDGE_CURVE('',#1554,#1704,#952,.T.);
#2123=EDGE_CURVE('',#1548,#1545,#953,.T.);
#2124=EDGE_CURVE('',#1703,#1558,#954,.T.);
#2125=EDGE_CURVE('',#1705,#1689,#955,.T.);
#2126=EDGE_CURVE('',#1557,#1705,#956,.T.);
#2127=EDGE_CURVE('',#1543,#1546,#957,.T.);
#2128=EDGE_CURVE('',#1706,#1556,#958,.T.);
#2129=EDGE_CURVE('',#1706,#1690,#959,.T.);
#2130=EDGE_CURVE('',#1707,#1708,#960,.T.);
#2131=EDGE_CURVE('',#1709,#1707,#961,.T.);
#2132=EDGE_CURVE('',#1710,#1709,#962,.T.);
#2133=EDGE_CURVE('',#1708,#1710,#963,.T.);
#2134=EDGE_CURVE('',#1707,#1550,#964,.T.);
#2135=EDGE_CURVE('',#1711,#1708,#965,.T.);
#2136=EDGE_CURVE('',#1711,#1549,#966,.T.);
#2137=EDGE_CURVE('',#1549,#1544,#967,.T.);
#2138=EDGE_CURVE('',#1550,#1712,#968,.T.);
#2139=EDGE_CURVE('',#1712,#1713,#969,.T.);
#2140=EDGE_CURVE('',#1713,#1714,#970,.T.);
#2141=EDGE_CURVE('',#1489,#1714,#971,.T.);
#2142=EDGE_CURVE('',#1492,#1709,#972,.T.);
#2143=EDGE_CURVE('',#1714,#1715,#973,.T.);
#2144=EDGE_CURVE('',#1488,#1715,#974,.T.);
#2145=EDGE_CURVE('',#1716,#1494,#975,.T.);
#2146=EDGE_CURVE('',#1717,#1716,#976,.T.);
#2147=EDGE_CURVE('',#1495,#1717,#977,.T.);
#2148=EDGE_CURVE('',#1718,#1718,#250,.T.);
#2149=EDGE_CURVE('',#1718,#1555,#978,.T.);
#2150=EDGE_CURVE('',#1719,#1719,#251,.T.);
#2151=EDGE_CURVE('',#1719,#1720,#979,.T.);
#2152=EDGE_CURVE('',#1720,#1720,#252,.T.);
#2153=EDGE_CURVE('',#1721,#1722,#980,.T.);
#2154=EDGE_CURVE('',#1723,#1722,#981,.T.);
#2155=EDGE_CURVE('',#1724,#1723,#982,.T.);
#2156=EDGE_CURVE('',#1721,#1724,#983,.T.);
#2157=EDGE_CURVE('',#1725,#1724,#984,.T.);
#2158=EDGE_CURVE('',#1726,#1723,#985,.T.);
#2159=EDGE_CURVE('',#1727,#1726,#986,.T.);
#2160=EDGE_CURVE('',#1728,#1727,#987,.T.);
#2161=EDGE_CURVE('',#1725,#1728,#988,.T.);
#2162=EDGE_CURVE('',#1729,#1721,#989,.T.);
#2163=EDGE_CURVE('',#1729,#1730,#990,.T.);
#2164=EDGE_CURVE('',#1731,#1730,#991,.T.);
#2165=EDGE_CURVE('',#1731,#1732,#992,.T.);
#2166=EDGE_CURVE('',#1722,#1732,#993,.T.);
#2167=EDGE_CURVE('',#1690,#1480,#994,.T.);
#2168=EDGE_CURVE('',#1723,#1482,#995,.T.);
#2169=EDGE_CURVE('',#1732,#1704,#996,.T.);
#2170=EDGE_CURVE('',#1729,#1730,#997,.T.);
#2171=EDGE_CURVE('',#1703,#1729,#998,.T.);
#2172=EDGE_CURVE('',#1558,#1548,#999,.T.);
#2173=EDGE_CURVE('',#1731,#1732,#1000,.T.);
#2174=EDGE_CURVE('',#1724,#1473,#1001,.T.);
#2175=EDGE_CURVE('',#1689,#1472,#1002,.T.);
#2176=EDGE_CURVE('',#1730,#1733,#1003,.T.);
#2177=EDGE_CURVE('',#1730,#1728,#1004,.T.);
#2178=EDGE_CURVE('',#1734,#1728,#1005,.T.);
#2179=EDGE_CURVE('',#1733,#1734,#1006,.T.);
#2180=EDGE_CURVE('',#1735,#1731,#1007,.T.);
#2181=EDGE_CURVE('',#1736,#1735,#1008,.T.);
#2182=EDGE_CURVE('',#1727,#1736,#1009,.T.);
#2183=EDGE_CURVE('',#1731,#1727,#1010,.T.);
#2184=EDGE_CURVE('',#1725,#1728,#1011,.T.);
#2185=EDGE_CURVE('',#1737,#1725,#1012,.T.);
#2186=EDGE_CURVE('',#1738,#1737,#1013,.T.);
#2187=EDGE_CURVE('',#1738,#1739,#1014,.T.);
#2188=EDGE_CURVE('',#1739,#1740,#253,.T.);
#2189=EDGE_CURVE('',#1740,#1734,#1015,.T.);
#2190=EDGE_CURVE('',#1736,#1741,#1016,.T.);
#2191=EDGE_CURVE('',#1741,#1742,#254,.T.);
#2192=EDGE_CURVE('',#1742,#1743,#1017,.T.);
#2193=EDGE_CURVE('',#1743,#1744,#1018,.T.);
#2194=EDGE_CURVE('',#1744,#1726,#1019,.T.);
#2195=EDGE_CURVE('',#1727,#1726,#1020,.T.);
#2196=EDGE_CURVE('',#1745,#1733,#1021,.T.);
#2197=EDGE_CURVE('',#1745,#1746,#255,.T.);
#2198=EDGE_CURVE('',#1746,#1747,#1022,.T.);
#2199=EDGE_CURVE('',#1748,#1747,#1023,.T.);
#2200=EDGE_CURVE('',#1748,#1729,#1024,.T.);
#2201=EDGE_CURVE('',#1745,#1740,#1025,.T.);
#2202=EDGE_CURVE('',#1745,#1733,#1026,.T.);
#2203=EDGE_CURVE('',#1735,#1749,#1027,.T.);
#2204=EDGE_CURVE('',#1749,#1741,#1028,.T.);
#2205=EDGE_CURVE('',#1713,#1750,#1029,.T.);
#2206=EDGE_CURVE('',#1715,#1750,#1030,.T.);
#2207=EDGE_CURVE('',#1749,#1712,#1031,.T.);
#2208=EDGE_CURVE('',#1733,#1735,#1032,.T.);
#2209=EDGE_CURVE('',#1751,#1745,#1033,.T.);
#2210=EDGE_CURVE('',#1750,#1751,#1034,.T.);
#2211=EDGE_CURVE('',#1493,#1710,#1035,.T.);
#2212=EDGE_CURVE('',#1751,#1711,#1036,.T.);
#2213=EDGE_CURVE('',#1752,#1749,#256,.T.);
#2214=EDGE_CURVE('',#1752,#1742,#1037,.T.);
#2215=EDGE_CURVE('',#1753,#1752,#1038,.T.);
#2216=EDGE_CURVE('',#1753,#1743,#1039,.T.);
#2217=EDGE_CURVE('',#1746,#1739,#1040,.T.);
#2218=EDGE_CURVE('',#1747,#1738,#1041,.T.);
#2219=EDGE_CURVE('',#1706,#1716,#257,.T.);
#2220=EDGE_CURVE('',#1717,#1705,#258,.T.);
#2221=EDGE_CURVE('',#1754,#1630,#1042,.T.);
#2222=EDGE_CURVE('',#1755,#1754,#1043,.T.);
#2223=EDGE_CURVE('',#1491,#1755,#1044,.T.);
#2224=EDGE_CURVE('',#1755,#1726,#259,.T.);
#2225=EDGE_CURVE('',#1725,#1754,#260,.T.);
#2226=EDGE_CURVE('',#1501,#1484,#1045,.T.);
#2227=EDGE_CURVE('',#1756,#1711,#1046,.T.);
#2228=EDGE_CURVE('',#1697,#1756,#1047,.T.);
#2229=EDGE_CURVE('',#1757,#1744,#1048,.T.);
#2230=EDGE_CURVE('',#1757,#1732,#1049,.T.);
#2231=EDGE_CURVE('',#1756,#1700,#1050,.T.);
#2232=EDGE_CURVE('',#1711,#1549,#1051,.T.);
#2233=EDGE_CURVE('',#1635,#1559,#1052,.T.);
#2234=EDGE_CURVE('',#1636,#1743,#1053,.T.);
#2235=EDGE_CURVE('',#1753,#1757,#1054,.T.);
#2236=EDGE_CURVE('',#1744,#1684,#1055,.T.);
#2237=EDGE_CURVE('',#1561,#1683,#1056,.T.);
#2238=EDGE_CURVE('',#1735,#1749,#1057,.T.);
#2239=EDGE_CURVE('',#1737,#1748,#1058,.T.);
#2240=EDGE_CURVE('',#1698,#1680,#1059,.T.);
#2241=EDGE_CURVE('',#1737,#1679,#1060,.T.);
#2242=EDGE_CURVE('',#1632,#1738,#1061,.T.);
#2243=EDGE_CURVE('',#1631,#1697,#1062,.T.);
#2244=EDGE_CURVE('',#1499,#1486,#1063,.T.);
#2245=EDGE_CURVE('',#1507,#1476,#1064,.T.);
#2246=EDGE_CURVE('',#1505,#1478,#1065,.T.);
#2247=EDGE_CURVE('',#1634,#1682,#1066,.T.);
#2248=EDGE_CURVE('',#1633,#1681,#1067,.T.);
#2249=EDGE_CURVE('',#1638,#1686,#1068,.T.);
#2250=EDGE_CURVE('',#1637,#1685,#1069,.T.);
#2251=ORIENTED_EDGE('',*,*,#1758,.T.);
#2252=ORIENTED_EDGE('',*,*,#1759,.T.);
#2253=ORIENTED_EDGE('',*,*,#1760,.F.);
#2254=ORIENTED_EDGE('',*,*,#1761,.F.);
#2255=ORIENTED_EDGE('',*,*,#1762,.F.);
#2256=ORIENTED_EDGE('',*,*,#1761,.T.);
#2257=ORIENTED_EDGE('',*,*,#1763,.F.);
#2258=ORIENTED_EDGE('',*,*,#1764,.F.);
#2259=ORIENTED_EDGE('',*,*,#1765,.T.);
#2260=ORIENTED_EDGE('',*,*,#1764,.T.);
#2261=ORIENTED_EDGE('',*,*,#1766,.F.);
#2262=ORIENTED_EDGE('',*,*,#1767,.F.);
#2263=ORIENTED_EDGE('',*,*,#1768,.F.);
#2264=ORIENTED_EDGE('',*,*,#1767,.T.);
#2265=ORIENTED_EDGE('',*,*,#1769,.F.);
#2266=ORIENTED_EDGE('',*,*,#1770,.F.);
#2267=ORIENTED_EDGE('',*,*,#1771,.T.);
#2268=ORIENTED_EDGE('',*,*,#1770,.T.);
#2269=ORIENTED_EDGE('',*,*,#1772,.F.);
#2270=ORIENTED_EDGE('',*,*,#1773,.F.);
#2271=ORIENTED_EDGE('',*,*,#1774,.T.);
#2272=ORIENTED_EDGE('',*,*,#1773,.T.);
#2273=ORIENTED_EDGE('',*,*,#1775,.F.);
#2274=ORIENTED_EDGE('',*,*,#1776,.F.);
#2275=ORIENTED_EDGE('',*,*,#1777,.T.);
#2276=ORIENTED_EDGE('',*,*,#1776,.T.);
#2277=ORIENTED_EDGE('',*,*,#1778,.F.);
#2278=ORIENTED_EDGE('',*,*,#1779,.F.);
#2279=ORIENTED_EDGE('',*,*,#1780,.F.);
#2280=ORIENTED_EDGE('',*,*,#1779,.T.);
#2281=ORIENTED_EDGE('',*,*,#1781,.F.);
#2282=ORIENTED_EDGE('',*,*,#1759,.F.);
#2283=ORIENTED_EDGE('',*,*,#1762,.T.);
#2284=ORIENTED_EDGE('',*,*,#1782,.T.);
#2285=ORIENTED_EDGE('',*,*,#1768,.T.);
#2286=ORIENTED_EDGE('',*,*,#1783,.T.);
#2287=ORIENTED_EDGE('',*,*,#1780,.T.);
#2288=ORIENTED_EDGE('',*,*,#1784,.T.);
#2289=ORIENTED_EDGE('',*,*,#1785,.F.);
#2290=ORIENTED_EDGE('',*,*,#1786,.T.);
#2291=ORIENTED_EDGE('',*,*,#1787,.F.);
#2292=ORIENTED_EDGE('',*,*,#1788,.T.);
#2293=ORIENTED_EDGE('',*,*,#1789,.F.);
#2294=ORIENTED_EDGE('',*,*,#1790,.T.);
#2295=ORIENTED_EDGE('',*,*,#1791,.F.);
#2296=ORIENTED_EDGE('',*,*,#1792,.T.);
#2297=ORIENTED_EDGE('',*,*,#1793,.F.);
#2298=ORIENTED_EDGE('',*,*,#1794,.T.);
#2299=ORIENTED_EDGE('',*,*,#1795,.T.);
#2300=ORIENTED_EDGE('',*,*,#1796,.F.);
#2301=ORIENTED_EDGE('',*,*,#1797,.F.);
#2302=ORIENTED_EDGE('',*,*,#1798,.T.);
#2303=ORIENTED_EDGE('',*,*,#1799,.F.);
#2304=ORIENTED_EDGE('',*,*,#1786,.F.);
#2305=ORIENTED_EDGE('',*,*,#1794,.F.);
#2306=ORIENTED_EDGE('',*,*,#1800,.F.);
#2307=ORIENTED_EDGE('',*,*,#1801,.T.);
#2308=ORIENTED_EDGE('',*,*,#1802,.T.);
#2309=ORIENTED_EDGE('',*,*,#1798,.F.);
#2310=ORIENTED_EDGE('',*,*,#1803,.F.);
#2311=ORIENTED_EDGE('',*,*,#1804,.T.);
#2312=ORIENTED_EDGE('',*,*,#1788,.F.);
#2313=ORIENTED_EDGE('',*,*,#1805,.T.);
#2314=ORIENTED_EDGE('',*,*,#1801,.F.);
#2315=ORIENTED_EDGE('',*,*,#1806,.F.);
#2316=ORIENTED_EDGE('',*,*,#1807,.T.);
#2317=ORIENTED_EDGE('',*,*,#1808,.T.);
#2318=ORIENTED_EDGE('',*,*,#1804,.F.);
#2319=ORIENTED_EDGE('',*,*,#1809,.F.);
#2320=ORIENTED_EDGE('',*,*,#1810,.T.);
#2321=ORIENTED_EDGE('',*,*,#1811,.T.);
#2322=ORIENTED_EDGE('',*,*,#1790,.F.);
#2323=ORIENTED_EDGE('',*,*,#1807,.F.);
#2324=ORIENTED_EDGE('',*,*,#1812,.F.);
#2325=ORIENTED_EDGE('',*,*,#1813,.T.);
#2326=ORIENTED_EDGE('',*,*,#1814,.T.);
#2327=ORIENTED_EDGE('',*,*,#1810,.F.);
#2328=ORIENTED_EDGE('',*,*,#1815,.F.);
#2329=ORIENTED_EDGE('',*,*,#1796,.T.);
#2330=ORIENTED_EDGE('',*,*,#1792,.F.);
#2331=ORIENTED_EDGE('',*,*,#1816,.T.);
#2332=ORIENTED_EDGE('',*,*,#1813,.F.);
#2333=ORIENTED_EDGE('',*,*,#1817,.F.);
#2334=ORIENTED_EDGE('',*,*,#1818,.T.);
#2335=ORIENTED_EDGE('',*,*,#1797,.T.);
#2336=ORIENTED_EDGE('',*,*,#1819,.F.);
#2337=ORIENTED_EDGE('',*,*,#1817,.T.);
#2338=ORIENTED_EDGE('',*,*,#1820,.T.);
#2339=ORIENTED_EDGE('',*,*,#1821,.T.);
#2340=ORIENTED_EDGE('',*,*,#1822,.T.);
#2341=ORIENTED_EDGE('',*,*,#1823,.T.);
#2342=ORIENTED_EDGE('',*,*,#1824,.T.);
#2343=ORIENTED_EDGE('',*,*,#1825,.T.);
#2344=ORIENTED_EDGE('',*,*,#1826,.T.);
#2345=ORIENTED_EDGE('',*,*,#1827,.T.);
#2346=ORIENTED_EDGE('',*,*,#1828,.T.);
#2347=ORIENTED_EDGE('',*,*,#1829,.T.);
#2348=ORIENTED_EDGE('',*,*,#1830,.F.);
#2349=ORIENTED_EDGE('',*,*,#1831,.T.);
#2350=ORIENTED_EDGE('',*,*,#1832,.T.);
#2351=ORIENTED_EDGE('',*,*,#1833,.T.);
#2352=ORIENTED_EDGE('',*,*,#1834,.F.);
#2353=ORIENTED_EDGE('',*,*,#1835,.T.);
#2354=ORIENTED_EDGE('',*,*,#1836,.F.);
#2355=ORIENTED_EDGE('',*,*,#1837,.T.);
#2356=ORIENTED_EDGE('',*,*,#1838,.T.);
#2357=ORIENTED_EDGE('',*,*,#1839,.T.);
#2358=ORIENTED_EDGE('',*,*,#1840,.F.);
#2359=ORIENTED_EDGE('',*,*,#1841,.T.);
#2360=ORIENTED_EDGE('',*,*,#1842,.F.);
#2361=ORIENTED_EDGE('',*,*,#1843,.T.);
#2362=ORIENTED_EDGE('',*,*,#1844,.T.);
#2363=ORIENTED_EDGE('',*,*,#1845,.T.);
#2364=ORIENTED_EDGE('',*,*,#1846,.F.);
#2365=ORIENTED_EDGE('',*,*,#1847,.T.);
#2366=ORIENTED_EDGE('',*,*,#1848,.F.);
#2367=ORIENTED_EDGE('',*,*,#1849,.T.);
#2368=ORIENTED_EDGE('',*,*,#1850,.T.);
#2369=ORIENTED_EDGE('',*,*,#1851,.T.);
#2370=ORIENTED_EDGE('',*,*,#1852,.F.);
#2371=ORIENTED_EDGE('',*,*,#1853,.F.);
#2372=ORIENTED_EDGE('',*,*,#1854,.F.);
#2373=ORIENTED_EDGE('',*,*,#1855,.F.);
#2374=ORIENTED_EDGE('',*,*,#1856,.F.);
#2375=ORIENTED_EDGE('',*,*,#1857,.F.);
#2376=ORIENTED_EDGE('',*,*,#1858,.F.);
#2377=ORIENTED_EDGE('',*,*,#1859,.F.);
#2378=ORIENTED_EDGE('',*,*,#1860,.F.);
#2379=ORIENTED_EDGE('',*,*,#1855,.T.);
#2380=ORIENTED_EDGE('',*,*,#1861,.T.);
#2381=ORIENTED_EDGE('',*,*,#1862,.F.);
#2382=ORIENTED_EDGE('',*,*,#1863,.F.);
#2383=ORIENTED_EDGE('',*,*,#1864,.T.);
#2384=ORIENTED_EDGE('',*,*,#1865,.T.);
#2385=ORIENTED_EDGE('',*,*,#1866,.F.);
#2386=ORIENTED_EDGE('',*,*,#1867,.T.);
#2387=ORIENTED_EDGE('',*,*,#1856,.T.);
#2388=ORIENTED_EDGE('',*,*,#1868,.T.);
#2389=ORIENTED_EDGE('',*,*,#1869,.T.);
#2390=ORIENTED_EDGE('',*,*,#1870,.T.);
#2391=ORIENTED_EDGE('',*,*,#1858,.T.);
#2392=ORIENTED_EDGE('',*,*,#1871,.T.);
#2393=ORIENTED_EDGE('',*,*,#1872,.T.);
#2394=ORIENTED_EDGE('',*,*,#1873,.T.);
#2395=ORIENTED_EDGE('',*,*,#1854,.T.);
#2396=ORIENTED_EDGE('',*,*,#1874,.T.);
#2397=ORIENTED_EDGE('',*,*,#1875,.F.);
#2398=ORIENTED_EDGE('',*,*,#1862,.T.);
#2399=ORIENTED_EDGE('',*,*,#1876,.F.);
#2400=ORIENTED_EDGE('',*,*,#1853,.T.);
#2401=ORIENTED_EDGE('',*,*,#1877,.F.);
#2402=ORIENTED_EDGE('',*,*,#1878,.T.);
#2403=ORIENTED_EDGE('',*,*,#1879,.T.);
#2404=ORIENTED_EDGE('',*,*,#1880,.F.);
#2405=ORIENTED_EDGE('',*,*,#1874,.F.);
#2406=ORIENTED_EDGE('',*,*,#1881,.T.);
#2407=ORIENTED_EDGE('',*,*,#1882,.T.);
#2408=ORIENTED_EDGE('',*,*,#1883,.F.);
#2409=ORIENTED_EDGE('',*,*,#1884,.F.);
#2410=ORIENTED_EDGE('',*,*,#1885,.F.);
#2411=ORIENTED_EDGE('',*,*,#1886,.T.);
#2412=ORIENTED_EDGE('',*,*,#1887,.T.);
#2413=ORIENTED_EDGE('',*,*,#1888,.T.);
#2414=ORIENTED_EDGE('',*,*,#1889,.T.);
#2415=ORIENTED_EDGE('',*,*,#1781,.T.);
#2416=ORIENTED_EDGE('',*,*,#1890,.F.);
#2417=ORIENTED_EDGE('',*,*,#1891,.T.);
#2418=ORIENTED_EDGE('',*,*,#1892,.T.);
#2419=ORIENTED_EDGE('',*,*,#1769,.T.);
#2420=ORIENTED_EDGE('',*,*,#1893,.F.);
#2421=ORIENTED_EDGE('',*,*,#1894,.T.);
#2422=ORIENTED_EDGE('',*,*,#1895,.F.);
#2423=ORIENTED_EDGE('',*,*,#1884,.T.);
#2424=ORIENTED_EDGE('',*,*,#1896,.T.);
#2425=ORIENTED_EDGE('',*,*,#1772,.T.);
#2426=ORIENTED_EDGE('',*,*,#1892,.F.);
#2427=ORIENTED_EDGE('',*,*,#1883,.T.);
#2428=ORIENTED_EDGE('',*,*,#1897,.T.);
#2429=ORIENTED_EDGE('',*,*,#1775,.T.);
#2430=ORIENTED_EDGE('',*,*,#1896,.F.);
#2431=ORIENTED_EDGE('',*,*,#1898,.T.);
#2432=ORIENTED_EDGE('',*,*,#1899,.T.);
#2433=ORIENTED_EDGE('',*,*,#1900,.F.);
#2434=ORIENTED_EDGE('',*,*,#1894,.F.);
#2435=ORIENTED_EDGE('',*,*,#1891,.F.);
#2436=ORIENTED_EDGE('',*,*,#1901,.F.);
#2437=ORIENTED_EDGE('',*,*,#1902,.F.);
#2438=ORIENTED_EDGE('',*,*,#1903,.T.);
#2439=ORIENTED_EDGE('',*,*,#1900,.T.);
#2440=ORIENTED_EDGE('',*,*,#1904,.F.);
#2441=ORIENTED_EDGE('',*,*,#1905,.F.);
#2442=ORIENTED_EDGE('',*,*,#1906,.F.);
#2443=ORIENTED_EDGE('',*,*,#1885,.T.);
#2444=ORIENTED_EDGE('',*,*,#1907,.T.);
#2445=ORIENTED_EDGE('',*,*,#1908,.F.);
#2446=ORIENTED_EDGE('',*,*,#1909,.F.);
#2447=ORIENTED_EDGE('',*,*,#1910,.F.);
#2448=ORIENTED_EDGE('',*,*,#1911,.T.);
#2449=ORIENTED_EDGE('',*,*,#1912,.F.);
#2450=ORIENTED_EDGE('',*,*,#1913,.F.);
#2451=ORIENTED_EDGE('',*,*,#1914,.F.);
#2452=ORIENTED_EDGE('',*,*,#1915,.T.);
#2453=ORIENTED_EDGE('',*,*,#1916,.F.);
#2454=ORIENTED_EDGE('',*,*,#1917,.F.);
#2455=ORIENTED_EDGE('',*,*,#1918,.F.);
#2456=ORIENTED_EDGE('',*,*,#1919,.T.);
#2457=ORIENTED_EDGE('',*,*,#1920,.F.);
#2458=ORIENTED_EDGE('',*,*,#1921,.F.);
#2459=ORIENTED_EDGE('',*,*,#1922,.F.);
#2460=ORIENTED_EDGE('',*,*,#1923,.T.);
#2461=ORIENTED_EDGE('',*,*,#1924,.F.);
#2462=ORIENTED_EDGE('',*,*,#1925,.F.);
#2463=ORIENTED_EDGE('',*,*,#1926,.F.);
#2464=ORIENTED_EDGE('',*,*,#1927,.T.);
#2465=ORIENTED_EDGE('',*,*,#1928,.F.);
#2466=ORIENTED_EDGE('',*,*,#1929,.F.);
#2467=ORIENTED_EDGE('',*,*,#1930,.F.);
#2468=ORIENTED_EDGE('',*,*,#1931,.T.);
#2469=ORIENTED_EDGE('',*,*,#1932,.F.);
#2470=ORIENTED_EDGE('',*,*,#1904,.T.);
#2471=ORIENTED_EDGE('',*,*,#1899,.F.);
#2472=ORIENTED_EDGE('',*,*,#1933,.T.);
#2473=ORIENTED_EDGE('',*,*,#1934,.F.);
#2474=ORIENTED_EDGE('',*,*,#1906,.T.);
#2475=ORIENTED_EDGE('',*,*,#1935,.F.);
#2476=ORIENTED_EDGE('',*,*,#1936,.F.);
#2477=ORIENTED_EDGE('',*,*,#1886,.F.);
#2478=ORIENTED_EDGE('',*,*,#1902,.T.);
#2479=ORIENTED_EDGE('',*,*,#1937,.F.);
#2480=ORIENTED_EDGE('',*,*,#1938,.F.);
#2481=ORIENTED_EDGE('',*,*,#1939,.F.);
#2482=ORIENTED_EDGE('',*,*,#1908,.T.);
#2483=ORIENTED_EDGE('',*,*,#1940,.F.);
#2484=ORIENTED_EDGE('',*,*,#1941,.T.);
#2485=ORIENTED_EDGE('',*,*,#1942,.F.);
#2486=ORIENTED_EDGE('',*,*,#1916,.T.);
#2487=ORIENTED_EDGE('',*,*,#1943,.F.);
#2488=ORIENTED_EDGE('',*,*,#1944,.T.);
#2489=ORIENTED_EDGE('',*,*,#1945,.F.);
#2490=ORIENTED_EDGE('',*,*,#1910,.T.);
#2491=ORIENTED_EDGE('',*,*,#1946,.F.);
#2492=ORIENTED_EDGE('',*,*,#1947,.F.);
#2493=ORIENTED_EDGE('',*,*,#1948,.F.);
#2494=ORIENTED_EDGE('',*,*,#1912,.T.);
#2495=ORIENTED_EDGE('',*,*,#1949,.F.);
#2496=ORIENTED_EDGE('',*,*,#1914,.T.);
#2497=ORIENTED_EDGE('',*,*,#1950,.F.);
#2498=ORIENTED_EDGE('',*,*,#1951,.F.);
#2499=ORIENTED_EDGE('',*,*,#1893,.T.);
#2500=ORIENTED_EDGE('',*,*,#1766,.T.);
#2501=ORIENTED_EDGE('',*,*,#1952,.F.);
#2502=ORIENTED_EDGE('',*,*,#1953,.F.);
#2503=ORIENTED_EDGE('',*,*,#1924,.T.);
#2504=ORIENTED_EDGE('',*,*,#1954,.F.);
#2505=ORIENTED_EDGE('',*,*,#1955,.T.);
#2506=ORIENTED_EDGE('',*,*,#1956,.F.);
#2507=ORIENTED_EDGE('',*,*,#1918,.T.);
#2508=ORIENTED_EDGE('',*,*,#1957,.F.);
#2509=ORIENTED_EDGE('',*,*,#1958,.F.);
#2510=ORIENTED_EDGE('',*,*,#1959,.F.);
#2511=ORIENTED_EDGE('',*,*,#1922,.T.);
#2512=ORIENTED_EDGE('',*,*,#1960,.F.);
#2513=ORIENTED_EDGE('',*,*,#1961,.F.);
#2514=ORIENTED_EDGE('',*,*,#1887,.F.);
#2515=ORIENTED_EDGE('',*,*,#1890,.T.);
#2516=ORIENTED_EDGE('',*,*,#1778,.T.);
#2517=ORIENTED_EDGE('',*,*,#1897,.F.);
#2518=ORIENTED_EDGE('',*,*,#1962,.T.);
#2519=ORIENTED_EDGE('',*,*,#1963,.F.);
#2520=ORIENTED_EDGE('',*,*,#1920,.T.);
#2521=ORIENTED_EDGE('',*,*,#1964,.F.);
#2522=ORIENTED_EDGE('',*,*,#1928,.T.);
#2523=ORIENTED_EDGE('',*,*,#1965,.F.);
#2524=ORIENTED_EDGE('',*,*,#1930,.T.);
#2525=ORIENTED_EDGE('',*,*,#1966,.F.);
#2526=ORIENTED_EDGE('',*,*,#1967,.T.);
#2527=ORIENTED_EDGE('',*,*,#1760,.T.);
#2528=ORIENTED_EDGE('',*,*,#1889,.F.);
#2529=ORIENTED_EDGE('',*,*,#1968,.T.);
#2530=ORIENTED_EDGE('',*,*,#1969,.F.);
#2531=ORIENTED_EDGE('',*,*,#1921,.T.);
#2532=ORIENTED_EDGE('',*,*,#1956,.T.);
#2533=ORIENTED_EDGE('',*,*,#1970,.T.);
#2534=ORIENTED_EDGE('',*,*,#1971,.T.);
#2535=ORIENTED_EDGE('',*,*,#1925,.T.);
#2536=ORIENTED_EDGE('',*,*,#1969,.T.);
#2537=ORIENTED_EDGE('',*,*,#1972,.T.);
#2538=ORIENTED_EDGE('',*,*,#1960,.T.);
#2539=ORIENTED_EDGE('',*,*,#1909,.T.);
#2540=ORIENTED_EDGE('',*,*,#1953,.T.);
#2541=ORIENTED_EDGE('',*,*,#1973,.T.);
#2542=ORIENTED_EDGE('',*,*,#1966,.T.);
#2543=ORIENTED_EDGE('',*,*,#1929,.T.);
#2544=ORIENTED_EDGE('',*,*,#1974,.T.);
#2545=ORIENTED_EDGE('',*,*,#1975,.T.);
#2546=ORIENTED_EDGE('',*,*,#1946,.T.);
#2547=ORIENTED_EDGE('',*,*,#1901,.T.);
#2548=ORIENTED_EDGE('',*,*,#1934,.T.);
#2549=ORIENTED_EDGE('',*,*,#1976,.T.);
#2550=ORIENTED_EDGE('',*,*,#1950,.T.);
#2551=ORIENTED_EDGE('',*,*,#1913,.T.);
#2552=ORIENTED_EDGE('',*,*,#1945,.T.);
#2553=ORIENTED_EDGE('',*,*,#1977,.T.);
#2554=ORIENTED_EDGE('',*,*,#1937,.T.);
#2555=ORIENTED_EDGE('',*,*,#1905,.T.);
#2556=ORIENTED_EDGE('',*,*,#1942,.T.);
#2557=ORIENTED_EDGE('',*,*,#1978,.T.);
#2558=ORIENTED_EDGE('',*,*,#1957,.T.);
#2559=ORIENTED_EDGE('',*,*,#1917,.T.);
#2560=ORIENTED_EDGE('',*,*,#1963,.T.);
#2561=ORIENTED_EDGE('',*,*,#1979,.T.);
#2562=ORIENTED_EDGE('',*,*,#1935,.T.);
#2563=ORIENTED_EDGE('',*,*,#1926,.T.);
#2564=ORIENTED_EDGE('',*,*,#1971,.F.);
#2565=ORIENTED_EDGE('',*,*,#1980,.F.);
#2566=ORIENTED_EDGE('',*,*,#1981,.F.);
#2567=ORIENTED_EDGE('',*,*,#1932,.T.);
#2568=ORIENTED_EDGE('',*,*,#1982,.F.);
#2569=ORIENTED_EDGE('',*,*,#1983,.T.);
#2570=ORIENTED_EDGE('',*,*,#1974,.F.);
#2571=ORIENTED_EDGE('',*,*,#1888,.F.);
#2572=ORIENTED_EDGE('',*,*,#1961,.T.);
#2573=ORIENTED_EDGE('',*,*,#1972,.F.);
#2574=ORIENTED_EDGE('',*,*,#1968,.F.);
#2575=ORIENTED_EDGE('',*,*,#1967,.F.);
#2576=ORIENTED_EDGE('',*,*,#1973,.F.);
#2577=ORIENTED_EDGE('',*,*,#1952,.T.);
#2578=ORIENTED_EDGE('',*,*,#1763,.T.);
#2579=ORIENTED_EDGE('',*,*,#1898,.F.);
#2580=ORIENTED_EDGE('',*,*,#1951,.T.);
#2581=ORIENTED_EDGE('',*,*,#1976,.F.);
#2582=ORIENTED_EDGE('',*,*,#1933,.F.);
#2583=ORIENTED_EDGE('',*,*,#1882,.F.);
#2584=ORIENTED_EDGE('',*,*,#1936,.T.);
#2585=ORIENTED_EDGE('',*,*,#1979,.F.);
#2586=ORIENTED_EDGE('',*,*,#1962,.F.);
#2587=ORIENTED_EDGE('',*,*,#1984,.F.);
#2588=ORIENTED_EDGE('',*,*,#1958,.T.);
#2589=ORIENTED_EDGE('',*,*,#1978,.F.);
#2590=ORIENTED_EDGE('',*,*,#1941,.F.);
#2591=ORIENTED_EDGE('',*,*,#1985,.F.);
#2592=ORIENTED_EDGE('',*,*,#1938,.T.);
#2593=ORIENTED_EDGE('',*,*,#1977,.F.);
#2594=ORIENTED_EDGE('',*,*,#1944,.F.);
#2595=ORIENTED_EDGE('',*,*,#1986,.F.);
#2596=ORIENTED_EDGE('',*,*,#1947,.T.);
#2597=ORIENTED_EDGE('',*,*,#1975,.F.);
#2598=ORIENTED_EDGE('',*,*,#1983,.F.);
#2599=ORIENTED_EDGE('',*,*,#1987,.F.);
#2600=ORIENTED_EDGE('',*,*,#1980,.T.);
#2601=ORIENTED_EDGE('',*,*,#1970,.F.);
#2602=ORIENTED_EDGE('',*,*,#1955,.F.);
#2603=ORIENTED_EDGE('',*,*,#1799,.T.);
#2604=ORIENTED_EDGE('',*,*,#1988,.T.);
#2605=ORIENTED_EDGE('',*,*,#1989,.F.);
#2606=ORIENTED_EDGE('',*,*,#1990,.T.);
#2607=ORIENTED_EDGE('',*,*,#1991,.T.);
#2608=ORIENTED_EDGE('',*,*,#1825,.F.);
#2609=ORIENTED_EDGE('',*,*,#1992,.F.);
#2610=ORIENTED_EDGE('',*,*,#1993,.T.);
#2611=ORIENTED_EDGE('',*,*,#1992,.T.);
#2612=ORIENTED_EDGE('',*,*,#1824,.F.);
#2613=ORIENTED_EDGE('',*,*,#1994,.F.);
#2614=ORIENTED_EDGE('',*,*,#1995,.T.);
#2615=ORIENTED_EDGE('',*,*,#1994,.T.);
#2616=ORIENTED_EDGE('',*,*,#1823,.F.);
#2617=ORIENTED_EDGE('',*,*,#1996,.F.);
#2618=ORIENTED_EDGE('',*,*,#1997,.T.);
#2619=ORIENTED_EDGE('',*,*,#1996,.T.);
#2620=ORIENTED_EDGE('',*,*,#1822,.F.);
#2621=ORIENTED_EDGE('',*,*,#1998,.F.);
#2622=ORIENTED_EDGE('',*,*,#1999,.T.);
#2623=ORIENTED_EDGE('',*,*,#1998,.T.);
#2624=ORIENTED_EDGE('',*,*,#1821,.F.);
#2625=ORIENTED_EDGE('',*,*,#2000,.F.);
#2626=ORIENTED_EDGE('',*,*,#2001,.T.);
#2627=ORIENTED_EDGE('',*,*,#2000,.T.);
#2628=ORIENTED_EDGE('',*,*,#1828,.F.);
#2629=ORIENTED_EDGE('',*,*,#2002,.F.);
#2630=ORIENTED_EDGE('',*,*,#2003,.T.);
#2631=ORIENTED_EDGE('',*,*,#2002,.T.);
#2632=ORIENTED_EDGE('',*,*,#1827,.F.);
#2633=ORIENTED_EDGE('',*,*,#2004,.F.);
#2634=ORIENTED_EDGE('',*,*,#2005,.T.);
#2635=ORIENTED_EDGE('',*,*,#2004,.T.);
#2636=ORIENTED_EDGE('',*,*,#1826,.F.);
#2637=ORIENTED_EDGE('',*,*,#1991,.F.);
#2638=ORIENTED_EDGE('',*,*,#1837,.F.);
#2639=ORIENTED_EDGE('',*,*,#2006,.T.);
#2640=ORIENTED_EDGE('',*,*,#2007,.F.);
#2641=ORIENTED_EDGE('',*,*,#2008,.F.);
#2642=ORIENTED_EDGE('',*,*,#1833,.F.);
#2643=ORIENTED_EDGE('',*,*,#2009,.T.);
#2644=ORIENTED_EDGE('',*,*,#2010,.F.);
#2645=ORIENTED_EDGE('',*,*,#2011,.T.);
#2646=ORIENTED_EDGE('',*,*,#1836,.T.);
#2647=ORIENTED_EDGE('',*,*,#2012,.F.);
#2648=ORIENTED_EDGE('',*,*,#2013,.F.);
#2649=ORIENTED_EDGE('',*,*,#2006,.F.);
#2650=ORIENTED_EDGE('',*,*,#1832,.F.);
#2651=ORIENTED_EDGE('',*,*,#2014,.T.);
#2652=ORIENTED_EDGE('',*,*,#2015,.F.);
#2653=ORIENTED_EDGE('',*,*,#2009,.F.);
#2654=ORIENTED_EDGE('',*,*,#1830,.T.);
#2655=ORIENTED_EDGE('',*,*,#2016,.F.);
#2656=ORIENTED_EDGE('',*,*,#2017,.F.);
#2657=ORIENTED_EDGE('',*,*,#2018,.F.);
#2658=ORIENTED_EDGE('',*,*,#1843,.F.);
#2659=ORIENTED_EDGE('',*,*,#2019,.T.);
#2660=ORIENTED_EDGE('',*,*,#2020,.F.);
#2661=ORIENTED_EDGE('',*,*,#2021,.F.);
#2662=ORIENTED_EDGE('',*,*,#1842,.T.);
#2663=ORIENTED_EDGE('',*,*,#2022,.F.);
#2664=ORIENTED_EDGE('',*,*,#2023,.F.);
#2665=ORIENTED_EDGE('',*,*,#2019,.F.);
#2666=ORIENTED_EDGE('',*,*,#1851,.F.);
#2667=ORIENTED_EDGE('',*,*,#2024,.T.);
#2668=ORIENTED_EDGE('',*,*,#2025,.F.);
#2669=ORIENTED_EDGE('',*,*,#2026,.T.);
#2670=ORIENTED_EDGE('',*,*,#1831,.F.);
#2671=ORIENTED_EDGE('',*,*,#2018,.T.);
#2672=ORIENTED_EDGE('',*,*,#2027,.F.);
#2673=ORIENTED_EDGE('',*,*,#2014,.F.);
#2674=ORIENTED_EDGE('',*,*,#1850,.F.);
#2675=ORIENTED_EDGE('',*,*,#2028,.T.);
#2676=ORIENTED_EDGE('',*,*,#2029,.F.);
#2677=ORIENTED_EDGE('',*,*,#2024,.F.);
#2678=ORIENTED_EDGE('',*,*,#1849,.F.);
#2679=ORIENTED_EDGE('',*,*,#2030,.T.);
#2680=ORIENTED_EDGE('',*,*,#2031,.F.);
#2681=ORIENTED_EDGE('',*,*,#2028,.F.);
#2682=ORIENTED_EDGE('',*,*,#1848,.T.);
#2683=ORIENTED_EDGE('',*,*,#2032,.F.);
#2684=ORIENTED_EDGE('',*,*,#2033,.F.);
#2685=ORIENTED_EDGE('',*,*,#2030,.F.);
#2686=ORIENTED_EDGE('',*,*,#1834,.T.);
#2687=ORIENTED_EDGE('',*,*,#2011,.F.);
#2688=ORIENTED_EDGE('',*,*,#2034,.F.);
#2689=ORIENTED_EDGE('',*,*,#2035,.F.);
#2690=ORIENTED_EDGE('',*,*,#1840,.T.);
#2691=ORIENTED_EDGE('',*,*,#2036,.F.);
#2692=ORIENTED_EDGE('',*,*,#2037,.F.);
#2693=ORIENTED_EDGE('',*,*,#2038,.F.);
#2694=ORIENTED_EDGE('',*,*,#1852,.T.);
#2695=ORIENTED_EDGE('',*,*,#2026,.F.);
#2696=ORIENTED_EDGE('',*,*,#2039,.F.);
#2697=ORIENTED_EDGE('',*,*,#2040,.F.);
#2698=ORIENTED_EDGE('',*,*,#1846,.T.);
#2699=ORIENTED_EDGE('',*,*,#2041,.F.);
#2700=ORIENTED_EDGE('',*,*,#2042,.F.);
#2701=ORIENTED_EDGE('',*,*,#2043,.F.);
#2702=ORIENTED_EDGE('',*,*,#2035,.T.);
#2703=ORIENTED_EDGE('',*,*,#2044,.F.);
#2704=ORIENTED_EDGE('',*,*,#2045,.T.);
#2705=ORIENTED_EDGE('',*,*,#1812,.T.);
#2706=ORIENTED_EDGE('',*,*,#2046,.T.);
#2707=ORIENTED_EDGE('',*,*,#2047,.F.);
#2708=ORIENTED_EDGE('',*,*,#2012,.T.);
#2709=ORIENTED_EDGE('',*,*,#1835,.F.);
#2710=ORIENTED_EDGE('',*,*,#1839,.F.);
#2711=ORIENTED_EDGE('',*,*,#2048,.T.);
#2712=ORIENTED_EDGE('',*,*,#2049,.F.);
#2713=ORIENTED_EDGE('',*,*,#2036,.T.);
#2714=ORIENTED_EDGE('',*,*,#2022,.T.);
#2715=ORIENTED_EDGE('',*,*,#1841,.F.);
#2716=ORIENTED_EDGE('',*,*,#2038,.T.);
#2717=ORIENTED_EDGE('',*,*,#2050,.F.);
#2718=ORIENTED_EDGE('',*,*,#2051,.T.);
#2719=ORIENTED_EDGE('',*,*,#1806,.T.);
#2720=ORIENTED_EDGE('',*,*,#2052,.F.);
#2721=ORIENTED_EDGE('',*,*,#2053,.F.);
#2722=ORIENTED_EDGE('',*,*,#2040,.T.);
#2723=ORIENTED_EDGE('',*,*,#2054,.F.);
#2724=ORIENTED_EDGE('',*,*,#2055,.F.);
#2725=ORIENTED_EDGE('',*,*,#1819,.T.);
#2726=ORIENTED_EDGE('',*,*,#1793,.T.);
#2727=ORIENTED_EDGE('',*,*,#2056,.F.);
#2728=ORIENTED_EDGE('',*,*,#2057,.F.);
#2729=ORIENTED_EDGE('',*,*,#2016,.T.);
#2730=ORIENTED_EDGE('',*,*,#1829,.F.);
#2731=ORIENTED_EDGE('',*,*,#2039,.T.);
#2732=ORIENTED_EDGE('',*,*,#2025,.T.);
#2733=ORIENTED_EDGE('',*,*,#2029,.T.);
#2734=ORIENTED_EDGE('',*,*,#2031,.T.);
#2735=ORIENTED_EDGE('',*,*,#2033,.T.);
#2736=ORIENTED_EDGE('',*,*,#2058,.T.);
#2737=ORIENTED_EDGE('',*,*,#2059,.T.);
#2738=ORIENTED_EDGE('',*,*,#2054,.T.);
#2739=ORIENTED_EDGE('',*,*,#2023,.T.);
#2740=ORIENTED_EDGE('',*,*,#2053,.T.);
#2741=ORIENTED_EDGE('',*,*,#2060,.T.);
#2742=ORIENTED_EDGE('',*,*,#2061,.T.);
#2743=ORIENTED_EDGE('',*,*,#2042,.T.);
#2744=ORIENTED_EDGE('',*,*,#2062,.T.);
#2745=ORIENTED_EDGE('',*,*,#2063,.T.);
#2746=ORIENTED_EDGE('',*,*,#2020,.T.);
#2747=ORIENTED_EDGE('',*,*,#2034,.T.);
#2748=ORIENTED_EDGE('',*,*,#2010,.T.);
#2749=ORIENTED_EDGE('',*,*,#2015,.T.);
#2750=ORIENTED_EDGE('',*,*,#2027,.T.);
#2751=ORIENTED_EDGE('',*,*,#2017,.T.);
#2752=ORIENTED_EDGE('',*,*,#2057,.T.);
#2753=ORIENTED_EDGE('',*,*,#2064,.T.);
#2754=ORIENTED_EDGE('',*,*,#2044,.T.);
#2755=ORIENTED_EDGE('',*,*,#2013,.T.);
#2756=ORIENTED_EDGE('',*,*,#2047,.T.);
#2757=ORIENTED_EDGE('',*,*,#2065,.T.);
#2758=ORIENTED_EDGE('',*,*,#2050,.T.);
#2759=ORIENTED_EDGE('',*,*,#2037,.T.);
#2760=ORIENTED_EDGE('',*,*,#2049,.T.);
#2761=ORIENTED_EDGE('',*,*,#2066,.T.);
#2762=ORIENTED_EDGE('',*,*,#2007,.T.);
#2763=ORIENTED_EDGE('',*,*,#2032,.T.);
#2764=ORIENTED_EDGE('',*,*,#1847,.F.);
#2765=ORIENTED_EDGE('',*,*,#2043,.T.);
#2766=ORIENTED_EDGE('',*,*,#2061,.F.);
#2767=ORIENTED_EDGE('',*,*,#2067,.T.);
#2768=ORIENTED_EDGE('',*,*,#1800,.T.);
#2769=ORIENTED_EDGE('',*,*,#1818,.F.);
#2770=ORIENTED_EDGE('',*,*,#2068,.T.);
#2771=ORIENTED_EDGE('',*,*,#2058,.F.);
#2772=ORIENTED_EDGE('',*,*,#2045,.F.);
#2773=ORIENTED_EDGE('',*,*,#2064,.F.);
#2774=ORIENTED_EDGE('',*,*,#2056,.T.);
#2775=ORIENTED_EDGE('',*,*,#1815,.T.);
#2776=ORIENTED_EDGE('',*,*,#1820,.F.);
#2777=ORIENTED_EDGE('',*,*,#2055,.T.);
#2778=ORIENTED_EDGE('',*,*,#2059,.F.);
#2779=ORIENTED_EDGE('',*,*,#2068,.F.);
#2780=ORIENTED_EDGE('',*,*,#2067,.F.);
#2781=ORIENTED_EDGE('',*,*,#2060,.F.);
#2782=ORIENTED_EDGE('',*,*,#2052,.T.);
#2783=ORIENTED_EDGE('',*,*,#1803,.T.);
#2784=ORIENTED_EDGE('',*,*,#2051,.F.);
#2785=ORIENTED_EDGE('',*,*,#2065,.F.);
#2786=ORIENTED_EDGE('',*,*,#2046,.F.);
#2787=ORIENTED_EDGE('',*,*,#1809,.T.);
#2788=ORIENTED_EDGE('',*,*,#1838,.F.);
#2789=ORIENTED_EDGE('',*,*,#2008,.T.);
#2790=ORIENTED_EDGE('',*,*,#2066,.F.);
#2791=ORIENTED_EDGE('',*,*,#2048,.F.);
#2792=ORIENTED_EDGE('',*,*,#1845,.F.);
#2793=ORIENTED_EDGE('',*,*,#2069,.F.);
#2794=ORIENTED_EDGE('',*,*,#2062,.F.);
#2795=ORIENTED_EDGE('',*,*,#2041,.T.);
#2796=ORIENTED_EDGE('',*,*,#1844,.F.);
#2797=ORIENTED_EDGE('',*,*,#2021,.T.);
#2798=ORIENTED_EDGE('',*,*,#2063,.F.);
#2799=ORIENTED_EDGE('',*,*,#2069,.T.);
#2800=ORIENTED_EDGE('',*,*,#2070,.T.);
#2801=ORIENTED_EDGE('',*,*,#2071,.T.);
#2802=ORIENTED_EDGE('',*,*,#2072,.T.);
#2803=ORIENTED_EDGE('',*,*,#2073,.T.);
#2804=ORIENTED_EDGE('',*,*,#2074,.T.);
#2805=ORIENTED_EDGE('',*,*,#2075,.T.);
#2806=ORIENTED_EDGE('',*,*,#2076,.T.);
#2807=ORIENTED_EDGE('',*,*,#2077,.T.);
#2808=ORIENTED_EDGE('',*,*,#1965,.T.);
#2809=ORIENTED_EDGE('',*,*,#1927,.F.);
#2810=ORIENTED_EDGE('',*,*,#1981,.T.);
#2811=ORIENTED_EDGE('',*,*,#1987,.T.);
#2812=ORIENTED_EDGE('',*,*,#1954,.T.);
#2813=ORIENTED_EDGE('',*,*,#1923,.F.);
#2814=ORIENTED_EDGE('',*,*,#1964,.T.);
#2815=ORIENTED_EDGE('',*,*,#1919,.F.);
#2816=ORIENTED_EDGE('',*,*,#1959,.T.);
#2817=ORIENTED_EDGE('',*,*,#1984,.T.);
#2818=ORIENTED_EDGE('',*,*,#1940,.T.);
#2819=ORIENTED_EDGE('',*,*,#1907,.F.);
#2820=ORIENTED_EDGE('',*,*,#1895,.T.);
#2821=ORIENTED_EDGE('',*,*,#1903,.F.);
#2822=ORIENTED_EDGE('',*,*,#1939,.T.);
#2823=ORIENTED_EDGE('',*,*,#1985,.T.);
#2824=ORIENTED_EDGE('',*,*,#1943,.T.);
#2825=ORIENTED_EDGE('',*,*,#1915,.F.);
#2826=ORIENTED_EDGE('',*,*,#1949,.T.);
#2827=ORIENTED_EDGE('',*,*,#1911,.F.);
#2828=ORIENTED_EDGE('',*,*,#1948,.T.);
#2829=ORIENTED_EDGE('',*,*,#1986,.T.);
#2830=ORIENTED_EDGE('',*,*,#1982,.T.);
#2831=ORIENTED_EDGE('',*,*,#1931,.F.);
#2832=ORIENTED_EDGE('',*,*,#2078,.T.);
#2833=ORIENTED_EDGE('',*,*,#2079,.T.);
#2834=ORIENTED_EDGE('',*,*,#2070,.F.);
#2835=ORIENTED_EDGE('',*,*,#2080,.F.);
#2836=ORIENTED_EDGE('',*,*,#2081,.T.);
#2837=ORIENTED_EDGE('',*,*,#2082,.T.);
#2838=ORIENTED_EDGE('',*,*,#2071,.F.);
#2839=ORIENTED_EDGE('',*,*,#2079,.F.);
#2840=ORIENTED_EDGE('',*,*,#2083,.T.);
#2841=ORIENTED_EDGE('',*,*,#2084,.T.);
#2842=ORIENTED_EDGE('',*,*,#2072,.F.);
#2843=ORIENTED_EDGE('',*,*,#2082,.F.);
#2844=ORIENTED_EDGE('',*,*,#2085,.T.);
#2845=ORIENTED_EDGE('',*,*,#2086,.T.);
#2846=ORIENTED_EDGE('',*,*,#2073,.F.);
#2847=ORIENTED_EDGE('',*,*,#2084,.F.);
#2848=ORIENTED_EDGE('',*,*,#2087,.T.);
#2849=ORIENTED_EDGE('',*,*,#2088,.T.);
#2850=ORIENTED_EDGE('',*,*,#2074,.F.);
#2851=ORIENTED_EDGE('',*,*,#2086,.F.);
#2852=ORIENTED_EDGE('',*,*,#2089,.T.);
#2853=ORIENTED_EDGE('',*,*,#2090,.T.);
#2854=ORIENTED_EDGE('',*,*,#2075,.F.);
#2855=ORIENTED_EDGE('',*,*,#2088,.F.);
#2856=ORIENTED_EDGE('',*,*,#2091,.T.);
#2857=ORIENTED_EDGE('',*,*,#2092,.T.);
#2858=ORIENTED_EDGE('',*,*,#2076,.F.);
#2859=ORIENTED_EDGE('',*,*,#2090,.F.);
#2860=ORIENTED_EDGE('',*,*,#2093,.T.);
#2861=ORIENTED_EDGE('',*,*,#2080,.T.);
#2862=ORIENTED_EDGE('',*,*,#2077,.F.);
#2863=ORIENTED_EDGE('',*,*,#2092,.F.);
#2864=ORIENTED_EDGE('',*,*,#2094,.F.);
#2865=ORIENTED_EDGE('',*,*,#2095,.F.);
#2866=ORIENTED_EDGE('',*,*,#2096,.T.);
#2867=ORIENTED_EDGE('',*,*,#2097,.F.);
#2868=ORIENTED_EDGE('',*,*,#2098,.F.);
#2869=ORIENTED_EDGE('',*,*,#2099,.T.);
#2870=ORIENTED_EDGE('',*,*,#2100,.F.);
#2871=ORIENTED_EDGE('',*,*,#1872,.F.);
#2872=ORIENTED_EDGE('',*,*,#2101,.F.);
#2873=ORIENTED_EDGE('',*,*,#2102,.F.);
#2874=ORIENTED_EDGE('',*,*,#2103,.F.);
#2875=ORIENTED_EDGE('',*,*,#2104,.F.);
#2876=ORIENTED_EDGE('',*,*,#2105,.F.);
#2877=ORIENTED_EDGE('',*,*,#2104,.T.);
#2878=ORIENTED_EDGE('',*,*,#2106,.F.);
#2879=ORIENTED_EDGE('',*,*,#2099,.F.);
#2880=ORIENTED_EDGE('',*,*,#1878,.F.);
#2881=ORIENTED_EDGE('',*,*,#1869,.F.);
#2882=ORIENTED_EDGE('',*,*,#1865,.F.);
#2883=ORIENTED_EDGE('',*,*,#2107,.F.);
#2884=ORIENTED_EDGE('',*,*,#1879,.F.);
#2885=ORIENTED_EDGE('',*,*,#2107,.T.);
#2886=ORIENTED_EDGE('',*,*,#1864,.F.);
#2887=ORIENTED_EDGE('',*,*,#2108,.F.);
#2888=ORIENTED_EDGE('',*,*,#1857,.T.);
#2889=ORIENTED_EDGE('',*,*,#2109,.F.);
#2890=ORIENTED_EDGE('',*,*,#2110,.T.);
#2891=ORIENTED_EDGE('',*,*,#2111,.T.);
#2892=ORIENTED_EDGE('',*,*,#2101,.T.);
#2893=ORIENTED_EDGE('',*,*,#2105,.T.);
#2894=ORIENTED_EDGE('',*,*,#2098,.T.);
#2895=ORIENTED_EDGE('',*,*,#2112,.F.);
#2896=ORIENTED_EDGE('',*,*,#2113,.T.);
#2897=ORIENTED_EDGE('',*,*,#2102,.T.);
#2898=ORIENTED_EDGE('',*,*,#2111,.F.);
#2899=ORIENTED_EDGE('',*,*,#2114,.F.);
#2900=ORIENTED_EDGE('',*,*,#2115,.T.);
#2901=ORIENTED_EDGE('',*,*,#2113,.F.);
#2902=ORIENTED_EDGE('',*,*,#2116,.T.);
#2903=ORIENTED_EDGE('',*,*,#2117,.F.);
#2904=ORIENTED_EDGE('',*,*,#2116,.F.);
#2905=ORIENTED_EDGE('',*,*,#1881,.F.);
#2906=ORIENTED_EDGE('',*,*,#2118,.T.);
#2907=ORIENTED_EDGE('',*,*,#2119,.F.);
#2908=ORIENTED_EDGE('',*,*,#2118,.F.);
#2909=ORIENTED_EDGE('',*,*,#2120,.F.);
#2910=ORIENTED_EDGE('',*,*,#2094,.T.);
#2911=ORIENTED_EDGE('',*,*,#2121,.F.);
#2912=ORIENTED_EDGE('',*,*,#2122,.F.);
#2913=ORIENTED_EDGE('',*,*,#1868,.F.);
#2914=ORIENTED_EDGE('',*,*,#2123,.F.);
#2915=ORIENTED_EDGE('',*,*,#1873,.F.);
#2916=ORIENTED_EDGE('',*,*,#2124,.F.);
#2917=ORIENTED_EDGE('',*,*,#2125,.F.);
#2918=ORIENTED_EDGE('',*,*,#2126,.F.);
#2919=ORIENTED_EDGE('',*,*,#1871,.F.);
#2920=ORIENTED_EDGE('',*,*,#2127,.F.);
#2921=ORIENTED_EDGE('',*,*,#1870,.F.);
#2922=ORIENTED_EDGE('',*,*,#2128,.F.);
#2923=ORIENTED_EDGE('',*,*,#2129,.T.);
#2924=ORIENTED_EDGE('',*,*,#2096,.F.);
#2925=ORIENTED_EDGE('',*,*,#2130,.F.);
#2926=ORIENTED_EDGE('',*,*,#2131,.F.);
#2927=ORIENTED_EDGE('',*,*,#2132,.F.);
#2928=ORIENTED_EDGE('',*,*,#2133,.F.);
#2929=ORIENTED_EDGE('',*,*,#2134,.F.);
#2930=ORIENTED_EDGE('',*,*,#2130,.T.);
#2931=ORIENTED_EDGE('',*,*,#2135,.F.);
#2932=ORIENTED_EDGE('',*,*,#2136,.T.);
#2933=ORIENTED_EDGE('',*,*,#2137,.T.);
#2934=ORIENTED_EDGE('',*,*,#1876,.T.);
#2935=ORIENTED_EDGE('',*,*,#2131,.T.);
#2936=ORIENTED_EDGE('',*,*,#2134,.T.);
#2937=ORIENTED_EDGE('',*,*,#2138,.T.);
#2938=ORIENTED_EDGE('',*,*,#2139,.T.);
#2939=ORIENTED_EDGE('',*,*,#2140,.T.);
#2940=ORIENTED_EDGE('',*,*,#2141,.F.);
#2941=ORIENTED_EDGE('',*,*,#1808,.F.);
#2942=ORIENTED_EDGE('',*,*,#2142,.T.);
#2943=ORIENTED_EDGE('',*,*,#1785,.T.);
#2944=ORIENTED_EDGE('',*,*,#2141,.T.);
#2945=ORIENTED_EDGE('',*,*,#2143,.T.);
#2946=ORIENTED_EDGE('',*,*,#2144,.F.);
#2947=ORIENTED_EDGE('',*,*,#1791,.T.);
#2948=ORIENTED_EDGE('',*,*,#2145,.F.);
#2949=ORIENTED_EDGE('',*,*,#2146,.F.);
#2950=ORIENTED_EDGE('',*,*,#2147,.F.);
#2951=ORIENTED_EDGE('',*,*,#2117,.T.);
#2952=ORIENTED_EDGE('',*,*,#2119,.T.);
#2953=ORIENTED_EDGE('',*,*,#2148,.F.);
#2954=ORIENTED_EDGE('',*,*,#2149,.T.);
#2955=ORIENTED_EDGE('',*,*,#1867,.F.);
#2956=ORIENTED_EDGE('',*,*,#2149,.F.);
#2957=ORIENTED_EDGE('',*,*,#2150,.F.);
#2958=ORIENTED_EDGE('',*,*,#2151,.T.);
#2959=ORIENTED_EDGE('',*,*,#2152,.F.);
#2960=ORIENTED_EDGE('',*,*,#2151,.F.);
#2961=ORIENTED_EDGE('',*,*,#2153,.T.);
#2962=ORIENTED_EDGE('',*,*,#2154,.F.);
#2963=ORIENTED_EDGE('',*,*,#2155,.F.);
#2964=ORIENTED_EDGE('',*,*,#2156,.F.);
#2965=ORIENTED_EDGE('',*,*,#2157,.T.);
#2966=ORIENTED_EDGE('',*,*,#2155,.T.);
#2967=ORIENTED_EDGE('',*,*,#2158,.F.);
#2968=ORIENTED_EDGE('',*,*,#2159,.F.);
#2969=ORIENTED_EDGE('',*,*,#2160,.F.);
#2970=ORIENTED_EDGE('',*,*,#2161,.F.);
#2971=ORIENTED_EDGE('',*,*,#2162,.F.);
#2972=ORIENTED_EDGE('',*,*,#2163,.T.);
#2973=ORIENTED_EDGE('',*,*,#2164,.F.);
#2974=ORIENTED_EDGE('',*,*,#2165,.T.);
#2975=ORIENTED_EDGE('',*,*,#2166,.F.);
#2976=ORIENTED_EDGE('',*,*,#2153,.F.);
#2977=ORIENTED_EDGE('',*,*,#2097,.T.);
#2978=ORIENTED_EDGE('',*,*,#2167,.T.);
#2979=ORIENTED_EDGE('',*,*,#1771,.F.);
#2980=ORIENTED_EDGE('',*,*,#2168,.F.);
#2981=ORIENTED_EDGE('',*,*,#2154,.T.);
#2982=ORIENTED_EDGE('',*,*,#2166,.T.);
#2983=ORIENTED_EDGE('',*,*,#2169,.T.);
#2984=ORIENTED_EDGE('',*,*,#2121,.T.);
#2985=ORIENTED_EDGE('',*,*,#2164,.T.);
#2986=ORIENTED_EDGE('',*,*,#2170,.F.);
#2987=ORIENTED_EDGE('',*,*,#2171,.F.);
#2988=ORIENTED_EDGE('',*,*,#2124,.T.);
#2989=ORIENTED_EDGE('',*,*,#2172,.T.);
#2990=ORIENTED_EDGE('',*,*,#2123,.T.);
#2991=ORIENTED_EDGE('',*,*,#1866,.T.);
#2992=ORIENTED_EDGE('',*,*,#2122,.T.);
#2993=ORIENTED_EDGE('',*,*,#2169,.F.);
#2994=ORIENTED_EDGE('',*,*,#2173,.F.);
#2995=ORIENTED_EDGE('',*,*,#2120,.T.);
#2996=ORIENTED_EDGE('',*,*,#2171,.T.);
#2997=ORIENTED_EDGE('',*,*,#2162,.T.);
#2998=ORIENTED_EDGE('',*,*,#2156,.T.);
#2999=ORIENTED_EDGE('',*,*,#2174,.T.);
#3000=ORIENTED_EDGE('',*,*,#1758,.F.);
#3001=ORIENTED_EDGE('',*,*,#2175,.F.);
#3002=ORIENTED_EDGE('',*,*,#2095,.T.);
#3003=ORIENTED_EDGE('',*,*,#2176,.F.);
#3004=ORIENTED_EDGE('',*,*,#2177,.T.);
#3005=ORIENTED_EDGE('',*,*,#2178,.F.);
#3006=ORIENTED_EDGE('',*,*,#2179,.F.);
#3007=ORIENTED_EDGE('',*,*,#2180,.F.);
#3008=ORIENTED_EDGE('',*,*,#2181,.F.);
#3009=ORIENTED_EDGE('',*,*,#2182,.F.);
#3010=ORIENTED_EDGE('',*,*,#2183,.F.);
#3011=ORIENTED_EDGE('',*,*,#2178,.T.);
#3012=ORIENTED_EDGE('',*,*,#2184,.F.);
#3013=ORIENTED_EDGE('',*,*,#2185,.F.);
#3014=ORIENTED_EDGE('',*,*,#2186,.F.);
#3015=ORIENTED_EDGE('',*,*,#2187,.T.);
#3016=ORIENTED_EDGE('',*,*,#2188,.T.);
#3017=ORIENTED_EDGE('',*,*,#2189,.T.);
#3018=ORIENTED_EDGE('',*,*,#2182,.T.);
#3019=ORIENTED_EDGE('',*,*,#2190,.T.);
#3020=ORIENTED_EDGE('',*,*,#2191,.T.);
#3021=ORIENTED_EDGE('',*,*,#2192,.T.);
#3022=ORIENTED_EDGE('',*,*,#2193,.T.);
#3023=ORIENTED_EDGE('',*,*,#2194,.T.);
#3024=ORIENTED_EDGE('',*,*,#2195,.F.);
#3025=ORIENTED_EDGE('',*,*,#2176,.T.);
#3026=ORIENTED_EDGE('',*,*,#2196,.F.);
#3027=ORIENTED_EDGE('',*,*,#2197,.T.);
#3028=ORIENTED_EDGE('',*,*,#2198,.T.);
#3029=ORIENTED_EDGE('',*,*,#2199,.F.);
#3030=ORIENTED_EDGE('',*,*,#2200,.T.);
#3031=ORIENTED_EDGE('',*,*,#2170,.T.);
#3032=ORIENTED_EDGE('',*,*,#2150,.T.);
#3033=ORIENTED_EDGE('',*,*,#2179,.T.);
#3034=ORIENTED_EDGE('',*,*,#2189,.F.);
#3035=ORIENTED_EDGE('',*,*,#2201,.F.);
#3036=ORIENTED_EDGE('',*,*,#2202,.T.);
#3037=ORIENTED_EDGE('',*,*,#2181,.T.);
#3038=ORIENTED_EDGE('',*,*,#2203,.T.);
#3039=ORIENTED_EDGE('',*,*,#2204,.T.);
#3040=ORIENTED_EDGE('',*,*,#2190,.F.);
#3041=ORIENTED_EDGE('',*,*,#2205,.T.);
#3042=ORIENTED_EDGE('',*,*,#2206,.F.);
#3043=ORIENTED_EDGE('',*,*,#2143,.F.);
#3044=ORIENTED_EDGE('',*,*,#2140,.F.);
#3045=ORIENTED_EDGE('',*,*,#2139,.F.);
#3046=ORIENTED_EDGE('',*,*,#2207,.F.);
#3047=ORIENTED_EDGE('',*,*,#2203,.F.);
#3048=ORIENTED_EDGE('',*,*,#2208,.F.);
#3049=ORIENTED_EDGE('',*,*,#2202,.F.);
#3050=ORIENTED_EDGE('',*,*,#2209,.F.);
#3051=ORIENTED_EDGE('',*,*,#2210,.F.);
#3052=ORIENTED_EDGE('',*,*,#2205,.F.);
#3053=ORIENTED_EDGE('',*,*,#2133,.T.);
#3054=ORIENTED_EDGE('',*,*,#2211,.F.);
#3055=ORIENTED_EDGE('',*,*,#1795,.F.);
#3056=ORIENTED_EDGE('',*,*,#2144,.T.);
#3057=ORIENTED_EDGE('',*,*,#2206,.T.);
#3058=ORIENTED_EDGE('',*,*,#2210,.T.);
#3059=ORIENTED_EDGE('',*,*,#2212,.T.);
#3060=ORIENTED_EDGE('',*,*,#2135,.T.);
#3061=ORIENTED_EDGE('',*,*,#2213,.F.);
#3062=ORIENTED_EDGE('',*,*,#2214,.T.);
#3063=ORIENTED_EDGE('',*,*,#2191,.F.);
#3064=ORIENTED_EDGE('',*,*,#2204,.F.);
#3065=ORIENTED_EDGE('',*,*,#2215,.F.);
#3066=ORIENTED_EDGE('',*,*,#2216,.T.);
#3067=ORIENTED_EDGE('',*,*,#2192,.F.);
#3068=ORIENTED_EDGE('',*,*,#2214,.F.);
#3069=ORIENTED_EDGE('',*,*,#2197,.F.);
#3070=ORIENTED_EDGE('',*,*,#2201,.T.);
#3071=ORIENTED_EDGE('',*,*,#2188,.F.);
#3072=ORIENTED_EDGE('',*,*,#2217,.F.);
#3073=ORIENTED_EDGE('',*,*,#2198,.F.);
#3074=ORIENTED_EDGE('',*,*,#2217,.T.);
#3075=ORIENTED_EDGE('',*,*,#2187,.F.);
#3076=ORIENTED_EDGE('',*,*,#2218,.F.);
#3077=ORIENTED_EDGE('',*,*,#2146,.T.);
#3078=ORIENTED_EDGE('',*,*,#2219,.F.);
#3079=ORIENTED_EDGE('',*,*,#2128,.T.);
#3080=ORIENTED_EDGE('',*,*,#1877,.T.);
#3081=ORIENTED_EDGE('',*,*,#2127,.T.);
#3082=ORIENTED_EDGE('',*,*,#2112,.T.);
#3083=ORIENTED_EDGE('',*,*,#2126,.T.);
#3084=ORIENTED_EDGE('',*,*,#2220,.F.);
#3085=ORIENTED_EDGE('',*,*,#1787,.T.);
#3086=ORIENTED_EDGE('',*,*,#1989,.T.);
#3087=ORIENTED_EDGE('',*,*,#2221,.F.);
#3088=ORIENTED_EDGE('',*,*,#2222,.F.);
#3089=ORIENTED_EDGE('',*,*,#2223,.F.);
#3090=ORIENTED_EDGE('',*,*,#2160,.T.);
#3091=ORIENTED_EDGE('',*,*,#2195,.T.);
#3092=ORIENTED_EDGE('',*,*,#2224,.F.);
#3093=ORIENTED_EDGE('',*,*,#2222,.T.);
#3094=ORIENTED_EDGE('',*,*,#2225,.F.);
#3095=ORIENTED_EDGE('',*,*,#2184,.T.);
#3096=ORIENTED_EDGE('',*,*,#2223,.T.);
#3097=ORIENTED_EDGE('',*,*,#2224,.T.);
#3098=ORIENTED_EDGE('',*,*,#2158,.T.);
#3099=ORIENTED_EDGE('',*,*,#2168,.T.);
#3100=ORIENTED_EDGE('',*,*,#1774,.F.);
#3101=ORIENTED_EDGE('',*,*,#2226,.F.);
#3102=ORIENTED_EDGE('',*,*,#1805,.F.);
#3103=ORIENTED_EDGE('',*,*,#1860,.T.);
#3104=ORIENTED_EDGE('',*,*,#2136,.F.);
#3105=ORIENTED_EDGE('',*,*,#2227,.F.);
#3106=ORIENTED_EDGE('',*,*,#2228,.F.);
#3107=ORIENTED_EDGE('',*,*,#2109,.T.);
#3108=ORIENTED_EDGE('',*,*,#1789,.T.);
#3109=ORIENTED_EDGE('',*,*,#2211,.T.);
#3110=ORIENTED_EDGE('',*,*,#2132,.T.);
#3111=ORIENTED_EDGE('',*,*,#2142,.F.);
#3112=ORIENTED_EDGE('',*,*,#2194,.F.);
#3113=ORIENTED_EDGE('',*,*,#2229,.F.);
#3114=ORIENTED_EDGE('',*,*,#2230,.T.);
#3115=ORIENTED_EDGE('',*,*,#2165,.F.);
#3116=ORIENTED_EDGE('',*,*,#2183,.T.);
#3117=ORIENTED_EDGE('',*,*,#2159,.T.);
#3118=ORIENTED_EDGE('',*,*,#1859,.T.);
#3119=ORIENTED_EDGE('',*,*,#2172,.F.);
#3120=ORIENTED_EDGE('',*,*,#2100,.T.);
#3121=ORIENTED_EDGE('',*,*,#2106,.T.);
#3122=ORIENTED_EDGE('',*,*,#2103,.T.);
#3123=ORIENTED_EDGE('',*,*,#2115,.F.);
#3124=ORIENTED_EDGE('',*,*,#2231,.F.);
#3125=ORIENTED_EDGE('',*,*,#2227,.T.);
#3126=ORIENTED_EDGE('',*,*,#2232,.T.);
#3127=ORIENTED_EDGE('',*,*,#2152,.T.);
#3128=ORIENTED_EDGE('',*,*,#1863,.T.);
#3129=ORIENTED_EDGE('',*,*,#1875,.T.);
#3130=ORIENTED_EDGE('',*,*,#2233,.F.);
#3131=ORIENTED_EDGE('',*,*,#1999,.F.);
#3132=ORIENTED_EDGE('',*,*,#2234,.T.);
#3133=ORIENTED_EDGE('',*,*,#2216,.F.);
#3134=ORIENTED_EDGE('',*,*,#2235,.T.);
#3135=ORIENTED_EDGE('',*,*,#2229,.T.);
#3136=ORIENTED_EDGE('',*,*,#2236,.T.);
#3137=ORIENTED_EDGE('',*,*,#2087,.F.);
#3138=ORIENTED_EDGE('',*,*,#2237,.F.);
#3139=ORIENTED_EDGE('',*,*,#2108,.T.);
#3140=ORIENTED_EDGE('',*,*,#2180,.T.);
#3141=ORIENTED_EDGE('',*,*,#2173,.T.);
#3142=ORIENTED_EDGE('',*,*,#2230,.F.);
#3143=ORIENTED_EDGE('',*,*,#2235,.F.);
#3144=ORIENTED_EDGE('',*,*,#2215,.T.);
#3145=ORIENTED_EDGE('',*,*,#2213,.T.);
#3146=ORIENTED_EDGE('',*,*,#2238,.F.);
#3147=ORIENTED_EDGE('',*,*,#2148,.T.);
#3148=ORIENTED_EDGE('',*,*,#2200,.F.);
#3149=ORIENTED_EDGE('',*,*,#2239,.F.);
#3150=ORIENTED_EDGE('',*,*,#2185,.T.);
#3151=ORIENTED_EDGE('',*,*,#2161,.T.);
#3152=ORIENTED_EDGE('',*,*,#2177,.F.);
#3153=ORIENTED_EDGE('',*,*,#2163,.F.);
#3154=ORIENTED_EDGE('',*,*,#2228,.T.);
#3155=ORIENTED_EDGE('',*,*,#2231,.T.);
#3156=ORIENTED_EDGE('',*,*,#2114,.T.);
#3157=ORIENTED_EDGE('',*,*,#2240,.T.);
#3158=ORIENTED_EDGE('',*,*,#2078,.F.);
#3159=ORIENTED_EDGE('',*,*,#2241,.F.);
#3160=ORIENTED_EDGE('',*,*,#2239,.T.);
#3161=ORIENTED_EDGE('',*,*,#2199,.T.);
#3162=ORIENTED_EDGE('',*,*,#2218,.T.);
#3163=ORIENTED_EDGE('',*,*,#2242,.F.);
#3164=ORIENTED_EDGE('',*,*,#1990,.F.);
#3165=ORIENTED_EDGE('',*,*,#2243,.T.);
#3166=ORIENTED_EDGE('',*,*,#2207,.T.);
#3167=ORIENTED_EDGE('',*,*,#2138,.F.);
#3168=ORIENTED_EDGE('',*,*,#1861,.F.);
#3169=ORIENTED_EDGE('',*,*,#2137,.F.);
#3170=ORIENTED_EDGE('',*,*,#2232,.F.);
#3171=ORIENTED_EDGE('',*,*,#2212,.F.);
#3172=ORIENTED_EDGE('',*,*,#2209,.T.);
#3173=ORIENTED_EDGE('',*,*,#2196,.T.);
#3174=ORIENTED_EDGE('',*,*,#2208,.T.);
#3175=ORIENTED_EDGE('',*,*,#2238,.T.);
#3176=ORIENTED_EDGE('',*,*,#2221,.T.);
#3177=ORIENTED_EDGE('',*,*,#1988,.F.);
#3178=ORIENTED_EDGE('',*,*,#2244,.T.);
#3179=ORIENTED_EDGE('',*,*,#1784,.F.);
#3180=ORIENTED_EDGE('',*,*,#2174,.F.);
#3181=ORIENTED_EDGE('',*,*,#2157,.F.);
#3182=ORIENTED_EDGE('',*,*,#2225,.T.);
#3183=ORIENTED_EDGE('',*,*,#2220,.T.);
#3184=ORIENTED_EDGE('',*,*,#2125,.T.);
#3185=ORIENTED_EDGE('',*,*,#2175,.T.);
#3186=ORIENTED_EDGE('',*,*,#1782,.F.);
#3187=ORIENTED_EDGE('',*,*,#2245,.F.);
#3188=ORIENTED_EDGE('',*,*,#1816,.F.);
#3189=ORIENTED_EDGE('',*,*,#2147,.T.);
#3190=ORIENTED_EDGE('',*,*,#1814,.F.);
#3191=ORIENTED_EDGE('',*,*,#2245,.T.);
#3192=ORIENTED_EDGE('',*,*,#1765,.F.);
#3193=ORIENTED_EDGE('',*,*,#2246,.F.);
#3194=ORIENTED_EDGE('',*,*,#2145,.T.);
#3195=ORIENTED_EDGE('',*,*,#1811,.F.);
#3196=ORIENTED_EDGE('',*,*,#2246,.T.);
#3197=ORIENTED_EDGE('',*,*,#1783,.F.);
#3198=ORIENTED_EDGE('',*,*,#2167,.F.);
#3199=ORIENTED_EDGE('',*,*,#2129,.F.);
#3200=ORIENTED_EDGE('',*,*,#2219,.T.);
#3201=ORIENTED_EDGE('',*,*,#1802,.F.);
#3202=ORIENTED_EDGE('',*,*,#2226,.T.);
#3203=ORIENTED_EDGE('',*,*,#1777,.F.);
#3204=ORIENTED_EDGE('',*,*,#2244,.F.);
#3205=ORIENTED_EDGE('',*,*,#1997,.F.);
#3206=ORIENTED_EDGE('',*,*,#2233,.T.);
#3207=ORIENTED_EDGE('',*,*,#1880,.T.);
#3208=ORIENTED_EDGE('',*,*,#2237,.T.);
#3209=ORIENTED_EDGE('',*,*,#2085,.F.);
#3210=ORIENTED_EDGE('',*,*,#2247,.F.);
#3211=ORIENTED_EDGE('',*,*,#1995,.F.);
#3212=ORIENTED_EDGE('',*,*,#2247,.T.);
#3213=ORIENTED_EDGE('',*,*,#2083,.F.);
#3214=ORIENTED_EDGE('',*,*,#2248,.F.);
#3215=ORIENTED_EDGE('',*,*,#1993,.F.);
#3216=ORIENTED_EDGE('',*,*,#2248,.T.);
#3217=ORIENTED_EDGE('',*,*,#2081,.F.);
#3218=ORIENTED_EDGE('',*,*,#2240,.F.);
#3219=ORIENTED_EDGE('',*,*,#2110,.F.);
#3220=ORIENTED_EDGE('',*,*,#2243,.F.);
#3221=ORIENTED_EDGE('',*,*,#2005,.F.);
#3222=ORIENTED_EDGE('',*,*,#2242,.T.);
#3223=ORIENTED_EDGE('',*,*,#2186,.T.);
#3224=ORIENTED_EDGE('',*,*,#2241,.T.);
#3225=ORIENTED_EDGE('',*,*,#2093,.F.);
#3226=ORIENTED_EDGE('',*,*,#2249,.F.);
#3227=ORIENTED_EDGE('',*,*,#2003,.F.);
#3228=ORIENTED_EDGE('',*,*,#2249,.T.);
#3229=ORIENTED_EDGE('',*,*,#2091,.F.);
#3230=ORIENTED_EDGE('',*,*,#2250,.F.);
#3231=ORIENTED_EDGE('',*,*,#2001,.F.);
#3232=ORIENTED_EDGE('',*,*,#2250,.T.);
#3233=ORIENTED_EDGE('',*,*,#2089,.F.);
#3234=ORIENTED_EDGE('',*,*,#2236,.F.);
#3235=ORIENTED_EDGE('',*,*,#2193,.F.);
#3236=ORIENTED_EDGE('',*,*,#2234,.F.);
#3237=PLANE('',#3574);
#3238=PLANE('',#3576);
#3239=PLANE('',#3578);
#3240=PLANE('',#3581);
#3241=PLANE('',#3583);
#3242=PLANE('',#3585);
#3243=PLANE('',#3587);
#3244=PLANE('',#3589);
#3245=PLANE('',#3592);
#3246=PLANE('',#3595);
#3247=PLANE('',#3597);
#3248=PLANE('',#3600);
#3249=PLANE('',#3603);
#3250=PLANE('',#3608);
#3251=PLANE('',#3610);
#3252=PLANE('',#3619);
#3253=PLANE('',#3620);
#3254=PLANE('',#3621);
#3255=PLANE('',#3624);
#3256=PLANE('',#3625);
#3257=PLANE('',#3626);
#3258=PLANE('',#3627);
#3259=PLANE('',#3630);
#3260=PLANE('',#3637);
#3261=PLANE('',#3639);
#3262=PLANE('',#3641);
#3263=PLANE('',#3642);
#3264=PLANE('',#3643);
#3265=PLANE('',#3644);
#3266=PLANE('',#3645);
#3267=PLANE('',#3646);
#3268=PLANE('',#3647);
#3269=PLANE('',#3648);
#3270=PLANE('',#3649);
#3271=PLANE('',#3650);
#3272=PLANE('',#3651);
#3273=PLANE('',#3652);
#3274=PLANE('',#3653);
#3275=PLANE('',#3654);
#3276=PLANE('',#3655);
#3277=PLANE('',#3656);
#3278=PLANE('',#3657);
#3279=PLANE('',#3658);
#3280=PLANE('',#3659);
#3281=PLANE('',#3660);
#3282=PLANE('',#3663);
#3283=PLANE('',#3666);
#3284=PLANE('',#3669);
#3285=PLANE('',#3672);
#3286=PLANE('',#3673);
#3287=PLANE('',#3686);
#3288=PLANE('',#3688);
#3289=PLANE('',#3690);
#3290=PLANE('',#3692);
#3291=PLANE('',#3694);
#3292=PLANE('',#3696);
#3293=PLANE('',#3697);
#3294=PLANE('',#3698);
#3295=PLANE('',#3701);
#3296=PLANE('',#3702);
#3297=PLANE('',#3703);
#3298=PLANE('',#3704);
#3299=PLANE('',#3705);
#3300=PLANE('',#3708);
#3301=PLANE('',#3709);
#3302=PLANE('',#3710);
#3303=PLANE('',#3711);
#3304=PLANE('',#3712);
#3305=PLANE('',#3713);
#3306=PLANE('',#3714);
#3307=PLANE('',#3715);
#3308=PLANE('',#3716);
#3309=PLANE('',#3717);
#3310=PLANE('',#3718);
#3311=PLANE('',#3720);
#3312=PLANE('',#3723);
#3313=PLANE('',#3725);
#3314=PLANE('',#3728);
#3315=PLANE('',#3734);
#3316=PLANE('',#3736);
#3317=PLANE('',#3741);
#3318=PLANE('',#3743);
#3319=PLANE('',#3745);
#3320=PLANE('',#3747);
#3321=PLANE('',#3749);
#3322=PLANE('',#3753);
#3323=PLANE('',#3754);
#3324=PLANE('',#3756);
#3325=PLANE('',#3757);
#3326=PLANE('',#3759);
#3327=PLANE('',#3764);
#3328=PLANE('',#3765);
#3329=PLANE('',#3766);
#3330=PLANE('',#3767);
#3331=PLANE('',#3768);
#3332=PLANE('',#3769);
#3333=PLANE('',#3770);
#3334=PLANE('',#3776);
#3335=PLANE('',#3777);
#3336=PLANE('',#3778);
#3337=PLANE('',#3779);
#3338=PLANE('',#3780);
#3339=PLANE('',#3781);
#3340=PLANE('',#3782);
#3341=PLANE('',#3783);
#3342=PLANE('',#3784);
#3343=PLANE('',#3786);
#3344=PLANE('',#3788);
#3345=PLANE('',#3790);
#3346=PLANE('',#3791);
#3347=PLANE('',#3792);
#3348=PLANE('',#3793);
#3349=PLANE('',#3794);
#3350=PLANE('',#3797);
#3351=PLANE('',#3799);
#3352=PLANE('',#3800);
#3353=PLANE('',#3803);
#3354=PLANE('',#3804);
#3355=PLANE('',#3808);
#3356=PLANE('',#3809);
#3357=PLANE('',#3810);
#3358=PLANE('',#3811);
#3359=PLANE('',#3812);
#3360=PLANE('',#3813);
#3361=PLANE('',#3814);
#3362=PLANE('',#3815);
#3363=PLANE('',#3816);
#3364=PLANE('',#3819);
#3365=PLANE('',#3821);
#3366=PLANE('',#3823);
#3367=PLANE('',#3826);
#3368=ADVANCED_FACE('',(#292),#3237,.F.);
#3369=ADVANCED_FACE('',(#293),#276,.F.);
#3370=ADVANCED_FACE('',(#294),#3238,.F.);
#3371=ADVANCED_FACE('',(#295),#277,.F.);
#3372=ADVANCED_FACE('',(#296),#3239,.F.);
#3373=ADVANCED_FACE('',(#297),#278,.F.);
#3374=ADVANCED_FACE('',(#298),#3240,.F.);
#3375=ADVANCED_FACE('',(#299),#279,.F.);
#3376=ADVANCED_FACE('',(#300),#3241,.T.);
#3377=ADVANCED_FACE('',(#301),#3242,.T.);
#3378=ADVANCED_FACE('',(#302),#3243,.T.);
#3379=ADVANCED_FACE('',(#303),#3244,.T.);
#3380=ADVANCED_FACE('',(#304),#3245,.T.);
#3381=ADVANCED_FACE('',(#305),#3246,.T.);
#3382=ADVANCED_FACE('',(#306),#280,.T.);
#3383=ADVANCED_FACE('',(#307),#3247,.T.);
#3384=ADVANCED_FACE('',(#308),#281,.T.);
#3385=ADVANCED_FACE('',(#309),#3248,.T.);
#3386=ADVANCED_FACE('',(#310),#282,.T.);
#3387=ADVANCED_FACE('',(#311),#3249,.T.);
#3388=ADVANCED_FACE('',(#312),#283,.T.);
#3389=ADVANCED_FACE('',(#313),#138,.F.);
#3390=ADVANCED_FACE('',(#314),#3250,.T.);
#3391=ADVANCED_FACE('',(#315,#128),#3251,.T.);
#3392=ADVANCED_FACE('',(#316),#3252,.T.);
#3393=ADVANCED_FACE('',(#317),#3253,.T.);
#3394=ADVANCED_FACE('',(#318,#129),#3254,.T.);
#3395=ADVANCED_FACE('',(#319),#3255,.F.);
#3396=ADVANCED_FACE('',(#320),#3256,.F.);
#3397=ADVANCED_FACE('',(#321),#3257,.F.);
#3398=ADVANCED_FACE('',(#322,#130),#3258,.F.);
#3399=ADVANCED_FACE('',(#323),#3259,.F.);
#3400=ADVANCED_FACE('',(#324),#139,.F.);
#3401=ADVANCED_FACE('',(#325),#140,.F.);
#3402=ADVANCED_FACE('',(#326),#3260,.F.);
#3403=ADVANCED_FACE('',(#327),#141,.F.);
#3404=ADVANCED_FACE('',(#328),#3261,.F.);
#3405=ADVANCED_FACE('',(#329),#3262,.F.);
#3406=ADVANCED_FACE('',(#330),#3263,.F.);
#3407=ADVANCED_FACE('',(#331),#3264,.F.);
#3408=ADVANCED_FACE('',(#332),#3265,.F.);
#3409=ADVANCED_FACE('',(#333),#3266,.F.);
#3410=ADVANCED_FACE('',(#334),#3267,.F.);
#3411=ADVANCED_FACE('',(#335),#3268,.F.);
#3412=ADVANCED_FACE('',(#336),#3269,.F.);
#3413=ADVANCED_FACE('',(#337),#3270,.T.);
#3414=ADVANCED_FACE('',(#338),#3271,.T.);
#3415=ADVANCED_FACE('',(#339),#3272,.T.);
#3416=ADVANCED_FACE('',(#340),#3273,.T.);
#3417=ADVANCED_FACE('',(#341),#3274,.T.);
#3418=ADVANCED_FACE('',(#342),#3275,.T.);
#3419=ADVANCED_FACE('',(#343),#3276,.T.);
#3420=ADVANCED_FACE('',(#344),#3277,.T.);
#3421=ADVANCED_FACE('',(#345),#3278,.T.);
#3422=ADVANCED_FACE('',(#346),#3279,.T.);
#3423=ADVANCED_FACE('',(#347),#3280,.T.);
#3424=ADVANCED_FACE('',(#348),#3281,.T.);
#3425=ADVANCED_FACE('',(#349),#3282,.T.);
#3426=ADVANCED_FACE('',(#350),#3283,.T.);
#3427=ADVANCED_FACE('',(#351),#3284,.T.);
#3428=ADVANCED_FACE('',(#352),#3285,.T.);
#3429=ADVANCED_FACE('',(#353),#3286,.T.);
#3430=ADVANCED_FACE('',(#354),#142,.F.);
#3431=ADVANCED_FACE('',(#355),#143,.F.);
#3432=ADVANCED_FACE('',(#356),#144,.F.);
#3433=ADVANCED_FACE('',(#357),#145,.F.);
#3434=ADVANCED_FACE('',(#358),#146,.T.);
#3435=ADVANCED_FACE('',(#359),#147,.T.);
#3436=ADVANCED_FACE('',(#360),#148,.T.);
#3437=ADVANCED_FACE('',(#361),#149,.T.);
#3438=ADVANCED_FACE('',(#362),#3287,.F.);
#3439=ADVANCED_FACE('',(#363),#3288,.F.);
#3440=ADVANCED_FACE('',(#364),#284,.F.);
#3441=ADVANCED_FACE('',(#365),#3289,.F.);
#3442=ADVANCED_FACE('',(#366),#285,.F.);
#3443=ADVANCED_FACE('',(#367),#3290,.F.);
#3444=ADVANCED_FACE('',(#368),#286,.F.);
#3445=ADVANCED_FACE('',(#369),#3291,.F.);
#3446=ADVANCED_FACE('',(#370),#287,.F.);
#3447=ADVANCED_FACE('',(#371),#3292,.T.);
#3448=ADVANCED_FACE('',(#372),#3293,.T.);
#3449=ADVANCED_FACE('',(#373),#3294,.F.);
#3450=ADVANCED_FACE('',(#374),#150,.T.);
#3451=ADVANCED_FACE('',(#375),#3295,.F.);
#3452=ADVANCED_FACE('',(#376),#3296,.T.);
#3453=ADVANCED_FACE('',(#377),#3297,.F.);
#3454=ADVANCED_FACE('',(#378),#3298,.T.);
#3455=ADVANCED_FACE('',(#379),#3299,.T.);
#3456=ADVANCED_FACE('',(#380),#151,.T.);
#3457=ADVANCED_FACE('',(#381),#3300,.T.);
#3458=ADVANCED_FACE('',(#382),#3301,.F.);
#3459=ADVANCED_FACE('',(#383),#3302,.F.);
#3460=ADVANCED_FACE('',(#384),#3303,.F.);
#3461=ADVANCED_FACE('',(#385),#3304,.F.);
#3462=ADVANCED_FACE('',(#386),#3305,.F.);
#3463=ADVANCED_FACE('',(#387),#3306,.T.);
#3464=ADVANCED_FACE('',(#388),#3307,.T.);
#3465=ADVANCED_FACE('',(#389),#3308,.T.);
#3466=ADVANCED_FACE('',(#390),#3309,.T.);
#3467=ADVANCED_FACE('',(#391),#3310,.T.);
#3468=ADVANCED_FACE('',(#392),#3311,.T.);
#3469=ADVANCED_FACE('',(#393),#3312,.T.);
#3470=ADVANCED_FACE('',(#394),#3313,.T.);
#3471=ADVANCED_FACE('',(#395),#3314,.T.);
#3472=ADVANCED_FACE('',(#396),#152,.F.);
#3473=ADVANCED_FACE('',(#397),#153,.F.);
#3474=ADVANCED_FACE('',(#398),#154,.F.);
#3475=ADVANCED_FACE('',(#399),#155,.F.);
#3476=ADVANCED_FACE('',(#400),#156,.T.);
#3477=ADVANCED_FACE('',(#401),#3315,.T.);
#3478=ADVANCED_FACE('',(#402),#157,.T.);
#3479=ADVANCED_FACE('',(#403,#131),#3316,.F.);
#3480=ADVANCED_FACE('',(#404),#3317,.T.);
#3481=ADVANCED_FACE('',(#405),#288,.T.);
#3482=ADVANCED_FACE('',(#406),#3318,.T.);
#3483=ADVANCED_FACE('',(#407),#289,.T.);
#3484=ADVANCED_FACE('',(#408),#3319,.T.);
#3485=ADVANCED_FACE('',(#409),#290,.T.);
#3486=ADVANCED_FACE('',(#410),#3320,.T.);
#3487=ADVANCED_FACE('',(#411),#291,.T.);
#3488=ADVANCED_FACE('',(#412),#3321,.T.);
#3489=ADVANCED_FACE('',(#413),#158,.F.);
#3490=ADVANCED_FACE('',(#414),#3322,.T.);
#3491=ADVANCED_FACE('',(#415),#3323,.T.);
#3492=ADVANCED_FACE('',(#416),#159,.F.);
#3493=ADVANCED_FACE('',(#417),#3324,.T.);
#3494=ADVANCED_FACE('',(#418,#132),#3325,.F.);
#3495=ADVANCED_FACE('',(#419),#3326,.F.);
#3496=ADVANCED_FACE('',(#420),#160,.F.);
#3497=ADVANCED_FACE('',(#421),#161,.F.);
#3498=ADVANCED_FACE('',(#422),#3327,.T.);
#3499=ADVANCED_FACE('',(#423),#3328,.F.);
#3500=ADVANCED_FACE('',(#424),#3329,.T.);
#3501=ADVANCED_FACE('',(#425),#3330,.T.);
#3502=ADVANCED_FACE('',(#426),#3331,.T.);
#3503=ADVANCED_FACE('',(#427),#3332,.F.);
#3504=ADVANCED_FACE('',(#428,#133,#134),#3333,.T.);
#3505=ADVANCED_FACE('',(#429),#162,.F.);
#3506=ADVANCED_FACE('',(#430),#163,.F.);
#3507=ADVANCED_FACE('',(#431),#3334,.T.);
#3508=ADVANCED_FACE('',(#432),#3335,.T.);
#3509=ADVANCED_FACE('',(#433),#3336,.F.);
#3510=ADVANCED_FACE('',(#434),#3337,.T.);
#3511=ADVANCED_FACE('',(#435),#3338,.T.);
#3512=ADVANCED_FACE('',(#436),#3339,.T.);
#3513=ADVANCED_FACE('',(#437),#3340,.T.);
#3514=ADVANCED_FACE('',(#438),#3341,.T.);
#3515=ADVANCED_FACE('',(#439),#3342,.F.);
#3516=ADVANCED_FACE('',(#440),#3343,.F.);
#3517=ADVANCED_FACE('',(#441,#135),#3344,.T.);
#3518=ADVANCED_FACE('',(#442),#3345,.T.);
#3519=ADVANCED_FACE('',(#443),#3346,.T.);
#3520=ADVANCED_FACE('',(#444),#3347,.T.);
#3521=ADVANCED_FACE('',(#445),#3348,.F.);
#3522=ADVANCED_FACE('',(#446),#3349,.T.);
#3523=ADVANCED_FACE('',(#447),#164,.F.);
#3524=ADVANCED_FACE('',(#448),#3350,.T.);
#3525=ADVANCED_FACE('',(#449),#165,.F.);
#3526=ADVANCED_FACE('',(#450),#3351,.T.);
#3527=ADVANCED_FACE('',(#451),#3352,.T.);
#3528=ADVANCED_FACE('',(#452),#3353,.T.);
#3529=ADVANCED_FACE('',(#453),#3354,.T.);
#3530=ADVANCED_FACE('',(#454),#166,.F.);
#3531=ADVANCED_FACE('',(#455),#3355,.F.);
#3532=ADVANCED_FACE('',(#456),#3356,.F.);
#3533=ADVANCED_FACE('',(#457),#3357,.F.);
#3534=ADVANCED_FACE('',(#458,#136),#3358,.T.);
#3535=ADVANCED_FACE('',(#459),#3359,.T.);
#3536=ADVANCED_FACE('',(#460,#137),#3360,.T.);
#3537=ADVANCED_FACE('',(#461),#3361,.F.);
#3538=ADVANCED_FACE('',(#462),#3362,.T.);
#3539=ADVANCED_FACE('',(#463),#3363,.T.);
#3540=ADVANCED_FACE('',(#464),#167,.F.);
#3541=ADVANCED_FACE('',(#465),#168,.F.);
#3542=ADVANCED_FACE('',(#466),#3364,.T.);
#3543=ADVANCED_FACE('',(#467),#169,.F.);
#3544=ADVANCED_FACE('',(#468),#3365,.T.);
#3545=ADVANCED_FACE('',(#469),#170,.T.);
#3546=ADVANCED_FACE('',(#470),#3366,.T.);
#3547=ADVANCED_FACE('',(#471),#171,.T.);
#3548=ADVANCED_FACE('',(#472),#172,.T.);
#3549=ADVANCED_FACE('',(#473),#3367,.T.);
#3550=ADVANCED_FACE('',(#474),#173,.T.);
#3551=CLOSED_SHELL('',(#3368,#3369,#3370,#3371,#3372,#3373,#3374,#3375,
#3376,#3377,#3378,#3379,#3380,#3381,#3382,#3383,#3384,#3385,#3386,#3387,
#3388,#3389,#3390,#3391,#3392,#3393,#3394,#3395,#3396,#3397,#3398,#3399,
#3400,#3401,#3402,#3403,#3404,#3405,#3406,#3407,#3408,#3409,#3410,#3411,
#3412,#3413,#3414,#3415,#3416,#3417,#3418,#3419,#3420,#3421,#3422,#3423,
#3424,#3425,#3426,#3427,#3428,#3429,#3430,#3431,#3432,#3433,#3434,#3435,
#3436,#3437,#3438,#3439,#3440,#3441,#3442,#3443,#3444,#3445,#3446,#3447,
#3448,#3449,#3450,#3451,#3452,#3453,#3454,#3455,#3456,#3457,#3458,#3459,
#3460,#3461,#3462,#3463,#3464,#3465,#3466,#3467,#3468,#3469,#3470,#3471,
#3472,#3473,#3474,#3475,#3476,#3477,#3478,#3479,#3480,#3481,#3482,#3483,
#3484,#3485,#3486,#3487,#3488,#3489,#3490,#3491,#3492,#3493,#3494,#3495,
#3496,#3497,#3498,#3499,#3500,#3501,#3502,#3503,#3504,#3505,#3506,#3507,
#3508,#3509,#3510,#3511,#3512,#3513,#3514,#3515,#3516,#3517,#3518,#3519,
#3520,#3521,#3522,#3523,#3524,#3525,#3526,#3527,#3528,#3529,#3530,#3531,
#3532,#3533,#3534,#3535,#3536,#3537,#3538,#3539,#3540,#3541,#3542,#3543,
#3544,#3545,#3546,#3547,#3548,#3549,#3550));
#3552=DERIVED_UNIT_ELEMENT(#3555,1.);
#3553=DERIVED_UNIT_ELEMENT(#6328,-3.);
#3554=DIMENSIONAL_EXPONENTS(0.,1.,0.,0.,0.,0.,0.);
#3555=(
CONVERSION_BASED_UNIT('gram',#3557)
MASS_UNIT()
NAMED_UNIT(#3554)
);
#3556=(
MASS_UNIT()
NAMED_UNIT(*)
SI_UNIT(.KILO.,.GRAM.)
);
#3557=MASS_MEASURE_WITH_UNIT(MASS_MEASURE(0.001),#3556);
#3558=DERIVED_UNIT((#3552,#3553));
#3559=MEASURE_REPRESENTATION_ITEM('density measure',
POSITIVE_RATIO_MEASURE(1.),#3558);
#3560=PROPERTY_DEFINITION_REPRESENTATION(#3565,#3562);
#3561=PROPERTY_DEFINITION_REPRESENTATION(#3566,#3563);
#3562=REPRESENTATION('material name',(#3564),#6325);
#3563=REPRESENTATION('density',(#3559),#6325);
#3564=DESCRIPTIVE_REPRESENTATION_ITEM('Generic','Generic');
#3565=PROPERTY_DEFINITION('material property','material name',#6335);
#3566=PROPERTY_DEFINITION('material property','density of part',#6335);
#3567=DATE_TIME_ROLE('creation_date');
#3568=APPLIED_DATE_AND_TIME_ASSIGNMENT(#3569,#3567,(#6335));
#3569=DATE_AND_TIME(#3570,#3571);
#3570=CALENDAR_DATE(2026,6,5);
#3571=LOCAL_TIME(0,0,0.,#3572);
#3572=COORDINATED_UNIVERSAL_TIME_OFFSET(0,0,.BEHIND.);
#3573=AXIS2_PLACEMENT_3D('',#4773,#3839,#3840);
#3574=AXIS2_PLACEMENT_3D('',#4774,#3841,#3842);
#3575=AXIS2_PLACEMENT_3D('',#4820,#3847,#3848);
#3576=AXIS2_PLACEMENT_3D('',#4822,#3850,#3851);
#3577=AXIS2_PLACEMENT_3D('',#4865,#3855,#3856);
#3578=AXIS2_PLACEMENT_3D('',#4867,#3858,#3859);
#3579=AXIS2_PLACEMENT_3D('',#4902,#3863,#3864);
#3580=AXIS2_PLACEMENT_3D('',#4904,#3865,#3866);
#3581=AXIS2_PLACEMENT_3D('',#4906,#3868,#3869);
#3582=AXIS2_PLACEMENT_3D('',#4947,#3873,#3874);
#3583=AXIS2_PLACEMENT_3D('',#4948,#3875,#3876);
#3584=AXIS2_PLACEMENT_3D('',#4949,#3877,#3878);
#3585=AXIS2_PLACEMENT_3D('',#4950,#3879,#3880);
#3586=AXIS2_PLACEMENT_3D('',#4951,#3881,#3882);
#3587=AXIS2_PLACEMENT_3D('',#4952,#3883,#3884);
#3588=AXIS2_PLACEMENT_3D('',#4953,#3885,#3886);
#3589=AXIS2_PLACEMENT_3D('',#4954,#3887,#3888);
#3590=AXIS2_PLACEMENT_3D('',#4959,#3890,#3891);
#3591=AXIS2_PLACEMENT_3D('',#4962,#3893,#3894);
#3592=AXIS2_PLACEMENT_3D('',#4963,#3895,#3896);
#3593=AXIS2_PLACEMENT_3D('',#4968,#3898,#3899);
#3594=AXIS2_PLACEMENT_3D('',#4971,#3901,#3902);
#3595=AXIS2_PLACEMENT_3D('',#4972,#3903,#3904);
#3596=AXIS2_PLACEMENT_3D('',#5008,#3909,#3910);
#3597=AXIS2_PLACEMENT_3D('',#5018,#3912,#3913);
#3598=AXIS2_PLACEMENT_3D('',#5053,#3917,#3918);
#3599=AXIS2_PLACEMENT_3D('',#5055,#3920,#3921);
#3600=AXIS2_PLACEMENT_3D('',#5056,#3922,#3923);
#3601=AXIS2_PLACEMENT_3D('',#5090,#3927,#3928);
#3602=AXIS2_PLACEMENT_3D('',#5093,#3930,#3931);
#3603=AXIS2_PLACEMENT_3D('',#5094,#3932,#3933);
#3604=AXIS2_PLACEMENT_3D('',#5128,#3937,#3938);
#3605=AXIS2_PLACEMENT_3D('',#5129,#3939,#3940);
#3606=AXIS2_PLACEMENT_3D('',#5130,#3941,#3942);
#3607=AXIS2_PLACEMENT_3D('',#5133,#3943,#3944);
#3608=AXIS2_PLACEMENT_3D('',#5136,#3947,#3948);
#3609=AXIS2_PLACEMENT_3D('',#5137,#3949,#3950);
#3610=AXIS2_PLACEMENT_3D('',#5138,#3951,#3952);
#3611=AXIS2_PLACEMENT_3D('',#5143,#3954,#3955);
#3612=AXIS2_PLACEMENT_3D('',#5147,#3957,#3958);
#3613=AXIS2_PLACEMENT_3D('',#5151,#3960,#3961);
#3614=AXIS2_PLACEMENT_3D('',#5154,#3963,#3964);
#3615=AXIS2_PLACEMENT_3D('',#5163,#3968,#3969);
#3616=AXIS2_PLACEMENT_3D('',#5175,#3975,#3976);
#3617=AXIS2_PLACEMENT_3D('',#5187,#3982,#3983);
#3618=AXIS2_PLACEMENT_3D('',#5199,#3989,#3990);
#3619=AXIS2_PLACEMENT_3D('',#5203,#3993,#3994);
#3620=AXIS2_PLACEMENT_3D('',#5212,#3999,#4000);
#3621=AXIS2_PLACEMENT_3D('',#5221,#4005,#4006);
#3622=AXIS2_PLACEMENT_3D('',#5231,#4011,#4012);
#3623=AXIS2_PLACEMENT_3D('',#5234,#4014,#4015);
#3624=AXIS2_PLACEMENT_3D('',#5235,#4016,#4017);
#3625=AXIS2_PLACEMENT_3D('',#5240,#4021,#4022);
#3626=AXIS2_PLACEMENT_3D('',#5246,#4026,#4027);
#3627=AXIS2_PLACEMENT_3D('',#5251,#4031,#4032);
#3628=AXIS2_PLACEMENT_3D('',#5254,#4034,#4035);
#3629=AXIS2_PLACEMENT_3D('',#5259,#4038,#4039);
#3630=AXIS2_PLACEMENT_3D('',#5260,#4040,#4041);
#3631=AXIS2_PLACEMENT_3D('',#5263,#4042,#4043);
#3632=AXIS2_PLACEMENT_3D('',#5265,#4044,#4045);
#3633=AXIS2_PLACEMENT_3D('',#5271,#4049,#4050);
#3634=AXIS2_PLACEMENT_3D('',#5276,#4052,#4053);
#3635=AXIS2_PLACEMENT_3D('',#5279,#4056,#4057);
#3636=AXIS2_PLACEMENT_3D('',#5282,#4058,#4059);
#3637=AXIS2_PLACEMENT_3D('',#5285,#4062,#4063);
#3638=AXIS2_PLACEMENT_3D('',#5290,#4067,#4068);
#3639=AXIS2_PLACEMENT_3D('',#5292,#4070,#4071);
#3640=AXIS2_PLACEMENT_3D('',#5294,#4072,#4073);
#3641=AXIS2_PLACEMENT_3D('',#5298,#4076,#4077);
#3642=AXIS2_PLACEMENT_3D('',#5306,#4082,#4083);
#3643=AXIS2_PLACEMENT_3D('',#5314,#4088,#4089);
#3644=AXIS2_PLACEMENT_3D('',#5323,#4094,#4095);
#3645=AXIS2_PLACEMENT_3D('',#5332,#4100,#4101);
#3646=AXIS2_PLACEMENT_3D('',#5341,#4106,#4107);
#3647=AXIS2_PLACEMENT_3D('',#5350,#4112,#4113);
#3648=AXIS2_PLACEMENT_3D('',#5359,#4118,#4119);
#3649=AXIS2_PLACEMENT_3D('',#5368,#4124,#4125);
#3650=AXIS2_PLACEMENT_3D('',#5372,#4128,#4129);
#3651=AXIS2_PLACEMENT_3D('',#5376,#4132,#4133);
#3652=AXIS2_PLACEMENT_3D('',#5382,#4137,#4138);
#3653=AXIS2_PLACEMENT_3D('',#5388,#4142,#4143);
#3654=AXIS2_PLACEMENT_3D('',#5394,#4147,#4148);
#3655=AXIS2_PLACEMENT_3D('',#5400,#4152,#4153);
#3656=AXIS2_PLACEMENT_3D('',#5408,#4159,#4160);
#3657=AXIS2_PLACEMENT_3D('',#5414,#4164,#4165);
#3658=AXIS2_PLACEMENT_3D('',#5420,#4169,#4170);
#3659=AXIS2_PLACEMENT_3D('',#5428,#4176,#4177);
#3660=AXIS2_PLACEMENT_3D('',#5436,#4183,#4184);
#3661=AXIS2_PLACEMENT_3D('',#5438,#4185,#4186);
#3662=AXIS2_PLACEMENT_3D('',#5440,#4188,#4189);
#3663=AXIS2_PLACEMENT_3D('',#5441,#4190,#4191);
#3664=AXIS2_PLACEMENT_3D('',#5442,#4192,#4193);
#3665=AXIS2_PLACEMENT_3D('',#5445,#4195,#4196);
#3666=AXIS2_PLACEMENT_3D('',#5446,#4197,#4198);
#3667=AXIS2_PLACEMENT_3D('',#5447,#4199,#4200);
#3668=AXIS2_PLACEMENT_3D('',#5448,#4201,#4202);
#3669=AXIS2_PLACEMENT_3D('',#5449,#4203,#4204);
#3670=AXIS2_PLACEMENT_3D('',#5450,#4205,#4206);
#3671=AXIS2_PLACEMENT_3D('',#5451,#4207,#4208);
#3672=AXIS2_PLACEMENT_3D('',#5452,#4209,#4210);
#3673=AXIS2_PLACEMENT_3D('',#5456,#4213,#4214);
#3674=AXIS2_PLACEMENT_3D('',#5460,#4217,#4218);
#3675=AXIS2_PLACEMENT_3D('',#5461,#4219,#4220);
#3676=AXIS2_PLACEMENT_3D('',#5462,#4221,#4222);
#3677=AXIS2_PLACEMENT_3D('',#5463,#4223,#4224);
#3678=AXIS2_PLACEMENT_3D('',#5464,#4225,#4226);
#3679=AXIS2_PLACEMENT_3D('',#5465,#4227,#4228);
#3680=AXIS2_PLACEMENT_3D('',#5466,#4229,#4230);
#3681=AXIS2_PLACEMENT_3D('',#5467,#4231,#4232);
#3682=AXIS2_PLACEMENT_3D('',#5468,#4233,#4234);
#3683=AXIS2_PLACEMENT_3D('',#5469,#4235,#4236);
#3684=AXIS2_PLACEMENT_3D('',#5470,#4237,#4238);
#3685=AXIS2_PLACEMENT_3D('',#5471,#4239,#4240);
#3686=AXIS2_PLACEMENT_3D('',#5472,#4241,#4242);
#3687=AXIS2_PLACEMENT_3D('',#5474,#4243,#4244);
#3688=AXIS2_PLACEMENT_3D('',#5476,#4246,#4247);
#3689=AXIS2_PLACEMENT_3D('',#5511,#4251,#4252);
#3690=AXIS2_PLACEMENT_3D('',#5513,#4254,#4255);
#3691=AXIS2_PLACEMENT_3D('',#5546,#4258,#4259);
#3692=AXIS2_PLACEMENT_3D('',#5548,#4261,#4262);
#3693=AXIS2_PLACEMENT_3D('',#5581,#4265,#4266);
#3694=AXIS2_PLACEMENT_3D('',#5583,#4268,#4269);
#3695=AXIS2_PLACEMENT_3D('',#5615,#4272,#4273);
#3696=AXIS2_PLACEMENT_3D('',#5616,#4274,#4275);
#3697=AXIS2_PLACEMENT_3D('',#5622,#4279,#4280);
#3698=AXIS2_PLACEMENT_3D('',#5628,#4284,#4285);
#3699=AXIS2_PLACEMENT_3D('',#5632,#4288,#4289);
#3700=AXIS2_PLACEMENT_3D('',#5635,#4291,#4292);
#3701=AXIS2_PLACEMENT_3D('',#5636,#4293,#4294);
#3702=AXIS2_PLACEMENT_3D('',#5642,#4298,#4299);
#3703=AXIS2_PLACEMENT_3D('',#5648,#4303,#4304);
#3704=AXIS2_PLACEMENT_3D('',#5652,#4307,#4308);
#3705=AXIS2_PLACEMENT_3D('',#5658,#4312,#4313);
#3706=AXIS2_PLACEMENT_3D('',#5660,#4315,#4316);
#3707=AXIS2_PLACEMENT_3D('',#5663,#4318,#4319);
#3708=AXIS2_PLACEMENT_3D('',#5664,#4320,#4321);
#3709=AXIS2_PLACEMENT_3D('',#5668,#4324,#4325);
#3710=AXIS2_PLACEMENT_3D('',#5672,#4328,#4329);
#3711=AXIS2_PLACEMENT_3D('',#5676,#4332,#4333);
#3712=AXIS2_PLACEMENT_3D('',#5682,#4337,#4338);
#3713=AXIS2_PLACEMENT_3D('',#5686,#4341,#4342);
#3714=AXIS2_PLACEMENT_3D('',#5692,#4346,#4347);
#3715=AXIS2_PLACEMENT_3D('',#5699,#4352,#4353);
#3716=AXIS2_PLACEMENT_3D('',#5703,#4356,#4357);
#3717=AXIS2_PLACEMENT_3D('',#5710,#4362,#4363);
#3718=AXIS2_PLACEMENT_3D('',#5717,#4368,#4369);
#3719=AXIS2_PLACEMENT_3D('',#5720,#4371,#4372);
#3720=AXIS2_PLACEMENT_3D('',#5721,#4373,#4374);
#3721=AXIS2_PLACEMENT_3D('',#5723,#4375,#4376);
#3722=AXIS2_PLACEMENT_3D('',#5727,#4379,#4380);
#3723=AXIS2_PLACEMENT_3D('',#5728,#4381,#4382);
#3724=AXIS2_PLACEMENT_3D('',#5729,#4383,#4384);
#3725=AXIS2_PLACEMENT_3D('',#5730,#4385,#4386);
#3726=AXIS2_PLACEMENT_3D('',#5731,#4387,#4388);
#3727=AXIS2_PLACEMENT_3D('',#5732,#4389,#4390);
#3728=AXIS2_PLACEMENT_3D('',#5733,#4391,#4392);
#3729=AXIS2_PLACEMENT_3D('',#5736,#4395,#4396);
#3730=AXIS2_PLACEMENT_3D('',#5737,#4397,#4398);
#3731=AXIS2_PLACEMENT_3D('',#5738,#4399,#4400);
#3732=AXIS2_PLACEMENT_3D('',#5739,#4401,#4402);
#3733=AXIS2_PLACEMENT_3D('',#5740,#4403,#4404);
#3734=AXIS2_PLACEMENT_3D('',#5741,#4405,#4406);
#3735=AXIS2_PLACEMENT_3D('',#5743,#4408,#4409);
#3736=AXIS2_PLACEMENT_3D('',#5744,#4410,#4411);
#3737=AXIS2_PLACEMENT_3D('',#5749,#4413,#4414);
#3738=AXIS2_PLACEMENT_3D('',#5753,#4416,#4417);
#3739=AXIS2_PLACEMENT_3D('',#5757,#4419,#4420);
#3740=AXIS2_PLACEMENT_3D('',#5760,#4422,#4423);
#3741=AXIS2_PLACEMENT_3D('',#5761,#4424,#4425);
#3742=AXIS2_PLACEMENT_3D('',#5796,#4429,#4430);
#3743=AXIS2_PLACEMENT_3D('',#5798,#4432,#4433);
#3744=AXIS2_PLACEMENT_3D('',#5831,#4436,#4437);
#3745=AXIS2_PLACEMENT_3D('',#5833,#4439,#4440);
#3746=AXIS2_PLACEMENT_3D('',#5866,#4443,#4444);
#3747=AXIS2_PLACEMENT_3D('',#5868,#4446,#4447);
#3748=AXIS2_PLACEMENT_3D('',#5900,#4450,#4451);
#3749=AXIS2_PLACEMENT_3D('',#5901,#4452,#4453);
#3750=AXIS2_PLACEMENT_3D('',#5910,#4458,#4459);
#3751=AXIS2_PLACEMENT_3D('',#5912,#4460,#4461);
#3752=AXIS2_PLACEMENT_3D('',#5915,#4463,#4464);
#3753=AXIS2_PLACEMENT_3D('',#5916,#4465,#4466);
#3754=AXIS2_PLACEMENT_3D('',#5925,#4471,#4472);
#3755=AXIS2_PLACEMENT_3D('',#5928,#4475,#4476);
#3756=AXIS2_PLACEMENT_3D('',#5930,#4478,#4479);
#3757=AXIS2_PLACEMENT_3D('',#5932,#4481,#4482);
#3758=AXIS2_PLACEMENT_3D('',#5940,#4487,#4488);
#3759=AXIS2_PLACEMENT_3D('',#5941,#4489,#4490);
#3760=AXIS2_PLACEMENT_3D('',#5945,#4493,#4494);
#3761=AXIS2_PLACEMENT_3D('',#5948,#4496,#4497);
#3762=AXIS2_PLACEMENT_3D('',#5949,#4498,#4499);
#3763=AXIS2_PLACEMENT_3D('',#5952,#4501,#4502);
#3764=AXIS2_PLACEMENT_3D('',#5953,#4503,#4504);
#3765=AXIS2_PLACEMENT_3D('',#5961,#4510,#4511);
#3766=AXIS2_PLACEMENT_3D('',#5969,#4517,#4518);
#3767=AXIS2_PLACEMENT_3D('',#5978,#4523,#4524);
#3768=AXIS2_PLACEMENT_3D('',#5984,#4529,#4530);
#3769=AXIS2_PLACEMENT_3D('',#5993,#4536,#4537);
#3770=AXIS2_PLACEMENT_3D('',#5997,#4540,#4541);
#3771=AXIS2_PLACEMENT_3D('',#6003,#4545,#4546);
#3772=AXIS2_PLACEMENT_3D('',#6005,#4547,#4548);
#3773=AXIS2_PLACEMENT_3D('',#6007,#4550,#4551);
#3774=AXIS2_PLACEMENT_3D('',#6009,#4552,#4553);
#3775=AXIS2_PLACEMENT_3D('',#6012,#4555,#4556);
#3776=AXIS2_PLACEMENT_3D('',#6013,#4557,#4558);
#3777=AXIS2_PLACEMENT_3D('',#6022,#4563,#4564);
#3778=AXIS2_PLACEMENT_3D('',#6032,#4570,#4571);
#3779=AXIS2_PLACEMENT_3D('',#6042,#4577,#4578);
#3780=AXIS2_PLACEMENT_3D('',#6046,#4582,#4583);
#3781=AXIS2_PLACEMENT_3D('',#6051,#4588,#4589);
#3782=AXIS2_PLACEMENT_3D('',#6054,#4592,#4593);
#3783=AXIS2_PLACEMENT_3D('',#6061,#4598,#4599);
#3784=AXIS2_PLACEMENT_3D('',#6068,#4604,#4605);
#3785=AXIS2_PLACEMENT_3D('',#6077,#4610,#4611);
#3786=AXIS2_PLACEMENT_3D('',#6079,#4613,#4614);
#3787=AXIS2_PLACEMENT_3D('',#6083,#4616,#4617);
#3788=AXIS2_PLACEMENT_3D('',#6090,#4622,#4623);
#3789=AXIS2_PLACEMENT_3D('',#6094,#4625,#4626);
#3790=AXIS2_PLACEMENT_3D('',#6100,#4630,#4631);
#3791=AXIS2_PLACEMENT_3D('',#6103,#4634,#4635);
#3792=AXIS2_PLACEMENT_3D('',#6107,#4638,#4639);
#3793=AXIS2_PLACEMENT_3D('',#6111,#4642,#4643);
#3794=AXIS2_PLACEMENT_3D('',#6117,#4648,#4649);
#3795=AXIS2_PLACEMENT_3D('',#6120,#4652,#4653);
#3796=AXIS2_PLACEMENT_3D('',#6122,#4654,#4655);
#3797=AXIS2_PLACEMENT_3D('',#6124,#4657,#4658);
#3798=AXIS2_PLACEMENT_3D('',#6128,#4661,#4662);
#3799=AXIS2_PLACEMENT_3D('',#6130,#4664,#4665);
#3800=AXIS2_PLACEMENT_3D('',#6132,#4667,#4668);
#3801=AXIS2_PLACEMENT_3D('',#6133,#4669,#4670);
#3802=AXIS2_PLACEMENT_3D('',#6134,#4671,#4672);
#3803=AXIS2_PLACEMENT_3D('',#6135,#4673,#4674);
#3804=AXIS2_PLACEMENT_3D('',#6141,#4678,#4679);
#3805=AXIS2_PLACEMENT_3D('',#6142,#4680,#4681);
#3806=AXIS2_PLACEMENT_3D('',#6143,#4682,#4683);
#3807=AXIS2_PLACEMENT_3D('',#6144,#4684,#4685);
#3808=AXIS2_PLACEMENT_3D('',#6146,#4687,#4688);
#3809=AXIS2_PLACEMENT_3D('',#6150,#4691,#4692);
#3810=AXIS2_PLACEMENT_3D('',#6151,#4693,#4694);
#3811=AXIS2_PLACEMENT_3D('',#6155,#4697,#4698);
#3812=AXIS2_PLACEMENT_3D('',#6158,#4701,#4702);
#3813=AXIS2_PLACEMENT_3D('',#6164,#4708,#4709);
#3814=AXIS2_PLACEMENT_3D('',#6166,#4711,#4712);
#3815=AXIS2_PLACEMENT_3D('',#6168,#4714,#4715);
#3816=AXIS2_PLACEMENT_3D('',#6173,#4720,#4721);
#3817=AXIS2_PLACEMENT_3D('',#6174,#4722,#4723);
#3818=AXIS2_PLACEMENT_3D('',#6176,#4725,#4726);
#3819=AXIS2_PLACEMENT_3D('',#6178,#4728,#4729);
#3820=AXIS2_PLACEMENT_3D('',#6180,#4731,#4732);
#3821=AXIS2_PLACEMENT_3D('',#6181,#4733,#4734);
#3822=AXIS2_PLACEMENT_3D('',#6182,#4735,#4736);
#3823=AXIS2_PLACEMENT_3D('',#6184,#4738,#4739);
#3824=AXIS2_PLACEMENT_3D('',#6186,#4741,#4742);
#3825=AXIS2_PLACEMENT_3D('',#6187,#4743,#4744);
#3826=AXIS2_PLACEMENT_3D('',#6189,#4746,#4747);
#3827=AXIS2_PLACEMENT_3D('',#6191,#4749,#4750);
#3828=AXIS2_PLACEMENT_3D('',#6226,#4751,#4752);
#3829=AXIS2_PLACEMENT_3D('',#6231,#4753,#4754);
#3830=AXIS2_PLACEMENT_3D('',#6234,#4755,#4756);
#3831=AXIS2_PLACEMENT_3D('',#6239,#4757,#4758);
#3832=AXIS2_PLACEMENT_3D('',#6246,#4759,#4760);
#3833=AXIS2_PLACEMENT_3D('',#6289,#4761,#4762);
#3834=AXIS2_PLACEMENT_3D('',#6292,#4763,#4764);
#3835=AXIS2_PLACEMENT_3D('',#6297,#4765,#4766);
#3836=AXIS2_PLACEMENT_3D('',#6304,#4767,#4768);
#3837=AXIS2_PLACEMENT_3D('',#6307,#4769,#4770);
#3838=AXIS2_PLACEMENT_3D('',#6316,#4771,#4772);
#3839=DIRECTION('axis',(0.,0.,1.));
#3840=DIRECTION('refdir',(1.,0.,0.));
#3841=DIRECTION('center_axis',(0.867253096834807,0.,-0.497867518553316));
#3842=DIRECTION('ref_axis',(-0.497867518553316,0.,-0.867253096834807));
#3843=DIRECTION('',(0.,1.,0.));
#3844=DIRECTION('',(-0.491212703402083,-0.162955852960871,-0.855660838184273));
#3845=DIRECTION('',(0.,1.,0.));
#3846=DIRECTION('',(-0.497204764773441,0.0515809846293998,-0.866098622508574));
#3847=DIRECTION('center_axis',(0.,0.,1.));
#3848=DIRECTION('ref_axis',(0.998854757648788,-0.0478453040786689,0.));
#3849=DIRECTION('',(-0.241470729643902,0.19369780690461,-0.950880142986268));
#3850=DIRECTION('center_axis',(5.11944237960412E-17,-0.979876548708017,
-0.199604482144226));
#3851=DIRECTION('ref_axis',(0.,0.199604482144226,-0.979876548708017));
#3852=DIRECTION('',(1.,0.,0.));
#3853=DIRECTION('',(1.,7.7133638421868E-17,0.));
#3854=DIRECTION('',(0.241470729643902,0.19369780690461,-0.950880142986268));
#3855=DIRECTION('center_axis',(0.,0.,1.));
#3856=DIRECTION('ref_axis',(-0.0478077055929998,-0.998856557913063,0.));
#3857=DIRECTION('',(0.497159555738845,0.0515825247387615,-0.866124482553824));
#3858=DIRECTION('center_axis',(-0.867279060432238,0.,-0.497822288910184));
#3859=DIRECTION('ref_axis',(-0.497822288910184,0.,0.867279060432238));
#3860=DIRECTION('',(0.,-1.,0.));
#3861=DIRECTION('',(0.,-1.,0.));
#3862=DIRECTION('',(0.491167687850607,-0.162960601937651,-0.855685774468413));
#3863=DIRECTION('center_axis',(0.,0.,1.));
#3864=DIRECTION('ref_axis',(-0.00485450736798012,-0.999988216809685,0.));
#3865=DIRECTION('center_axis',(0.,0.,1.));
#3866=DIRECTION('ref_axis',(0.000253517423619262,0.999999967864457,0.));
#3867=DIRECTION('',(0.143661072349058,-0.197533974479954,-0.969712238356138));
#3868=DIRECTION('center_axis',(-7.25254337110583E-17,0.979876548708017,
-0.199604482144226));
#3869=DIRECTION('ref_axis',(0.,0.199604482144226,0.979876548708017));
#3870=DIRECTION('',(-1.,0.,0.));
#3871=DIRECTION('',(-1.,0.,0.));
#3872=DIRECTION('',(-0.143726920819187,-0.197532066010612,-0.969702869506641));
#3873=DIRECTION('center_axis',(0.,0.,1.));
#3874=DIRECTION('ref_axis',(-0.0002534777142191,0.999999967874524,0.));
#3875=DIRECTION('center_axis',(0.,0.,1.));
#3876=DIRECTION('ref_axis',(1.,0.,0.));
#3877=DIRECTION('center_axis',(0.,0.,1.));
#3878=DIRECTION('ref_axis',(0.00964832498238061,0.999953453829244,0.));
#3879=DIRECTION('center_axis',(0.,0.,1.));
#3880=DIRECTION('ref_axis',(1.,0.,0.));
#3881=DIRECTION('center_axis',(0.,0.,1.));
#3882=DIRECTION('ref_axis',(0.924035616379442,0.382306395005715,0.));
#3883=DIRECTION('center_axis',(0.,0.,1.));
#3884=DIRECTION('ref_axis',(1.,0.,0.));
#3885=DIRECTION('center_axis',(0.,0.,1.));
#3886=DIRECTION('ref_axis',(-0.81332731081384,-0.581806398627866,0.));
#3887=DIRECTION('center_axis',(0.,0.,1.));
#3888=DIRECTION('ref_axis',(1.,0.,0.));
#3889=DIRECTION('',(-1.,0.,0.));
#3890=DIRECTION('center_axis',(0.,0.,1.));
#3891=DIRECTION('ref_axis',(0.810493343774471,0.58574784651527,0.));
#3892=DIRECTION('',(1.,0.,0.));
#3893=DIRECTION('center_axis',(0.,0.,1.));
#3894=DIRECTION('ref_axis',(0.00485450736797645,0.999988216809685,0.));
#3895=DIRECTION('center_axis',(0.,0.,1.));
#3896=DIRECTION('ref_axis',(1.,0.,0.));
#3897=DIRECTION('',(1.,0.,0.));
#3898=DIRECTION('center_axis',(0.,0.,1.));
#3899=DIRECTION('ref_axis',(-0.946234027958795,-0.32348286559395,0.));
#3900=DIRECTION('',(-1.,-1.21333721503493E-16,0.));
#3901=DIRECTION('center_axis',(0.,0.,1.));
#3902=DIRECTION('ref_axis',(-0.00964832498237718,-0.999953453829244,0.));
#3903=DIRECTION('center_axis',(-0.867253096834808,-1.70705589911032E-16,
-0.497867518553315));
#3904=DIRECTION('ref_axis',(-0.497867518553315,0.,0.867253096834808));
#3905=DIRECTION('',(0.,-1.,0.));
#3906=DIRECTION('',(0.491212703402083,0.162955852960872,-0.855660838184273));
#3907=DIRECTION('',(0.,-1.,0.));
#3908=DIRECTION('',(0.49720476477344,-0.0515809846293996,-0.866098622508574));
#3909=DIRECTION('center_axis',(0.,0.,-1.));
#3910=DIRECTION('ref_axis',(1.,1.99269736984262E-16,0.));
#3911=DIRECTION('',(0.143661072349057,0.197533974479954,-0.969712238356138));
#3912=DIRECTION('center_axis',(0.,-0.979876548708017,-0.199604482144225));
#3913=DIRECTION('ref_axis',(0.,0.199604482144225,-0.979876548708017));
#3914=DIRECTION('',(1.,8.07434927000114E-16,0.));
#3915=DIRECTION('',(-0.143661072349058,0.197533974479949,-0.969712238356139));
#3916=DIRECTION('',(1.,0.,0.));
#3917=DIRECTION('center_axis',(0.,0.,-1.));
#3918=DIRECTION('ref_axis',(8.5095610013817E-5,0.999999996379369,0.));
#3919=DIRECTION('',(-0.491208897768265,0.163002126817488,-0.855654209015687));
#3920=DIRECTION('center_axis',(0.,0.,-1.));
#3921=DIRECTION('ref_axis',(-0.00485450736797898,-0.999988216809685,0.));
#3922=DIRECTION('center_axis',(0.867253096834808,3.29792048959077E-16,-0.497867518553315));
#3923=DIRECTION('ref_axis',(-0.497867518553315,0.,-0.867253096834808));
#3924=DIRECTION('',(0.,1.,0.));
#3925=DIRECTION('',(-0.497205998215515,-0.051532995879563,-0.866100771085091));
#3926=DIRECTION('',(0.,1.,0.));
#3927=DIRECTION('center_axis',(0.,0.,-1.));
#3928=DIRECTION('ref_axis',(-0.99884573786936,-0.0480332378693601,0.));
#3929=DIRECTION('',(-0.241470729643902,-0.19369780690461,-0.950880142986268));
#3930=DIRECTION('center_axis',(0.,0.,-1.));
#3931=DIRECTION('ref_axis',(0.946234027958796,0.32348286559395,0.));
#3932=DIRECTION('center_axis',(-2.13557979058566E-17,0.979876548708017,
-0.199604482144226));
#3933=DIRECTION('ref_axis',(0.,0.199604482144226,0.979876548708017));
#3934=DIRECTION('',(-1.,0.,0.));
#3935=DIRECTION('',(0.241470729643902,-0.19369780690461,-0.950880142986268));
#3936=DIRECTION('',(-1.,0.,0.));
#3937=DIRECTION('center_axis',(0.,0.,-1.));
#3938=DIRECTION('ref_axis',(0.0480422576487877,-0.998845304078668,0.));
#3939=DIRECTION('center_axis',(0.,0.,-1.));
#3940=DIRECTION('ref_axis',(0.00964832498238088,0.999953453829244,0.));
#3941=DIRECTION('center_axis',(0.,0.,-1.));
#3942=DIRECTION('ref_axis',(1.,1.99269736984262E-16,0.));
#3943=DIRECTION('center_axis',(0.,0.,-1.));
#3944=DIRECTION('ref_axis',(1.,1.99269736984262E-16,0.));
#3945=DIRECTION('',(0.,0.,-1.));
#3946=DIRECTION('',(0.,0.,-1.));
#3947=DIRECTION('center_axis',(0.,0.,1.));
#3948=DIRECTION('ref_axis',(1.,0.,0.));
#3949=DIRECTION('center_axis',(0.,0.,1.));
#3950=DIRECTION('ref_axis',(-0.999916674169538,0.0129090943806878,0.));
#3951=DIRECTION('center_axis',(0.,0.,1.));
#3952=DIRECTION('ref_axis',(1.,0.,0.));
#3953=DIRECTION('',(0.,-1.,0.));
#3954=DIRECTION('center_axis',(0.,0.,1.));
#3955=DIRECTION('ref_axis',(-0.999381885565374,-0.0351546128381027,0.));
#3956=DIRECTION('',(1.,0.,0.));
#3957=DIRECTION('center_axis',(0.,0.,1.));
#3958=DIRECTION('ref_axis',(0.0351594062077159,-0.99938171694059,0.));
#3959=DIRECTION('',(0.,1.,0.));
#3960=DIRECTION('center_axis',(0.,0.,1.));
#3961=DIRECTION('ref_axis',(0.999948559888028,-0.0101428584658998,0.));
#3962=DIRECTION('',(-1.,0.,0.));
#3963=DIRECTION('center_axis',(0.,0.,1.));
#3964=DIRECTION('ref_axis',(5.25326439824804E-5,0.999999998620161,0.));
#3965=DIRECTION('',(0.,-1.,0.));
#3966=DIRECTION('',(-1.,-7.7133638421868E-17,0.));
#3967=DIRECTION('',(0.,-1.,0.));
#3968=DIRECTION('center_axis',(0.,0.,-1.));
#3969=DIRECTION('ref_axis',(-0.0386103582512927,0.999254342115013,0.));
#3970=DIRECTION('',(-1.,0.,0.));
#3971=DIRECTION('',(7.7133638421868E-17,-1.,0.));
#3972=DIRECTION('',(-1.,0.,0.));
#3973=DIRECTION('',(-7.7133638421868E-17,1.,0.));
#3974=DIRECTION('',(-1.,0.,0.));
#3975=DIRECTION('center_axis',(0.,0.,-1.));
#3976=DIRECTION('ref_axis',(0.999254565909479,0.03860456590948,0.));
#3977=DIRECTION('',(0.,1.,0.));
#3978=DIRECTION('',(-1.,-7.7133638421868E-17,0.));
#3979=DIRECTION('',(0.,1.,0.));
#3980=DIRECTION('',(1.,7.7133638421868E-17,0.));
#3981=DIRECTION('',(0.,1.,0.));
#3982=DIRECTION('center_axis',(0.,0.,-1.));
#3983=DIRECTION('ref_axis',(-6.09256930254983E-5,-0.99999999814403,0.));
#3984=DIRECTION('',(1.,0.,0.));
#3985=DIRECTION('',(2.14331241082844E-15,1.,0.));
#3986=DIRECTION('',(1.,8.07434927000114E-16,0.));
#3987=DIRECTION('',(-1.03308938620329E-15,-1.,0.));
#3988=DIRECTION('',(1.,0.,0.));
#3989=DIRECTION('center_axis',(0.,0.,-1.));
#3990=DIRECTION('ref_axis',(-0.999940341396253,0.010923078702651,0.));
#3991=DIRECTION('',(0.,-1.,0.));
#3992=DIRECTION('',(1.,7.7133638421868E-17,0.));
#3993=DIRECTION('center_axis',(-1.,0.,7.40148683083438E-17));
#3994=DIRECTION('ref_axis',(7.40148683083438E-17,0.,1.));
#3995=DIRECTION('',(-7.40148683083438E-17,0.,-1.));
#3996=DIRECTION('',(0.,-1.,0.));
#3997=DIRECTION('',(7.40148683083438E-17,6.72862439166762E-18,1.));
#3998=DIRECTION('',(0.,1.,0.));
#3999=DIRECTION('center_axis',(1.,0.,1.72684608840783E-16));
#4000=DIRECTION('ref_axis',(1.72684608840783E-16,0.,-1.));
#4001=DIRECTION('',(-1.72684608840783E-16,0.,1.));
#4002=DIRECTION('',(0.,-1.,0.));
#4003=DIRECTION('',(1.72684608840783E-16,-6.72862439166762E-18,-1.));
#4004=DIRECTION('',(0.,1.,0.));
#4005=DIRECTION('center_axis',(0.,-1.,6.72862439166762E-18));
#4006=DIRECTION('ref_axis',(0.,6.72862439166762E-18,1.));
#4007=DIRECTION('',(-1.,0.,0.));
#4008=DIRECTION('',(1.,0.,0.));
#4009=DIRECTION('',(0.,0.,1.));
#4010=DIRECTION('',(1.,0.,0.));
#4011=DIRECTION('center_axis',(0.,-1.,6.72862439166762E-18));
#4012=DIRECTION('ref_axis',(-0.0166449973738441,0.,0.999861462434884));
#4013=DIRECTION('',(-1.,0.,0.));
#4014=DIRECTION('center_axis',(0.,1.,-6.72862439166762E-18));
#4015=DIRECTION('ref_axis',(1.,0.,5.9211894646675E-17));
#4016=DIRECTION('center_axis',(0.,0.,-1.));
#4017=DIRECTION('ref_axis',(0.,1.,0.));
#4018=DIRECTION('',(-1.,0.,0.));
#4019=DIRECTION('',(0.,-1.,0.));
#4020=DIRECTION('',(1.,0.,0.));
#4021=DIRECTION('center_axis',(0.,0.,-1.));
#4022=DIRECTION('ref_axis',(0.,1.,0.));
#4023=DIRECTION('',(1.,0.,0.));
#4024=DIRECTION('',(0.,1.,0.));
#4025=DIRECTION('',(-1.,0.,0.));
#4026=DIRECTION('center_axis',(0.,0.,1.));
#4027=DIRECTION('ref_axis',(0.,-1.,0.));
#4028=DIRECTION('',(-1.,0.,0.));
#4029=DIRECTION('',(0.,-1.,0.));
#4030=DIRECTION('',(-1.,0.,0.));
#4031=DIRECTION('center_axis',(0.,-1.,0.));
#4032=DIRECTION('ref_axis',(0.,0.,-1.));
#4033=DIRECTION('',(1.,0.,0.));
#4034=DIRECTION('center_axis',(0.,1.,0.));
#4035=DIRECTION('ref_axis',(-0.0166449973738441,0.,0.999861462434884));
#4036=DIRECTION('',(-1.,0.,0.));
#4037=DIRECTION('',(0.,0.,-1.));
#4038=DIRECTION('center_axis',(0.,-1.,0.));
#4039=DIRECTION('ref_axis',(1.,0.,0.));
#4040=DIRECTION('center_axis',(0.,0.,-1.));
#4041=DIRECTION('ref_axis',(-1.,0.,0.));
#4042=DIRECTION('center_axis',(0.,0.,-1.));
#4043=DIRECTION('ref_axis',(0.999914904389987,0.0130454581660848,0.));
#4044=DIRECTION('center_axis',(0.,0.,-1.));
#4045=DIRECTION('ref_axis',(0.000253517423619262,0.999999967864457,0.));
#4046=DIRECTION('',(0.,1.,0.));
#4047=DIRECTION('',(-1.,-7.7133638421868E-17,0.));
#4048=DIRECTION('',(-7.7133638421868E-17,1.,0.));
#4049=DIRECTION('center_axis',(0.,0.,1.));
#4050=DIRECTION('ref_axis',(-0.0002534777142191,0.999999967874524,0.));
#4051=DIRECTION('',(1.,7.7133638421868E-17,0.));
#4052=DIRECTION('center_axis',(0.,0.,-1.));
#4053=DIRECTION('ref_axis',(8.33258304621982E-5,-0.999999996528403,0.));
#4054=DIRECTION('',(0.,0.,1.));
#4055=DIRECTION('',(0.,0.,1.));
#4056=DIRECTION('center_axis',(0.,0.,1.));
#4057=DIRECTION('ref_axis',(-0.0478077055929998,-0.998856557913063,0.));
#4058=DIRECTION('center_axis',(0.,0.,-1.));
#4059=DIRECTION('ref_axis',(-0.0478077055929998,-0.998856557913063,0.));
#4060=DIRECTION('',(0.,0.,1.));
#4061=DIRECTION('',(0.,0.,1.));
#4062=DIRECTION('center_axis',(-1.,0.,0.));
#4063=DIRECTION('ref_axis',(0.,-1.,0.));
#4064=DIRECTION('',(0.,1.,0.));
#4065=DIRECTION('',(0.,-1.,0.));
#4066=DIRECTION('',(0.,0.,1.));
#4067=DIRECTION('center_axis',(0.,0.,1.));
#4068=DIRECTION('ref_axis',(0.000253517423619262,0.999999967864457,0.));
#4069=DIRECTION('',(0.,0.,1.));
#4070=DIRECTION('center_axis',(0.,0.,-1.));
#4071=DIRECTION('ref_axis',(-1.,0.,0.));
#4072=DIRECTION('center_axis',(0.,0.,-1.));
#4073=DIRECTION('ref_axis',(0.0480332378693598,0.99884573786936,0.));
#4074=DIRECTION('',(-7.7133638421868E-17,1.,0.));
#4075=DIRECTION('',(1.,1.18735666304703E-15,0.));
#4076=DIRECTION('center_axis',(1.18735666304703E-15,-1.,0.));
#4077=DIRECTION('ref_axis',(1.,1.18735666304703E-15,0.));
#4078=DIRECTION('',(1.,1.18735666304703E-15,0.));
#4079=DIRECTION('',(0.,0.,-1.));
#4080=DIRECTION('',(1.,1.18735666304703E-15,0.));
#4081=DIRECTION('',(0.,0.,1.));
#4082=DIRECTION('center_axis',(-7.7133638421868E-17,1.,0.));
#4083=DIRECTION('ref_axis',(-1.,-7.7133638421868E-17,0.));
#4084=DIRECTION('',(-1.,-7.7133638421868E-17,0.));
#4085=DIRECTION('',(0.,0.,-1.));
#4086=DIRECTION('',(-1.,-7.7133638421868E-17,0.));
#4087=DIRECTION('',(0.,0.,1.));
#4088=DIRECTION('center_axis',(1.,7.7133638421868E-17,0.));
#4089=DIRECTION('ref_axis',(-7.7133638421868E-17,1.,0.));
#4090=DIRECTION('',(-7.7133638421868E-17,1.,0.));
#4091=DIRECTION('',(0.,0.,-1.));
#4092=DIRECTION('',(-7.7133638421868E-17,1.,0.));
#4093=DIRECTION('',(0.,0.,1.));
#4094=DIRECTION('center_axis',(-1.,-7.7133638421868E-17,0.));
#4095=DIRECTION('ref_axis',(7.7133638421868E-17,-1.,0.));
#4096=DIRECTION('',(7.7133638421868E-17,-1.,0.));
#4097=DIRECTION('',(0.,0.,-1.));
#4098=DIRECTION('',(7.7133638421868E-17,-1.,0.));
#4099=DIRECTION('',(0.,0.,1.));
#4100=DIRECTION('center_axis',(-1.,-7.7133638421868E-17,0.));
#4101=DIRECTION('ref_axis',(7.7133638421868E-17,-1.,0.));
#4102=DIRECTION('',(7.7133638421868E-17,-1.,0.));
#4103=DIRECTION('',(0.,0.,-1.));
#4104=DIRECTION('',(7.7133638421868E-17,-1.,0.));
#4105=DIRECTION('',(0.,0.,1.));
#4106=DIRECTION('center_axis',(1.,7.7133638421868E-17,0.));
#4107=DIRECTION('ref_axis',(-7.7133638421868E-17,1.,0.));
#4108=DIRECTION('',(-7.7133638421868E-17,1.,0.));
#4109=DIRECTION('',(0.,0.,-1.));
#4110=DIRECTION('',(-7.7133638421868E-17,1.,0.));
#4111=DIRECTION('',(0.,0.,1.));
#4112=DIRECTION('center_axis',(-7.7133638421868E-17,1.,0.));
#4113=DIRECTION('ref_axis',(-1.,-7.7133638421868E-17,0.));
#4114=DIRECTION('',(-1.,-7.7133638421868E-17,0.));
#4115=DIRECTION('',(0.,0.,-1.));
#4116=DIRECTION('',(-1.,-7.7133638421868E-17,0.));
#4117=DIRECTION('',(0.,0.,1.));
#4118=DIRECTION('center_axis',(7.7133638421868E-17,-1.,0.));
#4119=DIRECTION('ref_axis',(1.,7.7133638421868E-17,0.));
#4120=DIRECTION('',(1.,7.7133638421868E-17,0.));
#4121=DIRECTION('',(0.,0.,-1.));
#4122=DIRECTION('',(1.,7.7133638421868E-17,0.));
#4123=DIRECTION('',(0.,0.,1.));
#4124=DIRECTION('center_axis',(1.,7.7133638421868E-17,0.));
#4125=DIRECTION('ref_axis',(7.7133638421868E-17,-1.,0.));
#4126=DIRECTION('',(0.,0.,-1.));
#4127=DIRECTION('',(7.7133638421868E-17,-1.,0.));
#4128=DIRECTION('center_axis',(1.,7.7133638421868E-17,0.));
#4129=DIRECTION('ref_axis',(7.7133638421868E-17,-1.,0.));
#4130=DIRECTION('',(7.7133638421868E-17,-1.,0.));
#4131=DIRECTION('',(0.,0.,-1.));
#4132=DIRECTION('center_axis',(-1.,-7.7133638421868E-17,0.));
#4133=DIRECTION('ref_axis',(-7.7133638421868E-17,1.,0.));
#4134=DIRECTION('',(-7.7133638421868E-17,1.,0.));
#4135=DIRECTION('',(0.,0.,-1.));
#4136=DIRECTION('',(7.7133638421868E-17,-1.,0.));
#4137=DIRECTION('center_axis',(-1.,-7.7133638421868E-17,0.));
#4138=DIRECTION('ref_axis',(-7.7133638421868E-17,1.,0.));
#4139=DIRECTION('',(7.7133638421868E-17,-1.,0.));
#4140=DIRECTION('',(0.,0.,-1.));
#4141=DIRECTION('',(-7.7133638421868E-17,1.,0.));
#4142=DIRECTION('center_axis',(1.06058752830068E-16,-1.,0.));
#4143=DIRECTION('ref_axis',(-1.,-1.06058752830068E-16,0.));
#4144=DIRECTION('',(1.,1.06058752830068E-16,0.));
#4145=DIRECTION('',(0.,0.,-1.));
#4146=DIRECTION('',(-1.,-1.06058752830068E-16,0.));
#4147=DIRECTION('center_axis',(1.06058752830068E-16,-1.,0.));
#4148=DIRECTION('ref_axis',(-1.,-1.06058752830068E-16,0.));
#4149=DIRECTION('',(-1.,-1.06058752830068E-16,0.));
#4150=DIRECTION('',(0.,0.,-1.));
#4151=DIRECTION('',(1.,1.06058752830068E-16,0.));
#4152=DIRECTION('center_axis',(-7.7133638421868E-17,1.,0.));
#4153=DIRECTION('ref_axis',(1.,7.7133638421868E-17,0.));
#4154=DIRECTION('',(1.,7.7133638421868E-17,0.));
#4155=DIRECTION('',(1.,7.7133638421868E-17,0.));
#4156=DIRECTION('',(0.,0.,-1.));
#4157=DIRECTION('',(0.,0.,1.));
#4158=DIRECTION('',(1.,7.7133638421868E-17,0.));
#4159=DIRECTION('center_axis',(-5.2122284827193E-16,1.,0.));
#4160=DIRECTION('ref_axis',(1.,5.2122284827193E-16,0.));
#4161=DIRECTION('',(-1.,-5.2122284827193E-16,0.));
#4162=DIRECTION('',(0.,0.,-1.));
#4163=DIRECTION('',(1.,5.2122284827193E-16,0.));
#4164=DIRECTION('center_axis',(-5.2122284827193E-16,1.,0.));
#4165=DIRECTION('ref_axis',(1.,5.2122284827193E-16,0.));
#4166=DIRECTION('',(1.,5.2122284827193E-16,0.));
#4167=DIRECTION('',(0.,0.,-1.));
#4168=DIRECTION('',(-1.,-5.2122284827193E-16,0.));
#4169=DIRECTION('center_axis',(7.7133638421868E-17,-1.,0.));
#4170=DIRECTION('ref_axis',(-1.,-7.7133638421868E-17,0.));
#4171=DIRECTION('',(-1.,-7.7133638421868E-17,0.));
#4172=DIRECTION('',(0.,0.,-1.));
#4173=DIRECTION('',(0.,0.,-1.));
#4174=DIRECTION('',(-1.,-7.7133638421868E-17,0.));
#4175=DIRECTION('',(-1.,0.,0.));
#4176=DIRECTION('center_axis',(-1.,-7.7133638421868E-17,0.));
#4177=DIRECTION('ref_axis',(-7.7133638421868E-17,1.,0.));
#4178=DIRECTION('',(0.,1.,0.));
#4179=DIRECTION('',(-7.7133638421868E-17,1.,0.));
#4180=DIRECTION('',(0.,0.,1.));
#4181=DIRECTION('',(0.,0.,-1.));
#4182=DIRECTION('',(-7.7133638421868E-17,1.,0.));
#4183=DIRECTION('center_axis',(0.,0.,-1.));
#4184=DIRECTION('ref_axis',(-1.,0.,0.));
#4185=DIRECTION('center_axis',(0.,0.,-1.));
#4186=DIRECTION('ref_axis',(-5.96586037462635E-5,0.999999998220426,0.));
#4187=DIRECTION('',(7.7133638421868E-17,-1.,0.));
#4188=DIRECTION('center_axis',(0.,0.,1.));
#4189=DIRECTION('ref_axis',(8.33258304621982E-5,-0.999999996528403,0.));
#4190=DIRECTION('center_axis',(0.,0.,-1.));
#4191=DIRECTION('ref_axis',(-1.,0.,0.));
#4192=DIRECTION('center_axis',(0.,0.,1.));
#4193=DIRECTION('ref_axis',(-0.998854757648788,0.0478453040786693,0.));
#4194=DIRECTION('',(7.7133638421868E-17,-1.,0.));
#4195=DIRECTION('center_axis',(0.,0.,-1.));
#4196=DIRECTION('ref_axis',(0.999260358251293,-0.0384543421150138,0.));
#4197=DIRECTION('center_axis',(0.,0.,-1.));
#4198=DIRECTION('ref_axis',(-1.,0.,0.));
#4199=DIRECTION('center_axis',(0.,0.,1.));
#4200=DIRECTION('ref_axis',(0.0480332378693598,0.99884573786936,0.));
#4201=DIRECTION('center_axis',(0.,0.,-1.));
#4202=DIRECTION('ref_axis',(-0.0386045659094811,-0.999254565909479,0.));
#4203=DIRECTION('center_axis',(0.,0.,-1.));
#4204=DIRECTION('ref_axis',(-1.,0.,0.));
#4205=DIRECTION('center_axis',(0.,0.,-1.));
#4206=DIRECTION('ref_axis',(-0.999939074306975,-0.0110384633944311,0.));
#4207=DIRECTION('center_axis',(0.,0.,1.));
#4208=DIRECTION('ref_axis',(0.999914904389987,0.0130454581660848,0.));
#4209=DIRECTION('center_axis',(1.,7.7133638421868E-17,0.));
#4210=DIRECTION('ref_axis',(7.7133638421868E-17,-1.,0.));
#4211=DIRECTION('',(0.,0.,-1.));
#4212=DIRECTION('',(-7.7133638421868E-17,1.,0.));
#4213=DIRECTION('center_axis',(1.,7.7133638421868E-17,0.));
#4214=DIRECTION('ref_axis',(7.7133638421868E-17,-1.,0.));
#4215=DIRECTION('',(-7.7133638421868E-17,1.,0.));
#4216=DIRECTION('',(0.,0.,-1.));
#4217=DIRECTION('center_axis',(0.,0.,-1.));
#4218=DIRECTION('ref_axis',(8.33258304621982E-5,-0.999999996528403,0.));
#4219=DIRECTION('center_axis',(0.,0.,-1.));
#4220=DIRECTION('ref_axis',(-0.998854757648788,0.0478453040786693,0.));
#4221=DIRECTION('center_axis',(0.,0.,-1.));
#4222=DIRECTION('ref_axis',(0.0480332378693598,0.99884573786936,0.));
#4223=DIRECTION('center_axis',(0.,0.,-1.));
#4224=DIRECTION('ref_axis',(0.999914904389987,0.0130454581660848,0.));
#4225=DIRECTION('center_axis',(0.,0.,-1.));
#4226=DIRECTION('ref_axis',(-0.999939074306975,-0.0110384633944311,0.));
#4227=DIRECTION('center_axis',(0.,0.,1.));
#4228=DIRECTION('ref_axis',(-0.999939074306975,-0.0110384633944311,0.));
#4229=DIRECTION('center_axis',(0.,0.,-1.));
#4230=DIRECTION('ref_axis',(-0.0386045659094811,-0.999254565909479,0.));
#4231=DIRECTION('center_axis',(0.,0.,1.));
#4232=DIRECTION('ref_axis',(-0.0386045659094811,-0.999254565909479,0.));
#4233=DIRECTION('center_axis',(0.,0.,-1.));
#4234=DIRECTION('ref_axis',(0.999260358251293,-0.0384543421150138,0.));
#4235=DIRECTION('center_axis',(0.,0.,1.));
#4236=DIRECTION('ref_axis',(0.999260358251293,-0.0384543421150138,0.));
#4237=DIRECTION('center_axis',(0.,0.,-1.));
#4238=DIRECTION('ref_axis',(-5.96586037462635E-5,0.999999998220426,0.));
#4239=DIRECTION('center_axis',(0.,0.,1.));
#4240=DIRECTION('ref_axis',(-5.96586037462635E-5,0.999999998220426,0.));
#4241=DIRECTION('center_axis',(0.,0.,1.));
#4242=DIRECTION('ref_axis',(1.,0.,0.));
#4243=DIRECTION('center_axis',(0.,0.,-1.));
#4244=DIRECTION('ref_axis',(-0.813327310813838,-0.581806398627868,0.));
#4245=DIRECTION('',(1.,0.,0.));
#4246=DIRECTION('center_axis',(-0.89766761056177,0.,-0.440673190639415));
#4247=DIRECTION('ref_axis',(-0.440673190639415,0.,0.89766761056177));
#4248=DIRECTION('',(0.,1.,0.));
#4249=DIRECTION('',(-0.434593850455568,-0.165531968817965,0.885283769446527));
#4250=DIRECTION('',(-0.44006739215433,0.0524169160432713,0.896433576610671));
#4251=DIRECTION('center_axis',(0.,0.,1.));
#4252=DIRECTION('ref_axis',(-0.00615300881167469,-0.99998107006211,0.));
#4253=DIRECTION('',(-0.240097374468817,0.122561191663511,0.962980791641869));
#4254=DIRECTION('center_axis',(0.,0.991997911723619,-0.126254279673915));
#4255=DIRECTION('ref_axis',(0.,0.126254279673915,0.991997911723619));
#4256=DIRECTION('',(1.,0.,0.));
#4257=DIRECTION('',(0.240097374468817,0.122561191663511,0.962980791641869));
#4258=DIRECTION('center_axis',(0.,0.,1.));
#4259=DIRECTION('ref_axis',(-0.952180324521658,-0.305536625617666,0.));
#4260=DIRECTION('',(0.440068519524123,0.0523681538233707,0.896435873104696));
#4261=DIRECTION('center_axis',(0.89766761056177,0.,-0.440673190639414));
#4262=DIRECTION('ref_axis',(-0.440673190639414,0.,-0.89766761056177));
#4263=DIRECTION('',(0.,-1.,0.));
#4264=DIRECTION('',(0.43459037617684,-0.165578933323376,0.885276692212082));
#4265=DIRECTION('center_axis',(0.,0.,1.));
#4266=DIRECTION('ref_axis',(-0.00298382100208716,0.999995548396205,0.));
#4267=DIRECTION('',(0.1428116106989,-0.124960159361538,0.98182982355494));
#4268=DIRECTION('center_axis',(0.,-0.991997911723619,-0.126254279673915));
#4269=DIRECTION('ref_axis',(0.,0.126254279673915,-0.991997911723619));
#4270=DIRECTION('',(-1.,0.,0.));
#4271=DIRECTION('',(-0.142811610698901,-0.124960159361538,0.98182982355494));
#4272=DIRECTION('center_axis',(0.,0.,1.));
#4273=DIRECTION('ref_axis',(0.827545224510859,0.561399057168136,0.));
#4274=DIRECTION('center_axis',(7.7133638421868E-17,-1.,0.));
#4275=DIRECTION('ref_axis',(-1.,-7.7133638421868E-17,0.));
#4276=DIRECTION('',(0.,0.,1.));
#4277=DIRECTION('',(1.,7.7133638421868E-17,0.));
#4278=DIRECTION('',(0.,0.,1.));
#4279=DIRECTION('center_axis',(7.7133638421868E-17,-1.,0.));
#4280=DIRECTION('ref_axis',(-1.,-7.7133638421868E-17,0.));
#4281=DIRECTION('',(0.,0.,1.));
#4282=DIRECTION('',(1.,7.7133638421868E-17,0.));
#4283=DIRECTION('',(0.,0.,-1.));
#4284=DIRECTION('center_axis',(-1.,-7.7133638421868E-17,0.));
#4285=DIRECTION('ref_axis',(-7.7133638421868E-17,1.,0.));
#4286=DIRECTION('',(0.,0.,-1.));
#4287=DIRECTION('',(-7.7133638421868E-17,1.,0.));
#4288=DIRECTION('center_axis',(0.,0.,-1.));
#4289=DIRECTION('ref_axis',(0.0386103582512925,-0.999254342115013,0.));
#4290=DIRECTION('',(0.,0.,1.));
#4291=DIRECTION('center_axis',(0.,0.,1.));
#4292=DIRECTION('ref_axis',(0.0386103582512925,-0.999254342115013,0.));
#4293=DIRECTION('center_axis',(7.7133638421868E-17,-1.,0.));
#4294=DIRECTION('ref_axis',(-1.,-7.7133638421868E-17,0.));
#4295=DIRECTION('',(0.,0.,-1.));
#4296=DIRECTION('',(-1.,-7.7133638421868E-17,0.));
#4297=DIRECTION('',(0.,0.,1.));
#4298=DIRECTION('center_axis',(-1.,-7.7133638421868E-17,0.));
#4299=DIRECTION('ref_axis',(-7.7133638421868E-17,1.,0.));
#4300=DIRECTION('',(0.,0.,1.));
#4301=DIRECTION('',(7.7133638421868E-17,-1.,0.));
#4302=DIRECTION('',(0.,0.,1.));
#4303=DIRECTION('center_axis',(-7.7133638421868E-17,1.,0.));
#4304=DIRECTION('ref_axis',(1.,7.7133638421868E-17,0.));
#4305=DIRECTION('',(0.,0.,-1.));
#4306=DIRECTION('',(1.,7.7133638421868E-17,0.));
#4307=DIRECTION('center_axis',(1.,6.89670479594368E-16,0.));
#4308=DIRECTION('ref_axis',(6.89670479594368E-16,-1.,0.));
#4309=DIRECTION('',(0.,0.,1.));
#4310=DIRECTION('',(-6.89670479594368E-16,1.,0.));
#4311=DIRECTION('',(0.,0.,-1.));
#4312=DIRECTION('center_axis',(1.,6.89670479594368E-16,0.));
#4313=DIRECTION('ref_axis',(6.89670479594368E-16,-1.,0.));
#4314=DIRECTION('',(-6.89670479594368E-16,1.,0.));
#4315=DIRECTION('center_axis',(0.,0.,-1.));
#4316=DIRECTION('ref_axis',(0.999940341396253,-0.0109230787026511,0.));
#4317=DIRECTION('',(0.,0.,1.));
#4318=DIRECTION('center_axis',(0.,0.,1.));
#4319=DIRECTION('ref_axis',(0.999940341396253,-0.0109230787026511,0.));
#4320=DIRECTION('center_axis',(-7.7133638421868E-17,1.,0.));
#4321=DIRECTION('ref_axis',(1.,7.7133638421868E-17,0.));
#4322=DIRECTION('',(0.,0.,1.));
#4323=DIRECTION('',(-1.,-7.7133638421868E-17,0.));
#4324=DIRECTION('center_axis',(1.,-1.03308938620329E-15,0.));
#4325=DIRECTION('ref_axis',(-1.03308938620329E-15,-1.,0.));
#4326=DIRECTION('',(0.,0.,-1.));
#4327=DIRECTION('',(-1.03308938620329E-15,-1.,0.));
#4328=DIRECTION('center_axis',(1.,7.7133638421868E-17,0.));
#4329=DIRECTION('ref_axis',(7.7133638421868E-17,-1.,0.));
#4330=DIRECTION('',(7.7133638421868E-17,-1.,0.));
#4331=DIRECTION('',(0.,0.,1.));
#4332=DIRECTION('center_axis',(7.7133638421868E-17,-1.,0.));
#4333=DIRECTION('ref_axis',(-1.,-7.7133638421868E-17,0.));
#4334=DIRECTION('',(0.,0.,-1.));
#4335=DIRECTION('',(-1.,-7.7133638421868E-17,0.));
#4336=DIRECTION('',(0.,0.,1.));
#4337=DIRECTION('center_axis',(-7.7133638421868E-17,1.,0.));
#4338=DIRECTION('ref_axis',(1.,7.7133638421868E-17,0.));
#4339=DIRECTION('',(1.,7.7133638421868E-17,0.));
#4340=DIRECTION('',(0.,0.,1.));
#4341=DIRECTION('center_axis',(-1.,2.14331241082844E-15,0.));
#4342=DIRECTION('ref_axis',(2.14331241082844E-15,1.,0.));
#4343=DIRECTION('',(0.,0.,-1.));
#4344=DIRECTION('',(2.14331241082844E-15,1.,0.));
#4345=DIRECTION('',(0.,0.,1.));
#4346=DIRECTION('center_axis',(-7.7133638421868E-17,1.,0.));
#4347=DIRECTION('ref_axis',(-1.,-7.7133638421868E-17,0.));
#4348=DIRECTION('',(-1.,-7.7133638421868E-17,0.));
#4349=DIRECTION('',(0.,0.,-1.));
#4350=DIRECTION('',(0.,0.,1.));
#4351=DIRECTION('',(-1.,-7.7133638421868E-17,0.));
#4352=DIRECTION('center_axis',(-1.,-7.7133638421868E-17,0.));
#4353=DIRECTION('ref_axis',(-7.7133638421868E-17,1.,0.));
#4354=DIRECTION('',(0.,0.,1.));
#4355=DIRECTION('',(7.7133638421868E-17,-1.,0.));
#4356=DIRECTION('center_axis',(1.,7.7133638421868E-17,0.));
#4357=DIRECTION('ref_axis',(-7.7133638421868E-17,1.,0.));
#4358=DIRECTION('',(-7.7133638421868E-17,1.,0.));
#4359=DIRECTION('',(0.,0.,-1.));
#4360=DIRECTION('',(0.,0.,-1.));
#4361=DIRECTION('',(-7.7133638421868E-17,1.,0.));
#4362=DIRECTION('center_axis',(-1.,-7.7133638421868E-17,0.));
#4363=DIRECTION('ref_axis',(7.7133638421868E-17,-1.,0.));
#4364=DIRECTION('',(7.7133638421868E-17,-1.,0.));
#4365=DIRECTION('',(0.,0.,1.));
#4366=DIRECTION('',(0.,0.,-1.));
#4367=DIRECTION('',(7.7133638421868E-17,-1.,0.));
#4368=DIRECTION('center_axis',(0.,0.,1.));
#4369=DIRECTION('ref_axis',(1.,0.,0.));
#4370=DIRECTION('',(1.,7.7133638421868E-17,0.));
#4371=DIRECTION('center_axis',(0.,0.,-1.));
#4372=DIRECTION('ref_axis',(-0.999916674169538,0.0129090943806878,0.));
#4373=DIRECTION('center_axis',(0.,0.,1.));
#4374=DIRECTION('ref_axis',(1.,0.,0.));
#4375=DIRECTION('center_axis',(0.,0.,-1.));
#4376=DIRECTION('ref_axis',(-8.50956100137903E-5,-0.999999996379369,0.));
#4377=DIRECTION('',(1.,7.7133638421868E-17,0.));
#4378=DIRECTION('',(-1.,-7.7133638421868E-17,0.));
#4379=DIRECTION('center_axis',(0.,0.,1.));
#4380=DIRECTION('ref_axis',(6.09256930255919E-5,0.99999999814403,0.));
#4381=DIRECTION('center_axis',(0.,0.,1.));
#4382=DIRECTION('ref_axis',(1.,0.,0.));
#4383=DIRECTION('center_axis',(0.,0.,-1.));
#4384=DIRECTION('ref_axis',(-0.0480422576487877,0.998845304078668,0.));
#4385=DIRECTION('center_axis',(0.,0.,1.));
#4386=DIRECTION('ref_axis',(1.,0.,0.));
#4387=DIRECTION('center_axis',(0.,0.,-1.));
#4388=DIRECTION('ref_axis',(0.99884573786936,0.0480332378693605,0.));
#4389=DIRECTION('center_axis',(0.,0.,1.));
#4390=DIRECTION('ref_axis',(-0.999254565909479,-0.0386045659094805,0.));
#4391=DIRECTION('center_axis',(7.7133638421868E-17,-1.,0.));
#4392=DIRECTION('ref_axis',(1.,7.7133638421868E-17,0.));
#4393=DIRECTION('',(0.,0.,-1.));
#4394=DIRECTION('',(0.,0.,1.));
#4395=DIRECTION('center_axis',(0.,0.,1.));
#4396=DIRECTION('ref_axis',(-0.0480422576487877,0.998845304078668,0.));
#4397=DIRECTION('center_axis',(0.,0.,1.));
#4398=DIRECTION('ref_axis',(-0.999916674169538,0.0129090943806878,0.));
#4399=DIRECTION('center_axis',(0.,0.,1.));
#4400=DIRECTION('ref_axis',(-8.50956100137903E-5,-0.999999996379369,0.));
#4401=DIRECTION('center_axis',(0.,0.,1.));
#4402=DIRECTION('ref_axis',(0.99884573786936,0.0480332378693605,0.));
#4403=DIRECTION('center_axis',(0.,0.,-1.));
#4404=DIRECTION('ref_axis',(-0.999254565909479,-0.0386045659094805,0.));
#4405=DIRECTION('center_axis',(-7.7133638421868E-17,1.,0.));
#4406=DIRECTION('ref_axis',(1.,7.7133638421868E-17,0.));
#4407=DIRECTION('',(0.,0.,-1.));
#4408=DIRECTION('center_axis',(0.,0.,-1.));
#4409=DIRECTION('ref_axis',(6.09256930255919E-5,0.99999999814403,0.));
#4410=DIRECTION('center_axis',(0.,0.,1.));
#4411=DIRECTION('ref_axis',(1.,0.,0.));
#4412=DIRECTION('',(0.,-1.,0.));
#4413=DIRECTION('center_axis',(0.,0.,-1.));
#4414=DIRECTION('ref_axis',(0.0351594062077159,-0.99938171694059,0.));
#4415=DIRECTION('',(-1.,0.,0.));
#4416=DIRECTION('center_axis',(0.,0.,-1.));
#4417=DIRECTION('ref_axis',(-0.999381885565374,-0.0351546128381034,0.));
#4418=DIRECTION('',(0.,1.,0.));
#4419=DIRECTION('center_axis',(0.,0.,-1.));
#4420=DIRECTION('ref_axis',(5.2532643982639E-5,0.999999998620161,0.));
#4421=DIRECTION('',(1.,0.,0.));
#4422=DIRECTION('center_axis',(0.,0.,-1.));
#4423=DIRECTION('ref_axis',(0.999948559888028,-0.0101428584658998,0.));
#4424=DIRECTION('center_axis',(0.89766761056177,0.,-0.440673190639415));
#4425=DIRECTION('ref_axis',(-0.440673190639415,0.,-0.89766761056177));
#4426=DIRECTION('',(0.,-1.,0.));
#4427=DIRECTION('',(-0.44006739215433,0.0524169160432713,-0.896433576610671));
#4428=DIRECTION('',(-0.434593850455568,-0.165531968817965,-0.885283769446527));
#4429=DIRECTION('center_axis',(0.,0.,-1.));
#4430=DIRECTION('ref_axis',(-0.0061530088116747,-0.99998107006211,0.));
#4431=DIRECTION('',(-0.240097374468817,0.122561191663511,-0.962980791641869));
#4432=DIRECTION('center_axis',(5.1827713975324E-17,-0.991997911723619,-0.126254279673915));
#4433=DIRECTION('ref_axis',(0.,0.126254279673915,-0.991997911723619));
#4434=DIRECTION('',(-1.,-5.2245789394125E-17,0.));
#4435=DIRECTION('',(0.240097374468817,0.122561191663511,-0.962980791641869));
#4436=DIRECTION('center_axis',(0.,0.,-1.));
#4437=DIRECTION('ref_axis',(-0.952180324521658,-0.305536625617666,0.));
#4438=DIRECTION('',(0.440068519524123,0.0523681538233707,-0.896435873104696));
#4439=DIRECTION('center_axis',(-0.89766761056177,-2.8474607134455E-16,-0.440673190639415));
#4440=DIRECTION('ref_axis',(-0.440673190639415,0.,0.89766761056177));
#4441=DIRECTION('',(-3.1720657846433E-16,1.,0.));
#4442=DIRECTION('',(0.43459037617684,-0.165578933323376,-0.885276692212082));
#4443=DIRECTION('center_axis',(0.,0.,-1.));
#4444=DIRECTION('ref_axis',(-0.00298382100208709,0.999995548396205,0.));
#4445=DIRECTION('',(0.1428116106989,-0.124960159361538,-0.98182982355494));
#4446=DIRECTION('center_axis',(2.20267784395127E-16,0.991997911723619,-0.126254279673915));
#4447=DIRECTION('ref_axis',(0.,0.126254279673915,0.991997911723619));
#4448=DIRECTION('',(1.,-2.22044604925031E-16,0.));
#4449=DIRECTION('',(-0.142811610698901,-0.124960159361538,-0.98182982355494));
#4450=DIRECTION('center_axis',(0.,0.,-1.));
#4451=DIRECTION('ref_axis',(0.82754522451086,0.561399057168134,0.));
#4452=DIRECTION('center_axis',(0.,0.,-1.));
#4453=DIRECTION('ref_axis',(-1.,0.,0.));
#4454=DIRECTION('',(-1.,0.,0.));
#4455=DIRECTION('',(0.,1.,0.));
#4456=DIRECTION('',(-1.,0.,0.));
#4457=DIRECTION('',(0.,-1.,0.));
#4458=DIRECTION('center_axis',(0.,1.,0.));
#4459=DIRECTION('ref_axis',(-0.999483244207077,0.,0.03214412153561));
#4460=DIRECTION('center_axis',(0.,1.,0.));
#4461=DIRECTION('ref_axis',(-0.999483244207077,0.,0.03214412153561));
#4462=DIRECTION('',(0.,1.,0.));
#4463=DIRECTION('center_axis',(0.,-1.,6.72862439166762E-18));
#4464=DIRECTION('ref_axis',(-0.999483244207077,0.,0.03214412153561));
#4465=DIRECTION('center_axis',(1.,0.,0.));
#4466=DIRECTION('ref_axis',(0.,0.,-1.));
#4467=DIRECTION('',(0.,0.,1.));
#4468=DIRECTION('',(0.,-1.,0.));
#4469=DIRECTION('',(0.,-6.72862439166762E-18,-1.));
#4470=DIRECTION('',(0.,1.,0.));
#4471=DIRECTION('center_axis',(0.,0.,1.));
#4472=DIRECTION('ref_axis',(1.,0.,0.));
#4473=DIRECTION('',(-1.,0.,0.));
#4474=DIRECTION('',(1.,0.,0.));
#4475=DIRECTION('center_axis',(0.,1.,0.));
#4476=DIRECTION('ref_axis',(-0.0166449973738441,0.,0.999861462434884));
#4477=DIRECTION('',(0.,1.,0.));
#4478=DIRECTION('center_axis',(0.,0.,1.));
#4479=DIRECTION('ref_axis',(1.,0.,0.));
#4480=DIRECTION('',(0.,1.,0.));
#4481=DIRECTION('center_axis',(0.,-1.,0.));
#4482=DIRECTION('ref_axis',(0.,0.,-1.));
#4483=DIRECTION('',(-1.,0.,0.));
#4484=DIRECTION('',(0.,0.,-1.));
#4485=DIRECTION('',(-1.,0.,0.));
#4486=DIRECTION('',(1.,0.,0.));
#4487=DIRECTION('center_axis',(0.,-1.,0.));
#4488=DIRECTION('ref_axis',(1.,0.,0.));
#4489=DIRECTION('center_axis',(0.,0.,-1.));
#4490=DIRECTION('ref_axis',(0.,1.,0.));
#4491=DIRECTION('',(0.,-1.,0.));
#4492=DIRECTION('',(-1.,0.,0.));
#4493=DIRECTION('center_axis',(0.,-1.,0.));
#4494=DIRECTION('ref_axis',(1.,0.,0.));
#4495=DIRECTION('',(0.,-1.,0.));
#4496=DIRECTION('center_axis',(-1.21333721503493E-16,1.,0.));
#4497=DIRECTION('ref_axis',(1.,0.,0.));
#4498=DIRECTION('center_axis',(0.,-1.,0.));
#4499=DIRECTION('ref_axis',(1.,0.,0.));
#4500=DIRECTION('',(0.,-1.,0.));
#4501=DIRECTION('center_axis',(-1.21333721503493E-16,1.,0.));
#4502=DIRECTION('ref_axis',(1.,0.,0.));
#4503=DIRECTION('center_axis',(0.,1.,0.));
#4504=DIRECTION('ref_axis',(0.,0.,1.));
#4505=DIRECTION('',(0.,0.,1.));
#4506=DIRECTION('',(0.,0.,-1.));
#4507=DIRECTION('',(-1.,0.,0.));
#4508=DIRECTION('',(-1.,0.,0.));
#4509=DIRECTION('',(-1.,0.,0.));
#4510=DIRECTION('center_axis',(0.,1.,0.));
#4511=DIRECTION('ref_axis',(0.,0.,1.));
#4512=DIRECTION('',(0.,0.,-1.));
#4513=DIRECTION('',(1.,0.,0.));
#4514=DIRECTION('',(1.,0.,0.));
#4515=DIRECTION('',(1.,0.,0.));
#4516=DIRECTION('',(0.,0.,-1.));
#4517=DIRECTION('center_axis',(0.,0.,1.));
#4518=DIRECTION('ref_axis',(1.,0.,0.));
#4519=DIRECTION('',(1.,0.,0.));
#4520=DIRECTION('',(0.,1.,0.));
#4521=DIRECTION('',(-1.,0.,0.));
#4522=DIRECTION('',(0.,-1.,0.));
#4523=DIRECTION('center_axis',(0.,1.,0.));
#4524=DIRECTION('ref_axis',(0.,0.,1.));
#4525=DIRECTION('',(0.,0.,-1.));
#4526=DIRECTION('',(0.,0.,1.));
#4527=DIRECTION('',(-1.,0.,0.));
#4528=DIRECTION('',(-1.,0.,0.));
#4529=DIRECTION('center_axis',(1.,0.,0.));
#4530=DIRECTION('ref_axis',(0.,-1.,0.));
#4531=DIRECTION('',(0.,1.,0.));
#4532=DIRECTION('',(0.,6.72862439166762E-18,1.));
#4533=DIRECTION('',(0.,1.,0.));
#4534=DIRECTION('',(0.,0.,-1.));
#4535=DIRECTION('',(0.,0.,-1.));
#4536=DIRECTION('center_axis',(0.,1.,0.));
#4537=DIRECTION('ref_axis',(0.,0.,1.));
#4538=DIRECTION('',(1.,0.,0.));
#4539=DIRECTION('',(0.,0.,-1.));
#4540=DIRECTION('center_axis',(1.21333721503493E-16,-1.,0.));
#4541=DIRECTION('ref_axis',(1.,1.21333721503493E-16,0.));
#4542=DIRECTION('',(0.,0.,1.));
#4543=DIRECTION('',(-1.,-1.21333721503493E-16,0.));
#4544=DIRECTION('',(0.,0.,-1.));
#4545=DIRECTION('center_axis',(0.,-1.,0.));
#4546=DIRECTION('ref_axis',(1.,0.,5.9211894646675E-17));
#4547=DIRECTION('center_axis',(0.,-1.,6.72862439166762E-18));
#4548=DIRECTION('ref_axis',(1.,0.,5.9211894646675E-17));
#4549=DIRECTION('',(0.,-1.,0.));
#4550=DIRECTION('center_axis',(0.,-1.,0.));
#4551=DIRECTION('ref_axis',(1.,0.,5.9211894646675E-17));
#4552=DIRECTION('center_axis',(0.,-1.,6.72862439166762E-18));
#4553=DIRECTION('ref_axis',(1.,0.,5.9211894646675E-17));
#4554=DIRECTION('',(0.,-1.,0.));
#4555=DIRECTION('center_axis',(0.,1.,-6.72862439166762E-18));
#4556=DIRECTION('ref_axis',(1.,0.,5.9211894646675E-17));
#4557=DIRECTION('center_axis',(0.,0.,-1.));
#4558=DIRECTION('ref_axis',(-1.,0.,0.));
#4559=DIRECTION('',(-1.,0.,0.));
#4560=DIRECTION('',(0.,-1.,0.));
#4561=DIRECTION('',(-1.,0.,0.));
#4562=DIRECTION('',(0.,1.,0.));
#4563=DIRECTION('center_axis',(0.,1.,0.));
#4564=DIRECTION('ref_axis',(0.,0.,1.));
#4565=DIRECTION('',(0.,0.,-1.));
#4566=DIRECTION('',(0.,0.,-1.));
#4567=DIRECTION('',(-1.,-1.48029736616688E-17,0.));
#4568=DIRECTION('',(-1.,0.,0.));
#4569=DIRECTION('',(-1.,-1.48029736616688E-17,0.));
#4570=DIRECTION('center_axis',(0.,1.,-6.72862439166762E-18));
#4571=DIRECTION('ref_axis',(0.,6.72862439166762E-18,1.));
#4572=DIRECTION('',(0.,-6.72862439166762E-18,-1.));
#4573=DIRECTION('',(-1.,0.,0.));
#4574=DIRECTION('',(1.,0.,0.));
#4575=DIRECTION('',(-1.,0.,0.));
#4576=DIRECTION('',(0.,6.72862439166762E-18,1.));
#4577=DIRECTION('center_axis',(1.,0.,0.));
#4578=DIRECTION('ref_axis',(0.,-1.,0.));
#4579=DIRECTION('',(0.,0.,-1.));
#4580=DIRECTION('',(0.,0.,-1.));
#4581=DIRECTION('',(0.,-1.,0.));
#4582=DIRECTION('center_axis',(0.,0.,-1.));
#4583=DIRECTION('ref_axis',(-1.,0.,0.));
#4584=DIRECTION('',(-1.,0.,0.));
#4585=DIRECTION('',(0.,1.,0.));
#4586=DIRECTION('',(-1.,0.,0.));
#4587=DIRECTION('',(-1.,0.,0.));
#4588=DIRECTION('center_axis',(-1.,0.,0.));
#4589=DIRECTION('ref_axis',(0.,1.,0.));
#4590=DIRECTION('',(0.,0.,-1.));
#4591=DIRECTION('',(0.,0.,-1.));
#4592=DIRECTION('center_axis',(1.,0.,0.));
#4593=DIRECTION('ref_axis',(0.,-6.72862439166762E-18,-1.));
#4594=DIRECTION('',(0.,6.72862439166762E-18,1.));
#4595=DIRECTION('',(0.,1.,0.));
#4596=DIRECTION('',(0.,0.,-1.));
#4597=DIRECTION('',(0.,1.,0.));
#4598=DIRECTION('center_axis',(-1.,0.,0.));
#4599=DIRECTION('ref_axis',(0.,6.72862439166762E-18,1.));
#4600=DIRECTION('',(0.,-6.72862439166762E-18,-1.));
#4601=DIRECTION('',(0.,-1.,0.));
#4602=DIRECTION('',(0.,0.,1.));
#4603=DIRECTION('',(0.,1.,0.));
#4604=DIRECTION('center_axis',(0.,1.,0.));
#4605=DIRECTION('ref_axis',(0.,0.,1.));
#4606=DIRECTION('',(-1.,-1.48029736616688E-17,0.));
#4607=DIRECTION('',(-1.,0.,0.));
#4608=DIRECTION('',(0.,0.,-1.));
#4609=DIRECTION('',(-1.,0.,0.));
#4610=DIRECTION('center_axis',(0.,-1.,0.));
#4611=DIRECTION('ref_axis',(0.0166449973738438,0.,-0.999861462434884));
#4612=DIRECTION('',(-1.,0.,0.));
#4613=DIRECTION('center_axis',(0.,1.,0.));
#4614=DIRECTION('ref_axis',(0.,0.,1.));
#4615=DIRECTION('',(-1.,0.,0.));
#4616=DIRECTION('center_axis',(0.,-1.,0.));
#4617=DIRECTION('ref_axis',(0.999484034884221,0.,-0.0321195269510134));
#4618=DIRECTION('',(-1.,0.,0.));
#4619=DIRECTION('',(0.,0.,-1.));
#4620=DIRECTION('',(1.,0.,0.));
#4621=DIRECTION('',(-1.,-1.48029736616688E-17,0.));
#4622=DIRECTION('center_axis',(0.,1.,-6.72862439166762E-18));
#4623=DIRECTION('ref_axis',(0.,-6.72862439166762E-18,-1.));
#4624=DIRECTION('',(-1.,0.,0.));
#4625=DIRECTION('center_axis',(0.,1.,-6.72862439166762E-18));
#4626=DIRECTION('ref_axis',(0.0166449973738438,0.,-0.999861462434884));
#4627=DIRECTION('',(1.,0.,0.));
#4628=DIRECTION('',(0.,6.72862439166762E-18,1.));
#4629=DIRECTION('',(-1.,0.,0.));
#4630=DIRECTION('center_axis',(0.,0.,-1.));
#4631=DIRECTION('ref_axis',(-1.,0.,0.));
#4632=DIRECTION('',(0.,1.,0.));
#4633=DIRECTION('',(-1.,0.,0.));
#4634=DIRECTION('center_axis',(0.,0.,-1.));
#4635=DIRECTION('ref_axis',(-1.,0.,0.));
#4636=DIRECTION('',(-1.,0.,0.));
#4637=DIRECTION('',(0.,1.,0.));
#4638=DIRECTION('center_axis',(0.,0.,1.));
#4639=DIRECTION('ref_axis',(1.,0.,0.));
#4640=DIRECTION('',(1.,0.,0.));
#4641=DIRECTION('',(0.,-1.,0.));
#4642=DIRECTION('center_axis',(0.,1.,-6.72862439166762E-18));
#4643=DIRECTION('ref_axis',(0.,6.72862439166762E-18,1.));
#4644=DIRECTION('',(-1.,0.,0.));
#4645=DIRECTION('',(-1.,0.,0.));
#4646=DIRECTION('',(-1.,0.,0.));
#4647=DIRECTION('',(0.,-6.72862439166762E-18,-1.));
#4648=DIRECTION('center_axis',(-1.,0.,0.));
#4649=DIRECTION('ref_axis',(0.,1.,0.));
#4650=DIRECTION('',(0.,0.,-1.));
#4651=DIRECTION('',(0.,-1.,0.));
#4652=DIRECTION('center_axis',(0.,1.,0.));
#4653=DIRECTION('ref_axis',(0.999484034884221,0.,-0.0321195269510134));
#4654=DIRECTION('center_axis',(0.,1.,-6.72862439166762E-18));
#4655=DIRECTION('ref_axis',(0.999484034884221,0.,-0.0321195269510134));
#4656=DIRECTION('',(0.,1.,0.));
#4657=DIRECTION('center_axis',(0.,0.,-1.));
#4658=DIRECTION('ref_axis',(-1.,0.,0.));
#4659=DIRECTION('',(1.,0.,0.));
#4660=DIRECTION('',(0.,1.,0.));
#4661=DIRECTION('center_axis',(0.,1.,0.));
#4662=DIRECTION('ref_axis',(0.0166449973738438,0.,-0.999861462434884));
#4663=DIRECTION('',(0.,1.,0.));
#4664=DIRECTION('center_axis',(0.,0.,-1.));
#4665=DIRECTION('ref_axis',(-1.,0.,0.));
#4666=DIRECTION('',(0.,1.,0.));
#4667=DIRECTION('center_axis',(0.,0.,-1.));
#4668=DIRECTION('ref_axis',(-1.,0.,0.));
#4669=DIRECTION('center_axis',(0.,0.,1.));
#4670=DIRECTION('ref_axis',(0.946234027958796,0.32348286559395,0.));
#4671=DIRECTION('center_axis',(0.,0.,1.));
#4672=DIRECTION('ref_axis',(0.00964832498238088,0.999953453829244,0.));
#4673=DIRECTION('center_axis',(0.,1.,0.));
#4674=DIRECTION('ref_axis',(-1.,0.,0.));
#4675=DIRECTION('',(0.,0.,1.));
#4676=DIRECTION('',(1.,0.,0.));
#4677=DIRECTION('',(0.,0.,-1.));
#4678=DIRECTION('center_axis',(0.,0.,-1.));
#4679=DIRECTION('ref_axis',(-1.,0.,0.));
#4680=DIRECTION('center_axis',(0.,0.,1.));
#4681=DIRECTION('ref_axis',(-0.00485450736797898,-0.999988216809685,0.));
#4682=DIRECTION('center_axis',(0.,0.,1.));
#4683=DIRECTION('ref_axis',(-0.813327310813838,-0.581806398627868,0.));
#4684=DIRECTION('center_axis',(0.,0.,-1.));
#4685=DIRECTION('ref_axis',(-0.00485450736797898,-0.999988216809685,0.));
#4686=DIRECTION('',(0.,0.,-1.));
#4687=DIRECTION('center_axis',(0.,0.,1.));
#4688=DIRECTION('ref_axis',(0.,-1.,0.));
#4689=DIRECTION('',(-1.,0.,0.));
#4690=DIRECTION('',(0.,1.,0.));
#4691=DIRECTION('center_axis',(0.,-1.,0.));
#4692=DIRECTION('ref_axis',(0.,0.,-1.));
#4693=DIRECTION('center_axis',(0.,0.,-1.));
#4694=DIRECTION('ref_axis',(0.,1.,0.));
#4695=DIRECTION('',(0.,1.,0.));
#4696=DIRECTION('',(1.,0.,0.));
#4697=DIRECTION('center_axis',(0.,-1.,6.72862439166762E-18));
#4698=DIRECTION('ref_axis',(0.,6.72862439166762E-18,1.));
#4699=DIRECTION('',(0.,-6.72862439166762E-18,-1.));
#4700=DIRECTION('',(-1.,0.,0.));
#4701=DIRECTION('center_axis',(-1.,0.,0.));
#4702=DIRECTION('ref_axis',(0.,1.,0.));
#4703=DIRECTION('',(0.,0.,-1.));
#4704=DIRECTION('',(0.,0.,-1.));
#4705=DIRECTION('',(0.,0.,-1.));
#4706=DIRECTION('',(0.,0.,-1.));
#4707=DIRECTION('',(0.,0.,-1.));
#4708=DIRECTION('center_axis',(0.,1.,-6.72862439166762E-18));
#4709=DIRECTION('ref_axis',(0.,-6.72862439166762E-18,-1.));
#4710=DIRECTION('',(-1.,0.,0.));
#4711=DIRECTION('center_axis',(0.,0.,-1.));
#4712=DIRECTION('ref_axis',(0.,-1.,0.));
#4713=DIRECTION('',(0.,-1.,0.));
#4714=DIRECTION('center_axis',(1.,0.,0.));
#4715=DIRECTION('ref_axis',(0.,-1.,0.));
#4716=DIRECTION('',(0.,0.,-1.));
#4717=DIRECTION('',(0.,0.,-1.));
#4718=DIRECTION('',(0.,0.,-1.));
#4719=DIRECTION('',(0.,0.,-1.));
#4720=DIRECTION('center_axis',(0.,0.,1.));
#4721=DIRECTION('ref_axis',(0.,1.,0.));
#4722=DIRECTION('center_axis',(0.,0.,-1.));
#4723=DIRECTION('ref_axis',(-0.813327310813838,-0.581806398627868,0.));
#4724=DIRECTION('',(0.,0.,-1.));
#4725=DIRECTION('center_axis',(0.,0.,-1.));
#4726=DIRECTION('ref_axis',(0.00964832498238088,0.999953453829244,0.));
#4727=DIRECTION('',(0.,0.,-1.));
#4728=DIRECTION('center_axis',(0.,1.,0.));
#4729=DIRECTION('ref_axis',(1.,0.,0.));
#4730=DIRECTION('',(0.,0.,-1.));
#4731=DIRECTION('center_axis',(0.,0.,-1.));
#4732=DIRECTION('ref_axis',(0.946234027958796,0.32348286559395,0.));
#4733=DIRECTION('center_axis',(0.,-1.,0.));
#4734=DIRECTION('ref_axis',(-1.,0.,0.));
#4735=DIRECTION('center_axis',(0.,0.,-1.));
#4736=DIRECTION('ref_axis',(-0.952180324521658,-0.305536625617666,0.));
#4737=DIRECTION('',(0.,0.,-1.));
#4738=DIRECTION('center_axis',(0.,-1.,0.));
#4739=DIRECTION('ref_axis',(-1.,0.,0.));
#4740=DIRECTION('',(0.,0.,-1.));
#4741=DIRECTION('center_axis',(0.,0.,-1.));
#4742=DIRECTION('ref_axis',(-0.00615300881167469,-0.99998107006211,0.));
#4743=DIRECTION('center_axis',(0.,0.,-1.));
#4744=DIRECTION('ref_axis',(0.827545224510859,0.561399057168136,0.));
#4745=DIRECTION('',(0.,0.,-1.));
#4746=DIRECTION('center_axis',(0.,1.,0.));
#4747=DIRECTION('ref_axis',(1.,0.,0.));
#4748=DIRECTION('',(0.,0.,-1.));
#4749=DIRECTION('center_axis',(0.,0.,-1.));
#4750=DIRECTION('ref_axis',(-0.00298382100208716,0.999995548396205,0.));
#4751=DIRECTION('center_axis',(0.,0.,1.));
#4752=DIRECTION('ref_axis',(1.,0.,0.));
#4753=DIRECTION('center_axis',(0.,0.,1.));
#4754=DIRECTION('ref_axis',(1.,0.,0.));
#4755=DIRECTION('center_axis',(0.,0.,1.));
#4756=DIRECTION('ref_axis',(1.,0.,0.));
#4757=DIRECTION('center_axis',(0.,0.,1.));
#4758=DIRECTION('ref_axis',(1.,0.,0.));
#4759=DIRECTION('center_axis',(0.,0.,1.));
#4760=DIRECTION('ref_axis',(1.,0.,0.));
#4761=DIRECTION('center_axis',(0.,0.,-1.));
#4762=DIRECTION('ref_axis',(-1.,-7.7133638421868E-17,0.));
#4763=DIRECTION('center_axis',(0.,0.,-1.));
#4764=DIRECTION('ref_axis',(-1.,-7.71336384218679E-17,0.));
#4765=DIRECTION('center_axis',(0.,0.,-1.));
#4766=DIRECTION('ref_axis',(-1.,-7.7133638421868E-17,0.));
#4767=DIRECTION('center_axis',(0.,0.,-1.));
#4768=DIRECTION('ref_axis',(-1.,-7.7133638421868E-17,0.));
#4769=DIRECTION('center_axis',(0.,0.,-1.));
#4770=DIRECTION('ref_axis',(-1.,-7.7133638421868E-17,0.));
#4771=DIRECTION('center_axis',(0.,0.,-1.));
#4772=DIRECTION('ref_axis',(-1.,-7.7133638421868E-17,0.));
#4773=CARTESIAN_POINT('',(0.,0.,0.));
#4774=CARTESIAN_POINT('Origin',(75.,14.,-350.));
#4775=CARTESIAN_POINT('',(75.,-14.,-350.));
#4776=CARTESIAN_POINT('',(75.,14.,-350.));
#4777=CARTESIAN_POINT('',(75.,6.5318042879953,-350.));
#4778=CARTESIAN_POINT('',(44.,3.716,-404.));
#4779=CARTESIAN_POINT('',(75.,14.,-350.));
#4780=CARTESIAN_POINT('',(44.,-10.784,-404.));
#4781=CARTESIAN_POINT('',(44.,3.716,-404.));
#4782=CARTESIAN_POINT('',(75.,-14.,-350.));
#4783=CARTESIAN_POINT('Ctrl Pts',(75.,-14.,-350.));
#4784=CARTESIAN_POINT('Ctrl Pts',(64.6666666666667,-12.928,-368.));
#4785=CARTESIAN_POINT('Ctrl Pts',(54.3333333333333,-11.856,-386.));
#4786=CARTESIAN_POINT('Ctrl Pts',(44.,-10.784,-404.));
#4787=CARTESIAN_POINT('Ctrl Pts',(73.6173061846526,-17.7891511215629,-350.));
#4788=CARTESIAN_POINT('Ctrl Pts',(63.7090307552569,-16.2021845149185,-368.));
#4789=CARTESIAN_POINT('Ctrl Pts',(53.8007467453105,-14.6158167492136,-386.));
#4790=CARTESIAN_POINT('Ctrl Pts',(43.8924713159148,-13.0288501425691,-404.));
#4791=CARTESIAN_POINT('Ctrl Pts',(69.5282214542331,-24.8836732011817,-350.));
#4792=CARTESIAN_POINT('Ctrl Pts',(60.5910320461157,-22.4129179549652,-368.));
#4793=CARTESIAN_POINT('Ctrl Pts',(51.653657152602,-19.9423783546894,-386.));
#4794=CARTESIAN_POINT('Ctrl Pts',(42.7164677444846,-17.4716231084729,-404.));
#4795=CARTESIAN_POINT('Ctrl Pts',(60.9340795624423,-32.1563403280128,-350.));
#4796=CARTESIAN_POINT('Ctrl Pts',(53.5374126383442,-28.8990142847498,-368.));
#4797=CARTESIAN_POINT('Ctrl Pts',(46.1406629841779,-25.6419352713944,-386.));
#4798=CARTESIAN_POINT('Ctrl Pts',(38.7439960600799,-22.3846092281314,-404.));
#4799=CARTESIAN_POINT('Ctrl Pts',(51.5654638813354,-36.1120797137069,-350.));
#4800=CARTESIAN_POINT('Ctrl Pts',(45.6472657173576,-32.4813696404852,-368.));
#4801=CARTESIAN_POINT('Ctrl Pts',(39.7291339343536,-28.8506233044363,-386.));
#4802=CARTESIAN_POINT('Ctrl Pts',(33.8109357703758,-25.2199132312147,-404.));
#4803=CARTESIAN_POINT('Ctrl Pts',(45.5249832396523,-36.9672146388107,-350.));
#4804=CARTESIAN_POINT('Ctrl Pts',(40.506908633174,-33.2844446188048,-368.));
#4805=CARTESIAN_POINT('Ctrl Pts',(35.48869627877,-29.6017915283086,-386.));
#4806=CARTESIAN_POINT('Ctrl Pts',(30.4706216722917,-25.9190215083026,-404.));
#4807=CARTESIAN_POINT('Ctrl Pts',(42.5,-37.,-350.));
#4808=CARTESIAN_POINT('Ctrl Pts',(37.929,-33.3333333333333,-368.));
#4809=CARTESIAN_POINT('Ctrl Pts',(33.358,-29.6666666666667,-386.));
#4810=CARTESIAN_POINT('Ctrl Pts',(28.787,-26.,-404.));
#4811=CARTESIAN_POINT('',(42.5,-37.,-350.));
#4812=CARTESIAN_POINT('Ctrl Pts',(75.,-14.,-350.));
#4813=CARTESIAN_POINT('Ctrl Pts',(73.6173061846526,-17.7891511215629,-350.));
#4814=CARTESIAN_POINT('Ctrl Pts',(69.5282214542331,-24.8836732011817,-350.));
#4815=CARTESIAN_POINT('Ctrl Pts',(60.9340795624423,-32.1563403280128,-350.));
#4816=CARTESIAN_POINT('Ctrl Pts',(51.5654638813354,-36.1120797137069,-350.));
#4817=CARTESIAN_POINT('Ctrl Pts',(45.5249832396523,-36.9672146388107,-350.));
#4818=CARTESIAN_POINT('Ctrl Pts',(42.5,-37.,-350.));
#4819=CARTESIAN_POINT('',(28.787,-26.,-404.));
#4820=CARTESIAN_POINT('Origin',(28.0183238776194,-10.0184751347413,-404.));
#4821=CARTESIAN_POINT('',(42.5,-37.,-350.));
#4822=CARTESIAN_POINT('Origin',(42.5,-37.,-350.));
#4823=CARTESIAN_POINT('',(-42.5,-37.,-350.));
#4824=CARTESIAN_POINT('',(21.25,-37.,-350.));
#4825=CARTESIAN_POINT('',(-28.787,-26.,-404.));
#4826=CARTESIAN_POINT('',(28.787,-26.,-404.));
#4827=CARTESIAN_POINT('',(-42.5,-37.,-350.));
#4828=CARTESIAN_POINT('Ctrl Pts',(-42.5,-37.,-350.));
#4829=CARTESIAN_POINT('Ctrl Pts',(-37.929,-33.3333333333333,-368.));
#4830=CARTESIAN_POINT('Ctrl Pts',(-33.358,-29.6666666666667,-386.));
#4831=CARTESIAN_POINT('Ctrl Pts',(-28.787,-26.,-404.));
#4832=CARTESIAN_POINT('Ctrl Pts',(-46.5333109862031,-36.956286185081,-350.));
#4833=CARTESIAN_POINT('Ctrl Pts',(-41.3662411471304,-33.2684314968524,-368.));
#4834=CARTESIAN_POINT('Ctrl Pts',(-36.1992642935316,-29.5803942179264,-386.));
#4835=CARTESIAN_POINT('Ctrl Pts',(-31.0321944544589,-25.8925395296978,-404.));
#4836=CARTESIAN_POINT('Ctrl Pts',(-54.5839531135874,-35.4596169469716,-350.));
#4837=CARTESIAN_POINT('Ctrl Pts',(-48.2145825977912,-31.8785079900253,-368.));
#4838=CARTESIAN_POINT('Ctrl Pts',(-41.8450478577093,-28.2974836011057,-386.));
#4839=CARTESIAN_POINT('Ctrl Pts',(-35.4756773419131,-24.7163746441594,-404.));
#4840=CARTESIAN_POINT('Ctrl Pts',(-64.3009685163408,-29.7736189129475,-350.));
#4841=CARTESIAN_POINT('Ctrl Pts',(-56.330400053569,-26.7633937407637,-368.));
#4842=CARTESIAN_POINT('Ctrl Pts',(-48.3597781072231,-23.7532139083729,-386.));
#4843=CARTESIAN_POINT('Ctrl Pts',(-40.3892096444513,-20.7429887361892,-404.));
#4844=CARTESIAN_POINT('Ctrl Pts',(-71.1474804226521,-22.2540372369017,-350.));
#4845=CARTESIAN_POINT('Ctrl Pts',(-61.8397635392066,-20.1056407308736,-368.));
#4846=CARTESIAN_POINT('Ctrl Pts',(-52.5321074120283,-17.9572341599091,-386.));
#4847=CARTESIAN_POINT('Ctrl Pts',(-43.2243905285828,-15.808837653881,-404.));
#4848=CARTESIAN_POINT('Ctrl Pts',(-73.9629796384895,-16.8418633411722,-350.));
#4849=CARTESIAN_POINT('Ctrl Pts',(-63.9497224921776,-15.3838025074947,-368.));
#4850=CARTESIAN_POINT('Ctrl Pts',(-53.9363236441051,-13.925952730726,-386.));
#4851=CARTESIAN_POINT('Ctrl Pts',(-43.9230664977932,-12.4678918970485,-404.));
#4852=CARTESIAN_POINT('Ctrl Pts',(-75.,-14.,-350.));
#4853=CARTESIAN_POINT('Ctrl Pts',(-64.6679147356361,-12.928,-368.));
#4854=CARTESIAN_POINT('Ctrl Pts',(-54.3358294712721,-11.856,-386.));
#4855=CARTESIAN_POINT('Ctrl Pts',(-44.0037442069082,-10.784,-404.));
#4856=CARTESIAN_POINT('',(-75.,-14.,-350.));
#4857=CARTESIAN_POINT('Ctrl Pts',(-42.5,-37.,-350.));
#4858=CARTESIAN_POINT('Ctrl Pts',(-46.5333109862031,-36.956286185081,-350.));
#4859=CARTESIAN_POINT('Ctrl Pts',(-54.5839531135874,-35.4596169469716,-350.));
#4860=CARTESIAN_POINT('Ctrl Pts',(-64.3009685163408,-29.7736189129475,-350.));
#4861=CARTESIAN_POINT('Ctrl Pts',(-71.1474804226521,-22.2540372369017,-350.));
#4862=CARTESIAN_POINT('Ctrl Pts',(-73.9629796384895,-16.8418633411722,-350.));
#4863=CARTESIAN_POINT('Ctrl Pts',(-75.,-14.,-350.));
#4864=CARTESIAN_POINT('',(-44.0037442069082,-10.784,-404.));
#4865=CARTESIAN_POINT('Origin',(-28.022076710512,-10.018295073391,-404.));
#4866=CARTESIAN_POINT('',(-75.,-14.,-350.));
#4867=CARTESIAN_POINT('Origin',(-75.,-14.,-350.));
#4868=CARTESIAN_POINT('',(-75.,14.,-350.));
#4869=CARTESIAN_POINT('',(-75.,-7.46819571200469,-350.));
#4870=CARTESIAN_POINT('',(-44.0037442069082,3.71600000000001,-404.));
#4871=CARTESIAN_POINT('',(-44.0037442069082,-10.784,-404.));
#4872=CARTESIAN_POINT('',(-75.,14.,-350.));
#4873=CARTESIAN_POINT('Ctrl Pts',(-75.,14.,-350.));
#4874=CARTESIAN_POINT('Ctrl Pts',(-64.6679147356361,10.572,-368.));
#4875=CARTESIAN_POINT('Ctrl Pts',(-54.3358294712721,7.144,-386.));
#4876=CARTESIAN_POINT('Ctrl Pts',(-44.0037442069082,3.71600000000001,-404.));
#4877=CARTESIAN_POINT('Ctrl Pts',(-72.0904881099614,18.067307418562,-350.));
#4878=CARTESIAN_POINT('Ctrl Pts',(-62.7432814261403,14.3892903810031,-368.));
#4879=CARTESIAN_POINT('Ctrl Pts',(-53.3937933258119,10.7125124176992,-386.));
#4880=CARTESIAN_POINT('Ctrl Pts',(-44.0465866419908,7.03449538014025,-404.));
#4881=CARTESIAN_POINT('Ctrl Pts',(-65.1551097438498,25.4026766770814,-350.));
#4882=CARTESIAN_POINT('Ctrl Pts',(-57.6382473001129,21.4981338994813,-368.));
#4883=CARTESIAN_POINT('Ctrl Pts',(-50.1204402616014,17.5931513339922,-386.));
#4884=CARTESIAN_POINT('Ctrl Pts',(-42.6035778178645,13.6886085563921,-404.));
#4885=CARTESIAN_POINT('Ctrl Pts',(-52.1728069225198,33.1979351459269,-350.));
#4886=CARTESIAN_POINT('Ctrl Pts',(-46.8803042470711,29.3725957643056,-368.));
#4887=CARTESIAN_POINT('Ctrl Pts',(-41.5871057089846,25.548316899469,-386.));
#4888=CARTESIAN_POINT('Ctrl Pts',(-36.2946030335359,21.7229775178477,-404.));
#4889=CARTESIAN_POINT('Ctrl Pts',(-40.0041812488436,36.5378596897623,-350.));
#4890=CARTESIAN_POINT('Ctrl Pts',(-36.2157226398959,32.8392551621791,-368.));
#4891=CARTESIAN_POINT('Ctrl Pts',(-32.4271344298522,29.1397689448216,-386.));
#4892=CARTESIAN_POINT('Ctrl Pts',(-28.6386758209045,25.4411644172383,-404.));
#4893=CARTESIAN_POINT('Ctrl Pts',(-32.5003829569149,37.0121382705147,-350.));
#4894=CARTESIAN_POINT('Ctrl Pts',(-29.5533075282441,33.341063450634,-368.));
#4895=CARTESIAN_POINT('Ctrl Pts',(-26.6064613357429,29.6714955031341,-386.));
#4896=CARTESIAN_POINT('Ctrl Pts',(-23.6593859070721,26.0004206832535,-404.));
#4897=CARTESIAN_POINT('Ctrl Pts',(-30.,37.,-350.));
#4898=CARTESIAN_POINT('Ctrl Pts',(-27.3333333333333,33.3333333333333,-368.));
#4899=CARTESIAN_POINT('Ctrl Pts',(-24.6666666666667,29.6666666666667,-386.));
#4900=CARTESIAN_POINT('Ctrl Pts',(-22.,26.,-404.));
#4901=CARTESIAN_POINT('',(-30.,37.,-350.));
#4902=CARTESIAN_POINT('Origin',(-30.2669979052389,-17.9993519245325,-350.));
#4903=CARTESIAN_POINT('',(-22.,26.,-404.));
#4904=CARTESIAN_POINT('Origin',(-22.0055773833196,4.00000070698193,-404.));
#4905=CARTESIAN_POINT('',(-30.,37.,-350.));
#4906=CARTESIAN_POINT('Origin',(-30.,37.,-350.));
#4907=CARTESIAN_POINT('',(30.,37.,-350.));
#4908=CARTESIAN_POINT('',(-15.,37.,-350.));
#4909=CARTESIAN_POINT('',(21.9962557930918,26.,-404.));
#4910=CARTESIAN_POINT('',(-22.0037442069082,26.,-404.));
#4911=CARTESIAN_POINT('',(30.,37.,-350.));
#4912=CARTESIAN_POINT('Ctrl Pts',(30.,37.,-350.));
#4913=CARTESIAN_POINT('Ctrl Pts',(27.3320852643639,33.3333333333333,-368.));
#4914=CARTESIAN_POINT('Ctrl Pts',(24.6641705287279,29.6666666666667,-386.));
#4915=CARTESIAN_POINT('Ctrl Pts',(21.9962557930918,26.,-404.));
#4916=CARTESIAN_POINT('Ctrl Pts',(34.9860963145112,36.9341241391759,-350.));
#4917=CARTESIAN_POINT('Ctrl Pts',(31.762202122972,33.290458942548,-368.));
#4918=CARTESIAN_POINT('Ctrl Pts',(28.5389217624704,29.6445064313392,-386.));
#4919=CARTESIAN_POINT('Ctrl Pts',(25.3150275709312,26.0008412347113,-404.));
#4920=CARTESIAN_POINT('Ctrl Pts',(44.9404280546204,35.4858932018163,-350.));
#4921=CARTESIAN_POINT('Ctrl Pts',(40.610636217757,31.8154390353965,-368.));
#4922=CARTESIAN_POINT('Ctrl Pts',(36.2801374198595,28.1441891466734,-386.));
#4923=CARTESIAN_POINT('Ctrl Pts',(31.9503455829961,24.4737349802536,-404.));
#4924=CARTESIAN_POINT('Ctrl Pts',(58.7979838933744,29.5151401596256,-350.));
#4925=CARTESIAN_POINT('Ctrl Pts',(52.4997516769684,25.6982412055818,-368.));
#4926=CARTESIAN_POINT('Ctrl Pts',(46.2024591722057,21.8804848854246,-386.));
#4927=CARTESIAN_POINT('Ctrl Pts',(39.9042269557997,18.0635859313808,-404.));
#4928=CARTESIAN_POINT('Ctrl Pts',(68.6586001830186,21.7130825382822,-350.));
#4929=CARTESIAN_POINT('Ctrl Pts',(60.2811457880076,17.9290968545505,-368.));
#4930=CARTESIAN_POINT('Ctrl Pts',(51.9026799980262,14.1452018692502,-386.));
#4931=CARTESIAN_POINT('Ctrl Pts',(43.5252256030152,10.3612161855184,-404.));
#4932=CARTESIAN_POINT('Ctrl Pts',(73.513006437272,16.0013056153573,-350.));
#4933=CARTESIAN_POINT('Ctrl Pts',(63.6819050290655,12.459332000035,-368.));
#4934=CARTESIAN_POINT('Ctrl Pts',(53.8525225596256,8.91722128807545,-386.));
#4935=CARTESIAN_POINT('Ctrl Pts',(44.021421151419,5.37524767275314,-404.));
#4936=CARTESIAN_POINT('Ctrl Pts',(75.,14.,-350.));
#4937=CARTESIAN_POINT('Ctrl Pts',(64.6666666666667,10.572,-368.));
#4938=CARTESIAN_POINT('Ctrl Pts',(54.3333333333333,7.144,-386.));
#4939=CARTESIAN_POINT('Ctrl Pts',(44.,3.716,-404.));
#4940=CARTESIAN_POINT('Ctrl Pts',(30.,37.,-350.));
#4941=CARTESIAN_POINT('Ctrl Pts',(34.9860963145112,36.9341241391759,-350.));
#4942=CARTESIAN_POINT('Ctrl Pts',(44.9404280546204,35.4858932018163,-350.));
#4943=CARTESIAN_POINT('Ctrl Pts',(58.7979838933744,29.5151401596256,-350.));
#4944=CARTESIAN_POINT('Ctrl Pts',(68.6586001830186,21.7130825382822,-350.));
#4945=CARTESIAN_POINT('Ctrl Pts',(73.513006437272,16.0013056153573,-350.));
#4946=CARTESIAN_POINT('Ctrl Pts',(75.,14.,-350.));
#4947=CARTESIAN_POINT('Origin',(22.0018323030231,3.99999984457787,-404.));
#4948=CARTESIAN_POINT('Origin',(-4.44089209850063E-15,-0.93639142400937,
-350.));
#4949=CARTESIAN_POINT('Origin',(42.8280430494009,-3.00158256980566,-350.));
#4950=CARTESIAN_POINT('Origin',(-4.44089209850063E-15,-0.93639142400937,
-350.));
#4951=CARTESIAN_POINT('Origin',(-42.8280430494009,-3.0015825698057,-350.));
#4952=CARTESIAN_POINT('Origin',(-4.44089209850063E-15,-0.93639142400937,
-350.));
#4953=CARTESIAN_POINT('Origin',(30.2669979052389,-17.9993519245326,-350.));
#4954=CARTESIAN_POINT('Origin',(-0.00802726630977579,-0.874992879644428,
0.));
#4955=CARTESIAN_POINT('',(75.,14.,0.));
#4956=CARTESIAN_POINT('',(-75.,14.,0.));
#4957=CARTESIAN_POINT('',(-0.999999999999996,14.,0.));
#4958=CARTESIAN_POINT('',(73.4846299682803,16.,0.));
#4959=CARTESIAN_POINT('Origin',(30.,-18.5217391304348,0.));
#4960=CARTESIAN_POINT('',(-73.4994402224591,16.,0.));
#4961=CARTESIAN_POINT('',(74.2497201112295,16.,0.));
#4962=CARTESIAN_POINT('Origin',(-30.2669979052387,-17.999351924533,0.));
#4963=CARTESIAN_POINT('Origin',(-0.00802726630977579,-0.874992879644428,
0.));
#4964=CARTESIAN_POINT('',(-75.,-14.,0.));
#4965=CARTESIAN_POINT('',(75.,-14.,0.));
#4966=CARTESIAN_POINT('',(-0.999999999999996,-14.,0.));
#4967=CARTESIAN_POINT('',(-74.245254006302,-16.,0.));
#4968=CARTESIAN_POINT('Origin',(-42.8280430494009,-3.0015825698057,0.));
#4969=CARTESIAN_POINT('',(74.245254006302,-16.,0.));
#4970=CARTESIAN_POINT('',(0.377372996849017,-16.,0.));
#4971=CARTESIAN_POINT('Origin',(42.8280430494008,-3.00158256980553,0.));
#4972=CARTESIAN_POINT('Origin',(44.,-10.784,54.));
#4973=CARTESIAN_POINT('',(44.,3.716,54.));
#4974=CARTESIAN_POINT('',(44.,-10.784,54.));
#4975=CARTESIAN_POINT('',(44.,-10.784,54.));
#4976=CARTESIAN_POINT('',(44.,3.716,54.));
#4977=CARTESIAN_POINT('',(75.,14.,0.));
#4978=CARTESIAN_POINT('',(44.,-10.784,54.));
#4979=CARTESIAN_POINT('Ctrl Pts',(44.,3.716,54.));
#4980=CARTESIAN_POINT('Ctrl Pts',(54.3333333333333,7.14400000000001,36.));
#4981=CARTESIAN_POINT('Ctrl Pts',(64.6666666666667,10.572,18.));
#4982=CARTESIAN_POINT('Ctrl Pts',(75.,14.,0.));
#4983=CARTESIAN_POINT('Ctrl Pts',(44.,7.02272988863427,54.));
#4984=CARTESIAN_POINT('Ctrl Pts',(53.3569707861483,10.6988568520536,36.));
#4985=CARTESIAN_POINT('Ctrl Pts',(62.7160916754107,14.3738467695841,18.));
#4986=CARTESIAN_POINT('Ctrl Pts',(72.0730624615589,18.0499737330034,0.));
#4987=CARTESIAN_POINT('Ctrl Pts',(42.50330286471,13.6337169819717,54.));
#4988=CARTESIAN_POINT('Ctrl Pts',(50.041815117584,17.5403932392869,36.));
#4989=CARTESIAN_POINT('Ctrl Pts',(57.5807065928134,21.447636568609,18.));
#4990=CARTESIAN_POINT('Ctrl Pts',(65.1192188456874,25.3543128259242,0.));
#4991=CARTESIAN_POINT('Ctrl Pts',(36.2078488086318,21.6210020748928,54.));
#4992=CARTESIAN_POINT('Ctrl Pts',(41.5197471098079,25.4586034818048,36.));
#4993=CARTESIAN_POINT('Ctrl Pts',(46.8320749602031,29.2953170961328,18.));
#4994=CARTESIAN_POINT('Ctrl Pts',(52.1439732613792,33.1329185030449,0.));
#4995=CARTESIAN_POINT('Ctrl Pts',(28.6069868305508,25.3657442762468,54.));
#4996=CARTESIAN_POINT('Ctrl Pts',(32.4026841827643,29.075161876909,36.));
#4997=CARTESIAN_POINT('Ctrl Pts',(36.1983697111128,32.7854794944951,18.));
#4998=CARTESIAN_POINT('Ctrl Pts',(39.9940670633262,36.4948970951573,0.));
#4999=CARTESIAN_POINT('Ctrl Pts',(23.653228949031,25.9787943124896,54.));
#5000=CARTESIAN_POINT('Ctrl Pts',(26.6017176238531,29.6529978015478,36.));
#5001=CARTESIAN_POINT('Ctrl Pts',(29.5499733817215,33.3257965109418,18.));
#5002=CARTESIAN_POINT('Ctrl Pts',(32.4984620565437,37.,0.));
#5003=CARTESIAN_POINT('Ctrl Pts',(22.,26.,54.));
#5004=CARTESIAN_POINT('Ctrl Pts',(24.6666666666667,29.6666666666667,36.));
#5005=CARTESIAN_POINT('Ctrl Pts',(27.3333333333333,33.3333333333333,18.));
#5006=CARTESIAN_POINT('Ctrl Pts',(30.,37.,0.));
#5007=CARTESIAN_POINT('',(22.,26.,54.));
#5008=CARTESIAN_POINT('Origin',(21.7141669090909,3.716,54.));
#5009=CARTESIAN_POINT('',(30.,37.,0.));
#5010=CARTESIAN_POINT('',(22.,26.,54.));
#5011=CARTESIAN_POINT('Ctrl Pts',(73.4844398536438,15.9998437889061,0.));
#5012=CARTESIAN_POINT('Ctrl Pts',(70.8971001992429,19.2578827984451,0.));
#5013=CARTESIAN_POINT('Ctrl Pts',(64.3951971260271,25.7883608308205,0.));
#5014=CARTESIAN_POINT('Ctrl Pts',(52.1439732613792,33.1329185030449,0.));
#5015=CARTESIAN_POINT('Ctrl Pts',(39.9940670633262,36.4948970951573,0.));
#5016=CARTESIAN_POINT('Ctrl Pts',(32.4984620565437,37.,0.));
#5017=CARTESIAN_POINT('Ctrl Pts',(30.,37.,0.));
#5018=CARTESIAN_POINT('Origin',(22.,26.,54.));
#5019=CARTESIAN_POINT('',(-22.,26.,54.));
#5020=CARTESIAN_POINT('',(22.,26.,54.));
#5021=CARTESIAN_POINT('',(-30.,37.,0.));
#5022=CARTESIAN_POINT('',(-22.,26.,54.));
#5023=CARTESIAN_POINT('',(-30.,37.,0.));
#5024=CARTESIAN_POINT('Ctrl Pts',(-22.,26.,54.));
#5025=CARTESIAN_POINT('Ctrl Pts',(-24.6666666666667,29.6666666666666,36.));
#5026=CARTESIAN_POINT('Ctrl Pts',(-27.3333333333333,33.3333333333331,18.));
#5027=CARTESIAN_POINT('Ctrl Pts',(-30.,36.9999999999997,0.));
#5028=CARTESIAN_POINT('Ctrl Pts',(-25.3187047035706,26.0002824072022,54.));
#5029=CARTESIAN_POINT('Ctrl Pts',(-28.5462509146058,29.6742223460432,36.));
#5030=CARTESIAN_POINT('Ctrl Pts',(-31.7732197027945,33.3503366021881,18.));
#5031=CARTESIAN_POINT('Ctrl Pts',(-35.0007659138297,37.024276541029,0.));
#5032=CARTESIAN_POINT('Ctrl Pts',(-31.9535993482097,24.4728573492045,54.));
#5033=CARTESIAN_POINT('Ctrl Pts',(-36.304964881498,28.2151937970953,36.));
#5034=CARTESIAN_POINT('Ctrl Pts',(-40.6570428371477,31.9577706577224,18.));
#5035=CARTESIAN_POINT('Ctrl Pts',(-45.008408370436,35.7001071056132,0.));
#5036=CARTESIAN_POINT('Ctrl Pts',(-39.9062966124986,18.0611960541783,54.));
#5037=CARTESIAN_POINT('Ctrl Pts',(-46.2480716490692,21.9552445868507,36.));
#5038=CARTESIAN_POINT('Ctrl Pts',(-52.5889894822994,25.8499062453136,18.));
#5039=CARTESIAN_POINT('Ctrl Pts',(-58.9307645188701,29.7439547779861,0.));
#5040=CARTESIAN_POINT('Ctrl Pts',(-43.5260985858819,10.3583590350068,54.));
#5041=CARTESIAN_POINT('Ctrl Pts',(-51.9388937621572,14.1848903488553,36.));
#5042=CARTESIAN_POINT('Ctrl Pts',(-60.3527037908216,18.0111562140854,18.));
#5043=CARTESIAN_POINT('Ctrl Pts',(-68.7654989670968,21.837687527934,0.));
#5044=CARTESIAN_POINT('Ctrl Pts',(-44.0216470117664,5.37221115419207,54.));
#5045=CARTESIAN_POINT('Ctrl Pts',(-53.8633972899084,8.92596596139035,36.));
#5046=CARTESIAN_POINT('Ctrl Pts',(-63.7034937768385,12.4798989020826,18.));
#5047=CARTESIAN_POINT('Ctrl Pts',(-73.5452440549805,16.0336537092808,0.));
#5048=CARTESIAN_POINT('Ctrl Pts',(-44.,3.713,54.));
#5049=CARTESIAN_POINT('Ctrl Pts',(-54.3333333333333,7.14199999999994,36.));
#5050=CARTESIAN_POINT('Ctrl Pts',(-64.6666666666665,10.5709999999999,18.));
#5051=CARTESIAN_POINT('Ctrl Pts',(-74.9999999999998,13.9999999999998,0.));
#5052=CARTESIAN_POINT('',(-44.,3.71300000000001,54.));
#5053=CARTESIAN_POINT('Origin',(-22.0018721034203,4.00000007965389,54.));
#5054=CARTESIAN_POINT('',(-44.,3.71300000000001,54.));
#5055=CARTESIAN_POINT('Origin',(-30.2669979052388,-17.9993519245327,0.));
#5056=CARTESIAN_POINT('Origin',(-44.,3.71300000000001,54.));
#5057=CARTESIAN_POINT('',(-44.,-10.787,54.));
#5058=CARTESIAN_POINT('',(-44.,3.71300000000001,54.));
#5059=CARTESIAN_POINT('',(-44.,-10.787,54.));
#5060=CARTESIAN_POINT('',(-75.,-14.,0.));
#5061=CARTESIAN_POINT('Ctrl Pts',(-44.,-10.787,54.));
#5062=CARTESIAN_POINT('Ctrl Pts',(-54.3333333333333,-11.858,36.));
#5063=CARTESIAN_POINT('Ctrl Pts',(-64.6666666666667,-12.929,18.));
#5064=CARTESIAN_POINT('Ctrl Pts',(-75.,-14.,0.));
#5065=CARTESIAN_POINT('Ctrl Pts',(-43.8920620594197,-13.031557241723,54.));
#5066=CARTESIAN_POINT('Ctrl Pts',(-53.8246278386692,-14.632258920408,36.));
#5067=CARTESIAN_POINT('Ctrl Pts',(-63.757012741461,-16.2324701104762,18.));
#5068=CARTESIAN_POINT('Ctrl Pts',(-73.6895785207106,-17.8331717891613,0.));
#5069=CARTESIAN_POINT('Ctrl Pts',(-42.7165341294014,-17.4738960079482,54.));
#5070=CARTESIAN_POINT('Ctrl Pts',(-51.7057795669692,-19.9911793432835,36.));
#5071=CARTESIAN_POINT('Ctrl Pts',(-60.6951029683919,-22.5083703094688,18.));
#5072=CARTESIAN_POINT('Ctrl Pts',(-69.6843484059598,-25.0256536448041,0.));
#5073=CARTESIAN_POINT('Ctrl Pts',(-38.7429344402259,-22.3852103947237,54.));
#5074=CARTESIAN_POINT('Ctrl Pts',(-46.1835201586945,-25.7107094297022,36.));
#5075=CARTESIAN_POINT('Ctrl Pts',(-53.6241072605525,-29.0360423382046,18.));
#5076=CARTESIAN_POINT('Ctrl Pts',(-61.064692979021,-32.3615413731831,0.));
#5077=CARTESIAN_POINT('Ctrl Pts',(-33.8106556417961,-25.2202865703963,54.));
#5078=CARTESIAN_POINT('Ctrl Pts',(-39.7475898717027,-28.9028314208046,36.));
#5079=CARTESIAN_POINT('Ctrl Pts',(-45.6845062448048,-32.5854554495297,18.));
#5080=CARTESIAN_POINT('Ctrl Pts',(-51.6214404747114,-36.268000299938,0.));
#5081=CARTESIAN_POINT('Ctrl Pts',(-30.4704179312923,-25.9190465445647,54.));
#5082=CARTESIAN_POINT('Ctrl Pts',(-35.4929537608752,-29.6225296755664,36.));
#5083=CARTESIAN_POINT('Ctrl Pts',(-40.5155551102144,-33.3258307221591,18.));
#5084=CARTESIAN_POINT('Ctrl Pts',(-45.5380909397972,-37.0293138531608,0.));
#5085=CARTESIAN_POINT('Ctrl Pts',(-28.787,-26.,54.));
#5086=CARTESIAN_POINT('Ctrl Pts',(-33.358,-29.6666666666667,36.));
#5087=CARTESIAN_POINT('Ctrl Pts',(-37.929,-33.3333333333333,18.));
#5088=CARTESIAN_POINT('Ctrl Pts',(-42.5,-37.,0.));
#5089=CARTESIAN_POINT('',(-28.787,-26.,54.));
#5090=CARTESIAN_POINT('Origin',(-28.0184681940902,-10.0184681940902,54.));
#5091=CARTESIAN_POINT('',(-42.5,-37.,0.));
#5092=CARTESIAN_POINT('',(-28.787,-26.,54.));
#5093=CARTESIAN_POINT('Origin',(-42.8280430494009,-3.0015825698057,0.));
#5094=CARTESIAN_POINT('Origin',(-28.787,-26.,54.));
#5095=CARTESIAN_POINT('',(28.787,-26.,54.));
#5096=CARTESIAN_POINT('',(-28.787,-26.,54.));
#5097=CARTESIAN_POINT('',(42.5,-37.,0.));
#5098=CARTESIAN_POINT('',(28.787,-26.,54.));
#5099=CARTESIAN_POINT('',(42.5,-37.,0.));
#5100=CARTESIAN_POINT('Ctrl Pts',(28.787,-26.,54.));
#5101=CARTESIAN_POINT('Ctrl Pts',(33.358,-29.6666666666667,36.));
#5102=CARTESIAN_POINT('Ctrl Pts',(37.929,-33.3333333333333,18.));
#5103=CARTESIAN_POINT('Ctrl Pts',(42.5,-37.,0.));
#5104=CARTESIAN_POINT('Ctrl Pts',(31.0318288963889,-25.8920286777368,54.));
#5105=CARTESIAN_POINT('Ctrl Pts',(36.2048007127923,-29.6077056913836,36.));
#5106=CARTESIAN_POINT('Ctrl Pts',(41.3778161033262,-33.3234081239009,18.));
#5107=CARTESIAN_POINT('Ctrl Pts',(46.5507879197297,-37.0390851375477,0.));
#5108=CARTESIAN_POINT('Ctrl Pts',(35.4746905203778,-24.7161977983167,54.));
#5109=CARTESIAN_POINT('Ctrl Pts',(41.8717489700623,-28.3622032957453,36.));
#5110=CARTESIAN_POINT('Ctrl Pts',(48.2688645921737,-32.0080722518351,18.));
#5111=CARTESIAN_POINT('Ctrl Pts',(54.6659230418582,-35.6540777492637,0.));
#5112=CARTESIAN_POINT('Ctrl Pts',(40.3862863865183,-20.7416725977741,54.));
#5113=CARTESIAN_POINT('Ctrl Pts',(48.4078656287513,-23.8161672302014,36.));
#5114=CARTESIAN_POINT('Ctrl Pts',(56.4294663214856,-26.8905510656751,18.));
#5115=CARTESIAN_POINT('Ctrl Pts',(64.4510455637187,-29.9650456981025,0.));
#5116=CARTESIAN_POINT('Ctrl Pts',(43.2210708442054,-15.8084089155928,54.));
#5117=CARTESIAN_POINT('Ctrl Pts',(52.5726923394507,-17.9918185864032,36.));
#5118=CARTESIAN_POINT('Ctrl Pts',(61.9242851177774,-20.1752761315069,18.));
#5119=CARTESIAN_POINT('Ctrl Pts',(71.2759066130227,-22.3586858023173,0.));
#5120=CARTESIAN_POINT('Ctrl Pts',(43.9193534869361,-12.4676376069268,54.));
#5121=CARTESIAN_POINT('Ctrl Pts',(53.9519565752979,-13.9368049051865,36.));
#5122=CARTESIAN_POINT('Ctrl Pts',(63.9845808021711,-15.4057115436113,18.));
#5123=CARTESIAN_POINT('Ctrl Pts',(74.0171838905329,-16.8748788418709,0.));
#5124=CARTESIAN_POINT('Ctrl Pts',(44.,-10.784,54.));
#5125=CARTESIAN_POINT('Ctrl Pts',(54.3333333333333,-11.856,36.));
#5126=CARTESIAN_POINT('Ctrl Pts',(64.6666666666667,-12.928,18.));
#5127=CARTESIAN_POINT('Ctrl Pts',(75.,-14.,0.));
#5128=CARTESIAN_POINT('Origin',(28.0183238776194,-10.0184751347413,54.));
#5129=CARTESIAN_POINT('Origin',(42.8280430494009,-3.0015825698057,0.));
#5130=CARTESIAN_POINT('Origin',(21.7141669090909,3.716,55.));
#5131=CARTESIAN_POINT('',(22.,26.,55.));
#5132=CARTESIAN_POINT('',(44.,3.716,55.));
#5133=CARTESIAN_POINT('Origin',(21.7141669090909,3.716,55.));
#5134=CARTESIAN_POINT('',(22.,26.,55.));
#5135=CARTESIAN_POINT('',(44.,3.716,55.));
#5136=CARTESIAN_POINT('Origin',(-1.52954481436041E-5,1.93177474017148E-8,
55.));
#5137=CARTESIAN_POINT('Origin',(22.0018331682702,4.00000007637514,55.));
#5138=CARTESIAN_POINT('Origin',(-1.52954481436041E-5,1.93177474017148E-8,
55.));
#5139=CARTESIAN_POINT('',(-50.,3.713,55.));
#5140=CARTESIAN_POINT('',(-50.,-10.787,55.));
#5141=CARTESIAN_POINT('',(-50.,3.713,55.));
#5142=CARTESIAN_POINT('',(-28.787,-32.,55.));
#5143=CARTESIAN_POINT('Origin',(-28.0135985175617,-10.0135985175617,55.));
#5144=CARTESIAN_POINT('',(28.787,-32.,55.));
#5145=CARTESIAN_POINT('',(-28.787,-32.,55.));
#5146=CARTESIAN_POINT('',(50.,-10.784,55.));
#5147=CARTESIAN_POINT('Origin',(28.0134930634303,-10.013602227307,55.));
#5148=CARTESIAN_POINT('',(50.,3.716,55.));
#5149=CARTESIAN_POINT('',(50.,-10.784,55.));
#5150=CARTESIAN_POINT('',(22.,32.,55.));
#5151=CARTESIAN_POINT('Origin',(22.0014403231352,4.00000003704519,55.));
#5152=CARTESIAN_POINT('',(-22.,32.,55.));
#5153=CARTESIAN_POINT('',(22.,32.,55.));
#5154=CARTESIAN_POINT('Origin',(-22.0014709140315,4.00000003863549,55.));
#5155=CARTESIAN_POINT('',(44.,-1.534,55.));
#5156=CARTESIAN_POINT('',(44.,-5.534,55.));
#5157=CARTESIAN_POINT('',(44.,1.85800000965888,55.));
#5158=CARTESIAN_POINT('',(48.,-5.534,55.));
#5159=CARTESIAN_POINT('',(23.9999878223027,-5.53400000000001,55.));
#5160=CARTESIAN_POINT('',(48.,-10.784,55.));
#5161=CARTESIAN_POINT('',(48.,3.716,55.));
#5162=CARTESIAN_POINT('',(28.787,-30.,55.));
#5163=CARTESIAN_POINT('Origin',(28.0147928349741,-10.0149131576997,55.));
#5164=CARTESIAN_POINT('',(3.00000000000002,-30.,55.));
#5165=CARTESIAN_POINT('',(28.787,-30.,55.));
#5166=CARTESIAN_POINT('',(3.00000000000002,-26.,55.));
#5167=CARTESIAN_POINT('',(3.00000000000002,-13.3946967424133,55.));
#5168=CARTESIAN_POINT('',(-0.999999999999983,-26.,55.));
#5169=CARTESIAN_POINT('',(14.3934923522759,-26.,55.));
#5170=CARTESIAN_POINT('',(-0.999999999999983,-30.,55.));
#5171=CARTESIAN_POINT('',(-0.999999999999984,-15.3946967424133,55.));
#5172=CARTESIAN_POINT('',(-28.787,-30.,55.));
#5173=CARTESIAN_POINT('',(28.787,-30.,55.));
#5174=CARTESIAN_POINT('',(-48.,-10.787,55.));
#5175=CARTESIAN_POINT('Origin',(-28.0149086818104,-10.0149086818104,55.));
#5176=CARTESIAN_POINT('',(-48.,-5.53699999999999,55.));
#5177=CARTESIAN_POINT('',(-48.,-10.787,55.));
#5178=CARTESIAN_POINT('',(-44.,-5.53699999999999,55.));
#5179=CARTESIAN_POINT('',(-22.0000121776973,-5.53699999999999,55.));
#5180=CARTESIAN_POINT('',(-44.,-1.53699999999998,55.));
#5181=CARTESIAN_POINT('',(-44.,-5.39349999034112,55.));
#5182=CARTESIAN_POINT('',(-48.,-1.53699999999999,55.));
#5183=CARTESIAN_POINT('',(-24.0000121776973,-1.53699999999999,55.));
#5184=CARTESIAN_POINT('',(-48.,3.713,55.));
#5185=CARTESIAN_POINT('',(-48.,-10.787,55.));
#5186=CARTESIAN_POINT('',(-22.,30.,55.));
#5187=CARTESIAN_POINT('Origin',(-22.0015840680187,4.00000004825522,55.));
#5188=CARTESIAN_POINT('',(-1.99999999999999,30.,55.));
#5189=CARTESIAN_POINT('',(-22.,30.,55.));
#5190=CARTESIAN_POINT('',(-2.,26.,55.));
#5191=CARTESIAN_POINT('',(-2.00000000000003,12.6053032575867,55.));
#5192=CARTESIAN_POINT('',(2.00000000000001,26.,55.));
#5193=CARTESIAN_POINT('',(-11.0000076477241,26.,55.));
#5194=CARTESIAN_POINT('',(2.00000000000001,30.,55.));
#5195=CARTESIAN_POINT('',(1.99999999999999,14.6053032575867,55.));
#5196=CARTESIAN_POINT('',(22.,30.,55.));
#5197=CARTESIAN_POINT('',(-22.,30.,55.));
#5198=CARTESIAN_POINT('',(48.,3.716,55.));
#5199=CARTESIAN_POINT('Origin',(22.0015511236974,4.00000004626893,55.));
#5200=CARTESIAN_POINT('',(48.,-1.534,55.));
#5201=CARTESIAN_POINT('',(48.,3.716,55.));
#5202=CARTESIAN_POINT('',(21.9999878223027,-1.534,55.));
#5203=CARTESIAN_POINT('Origin',(-2.00000000000001,-14.,-340.));
#5204=CARTESIAN_POINT('',(-2.00000000000004,-14.,-10.));
#5205=CARTESIAN_POINT('',(-2.00000000000001,-14.,-340.));
#5206=CARTESIAN_POINT('',(-2.,-14.,-175.));
#5207=CARTESIAN_POINT('',(-2.00000000000004,-2.,-10.));
#5208=CARTESIAN_POINT('',(-1.99999999999999,-8.,-10.));
#5209=CARTESIAN_POINT('',(-2.00000000000001,-2.,-340.));
#5210=CARTESIAN_POINT('',(-2.00000000000001,-2.,-340.));
#5211=CARTESIAN_POINT('',(-2.00000000000001,-14.,-340.));
#5212=CARTESIAN_POINT('Origin',(1.99999999999996,-14.,-10.));
#5213=CARTESIAN_POINT('',(1.99999999999999,-14.,-340.));
#5214=CARTESIAN_POINT('',(1.99999999999996,-14.,-10.));
#5215=CARTESIAN_POINT('',(1.99999999999996,-14.,-9.99999999999999));
#5216=CARTESIAN_POINT('',(1.99999999999999,-2.,-340.));
#5217=CARTESIAN_POINT('',(2.00000000000001,-14.,-340.));
#5218=CARTESIAN_POINT('',(1.99999999999996,-2.,-10.));
#5219=CARTESIAN_POINT('',(1.99999999999998,-2.,-175.));
#5220=CARTESIAN_POINT('',(1.99999999999996,-8.,-10.));
#5221=CARTESIAN_POINT('Origin',(77.,-2.,-340.));
#5222=CARTESIAN_POINT('',(-75.,-2.,-10.));
#5223=CARTESIAN_POINT('',(77.,-2.,-10.));
#5224=CARTESIAN_POINT('',(-77.,-2.,-10.));
#5225=CARTESIAN_POINT('',(-77.,-2.,-10.));
#5226=CARTESIAN_POINT('',(-77.,-2.,-310.));
#5227=CARTESIAN_POINT('',(-77.,-2.,-170.));
#5228=CARTESIAN_POINT('',(-72.,-2.,-310.));
#5229=CARTESIAN_POINT('',(0.,-2.,-310.));
#5230=CARTESIAN_POINT('',(-41.5319898371771,-2.,-340.));
#5231=CARTESIAN_POINT('Origin',(-41.0159949185892,-2.,-309.004294664519));
#5232=CARTESIAN_POINT('',(77.,-2.,-340.));
#5233=CARTESIAN_POINT('',(-53.,-2.,-32.9221929604616));
#5234=CARTESIAN_POINT('Origin',(-40.5,-2.,-32.9221929604616));
#5235=CARTESIAN_POINT('Origin',(-77.,-14.,-340.));
#5236=CARTESIAN_POINT('',(77.,-2.,-340.));
#5237=CARTESIAN_POINT('',(-41.5319898371771,-14.,-340.));
#5238=CARTESIAN_POINT('',(-41.5319898371779,-14.,-340.));
#5239=CARTESIAN_POINT('',(-75.,-14.,-340.));
#5240=CARTESIAN_POINT('Origin',(-77.,-14.,-340.));
#5241=CARTESIAN_POINT('',(41.4359186543572,-14.,-340.));
#5242=CARTESIAN_POINT('',(-75.,-14.,-340.));
#5243=CARTESIAN_POINT('',(41.4359186543572,-2.,-340.));
#5244=CARTESIAN_POINT('',(41.4359186543584,-14.,-340.));
#5245=CARTESIAN_POINT('',(77.,-2.,-340.));
#5246=CARTESIAN_POINT('Origin',(-77.,-2.,-10.));
#5247=CARTESIAN_POINT('',(-77.,-14.,-10.));
#5248=CARTESIAN_POINT('',(77.,-14.,-10.));
#5249=CARTESIAN_POINT('',(-77.,-8.,-10.));
#5250=CARTESIAN_POINT('',(77.,-2.,-10.));
#5251=CARTESIAN_POINT('Origin',(-77.,-14.,-10.));
#5252=CARTESIAN_POINT('',(-75.,-14.,-340.));
#5253=CARTESIAN_POINT('',(-72.,-14.,-310.));
#5254=CARTESIAN_POINT('Origin',(-41.0159949185892,-14.,-309.004294664519));
#5255=CARTESIAN_POINT('',(-77.,-14.,-310.));
#5256=CARTESIAN_POINT('',(-77.,-14.,-310.));
#5257=CARTESIAN_POINT('',(-77.,-14.,0.));
#5258=CARTESIAN_POINT('',(-53.,-14.,-315.));
#5259=CARTESIAN_POINT('Origin',(-40.5,-14.,-315.));
#5260=CARTESIAN_POINT('Origin',(-0.00187210752473632,3.53490960947056E-7,
-405.));
#5261=CARTESIAN_POINT('',(-44.,3.71300000000001,-405.));
#5262=CARTESIAN_POINT('',(-22.,26.,-405.));
#5263=CARTESIAN_POINT('Origin',(-22.0018721034203,4.00000007965387,-405.));
#5264=CARTESIAN_POINT('',(-44.0037442069082,3.71600000000001,-405.));
#5265=CARTESIAN_POINT('Origin',(-22.0055773833196,4.00000070698193,-405.));
#5266=CARTESIAN_POINT('',(-44.0037442069082,-1.53699999999998,-405.));
#5267=CARTESIAN_POINT('',(-44.0037442069082,-10.784,-405.));
#5268=CARTESIAN_POINT('',(-44.,-1.53699999999998,-405.));
#5269=CARTESIAN_POINT('',(-48.,-1.53699999999998,-405.));
#5270=CARTESIAN_POINT('',(-44.,1.46180325758675,-405.));
#5271=CARTESIAN_POINT('Origin',(22.0018323030231,3.99999984457787,-405.));
#5272=CARTESIAN_POINT('',(21.9962557930918,26.,-405.));
#5273=CARTESIAN_POINT('',(22.,26.,-405.));
#5274=CARTESIAN_POINT('',(10.9999878223027,26.,-405.));
#5275=CARTESIAN_POINT('',(44.,3.716,-405.));
#5276=CARTESIAN_POINT('Origin',(22.0018331682702,4.00000007637514,-405.));
#5277=CARTESIAN_POINT('',(44.,3.716,-405.));
#5278=CARTESIAN_POINT('',(21.9962557930918,26.,-405.));
#5279=CARTESIAN_POINT('Origin',(-28.022076710512,-10.018295073391,-405.));
#5280=CARTESIAN_POINT('',(-28.787,-26.,-405.));
#5281=CARTESIAN_POINT('',(-44.0037442069082,-10.784,-405.));
#5282=CARTESIAN_POINT('Origin',(-28.022076710512,-10.018295073391,-405.));
#5283=CARTESIAN_POINT('',(-44.0037442069082,-10.784,-405.));
#5284=CARTESIAN_POINT('',(-28.787,-26.,-405.));
#5285=CARTESIAN_POINT('Origin',(-44.0037442069082,3.71600000000001,-405.));
#5286=CARTESIAN_POINT('',(-44.0037442069082,-5.53699999999998,-405.));
#5287=CARTESIAN_POINT('',(-44.0037442069082,-10.784,-405.));
#5288=CARTESIAN_POINT('',(-44.0037442069082,1.46330325758675,-405.));
#5289=CARTESIAN_POINT('',(-44.0037442069082,3.71600000000001,-405.));
#5290=CARTESIAN_POINT('Origin',(-22.0055773833196,4.00000070698193,-405.));
#5291=CARTESIAN_POINT('',(-22.,26.,-405.));
#5292=CARTESIAN_POINT('Origin',(-0.00187210752473632,3.53490960947056E-7,
-405.));
#5293=CARTESIAN_POINT('',(-44.,-10.787,-405.));
#5294=CARTESIAN_POINT('Origin',(-28.0184681940902,-10.0184681940902,-405.));
#5295=CARTESIAN_POINT('',(-44.,-5.53699999999998,-405.));
#5296=CARTESIAN_POINT('',(-44.,1.46180325758675,-405.));
#5297=CARTESIAN_POINT('',(-44.,-5.53699999999998,-405.));
#5298=CARTESIAN_POINT('Origin',(-48.,-5.53699999999999,-430.));
#5299=CARTESIAN_POINT('',(-48.,-5.53699999999999,-430.));
#5300=CARTESIAN_POINT('',(-44.,-5.53699999999998,-430.));
#5301=CARTESIAN_POINT('',(-43.19675,-5.53699999999998,-430.));
#5302=CARTESIAN_POINT('',(-48.,-5.53699999999999,-405.));
#5303=CARTESIAN_POINT('',(-48.,-5.53699999999999,-417.5));
#5304=CARTESIAN_POINT('',(-44.,-5.53699999999998,-405.));
#5305=CARTESIAN_POINT('',(-44.,-5.53699999999998,-417.5));
#5306=CARTESIAN_POINT('Origin',(-44.,-1.53699999999998,-430.));
#5307=CARTESIAN_POINT('',(-44.,-1.53699999999998,-430.));
#5308=CARTESIAN_POINT('',(-48.,-1.53699999999998,-430.));
#5309=CARTESIAN_POINT('',(-41.19675,-1.53699999999998,-430.));
#5310=CARTESIAN_POINT('',(-44.,-1.53699999999998,-417.5));
#5311=CARTESIAN_POINT('',(-48.,-1.53699999999998,-405.));
#5312=CARTESIAN_POINT('',(-48.,-1.53699999999998,-405.));
#5313=CARTESIAN_POINT('',(-48.,-1.53699999999998,-417.5));
#5314=CARTESIAN_POINT('Origin',(1.00000000000002,-30.,-430.));
#5315=CARTESIAN_POINT('',(1.00000000000002,-30.,-430.));
#5316=CARTESIAN_POINT('',(1.00000000000002,-26.,-430.));
#5317=CARTESIAN_POINT('',(1.00000000000002,-25.19675,-430.));
#5318=CARTESIAN_POINT('',(1.00000000000002,-30.,-405.));
#5319=CARTESIAN_POINT('',(1.00000000000002,-30.,-417.5));
#5320=CARTESIAN_POINT('',(1.00000000000002,-26.,-405.));
#5321=CARTESIAN_POINT('',(1.00000000000002,-26.,-405.));
#5322=CARTESIAN_POINT('',(1.00000000000002,-26.,-417.5));
#5323=CARTESIAN_POINT('Origin',(-2.99999999999999,-26.,-430.));
#5324=CARTESIAN_POINT('',(-2.99999999999998,-26.,-430.));
#5325=CARTESIAN_POINT('',(-2.99999999999998,-30.,-430.));
#5326=CARTESIAN_POINT('',(-2.99999999999998,-23.19675,-430.));
#5327=CARTESIAN_POINT('',(-2.99999999999998,-26.,-405.));
#5328=CARTESIAN_POINT('',(-2.99999999999998,-26.,-417.5));
#5329=CARTESIAN_POINT('',(-2.99999999999998,-30.,-405.));
#5330=CARTESIAN_POINT('',(-2.99999999999998,-30.,-405.));
#5331=CARTESIAN_POINT('',(-2.99999999999998,-30.,-417.5));
#5332=CARTESIAN_POINT('Origin',(-2.99999999999999,30.,-430.));
#5333=CARTESIAN_POINT('',(-2.99999999999998,30.,-430.));
#5334=CARTESIAN_POINT('',(-2.99999999999998,26.,-430.));
#5335=CARTESIAN_POINT('',(-2.99999999999998,4.80325,-430.));
#5336=CARTESIAN_POINT('',(-2.99999999999998,30.,-405.));
#5337=CARTESIAN_POINT('',(-2.99999999999998,30.,-417.5));
#5338=CARTESIAN_POINT('',(-2.99999999999998,26.,-405.));
#5339=CARTESIAN_POINT('',(-2.99999999999998,26.,-405.));
#5340=CARTESIAN_POINT('',(-2.99999999999998,26.,-417.5));
#5341=CARTESIAN_POINT('Origin',(1.00000000000002,26.,-430.));
#5342=CARTESIAN_POINT('',(1.00000000000002,26.,-430.));
#5343=CARTESIAN_POINT('',(1.00000000000002,30.,-430.));
#5344=CARTESIAN_POINT('',(1.00000000000002,2.80325,-430.));
#5345=CARTESIAN_POINT('',(1.00000000000002,26.,-405.));
#5346=CARTESIAN_POINT('',(1.00000000000002,26.,-417.5));
#5347=CARTESIAN_POINT('',(1.00000000000002,30.,-405.));
#5348=CARTESIAN_POINT('',(1.00000000000002,30.,-405.));
#5349=CARTESIAN_POINT('',(1.00000000000002,30.,-417.5));
#5350=CARTESIAN_POINT('Origin',(48.,-1.534,-430.));
#5351=CARTESIAN_POINT('',(48.,-1.534,-430.));
#5352=CARTESIAN_POINT('',(44.,-1.534,-430.));
#5353=CARTESIAN_POINT('',(4.80325000000001,-1.534,-430.));
#5354=CARTESIAN_POINT('',(48.,-1.534,-405.));
#5355=CARTESIAN_POINT('',(48.,-1.534,-417.5));
#5356=CARTESIAN_POINT('',(44.,-1.534,-405.));
#5357=CARTESIAN_POINT('',(44.,-1.534,-405.));
#5358=CARTESIAN_POINT('',(44.,-1.534,-417.5));
#5359=CARTESIAN_POINT('Origin',(44.,-5.534,-430.));
#5360=CARTESIAN_POINT('',(44.,-5.534,-430.));
#5361=CARTESIAN_POINT('',(48.,-5.534,-430.));
#5362=CARTESIAN_POINT('',(2.80325000000001,-5.53400000000001,-430.));
#5363=CARTESIAN_POINT('',(44.,-5.534,-405.));
#5364=CARTESIAN_POINT('',(44.,-5.534,-417.5));
#5365=CARTESIAN_POINT('',(48.,-5.534,-405.));
#5366=CARTESIAN_POINT('',(48.,-5.534,-405.));
#5367=CARTESIAN_POINT('',(48.,-5.534,-417.5));
#5368=CARTESIAN_POINT('Origin',(-44.,3.71300000000001,-405.));
#5369=CARTESIAN_POINT('',(-44.,-10.787,-430.));
#5370=CARTESIAN_POINT('',(-44.,-10.787,-405.));
#5371=CARTESIAN_POINT('',(-44.,3.71300000000001,-430.));
#5372=CARTESIAN_POINT('Origin',(-44.,3.71300000000001,-405.));
#5373=CARTESIAN_POINT('',(-44.,3.71300000000001,-430.));
#5374=CARTESIAN_POINT('',(-44.,3.71300000000001,-430.));
#5375=CARTESIAN_POINT('',(-44.,3.71300000000001,-405.));
#5376=CARTESIAN_POINT('Origin',(-48.,-10.787,-405.));
#5377=CARTESIAN_POINT('',(-48.,-10.787,-430.));
#5378=CARTESIAN_POINT('',(-48.,-10.787,-430.));
#5379=CARTESIAN_POINT('',(-48.,-10.787,-405.));
#5380=CARTESIAN_POINT('',(-48.,-10.787,-405.));
#5381=CARTESIAN_POINT('',(-48.,-5.78819674241325,-405.));
#5382=CARTESIAN_POINT('Origin',(-48.,-10.787,-405.));
#5383=CARTESIAN_POINT('',(-48.,3.71300000000001,-405.));
#5384=CARTESIAN_POINT('',(-48.,-5.78819674241325,-405.));
#5385=CARTESIAN_POINT('',(-48.,3.71300000000001,-430.));
#5386=CARTESIAN_POINT('',(-48.,3.71300000000001,-405.));
#5387=CARTESIAN_POINT('',(-48.,-10.787,-430.));
#5388=CARTESIAN_POINT('Origin',(28.787,-30.,-405.));
#5389=CARTESIAN_POINT('',(-28.787,-30.,-405.));
#5390=CARTESIAN_POINT('',(14.3934878223027,-30.,-405.));
#5391=CARTESIAN_POINT('',(-28.787,-30.,-430.));
#5392=CARTESIAN_POINT('',(-28.787,-30.,-405.));
#5393=CARTESIAN_POINT('',(28.787,-30.,-430.));
#5394=CARTESIAN_POINT('Origin',(28.787,-30.,-405.));
#5395=CARTESIAN_POINT('',(28.787,-30.,-430.));
#5396=CARTESIAN_POINT('',(28.787,-30.,-430.));
#5397=CARTESIAN_POINT('',(28.787,-30.,-405.));
#5398=CARTESIAN_POINT('',(28.787,-30.,-405.));
#5399=CARTESIAN_POINT('',(14.3934878223027,-30.,-405.));
#5400=CARTESIAN_POINT('Origin',(-28.787,-26.,-405.));
#5401=CARTESIAN_POINT('',(-14.3935121776973,-26.,-405.));
#5402=CARTESIAN_POINT('',(-28.787,-26.,-430.));
#5403=CARTESIAN_POINT('',(-28.787,-26.,-430.));
#5404=CARTESIAN_POINT('',(-28.787,-26.,-405.));
#5405=CARTESIAN_POINT('',(28.787,-26.,-430.));
#5406=CARTESIAN_POINT('',(28.787,-26.,-405.));
#5407=CARTESIAN_POINT('',(-28.787,-26.,-430.));
#5408=CARTESIAN_POINT('Origin',(-22.,30.,-405.));
#5409=CARTESIAN_POINT('',(22.,30.,-405.));
#5410=CARTESIAN_POINT('',(-11.0000121776973,30.,-405.));
#5411=CARTESIAN_POINT('',(22.,30.,-430.));
#5412=CARTESIAN_POINT('',(22.,30.,-405.));
#5413=CARTESIAN_POINT('',(-22.,30.,-430.));
#5414=CARTESIAN_POINT('Origin',(-22.,30.,-405.));
#5415=CARTESIAN_POINT('',(-22.,30.,-430.));
#5416=CARTESIAN_POINT('',(-22.,30.,-430.));
#5417=CARTESIAN_POINT('',(-22.,30.,-405.));
#5418=CARTESIAN_POINT('',(-22.,30.,-405.));
#5419=CARTESIAN_POINT('',(-11.0000121776973,30.,-405.));
#5420=CARTESIAN_POINT('Origin',(22.,26.,-405.));
#5421=CARTESIAN_POINT('',(22.,26.,-430.));
#5422=CARTESIAN_POINT('',(22.,26.,-430.));
#5423=CARTESIAN_POINT('',(22.,26.,-405.));
#5424=CARTESIAN_POINT('',(-22.,26.,-430.));
#5425=CARTESIAN_POINT('',(-22.,26.,-405.));
#5426=CARTESIAN_POINT('',(22.,26.,-430.));
#5427=CARTESIAN_POINT('',(10.9981157188486,26.,-405.));
#5428=CARTESIAN_POINT('Origin',(44.,-10.784,-405.));
#5429=CARTESIAN_POINT('',(44.,-5.78669674241326,-405.));
#5430=CARTESIAN_POINT('',(44.,-10.784,-430.));
#5431=CARTESIAN_POINT('',(44.,-10.784,-430.));
#5432=CARTESIAN_POINT('',(44.,-10.784,-405.));
#5433=CARTESIAN_POINT('',(44.,3.716,-430.));
#5434=CARTESIAN_POINT('',(44.,3.716,-405.));
#5435=CARTESIAN_POINT('',(44.,-10.784,-430.));
#5436=CARTESIAN_POINT('Origin',(-38.3935,-20.3935,-430.));
#5437=CARTESIAN_POINT('',(48.,3.716,-430.));
#5438=CARTESIAN_POINT('Origin',(22.0015511236974,4.00000004626893,-430.));
#5439=CARTESIAN_POINT('',(48.,3.716,-430.));
#5440=CARTESIAN_POINT('Origin',(22.0018331682702,4.00000007637514,-430.));
#5441=CARTESIAN_POINT('Origin',(-38.3935,-20.3935,-430.));
#5442=CARTESIAN_POINT('Origin',(28.0183238776194,-10.0184751347413,-430.));
#5443=CARTESIAN_POINT('',(48.,-10.784,-430.));
#5444=CARTESIAN_POINT('',(48.,3.716,-430.));
#5445=CARTESIAN_POINT('Origin',(28.0147928349742,-10.0149131576997,-430.));
#5446=CARTESIAN_POINT('Origin',(-38.3935,-20.3935,-430.));
#5447=CARTESIAN_POINT('Origin',(-28.0184681940902,-10.0184681940902,-430.));
#5448=CARTESIAN_POINT('Origin',(-28.0149086818104,-10.0149086818104,-430.));
#5449=CARTESIAN_POINT('Origin',(-38.3935,-20.3935,-430.));
#5450=CARTESIAN_POINT('Origin',(-22.0015840680187,4.00000004825522,-430.));
#5451=CARTESIAN_POINT('Origin',(-22.0018721034203,4.00000007965387,-430.));
#5452=CARTESIAN_POINT('Origin',(48.,3.716,-405.));
#5453=CARTESIAN_POINT('',(48.,3.716,-405.));
#5454=CARTESIAN_POINT('',(48.,3.716,-405.));
#5455=CARTESIAN_POINT('',(48.,1.46330325758674,-405.));
#5456=CARTESIAN_POINT('Origin',(48.,3.716,-405.));
#5457=CARTESIAN_POINT('',(48.,-10.784,-405.));
#5458=CARTESIAN_POINT('',(48.,1.46330325758674,-405.));
#5459=CARTESIAN_POINT('',(48.,-10.784,-405.));
#5460=CARTESIAN_POINT('Origin',(22.0018331682702,4.00000007637514,-405.));
#5461=CARTESIAN_POINT('Origin',(28.0183238776194,-10.0184751347413,-405.));
#5462=CARTESIAN_POINT('Origin',(-28.0184681940902,-10.0184681940902,-405.));
#5463=CARTESIAN_POINT('Origin',(-22.0018721034203,4.00000007965387,-405.));
#5464=CARTESIAN_POINT('Origin',(-22.0015840680187,4.00000004825522,-405.));
#5465=CARTESIAN_POINT('Origin',(-22.0015840680187,4.00000004825522,-405.));
#5466=CARTESIAN_POINT('Origin',(-28.0149086818104,-10.0149086818104,-405.));
#5467=CARTESIAN_POINT('Origin',(-28.0149086818104,-10.0149086818104,-405.));
#5468=CARTESIAN_POINT('Origin',(28.0147928349742,-10.0149131576997,-405.));
#5469=CARTESIAN_POINT('Origin',(28.0147928349742,-10.0149131576997,-405.));
#5470=CARTESIAN_POINT('Origin',(22.0015511236974,4.00000004626893,-405.));
#5471=CARTESIAN_POINT('Origin',(22.0015511236974,4.00000004626893,-405.));
#5472=CARTESIAN_POINT('Origin',(-6.66133814775094E-15,-0.936391424009369,
0.));
#5473=CARTESIAN_POINT('',(73.4994402224591,16.,0.));
#5474=CARTESIAN_POINT('Origin',(30.2669979052388,-17.9993519245328,0.));
#5475=CARTESIAN_POINT('',(74.2497201112295,16.,0.));
#5476=CARTESIAN_POINT('Origin',(77.,14.,0.));
#5477=CARTESIAN_POINT('',(77.,-14.,0.));
#5478=CARTESIAN_POINT('',(77.,14.,0.));
#5479=CARTESIAN_POINT('',(77.,-14.,0.));
#5480=CARTESIAN_POINT('',(77.,14.,0.));
#5481=CARTESIAN_POINT('',(77.,-14.,0.));
#5482=CARTESIAN_POINT('Ctrl Pts',(77.,-14.,0.));
#5483=CARTESIAN_POINT('Ctrl Pts',(68.,-12.928,18.3333333333333));
#5484=CARTESIAN_POINT('Ctrl Pts',(59.,-11.856,36.6666666666667));
#5485=CARTESIAN_POINT('Ctrl Pts',(50.,-10.784,55.));
#5486=CARTESIAN_POINT('Ctrl Pts',(75.6733277553121,-18.1344673684443,0.));
#5487=CARTESIAN_POINT('Ctrl Pts',(67.0790090481333,-16.7314630563616,18.3333333333333));
#5488=CARTESIAN_POINT('Ctrl Pts',(58.4842175346562,-15.3291995249932,36.6666666666667));
#5489=CARTESIAN_POINT('Ctrl Pts',(49.8898988274774,-13.9261952129105,55.));
#5490=CARTESIAN_POINT('Ctrl Pts',(71.5076408234303,-25.9165962565841,0.));
#5491=CARTESIAN_POINT('Ctrl Pts',(63.7722909983638,-23.9979628085462,18.3333333333334));
#5492=CARTESIAN_POINT('Ctrl Pts',(56.0367568548986,-22.0792437890984,36.6666666666666));
#5493=CARTESIAN_POINT('Ctrl Pts',(48.3014070298321,-20.1606103410604,55.));
#5494=CARTESIAN_POINT('Ctrl Pts',(61.5318728525366,-34.624716824145,0.));
#5495=CARTESIAN_POINT('Ctrl Pts',(55.1037501943885,-32.3092121733434,18.3333333333333));
#5496=CARTESIAN_POINT('Ctrl Pts',(48.6755635448691,-29.9940450694893,36.6666666666668));
#5497=CARTESIAN_POINT('Ctrl Pts',(42.247440886721,-27.6785404186877,55.));
#5498=CARTESIAN_POINT('Ctrl Pts',(51.1882605203464,-38.4660205160881,0.));
#5499=CARTESIAN_POINT('Ctrl Pts',(45.8103709658699,-36.0693621714228,18.3333333333334));
#5500=CARTESIAN_POINT('Ctrl Pts',(40.4324275859351,-33.6724773163595,36.6666666666666));
#5501=CARTESIAN_POINT('Ctrl Pts',(35.0545380314585,-31.2758189716942,55.));
#5502=CARTESIAN_POINT('Ctrl Pts',(44.6710116228829,-39.0133585065216,0.));
#5503=CARTESIAN_POINT('Ctrl Pts',(39.8999897732273,-36.657038277146,18.3333333333333));
#5504=CARTESIAN_POINT('Ctrl Pts',(35.1291116555491,-34.3010474704909,36.6666666666667));
#5505=CARTESIAN_POINT('Ctrl Pts',(30.3580898058934,-31.9447272411153,55.));
#5506=CARTESIAN_POINT('Ctrl Pts',(42.5,-39.,0.));
#5507=CARTESIAN_POINT('Ctrl Pts',(37.929,-36.6666666666667,18.3333333333333));
#5508=CARTESIAN_POINT('Ctrl Pts',(33.358,-34.3333333333333,36.6666666666667));
#5509=CARTESIAN_POINT('Ctrl Pts',(28.787,-32.,55.));
#5510=CARTESIAN_POINT('',(42.5,-39.,0.));
#5511=CARTESIAN_POINT('Origin',(42.7215083172203,-3.000681477764,0.));
#5512=CARTESIAN_POINT('',(42.5,-39.,0.));
#5513=CARTESIAN_POINT('Origin',(42.5,-39.,0.));
#5514=CARTESIAN_POINT('',(-42.5,-39.,0.));
#5515=CARTESIAN_POINT('',(-42.5,-39.,0.));
#5516=CARTESIAN_POINT('',(-42.5,-39.,0.));
#5517=CARTESIAN_POINT('Ctrl Pts',(-42.5,-39.,0.));
#5518=CARTESIAN_POINT('Ctrl Pts',(-37.929,-36.6666666666667,18.3333333333333));
#5519=CARTESIAN_POINT('Ctrl Pts',(-33.358,-34.3333333333333,36.6666666666667));
#5520=CARTESIAN_POINT('Ctrl Pts',(-28.787,-32.,55.));
#5521=CARTESIAN_POINT('Ctrl Pts',(-46.8420232457658,-39.0267170130431,0.));
#5522=CARTESIAN_POINT('Ctrl Pts',(-41.8709595882906,-36.6477988658899,18.3333333333333));
#5523=CARTESIAN_POINT('Ctrl Pts',(-36.8999677757824,-34.2683974098366,36.6666666666667));
#5524=CARTESIAN_POINT('Ctrl Pts',(-31.9289041183072,-31.8894792626834,55.));
#5525=CARTESIAN_POINT('Ctrl Pts',(-55.5343944730409,-37.4914124521872,0.));
#5526=CARTESIAN_POINT('Ctrl Pts',(-49.743855503489,-35.0944106018189,18.3333333333334));
#5527=CARTESIAN_POINT('Ctrl Pts',(-43.9530985496805,-32.6974010928478,36.6666666666666));
#5528=CARTESIAN_POINT('Ctrl Pts',(-38.1625595801285,-30.3003992424795,55.));
#5529=CARTESIAN_POINT('Ctrl Pts',(-66.9159181334778,-30.7232347364001,0.));
#5530=CARTESIAN_POINT('Ctrl Pts',(-59.8369817142658,-28.5643692158245,18.3333333333333));
#5531=CARTESIAN_POINT('Ctrl Pts',(-52.758249808163,-26.4052524151385,36.6666666666667));
#5532=CARTESIAN_POINT('Ctrl Pts',(-45.679313388951,-24.2463868945629,55.));
#5533=CARTESIAN_POINT('Ctrl Pts',(-73.787134626727,-22.0900247867584,0.));
#5534=CARTESIAN_POINT('Ctrl Pts',(-65.6168265201783,-20.4112795893319,18.3333333333334));
#5535=CARTESIAN_POINT('Ctrl Pts',(-57.4462645612115,-18.7327373515426,36.6666666666666));
#5536=CARTESIAN_POINT('Ctrl Pts',(-49.2759564546628,-17.0539921541161,55.));
#5537=CARTESIAN_POINT('Ctrl Pts',(-76.336663877656,-16.0672336842222,0.));
#5538=CARTESIAN_POINT('Ctrl Pts',(-67.5392121040182,-14.8309007485248,18.3333333333333));
#5539=CARTESIAN_POINT('Ctrl Pts',(-58.7421914049796,-13.594284994851,36.6666666666667));
#5540=CARTESIAN_POINT('Ctrl Pts',(-49.9447396313417,-12.3579520591536,55.));
#5541=CARTESIAN_POINT('Ctrl Pts',(-77.,-14.,0.));
#5542=CARTESIAN_POINT('Ctrl Pts',(-68.,-12.929,18.3333333333333));
#5543=CARTESIAN_POINT('Ctrl Pts',(-59.,-11.858,36.6666666666667));
#5544=CARTESIAN_POINT('Ctrl Pts',(-50.,-10.787,55.));
#5545=CARTESIAN_POINT('',(-77.,-14.,0.));
#5546=CARTESIAN_POINT('Origin',(-42.7215083172203,-3.000681477764,0.));
#5547=CARTESIAN_POINT('',(-77.,-14.,0.));
#5548=CARTESIAN_POINT('Origin',(-77.,-14.,0.));
#5549=CARTESIAN_POINT('',(-77.,14.,0.));
#5550=CARTESIAN_POINT('',(-77.,14.,0.));
#5551=CARTESIAN_POINT('',(-77.,14.,0.));
#5552=CARTESIAN_POINT('Ctrl Pts',(-77.,14.,0.));
#5553=CARTESIAN_POINT('Ctrl Pts',(-68.,10.571,18.3333333333333));
#5554=CARTESIAN_POINT('Ctrl Pts',(-59.,7.142,36.6666666666667));
#5555=CARTESIAN_POINT('Ctrl Pts',(-50.,3.713,55.));
#5556=CARTESIAN_POINT('Ctrl Pts',(-74.0385391162344,18.3654202490082,0.));
#5557=CARTESIAN_POINT('Ctrl Pts',(-66.0411050445982,14.8862753899163,18.3333333333333));
#5558=CARTESIAN_POINT('Ctrl Pts',(-58.0406507845558,11.4081874750814,36.6666666666667));
#5559=CARTESIAN_POINT('Ctrl Pts',(-50.0432167129196,7.92904261598956,55.));
#5560=CARTESIAN_POINT('Ctrl Pts',(-66.8961681701021,26.2681920289768,0.));
#5561=CARTESIAN_POINT('Ctrl Pts',(-60.6617329646405,22.9715391751129,18.3333333333334));
#5562=CARTESIAN_POINT('Ctrl Pts',(-54.4271361380489,19.6740405838589,36.6666666666666));
#5563=CARTESIAN_POINT('Ctrl Pts',(-48.1927009325873,16.377387729995,55.));
#5564=CARTESIAN_POINT('Ctrl Pts',(-53.3434420022417,34.7330928787939,0.));
#5565=CARTESIAN_POINT('Ctrl Pts',(-48.9499644959926,32.0124530432914,18.3333333333333));
#5566=CARTESIAN_POINT('Ctrl Pts',(-44.5557413383024,29.2928783851316,36.6666666666667));
#5567=CARTESIAN_POINT('Ctrl Pts',(-40.1622638320533,26.5722385496291,55.));
#5568=CARTESIAN_POINT('Ctrl Pts',(-40.5489032173852,38.4202752365682,0.));
#5569=CARTESIAN_POINT('Ctrl Pts',(-37.1773149571478,36.0437555533592,18.3333333333334));
#5570=CARTESIAN_POINT('Ctrl Pts',(-33.8058208277131,33.6660163278084,36.6666666666667));
#5571=CARTESIAN_POINT('Ctrl Pts',(-30.4342325674758,31.2894966445994,55.));
#5572=CARTESIAN_POINT('Ctrl Pts',(-32.6375602725924,38.9921299572301,0.));
#5573=CARTESIAN_POINT('Ctrl Pts',(-29.7943122334383,36.6608094870481,18.3333333333333));
#5574=CARTESIAN_POINT('Ctrl Pts',(-26.9513800899907,34.3314312159326,36.6666666666667));
#5575=CARTESIAN_POINT('Ctrl Pts',(-24.1081320508366,32.0001107457506,55.));
#5576=CARTESIAN_POINT('Ctrl Pts',(-30.,39.,0.));
#5577=CARTESIAN_POINT('Ctrl Pts',(-27.3333333333333,36.6666666666667,18.3333333333333));
#5578=CARTESIAN_POINT('Ctrl Pts',(-24.6666666666667,34.3333333333333,36.6666666666667));
#5579=CARTESIAN_POINT('Ctrl Pts',(-22.,32.,55.));
#5580=CARTESIAN_POINT('',(-30.,39.,0.));
#5581=CARTESIAN_POINT('Origin',(-29.829922202881,-17.9997462585837,0.));
#5582=CARTESIAN_POINT('',(-30.,39.,0.));
#5583=CARTESIAN_POINT('Origin',(-30.,39.,0.));
#5584=CARTESIAN_POINT('',(30.,39.,0.));
#5585=CARTESIAN_POINT('',(30.,39.,0.));
#5586=CARTESIAN_POINT('',(30.,39.,0.));
#5587=CARTESIAN_POINT('Ctrl Pts',(30.,39.,0.));
#5588=CARTESIAN_POINT('Ctrl Pts',(27.3333333333333,36.6666666666667,18.3333333333333));
#5589=CARTESIAN_POINT('Ctrl Pts',(24.6666666666667,34.3333333333333,36.6666666666667));
#5590=CARTESIAN_POINT('Ctrl Pts',(22.,32.,55.));
#5591=CARTESIAN_POINT('Ctrl Pts',(35.2751205451849,38.9842599144601,0.));
#5592=CARTESIAN_POINT('Ctrl Pts',(32.2552818585887,36.6572008183496,18.3333333333333));
#5593=CARTESIAN_POINT('Ctrl Pts',(29.2358141457995,34.3272759663604,36.6666666666667));
#5594=CARTESIAN_POINT('Ctrl Pts',(26.2159754592033,32.00021687025,55.));
#5595=CARTESIAN_POINT('Ctrl Pts',(45.8202967132203,37.4787619405077,0.));
#5596=CARTESIAN_POINT('Ctrl Pts',(42.0953001325082,35.0071499417182,18.3333333333334));
#5597=CARTESIAN_POINT('Ctrl Pts',(38.3694290798792,32.5355178759989,36.6666666666667));
#5598=CARTESIAN_POINT('Ctrl Pts',(34.6444324991671,30.0639058772094,55.));
#5599=CARTESIAN_POINT('Ctrl Pts',(60.4145222775319,30.9718799630858,0.));
#5600=CARTESIAN_POINT('Ctrl Pts',(55.1948707250812,27.9585337703248,18.3333333333333));
#5601=CARTESIAN_POINT('Ctrl Pts',(49.9761547412247,24.9443141474038,36.6666666666667));
#5602=CARTESIAN_POINT('Ctrl Pts',(44.756503188774,21.9309679546428,55.));
#5603=CARTESIAN_POINT('Ctrl Pts',(70.6232124597336,22.423302233,0.));
#5604=CARTESIAN_POINT('Ctrl Pts',(63.5408040761466,19.0008868804954,18.3333333333334));
#5605=CARTESIAN_POINT('Ctrl Pts',(56.4571364076153,15.578808937042,36.6666666666667));
#5606=CARTESIAN_POINT('Ctrl Pts',(49.3747280240284,12.1563935845374,55.));
#5607=CARTESIAN_POINT('Ctrl Pts',(75.5192695581172,16.1827101245041,0.));
#5608=CARTESIAN_POINT('Ctrl Pts',(67.0192726012113,12.7298032395212,18.3333333333333));
#5609=CARTESIAN_POINT('Ctrl Pts',(58.5213779781234,9.27678618224854,36.6666666666667));
#5610=CARTESIAN_POINT('Ctrl Pts',(50.0213810212175,5.82387929726562,55.));
#5611=CARTESIAN_POINT('Ctrl Pts',(77.,14.,0.));
#5612=CARTESIAN_POINT('Ctrl Pts',(68.,10.572,18.3333333333333));
#5613=CARTESIAN_POINT('Ctrl Pts',(59.,7.14399999999999,36.6666666666667));
#5614=CARTESIAN_POINT('Ctrl Pts',(50.,3.71599999999999,55.));
#5615=CARTESIAN_POINT('Origin',(29.829922202881,-17.9997462585837,0.));
#5616=CARTESIAN_POINT('Origin',(28.787,-30.,55.));
#5617=CARTESIAN_POINT('',(-0.999999999999983,-30.,80.));
#5618=CARTESIAN_POINT('',(-0.999999999999983,-30.,67.5));
#5619=CARTESIAN_POINT('',(-28.787,-30.,80.));
#5620=CARTESIAN_POINT('',(-28.787,-30.,80.));
#5621=CARTESIAN_POINT('',(-28.787,-30.,55.));
#5622=CARTESIAN_POINT('Origin',(28.787,-30.,55.));
#5623=CARTESIAN_POINT('',(28.787,-30.,80.));
#5624=CARTESIAN_POINT('',(28.787,-30.,55.));
#5625=CARTESIAN_POINT('',(3.00000000000002,-30.,80.));
#5626=CARTESIAN_POINT('',(-28.787,-30.,80.));
#5627=CARTESIAN_POINT('',(3.00000000000002,-30.,67.5));
#5628=CARTESIAN_POINT('Origin',(-0.999999999999983,-30.,80.));
#5629=CARTESIAN_POINT('',(-0.999999999999983,-26.,80.));
#5630=CARTESIAN_POINT('',(-0.999999999999983,-26.,67.5));
#5631=CARTESIAN_POINT('',(-0.999999999999984,-14.9999999879362,80.));
#5632=CARTESIAN_POINT('Origin',(28.0147928349741,-10.0149131576997,55.));
#5633=CARTESIAN_POINT('',(48.,-10.784,80.));
#5634=CARTESIAN_POINT('',(48.,-10.784,55.));
#5635=CARTESIAN_POINT('Origin',(28.0147928349741,-10.0149131576997,80.));
#5636=CARTESIAN_POINT('Origin',(48.,-5.534,80.));
#5637=CARTESIAN_POINT('',(44.,-5.534,80.));
#5638=CARTESIAN_POINT('',(44.,-5.534,67.5));
#5639=CARTESIAN_POINT('',(48.,-5.534,80.));
#5640=CARTESIAN_POINT('',(23.9999917639197,-5.53400000000001,80.));
#5641=CARTESIAN_POINT('',(48.,-5.534,67.5));
#5642=CARTESIAN_POINT('Origin',(-48.,-10.787,55.));
#5643=CARTESIAN_POINT('',(-48.,-1.53699999999999,80.));
#5644=CARTESIAN_POINT('',(-48.,-1.53699999999999,67.5));
#5645=CARTESIAN_POINT('',(-48.,3.71300000000001,80.));
#5646=CARTESIAN_POINT('',(-48.,3.71300000000001,80.));
#5647=CARTESIAN_POINT('',(-48.,3.71300000000001,55.));
#5648=CARTESIAN_POINT('Origin',(-48.,-1.53699999999999,80.));
#5649=CARTESIAN_POINT('',(-44.,-1.53699999999998,80.));
#5650=CARTESIAN_POINT('',(-44.,-1.53699999999999,67.5));
#5651=CARTESIAN_POINT('',(-24.0000082360803,-1.53699999999999,80.));
#5652=CARTESIAN_POINT('Origin',(48.,3.716,55.));
#5653=CARTESIAN_POINT('',(48.,3.716,80.));
#5654=CARTESIAN_POINT('',(48.,3.716,55.));
#5655=CARTESIAN_POINT('',(48.,-1.534,80.));
#5656=CARTESIAN_POINT('',(48.,-10.784,80.));
#5657=CARTESIAN_POINT('',(48.,-1.534,67.5));
#5658=CARTESIAN_POINT('Origin',(48.,3.716,55.));
#5659=CARTESIAN_POINT('',(48.,-10.784,80.));
#5660=CARTESIAN_POINT('Origin',(22.0015511236974,4.00000004626893,55.));
#5661=CARTESIAN_POINT('',(22.,30.,80.));
#5662=CARTESIAN_POINT('',(22.,30.,55.));
#5663=CARTESIAN_POINT('Origin',(22.0015511236974,4.00000004626893,80.));
#5664=CARTESIAN_POINT('Origin',(-22.,30.,55.));
#5665=CARTESIAN_POINT('',(2.00000000000001,30.,80.));
#5666=CARTESIAN_POINT('',(2.00000000000001,30.,67.5));
#5667=CARTESIAN_POINT('',(22.,30.,80.));
#5668=CARTESIAN_POINT('Origin',(2.00000000000001,30.,80.));
#5669=CARTESIAN_POINT('',(2.00000000000001,26.,80.));
#5670=CARTESIAN_POINT('',(2.00000000000001,26.,67.5));
#5671=CARTESIAN_POINT('',(1.99999999999999,15.0000000120638,80.));
#5672=CARTESIAN_POINT('Origin',(3.00000000000002,-26.,80.));
#5673=CARTESIAN_POINT('',(3.00000000000002,-26.,80.));
#5674=CARTESIAN_POINT('',(3.00000000000002,-12.9999999879362,80.));
#5675=CARTESIAN_POINT('',(3.00000000000002,-26.,67.5));
#5676=CARTESIAN_POINT('Origin',(-44.,-5.53699999999999,80.));
#5677=CARTESIAN_POINT('',(-48.,-5.53699999999999,80.));
#5678=CARTESIAN_POINT('',(-48.,-5.53699999999999,67.5));
#5679=CARTESIAN_POINT('',(-44.,-5.53699999999999,80.));
#5680=CARTESIAN_POINT('',(-22.0000082360803,-5.53699999999999,80.));
#5681=CARTESIAN_POINT('',(-44.,-5.53699999999999,67.5));
#5682=CARTESIAN_POINT('Origin',(44.,-1.534,80.));
#5683=CARTESIAN_POINT('',(44.,-1.534,80.));
#5684=CARTESIAN_POINT('',(21.9999917639197,-1.534,80.));
#5685=CARTESIAN_POINT('',(44.,-1.534,67.5));
#5686=CARTESIAN_POINT('Origin',(-2.,26.,80.));
#5687=CARTESIAN_POINT('',(-1.99999999999998,30.,80.));
#5688=CARTESIAN_POINT('',(-1.99999999999999,30.,67.5));
#5689=CARTESIAN_POINT('',(-2.,26.,80.));
#5690=CARTESIAN_POINT('',(-2.00000000000002,13.0000000120638,80.));
#5691=CARTESIAN_POINT('',(-2.,26.,67.5));
#5692=CARTESIAN_POINT('Origin',(28.787,-26.,55.));
#5693=CARTESIAN_POINT('',(28.787,-26.,80.));
#5694=CARTESIAN_POINT('',(28.787,-26.,80.));
#5695=CARTESIAN_POINT('',(28.787,-26.,55.));
#5696=CARTESIAN_POINT('',(-28.787,-26.,80.));
#5697=CARTESIAN_POINT('',(-28.787,-26.,55.));
#5698=CARTESIAN_POINT('',(28.787,-26.,80.));
#5699=CARTESIAN_POINT('Origin',(-48.,-10.787,55.));
#5700=CARTESIAN_POINT('',(-48.,-10.787,80.));
#5701=CARTESIAN_POINT('',(-48.,-10.787,55.));
#5702=CARTESIAN_POINT('',(-48.,3.71300000000001,80.));
#5703=CARTESIAN_POINT('Origin',(-44.,-10.787,55.));
#5704=CARTESIAN_POINT('',(-44.,-10.787,80.));
#5705=CARTESIAN_POINT('',(-44.,-10.787,80.));
#5706=CARTESIAN_POINT('',(-44.,-10.787,55.));
#5707=CARTESIAN_POINT('',(-44.,3.71300000000001,80.));
#5708=CARTESIAN_POINT('',(-44.,3.71300000000001,55.));
#5709=CARTESIAN_POINT('',(-44.,-10.787,80.));
#5710=CARTESIAN_POINT('Origin',(44.,3.716,55.));
#5711=CARTESIAN_POINT('',(44.,3.716,80.));
#5712=CARTESIAN_POINT('',(44.,3.716,80.));
#5713=CARTESIAN_POINT('',(44.,3.716,55.));
#5714=CARTESIAN_POINT('',(44.,-10.784,80.));
#5715=CARTESIAN_POINT('',(44.,-10.784,55.));
#5716=CARTESIAN_POINT('',(44.,3.716,80.));
#5717=CARTESIAN_POINT('Origin',(-1.647216061329E-5,2.41276021384351E-8,
80.));
#5718=CARTESIAN_POINT('',(22.,26.,80.));
#5719=CARTESIAN_POINT('',(-22.,26.,80.));
#5720=CARTESIAN_POINT('Origin',(22.0018331682702,4.00000007637514,80.));
#5721=CARTESIAN_POINT('Origin',(-1.647216061329E-5,2.41276021384351E-8,
80.));
#5722=CARTESIAN_POINT('',(-22.,26.,80.));
#5723=CARTESIAN_POINT('Origin',(-22.0018721034203,4.00000007965389,80.));
#5724=CARTESIAN_POINT('',(-22.,26.,80.));
#5725=CARTESIAN_POINT('',(-22.,30.,80.));
#5726=CARTESIAN_POINT('',(22.,30.,80.));
#5727=CARTESIAN_POINT('Origin',(-22.0015840680187,4.00000004825522,80.));
#5728=CARTESIAN_POINT('Origin',(-1.647216061329E-5,2.41276021384351E-8,
80.));
#5729=CARTESIAN_POINT('Origin',(28.0183238776194,-10.0184751347413,80.));
#5730=CARTESIAN_POINT('Origin',(-1.647216061329E-5,2.41276021384351E-8,
80.));
#5731=CARTESIAN_POINT('Origin',(-28.0184681940902,-10.0184681940902,80.));
#5732=CARTESIAN_POINT('Origin',(-28.0149086818104,-10.0149086818104,80.));
#5733=CARTESIAN_POINT('Origin',(-22.,26.,55.));
#5734=CARTESIAN_POINT('',(-22.,26.,55.));
#5735=CARTESIAN_POINT('',(22.,26.,55.));
#5736=CARTESIAN_POINT('Origin',(28.0183238776194,-10.0184751347413,55.));
#5737=CARTESIAN_POINT('Origin',(22.0018331682702,4.00000007637514,55.));
#5738=CARTESIAN_POINT('Origin',(-22.0018721034203,4.00000007965389,55.));
#5739=CARTESIAN_POINT('Origin',(-28.0184681940902,-10.0184681940902,55.));
#5740=CARTESIAN_POINT('Origin',(-28.0149086818104,-10.0149086818104,55.));
#5741=CARTESIAN_POINT('Origin',(-22.,30.,55.));
#5742=CARTESIAN_POINT('',(-22.,30.,55.));
#5743=CARTESIAN_POINT('Origin',(-22.0015840680187,4.00000004825522,55.));
#5744=CARTESIAN_POINT('Origin',(-2.4355394598885E-5,-0.789393484826517,
-405.));
#5745=CARTESIAN_POINT('',(50.,3.71599999999999,-405.));
#5746=CARTESIAN_POINT('',(50.,-10.784,-405.));
#5747=CARTESIAN_POINT('',(50.,-10.784,-405.));
#5748=CARTESIAN_POINT('',(28.787,-32.,-405.));
#5749=CARTESIAN_POINT('Origin',(28.0134930634303,-10.013602227307,-405.));
#5750=CARTESIAN_POINT('',(-28.787,-32.,-405.));
#5751=CARTESIAN_POINT('',(-28.787,-32.,-405.));
#5752=CARTESIAN_POINT('',(-50.,-10.787,-405.));
#5753=CARTESIAN_POINT('Origin',(-28.0135985175617,-10.0135985175617,-405.));
#5754=CARTESIAN_POINT('',(-50.,3.713,-405.));
#5755=CARTESIAN_POINT('',(-50.,3.713,-405.));
#5756=CARTESIAN_POINT('',(-22.,32.,-405.));
#5757=CARTESIAN_POINT('Origin',(-22.0014709140315,4.00000003863549,-405.));
#5758=CARTESIAN_POINT('',(22.,32.,-405.));
#5759=CARTESIAN_POINT('',(22.,32.,-405.));
#5760=CARTESIAN_POINT('Origin',(22.0014403231352,4.00000003704519,-405.));
#5761=CARTESIAN_POINT('Origin',(77.,14.,-350.));
#5762=CARTESIAN_POINT('',(77.,14.,-350.));
#5763=CARTESIAN_POINT('',(77.,-14.,-350.));
#5764=CARTESIAN_POINT('',(77.,-14.,-350.));
#5765=CARTESIAN_POINT('',(77.,-14.,-350.));
#5766=CARTESIAN_POINT('',(77.,14.,-350.));
#5767=CARTESIAN_POINT('Ctrl Pts',(77.,-14.,-350.));
#5768=CARTESIAN_POINT('Ctrl Pts',(68.,-12.928,-368.333333333333));
#5769=CARTESIAN_POINT('Ctrl Pts',(59.,-11.856,-386.666666666667));
#5770=CARTESIAN_POINT('Ctrl Pts',(50.,-10.784,-405.));
#5771=CARTESIAN_POINT('Ctrl Pts',(75.6733277553121,-18.1344673684443,-350.));
#5772=CARTESIAN_POINT('Ctrl Pts',(67.0790090481333,-16.7314630563616,-368.333333333333));
#5773=CARTESIAN_POINT('Ctrl Pts',(58.4842175346562,-15.3291995249932,-386.666666666667));
#5774=CARTESIAN_POINT('Ctrl Pts',(49.8898988274774,-13.9261952129105,-405.));
#5775=CARTESIAN_POINT('Ctrl Pts',(71.5072508092599,-25.9164890672668,-350.));
#5776=CARTESIAN_POINT('Ctrl Pts',(63.7719009841933,-23.9978556192289,-368.333333333333));
#5777=CARTESIAN_POINT('Ctrl Pts',(56.0362603719398,-22.0792494059846,-386.666666666667));
#5778=CARTESIAN_POINT('Ctrl Pts',(48.3009105468733,-20.1606159579466,-405.));
#5779=CARTESIAN_POINT('Ctrl Pts',(61.5316922405074,-34.6246881227929,-350.));
#5780=CARTESIAN_POINT('Ctrl Pts',(55.1035695823592,-32.3091834719913,-368.333333333333));
#5781=CARTESIAN_POINT('Ctrl Pts',(48.6753354983608,-29.9940743839633,-386.666666666667));
#5782=CARTESIAN_POINT('Ctrl Pts',(42.2472128402126,-27.6785697331617,-405.));
#5783=CARTESIAN_POINT('Ctrl Pts',(51.1881386192602,-38.4660078527588,-350.));
#5784=CARTESIAN_POINT('Ctrl Pts',(45.8102490647836,-36.0693495080935,-368.333333333333));
#5785=CARTESIAN_POINT('Ctrl Pts',(40.4322758028596,-33.6725069550458,-386.666666666667));
#5786=CARTESIAN_POINT('Ctrl Pts',(35.0543862483831,-31.2758486103805,-405.));
#5787=CARTESIAN_POINT('Ctrl Pts',(44.6710116228829,-39.0133585065216,-350.));
#5788=CARTESIAN_POINT('Ctrl Pts',(39.8999897732273,-36.657038277146,-368.333333333333));
#5789=CARTESIAN_POINT('Ctrl Pts',(35.1291116555491,-34.3010474704909,-386.666666666667));
#5790=CARTESIAN_POINT('Ctrl Pts',(30.3580898058934,-31.9447272411153,-405.));
#5791=CARTESIAN_POINT('Ctrl Pts',(42.5,-39.,-350.));
#5792=CARTESIAN_POINT('Ctrl Pts',(37.929,-36.6666666666667,-368.333333333333));
#5793=CARTESIAN_POINT('Ctrl Pts',(33.358,-34.3333333333333,-386.666666666667));
#5794=CARTESIAN_POINT('Ctrl Pts',(28.787,-32.,-405.));
#5795=CARTESIAN_POINT('',(42.5,-39.,-350.));
#5796=CARTESIAN_POINT('Origin',(42.7215083172203,-3.000681477764,-350.));
#5797=CARTESIAN_POINT('',(42.5,-39.,-350.));
#5798=CARTESIAN_POINT('Origin',(42.5,-39.,-350.));
#5799=CARTESIAN_POINT('',(-42.5,-39.,-350.));
#5800=CARTESIAN_POINT('',(-42.5,-39.,-350.));
#5801=CARTESIAN_POINT('',(-42.5,-39.,-350.));
#5802=CARTESIAN_POINT('Ctrl Pts',(-42.5,-39.,-350.));
#5803=CARTESIAN_POINT('Ctrl Pts',(-37.929,-36.6666666666667,-368.333333333333));
#5804=CARTESIAN_POINT('Ctrl Pts',(-33.358,-34.3333333333333,-386.666666666667));
#5805=CARTESIAN_POINT('Ctrl Pts',(-28.787,-32.,-405.));
#5806=CARTESIAN_POINT('Ctrl Pts',(-46.8420232457658,-39.0267170130431,-350.));
#5807=CARTESIAN_POINT('Ctrl Pts',(-41.8709595882906,-36.6477988658899,-368.333333333333));
#5808=CARTESIAN_POINT('Ctrl Pts',(-36.8999677757824,-34.2683974098366,-386.666666666667));
#5809=CARTESIAN_POINT('Ctrl Pts',(-31.9289041183072,-31.8894792626834,-405.));
#5810=CARTESIAN_POINT('Ctrl Pts',(-55.5344140592786,-37.4910084512718,-350.));
#5811=CARTESIAN_POINT('Ctrl Pts',(-49.7438750897266,-35.0940066009035,-368.333333333333));
#5812=CARTESIAN_POINT('Ctrl Pts',(-43.9531040958521,-32.6969047895956,-386.666666666667));
#5813=CARTESIAN_POINT('Ctrl Pts',(-38.1625651263001,-30.2999029392272,-405.));
#5814=CARTESIAN_POINT('Ctrl Pts',(-66.9159470997805,-30.7230541667785,-350.));
#5815=CARTESIAN_POINT('Ctrl Pts',(-59.8370106805685,-28.564188646203,-368.333333333333));
#5816=CARTESIAN_POINT('Ctrl Pts',(-52.7582790796041,-26.4050244504636,-386.666666666667));
#5817=CARTESIAN_POINT('Ctrl Pts',(-45.6793426603921,-24.246158929888,-405.));
#5818=CARTESIAN_POINT('Ctrl Pts',(-73.7871605517019,-22.0899050031512,-350.));
#5819=CARTESIAN_POINT('Ctrl Pts',(-65.6168524451532,-20.4111598057247,-368.333333333333));
#5820=CARTESIAN_POINT('Ctrl Pts',(-57.4462941664356,-18.7325856217,-386.666666666667));
#5821=CARTESIAN_POINT('Ctrl Pts',(-49.2759860598869,-17.0538404242735,-405.));
#5822=CARTESIAN_POINT('Ctrl Pts',(-76.336663877656,-16.0672336842221,-350.));
#5823=CARTESIAN_POINT('Ctrl Pts',(-67.5392121040182,-14.8309007485247,-368.333333333333));
#5824=CARTESIAN_POINT('Ctrl Pts',(-58.7421914049796,-13.594284994851,-386.666666666667));
#5825=CARTESIAN_POINT('Ctrl Pts',(-49.9447396313417,-12.3579520591536,-405.));
#5826=CARTESIAN_POINT('Ctrl Pts',(-77.,-14.,-350.));
#5827=CARTESIAN_POINT('Ctrl Pts',(-68.,-12.929,-368.333333333333));
#5828=CARTESIAN_POINT('Ctrl Pts',(-59.,-11.858,-386.666666666667));
#5829=CARTESIAN_POINT('Ctrl Pts',(-50.,-10.787,-405.));
#5830=CARTESIAN_POINT('',(-77.,-14.,-350.));
#5831=CARTESIAN_POINT('Origin',(-42.7215083172203,-3.00068147776401,-350.));
#5832=CARTESIAN_POINT('',(-77.,-14.,-350.));
#5833=CARTESIAN_POINT('Origin',(-77.,-14.,-350.));
#5834=CARTESIAN_POINT('',(-77.,14.,-350.));
#5835=CARTESIAN_POINT('',(-77.,14.,-350.));
#5836=CARTESIAN_POINT('',(-77.,14.,-350.));
#5837=CARTESIAN_POINT('Ctrl Pts',(-77.,14.,-350.));
#5838=CARTESIAN_POINT('Ctrl Pts',(-68.,10.571,-368.333333333333));
#5839=CARTESIAN_POINT('Ctrl Pts',(-59.,7.142,-386.666666666667));
#5840=CARTESIAN_POINT('Ctrl Pts',(-50.,3.713,-405.));
#5841=CARTESIAN_POINT('Ctrl Pts',(-74.0385391162345,18.3654202490082,-350.));
#5842=CARTESIAN_POINT('Ctrl Pts',(-66.0410144303498,14.8862154291287,-368.333333333333));
#5843=CARTESIAN_POINT('Ctrl Pts',(-58.0407413988042,11.4082474358691,-386.666666666667));
#5844=CARTESIAN_POINT('Ctrl Pts',(-50.0432167129196,7.92904261598957,-405.));
#5845=CARTESIAN_POINT('Ctrl Pts',(-66.8960407489359,26.2682880351274,-350.));
#5846=CARTESIAN_POINT('Ctrl Pts',(-60.6617330253451,22.9717298443336,-368.333333333333));
#5847=CARTESIAN_POINT('Ctrl Pts',(-54.4265405922653,19.6746863553135,-386.666666666667));
#5848=CARTESIAN_POINT('Ctrl Pts',(-48.1922328686746,16.3781281645198,-405.));
#5849=CARTESIAN_POINT('Ctrl Pts',(-53.3434573182126,34.7329670318274,-350.));
#5850=CARTESIAN_POINT('Ctrl Pts',(-48.9500833759882,32.0123442929121,-368.333333333333));
#5851=CARTESIAN_POINT('Ctrl Pts',(-44.5556879685142,29.2923445755312,-386.666666666667));
#5852=CARTESIAN_POINT('Ctrl Pts',(-40.1623140262898,26.5717218366159,-405.));
#5853=CARTESIAN_POINT('Ctrl Pts',(-40.548830900858,38.4202141757398,-350.));
#5854=CARTESIAN_POINT('Ctrl Pts',(-37.1771485378345,36.0436706647062,-368.333333333333));
#5855=CARTESIAN_POINT('Ctrl Pts',(-33.8055866446672,33.6659849009865,-386.666666666667));
#5856=CARTESIAN_POINT('Ctrl Pts',(-30.4339042816437,31.2894413899529,-405.));
#5857=CARTESIAN_POINT('Ctrl Pts',(-32.6375602725924,38.9921299572301,-350.));
#5858=CARTESIAN_POINT('Ctrl Pts',(-29.7943630027341,36.6608234500198,-368.333333333333));
#5859=CARTESIAN_POINT('Ctrl Pts',(-26.9513293206949,34.3314172529609,-386.666666666667));
#5860=CARTESIAN_POINT('Ctrl Pts',(-24.1081320508365,32.0001107457507,-405.));
#5861=CARTESIAN_POINT('Ctrl Pts',(-30.,39.,-350.));
#5862=CARTESIAN_POINT('Ctrl Pts',(-27.3333333333333,36.6666666666667,-368.333333333333));
#5863=CARTESIAN_POINT('Ctrl Pts',(-24.6666666666667,34.3333333333333,-386.666666666667));
#5864=CARTESIAN_POINT('Ctrl Pts',(-22.,32.,-405.));
#5865=CARTESIAN_POINT('',(-30.,39.,-350.));
#5866=CARTESIAN_POINT('Origin',(-29.829922202881,-17.9997462585837,-350.));
#5867=CARTESIAN_POINT('',(-30.,39.,-350.));
#5868=CARTESIAN_POINT('Origin',(-30.,39.,-350.));
#5869=CARTESIAN_POINT('',(30.,39.,-350.));
#5870=CARTESIAN_POINT('',(30.,39.,-350.));
#5871=CARTESIAN_POINT('',(30.,39.,-350.));
#5872=CARTESIAN_POINT('Ctrl Pts',(30.,39.,-350.));
#5873=CARTESIAN_POINT('Ctrl Pts',(27.3333333333333,36.6666666666667,-368.333333333333));
#5874=CARTESIAN_POINT('Ctrl Pts',(24.6666666666667,34.3333333333333,-386.666666666667));
#5875=CARTESIAN_POINT('Ctrl Pts',(22.,32.,-405.));
#5876=CARTESIAN_POINT('Ctrl Pts',(35.2751205451849,38.9842599144601,-350.));
#5877=CARTESIAN_POINT('Ctrl Pts',(32.255203104806,36.6571274416231,-368.333333333333));
#5878=CARTESIAN_POINT('Ctrl Pts',(29.2358928995822,34.327349343087,-386.666666666667));
#5879=CARTESIAN_POINT('Ctrl Pts',(26.2159754592033,32.00021687025,-405.));
#5880=CARTESIAN_POINT('Ctrl Pts',(45.8204475426359,37.4787099469374,-350.));
#5881=CARTESIAN_POINT('Ctrl Pts',(42.0955723884151,35.0071992274508,-368.333333333333));
#5882=CARTESIAN_POINT('Ctrl Pts',(38.3700430491047,32.5349412172728,-386.666666666667));
#5883=CARTESIAN_POINT('Ctrl Pts',(34.645167894884,30.0634304977863,-405.));
#5884=CARTESIAN_POINT('Ctrl Pts',(60.4144093618958,30.9718223230134,-350.));
#5885=CARTESIAN_POINT('Ctrl Pts',(55.1947947666443,27.9585697332394,-368.333333333333));
#5886=CARTESIAN_POINT('Ctrl Pts',(49.9756017587282,24.9442759369774,-386.666666666667));
#5887=CARTESIAN_POINT('Ctrl Pts',(44.7559871634767,21.9310233472035,-405.));
#5888=CARTESIAN_POINT('Ctrl Pts',(70.6232022462135,22.4232081387032,-350.));
#5889=CARTESIAN_POINT('Ctrl Pts',(63.5407517276797,19.0007093049135,-368.333333333333));
#5890=CARTESIAN_POINT('Ctrl Pts',(56.4571199606451,15.578564805642,-386.666666666667));
#5891=CARTESIAN_POINT('Ctrl Pts',(49.3746694421113,12.1560659718523,-405.));
#5892=CARTESIAN_POINT('Ctrl Pts',(75.5192695581172,16.1827101245041,-350.));
#5893=CARTESIAN_POINT('Ctrl Pts',(67.0192964758864,12.7298480686669,-368.333333333333));
#5894=CARTESIAN_POINT('Ctrl Pts',(58.5213541034484,9.2767413531028,-386.666666666667));
#5895=CARTESIAN_POINT('Ctrl Pts',(50.0213810212175,5.82387929726562,-405.));
#5896=CARTESIAN_POINT('Ctrl Pts',(77.,14.,-350.));
#5897=CARTESIAN_POINT('Ctrl Pts',(68.,10.572,-368.333333333333));
#5898=CARTESIAN_POINT('Ctrl Pts',(59.,7.14399999999999,-386.666666666667));
#5899=CARTESIAN_POINT('Ctrl Pts',(50.,3.71599999999999,-405.));
#5900=CARTESIAN_POINT('Origin',(29.829922202881,-17.9997462585836,-350.));
#5901=CARTESIAN_POINT('Origin',(75.,-14.,-342.));
#5902=CARTESIAN_POINT('',(75.,-2.,-342.));
#5903=CARTESIAN_POINT('',(-75.,-2.,-342.));
#5904=CARTESIAN_POINT('',(75.,-2.,-342.));
#5905=CARTESIAN_POINT('',(75.,-14.,-342.));
#5906=CARTESIAN_POINT('',(75.,-14.,-342.));
#5907=CARTESIAN_POINT('',(-75.,-14.,-342.));
#5908=CARTESIAN_POINT('',(75.,-14.,-342.));
#5909=CARTESIAN_POINT('',(-75.,0.,-342.));
#5910=CARTESIAN_POINT('Origin',(40.9679593271795,-14.,-309.003532232396));
#5911=CARTESIAN_POINT('',(71.9519398975989,-14.,-310.));
#5912=CARTESIAN_POINT('Origin',(40.9679593271795,-14.,-309.003532232396));
#5913=CARTESIAN_POINT('',(71.9519398975989,-2.,-310.));
#5914=CARTESIAN_POINT('',(71.9519398975989,-14.,-310.));
#5915=CARTESIAN_POINT('Origin',(40.9679593271795,-2.,-309.003532232396));
#5916=CARTESIAN_POINT('Origin',(76.9519398975989,-14.,-310.));
#5917=CARTESIAN_POINT('',(76.9519398975989,-14.,-340.));
#5918=CARTESIAN_POINT('',(76.9519398975989,-14.,-310.));
#5919=CARTESIAN_POINT('',(76.9519398975989,-14.,-160.));
#5920=CARTESIAN_POINT('',(76.9519398975989,-2.,-340.));
#5921=CARTESIAN_POINT('',(76.9519398975989,-14.,-340.));
#5922=CARTESIAN_POINT('',(76.9519398975989,-2.,-310.));
#5923=CARTESIAN_POINT('',(76.9519398975989,-2.,-325.));
#5924=CARTESIAN_POINT('',(76.9519398975989,-14.,-310.));
#5925=CARTESIAN_POINT('Origin',(71.9519398975989,-14.,-310.));
#5926=CARTESIAN_POINT('',(-2.52403005120053,-14.,-310.));
#5927=CARTESIAN_POINT('',(74.4759699487995,-2.,-310.));
#5928=CARTESIAN_POINT('Origin',(-41.0159949185892,-14.,-309.004294664519));
#5929=CARTESIAN_POINT('',(-72.,-14.,-310.));
#5930=CARTESIAN_POINT('Origin',(-77.,-14.,-310.));
#5931=CARTESIAN_POINT('',(-77.,-14.,-310.));
#5932=CARTESIAN_POINT('Origin',(-77.,-14.,-10.));
#5933=CARTESIAN_POINT('',(77.,-14.,-10.));
#5934=CARTESIAN_POINT('',(77.,-14.,-10.));
#5935=CARTESIAN_POINT('',(77.,-14.,-340.));
#5936=CARTESIAN_POINT('',(77.,-14.,0.));
#5937=CARTESIAN_POINT('',(77.,-14.,-340.));
#5938=CARTESIAN_POINT('',(-75.,-14.,-340.));
#5939=CARTESIAN_POINT('',(28.,-14.,-315.));
#5940=CARTESIAN_POINT('Origin',(40.5,-14.,-315.));
#5941=CARTESIAN_POINT('Origin',(-77.,-14.,-340.));
#5942=CARTESIAN_POINT('',(77.,-2.,-340.));
#5943=CARTESIAN_POINT('',(77.,6.,-340.));
#5944=CARTESIAN_POINT('',(77.,-2.,-340.));
#5945=CARTESIAN_POINT('Origin',(40.5,-14.,-315.));
#5946=CARTESIAN_POINT('',(28.,-16.,-315.));
#5947=CARTESIAN_POINT('',(28.,-14.,-315.));
#5948=CARTESIAN_POINT('Origin',(40.5,-16.,-315.));
#5949=CARTESIAN_POINT('Origin',(-40.5,-14.,-315.));
#5950=CARTESIAN_POINT('',(-53.,-16.,-315.));
#5951=CARTESIAN_POINT('',(-53.,-14.,-315.));
#5952=CARTESIAN_POINT('Origin',(-40.5,-16.,-315.));
#5953=CARTESIAN_POINT('Origin',(0.,-2.,-341.));
#5954=CARTESIAN_POINT('',(75.,-2.,-340.));
#5955=CARTESIAN_POINT('',(75.,-2.,-170.5));
#5956=CARTESIAN_POINT('',(-75.,-2.,-340.));
#5957=CARTESIAN_POINT('',(-75.,-2.,-170.5));
#5958=CARTESIAN_POINT('',(77.,-2.,-340.));
#5959=CARTESIAN_POINT('',(77.,-2.,-340.));
#5960=CARTESIAN_POINT('',(77.,-2.,-340.));
#5961=CARTESIAN_POINT('Origin',(0.,-14.,-341.));
#5962=CARTESIAN_POINT('',(75.,-14.,-340.));
#5963=CARTESIAN_POINT('',(75.,-14.,0.));
#5964=CARTESIAN_POINT('',(-75.,-14.,-340.));
#5965=CARTESIAN_POINT('',(-75.,-14.,-340.));
#5966=CARTESIAN_POINT('',(-75.,-14.,-340.));
#5967=CARTESIAN_POINT('',(-75.,-14.,-340.));
#5968=CARTESIAN_POINT('',(-75.,-14.,0.));
#5969=CARTESIAN_POINT('Origin',(-75.,-14.,-8.));
#5970=CARTESIAN_POINT('',(-75.,-2.,-8.));
#5971=CARTESIAN_POINT('',(75.,-2.,-8.));
#5972=CARTESIAN_POINT('',(-75.,-2.,-8.));
#5973=CARTESIAN_POINT('',(-75.,-14.,-8.));
#5974=CARTESIAN_POINT('',(-75.,0.,-8.));
#5975=CARTESIAN_POINT('',(75.,-14.,-8.));
#5976=CARTESIAN_POINT('',(-76.,-14.,-8.));
#5977=CARTESIAN_POINT('',(75.,-14.,-8.));
#5978=CARTESIAN_POINT('Origin',(0.,-2.,-9.));
#5979=CARTESIAN_POINT('',(-75.,-2.,-4.5));
#5980=CARTESIAN_POINT('',(75.,-2.,-10.));
#5981=CARTESIAN_POINT('',(75.,-2.,-4.5));
#5982=CARTESIAN_POINT('',(77.,-2.,-10.));
#5983=CARTESIAN_POINT('',(77.,-2.,-10.));
#5984=CARTESIAN_POINT('Origin',(-75.,14.,0.));
#5985=CARTESIAN_POINT('',(-75.,2.,-10.));
#5986=CARTESIAN_POINT('',(-75.,6.,-10.));
#5987=CARTESIAN_POINT('',(-75.,2.,-7.99999999999997));
#5988=CARTESIAN_POINT('',(-75.,2.,-4.49999999999999));
#5989=CARTESIAN_POINT('',(-75.,14.,-7.99999999999997));
#5990=CARTESIAN_POINT('',(-75.,8.,-7.99999999999997));
#5991=CARTESIAN_POINT('',(-75.,14.,0.));
#5992=CARTESIAN_POINT('',(-75.,-14.,0.));
#5993=CARTESIAN_POINT('Origin',(-77.,14.,-340.));
#5994=CARTESIAN_POINT('',(75.,14.,-7.99999999999997));
#5995=CARTESIAN_POINT('',(-76.,14.,-7.99999999999997));
#5996=CARTESIAN_POINT('',(75.,14.,0.));
#5997=CARTESIAN_POINT('Origin',(-74.245254006302,-16.,-340.));
#5998=CARTESIAN_POINT('',(-74.245254006302,-16.,-340.));
#5999=CARTESIAN_POINT('',(-74.245254006302,-16.,0.));
#6000=CARTESIAN_POINT('',(74.245254006302,-16.,-340.));
#6001=CARTESIAN_POINT('',(74.245254006302,-16.,-340.));
#6002=CARTESIAN_POINT('',(74.245254006302,-16.,0.));
#6003=CARTESIAN_POINT('Origin',(-40.5,2.,-32.9221929604616));
#6004=CARTESIAN_POINT('',(-53.,2.,-32.9221929604616));
#6005=CARTESIAN_POINT('Origin',(-40.5,2.,-32.9221929604616));
#6006=CARTESIAN_POINT('',(-53.,2.,-32.9221929604616));
#6007=CARTESIAN_POINT('Origin',(40.5,2.,-32.9221929604616));
#6008=CARTESIAN_POINT('',(28.,2.,-32.9221929604616));
#6009=CARTESIAN_POINT('Origin',(40.5,2.,-32.9221929604616));
#6010=CARTESIAN_POINT('',(28.,-2.,-32.9221929604616));
#6011=CARTESIAN_POINT('',(28.,2.,-32.9221929604616));
#6012=CARTESIAN_POINT('Origin',(40.5,-2.,-32.9221929604616));
#6013=CARTESIAN_POINT('Origin',(75.,2.,-342.));
#6014=CARTESIAN_POINT('',(75.,2.,-342.));
#6015=CARTESIAN_POINT('',(-75.,2.,-342.));
#6016=CARTESIAN_POINT('',(75.,2.,-342.));
#6017=CARTESIAN_POINT('',(-75.,14.,-342.));
#6018=CARTESIAN_POINT('',(-75.,8.,-342.));
#6019=CARTESIAN_POINT('',(75.,14.,-342.));
#6020=CARTESIAN_POINT('',(75.,14.,-342.));
#6021=CARTESIAN_POINT('',(75.,-6.,-342.));
#6022=CARTESIAN_POINT('Origin',(0.,14.,-341.));
#6023=CARTESIAN_POINT('',(75.,14.,-340.));
#6024=CARTESIAN_POINT('',(75.,14.,0.));
#6025=CARTESIAN_POINT('',(-75.,14.,-340.));
#6026=CARTESIAN_POINT('',(-75.,14.,0.));
#6027=CARTESIAN_POINT('',(-2.00000000000001,14.,-340.));
#6028=CARTESIAN_POINT('',(75.,14.,-340.));
#6029=CARTESIAN_POINT('',(1.99999999999999,14.,-340.));
#6030=CARTESIAN_POINT('',(-2.22044604925031E-15,14.,-340.));
#6031=CARTESIAN_POINT('',(75.,14.,-340.));
#6032=CARTESIAN_POINT('Origin',(0.,2.,-341.));
#6033=CARTESIAN_POINT('',(75.,2.,-340.));
#6034=CARTESIAN_POINT('',(75.,2.,-170.5));
#6035=CARTESIAN_POINT('',(1.99999999999999,2.,-340.));
#6036=CARTESIAN_POINT('',(77.,2.,-340.));
#6037=CARTESIAN_POINT('',(-2.00000000000001,2.,-340.));
#6038=CARTESIAN_POINT('',(-2.22044604925031E-15,2.,-340.));
#6039=CARTESIAN_POINT('',(-75.,2.,-340.));
#6040=CARTESIAN_POINT('',(77.,2.,-340.));
#6041=CARTESIAN_POINT('',(-75.,2.,-170.5));
#6042=CARTESIAN_POINT('Origin',(-75.,14.,0.));
#6043=CARTESIAN_POINT('',(-75.,-14.,0.));
#6044=CARTESIAN_POINT('',(-75.,14.,0.));
#6045=CARTESIAN_POINT('',(-75.,8.,-340.));
#6046=CARTESIAN_POINT('Origin',(-4.44089209850063E-15,15.,-340.));
#6047=CARTESIAN_POINT('',(77.,2.,-340.));
#6048=CARTESIAN_POINT('',(75.,-6.,-340.));
#6049=CARTESIAN_POINT('',(77.,-2.,-340.));
#6050=CARTESIAN_POINT('',(77.,2.,-340.));
#6051=CARTESIAN_POINT('Origin',(75.,-14.,0.));
#6052=CARTESIAN_POINT('',(75.,14.,0.));
#6053=CARTESIAN_POINT('',(75.,-14.,0.));
#6054=CARTESIAN_POINT('Origin',(1.99999999999999,2.,-10.));
#6055=CARTESIAN_POINT('',(1.99999999999999,2.,-10.));
#6056=CARTESIAN_POINT('',(1.99999999999999,2.,-10.));
#6057=CARTESIAN_POINT('',(1.99999999999999,2.,-340.));
#6058=CARTESIAN_POINT('',(1.99999999999999,14.,-10.));
#6059=CARTESIAN_POINT('',(1.99999999999999,14.,-175.));
#6060=CARTESIAN_POINT('',(1.99999999999999,2.,-10.));
#6061=CARTESIAN_POINT('Origin',(-2.00000000000001,2.,-340.));
#6062=CARTESIAN_POINT('',(-2.00000000000001,2.,-10.));
#6063=CARTESIAN_POINT('',(-2.00000000000001,2.,-175.));
#6064=CARTESIAN_POINT('',(-2.00000000000001,14.,-10.));
#6065=CARTESIAN_POINT('',(-2.00000000000001,2.,-10.));
#6066=CARTESIAN_POINT('',(-2.00000000000001,14.,-340.));
#6067=CARTESIAN_POINT('',(-2.00000000000001,2.,-340.));
#6068=CARTESIAN_POINT('Origin',(-77.,14.,-340.));
#6069=CARTESIAN_POINT('',(75.,14.,-340.));
#6070=CARTESIAN_POINT('',(77.,14.,-340.));
#6071=CARTESIAN_POINT('',(77.,14.,-340.));
#6072=CARTESIAN_POINT('',(77.,14.,-40.));
#6073=CARTESIAN_POINT('',(77.,14.,0.));
#6074=CARTESIAN_POINT('',(72.,14.,-40.));
#6075=CARTESIAN_POINT('',(0.,14.,-40.));
#6076=CARTESIAN_POINT('',(41.5319898371779,14.,-10.));
#6077=CARTESIAN_POINT('Origin',(41.0159949185891,14.,-40.9957053354814));
#6078=CARTESIAN_POINT('',(-0.999999999999996,14.,-10.));
#6079=CARTESIAN_POINT('Origin',(-77.,14.,-340.));
#6080=CARTESIAN_POINT('',(-41.5319898371782,14.,-10.));
#6081=CARTESIAN_POINT('',(-0.999999999999996,14.,-10.));
#6082=CARTESIAN_POINT('',(-72.,14.,-40.));
#6083=CARTESIAN_POINT('Origin',(-41.0159949185891,14.,-40.9957053354814));
#6084=CARTESIAN_POINT('',(-77.,14.,-40.));
#6085=CARTESIAN_POINT('',(-74.5,14.,-40.));
#6086=CARTESIAN_POINT('',(-77.,14.,-340.));
#6087=CARTESIAN_POINT('',(-77.,14.,0.));
#6088=CARTESIAN_POINT('',(-77.,14.,-340.));
#6089=CARTESIAN_POINT('',(75.,14.,-340.));
#6090=CARTESIAN_POINT('Origin',(77.,2.,-10.));
#6091=CARTESIAN_POINT('',(41.5319898371779,2.,-10.));
#6092=CARTESIAN_POINT('',(77.,2.,-10.));
#6093=CARTESIAN_POINT('',(72.,2.,-40.));
#6094=CARTESIAN_POINT('Origin',(41.0159949185891,2.,-40.9957053354814));
#6095=CARTESIAN_POINT('',(77.,2.,-40.));
#6096=CARTESIAN_POINT('',(77.,2.,-40.));
#6097=CARTESIAN_POINT('',(77.,2.,-340.));
#6098=CARTESIAN_POINT('',(77.,2.,-170.));
#6099=CARTESIAN_POINT('',(77.,2.,-340.));
#6100=CARTESIAN_POINT('Origin',(75.,2.,-10.));
#6101=CARTESIAN_POINT('',(41.5319898371779,2.,-10.));
#6102=CARTESIAN_POINT('',(77.,2.,-10.));
#6103=CARTESIAN_POINT('Origin',(75.,2.,-10.));
#6104=CARTESIAN_POINT('',(-41.5319898371782,2.,-10.));
#6105=CARTESIAN_POINT('',(77.,2.,-10.));
#6106=CARTESIAN_POINT('',(-41.5319898371782,2.,-10.));
#6107=CARTESIAN_POINT('Origin',(-75.,2.,-7.99999999999997));
#6108=CARTESIAN_POINT('',(75.,2.,-7.99999999999997));
#6109=CARTESIAN_POINT('',(-75.,2.,-7.99999999999997));
#6110=CARTESIAN_POINT('',(75.,-6.,-7.99999999999997));
#6111=CARTESIAN_POINT('Origin',(-4.44089209850063E-15,2.,-8.99999999999999));
#6112=CARTESIAN_POINT('',(38.5,2.,-10.));
#6113=CARTESIAN_POINT('',(77.,2.,-10.));
#6114=CARTESIAN_POINT('',(75.,2.,-10.));
#6115=CARTESIAN_POINT('',(38.5,2.,-10.));
#6116=CARTESIAN_POINT('',(75.,2.,-4.49999999999999));
#6117=CARTESIAN_POINT('Origin',(75.,-14.,0.));
#6118=CARTESIAN_POINT('',(75.,-14.,0.));
#6119=CARTESIAN_POINT('',(75.,-6.,-10.));
#6120=CARTESIAN_POINT('Origin',(-41.0159949185891,2.,-40.9957053354814));
#6121=CARTESIAN_POINT('',(-72.,2.,-40.));
#6122=CARTESIAN_POINT('Origin',(-41.0159949185891,2.,-40.9957053354814));
#6123=CARTESIAN_POINT('',(-72.,2.,-40.));
#6124=CARTESIAN_POINT('Origin',(-72.,2.,-40.));
#6125=CARTESIAN_POINT('',(-77.,2.,-40.));
#6126=CARTESIAN_POINT('',(2.49999999999999,2.,-40.));
#6127=CARTESIAN_POINT('',(-77.,2.,-40.));
#6128=CARTESIAN_POINT('Origin',(41.0159949185891,2.,-40.9957053354814));
#6129=CARTESIAN_POINT('',(72.,2.,-40.));
#6130=CARTESIAN_POINT('Origin',(77.,2.,-40.));
#6131=CARTESIAN_POINT('',(77.,2.,-40.));
#6132=CARTESIAN_POINT('Origin',(0.,-15.,-340.));
#6133=CARTESIAN_POINT('Origin',(-42.8280430494009,-3.0015825698057,-340.));
#6134=CARTESIAN_POINT('Origin',(42.8280430494009,-3.0015825698057,-340.));
#6135=CARTESIAN_POINT('Origin',(73.4994402224591,16.,-340.));
#6136=CARTESIAN_POINT('',(73.4994402224591,16.,-340.));
#6137=CARTESIAN_POINT('',(73.4994402224591,16.,0.));
#6138=CARTESIAN_POINT('',(-73.4994402224591,16.,-340.));
#6139=CARTESIAN_POINT('',(-73.4994402224591,16.,-340.));
#6140=CARTESIAN_POINT('',(-73.4994402224591,16.,0.));
#6141=CARTESIAN_POINT('Origin',(-4.44089209850063E-15,15.,-340.));
#6142=CARTESIAN_POINT('Origin',(-30.2669979052388,-17.9993519245327,-340.));
#6143=CARTESIAN_POINT('Origin',(30.2669979052388,-17.9993519245328,-340.));
#6144=CARTESIAN_POINT('Origin',(-30.2669979052388,-17.9993519245327,0.));
#6145=CARTESIAN_POINT('',(-30.,37.,0.));
#6146=CARTESIAN_POINT('Origin',(-77.,-2.,-10.));
#6147=CARTESIAN_POINT('',(77.,-2.,-10.));
#6148=CARTESIAN_POINT('',(77.,-2.,-10.));
#6149=CARTESIAN_POINT('',(77.,-2.22044604925031E-15,-10.));
#6150=CARTESIAN_POINT('Origin',(-77.,-14.,-10.));
#6151=CARTESIAN_POINT('Origin',(-77.,2.,-340.));
#6152=CARTESIAN_POINT('',(-77.,2.,-340.));
#6153=CARTESIAN_POINT('',(-77.,-6.,-340.));
#6154=CARTESIAN_POINT('',(-77.,2.,-340.));
#6155=CARTESIAN_POINT('Origin',(77.,-2.,-340.));
#6156=CARTESIAN_POINT('',(77.,-2.,-5.));
#6157=CARTESIAN_POINT('',(77.,-2.,-10.));
#6158=CARTESIAN_POINT('Origin',(-77.,-14.,0.));
#6159=CARTESIAN_POINT('',(-77.,-14.,0.));
#6160=CARTESIAN_POINT('',(-77.,14.,0.));
#6161=CARTESIAN_POINT('',(-77.,2.,-5.));
#6162=CARTESIAN_POINT('',(-77.,14.,0.));
#6163=CARTESIAN_POINT('',(-77.,-14.,0.));
#6164=CARTESIAN_POINT('Origin',(77.,2.,-10.));
#6165=CARTESIAN_POINT('',(77.,2.,-10.));
#6166=CARTESIAN_POINT('Origin',(77.,14.,-340.));
#6167=CARTESIAN_POINT('',(77.,14.,-340.));
#6168=CARTESIAN_POINT('Origin',(77.,14.,0.));
#6169=CARTESIAN_POINT('',(77.,-14.,0.));
#6170=CARTESIAN_POINT('',(77.,14.,0.));
#6171=CARTESIAN_POINT('',(77.,14.,0.));
#6172=CARTESIAN_POINT('',(77.,-14.,0.));
#6173=CARTESIAN_POINT('Origin',(77.,-2.,-10.));
#6174=CARTESIAN_POINT('Origin',(30.2669979052388,-17.9993519245328,0.));
#6175=CARTESIAN_POINT('',(30.,37.,0.));
#6176=CARTESIAN_POINT('Origin',(42.8280430494009,-3.0015825698057,0.));
#6177=CARTESIAN_POINT('',(42.5,-37.,0.));
#6178=CARTESIAN_POINT('Origin',(-42.5,-37.,0.));
#6179=CARTESIAN_POINT('',(-42.5,-37.,0.));
#6180=CARTESIAN_POINT('Origin',(-42.8280430494009,-3.0015825698057,0.));
#6181=CARTESIAN_POINT('Origin',(30.,37.,0.));
#6182=CARTESIAN_POINT('Origin',(-42.7215083172203,-3.000681477764,0.));
#6183=CARTESIAN_POINT('',(-42.5,-39.,0.));
#6184=CARTESIAN_POINT('Origin',(42.5,-39.,0.));
#6185=CARTESIAN_POINT('',(42.5,-39.,0.));
#6186=CARTESIAN_POINT('Origin',(42.7215083172203,-3.000681477764,0.));
#6187=CARTESIAN_POINT('Origin',(29.829922202881,-17.9997462585837,0.));
#6188=CARTESIAN_POINT('',(30.,39.,0.));
#6189=CARTESIAN_POINT('Origin',(-30.,39.,0.));
#6190=CARTESIAN_POINT('',(-30.,39.,0.));
#6191=CARTESIAN_POINT('Origin',(-29.829922202881,-17.9997462585837,0.));
#6192=CARTESIAN_POINT('',(0.,-14.,0.));
#6193=CARTESIAN_POINT('polyline point',(0.,-14.,0.));
#6194=CARTESIAN_POINT('polyline point',(-76.,-14.,-10.));
#6195=CARTESIAN_POINT('polyline point',(-77.,-14.,-10.));
#6196=CARTESIAN_POINT('polyline point',(-75.,-14.,-10.));
#6197=CARTESIAN_POINT('polyline point',(-76.,-14.,-10.));
#6198=CARTESIAN_POINT('polyline point',(-76.0000000000001,-14.,-340.));
#6199=CARTESIAN_POINT('polyline point',(-42.5,-14.,-349.));
#6200=CARTESIAN_POINT('polyline point',(42.5,-14.,-349.));
#6201=CARTESIAN_POINT('polyline point',(-78.0000000000001,-14.,-350.));
#6202=CARTESIAN_POINT('polyline point',(-74.,-14.,-350.));
#6203=CARTESIAN_POINT('polyline point',(-74.,-14.,-350.));
#6204=CARTESIAN_POINT('polyline point',(-74.,-14.,0.));
#6205=CARTESIAN_POINT('polyline point',(-74.,-14.,0.));
#6206=CARTESIAN_POINT('polyline point',(-78.,-14.,0.));
#6207=CARTESIAN_POINT('polyline point',(-78.,-14.,0.));
#6208=CARTESIAN_POINT('polyline point',(-78.0000000000001,-14.,-350.));
#6209=CARTESIAN_POINT('polyline point',(75.,-14.,-342.));
#6210=CARTESIAN_POINT('polyline point',(-75.,-14.,-342.));
#6211=CARTESIAN_POINT('polyline point',(-74.0914285714286,-14.,-342.));
#6212=CARTESIAN_POINT('polyline point',(-77.9085714285715,-14.,-342.));
#6213=CARTESIAN_POINT('polyline point',(-74.0914285714286,-14.,-7.99999999999976));
#6214=CARTESIAN_POINT('polyline point',(-77.9085714285715,-14.,-7.99999999999976));
#6215=CARTESIAN_POINT('',(-74.0000000000001,-14.,-342.));
#6216=CARTESIAN_POINT('',(-1.99999999999999,-14.,-342.));
#6217=CARTESIAN_POINT('',(-1.99999999999999,-14.,-10.));
#6218=CARTESIAN_POINT('',(2.00000000000001,-14.,-10.));
#6219=CARTESIAN_POINT('',(0.,0.,20.));
#6220=CARTESIAN_POINT('polyline point',(22.,32.,55.));
#6221=CARTESIAN_POINT('polyline point',(-22.,32.,55.));
#6222=CARTESIAN_POINT('polyline point',(22.,32.,55.));
#6223=CARTESIAN_POINT('polyline point',(-22.,32.,55.));
#6224=CARTESIAN_POINT('polyline point',(-50.,3.713,55.));
#6225=CARTESIAN_POINT('polyline point',(-50.,-10.787,55.));
#6226=CARTESIAN_POINT('Origin',(-22.,3.99854404850284,55.));
#6227=CARTESIAN_POINT('',(-22.,32.,55.));
#6228=CARTESIAN_POINT('',(-50.,3.71300000000002,55.));
#6229=CARTESIAN_POINT('polyline point',(-50.,-10.787,55.));
#6230=CARTESIAN_POINT('polyline point',(-50.,4.28408809700582,55.));
#6231=CARTESIAN_POINT('Origin',(-28.0135985175617,-10.0135985175617,55.));
#6232=CARTESIAN_POINT('',(-50.,-10.787,55.));
#6233=CARTESIAN_POINT('',(-28.787,-32.,55.));
#6234=CARTESIAN_POINT('Origin',(28.0134930634303,-10.013602227307,55.));
#6235=CARTESIAN_POINT('',(28.787,-32.,55.));
#6236=CARTESIAN_POINT('',(50.,-10.784,55.));
#6237=CARTESIAN_POINT('polyline point',(28.787,-32.,55.));
#6238=CARTESIAN_POINT('polyline point',(-28.787,-32.,55.));
#6239=CARTESIAN_POINT('Origin',(28.787,-10.7869997878959,55.));
#6240=CARTESIAN_POINT('',(28.787,-32.,55.));
#6241=CARTESIAN_POINT('',(50.,-10.784,55.));
#6242=CARTESIAN_POINT('polyline point',(50.,-10.784,55.));
#6243=CARTESIAN_POINT('polyline point',(50.,3.716,55.));
#6244=CARTESIAN_POINT('polyline point',(50.,-10.784,55.));
#6245=CARTESIAN_POINT('polyline point',(50.,3.716,55.));
#6246=CARTESIAN_POINT('Origin',(21.7145597142857,3.716,55.));
#6247=CARTESIAN_POINT('',(50.,3.716,55.));
#6248=CARTESIAN_POINT('',(22.,32.,55.));
#6249=CARTESIAN_POINT('',(0.,0.,55.));
#6250=CARTESIAN_POINT('',(0.,0.,-370.));
#6251=CARTESIAN_POINT('polyline point',(42.5,-39.,55.));
#6252=CARTESIAN_POINT('polyline point',(-42.5,-39.,55.));
#6253=CARTESIAN_POINT('polyline point',(-1.61868901172041,-39.,55.));
#6254=CARTESIAN_POINT('polyline point',(-1.61868901172041,-32.,55.));
#6255=CARTESIAN_POINT('polyline point',(-28.787,-32.,55.));
#6256=CARTESIAN_POINT('polyline point',(28.787,-32.,55.));
#6257=CARTESIAN_POINT('',(0.,0.,55.));
#6258=CARTESIAN_POINT('',(0.,39.,0.));
#6259=CARTESIAN_POINT('',(0.,39.,0.));
#6260=CARTESIAN_POINT('polyline point',(30.,-2.,0.));
#6261=CARTESIAN_POINT('polyline point',(30.,-2.,-349.));
#6262=CARTESIAN_POINT('polyline point',(-30.,-2.,0.));
#6263=CARTESIAN_POINT('polyline point',(-30.,-2.,-349.));
#6264=CARTESIAN_POINT('polyline point',(30.,-2.,0.));
#6265=CARTESIAN_POINT('polyline point',(-30.,-2.,0.));
#6266=CARTESIAN_POINT('polyline point',(-30.,-2.,0.));
#6267=CARTESIAN_POINT('polyline point',(-30.,-2.,-20.));
#6268=CARTESIAN_POINT('polyline point',(-30.,-2.,-20.));
#6269=CARTESIAN_POINT('polyline point',(30.,-2.,-20.));
#6270=CARTESIAN_POINT('polyline point',(30.,-2.,-20.));
#6271=CARTESIAN_POINT('polyline point',(30.,-2.,0.));
#6272=CARTESIAN_POINT('',(0.,-2.,0.));
#6273=CARTESIAN_POINT('',(0.,14.,0.));
#6274=CARTESIAN_POINT('polyline point',(-30.,39.,0.));
#6275=CARTESIAN_POINT('polyline point',(-22.,39.,55.));
#6276=CARTESIAN_POINT('polyline point',(30.,39.,0.));
#6277=CARTESIAN_POINT('polyline point',(30.,39.,-349.));
#6278=CARTESIAN_POINT('polyline point',(-30.,39.,0.));
#6279=CARTESIAN_POINT('polyline point',(30.,39.,0.));
#6280=CARTESIAN_POINT('polyline point',(30.,39.,0.));
#6281=CARTESIAN_POINT('polyline point',(30.,39.,-102.427529846782));
#6282=CARTESIAN_POINT('polyline point',(30.,39.,-102.427529846782));
#6283=CARTESIAN_POINT('polyline point',(-30.,39.,-102.427529846782));
#6284=CARTESIAN_POINT('polyline point',(-30.,39.,-102.427529846782));
#6285=CARTESIAN_POINT('polyline point',(-30.,39.,0.));
#6286=CARTESIAN_POINT('',(0.,39.,0.));
#6287=CARTESIAN_POINT('',(0.,0.,-405.));
#6288=CARTESIAN_POINT('',(0.,39.,0.));
#6289=CARTESIAN_POINT('Origin',(22.0018323030231,3.99999984457787,-430.));
#6290=CARTESIAN_POINT('',(21.9962557930918,26.,-430.));
#6291=CARTESIAN_POINT('',(44.,3.71600000000002,-430.));
#6292=CARTESIAN_POINT('Origin',(28.0183238776194,-10.0184751347413,-430.));
#6293=CARTESIAN_POINT('',(44.,-10.784,-430.));
#6294=CARTESIAN_POINT('',(28.787,-26.,-430.));
#6295=CARTESIAN_POINT('polyline point',(44.,3.716,-430.));
#6296=CARTESIAN_POINT('polyline point',(44.,-10.784,-430.));
#6297=CARTESIAN_POINT('Origin',(28.0183238776194,-10.0184751347413,-430.));
#6298=CARTESIAN_POINT('',(44.,-10.784,-430.));
#6299=CARTESIAN_POINT('',(28.787,-26.,-430.));
#6300=CARTESIAN_POINT('polyline point',(28.787,-26.,-430.));
#6301=CARTESIAN_POINT('polyline point',(-28.022076710512,-26.,-430.));
#6302=CARTESIAN_POINT('polyline point',(-28.787,-26.,-430.));
#6303=CARTESIAN_POINT('polyline point',(-42.5,-37.,-430.));
#6304=CARTESIAN_POINT('Origin',(-28.022076710512,-10.018295073391,-430.));
#6305=CARTESIAN_POINT('',(-28.787,-26.,-430.));
#6306=CARTESIAN_POINT('',(-44.0037442069082,-10.784,-430.));
#6307=CARTESIAN_POINT('Origin',(-28.022076710512,-10.0182950733909,-430.));
#6308=CARTESIAN_POINT('',(-28.787,-26.,-430.));
#6309=CARTESIAN_POINT('',(-44.0037442069082,-10.784,-430.));
#6310=CARTESIAN_POINT('polyline point',(-44.0037442069082,-10.784,-430.));
#6311=CARTESIAN_POINT('polyline point',(-44.0037442069082,3.71600000000001,
-430.));
#6312=CARTESIAN_POINT('polyline point',(-44.0037442069082,-10.784,-430.));
#6313=CARTESIAN_POINT('polyline point',(-44.0037442069082,3.71600000000001,
-430.));
#6314=CARTESIAN_POINT('polyline point',(-22.,26.,-430.));
#6315=CARTESIAN_POINT('polyline point',(-2.,26.,-430.));
#6316=CARTESIAN_POINT('Origin',(-22.0055773833196,4.00000070698191,-430.));
#6317=CARTESIAN_POINT('',(-44.0037442069082,3.716,-430.));
#6318=CARTESIAN_POINT('',(-22.,26.,-430.));
#6319=CARTESIAN_POINT('polyline point',(21.9962557930918,26.,-430.));
#6320=CARTESIAN_POINT('polyline point',(-22.,26.,-430.));
#6321=CARTESIAN_POINT('',(0.,4.44089209850063E-15,-430.));
#6322=CARTESIAN_POINT('',(0.,0.,55.));
#6323=UNCERTAINTY_MEASURE_WITH_UNIT(LENGTH_MEASURE(0.01),#6327,
'DISTANCE_ACCURACY_VALUE',
'Maximum model space distance between geometric entities at asserted c
onnectivities');
#6324=UNCERTAINTY_MEASURE_WITH_UNIT(LENGTH_MEASURE(0.01),#6327,
'DISTANCE_ACCURACY_VALUE',
'Maximum model space distance between geometric entities at asserted c
onnectivities');
#6325=(
GEOMETRIC_REPRESENTATION_CONTEXT(3)
GLOBAL_UNCERTAINTY_ASSIGNED_CONTEXT((#6323))
GLOBAL_UNIT_ASSIGNED_CONTEXT((#6327,#6329,#6330))
REPRESENTATION_CONTEXT('','3D')
);
#6326=(
GEOMETRIC_REPRESENTATION_CONTEXT(3)
GLOBAL_UNCERTAINTY_ASSIGNED_CONTEXT((#6324))
GLOBAL_UNIT_ASSIGNED_CONTEXT((#6327,#6329,#6330))
REPRESENTATION_CONTEXT('','3D')
);
#6327=(
LENGTH_UNIT()
NAMED_UNIT(*)
SI_UNIT(.MILLI.,.METRE.)
);
#6328=(
LENGTH_UNIT()
NAMED_UNIT(*)
SI_UNIT(.CENTI.,.METRE.)
);
#6329=(
NAMED_UNIT(*)
PLANE_ANGLE_UNIT()
SI_UNIT($,.RADIAN.)
);
#6330=(
NAMED_UNIT(*)
SI_UNIT($,.STERADIAN.)
SOLID_ANGLE_UNIT()
);
#6331=SHAPE_DEFINITION_REPRESENTATION(#6332,#6333);
#6332=PRODUCT_DEFINITION_SHAPE('',$,#6335);
#6333=SHAPE_REPRESENTATION('',(#3573),#6325);
#6334=PRODUCT_DEFINITION_CONTEXT('part definition',#6339,'design');
#6335=PRODUCT_DEFINITION('more finished bod','more finished bod',#6336,
#6334);
#6336=PRODUCT_DEFINITION_FORMATION('',$,#6341);
#6337=PRODUCT_RELATED_PRODUCT_CATEGORY('more finished bod',
'more finished bod',(#6341));
#6338=APPLICATION_PROTOCOL_DEFINITION('international standard',
'automotive_design',2009,#6339);
#6339=APPLICATION_CONTEXT(
'Core Data for Automotive Mechanical Design Process');
#6340=PRODUCT_CONTEXT('part definition',#6339,'mechanical');
#6341=PRODUCT('more finished bod','more finished bod',$,(#6340));
#6342=PRESENTATION_STYLE_ASSIGNMENT((#6346));
#6343=PRESENTATION_STYLE_ASSIGNMENT((#6347));
#6344=PRESENTATION_STYLE_ASSIGNMENT((#6348));
#6345=PRESENTATION_STYLE_ASSIGNMENT((#6349));
#6346=SURFACE_STYLE_USAGE(.BOTH.,#6352);
#6347=SURFACE_STYLE_USAGE(.BOTH.,#6353);
#6348=SURFACE_STYLE_USAGE(.BOTH.,#6354);
#6349=SURFACE_STYLE_USAGE(.BOTH.,#6355);
#6350=SURFACE_STYLE_RENDERING_WITH_PROPERTIES($,#6368,(#6351));
#6351=SURFACE_STYLE_TRANSPARENT(0.);
#6352=SURFACE_SIDE_STYLE('',(#6356,#6350));
#6353=SURFACE_SIDE_STYLE('',(#6357));
#6354=SURFACE_SIDE_STYLE('',(#6358));
#6355=SURFACE_SIDE_STYLE('',(#6359));
#6356=SURFACE_STYLE_FILL_AREA(#6360);
#6357=SURFACE_STYLE_FILL_AREA(#6361);
#6358=SURFACE_STYLE_FILL_AREA(#6362);
#6359=SURFACE_STYLE_FILL_AREA(#6363);
#6360=FILL_AREA_STYLE('',(#6364));
#6361=FILL_AREA_STYLE('',(#6365));
#6362=FILL_AREA_STYLE('',(#6366));
#6363=FILL_AREA_STYLE('',(#6367));
#6364=FILL_AREA_STYLE_COLOUR('',#6368);
#6365=FILL_AREA_STYLE_COLOUR('',#6369);
#6366=FILL_AREA_STYLE_COLOUR('',#6370);
#6367=FILL_AREA_STYLE_COLOUR('',#6371);
#6368=COLOUR_RGB('',0.749019607843137,0.749019607843137,0.749019607843137);
#6369=COLOUR_RGB('',0.913725490196078,0.913725490196078,0.);
#6370=COLOUR_RGB('',1.,1.,1.);
#6371=COLOUR_RGB('',1.,0.,1.);
ENDSEC;
END-ISO-10303-21;
