ISO-10303-21;
HEADER;
/* Generated by software containing ST-Developer
 * from STEP Tools, Inc. (www.steptools.com) 
 */

FILE_DESCRIPTION(
/* description */ (''),
/* implementation_level */ '2;1');

FILE_NAME(
/* name */ 'nossle with beam.stp',
/* time_stamp */ '2026-05-10T01:02:23+12:00',
/* author */ ('Jake'),
/* organization */ (''),
/* preprocessor_version */ 'ST-DEVELOPER v20.1',
/* originating_system */ 'Autodesk Inventor 2026',
/* authorisation */ '');

FILE_SCHEMA (('AUTOMOTIVE_DESIGN { 1 0 10303 214 3 1 1 }'));
ENDSEC;

DATA;
#10=MECHANICAL_DESIGN_GEOMETRIC_PRESENTATION_REPRESENTATION('',(#42,#43,
#44,#45,#46,#47,#48,#49,#50,#51,#52,#53),#9095);
#11=GEOMETRICALLY_BOUNDED_WIREFRAME_SHAPE_REPRESENTATION('',(#12,#13,#14,
#15,#16,#17,#18,#19,#20,#21,#22),#9094);
#12=GEOMETRIC_CURVE_SET('Sketch41',(#9046));
#13=GEOMETRIC_CURVE_SET('Sketch42',(#9047));
#14=GEOMETRIC_CURVE_SET('Sketch43',(#27,#28,#29,#30,#31,#9058));
#15=GEOMETRIC_CURVE_SET('Sketch63',(#9059));
#16=GEOMETRIC_CURVE_SET('Sketch67',(#9060));
#17=GEOMETRIC_CURVE_SET('Sketch68',(#9061));
#18=GEOMETRIC_CURVE_SET('Sketch69',(#9062));
#19=GEOMETRIC_CURVE_SET('Sketch77',(#9063));
#20=GEOMETRIC_CURVE_SET('Sketch78',(#32,#33,#34,#35,#36,#37,#38,#39,#40,
#9082,#9083,#9084));
#21=GEOMETRIC_CURVE_SET('Sketch88',(#26,#41,#9090));
#22=GEOMETRIC_CURVE_SET('Sketch108',(#9091));
#23=SHAPE_REPRESENTATION_RELATIONSHIP('SRR','None',#9102,#25);
#24=SHAPE_REPRESENTATION_RELATIONSHIP('SRR','None',#9102,#11);
#25=ADVANCED_BREP_SHAPE_REPRESENTATION('',(#54),#9094);
#26=TRIMMED_CURVE('',#394,(#9086,PARAMETER_VALUE(3.17674557300072)),(#9087,
PARAMETER_VALUE(4.67723606097376)),.T.,.PARAMETER.);
#27=POLYLINE('',(#9048,#9049));
#28=POLYLINE('',(#9050,#9051));
#29=POLYLINE('',(#9052,#9053));
#30=POLYLINE('',(#9054,#9055));
#31=POLYLINE('',(#9056,#9057));
#32=POLYLINE('',(#9064,#9065));
#33=POLYLINE('',(#9066,#9067));
#34=POLYLINE('',(#9068,#9069));
#35=POLYLINE('',(#9070,#9071));
#36=POLYLINE('',(#9072,#9073));
#37=POLYLINE('',(#9074,#9075));
#38=POLYLINE('',(#9076,#9077));
#39=POLYLINE('',(#9078,#9079));
#40=POLYLINE('',(#9080,#9081));
#41=POLYLINE('',(#9088,#9089));
#42=STYLED_ITEM('',(#9111),#54);
#43=STYLED_ITEM('',(#9112),#27);
#44=STYLED_ITEM('',(#9113),#28);
#45=STYLED_ITEM('',(#9114),#32);
#46=STYLED_ITEM('',(#9113),#33);
#47=STYLED_ITEM('',(#9113),#34);
#48=STYLED_ITEM('',(#9113),#35);
#49=STYLED_ITEM('',(#9113),#36);
#50=STYLED_ITEM('',(#9113),#37);
#51=STYLED_ITEM('',(#9113),#40);
#52=STYLED_ITEM('',(#9112),#26);
#53=STYLED_ITEM('',(#9113),#41);
#54=MANIFOLD_SOLID_BREP('Solid3',#4521);
#55=ELLIPSE('',#4771,9.75807358037435,6.9);
#56=TOROIDAL_SURFACE('',#4668,11.,0.5);
#57=TOROIDAL_SURFACE('',#4673,19.,0.5);
#58=TOROIDAL_SURFACE('',#4676,19.,0.5);
#59=TOROIDAL_SURFACE('',#4680,11.,0.5);
#60=TOROIDAL_SURFACE('',#4695,7.5,0.5);
#61=TOROIDAL_SURFACE('',#4699,8.5,0.5);
#62=TOROIDAL_SURFACE('',#4705,15.5,0.5);
#63=TOROIDAL_SURFACE('',#4708,15.5,0.5);
#64=TOROIDAL_SURFACE('',#4723,10.,0.5);
#65=TOROIDAL_SURFACE('',#4727,10.,0.5);
#66=TOROIDAL_SURFACE('',#4732,18.,0.5);
#67=TOROIDAL_SURFACE('',#4737,8.5,0.5);
#68=TOROIDAL_SURFACE('',#4741,16.5,0.5);
#69=TOROIDAL_SURFACE('',#4746,16.5,0.5);
#70=TOROIDAL_SURFACE('',#4749,9.5,0.5);
#71=TOROIDAL_SURFACE('',#4772,15.1,6.9);
#72=TOROIDAL_SURFACE('',#4777,15.1,6.9);
#73=TOROIDAL_SURFACE('',#4780,7.1,6.9);
#74=TOROIDAL_SURFACE('',#4894,20.,2.);
#75=TOROIDAL_SURFACE('',#4897,20.,2.);
#76=TOROIDAL_SURFACE('',#4900,28.,2.);
#77=TOROIDAL_SURFACE('',#4905,28.,2.);
#78=B_SPLINE_SURFACE_WITH_KNOTS('',3,3,((#6500,#6501,#6502,#6503,#6504,
#6505),(#6506,#6507,#6508,#6509,#6510,#6511),(#6512,#6513,#6514,#6515,#6516,
#6517),(#6518,#6519,#6520,#6521,#6522,#6523),(#6524,#6525,#6526,#6527,#6528,
#6529),(#6530,#6531,#6532,#6533,#6534,#6535)),.UNSPECIFIED.,.F.,.F.,.F.,
(4,2,4),(4,1,1,4),(0.,0.5,0.99989938891092),(0.00762008086543715,0.286759369021161,
0.565898657176885,0.984607589410471),.UNSPECIFIED.);
#79=B_SPLINE_SURFACE_WITH_KNOTS('',3,3,((#6656,#6657,#6658,#6659,#6660,
#6661,#6662,#6663),(#6664,#6665,#6666,#6667,#6668,#6669,#6670,#6671),(#6672,
#6673,#6674,#6675,#6676,#6677,#6678,#6679),(#6680,#6681,#6682,#6683,#6684,
#6685,#6686,#6687),(#6688,#6689,#6690,#6691,#6692,#6693,#6694,#6695),(#6696,
#6697,#6698,#6699,#6700,#6701,#6702,#6703),(#6704,#6705,#6706,#6707,#6708,
#6709,#6710,#6711),(#6712,#6713,#6714,#6715,#6716,#6717,#6718,#6719),(#6720,
#6721,#6722,#6723,#6724,#6725,#6726,#6727),(#6728,#6729,#6730,#6731,#6732,
#6733,#6734,#6735),(#6736,#6737,#6738,#6739,#6740,#6741,#6742,#6743)),
 .UNSPECIFIED.,.F.,.F.,.F.,(4,1,1,2,1,1,1,4),(4,1,1,1,1,4),(0.000304106890280411,
0.100243285512224,0.200182464134168,0.5,0.599939178621943,0.79981753586583,
0.899756714487773,0.999695893109716),(0.00763785245754165,0.0775229433394667,
0.147408034221392,0.287178215985242,0.566718579512942,0.986029124804493),
 .UNSPECIFIED.);
#80=B_SPLINE_SURFACE_WITH_KNOTS('',3,3,((#8097,#8098,#8099,#8100),(#8101,
#8102,#8103,#8104),(#8105,#8106,#8107,#8108),(#8109,#8110,#8111,#8112)),
 .UNSPECIFIED.,.F.,.F.,.F.,(4,4),(4,4),(0.206930473060099,0.219352610684785),
(0.00762008193020164,0.380288930637205),.UNSPECIFIED.);
#81=B_SPLINE_SURFACE_WITH_KNOTS('',3,3,((#8118,#8119,#8120,#8121),(#8122,
#8123,#8124,#8125),(#8126,#8127,#8128,#8129),(#8130,#8131,#8132,#8133)),
 .UNSPECIFIED.,.F.,.F.,.F.,(4,4),(4,4),(0.780647389315215,0.793069526939899),
(0.007620081930202,0.38028893063719),.UNSPECIFIED.);
#82=B_SPLINE_SURFACE_WITH_KNOTS('',3,3,((#8343,#8344,#8345,#8346,#8347,
#8348,#8349),(#8350,#8351,#8352,#8353,#8354,#8355,#8356),(#8357,#8358,#8359,
#8360,#8361,#8362,#8363),(#8364,#8365,#8366,#8367,#8368,#8369,#8370),(#8371,
#8372,#8373,#8374,#8375,#8376,#8377),(#8378,#8379,#8380,#8381,#8382,#8383,
#8384),(#8385,#8386,#8387,#8388,#8389,#8390,#8391),(#8392,#8393,#8394,#8395,
#8396,#8397,#8398)),.UNSPECIFIED.,.F.,.F.,.F.,(4,1,2,1,4),(4,1,1,1,4),(0.000117123476338038,
0.300046849390535,0.5,0.79992942862566,0.999882381042767),(0.00764790289142024,
0.147539788756514,0.287431674621607,0.427323560486701,0.986891103947074),
 .UNSPECIFIED.);
#83=B_SPLINE_SURFACE_WITH_KNOTS('',3,3,((#8423,#8424,#8425,#8426,#8427,
#8428,#8429),(#8430,#8431,#8432,#8433,#8434,#8435,#8436),(#8437,#8438,#8439,
#8440,#8441,#8442,#8443),(#8444,#8445,#8446,#8447,#8448,#8449,#8450),(#8451,
#8452,#8453,#8454,#8455,#8456,#8457),(#8458,#8459,#8460,#8461,#8462,#8463,
#8464),(#8465,#8466,#8467,#8468,#8469,#8470,#8471),(#8472,#8473,#8474,#8475,
#8476,#8477,#8478)),.UNSPECIFIED.,.F.,.F.,.F.,(4,1,2,1,4),(4,1,1,1,4),(0.000101207066350943,
0.200060724239811,0.5,0.699953126868556,0.999882817171391),(0.00762244799994189,
0.147505364889831,0.287388281779719,0.567154115559497,0.986802866229163),
 .UNSPECIFIED.);
#84=B_SPLINE_SURFACE_WITH_KNOTS('',3,3,((#8479,#8480,#8481,#8482,#8483,
#8484,#8485),(#8486,#8487,#8488,#8489,#8490,#8491,#8492),(#8493,#8494,#8495,
#8496,#8497,#8498,#8499),(#8500,#8501,#8502,#8503,#8504,#8505,#8506),(#8507,
#8508,#8509,#8510,#8511,#8512,#8513),(#8514,#8515,#8516,#8517,#8518,#8519,
#8520),(#8521,#8522,#8523,#8524,#8525,#8526,#8527),(#8528,#8529,#8530,#8531,
#8532,#8533,#8534)),.UNSPECIFIED.,.F.,.F.,.F.,(4,1,2,1,4),(4,1,1,1,4),(0.000384278088849895,
0.30015371123554,0.5,0.7,1.),(0.00761547768761517,0.147372104586363,0.426885358383859,
0.706398612181355,0.985911865978851),.UNSPECIFIED.);
#85=B_SPLINE_SURFACE_WITH_KNOTS('',3,3,((#8535,#8536,#8537,#8538,#8539,
#8540,#8541),(#8542,#8543,#8544,#8545,#8546,#8547,#8548),(#8549,#8550,#8551,
#8552,#8553,#8554,#8555),(#8556,#8557,#8558,#8559,#8560,#8561,#8562),(#8563,
#8564,#8565,#8566,#8567,#8568,#8569),(#8570,#8571,#8572,#8573,#8574,#8575,
#8576),(#8577,#8578,#8579,#8580,#8581,#8582,#8583),(#8584,#8585,#8586,#8587,
#8588,#8589,#8590)),.UNSPECIFIED.,.F.,.F.,.F.,(4,1,2,1,4),(4,1,1,1,4),(0.,
0.2,0.5,0.799769433148767,0.999615721914612),(0.00761725698245027,0.147373629696222,
0.287130002409993,0.566642747837536,0.985911865978851),.UNSPECIFIED.);
#86=B_SPLINE_SURFACE_WITH_KNOTS('',3,3,((#8596,#8597,#8598,#8599,#8600,
#8601),(#8602,#8603,#8604,#8605,#8606,#8607),(#8608,#8609,#8610,#8611,#8612,
#8613),(#8614,#8615,#8616,#8617,#8618,#8619),(#8620,#8621,#8622,#8623,#8624,
#8625),(#8626,#8627,#8628,#8629,#8630,#8631)),.UNSPECIFIED.,.F.,.F.,.F.,
(4,2,4),(4,1,1,4),(9.5324060003795E-5,0.5,1.),(0.00762008086543715,0.286759415003801,
0.565898749142164,0.984607750349709),.UNSPECIFIED.);
#87=B_SPLINE_SURFACE_WITH_KNOTS('',3,3,((#8644,#8645,#8646,#8647,#8648,
#8649,#8650),(#8651,#8652,#8653,#8654,#8655,#8656,#8657),(#8658,#8659,#8660,
#8661,#8662,#8663,#8664),(#8665,#8666,#8667,#8668,#8669,#8670,#8671),(#8672,
#8673,#8674,#8675,#8676,#8677,#8678),(#8679,#8680,#8681,#8682,#8683,#8684,
#8685),(#8686,#8687,#8688,#8689,#8690,#8691,#8692),(#8693,#8694,#8695,#8696,
#8697,#8698,#8699)),.UNSPECIFIED.,.F.,.F.,.F.,(4,1,2,1,4),(4,1,1,1,4),(0.000117675109949885,
0.30004707004398,0.5,0.699961641147311,0.999904102868277),(0.00762244864780273,
0.147503127450295,0.287383806252786,0.427264485055278,0.986787200265245),
 .UNSPECIFIED.);
#88=B_SPLINE_SURFACE_WITH_KNOTS('',3,3,((#8708,#8709,#8710,#8711),(#8712,
#8713,#8714,#8715),(#8716,#8717,#8718,#8719),(#8720,#8721,#8722,#8723),
(#8724,#8725,#8726,#8727),(#8728,#8729,#8730,#8731),(#8732,#8733,#8734,
#8735),(#8736,#8737,#8738,#8739)),.UNSPECIFIED.,.F.,.F.,.F.,(4,1,2,1,4),
(4,4),(0.,0.2,0.5,0.7,1.),(0.,1.),.UNSPECIFIED.);
#89=B_SPLINE_SURFACE_WITH_KNOTS('',3,3,((#8753,#8754,#8755,#8756),(#8757,
#8758,#8759,#8760),(#8761,#8762,#8763,#8764),(#8765,#8766,#8767,#8768),
(#8769,#8770,#8771,#8772),(#8773,#8774,#8775,#8776)),.UNSPECIFIED.,.F.,
 .F.,.F.,(4,2,4),(4,4),(0.,0.5,1.),(0.,1.),.UNSPECIFIED.);
#90=B_SPLINE_SURFACE_WITH_KNOTS('',3,3,((#8788,#8789,#8790,#8791),(#8792,
#8793,#8794,#8795),(#8796,#8797,#8798,#8799),(#8800,#8801,#8802,#8803),
(#8804,#8805,#8806,#8807),(#8808,#8809,#8810,#8811),(#8812,#8813,#8814,
#8815),(#8816,#8817,#8818,#8819)),.UNSPECIFIED.,.F.,.F.,.F.,(4,1,2,1,4),
(4,4),(0.,0.2,0.5,0.7,1.),(0.,1.),.UNSPECIFIED.);
#91=B_SPLINE_SURFACE_WITH_KNOTS('',3,3,((#8826,#8827,#8828,#8829),(#8830,
#8831,#8832,#8833),(#8834,#8835,#8836,#8837),(#8838,#8839,#8840,#8841),
(#8842,#8843,#8844,#8845),(#8846,#8847,#8848,#8849),(#8850,#8851,#8852,
#8853),(#8854,#8855,#8856,#8857),(#8858,#8859,#8860,#8861),(#8862,#8863,
#8864,#8865),(#8866,#8867,#8868,#8869)),.UNSPECIFIED.,.F.,.F.,.F.,(4,1,
1,2,1,1,1,4),(4,4),(0.,0.2,0.3,0.5,0.55,0.7,0.85,1.),(0.,1.),
 .UNSPECIFIED.);
#92=B_SPLINE_SURFACE_WITH_KNOTS('',3,3,((#8876,#8877,#8878,#8879),(#8880,
#8881,#8882,#8883),(#8884,#8885,#8886,#8887),(#8888,#8889,#8890,#8891),
(#8892,#8893,#8894,#8895),(#8896,#8897,#8898,#8899),(#8900,#8901,#8902,
#8903),(#8904,#8905,#8906,#8907)),.UNSPECIFIED.,.F.,.F.,.F.,(4,1,2,1,4),
(4,4),(0.,0.2,0.5,0.7,1.),(0.,1.),.UNSPECIFIED.);
#93=B_SPLINE_SURFACE_WITH_KNOTS('',3,3,((#8919,#8920,#8921,#8922),(#8923,
#8924,#8925,#8926),(#8927,#8928,#8929,#8930),(#8931,#8932,#8933,#8934),
(#8935,#8936,#8937,#8938),(#8939,#8940,#8941,#8942)),.UNSPECIFIED.,.F.,
 .F.,.F.,(4,2,4),(4,4),(0.,0.5,1.),(0.,1.),.UNSPECIFIED.);
#94=B_SPLINE_SURFACE_WITH_KNOTS('',3,3,((#8949,#8950,#8951,#8952),(#8953,
#8954,#8955,#8956),(#8957,#8958,#8959,#8960),(#8961,#8962,#8963,#8964),
(#8965,#8966,#8967,#8968),(#8969,#8970,#8971,#8972),(#8973,#8974,#8975,
#8976),(#8977,#8978,#8979,#8980)),.UNSPECIFIED.,.F.,.F.,.F.,(4,1,2,1,4),
(4,4),(0.,0.2,0.5,0.7,1.),(0.,1.),.UNSPECIFIED.);
#95=B_SPLINE_SURFACE_WITH_KNOTS('',3,3,((#8989,#8990,#8991,#8992),(#8993,
#8994,#8995,#8996),(#8997,#8998,#8999,#9000),(#9001,#9002,#9003,#9004),
(#9005,#9006,#9007,#9008),(#9009,#9010,#9011,#9012),(#9013,#9014,#9015,
#9016),(#9017,#9018,#9019,#9020)),.UNSPECIFIED.,.F.,.F.,.F.,(4,1,2,1,4),
(4,4),(0.,0.2,0.5,0.8,1.),(0.,1.),.UNSPECIFIED.);
#96=B_SPLINE_CURVE_WITH_KNOTS('',3,(#6477,#6478,#6479,#6480),
 .UNSPECIFIED.,.F.,.F.,(4,4),(-1.28210612956289,-0.729567987066619),
 .UNSPECIFIED.);
#97=B_SPLINE_CURVE_WITH_KNOTS('',3,(#6537,#6538,#6539,#6540),
 .UNSPECIFIED.,.F.,.F.,(4,4),(-0.505228774458245,-0.00444105720641996),
 .UNSPECIFIED.);
#98=B_SPLINE_CURVE_WITH_KNOTS('',3,(#6542,#6543,#6544,#6545),
 .UNSPECIFIED.,.F.,.F.,(4,4),(-0.00444107114775311,-5.98367016934513E-9),
 .UNSPECIFIED.);
#99=B_SPLINE_CURVE_WITH_KNOTS('',3,(#6547,#6548,#6549,#6550),
 .UNSPECIFIED.,.F.,.F.,(4,4),(0.380288236652527,0.405103932729796),
 .UNSPECIFIED.);
#100=B_SPLINE_CURVE_WITH_KNOTS('',3,(#6552,#6553,#6554,#6555,#6556),
 .UNSPECIFIED.,.F.,.F.,(4,1,4),(0.00762008142431196,0.286759369021161,0.380288236652527),
 .UNSPECIFIED.);
#101=B_SPLINE_CURVE_WITH_KNOTS('',3,(#6558,#6559,#6560,#6561,#6562,#6563,
#6564,#6565,#6566,#6567,#6568,#6569,#6570),.UNSPECIFIED.,.F.,.F.,(4,3,3,
3,4),(-0.119826211119839,-0.0807413759709943,-0.0599135585667102,-0.0208239744881706,
-1.2050678170907E-5),.UNSPECIFIED.);
#102=B_SPLINE_CURVE_WITH_KNOTS('',3,(#6572,#6573,#6574,#6575,#6576,#6577,
#6578,#6579,#6580,#6581,#6582,#6583),.UNSPECIFIED.,.F.,.F.,(4,2,2,2,2,4),
(-11.7170593588904,-5.52033089446255,-2.70142329389581,-1.34341861025977,
-0.670913971141449,-0.0323516493354324),.UNSPECIFIED.);
#103=B_SPLINE_CURVE_WITH_KNOTS('',3,(#6585,#6586,#6587,#6588,#6589,#6590,
#6591),.UNSPECIFIED.,.F.,.F.,(4,3,4),(0.,0.721777394759164,1.43936838628802),
 .UNSPECIFIED.);
#104=B_SPLINE_CURVE_WITH_KNOTS('',3,(#6593,#6594,#6595,#6596,#6597),
 .UNSPECIFIED.,.F.,.F.,(4,1,4),(0.453090600478523,0.565898657176885,0.984471198497567),
 .UNSPECIFIED.);
#105=B_SPLINE_CURVE_WITH_KNOTS('',3,(#6599,#6600,#6601,#6602),
 .UNSPECIFIED.,.F.,.F.,(4,4),(-0.108155432024777,-0.0501613308230947),
 .UNSPECIFIED.);
#106=B_SPLINE_CURVE_WITH_KNOTS('',3,(#6603,#6604,#6605,#6606,#6607,#6608,
#6609,#6610,#6611,#6612),.UNSPECIFIED.,.F.,.F.,(4,3,3,4),(-0.551183691523785,
-0.336382049299641,-0.138120963273856,-0.050011323175204),.UNSPECIFIED.);
#107=B_SPLINE_CURVE_WITH_KNOTS('',3,(#6618,#6619,#6620,#6621),
 .UNSPECIFIED.,.F.,.F.,(4,4),(-0.661650952321205,-0.0551523875655429),
 .UNSPECIFIED.);
#108=B_SPLINE_CURVE_WITH_KNOTS('',3,(#6626,#6627,#6628,#6629),
 .UNSPECIFIED.,.F.,.F.,(4,4),(-0.392753841731077,-0.0015382287772373),
 .UNSPECIFIED.);
#109=B_SPLINE_CURVE_WITH_KNOTS('',3,(#6633,#6634,#6635,#6636),
 .UNSPECIFIED.,.F.,.F.,(4,4),(-0.620346151024136,-0.0557961050966396),
 .UNSPECIFIED.);
#110=B_SPLINE_CURVE_WITH_KNOTS('',3,(#6643,#6644,#6645,#6646,#6647,#6648,
#6649),.UNSPECIFIED.,.F.,.F.,(4,3,4),(-0.335386396706124,-0.0940828813249428,
-0.0528743363157879),.UNSPECIFIED.);
#111=B_SPLINE_CURVE_WITH_KNOTS('',3,(#6651,#6652,#6653,#6654),
 .UNSPECIFIED.,.F.,.F.,(4,4),(-1.53576763227313,-0.0642023169306502),
 .UNSPECIFIED.);
#112=B_SPLINE_CURVE_WITH_KNOTS('',3,(#6746,#6747,#6748,#6749,#6750,#6751,
#6752,#6753,#6754,#6755,#6756,#6757,#6758,#6759,#6760,#6761,#6762,#6763,
#6764,#6765,#6766,#6767,#6768,#6769,#6770,#6771,#6772,#6773,#6774,#6775,
#6776,#6777,#6778,#6779,#6780,#6781,#6782),.UNSPECIFIED.,.F.,.F.,(4,3,3,
3,3,3,3,3,3,3,3,3,4),(0.00174798597869528,0.538564278150491,0.587204130394273,
1.19066547156725,1.89710709498405,2.60402790144161,3.02833083760239,3.6364066846625,
4.3677834471566,4.86599593599298,5.46945738785394,6.0060847301142,6.05491389387594),
 .UNSPECIFIED.);
#113=B_SPLINE_CURVE_WITH_KNOTS('',3,(#6784,#6785,#6786,#6787,#6788,#6789,
#6790,#6791,#6792,#6793,#6794,#6795,#6796,#6797),.UNSPECIFIED.,.F.,.F.,
(4,2,2,2,2,2,4),(0.203610792232033,3.37804312253787,7.74249951423842,9.66821222126586,
10.6190791909902,11.1770810575767,11.7097953162367),.UNSPECIFIED.);
#114=B_SPLINE_CURVE_WITH_KNOTS('',3,(#6799,#6800,#6801,#6802,#6803,#6804,
#6805,#6806,#6807,#6808,#6809,#6810),.UNSPECIFIED.,.F.,.F.,(4,2,2,2,2,4),
(-0.322734469351101,-0.276576134095758,-0.220831646729342,-0.147679573712604,
-0.0771386767765757,-9.70429392319689E-5),.UNSPECIFIED.);
#115=B_SPLINE_CURVE_WITH_KNOTS('',3,(#6811,#6812,#6813,#6814,#6815,#6816,
#6817,#6818,#6819,#6820,#6821,#6822,#6823,#6824),.UNSPECIFIED.,.F.,.F.,
(4,2,2,2,2,2,4),(-11.3420206256254,-8.22175243925433,-3.93176512409973,
-1.93339019672342,-0.946347078518279,-0.476169101509842,-0.0331543046902951),
 .UNSPECIFIED.);
#116=B_SPLINE_CURVE_WITH_KNOTS('',3,(#6827,#6828,#6829,#6830),
 .UNSPECIFIED.,.F.,.F.,(4,4),(-1.5204193705558,-0.0507623899679319),
 .UNSPECIFIED.);
#117=B_SPLINE_CURVE_WITH_KNOTS('',3,(#6831,#6832,#6833,#6834,#6835,#6836,
#6837,#6838,#6839,#6840,#6841,#6842,#6843),.UNSPECIFIED.,.F.,.F.,(4,3,3,
3,4),(-0.354645826845049,-0.274536166647684,-0.202437846168067,-0.12165659805541,
-0.0502298654928611),.UNSPECIFIED.);
#118=B_SPLINE_CURVE_WITH_KNOTS('',3,(#6845,#6846,#6847,#6848),
 .UNSPECIFIED.,.F.,.F.,(4,4),(-0.355150210594641,-0.0503035756874143),
 .UNSPECIFIED.);
#119=B_SPLINE_CURVE_WITH_KNOTS('',3,(#6849,#6850,#6851,#6852,#6853,#6854,
#6855),.UNSPECIFIED.,.F.,.F.,(4,3,4),(-0.457055835861803,-0.216267912340157,
-0.17455199970994),.UNSPECIFIED.);
#120=B_SPLINE_CURVE_WITH_KNOTS('',3,(#6870,#6871,#6872,#6873,#6874,#6875,
#6876,#6877,#6878,#6879,#6880,#6881,#6882,#6883),.UNSPECIFIED.,.F.,.F.,
(4,2,2,2,2,2,4),(-0.00036259700129427,0.,0.00926526432798818,0.0200970589243923,
0.039637626087687,0.0591649871802133,0.0784042385177968),.UNSPECIFIED.);
#121=B_SPLINE_CURVE_WITH_KNOTS('',3,(#6886,#6887,#6888,#6889,#6890,#6891,
#6892,#6893,#6894,#6895,#6896,#6897,#6898,#6899),.UNSPECIFIED.,.F.,.F.,
(4,2,2,2,2,2,4),(-0.157213057577231,-0.156849503732342,-0.137294229210659,
-0.117744938047467,-0.098208235181647,-0.0786833678438418,-0.0784025628113108),
 .UNSPECIFIED.);
#122=B_SPLINE_CURVE_WITH_KNOTS('',3,(#6904,#6905,#6906,#6907,#6908,#6909,
#6910,#6911,#6912,#6913,#6914,#6915,#6916,#6917),.UNSPECIFIED.,.F.,.F.,
(4,2,2,2,2,2,4),(-0.157215118296217,-0.156852522368864,-0.137296611422975,
-0.117746849215928,-0.0982100238601425,-0.0786853617426568,-0.0784039275684694),
 .UNSPECIFIED.);
#123=B_SPLINE_CURVE_WITH_KNOTS('',3,(#6923,#6924,#6925,#6926,#6927,#6928,
#6929,#6930,#6931,#6932,#6933,#6934,#6935,#6936),.UNSPECIFIED.,.F.,.F.,
(4,2,2,2,2,2,4),(-0.000329407329218635,0.,0.0195685508366847,0.0391274080959079,
0.0586665596958318,0.078187468113152,0.0784957258036615),.UNSPECIFIED.);
#124=B_SPLINE_CURVE_WITH_KNOTS('',3,(#6943,#6944,#6945,#6946,#6947,#6948,
#6949,#6950,#6951,#6952,#6953,#6954),.UNSPECIFIED.,.F.,.F.,(4,2,2,2,2,4),
(0.,0.0195147990795416,0.0390394692693614,0.0585834472757092,0.0784939926202681,
0.0788237496408401),.UNSPECIFIED.);
#125=B_SPLINE_CURVE_WITH_KNOTS('',3,(#6957,#6958,#6959,#6960,#6961,#6962,
#6963,#6964,#6965,#6966,#6967,#6968,#6969,#6970),.UNSPECIFIED.,.F.,.F.,
(4,2,2,2,2,2,4),(-0.000352559637472371,0.,0.0195648589934458,0.0391212708365281,
0.0586599025112244,0.0781818191458763,0.0784687246695972),.UNSPECIFIED.);
#126=B_SPLINE_CURVE_WITH_KNOTS('',3,(#6975,#6976,#6977,#6978,#6979,#6980,
#6981,#6982,#6983,#6984,#6985,#6986,#6987,#6988),.UNSPECIFIED.,.F.,.F.,
(4,2,2,2,2,2,4),(-0.157358810640649,-0.157032944609942,-0.137448510818448,
-0.117878015059167,-0.0983358473488287,-0.0788198869977537,-0.0785161865073867),
 .UNSPECIFIED.);
#127=B_SPLINE_CURVE_WITH_KNOTS('',3,(#6994,#6995,#6996,#6997,#6998,#6999,
#7000,#7001,#7002,#7003,#7004,#7005,#7006,#7007,#7008,#7009,#7010,#7011,
#7012,#7013,#7014,#7015,#7016,#7017,#7018,#7019,#7020,#7021,#7022,#7023,
#7024),.UNSPECIFIED.,.F.,.F.,(4,3,3,3,3,3,3,3,3,3,4),(0.,0.158186191850857,
0.316365091682504,0.474610442362832,0.632832787022966,0.791035231682391,
0.949220878201805,1.10746448613761,1.26566562821323,1.42390578783076,1.5707963268389),
 .UNSPECIFIED.);
#128=B_SPLINE_CURVE_WITH_KNOTS('',3,(#7036,#7037,#7038,#7039,#7040,#7041,
#7042,#7043,#7044,#7045,#7046,#7047),.UNSPECIFIED.,.F.,.F.,(4,2,2,2,2,4),
(0.446772487367853,0.449667296930905,0.452562106493958,0.458351725620064,
0.505287296181422,0.717401909441585),.UNSPECIFIED.);
#129=B_SPLINE_CURVE_WITH_KNOTS('',3,(#7051,#7052,#7053,#7054,#7055,#7056,
#7057,#7058,#7059,#7060,#7061,#7062,#7063,#7064,#7065,#7066),
 .UNSPECIFIED.,.F.,.F.,(4,2,2,2,2,2,2,4),(0.179141582293093,0.291365868558029,
0.403590154822964,0.429719658366982,0.455849161911,0.463447935185969,0.46521717275633,
0.466986410326692),.UNSPECIFIED.);
#130=B_SPLINE_CURVE_WITH_KNOTS('',3,(#7102,#7103,#7104,#7105,#7106,#7107,
#7108,#7109,#7110,#7111,#7112,#7113),.UNSPECIFIED.,.F.,.F.,(4,2,2,2,2,4),
(-0.0788313580441218,-0.0784640138655,-0.0585809524307064,-0.0390351989949833,
-0.0195119901638504,0.),.UNSPECIFIED.);
#131=B_SPLINE_CURVE_WITH_KNOTS('',3,(#7116,#7117,#7118,#7119,#7120,#7121,
#7122,#7123,#7124,#7125,#7126,#7127),.UNSPECIFIED.,.F.,.F.,(4,2,2,2,2,4),
(-0.0785120331248739,-0.0590023338718499,-0.0394794382965953,-0.0199302730328608,
0.,0.000330424597333391),.UNSPECIFIED.);
#132=B_SPLINE_CURVE_WITH_KNOTS('',3,(#7132,#7133,#7134,#7135,#7136,#7137,
#7138,#7139,#7140,#7141,#7142,#7143),.UNSPECIFIED.,.F.,.F.,(4,2,2,2,2,4),
(-0.000367362279343287,0.,0.019884041164484,0.0394307577091912,0.0589549285384331,
0.0784678801475942),.UNSPECIFIED.);
#133=B_SPLINE_CURVE_WITH_KNOTS('',3,(#7149,#7150,#7151,#7152,#7153,#7154,
#7155,#7156,#7157,#7158,#7159,#7160),.UNSPECIFIED.,.F.,.F.,(4,2,2,2,2,4),
(-0.0789472916231873,-0.078615759018289,-0.0585389566635106,-0.0389573675981659,
-0.0194581995718175,0.),.UNSPECIFIED.);
#134=B_SPLINE_CURVE_WITH_KNOTS('',3,(#7166,#7167,#7168,#7169,#7170,#7171,
#7172,#7173,#7174,#7175,#7176,#7177),.UNSPECIFIED.,.F.,.F.,(4,2,2,2,2,4),
(-0.00032958774634406,0.,0.0201294116330381,0.0397256434504514,0.0592219923821213,
0.0786687407303039),.UNSPECIFIED.);
#135=B_SPLINE_CURVE_WITH_KNOTS('',3,(#7184,#7185,#7186,#7187,#7188,#7189,
#7190,#7191,#7192,#7193,#7194,#7195),.UNSPECIFIED.,.F.,.F.,(4,2,2,2,2,4),
(-0.0788374340347126,-0.0785068756448327,-0.0585787145176863,-0.0390308371530929,
-0.0195089024394163,0.),.UNSPECIFIED.);
#136=B_SPLINE_CURVE_WITH_KNOTS('',3,(#7204,#7205,#7206,#7207,#7208,#7209,
#7210,#7211,#7212,#7213,#7214,#7215),.UNSPECIFIED.,.F.,.F.,(4,2,2,2,2,4),
(-0.0788605559239157,-0.0785339701134072,-0.0585702867709551,-0.0390151060400036,
-0.0194979968623442,0.),.UNSPECIFIED.);
#137=B_SPLINE_CURVE_WITH_KNOTS('',3,(#7262,#7263,#7264,#7265,#7266,#7267,
#7268,#7269,#7270,#7271,#7272,#7273),.UNSPECIFIED.,.F.,.F.,(4,2,2,2,2,4),
(-0.000366016904519486,0.,0.0198605044873651,0.0394013199925315,0.0589287984229539,
0.078449605860381),.UNSPECIFIED.);
#138=B_SPLINE_CURVE_WITH_KNOTS('',3,(#7278,#7279,#7280,#7281,#7282,#7283,
#7284,#7285,#7286,#7287,#7288,#7289),.UNSPECIFIED.,.F.,.F.,(4,2,2,2,2,4),
(-0.157265228625565,-0.156899211721026,-0.137038707233629,-0.117497891728429,
-0.0979704132979701,-0.078449605860527),.UNSPECIFIED.);
#139=B_SPLINE_CURVE_WITH_KNOTS('',3,(#7295,#7296,#7297,#7298,#7299,#7300,
#7301,#7302,#7303,#7304,#7305,#7306),.UNSPECIFIED.,.F.,.F.,(4,2,2,2,2,4),
(-0.00036702926723175,0.,0.0198585291304145,0.0393991134652185,0.0589267197889752,
0.0784478345889686),.UNSPECIFIED.);
#140=B_SPLINE_CURVE_WITH_KNOTS('',3,(#7311,#7312,#7313,#7314,#7315,#7316,
#7317,#7318,#7319,#7320,#7321,#7322),.UNSPECIFIED.,.F.,.F.,(4,2,2,2,2,4),
(-0.15729688452082,-0.156941503847196,-0.137057016957278,-0.117512991701727,
-0.0979872903991381,-0.0784707519235938),.UNSPECIFIED.);
#141=B_SPLINE_CURVE_WITH_KNOTS('',3,(#7326,#7327,#7328,#7329,#7330,#7331,
#7332,#7333,#7334,#7335,#7336,#7337,#7338,#7339,#7340,#7341,#7342,#7343,
#7344,#7345,#7346,#7347,#7348,#7349,#7350,#7351,#7352,#7353,#7354,#7355,
#7356),.UNSPECIFIED.,.F.,.F.,(4,3,3,3,3,3,3,3,3,3,4),(0.,0.1581861982597,
0.316365104500147,0.474610461592557,0.6328328126644,0.79103526373534,0.949220916666174,
1.1074645310166,1.2656656795055,1.42390584553826,1.57079639034678),
 .UNSPECIFIED.);
#142=B_SPLINE_CURVE_WITH_KNOTS('',3,(#7361,#7362,#7363,#7364,#7365,#7366,
#7367,#7368,#7369,#7370,#7371,#7372),.UNSPECIFIED.,.F.,.F.,(4,2,2,2,2,4),
(-0.000330447524139585,0.,0.019911990659633,0.0394567251891626,0.0589820751525515,
0.0784976712428024),.UNSPECIFIED.);
#143=B_SPLINE_CURVE_WITH_KNOTS('',3,(#7386,#7387,#7388,#7389,#7390,#7391,
#7392,#7393,#7394,#7395,#7396,#7397),.UNSPECIFIED.,.F.,.F.,(4,2,2,2,2,4),
(-0.000362827164383333,0.,0.0198849810016844,0.0394317231433017,0.0589561198886198,
0.078468980610365),.UNSPECIFIED.);
#144=B_SPLINE_CURVE_WITH_KNOTS('',3,(#7400,#7401,#7402,#7403,#7404,#7405,
#7406,#7407,#7408,#7409,#7410,#7411),.UNSPECIFIED.,.F.,.F.,(4,2,2,2,2,4),
(-0.0788283367767453,-0.0784655255878172,-0.0585814201302871,-0.0390355386400358,
-0.0195120015622026,0.),.UNSPECIFIED.);
#145=B_SPLINE_CURVE_WITH_KNOTS('',3,(#7416,#7417,#7418,#7419,#7420,#7421,
#7422,#7423,#7424,#7425,#7426,#7427),.UNSPECIFIED.,.F.,.F.,(4,2,2,2,2,4),
(-0.0788362756938095,-0.0785066478049689,-0.0585787585669548,-0.0390306125756237,
-0.0195086163395939,0.),.UNSPECIFIED.);
#146=B_SPLINE_CURVE_WITH_KNOTS('',3,(#7432,#7433,#7434,#7435,#7436,#7437,
#7438,#7439,#7440,#7441,#7442,#7443),.UNSPECIFIED.,.F.,.F.,(4,2,2,2,2,4),
(-0.000326028080157364,0.,0.0199628139977782,0.0395195972648267,0.0590384768752186,
0.078537975600159),.UNSPECIFIED.);
#147=B_SPLINE_CURVE_WITH_KNOTS('',3,(#7452,#7453,#7454,#7455,#7456,#7457,
#7458,#7459,#7460,#7461,#7462,#7463),.UNSPECIFIED.,.F.,.F.,(4,2,2,2,2,4),
(-0.000329789722202732,0.,0.0199279626952065,0.0394769309325121,0.0590000721869935,
0.0785099984505639),.UNSPECIFIED.);
#148=B_SPLINE_CURVE_WITH_KNOTS('',3,(#7467,#7468,#7469,#7470,#7471,#7472,
#7473,#7474,#7475,#7476,#7477,#7478),.UNSPECIFIED.,.F.,.F.,(4,2,2,2,2,4),
(-0.0789689992369059,-0.0786407571391946,-0.0585284788639622,-0.0389359762655133,
-0.0194425704101722,0.),.UNSPECIFIED.);
#149=B_SPLINE_CURVE_WITH_KNOTS('',3,(#7482,#7483,#7484,#7485,#7486,#7487,
#7488,#7489,#7490,#7491,#7492,#7493),.UNSPECIFIED.,.F.,.F.,(4,2,2,2,2,4),
(-0.000330137064038081,0.,0.0200699508037298,0.0396551437913672,0.0591585385590444,
0.078619929745544),.UNSPECIFIED.);
#150=B_SPLINE_CURVE_WITH_KNOTS('',3,(#7545,#7546,#7547,#7548,#7549,#7550,
#7551,#7552,#7553,#7554,#7555,#7556),.UNSPECIFIED.,.F.,.F.,(4,2,2,2,2,4),
(-0.00418397889896331,0.,0.27486648546824,0.544461009611064,0.813960551838427,
1.08341800426364),.UNSPECIFIED.);
#151=B_SPLINE_CURVE_WITH_KNOTS('',3,(#7559,#7560,#7561,#7562,#7563,#7564,
#7565,#7566,#7567,#7568,#7569,#7570,#7571,#7572,#7573,#7574,#7575,#7576,
#7577,#7578),.UNSPECIFIED.,.F.,.F.,(4,2,2,2,2,2,2,2,2,4),(-1.17985174763261,
-1.13702686478574,-0.742276988197678,-0.494978453624915,-0.247679919052153,
-0.123839959526077,-0.0619199797630383,-0.0309599898815192,-0.01547999494076,
0.),.UNSPECIFIED.);
#152=B_SPLINE_CURVE_WITH_KNOTS('',3,(#7584,#7585,#7586,#7587,#7588,#7589,
#7590,#7591,#7592,#7593,#7594,#7595),.UNSPECIFIED.,.F.,.F.,(4,2,2,2,2,4),
(-0.00274396985807766,0.,0.276549631654347,0.546213841847043,0.815680975221384,
1.08505779319355),.UNSPECIFIED.);
#153=B_SPLINE_CURVE_WITH_KNOTS('',3,(#7598,#7599,#7600,#7601,#7602,#7603,
#7604,#7605,#7606,#7607,#7608,#7609),.UNSPECIFIED.,.F.,.F.,(4,2,2,2,2,4),
(-2.17350576433037,-2.17097322090563,-1.89394131592697,-1.62422652485371,
-1.35479229774409,-1.08548661041287),.UNSPECIFIED.);
#154=B_SPLINE_CURVE_WITH_KNOTS('',3,(#7615,#7616,#7617,#7618,#7619,#7620,
#7621,#7622,#7623,#7624,#7625,#7626),.UNSPECIFIED.,.F.,.F.,(4,2,2,2,2,4),
(-0.00253254342013221,0.,0.277031904484596,0.546746695076497,0.816180921705258,
1.08548660855585),.UNSPECIFIED.);
#155=B_SPLINE_CURVE_WITH_KNOTS('',3,(#7631,#7632,#7633,#7634,#7635,#7636,
#7637,#7638,#7639,#7640,#7641,#7642),.UNSPECIFIED.,.F.,.F.,(4,2,2,2,2,4),
(-2.17101999031466,-2.16683601141314,-1.89196952558548,-1.6223750010737,
-1.35287545847754,-1.08341800568357),.UNSPECIFIED.);
#156=B_SPLINE_CURVE_WITH_KNOTS('',3,(#7649,#7650,#7651,#7652,#7653,#7654,
#7655,#7656,#7657,#7658,#7659,#7660),.UNSPECIFIED.,.F.,.F.,(4,2,2,2,2,4),
(-2.17285955388497,-2.17011558402984,-1.89356595268206,-1.62390174278861,
-1.35443460971329,-1.08505779204004),.UNSPECIFIED.);
#157=B_SPLINE_CURVE_WITH_KNOTS('',3,(#7666,#7667,#7668,#7669,#7670,#7671,
#7672,#7673,#7674,#7675,#7676,#7677,#7678,#7679,#7680,#7681,#7682,#7683),
 .UNSPECIFIED.,.F.,.F.,(4,2,2,2,2,2,2,2,4),(0.,0.0292356595506897,0.0584713191013793,
0.116942638202759,0.233885276405517,0.467770552811035,0.840931666877927,
1.21409278094482,1.22624997309931),.UNSPECIFIED.);
#158=B_SPLINE_CURVE_WITH_KNOTS('',3,(#8034,#8035,#8036,#8037,#8038,#8039,
#8040,#8041,#8042,#8043),.UNSPECIFIED.,.F.,.F.,(4,2,2,2,4),(-0.403629429502997,
-0.316773872231372,-0.212106237705725,-0.10152727092721,-9.99998600759167E-7),
 .UNSPECIFIED.);
#159=B_SPLINE_CURVE_WITH_KNOTS('',3,(#8044,#8045,#8046,#8047,#8048,#8049,
#8050,#8051,#8052,#8053),.UNSPECIFIED.,.F.,.F.,(4,2,2,2,4),(-0.327677771777399,
-0.283580494835756,-0.209827307491877,-0.151866646981713,-4.2730457525787E-5),
 .UNSPECIFIED.);
#160=B_SPLINE_CURVE_WITH_KNOTS('',3,(#8054,#8055,#8056,#8057,#8058,#8059,
#8060,#8061),.UNSPECIFIED.,.F.,.F.,(4,2,2,4),(-0.169094013348197,-0.13490693062335,
-0.0979744995123349,0.),.UNSPECIFIED.);
#161=B_SPLINE_CURVE_WITH_KNOTS('',3,(#8063,#8064,#8065,#8066,#8067,#8068,
#8069,#8070,#8071,#8072),.UNSPECIFIED.,.F.,.F.,(4,2,2,2,4),(-0.26247875186394,
-0.209390445834268,-0.13126634597095,-0.0632317048059054,-9.99999892947745E-7),
 .UNSPECIFIED.);
#162=B_SPLINE_CURVE_WITH_KNOTS('',3,(#8074,#8075,#8076,#8077,#8078,#8079,
#8080,#8081,#8082,#8083,#8084,#8085,#8086),.UNSPECIFIED.,.F.,.F.,(4,3,3,
3,4),(-0.119814785972348,-0.080725202956465,-0.0599126486954593,-0.0208278139664576,
0.),.UNSPECIFIED.);
#163=B_SPLINE_CURVE_WITH_KNOTS('',3,(#8087,#8088,#8089,#8090,#8091,#8092,
#8093,#8094,#8095,#8096),.UNSPECIFIED.,.F.,.F.,(4,2,2,2,4),(-0.350491253631589,
-0.242910037782073,-0.124838796508839,-0.0564580715711558,-1.13402809125021E-5),
 .UNSPECIFIED.);
#164=B_SPLINE_CURVE_WITH_KNOTS('',3,(#8113,#8114,#8115,#8116,#8117),
 .UNSPECIFIED.,.F.,.F.,(4,1,4),(0.0076200785157295,0.147372104586363,0.380289217619536),
 .UNSPECIFIED.);
#165=B_SPLINE_CURVE_WITH_KNOTS('',3,(#8135,#8136,#8137,#8138,#8139),
 .UNSPECIFIED.,.F.,.F.,(4,1,4),(0.00762008142431197,0.286759415003801,0.380288236652333),
 .UNSPECIFIED.);
#166=B_SPLINE_CURVE_WITH_KNOTS('',3,(#8140,#8141,#8142,#8143,#8144,#8145),
 .UNSPECIFIED.,.F.,.F.,(4,1,1,4),(0.00762007851572951,0.147373629696222,
0.287130002409993,0.380288175504769),.UNSPECIFIED.);
#167=B_SPLINE_CURVE_WITH_KNOTS('',3,(#8149,#8150,#8151,#8152,#8153,#8154,
#8155,#8156,#8157,#8158),.UNSPECIFIED.,.F.,.F.,(4,3,3,4),(0.00200070619852164,
0.720000768948013,0.7218106774222,1.43447736557219),.UNSPECIFIED.);
#168=B_SPLINE_CURVE_WITH_KNOTS('',3,(#8160,#8161,#8162,#8163),
 .UNSPECIFIED.,.F.,.F.,(4,4),(3.21917045262375E-6,0.0150501359277495),
 .UNSPECIFIED.);
#169=B_SPLINE_CURVE_WITH_KNOTS('',3,(#8165,#8166,#8167,#8168,#8169,#8170,
#8171,#8172,#8173,#8174,#8175,#8176),.UNSPECIFIED.,.F.,.F.,(4,2,2,2,2,4),
(-0.313875643968139,-0.237251492689972,-0.159128738740131,-0.0809893814778164,
-0.0404949210327414,-0.020168119787783),.UNSPECIFIED.);
#170=B_SPLINE_CURVE_WITH_KNOTS('',3,(#8179,#8180,#8181,#8182,#8183,#8184,
#8185,#8186,#8187,#8188),.UNSPECIFIED.,.F.,.F.,(4,2,2,2,4),(0.,0.0780817701374228,
0.156147752622122,0.234251920739338,0.295461890450458),.UNSPECIFIED.);
#171=B_SPLINE_CURVE_WITH_KNOTS('',3,(#8190,#8191,#8192,#8193,#8194,#8195,
#8196,#8197,#8198,#8199),.UNSPECIFIED.,.F.,.F.,(4,2,2,2,4),(0.000408689313006044,
0.787786397638055,1.57462493869602,2.2730503131773,2.96934037543933),
 .UNSPECIFIED.);
#172=B_SPLINE_CURVE_WITH_KNOTS('',3,(#8201,#8202,#8203,#8204,#8205,#8206,
#8207,#8208,#8209,#8210,#8211,#8212,#8213,#8214),.UNSPECIFIED.,.F.,.F.,
(4,2,2,2,2,2,4),(0.314052910800423,0.390677127865606,0.468799948907909,
0.546939373276933,0.588732331266087,0.61032371237399,0.624594839320469),
 .UNSPECIFIED.);
#173=B_SPLINE_CURVE_WITH_KNOTS('',3,(#8218,#8219,#8220,#8221,#8222,#8223,
#8224,#8225,#8226,#8227,#8228,#8229),.UNSPECIFIED.,.F.,.F.,(4,2,2,2,2,4),
(-0.31405291084045,-0.312562793384103,-0.234443149712825,-0.156308033197321,
-0.0781573082524235,-0.00331207601835398),.UNSPECIFIED.);
#174=B_SPLINE_CURVE_WITH_KNOTS('',3,(#8232,#8233,#8234,#8235,#8236,#8237,
#8238,#8239,#8240,#8241),.UNSPECIFIED.,.F.,.F.,(4,2,2,2,4),(0.,0.777141653420762,
1.5588908558009,2.26384444066741,2.96869100734502),.UNSPECIFIED.);
#175=B_SPLINE_CURVE_WITH_KNOTS('',3,(#8243,#8244,#8245,#8246,#8247,#8248,
#8249,#8250,#8251,#8252,#8253,#8254),.UNSPECIFIED.,.F.,.F.,(4,2,2,2,2,4),
(0.313875643925148,0.315365760107179,0.393485336667444,0.471620386058657,
0.549771043865836,0.607958853513471),.UNSPECIFIED.);
#176=B_SPLINE_CURVE_WITH_KNOTS('',3,(#8258,#8259,#8260,#8261,#8262,#8263,
#8264,#8265,#8266,#8267),.UNSPECIFIED.,.F.,.F.,(4,2,2,2,4),(0.0169453285665264,
0.0780492712462551,0.15615490835045,0.234222359103919,0.312305597807032),
 .UNSPECIFIED.);
#177=B_SPLINE_CURVE_WITH_KNOTS('',3,(#8271,#8272,#8273,#8274,#8275,#8276,
#8277,#8278,#8279,#8280),.UNSPECIFIED.,.F.,.F.,(4,2,2,2,4),(0.000590305416603049,
1.10267853093113,2.20503738324799,3.11647818821827,4.02597639626113),
 .UNSPECIFIED.);
#178=B_SPLINE_CURVE_WITH_KNOTS('',3,(#8284,#8285,#8286,#8287,#8288,#8289,
#8290,#8291,#8292,#8293,#8294,#8295),.UNSPECIFIED.,.F.,.F.,(4,2,2,2,2,4),
(-0.315236054185841,-0.312331732196771,-0.234199511701489,-0.156104204056267,
-0.0780627562150611,0.),.UNSPECIFIED.);
#179=B_SPLINE_CURVE_WITH_KNOTS('',3,(#8299,#8300,#8301,#8302),
 .UNSPECIFIED.,.F.,.F.,(4,4),(0.,0.00617791919003311),.UNSPECIFIED.);
#180=B_SPLINE_CURVE_WITH_KNOTS('',3,(#8304,#8305,#8306,#8307,#8308,#8309),
 .UNSPECIFIED.,.F.,.F.,(4,2,4),(0.00615878175460672,2.20771669184265,4.40608924751425),
 .UNSPECIFIED.);
#181=B_SPLINE_CURVE_WITH_KNOTS('',3,(#8311,#8312,#8313,#8314),
 .UNSPECIFIED.,.F.,.F.,(4,4),(0.00729289784180198,0.0131048234983471),
 .UNSPECIFIED.);
#182=B_SPLINE_CURVE_WITH_KNOTS('',3,(#8318,#8319,#8320,#8321,#8322,#8323,
#8324,#8325,#8326,#8327,#8328,#8329),.UNSPECIFIED.,.F.,.F.,(4,2,2,2,2,4),
(-0.00290439899545799,0.,0.0781342921251554,0.156231670421532,0.234275187485822,
0.31234001348895),.UNSPECIFIED.);
#183=B_SPLINE_CURVE_WITH_KNOTS('',3,(#8333,#8334,#8335,#8336,#8337,#8338,
#8339,#8340,#8341,#8342),.UNSPECIFIED.,.F.,.F.,(4,2,2,2,4),(0.,1.08976984776077,
2.18536018536749,3.10563312458608,4.02541263133713),.UNSPECIFIED.);
#184=B_SPLINE_CURVE_WITH_KNOTS('',3,(#8399,#8400,#8401,#8402,#8403,#8404,
#8405,#8406,#8407,#8408,#8409,#8410),.UNSPECIFIED.,.F.,.F.,(4,2,2,2,2,4),
(0.194739623744866,7.45408469408654,11.0593270495587,12.8101952693036,13.6915736801412,
14.5414896283427),.UNSPECIFIED.);
#185=B_SPLINE_CURVE_WITH_KNOTS('',3,(#8411,#8412,#8413,#8414,#8415,#8416,
#8417,#8418,#8419,#8420,#8421,#8422),.UNSPECIFIED.,.F.,.F.,(4,2,2,2,2,4),
(0.032482277743625,0.658204586559567,1.30708155869758,2.59608960936136,
5.25030399721771,10.5971294555267),.UNSPECIFIED.);
#186=B_SPLINE_CURVE_WITH_KNOTS('',3,(#8591,#8592,#8593,#8594,#8595),
 .UNSPECIFIED.,.F.,.F.,(4,1,4),(0.380288175504769,0.566642747837536,0.984462286352788),
 .UNSPECIFIED.);
#187=B_SPLINE_CURVE_WITH_KNOTS('',3,(#8632,#8633,#8634,#8635,#8636,#8637,
#8638,#8639,#8640,#8641,#8642,#8643),.UNSPECIFIED.,.F.,.F.,(4,2,2,2,2,4),
(0.217724820870638,6.40935128592408,9.22594230510121,10.5828271103682,11.2547738529265,
11.8928352692682),.UNSPECIFIED.);
#188=B_SPLINE_CURVE_WITH_KNOTS('',3,(#8741,#8742,#8743,#8744),
 .UNSPECIFIED.,.F.,.F.,(4,4),(0.,1.),.UNSPECIFIED.);
#189=B_SPLINE_CURVE_WITH_KNOTS('',3,(#8749,#8750,#8751,#8752),
 .UNSPECIFIED.,.F.,.F.,(4,4),(0.,1.),.UNSPECIFIED.);
#190=B_SPLINE_CURVE_WITH_KNOTS('',3,(#8780,#8781,#8782,#8783),
 .UNSPECIFIED.,.F.,.F.,(4,4),(0.38028893063719,1.),.UNSPECIFIED.);
#191=B_SPLINE_CURVE_WITH_KNOTS('',3,(#8784,#8785,#8786,#8787),
 .UNSPECIFIED.,.F.,.F.,(4,4),(0.,0.38028893063719),.UNSPECIFIED.);
#192=B_SPLINE_CURVE_WITH_KNOTS('',3,(#8822,#8823,#8824,#8825),
 .UNSPECIFIED.,.F.,.F.,(4,4),(0.,1.),.UNSPECIFIED.);
#193=B_SPLINE_CURVE_WITH_KNOTS('',3,(#8872,#8873,#8874,#8875),
 .UNSPECIFIED.,.F.,.F.,(4,4),(0.,1.),.UNSPECIFIED.);
#194=B_SPLINE_CURVE_WITH_KNOTS('',3,(#8911,#8912,#8913,#8914),
 .UNSPECIFIED.,.F.,.F.,(4,4),(0.380288930637205,1.),.UNSPECIFIED.);
#195=B_SPLINE_CURVE_WITH_KNOTS('',3,(#8915,#8916,#8917,#8918),
 .UNSPECIFIED.,.F.,.F.,(4,4),(0.,0.380288930637205),.UNSPECIFIED.);
#196=B_SPLINE_CURVE_WITH_KNOTS('',3,(#8945,#8946,#8947,#8948),
 .UNSPECIFIED.,.F.,.F.,(4,4),(0.,1.),.UNSPECIFIED.);
#197=B_SPLINE_CURVE_WITH_KNOTS('',3,(#8985,#8986,#8987,#8988),
 .UNSPECIFIED.,.F.,.F.,(4,4),(0.,1.),.UNSPECIFIED.);
#198=FACE_BOUND('',#732,.T.);
#199=FACE_BOUND('',#742,.T.);
#200=FACE_BOUND('',#747,.T.);
#201=FACE_BOUND('',#750,.T.);
#202=FACE_BOUND('',#760,.T.);
#203=FACE_BOUND('',#771,.T.);
#204=FACE_BOUND('',#782,.T.);
#205=FACE_BOUND('',#786,.T.);
#206=FACE_BOUND('',#796,.T.);
#207=FACE_BOUND('',#800,.T.);
#208=FACE_BOUND('',#804,.T.);
#209=FACE_BOUND('',#807,.T.);
#210=FACE_BOUND('',#816,.T.);
#211=FACE_BOUND('',#818,.T.);
#212=FACE_BOUND('',#822,.T.);
#213=FACE_BOUND('',#840,.T.);
#214=FACE_BOUND('',#854,.T.);
#215=FACE_BOUND('',#876,.T.);
#216=FACE_BOUND('',#900,.T.);
#217=FACE_BOUND('',#902,.T.);
#218=FACE_BOUND('',#907,.T.);
#219=FACE_BOUND('',#919,.T.);
#220=FACE_BOUND('',#922,.T.);
#221=FACE_BOUND('',#925,.T.);
#222=FACE_BOUND('',#928,.T.);
#223=FACE_BOUND('',#931,.T.);
#224=FACE_BOUND('',#934,.T.);
#225=FACE_BOUND('',#937,.T.);
#226=FACE_BOUND('',#948,.T.);
#227=FACE_BOUND('',#954,.T.);
#228=FACE_BOUND('',#957,.T.);
#229=FACE_BOUND('',#963,.T.);
#230=FACE_BOUND('',#964,.T.);
#231=FACE_BOUND('',#965,.T.);
#232=FACE_BOUND('',#966,.T.);
#233=FACE_BOUND('',#967,.T.);
#234=FACE_BOUND('',#973,.T.);
#235=FACE_BOUND('',#977,.T.);
#236=FACE_BOUND('',#995,.T.);
#237=FACE_BOUND('',#1006,.T.);
#238=FACE_BOUND('',#1010,.T.);
#239=FACE_BOUND('',#1013,.T.);
#240=FACE_BOUND('',#1014,.T.);
#241=FACE_BOUND('',#1017,.T.);
#242=FACE_BOUND('',#1020,.T.);
#243=CIRCLE('',#4546,9.00000000000001);
#244=CIRCLE('',#4547,9.00000000000001);
#245=CIRCLE('',#4550,9.);
#246=CIRCLE('',#4551,9.);
#247=CIRCLE('',#4553,4.);
#248=CIRCLE('',#4554,4.);
#249=CIRCLE('',#4556,4.);
#250=CIRCLE('',#4559,4.);
#251=CIRCLE('',#4562,5.);
#252=CIRCLE('',#4563,5.);
#253=CIRCLE('',#4566,5.);
#254=CIRCLE('',#4567,5.);
#255=CIRCLE('',#4571,2.5);
#256=CIRCLE('',#4572,2.5);
#257=CIRCLE('',#4587,1.005);
#258=CIRCLE('',#4589,1.005);
#259=CIRCLE('',#4599,1.005);
#260=CIRCLE('',#4601,1.005);
#261=CIRCLE('',#4611,1.05);
#262=CIRCLE('',#4613,1.05);
#263=CIRCLE('',#4615,1.5);
#264=CIRCLE('',#4616,1.5);
#265=CIRCLE('',#4618,1.05);
#266=CIRCLE('',#4628,1.005);
#267=CIRCLE('',#4630,1.005);
#268=CIRCLE('',#4632,1.5);
#269=CIRCLE('',#4633,1.5);
#270=CIRCLE('',#4635,1.05);
#271=CIRCLE('',#4637,1.05);
#272=CIRCLE('',#4639,1.5);
#273=CIRCLE('',#4640,1.5);
#274=CIRCLE('',#4642,1.05);
#275=CIRCLE('',#4644,1.5);
#276=CIRCLE('',#4645,1.5);
#277=CIRCLE('',#4647,1.05);
#278=CIRCLE('',#4649,1.05);
#279=CIRCLE('',#4651,1.05);
#280=CIRCLE('',#4653,1.05);
#281=CIRCLE('',#4655,2.5);
#282=CIRCLE('',#4656,2.5);
#283=CIRCLE('',#4669,11.);
#284=CIRCLE('',#4670,10.5);
#285=CIRCLE('',#4674,19.);
#286=CIRCLE('',#4675,18.5);
#287=CIRCLE('',#4677,18.5);
#288=CIRCLE('',#4678,19.);
#289=CIRCLE('',#4681,10.5);
#290=CIRCLE('',#4682,11.);
#291=CIRCLE('',#4684,18.5);
#292=CIRCLE('',#4687,18.5);
#293=CIRCLE('',#4690,14.);
#294=CIRCLE('',#4691,14.);
#295=CIRCLE('',#4692,22.);
#296=CIRCLE('',#4693,22.);
#297=CIRCLE('',#4696,7.5);
#298=CIRCLE('',#4697,8.);
#299=CIRCLE('',#4700,8.5);
#300=CIRCLE('',#4701,9.);
#301=CIRCLE('',#4704,0.499999999999994);
#302=CIRCLE('',#4706,15.5);
#303=CIRCLE('',#4707,16.);
#304=CIRCLE('',#4709,16.);
#305=CIRCLE('',#4710,15.5);
#306=CIRCLE('',#4712,9.);
#307=CIRCLE('',#4715,16.);
#308=CIRCLE('',#4718,7.00000000000002);
#309=CIRCLE('',#4719,7.00000000000001);
#310=CIRCLE('',#4720,14.);
#311=CIRCLE('',#4721,14.);
#312=CIRCLE('',#4724,10.);
#313=CIRCLE('',#4725,10.5);
#314=CIRCLE('',#4728,10.);
#315=CIRCLE('',#4729,10.5);
#316=CIRCLE('',#4733,18.);
#317=CIRCLE('',#4738,8.5);
#318=CIRCLE('',#4739,8.);
#319=CIRCLE('',#4742,16.5);
#320=CIRCLE('',#4743,16.);
#321=CIRCLE('',#4745,0.499999999999998);
#322=CIRCLE('',#4747,16.5);
#323=CIRCLE('',#4750,9.5);
#324=CIRCLE('',#4757,7.00000000000001);
#325=CIRCLE('',#4760,14.);
#326=CIRCLE('',#4763,14.);
#327=CIRCLE('',#4766,7.00000000000002);
#328=CIRCLE('',#4773,22.);
#329=CIRCLE('',#4774,15.1);
#330=CIRCLE('',#4778,22.);
#331=CIRCLE('',#4779,15.1);
#332=CIRCLE('',#4781,14.);
#333=CIRCLE('',#4782,7.1);
#334=CIRCLE('',#4786,14.);
#335=CIRCLE('',#4789,22.);
#336=CIRCLE('',#4793,14.);
#337=CIRCLE('',#4795,14.);
#338=CIRCLE('',#4797,22.);
#339=CIRCLE('',#4800,22.);
#340=CIRCLE('',#4825,28.);
#341=CIRCLE('',#4826,24.);
#342=CIRCLE('',#4828,16.);
#343=CIRCLE('',#4829,20.);
#344=CIRCLE('',#4831,16.);
#345=CIRCLE('',#4832,20.);
#346=CIRCLE('',#4834,28.);
#347=CIRCLE('',#4835,24.);
#348=CIRCLE('',#4837,28.);
#349=CIRCLE('',#4840,20.);
#350=CIRCLE('',#4842,14.);
#351=CIRCLE('',#4843,14.);
#352=CIRCLE('',#4845,28.);
#353=CIRCLE('',#4846,20.);
#354=CIRCLE('',#4847,20.);
#355=CIRCLE('',#4848,28.);
#356=CIRCLE('',#4849,22.);
#357=CIRCLE('',#4856,14.);
#358=CIRCLE('',#4859,16.);
#359=CIRCLE('',#4861,24.);
#360=CIRCLE('',#4863,24.);
#361=CIRCLE('',#4865,16.);
#362=CIRCLE('',#4867,30.);
#363=CIRCLE('',#4868,30.);
#364=CIRCLE('',#4869,22.);
#365=CIRCLE('',#4870,22.);
#366=CIRCLE('',#4871,28.);
#367=CIRCLE('',#4872,20.);
#368=CIRCLE('',#4874,28.);
#369=CIRCLE('',#4880,20.);
#370=CIRCLE('',#4882,5.);
#371=CIRCLE('',#4883,5.);
#372=CIRCLE('',#4884,5.);
#373=CIRCLE('',#4885,5.);
#374=CIRCLE('',#4886,5.);
#375=CIRCLE('',#4887,5.);
#376=CIRCLE('',#4888,5.);
#377=CIRCLE('',#4889,5.);
#378=CIRCLE('',#4890,5.);
#379=CIRCLE('',#4891,5.);
#380=CIRCLE('',#4895,18.);
#381=CIRCLE('',#4898,18.);
#382=CIRCLE('',#4901,2.);
#383=CIRCLE('',#4902,26.);
#384=CIRCLE('',#4904,2.);
#385=CIRCLE('',#4906,26.);
#386=CIRCLE('',#4908,28.);
#387=CIRCLE('',#4909,20.);
#388=CIRCLE('',#4910,30.);
#389=CIRCLE('',#4911,30.);
#390=CIRCLE('',#4912,22.);
#391=CIRCLE('',#4913,22.);
#392=CIRCLE('',#4914,30.);
#393=CIRCLE('',#4915,30.);
#394=CIRCLE('',#4928,22.);
#395=CYLINDRICAL_SURFACE('',#4545,9.00000000000001);
#396=CYLINDRICAL_SURFACE('',#4549,9.);
#397=CYLINDRICAL_SURFACE('',#4555,4.);
#398=CYLINDRICAL_SURFACE('',#4558,4.);
#399=CYLINDRICAL_SURFACE('',#4561,5.);
#400=CYLINDRICAL_SURFACE('',#4565,5.);
#401=CYLINDRICAL_SURFACE('',#4570,2.5);
#402=CYLINDRICAL_SURFACE('',#4588,1.005);
#403=CYLINDRICAL_SURFACE('',#4600,1.005);
#404=CYLINDRICAL_SURFACE('',#4612,1.05);
#405=CYLINDRICAL_SURFACE('',#4614,1.5);
#406=CYLINDRICAL_SURFACE('',#4629,1.005);
#407=CYLINDRICAL_SURFACE('',#4631,1.5);
#408=CYLINDRICAL_SURFACE('',#4636,1.05);
#409=CYLINDRICAL_SURFACE('',#4638,1.5);
#410=CYLINDRICAL_SURFACE('',#4643,1.5);
#411=CYLINDRICAL_SURFACE('',#4648,1.05);
#412=CYLINDRICAL_SURFACE('',#4650,1.05);
#413=CYLINDRICAL_SURFACE('',#4652,1.05);
#414=CYLINDRICAL_SURFACE('',#4654,2.5);
#415=CYLINDRICAL_SURFACE('',#4667,0.5);
#416=CYLINDRICAL_SURFACE('',#4671,0.5);
#417=CYLINDRICAL_SURFACE('',#4672,0.5);
#418=CYLINDRICAL_SURFACE('',#4679,0.5);
#419=CYLINDRICAL_SURFACE('',#4683,18.5);
#420=CYLINDRICAL_SURFACE('',#4686,18.5);
#421=CYLINDRICAL_SURFACE('',#4694,0.5);
#422=CYLINDRICAL_SURFACE('',#4698,0.5);
#423=CYLINDRICAL_SURFACE('',#4702,0.5);
#424=CYLINDRICAL_SURFACE('',#4703,0.5);
#425=CYLINDRICAL_SURFACE('',#4711,9.);
#426=CYLINDRICAL_SURFACE('',#4714,16.);
#427=CYLINDRICAL_SURFACE('',#4722,0.5);
#428=CYLINDRICAL_SURFACE('',#4726,0.5);
#429=CYLINDRICAL_SURFACE('',#4730,0.5);
#430=CYLINDRICAL_SURFACE('',#4731,0.5);
#431=CYLINDRICAL_SURFACE('',#4734,10.5);
#432=CYLINDRICAL_SURFACE('',#4736,10.5);
#433=CYLINDRICAL_SURFACE('',#4740,0.5);
#434=CYLINDRICAL_SURFACE('',#4744,0.5);
#435=CYLINDRICAL_SURFACE('',#4748,0.5);
#436=CYLINDRICAL_SURFACE('',#4751,0.5);
#437=CYLINDRICAL_SURFACE('',#4753,8.);
#438=CYLINDRICAL_SURFACE('',#4756,7.00000000000001);
#439=CYLINDRICAL_SURFACE('',#4759,14.);
#440=CYLINDRICAL_SURFACE('',#4762,14.);
#441=CYLINDRICAL_SURFACE('',#4765,7.00000000000002);
#442=CYLINDRICAL_SURFACE('',#4768,16.);
#443=CYLINDRICAL_SURFACE('',#4770,6.9);
#444=CYLINDRICAL_SURFACE('',#4775,6.9);
#445=CYLINDRICAL_SURFACE('',#4776,6.9);
#446=CYLINDRICAL_SURFACE('',#4783,6.9);
#447=CYLINDRICAL_SURFACE('',#4785,14.);
#448=CYLINDRICAL_SURFACE('',#4788,22.);
#449=CYLINDRICAL_SURFACE('',#4792,14.);
#450=CYLINDRICAL_SURFACE('',#4794,14.);
#451=CYLINDRICAL_SURFACE('',#4796,22.);
#452=CYLINDRICAL_SURFACE('',#4799,22.);
#453=CYLINDRICAL_SURFACE('',#4836,28.);
#454=CYLINDRICAL_SURFACE('',#4839,20.);
#455=CYLINDRICAL_SURFACE('',#4841,14.);
#456=CYLINDRICAL_SURFACE('',#4852,22.);
#457=CYLINDRICAL_SURFACE('',#4855,14.);
#458=CYLINDRICAL_SURFACE('',#4858,16.);
#459=CYLINDRICAL_SURFACE('',#4860,24.);
#460=CYLINDRICAL_SURFACE('',#4862,24.);
#461=CYLINDRICAL_SURFACE('',#4864,16.);
#462=CYLINDRICAL_SURFACE('',#4873,28.);
#463=CYLINDRICAL_SURFACE('',#4875,20.);
#464=CYLINDRICAL_SURFACE('',#4877,28.);
#465=CYLINDRICAL_SURFACE('',#4879,20.);
#466=CYLINDRICAL_SURFACE('',#4881,5.);
#467=CYLINDRICAL_SURFACE('',#4893,2.);
#468=CYLINDRICAL_SURFACE('',#4896,2.);
#469=CYLINDRICAL_SURFACE('',#4899,2.);
#470=CYLINDRICAL_SURFACE('',#4903,2.);
#471=CYLINDRICAL_SURFACE('',#4916,28.);
#472=CYLINDRICAL_SURFACE('',#4918,20.);
#473=CYLINDRICAL_SURFACE('',#4921,22.);
#474=CYLINDRICAL_SURFACE('',#4923,22.);
#475=CYLINDRICAL_SURFACE('',#4925,30.);
#476=CYLINDRICAL_SURFACE('',#4927,30.);
#477=FACE_OUTER_BOUND('',#727,.T.);
#478=FACE_OUTER_BOUND('',#728,.T.);
#479=FACE_OUTER_BOUND('',#729,.T.);
#480=FACE_OUTER_BOUND('',#730,.T.);
#481=FACE_OUTER_BOUND('',#731,.T.);
#482=FACE_OUTER_BOUND('',#733,.T.);
#483=FACE_OUTER_BOUND('',#734,.T.);
#484=FACE_OUTER_BOUND('',#735,.T.);
#485=FACE_OUTER_BOUND('',#736,.T.);
#486=FACE_OUTER_BOUND('',#737,.T.);
#487=FACE_OUTER_BOUND('',#738,.T.);
#488=FACE_OUTER_BOUND('',#739,.T.);
#489=FACE_OUTER_BOUND('',#740,.T.);
#490=FACE_OUTER_BOUND('',#741,.T.);
#491=FACE_OUTER_BOUND('',#743,.T.);
#492=FACE_OUTER_BOUND('',#744,.T.);
#493=FACE_OUTER_BOUND('',#745,.T.);
#494=FACE_OUTER_BOUND('',#746,.T.);
#495=FACE_OUTER_BOUND('',#748,.T.);
#496=FACE_OUTER_BOUND('',#749,.T.);
#497=FACE_OUTER_BOUND('',#751,.T.);
#498=FACE_OUTER_BOUND('',#752,.T.);
#499=FACE_OUTER_BOUND('',#753,.T.);
#500=FACE_OUTER_BOUND('',#754,.T.);
#501=FACE_OUTER_BOUND('',#755,.T.);
#502=FACE_OUTER_BOUND('',#756,.T.);
#503=FACE_OUTER_BOUND('',#757,.T.);
#504=FACE_OUTER_BOUND('',#758,.T.);
#505=FACE_OUTER_BOUND('',#759,.T.);
#506=FACE_OUTER_BOUND('',#761,.T.);
#507=FACE_OUTER_BOUND('',#762,.T.);
#508=FACE_OUTER_BOUND('',#763,.T.);
#509=FACE_OUTER_BOUND('',#764,.T.);
#510=FACE_OUTER_BOUND('',#765,.T.);
#511=FACE_OUTER_BOUND('',#766,.T.);
#512=FACE_OUTER_BOUND('',#767,.T.);
#513=FACE_OUTER_BOUND('',#768,.T.);
#514=FACE_OUTER_BOUND('',#769,.T.);
#515=FACE_OUTER_BOUND('',#770,.T.);
#516=FACE_OUTER_BOUND('',#772,.T.);
#517=FACE_OUTER_BOUND('',#773,.T.);
#518=FACE_OUTER_BOUND('',#774,.T.);
#519=FACE_OUTER_BOUND('',#775,.T.);
#520=FACE_OUTER_BOUND('',#776,.T.);
#521=FACE_OUTER_BOUND('',#777,.T.);
#522=FACE_OUTER_BOUND('',#778,.T.);
#523=FACE_OUTER_BOUND('',#779,.T.);
#524=FACE_OUTER_BOUND('',#780,.T.);
#525=FACE_OUTER_BOUND('',#781,.T.);
#526=FACE_OUTER_BOUND('',#783,.T.);
#527=FACE_OUTER_BOUND('',#784,.T.);
#528=FACE_OUTER_BOUND('',#785,.T.);
#529=FACE_OUTER_BOUND('',#787,.T.);
#530=FACE_OUTER_BOUND('',#788,.T.);
#531=FACE_OUTER_BOUND('',#789,.T.);
#532=FACE_OUTER_BOUND('',#790,.T.);
#533=FACE_OUTER_BOUND('',#791,.T.);
#534=FACE_OUTER_BOUND('',#792,.T.);
#535=FACE_OUTER_BOUND('',#793,.T.);
#536=FACE_OUTER_BOUND('',#794,.T.);
#537=FACE_OUTER_BOUND('',#795,.T.);
#538=FACE_OUTER_BOUND('',#797,.T.);
#539=FACE_OUTER_BOUND('',#798,.T.);
#540=FACE_OUTER_BOUND('',#799,.T.);
#541=FACE_OUTER_BOUND('',#801,.T.);
#542=FACE_OUTER_BOUND('',#802,.T.);
#543=FACE_OUTER_BOUND('',#803,.T.);
#544=FACE_OUTER_BOUND('',#805,.T.);
#545=FACE_OUTER_BOUND('',#806,.T.);
#546=FACE_OUTER_BOUND('',#808,.T.);
#547=FACE_OUTER_BOUND('',#809,.T.);
#548=FACE_OUTER_BOUND('',#810,.T.);
#549=FACE_OUTER_BOUND('',#811,.T.);
#550=FACE_OUTER_BOUND('',#812,.T.);
#551=FACE_OUTER_BOUND('',#813,.T.);
#552=FACE_OUTER_BOUND('',#814,.T.);
#553=FACE_OUTER_BOUND('',#815,.T.);
#554=FACE_OUTER_BOUND('',#817,.T.);
#555=FACE_OUTER_BOUND('',#819,.T.);
#556=FACE_OUTER_BOUND('',#820,.T.);
#557=FACE_OUTER_BOUND('',#821,.T.);
#558=FACE_OUTER_BOUND('',#823,.T.);
#559=FACE_OUTER_BOUND('',#824,.T.);
#560=FACE_OUTER_BOUND('',#825,.T.);
#561=FACE_OUTER_BOUND('',#826,.T.);
#562=FACE_OUTER_BOUND('',#827,.T.);
#563=FACE_OUTER_BOUND('',#828,.T.);
#564=FACE_OUTER_BOUND('',#829,.T.);
#565=FACE_OUTER_BOUND('',#830,.T.);
#566=FACE_OUTER_BOUND('',#831,.T.);
#567=FACE_OUTER_BOUND('',#832,.T.);
#568=FACE_OUTER_BOUND('',#833,.T.);
#569=FACE_OUTER_BOUND('',#834,.T.);
#570=FACE_OUTER_BOUND('',#835,.T.);
#571=FACE_OUTER_BOUND('',#836,.T.);
#572=FACE_OUTER_BOUND('',#837,.T.);
#573=FACE_OUTER_BOUND('',#838,.T.);
#574=FACE_OUTER_BOUND('',#839,.T.);
#575=FACE_OUTER_BOUND('',#841,.T.);
#576=FACE_OUTER_BOUND('',#842,.T.);
#577=FACE_OUTER_BOUND('',#843,.T.);
#578=FACE_OUTER_BOUND('',#844,.T.);
#579=FACE_OUTER_BOUND('',#845,.T.);
#580=FACE_OUTER_BOUND('',#846,.T.);
#581=FACE_OUTER_BOUND('',#847,.T.);
#582=FACE_OUTER_BOUND('',#848,.T.);
#583=FACE_OUTER_BOUND('',#849,.T.);
#584=FACE_OUTER_BOUND('',#850,.T.);
#585=FACE_OUTER_BOUND('',#851,.T.);
#586=FACE_OUTER_BOUND('',#852,.T.);
#587=FACE_OUTER_BOUND('',#853,.T.);
#588=FACE_OUTER_BOUND('',#855,.T.);
#589=FACE_OUTER_BOUND('',#856,.T.);
#590=FACE_OUTER_BOUND('',#857,.T.);
#591=FACE_OUTER_BOUND('',#858,.T.);
#592=FACE_OUTER_BOUND('',#859,.T.);
#593=FACE_OUTER_BOUND('',#860,.T.);
#594=FACE_OUTER_BOUND('',#861,.T.);
#595=FACE_OUTER_BOUND('',#862,.T.);
#596=FACE_OUTER_BOUND('',#863,.T.);
#597=FACE_OUTER_BOUND('',#864,.T.);
#598=FACE_OUTER_BOUND('',#865,.T.);
#599=FACE_OUTER_BOUND('',#866,.T.);
#600=FACE_OUTER_BOUND('',#867,.T.);
#601=FACE_OUTER_BOUND('',#868,.T.);
#602=FACE_OUTER_BOUND('',#869,.T.);
#603=FACE_OUTER_BOUND('',#870,.T.);
#604=FACE_OUTER_BOUND('',#871,.T.);
#605=FACE_OUTER_BOUND('',#872,.T.);
#606=FACE_OUTER_BOUND('',#873,.T.);
#607=FACE_OUTER_BOUND('',#874,.T.);
#608=FACE_OUTER_BOUND('',#875,.T.);
#609=FACE_OUTER_BOUND('',#877,.T.);
#610=FACE_OUTER_BOUND('',#878,.T.);
#611=FACE_OUTER_BOUND('',#879,.T.);
#612=FACE_OUTER_BOUND('',#880,.T.);
#613=FACE_OUTER_BOUND('',#881,.T.);
#614=FACE_OUTER_BOUND('',#882,.T.);
#615=FACE_OUTER_BOUND('',#883,.T.);
#616=FACE_OUTER_BOUND('',#884,.T.);
#617=FACE_OUTER_BOUND('',#885,.T.);
#618=FACE_OUTER_BOUND('',#886,.T.);
#619=FACE_OUTER_BOUND('',#887,.T.);
#620=FACE_OUTER_BOUND('',#888,.T.);
#621=FACE_OUTER_BOUND('',#889,.T.);
#622=FACE_OUTER_BOUND('',#890,.T.);
#623=FACE_OUTER_BOUND('',#891,.T.);
#624=FACE_OUTER_BOUND('',#892,.T.);
#625=FACE_OUTER_BOUND('',#893,.T.);
#626=FACE_OUTER_BOUND('',#894,.T.);
#627=FACE_OUTER_BOUND('',#895,.T.);
#628=FACE_OUTER_BOUND('',#896,.T.);
#629=FACE_OUTER_BOUND('',#897,.T.);
#630=FACE_OUTER_BOUND('',#898,.T.);
#631=FACE_OUTER_BOUND('',#899,.T.);
#632=FACE_OUTER_BOUND('',#901,.T.);
#633=FACE_OUTER_BOUND('',#903,.T.);
#634=FACE_OUTER_BOUND('',#904,.T.);
#635=FACE_OUTER_BOUND('',#905,.T.);
#636=FACE_OUTER_BOUND('',#906,.T.);
#637=FACE_OUTER_BOUND('',#908,.T.);
#638=FACE_OUTER_BOUND('',#909,.T.);
#639=FACE_OUTER_BOUND('',#910,.T.);
#640=FACE_OUTER_BOUND('',#911,.T.);
#641=FACE_OUTER_BOUND('',#912,.T.);
#642=FACE_OUTER_BOUND('',#913,.T.);
#643=FACE_OUTER_BOUND('',#914,.T.);
#644=FACE_OUTER_BOUND('',#915,.T.);
#645=FACE_OUTER_BOUND('',#916,.T.);
#646=FACE_OUTER_BOUND('',#917,.T.);
#647=FACE_OUTER_BOUND('',#918,.T.);
#648=FACE_OUTER_BOUND('',#920,.T.);
#649=FACE_OUTER_BOUND('',#921,.T.);
#650=FACE_OUTER_BOUND('',#923,.T.);
#651=FACE_OUTER_BOUND('',#924,.T.);
#652=FACE_OUTER_BOUND('',#926,.T.);
#653=FACE_OUTER_BOUND('',#927,.T.);
#654=FACE_OUTER_BOUND('',#929,.T.);
#655=FACE_OUTER_BOUND('',#930,.T.);
#656=FACE_OUTER_BOUND('',#932,.T.);
#657=FACE_OUTER_BOUND('',#933,.T.);
#658=FACE_OUTER_BOUND('',#935,.T.);
#659=FACE_OUTER_BOUND('',#936,.T.);
#660=FACE_OUTER_BOUND('',#938,.T.);
#661=FACE_OUTER_BOUND('',#939,.T.);
#662=FACE_OUTER_BOUND('',#940,.T.);
#663=FACE_OUTER_BOUND('',#941,.T.);
#664=FACE_OUTER_BOUND('',#942,.T.);
#665=FACE_OUTER_BOUND('',#943,.T.);
#666=FACE_OUTER_BOUND('',#944,.T.);
#667=FACE_OUTER_BOUND('',#945,.T.);
#668=FACE_OUTER_BOUND('',#946,.T.);
#669=FACE_OUTER_BOUND('',#947,.T.);
#670=FACE_OUTER_BOUND('',#949,.T.);
#671=FACE_OUTER_BOUND('',#950,.T.);
#672=FACE_OUTER_BOUND('',#951,.T.);
#673=FACE_OUTER_BOUND('',#952,.T.);
#674=FACE_OUTER_BOUND('',#953,.T.);
#675=FACE_OUTER_BOUND('',#955,.T.);
#676=FACE_OUTER_BOUND('',#956,.T.);
#677=FACE_OUTER_BOUND('',#958,.T.);
#678=FACE_OUTER_BOUND('',#959,.T.);
#679=FACE_OUTER_BOUND('',#960,.T.);
#680=FACE_OUTER_BOUND('',#961,.T.);
#681=FACE_OUTER_BOUND('',#962,.T.);
#682=FACE_OUTER_BOUND('',#968,.T.);
#683=FACE_OUTER_BOUND('',#969,.T.);
#684=FACE_OUTER_BOUND('',#970,.T.);
#685=FACE_OUTER_BOUND('',#971,.T.);
#686=FACE_OUTER_BOUND('',#972,.T.);
#687=FACE_OUTER_BOUND('',#974,.T.);
#688=FACE_OUTER_BOUND('',#975,.T.);
#689=FACE_OUTER_BOUND('',#976,.T.);
#690=FACE_OUTER_BOUND('',#978,.T.);
#691=FACE_OUTER_BOUND('',#979,.T.);
#692=FACE_OUTER_BOUND('',#980,.T.);
#693=FACE_OUTER_BOUND('',#981,.T.);
#694=FACE_OUTER_BOUND('',#982,.T.);
#695=FACE_OUTER_BOUND('',#983,.T.);
#696=FACE_OUTER_BOUND('',#984,.T.);
#697=FACE_OUTER_BOUND('',#985,.T.);
#698=FACE_OUTER_BOUND('',#986,.T.);
#699=FACE_OUTER_BOUND('',#987,.T.);
#700=FACE_OUTER_BOUND('',#988,.T.);
#701=FACE_OUTER_BOUND('',#989,.T.);
#702=FACE_OUTER_BOUND('',#990,.T.);
#703=FACE_OUTER_BOUND('',#991,.T.);
#704=FACE_OUTER_BOUND('',#992,.T.);
#705=FACE_OUTER_BOUND('',#993,.T.);
#706=FACE_OUTER_BOUND('',#994,.T.);
#707=FACE_OUTER_BOUND('',#996,.T.);
#708=FACE_OUTER_BOUND('',#997,.T.);
#709=FACE_OUTER_BOUND('',#998,.T.);
#710=FACE_OUTER_BOUND('',#999,.T.);
#711=FACE_OUTER_BOUND('',#1000,.T.);
#712=FACE_OUTER_BOUND('',#1001,.T.);
#713=FACE_OUTER_BOUND('',#1002,.T.);
#714=FACE_OUTER_BOUND('',#1003,.T.);
#715=FACE_OUTER_BOUND('',#1004,.T.);
#716=FACE_OUTER_BOUND('',#1005,.T.);
#717=FACE_OUTER_BOUND('',#1007,.T.);
#718=FACE_OUTER_BOUND('',#1008,.T.);
#719=FACE_OUTER_BOUND('',#1009,.T.);
#720=FACE_OUTER_BOUND('',#1011,.T.);
#721=FACE_OUTER_BOUND('',#1012,.T.);
#722=FACE_OUTER_BOUND('',#1015,.T.);
#723=FACE_OUTER_BOUND('',#1016,.T.);
#724=FACE_OUTER_BOUND('',#1018,.T.);
#725=FACE_OUTER_BOUND('',#1019,.T.);
#726=FACE_OUTER_BOUND('',#1021,.T.);
#727=EDGE_LOOP('',(#2857,#2858,#2859,#2860));
#728=EDGE_LOOP('',(#2861,#2862,#2863,#2864));
#729=EDGE_LOOP('',(#2865,#2866,#2867,#2868));
#730=EDGE_LOOP('',(#2869,#2870,#2871,#2872));
#731=EDGE_LOOP('',(#2873,#2874,#2875,#2876));
#732=EDGE_LOOP('',(#2877,#2878,#2879,#2880));
#733=EDGE_LOOP('',(#2881,#2882,#2883,#2884));
#734=EDGE_LOOP('',(#2885,#2886,#2887,#2888));
#735=EDGE_LOOP('',(#2889,#2890,#2891,#2892));
#736=EDGE_LOOP('',(#2893,#2894,#2895,#2896));
#737=EDGE_LOOP('',(#2897,#2898,#2899,#2900));
#738=EDGE_LOOP('',(#2901,#2902,#2903,#2904));
#739=EDGE_LOOP('',(#2905,#2906,#2907,#2908));
#740=EDGE_LOOP('',(#2909,#2910,#2911,#2912));
#741=EDGE_LOOP('',(#2913,#2914,#2915,#2916));
#742=EDGE_LOOP('',(#2917,#2918,#2919,#2920));
#743=EDGE_LOOP('',(#2921,#2922,#2923,#2924));
#744=EDGE_LOOP('',(#2925,#2926,#2927,#2928));
#745=EDGE_LOOP('',(#2929,#2930,#2931,#2932));
#746=EDGE_LOOP('',(#2933,#2934,#2935,#2936));
#747=EDGE_LOOP('',(#2937));
#748=EDGE_LOOP('',(#2938,#2939,#2940,#2941));
#749=EDGE_LOOP('',(#2942,#2943,#2944,#2945));
#750=EDGE_LOOP('',(#2946));
#751=EDGE_LOOP('',(#2947,#2948,#2949,#2950));
#752=EDGE_LOOP('',(#2951,#2952,#2953,#2954));
#753=EDGE_LOOP('',(#2955,#2956,#2957,#2958));
#754=EDGE_LOOP('',(#2959,#2960,#2961,#2962));
#755=EDGE_LOOP('',(#2963,#2964,#2965,#2966));
#756=EDGE_LOOP('',(#2967,#2968,#2969,#2970));
#757=EDGE_LOOP('',(#2971,#2972,#2973,#2974));
#758=EDGE_LOOP('',(#2975,#2976,#2977,#2978));
#759=EDGE_LOOP('',(#2979,#2980,#2981,#2982,#2983,#2984,#2985,#2986));
#760=EDGE_LOOP('',(#2987));
#761=EDGE_LOOP('',(#2988,#2989,#2990,#2991));
#762=EDGE_LOOP('',(#2992,#2993,#2994,#2995));
#763=EDGE_LOOP('',(#2996,#2997,#2998,#2999));
#764=EDGE_LOOP('',(#3000,#3001,#3002,#3003));
#765=EDGE_LOOP('',(#3004,#3005,#3006,#3007));
#766=EDGE_LOOP('',(#3008,#3009,#3010,#3011));
#767=EDGE_LOOP('',(#3012,#3013,#3014,#3015));
#768=EDGE_LOOP('',(#3016,#3017,#3018,#3019));
#769=EDGE_LOOP('',(#3020,#3021,#3022,#3023));
#770=EDGE_LOOP('',(#3024,#3025,#3026,#3027,#3028,#3029,#3030,#3031));
#771=EDGE_LOOP('',(#3032));
#772=EDGE_LOOP('',(#3033,#3034,#3035,#3036));
#773=EDGE_LOOP('',(#3037,#3038,#3039,#3040));
#774=EDGE_LOOP('',(#3041,#3042,#3043,#3044));
#775=EDGE_LOOP('',(#3045,#3046,#3047,#3048));
#776=EDGE_LOOP('',(#3049,#3050,#3051,#3052));
#777=EDGE_LOOP('',(#3053,#3054,#3055,#3056));
#778=EDGE_LOOP('',(#3057,#3058,#3059,#3060));
#779=EDGE_LOOP('',(#3061,#3062,#3063,#3064));
#780=EDGE_LOOP('',(#3065,#3066,#3067,#3068));
#781=EDGE_LOOP('',(#3069,#3070,#3071,#3072,#3073,#3074,#3075,#3076));
#782=EDGE_LOOP('',(#3077));
#783=EDGE_LOOP('',(#3078,#3079,#3080,#3081));
#784=EDGE_LOOP('',(#3082,#3083,#3084,#3085));
#785=EDGE_LOOP('',(#3086));
#786=EDGE_LOOP('',(#3087));
#787=EDGE_LOOP('',(#3088,#3089,#3090,#3091));
#788=EDGE_LOOP('',(#3092,#3093,#3094,#3095));
#789=EDGE_LOOP('',(#3096,#3097,#3098,#3099));
#790=EDGE_LOOP('',(#3100,#3101,#3102,#3103));
#791=EDGE_LOOP('',(#3104,#3105,#3106,#3107));
#792=EDGE_LOOP('',(#3108,#3109,#3110,#3111));
#793=EDGE_LOOP('',(#3112,#3113,#3114,#3115));
#794=EDGE_LOOP('',(#3116,#3117,#3118,#3119));
#795=EDGE_LOOP('',(#3120,#3121,#3122,#3123,#3124,#3125,#3126,#3127));
#796=EDGE_LOOP('',(#3128));
#797=EDGE_LOOP('',(#3129,#3130,#3131,#3132));
#798=EDGE_LOOP('',(#3133,#3134,#3135,#3136));
#799=EDGE_LOOP('',(#3137));
#800=EDGE_LOOP('',(#3138));
#801=EDGE_LOOP('',(#3139,#3140,#3141,#3142));
#802=EDGE_LOOP('',(#3143,#3144,#3145,#3146));
#803=EDGE_LOOP('',(#3147));
#804=EDGE_LOOP('',(#3148));
#805=EDGE_LOOP('',(#3149,#3150,#3151,#3152));
#806=EDGE_LOOP('',(#3153));
#807=EDGE_LOOP('',(#3154));
#808=EDGE_LOOP('',(#3155,#3156,#3157,#3158));
#809=EDGE_LOOP('',(#3159,#3160,#3161,#3162));
#810=EDGE_LOOP('',(#3163,#3164,#3165,#3166));
#811=EDGE_LOOP('',(#3167,#3168,#3169,#3170));
#812=EDGE_LOOP('',(#3171,#3172,#3173,#3174,#3175,#3176,#3177,#3178));
#813=EDGE_LOOP('',(#3179,#3180,#3181,#3182));
#814=EDGE_LOOP('',(#3183,#3184,#3185,#3186,#3187,#3188,#3189,#3190,#3191,
#3192,#3193));
#815=EDGE_LOOP('',(#3194,#3195,#3196,#3197,#3198,#3199));
#816=EDGE_LOOP('',(#3200));
#817=EDGE_LOOP('',(#3201,#3202,#3203,#3204,#3205,#3206));
#818=EDGE_LOOP('',(#3207));
#819=EDGE_LOOP('',(#3208,#3209,#3210,#3211));
#820=EDGE_LOOP('',(#3212,#3213,#3214,#3215,#3216,#3217,#3218,#3219,#3220,
#3221,#3222));
#821=EDGE_LOOP('',(#3223,#3224,#3225,#3226));
#822=EDGE_LOOP('',(#3227,#3228,#3229,#3230,#3231,#3232));
#823=EDGE_LOOP('',(#3233,#3234,#3235,#3236));
#824=EDGE_LOOP('',(#3237,#3238,#3239,#3240));
#825=EDGE_LOOP('',(#3241,#3242,#3243,#3244));
#826=EDGE_LOOP('',(#3245,#3246,#3247,#3248,#3249,#3250,#3251));
#827=EDGE_LOOP('',(#3252,#3253,#3254,#3255));
#828=EDGE_LOOP('',(#3256,#3257,#3258,#3259));
#829=EDGE_LOOP('',(#3260,#3261,#3262,#3263));
#830=EDGE_LOOP('',(#3264,#3265,#3266,#3267));
#831=EDGE_LOOP('',(#3268,#3269,#3270,#3271));
#832=EDGE_LOOP('',(#3272,#3273,#3274,#3275));
#833=EDGE_LOOP('',(#3276,#3277,#3278,#3279));
#834=EDGE_LOOP('',(#3280,#3281,#3282,#3283));
#835=EDGE_LOOP('',(#3284,#3285,#3286,#3287,#3288,#3289));
#836=EDGE_LOOP('',(#3290,#3291,#3292,#3293));
#837=EDGE_LOOP('',(#3294,#3295,#3296,#3297));
#838=EDGE_LOOP('',(#3298,#3299,#3300,#3301));
#839=EDGE_LOOP('',(#3302,#3303,#3304,#3305,#3306,#3307,#3308,#3309));
#840=EDGE_LOOP('',(#3310,#3311,#3312,#3313,#3314,#3315,#3316,#3317));
#841=EDGE_LOOP('',(#3318,#3319,#3320,#3321));
#842=EDGE_LOOP('',(#3322,#3323,#3324,#3325));
#843=EDGE_LOOP('',(#3326,#3327,#3328,#3329));
#844=EDGE_LOOP('',(#3330,#3331,#3332,#3333));
#845=EDGE_LOOP('',(#3334,#3335,#3336,#3337));
#846=EDGE_LOOP('',(#3338,#3339,#3340,#3341));
#847=EDGE_LOOP('',(#3342,#3343,#3344,#3345));
#848=EDGE_LOOP('',(#3346,#3347,#3348,#3349));
#849=EDGE_LOOP('',(#3350,#3351,#3352,#3353));
#850=EDGE_LOOP('',(#3354,#3355,#3356,#3357));
#851=EDGE_LOOP('',(#3358,#3359,#3360,#3361));
#852=EDGE_LOOP('',(#3362,#3363,#3364,#3365));
#853=EDGE_LOOP('',(#3366,#3367,#3368,#3369,#3370,#3371,#3372,#3373));
#854=EDGE_LOOP('',(#3374,#3375,#3376,#3377,#3378,#3379,#3380,#3381));
#855=EDGE_LOOP('',(#3382,#3383,#3384,#3385));
#856=EDGE_LOOP('',(#3386,#3387,#3388,#3389));
#857=EDGE_LOOP('',(#3390,#3391,#3392,#3393));
#858=EDGE_LOOP('',(#3394,#3395,#3396,#3397));
#859=EDGE_LOOP('',(#3398,#3399,#3400,#3401));
#860=EDGE_LOOP('',(#3402,#3403,#3404,#3405));
#861=EDGE_LOOP('',(#3406,#3407,#3408,#3409));
#862=EDGE_LOOP('',(#3410,#3411,#3412,#3413));
#863=EDGE_LOOP('',(#3414,#3415,#3416,#3417));
#864=EDGE_LOOP('',(#3418,#3419,#3420,#3421));
#865=EDGE_LOOP('',(#3422,#3423,#3424,#3425));
#866=EDGE_LOOP('',(#3426,#3427,#3428,#3429));
#867=EDGE_LOOP('',(#3430,#3431,#3432,#3433));
#868=EDGE_LOOP('',(#3434,#3435,#3436,#3437));
#869=EDGE_LOOP('',(#3438,#3439,#3440,#3441));
#870=EDGE_LOOP('',(#3442,#3443,#3444,#3445));
#871=EDGE_LOOP('',(#3446,#3447,#3448,#3449));
#872=EDGE_LOOP('',(#3450,#3451,#3452,#3453));
#873=EDGE_LOOP('',(#3454,#3455,#3456,#3457));
#874=EDGE_LOOP('',(#3458,#3459,#3460,#3461));
#875=EDGE_LOOP('',(#3462,#3463,#3464,#3465,#3466,#3467,#3468,#3469));
#876=EDGE_LOOP('',(#3470,#3471,#3472,#3473,#3474,#3475,#3476,#3477));
#877=EDGE_LOOP('',(#3478,#3479,#3480,#3481));
#878=EDGE_LOOP('',(#3482,#3483,#3484,#3485));
#879=EDGE_LOOP('',(#3486,#3487,#3488,#3489));
#880=EDGE_LOOP('',(#3490,#3491,#3492,#3493));
#881=EDGE_LOOP('',(#3494,#3495,#3496,#3497));
#882=EDGE_LOOP('',(#3498,#3499,#3500,#3501));
#883=EDGE_LOOP('',(#3502,#3503,#3504,#3505));
#884=EDGE_LOOP('',(#3506,#3507,#3508,#3509));
#885=EDGE_LOOP('',(#3510,#3511,#3512,#3513));
#886=EDGE_LOOP('',(#3514,#3515,#3516,#3517));
#887=EDGE_LOOP('',(#3518,#3519,#3520,#3521));
#888=EDGE_LOOP('',(#3522,#3523,#3524,#3525,#3526));
#889=EDGE_LOOP('',(#3527,#3528,#3529,#3530));
#890=EDGE_LOOP('',(#3531,#3532,#3533,#3534));
#891=EDGE_LOOP('',(#3535,#3536,#3537,#3538));
#892=EDGE_LOOP('',(#3539,#3540,#3541,#3542));
#893=EDGE_LOOP('',(#3543,#3544,#3545,#3546));
#894=EDGE_LOOP('',(#3547,#3548,#3549,#3550,#3551));
#895=EDGE_LOOP('',(#3552,#3553,#3554,#3555,#3556));
#896=EDGE_LOOP('',(#3557,#3558,#3559,#3560));
#897=EDGE_LOOP('',(#3561,#3562,#3563,#3564));
#898=EDGE_LOOP('',(#3565,#3566,#3567,#3568));
#899=EDGE_LOOP('',(#3569,#3570,#3571,#3572,#3573,#3574,#3575));
#900=EDGE_LOOP('',(#3576,#3577,#3578,#3579,#3580,#3581,#3582,#3583));
#901=EDGE_LOOP('',(#3584,#3585,#3586,#3587));
#902=EDGE_LOOP('',(#3588,#3589,#3590,#3591,#3592,#3593,#3594,#3595));
#903=EDGE_LOOP('',(#3596,#3597,#3598,#3599));
#904=EDGE_LOOP('',(#3600,#3601,#3602,#3603,#3604));
#905=EDGE_LOOP('',(#3605,#3606,#3607,#3608));
#906=EDGE_LOOP('',(#3609,#3610,#3611,#3612));
#907=EDGE_LOOP('',(#3613,#3614,#3615,#3616,#3617,#3618,#3619,#3620));
#908=EDGE_LOOP('',(#3621,#3622,#3623,#3624));
#909=EDGE_LOOP('',(#3625,#3626,#3627,#3628));
#910=EDGE_LOOP('',(#3629,#3630,#3631,#3632));
#911=EDGE_LOOP('',(#3633,#3634,#3635,#3636));
#912=EDGE_LOOP('',(#3637,#3638,#3639,#3640));
#913=EDGE_LOOP('',(#3641,#3642,#3643,#3644));
#914=EDGE_LOOP('',(#3645,#3646,#3647,#3648));
#915=EDGE_LOOP('',(#3649,#3650,#3651,#3652));
#916=EDGE_LOOP('',(#3653,#3654,#3655,#3656));
#917=EDGE_LOOP('',(#3657,#3658,#3659,#3660));
#918=EDGE_LOOP('',(#3661,#3662,#3663,#3664));
#919=EDGE_LOOP('',(#3665));
#920=EDGE_LOOP('',(#3666,#3667,#3668,#3669));
#921=EDGE_LOOP('',(#3670,#3671,#3672,#3673));
#922=EDGE_LOOP('',(#3674));
#923=EDGE_LOOP('',(#3675,#3676,#3677,#3678));
#924=EDGE_LOOP('',(#3679,#3680,#3681,#3682));
#925=EDGE_LOOP('',(#3683));
#926=EDGE_LOOP('',(#3684,#3685,#3686,#3687));
#927=EDGE_LOOP('',(#3688,#3689,#3690,#3691));
#928=EDGE_LOOP('',(#3692));
#929=EDGE_LOOP('',(#3693,#3694,#3695,#3696));
#930=EDGE_LOOP('',(#3697,#3698,#3699,#3700));
#931=EDGE_LOOP('',(#3701));
#932=EDGE_LOOP('',(#3702,#3703,#3704,#3705));
#933=EDGE_LOOP('',(#3706,#3707,#3708,#3709));
#934=EDGE_LOOP('',(#3710));
#935=EDGE_LOOP('',(#3711,#3712,#3713,#3714));
#936=EDGE_LOOP('',(#3715,#3716,#3717,#3718));
#937=EDGE_LOOP('',(#3719));
#938=EDGE_LOOP('',(#3720,#3721,#3722,#3723));
#939=EDGE_LOOP('',(#3724,#3725,#3726,#3727,#3728,#3729,#3730,#3731));
#940=EDGE_LOOP('',(#3732,#3733,#3734,#3735,#3736,#3737,#3738,#3739));
#941=EDGE_LOOP('',(#3740,#3741,#3742,#3743,#3744,#3745,#3746,#3747));
#942=EDGE_LOOP('',(#3748,#3749,#3750,#3751,#3752,#3753,#3754,#3755));
#943=EDGE_LOOP('',(#3756,#3757,#3758,#3759));
#944=EDGE_LOOP('',(#3760,#3761,#3762,#3763));
#945=EDGE_LOOP('',(#3764,#3765,#3766,#3767));
#946=EDGE_LOOP('',(#3768,#3769,#3770,#3771));
#947=EDGE_LOOP('',(#3772,#3773,#3774,#3775,#3776,#3777,#3778,#3779));
#948=EDGE_LOOP('',(#3780,#3781,#3782,#3783,#3784,#3785,#3786,#3787));
#949=EDGE_LOOP('',(#3788,#3789,#3790));
#950=EDGE_LOOP('',(#3791,#3792,#3793,#3794,#3795,#3796));
#951=EDGE_LOOP('',(#3797,#3798,#3799,#3800));
#952=EDGE_LOOP('',(#3801,#3802,#3803,#3804));
#953=EDGE_LOOP('',(#3805,#3806,#3807,#3808));
#954=EDGE_LOOP('',(#3809,#3810,#3811,#3812,#3813,#3814,#3815,#3816));
#955=EDGE_LOOP('',(#3817,#3818,#3819,#3820));
#956=EDGE_LOOP('',(#3821,#3822,#3823,#3824));
#957=EDGE_LOOP('',(#3825,#3826,#3827,#3828,#3829,#3830,#3831,#3832));
#958=EDGE_LOOP('',(#3833,#3834,#3835,#3836));
#959=EDGE_LOOP('',(#3837,#3838,#3839,#3840));
#960=EDGE_LOOP('',(#3841,#3842,#3843,#3844));
#961=EDGE_LOOP('',(#3845,#3846,#3847,#3848));
#962=EDGE_LOOP('',(#3849,#3850,#3851,#3852,#3853,#3854,#3855,#3856));
#963=EDGE_LOOP('',(#3857,#3858,#3859,#3860,#3861,#3862,#3863,#3864));
#964=EDGE_LOOP('',(#3865,#3866,#3867,#3868,#3869,#3870,#3871,#3872));
#965=EDGE_LOOP('',(#3873,#3874,#3875,#3876,#3877,#3878,#3879,#3880));
#966=EDGE_LOOP('',(#3881,#3882,#3883,#3884,#3885,#3886,#3887,#3888));
#967=EDGE_LOOP('',(#3889,#3890,#3891,#3892,#3893,#3894,#3895,#3896));
#968=EDGE_LOOP('',(#3897,#3898,#3899,#3900));
#969=EDGE_LOOP('',(#3901,#3902,#3903,#3904));
#970=EDGE_LOOP('',(#3905,#3906,#3907,#3908));
#971=EDGE_LOOP('',(#3909,#3910,#3911,#3912));
#972=EDGE_LOOP('',(#3913,#3914,#3915,#3916));
#973=EDGE_LOOP('',(#3917));
#974=EDGE_LOOP('',(#3918,#3919,#3920,#3921));
#975=EDGE_LOOP('',(#3922,#3923,#3924,#3925,#3926,#3927,#3928,#3929,#3930,
#3931,#3932,#3933));
#976=EDGE_LOOP('',(#3934));
#977=EDGE_LOOP('',(#3935,#3936,#3937,#3938,#3939,#3940,#3941,#3942));
#978=EDGE_LOOP('',(#3943,#3944));
#979=EDGE_LOOP('',(#3945,#3946));
#980=EDGE_LOOP('',(#3947,#3948,#3949,#3950,#3951));
#981=EDGE_LOOP('',(#3952,#3953,#3954,#3955));
#982=EDGE_LOOP('',(#3956,#3957,#3958,#3959));
#983=EDGE_LOOP('',(#3960,#3961,#3962,#3963));
#984=EDGE_LOOP('',(#3964,#3965,#3966,#3967));
#985=EDGE_LOOP('',(#3968,#3969,#3970,#3971,#3972));
#986=EDGE_LOOP('',(#3973,#3974,#3975,#3976,#3977,#3978,#3979,#3980));
#987=EDGE_LOOP('',(#3981,#3982,#3983,#3984,#3985));
#988=EDGE_LOOP('',(#3986,#3987,#3988,#3989));
#989=EDGE_LOOP('',(#3990,#3991,#3992,#3993,#3994));
#990=EDGE_LOOP('',(#3995,#3996,#3997,#3998,#3999,#4000,#4001,#4002,#4003));
#991=EDGE_LOOP('',(#4004,#4005,#4006,#4007,#4008,#4009));
#992=EDGE_LOOP('',(#4010,#4011,#4012,#4013,#4014));
#993=EDGE_LOOP('',(#4015,#4016,#4017,#4018,#4019));
#994=EDGE_LOOP('',(#4020,#4021,#4022,#4023,#4024,#4025,#4026,#4027));
#995=EDGE_LOOP('',(#4028,#4029,#4030,#4031,#4032,#4033,#4034,#4035));
#996=EDGE_LOOP('',(#4036,#4037,#4038,#4039,#4040));
#997=EDGE_LOOP('',(#4041,#4042,#4043,#4044,#4045,#4046));
#998=EDGE_LOOP('',(#4047,#4048,#4049,#4050,#4051));
#999=EDGE_LOOP('',(#4052,#4053,#4054,#4055));
#1000=EDGE_LOOP('',(#4056,#4057,#4058,#4059,#4060));
#1001=EDGE_LOOP('',(#4061,#4062,#4063,#4064,#4065));
#1002=EDGE_LOOP('',(#4066,#4067,#4068,#4069,#4070));
#1003=EDGE_LOOP('',(#4071,#4072,#4073,#4074));
#1004=EDGE_LOOP('',(#4075,#4076,#4077,#4078));
#1005=EDGE_LOOP('',(#4079,#4080,#4081,#4082));
#1006=EDGE_LOOP('',(#4083,#4084,#4085,#4086));
#1007=EDGE_LOOP('',(#4087,#4088,#4089,#4090,#4091,#4092));
#1008=EDGE_LOOP('',(#4093,#4094,#4095,#4096,#4097,#4098,#4099,#4100));
#1009=EDGE_LOOP('',(#4101,#4102,#4103,#4104));
#1010=EDGE_LOOP('',(#4105));
#1011=EDGE_LOOP('',(#4106,#4107,#4108,#4109));
#1012=EDGE_LOOP('',(#4110,#4111,#4112,#4113));
#1013=EDGE_LOOP('',(#4114,#4115,#4116,#4117));
#1014=EDGE_LOOP('',(#4118));
#1015=EDGE_LOOP('',(#4119,#4120,#4121,#4122));
#1016=EDGE_LOOP('',(#4123,#4124,#4125,#4126));
#1017=EDGE_LOOP('',(#4127));
#1018=EDGE_LOOP('',(#4128,#4129,#4130,#4131,#4132));
#1019=EDGE_LOOP('',(#4133,#4134,#4135,#4136));
#1020=EDGE_LOOP('',(#4137));
#1021=EDGE_LOOP('',(#4138,#4139,#4140,#4141,#4142));
#1022=LINE('',#6094,#1411);
#1023=LINE('',#6096,#1412);
#1024=LINE('',#6098,#1413);
#1025=LINE('',#6099,#1414);
#1026=LINE('',#6105,#1415);
#1027=LINE('',#6108,#1416);
#1028=LINE('',#6110,#1417);
#1029=LINE('',#6111,#1418);
#1030=LINE('',#6118,#1419);
#1031=LINE('',#6122,#1420);
#1032=LINE('',#6128,#1421);
#1033=LINE('',#6129,#1422);
#1034=LINE('',#6132,#1423);
#1035=LINE('',#6133,#1424);
#1036=LINE('',#6137,#1425);
#1037=LINE('',#6139,#1426);
#1038=LINE('',#6145,#1427);
#1039=LINE('',#6148,#1428);
#1040=LINE('',#6151,#1429);
#1041=LINE('',#6153,#1430);
#1042=LINE('',#6154,#1431);
#1043=LINE('',#6159,#1432);
#1044=LINE('',#6162,#1433);
#1045=LINE('',#6163,#1434);
#1046=LINE('',#6169,#1435);
#1047=LINE('',#6174,#1436);
#1048=LINE('',#6176,#1437);
#1049=LINE('',#6178,#1438);
#1050=LINE('',#6179,#1439);
#1051=LINE('',#6183,#1440);
#1052=LINE('',#6184,#1441);
#1053=LINE('',#6185,#1442);
#1054=LINE('',#6188,#1443);
#1055=LINE('',#6189,#1444);
#1056=LINE('',#6192,#1445);
#1057=LINE('',#6193,#1446);
#1058=LINE('',#6195,#1447);
#1059=LINE('',#6199,#1448);
#1060=LINE('',#6201,#1449);
#1061=LINE('',#6203,#1450);
#1062=LINE('',#6204,#1451);
#1063=LINE('',#6207,#1452);
#1064=LINE('',#6209,#1453);
#1065=LINE('',#6210,#1454);
#1066=LINE('',#6213,#1455);
#1067=LINE('',#6215,#1456);
#1068=LINE('',#6216,#1457);
#1069=LINE('',#6219,#1458);
#1070=LINE('',#6221,#1459);
#1071=LINE('',#6222,#1460);
#1072=LINE('',#6225,#1461);
#1073=LINE('',#6227,#1462);
#1074=LINE('',#6228,#1463);
#1075=LINE('',#6231,#1464);
#1076=LINE('',#6233,#1465);
#1077=LINE('',#6234,#1466);
#1078=LINE('',#6237,#1467);
#1079=LINE('',#6239,#1468);
#1080=LINE('',#6240,#1469);
#1081=LINE('',#6242,#1470);
#1082=LINE('',#6243,#1471);
#1083=LINE('',#6250,#1472);
#1084=LINE('',#6254,#1473);
#1085=LINE('',#6256,#1474);
#1086=LINE('',#6258,#1475);
#1087=LINE('',#6259,#1476);
#1088=LINE('',#6262,#1477);
#1089=LINE('',#6264,#1478);
#1090=LINE('',#6265,#1479);
#1091=LINE('',#6268,#1480);
#1092=LINE('',#6270,#1481);
#1093=LINE('',#6271,#1482);
#1094=LINE('',#6274,#1483);
#1095=LINE('',#6276,#1484);
#1096=LINE('',#6277,#1485);
#1097=LINE('',#6280,#1486);
#1098=LINE('',#6282,#1487);
#1099=LINE('',#6283,#1488);
#1100=LINE('',#6286,#1489);
#1101=LINE('',#6288,#1490);
#1102=LINE('',#6289,#1491);
#1103=LINE('',#6292,#1492);
#1104=LINE('',#6294,#1493);
#1105=LINE('',#6295,#1494);
#1106=LINE('',#6297,#1495);
#1107=LINE('',#6298,#1496);
#1108=LINE('',#6305,#1497);
#1109=LINE('',#6309,#1498);
#1110=LINE('',#6311,#1499);
#1111=LINE('',#6313,#1500);
#1112=LINE('',#6314,#1501);
#1113=LINE('',#6317,#1502);
#1114=LINE('',#6319,#1503);
#1115=LINE('',#6320,#1504);
#1116=LINE('',#6323,#1505);
#1117=LINE('',#6325,#1506);
#1118=LINE('',#6326,#1507);
#1119=LINE('',#6329,#1508);
#1120=LINE('',#6331,#1509);
#1121=LINE('',#6332,#1510);
#1122=LINE('',#6335,#1511);
#1123=LINE('',#6337,#1512);
#1124=LINE('',#6338,#1513);
#1125=LINE('',#6341,#1514);
#1126=LINE('',#6343,#1515);
#1127=LINE('',#6344,#1516);
#1128=LINE('',#6347,#1517);
#1129=LINE('',#6349,#1518);
#1130=LINE('',#6350,#1519);
#1131=LINE('',#6352,#1520);
#1132=LINE('',#6353,#1521);
#1133=LINE('',#6360,#1522);
#1134=LINE('',#6365,#1523);
#1135=LINE('',#6373,#1524);
#1136=LINE('',#6375,#1525);
#1137=LINE('',#6377,#1526);
#1138=LINE('',#6378,#1527);
#1139=LINE('',#6381,#1528);
#1140=LINE('',#6383,#1529);
#1141=LINE('',#6384,#1530);
#1142=LINE('',#6387,#1531);
#1143=LINE('',#6389,#1532);
#1144=LINE('',#6390,#1533);
#1145=LINE('',#6393,#1534);
#1146=LINE('',#6395,#1535);
#1147=LINE('',#6396,#1536);
#1148=LINE('',#6399,#1537);
#1149=LINE('',#6401,#1538);
#1150=LINE('',#6402,#1539);
#1151=LINE('',#6405,#1540);
#1152=LINE('',#6407,#1541);
#1153=LINE('',#6408,#1542);
#1154=LINE('',#6411,#1543);
#1155=LINE('',#6413,#1544);
#1156=LINE('',#6414,#1545);
#1157=LINE('',#6416,#1546);
#1158=LINE('',#6417,#1547);
#1159=LINE('',#6424,#1548);
#1160=LINE('',#6429,#1549);
#1161=LINE('',#6436,#1550);
#1162=LINE('',#6442,#1551);
#1163=LINE('',#6451,#1552);
#1164=LINE('',#6458,#1553);
#1165=LINE('',#6462,#1554);
#1166=LINE('',#6466,#1555);
#1167=LINE('',#6472,#1556);
#1168=LINE('',#6482,#1557);
#1169=LINE('',#6484,#1558);
#1170=LINE('',#6486,#1559);
#1171=LINE('',#6488,#1560);
#1172=LINE('',#6490,#1561);
#1173=LINE('',#6492,#1562);
#1174=LINE('',#6493,#1563);
#1175=LINE('',#6497,#1564);
#1176=LINE('',#6498,#1565);
#1177=LINE('',#6499,#1566);
#1178=LINE('',#6615,#1567);
#1179=LINE('',#6617,#1568);
#1180=LINE('',#6624,#1569);
#1181=LINE('',#6630,#1570);
#1182=LINE('',#6632,#1571);
#1183=LINE('',#6639,#1572);
#1184=LINE('',#6641,#1573);
#1185=LINE('',#6655,#1574);
#1186=LINE('',#6858,#1575);
#1187=LINE('',#6859,#1576);
#1188=LINE('',#6861,#1577);
#1189=LINE('',#6863,#1578);
#1190=LINE('',#6868,#1579);
#1191=LINE('',#6885,#1580);
#1192=LINE('',#6921,#1581);
#1193=LINE('',#6937,#1582);
#1194=LINE('',#6941,#1583);
#1195=LINE('',#6956,#1584);
#1196=LINE('',#7027,#1585);
#1197=LINE('',#7028,#1586);
#1198=LINE('',#7034,#1587);
#1199=LINE('',#7067,#1588);
#1200=LINE('',#7070,#1589);
#1201=LINE('',#7071,#1590);
#1202=LINE('',#7074,#1591);
#1203=LINE('',#7078,#1592);
#1204=LINE('',#7079,#1593);
#1205=LINE('',#7085,#1594);
#1206=LINE('',#7089,#1595);
#1207=LINE('',#7093,#1596);
#1208=LINE('',#7096,#1597);
#1209=LINE('',#7100,#1598);
#1210=LINE('',#7115,#1599);
#1211=LINE('',#7147,#1600);
#1212=LINE('',#7161,#1601);
#1213=LINE('',#7181,#1602);
#1214=LINE('',#7183,#1603);
#1215=LINE('',#7199,#1604);
#1216=LINE('',#7203,#1605);
#1217=LINE('',#7224,#1606);
#1218=LINE('',#7227,#1607);
#1219=LINE('',#7230,#1608);
#1220=LINE('',#7231,#1609);
#1221=LINE('',#7234,#1610);
#1222=LINE('',#7238,#1611);
#1223=LINE('',#7239,#1612);
#1224=LINE('',#7245,#1613);
#1225=LINE('',#7249,#1614);
#1226=LINE('',#7253,#1615);
#1227=LINE('',#7256,#1616);
#1228=LINE('',#7259,#1617);
#1229=LINE('',#7261,#1618);
#1230=LINE('',#7293,#1619);
#1231=LINE('',#7307,#1620);
#1232=LINE('',#7357,#1621);
#1233=LINE('',#7360,#1622);
#1234=LINE('',#7376,#1623);
#1235=LINE('',#7377,#1624);
#1236=LINE('',#7379,#1625);
#1237=LINE('',#7414,#1626);
#1238=LINE('',#7428,#1627);
#1239=LINE('',#7447,#1628);
#1240=LINE('',#7466,#1629);
#1241=LINE('',#7495,#1630);
#1242=LINE('',#7496,#1631);
#1243=LINE('',#7498,#1632);
#1244=LINE('',#7500,#1633);
#1245=LINE('',#7504,#1634);
#1246=LINE('',#7506,#1635);
#1247=LINE('',#7507,#1636);
#1248=LINE('',#7511,#1637);
#1249=LINE('',#7514,#1638);
#1250=LINE('',#7515,#1639);
#1251=LINE('',#7519,#1640);
#1252=LINE('',#7522,#1641);
#1253=LINE('',#7523,#1642);
#1254=LINE('',#7527,#1643);
#1255=LINE('',#7530,#1644);
#1256=LINE('',#7531,#1645);
#1257=LINE('',#7535,#1646);
#1258=LINE('',#7543,#1647);
#1259=LINE('',#7558,#1648);
#1260=LINE('',#7612,#1649);
#1261=LINE('',#7614,#1650);
#1262=LINE('',#7629,#1651);
#1263=LINE('',#7643,#1652);
#1264=LINE('',#7684,#1653);
#1265=LINE('',#7685,#1654);
#1266=LINE('',#7688,#1655);
#1267=LINE('',#7690,#1656);
#1268=LINE('',#7692,#1657);
#1269=LINE('',#7693,#1658);
#1270=LINE('',#7696,#1659);
#1271=LINE('',#7700,#1660);
#1272=LINE('',#7701,#1661);
#1273=LINE('',#7704,#1662);
#1274=LINE('',#7709,#1663);
#1275=LINE('',#7711,#1664);
#1276=LINE('',#7712,#1665);
#1277=LINE('',#7716,#1666);
#1278=LINE('',#7720,#1667);
#1279=LINE('',#7723,#1668);
#1280=LINE('',#7727,#1669);
#1281=LINE('',#7728,#1670);
#1282=LINE('',#7731,#1671);
#1283=LINE('',#7736,#1672);
#1284=LINE('',#7738,#1673);
#1285=LINE('',#7740,#1674);
#1286=LINE('',#7741,#1675);
#1287=LINE('',#7745,#1676);
#1288=LINE('',#7747,#1677);
#1289=LINE('',#7749,#1678);
#1290=LINE('',#7750,#1679);
#1291=LINE('',#7754,#1680);
#1292=LINE('',#7756,#1681);
#1293=LINE('',#7758,#1682);
#1294=LINE('',#7759,#1683);
#1295=LINE('',#7763,#1684);
#1296=LINE('',#7765,#1685);
#1297=LINE('',#7767,#1686);
#1298=LINE('',#7768,#1687);
#1299=LINE('',#7772,#1688);
#1300=LINE('',#7774,#1689);
#1301=LINE('',#7776,#1690);
#1302=LINE('',#7777,#1691);
#1303=LINE('',#7781,#1692);
#1304=LINE('',#7783,#1693);
#1305=LINE('',#7785,#1694);
#1306=LINE('',#7786,#1695);
#1307=LINE('',#7790,#1696);
#1308=LINE('',#7792,#1697);
#1309=LINE('',#7794,#1698);
#1310=LINE('',#7795,#1699);
#1311=LINE('',#7799,#1700);
#1312=LINE('',#7801,#1701);
#1313=LINE('',#7803,#1702);
#1314=LINE('',#7804,#1703);
#1315=LINE('',#7807,#1704);
#1316=LINE('',#7809,#1705);
#1317=LINE('',#7810,#1706);
#1318=LINE('',#7813,#1707);
#1319=LINE('',#7815,#1708);
#1320=LINE('',#7816,#1709);
#1321=LINE('',#7819,#1710);
#1322=LINE('',#7821,#1711);
#1323=LINE('',#7822,#1712);
#1324=LINE('',#7825,#1713);
#1325=LINE('',#7827,#1714);
#1326=LINE('',#7828,#1715);
#1327=LINE('',#7831,#1716);
#1328=LINE('',#7833,#1717);
#1329=LINE('',#7834,#1718);
#1330=LINE('',#7837,#1719);
#1331=LINE('',#7839,#1720);
#1332=LINE('',#7840,#1721);
#1333=LINE('',#7843,#1722);
#1334=LINE('',#7845,#1723);
#1335=LINE('',#7846,#1724);
#1336=LINE('',#7849,#1725);
#1337=LINE('',#7851,#1726);
#1338=LINE('',#7852,#1727);
#1339=LINE('',#7855,#1728);
#1340=LINE('',#7857,#1729);
#1341=LINE('',#7858,#1730);
#1342=LINE('',#7861,#1731);
#1343=LINE('',#7863,#1732);
#1344=LINE('',#7864,#1733);
#1345=LINE('',#7867,#1734);
#1346=LINE('',#7869,#1735);
#1347=LINE('',#7870,#1736);
#1348=LINE('',#7873,#1737);
#1349=LINE('',#7875,#1738);
#1350=LINE('',#7876,#1739);
#1351=LINE('',#7879,#1740);
#1352=LINE('',#7881,#1741);
#1353=LINE('',#7882,#1742);
#1354=LINE('',#7885,#1743);
#1355=LINE('',#7887,#1744);
#1356=LINE('',#7888,#1745);
#1357=LINE('',#7891,#1746);
#1358=LINE('',#7893,#1747);
#1359=LINE('',#7894,#1748);
#1360=LINE('',#7901,#1749);
#1361=LINE('',#7914,#1750);
#1362=LINE('',#7916,#1751);
#1363=LINE('',#7918,#1752);
#1364=LINE('',#7919,#1753);
#1365=LINE('',#7927,#1754);
#1366=LINE('',#7932,#1755);
#1367=LINE('',#7936,#1756);
#1368=LINE('',#7940,#1757);
#1369=LINE('',#7945,#1758);
#1370=LINE('',#7946,#1759);
#1371=LINE('',#7948,#1760);
#1372=LINE('',#7950,#1761);
#1373=LINE('',#7952,#1762);
#1374=LINE('',#7956,#1763);
#1375=LINE('',#7957,#1764);
#1376=LINE('',#7960,#1765);
#1377=LINE('',#7963,#1766);
#1378=LINE('',#7977,#1767);
#1379=LINE('',#7981,#1768);
#1380=LINE('',#7985,#1769);
#1381=LINE('',#7988,#1770);
#1382=LINE('',#7992,#1771);
#1383=LINE('',#7995,#1772);
#1384=LINE('',#7998,#1773);
#1385=LINE('',#8001,#1774);
#1386=LINE('',#8002,#1775);
#1387=LINE('',#8007,#1776);
#1388=LINE('',#8014,#1777);
#1389=LINE('',#8178,#1778);
#1390=LINE('',#8230,#1779);
#1391=LINE('',#8268,#1780);
#1392=LINE('',#8330,#1781);
#1393=LINE('',#8704,#1782);
#1394=LINE('',#8707,#1783);
#1395=LINE('',#8778,#1784);
#1396=LINE('',#8871,#1785);
#1397=LINE('',#8944,#1786);
#1398=LINE('',#9021,#1787);
#1399=LINE('',#9023,#1788);
#1400=LINE('',#9025,#1789);
#1401=LINE('',#9027,#1790);
#1402=LINE('',#9028,#1791);
#1403=LINE('',#9031,#1792);
#1404=LINE('',#9032,#1793);
#1405=LINE('',#9034,#1794);
#1406=LINE('',#9036,#1795);
#1407=LINE('',#9038,#1796);
#1408=LINE('',#9040,#1797);
#1409=LINE('',#9042,#1798);
#1410=LINE('',#9044,#1799);
#1411=VECTOR('',#4933,10.);
#1412=VECTOR('',#4934,10.);
#1413=VECTOR('',#4935,10.);
#1414=VECTOR('',#4936,10.);
#1415=VECTOR('',#4943,10.);
#1416=VECTOR('',#4946,10.);
#1417=VECTOR('',#4947,10.);
#1418=VECTOR('',#4948,10.);
#1419=VECTOR('',#4957,10.);
#1420=VECTOR('',#4960,10.);
#1421=VECTOR('',#4967,10.);
#1422=VECTOR('',#4968,10.);
#1423=VECTOR('',#4971,10.);
#1424=VECTOR('',#4972,10.);
#1425=VECTOR('',#4977,10.);
#1426=VECTOR('',#4980,10.);
#1427=VECTOR('',#4985,10.);
#1428=VECTOR('',#4988,10.);
#1429=VECTOR('',#4991,10.);
#1430=VECTOR('',#4992,10.);
#1431=VECTOR('',#4993,10.);
#1432=VECTOR('',#4998,10.);
#1433=VECTOR('',#5003,10.);
#1434=VECTOR('',#5004,10.);
#1435=VECTOR('',#5011,2.5);
#1436=VECTOR('',#5016,10.);
#1437=VECTOR('',#5017,10.);
#1438=VECTOR('',#5018,10.);
#1439=VECTOR('',#5019,10.);
#1440=VECTOR('',#5022,10.);
#1441=VECTOR('',#5023,10.);
#1442=VECTOR('',#5024,10.);
#1443=VECTOR('',#5027,10.);
#1444=VECTOR('',#5028,10.);
#1445=VECTOR('',#5031,10.);
#1446=VECTOR('',#5032,10.);
#1447=VECTOR('',#5035,10.);
#1448=VECTOR('',#5038,10.);
#1449=VECTOR('',#5039,10.);
#1450=VECTOR('',#5040,10.);
#1451=VECTOR('',#5041,10.);
#1452=VECTOR('',#5044,10.);
#1453=VECTOR('',#5045,10.);
#1454=VECTOR('',#5046,10.);
#1455=VECTOR('',#5049,10.);
#1456=VECTOR('',#5050,10.);
#1457=VECTOR('',#5051,10.);
#1458=VECTOR('',#5054,10.);
#1459=VECTOR('',#5055,10.);
#1460=VECTOR('',#5056,10.);
#1461=VECTOR('',#5059,10.);
#1462=VECTOR('',#5060,10.);
#1463=VECTOR('',#5061,10.);
#1464=VECTOR('',#5064,10.);
#1465=VECTOR('',#5065,10.);
#1466=VECTOR('',#5066,10.);
#1467=VECTOR('',#5069,10.);
#1468=VECTOR('',#5070,10.);
#1469=VECTOR('',#5071,10.);
#1470=VECTOR('',#5074,10.);
#1471=VECTOR('',#5075,10.);
#1472=VECTOR('',#5084,1.005);
#1473=VECTOR('',#5087,10.);
#1474=VECTOR('',#5088,10.);
#1475=VECTOR('',#5089,10.);
#1476=VECTOR('',#5090,10.);
#1477=VECTOR('',#5093,10.);
#1478=VECTOR('',#5094,10.);
#1479=VECTOR('',#5095,10.);
#1480=VECTOR('',#5098,10.);
#1481=VECTOR('',#5099,10.);
#1482=VECTOR('',#5100,10.);
#1483=VECTOR('',#5103,10.);
#1484=VECTOR('',#5104,10.);
#1485=VECTOR('',#5105,10.);
#1486=VECTOR('',#5108,10.);
#1487=VECTOR('',#5109,10.);
#1488=VECTOR('',#5110,10.);
#1489=VECTOR('',#5113,10.);
#1490=VECTOR('',#5114,10.);
#1491=VECTOR('',#5115,10.);
#1492=VECTOR('',#5118,10.);
#1493=VECTOR('',#5119,10.);
#1494=VECTOR('',#5120,10.);
#1495=VECTOR('',#5123,10.);
#1496=VECTOR('',#5124,10.);
#1497=VECTOR('',#5133,1.005);
#1498=VECTOR('',#5136,10.);
#1499=VECTOR('',#5137,10.);
#1500=VECTOR('',#5138,10.);
#1501=VECTOR('',#5139,10.);
#1502=VECTOR('',#5142,10.);
#1503=VECTOR('',#5143,10.);
#1504=VECTOR('',#5144,10.);
#1505=VECTOR('',#5147,10.);
#1506=VECTOR('',#5148,10.);
#1507=VECTOR('',#5149,10.);
#1508=VECTOR('',#5152,10.);
#1509=VECTOR('',#5153,10.);
#1510=VECTOR('',#5154,10.);
#1511=VECTOR('',#5157,10.);
#1512=VECTOR('',#5158,10.);
#1513=VECTOR('',#5159,10.);
#1514=VECTOR('',#5162,10.);
#1515=VECTOR('',#5163,10.);
#1516=VECTOR('',#5164,10.);
#1517=VECTOR('',#5167,10.);
#1518=VECTOR('',#5168,10.);
#1519=VECTOR('',#5169,10.);
#1520=VECTOR('',#5172,10.);
#1521=VECTOR('',#5173,10.);
#1522=VECTOR('',#5182,1.05);
#1523=VECTOR('',#5187,1.5);
#1524=VECTOR('',#5196,10.);
#1525=VECTOR('',#5197,10.);
#1526=VECTOR('',#5198,10.);
#1527=VECTOR('',#5199,10.);
#1528=VECTOR('',#5202,10.);
#1529=VECTOR('',#5203,10.);
#1530=VECTOR('',#5204,10.);
#1531=VECTOR('',#5207,10.);
#1532=VECTOR('',#5208,10.);
#1533=VECTOR('',#5209,10.);
#1534=VECTOR('',#5212,10.);
#1535=VECTOR('',#5213,10.);
#1536=VECTOR('',#5214,10.);
#1537=VECTOR('',#5217,10.);
#1538=VECTOR('',#5218,10.);
#1539=VECTOR('',#5219,10.);
#1540=VECTOR('',#5222,10.);
#1541=VECTOR('',#5223,10.);
#1542=VECTOR('',#5224,10.);
#1543=VECTOR('',#5227,10.);
#1544=VECTOR('',#5228,10.);
#1545=VECTOR('',#5229,10.);
#1546=VECTOR('',#5232,10.);
#1547=VECTOR('',#5233,10.);
#1548=VECTOR('',#5242,1.005);
#1549=VECTOR('',#5247,1.5);
#1550=VECTOR('',#5256,1.05);
#1551=VECTOR('',#5263,1.5);
#1552=VECTOR('',#5274,1.5);
#1553=VECTOR('',#5283,1.05);
#1554=VECTOR('',#5288,1.05);
#1555=VECTOR('',#5293,1.05);
#1556=VECTOR('',#5300,2.5);
#1557=VECTOR('',#5305,10.);
#1558=VECTOR('',#5306,10.);
#1559=VECTOR('',#5307,10.);
#1560=VECTOR('',#5308,10.);
#1561=VECTOR('',#5309,10.);
#1562=VECTOR('',#5310,10.);
#1563=VECTOR('',#5311,10.);
#1564=VECTOR('',#5314,10.);
#1565=VECTOR('',#5315,10.);
#1566=VECTOR('',#5316,10.);
#1567=VECTOR('',#5319,10.);
#1568=VECTOR('',#5320,10.);
#1569=VECTOR('',#5323,10.);
#1570=VECTOR('',#5324,10.);
#1571=VECTOR('',#5327,10.);
#1572=VECTOR('',#5330,10.);
#1573=VECTOR('',#5331,10.);
#1574=VECTOR('',#5332,10.);
#1575=VECTOR('',#5335,10.);
#1576=VECTOR('',#5336,10.);
#1577=VECTOR('',#5339,10.);
#1578=VECTOR('',#5342,10.);
#1579=VECTOR('',#5347,10.);
#1580=VECTOR('',#5348,10.);
#1581=VECTOR('',#5357,10.);
#1582=VECTOR('',#5358,10.);
#1583=VECTOR('',#5361,10.);
#1584=VECTOR('',#5362,10.);
#1585=VECTOR('',#5377,10.);
#1586=VECTOR('',#5378,10.);
#1587=VECTOR('',#5387,10.);
#1588=VECTOR('',#5390,10.);
#1589=VECTOR('',#5393,10.);
#1590=VECTOR('',#5394,10.);
#1591=VECTOR('',#5397,10.);
#1592=VECTOR('',#5402,10.);
#1593=VECTOR('',#5403,10.);
#1594=VECTOR('',#5408,10.);
#1595=VECTOR('',#5411,10.);
#1596=VECTOR('',#5414,10.);
#1597=VECTOR('',#5417,10.);
#1598=VECTOR('',#5420,10.);
#1599=VECTOR('',#5421,10.);
#1600=VECTOR('',#5430,10.);
#1601=VECTOR('',#5431,10.);
#1602=VECTOR('',#5440,10.);
#1603=VECTOR('',#5441,10.);
#1604=VECTOR('',#5444,10.);
#1605=VECTOR('',#5447,10.);
#1606=VECTOR('',#5462,10.);
#1607=VECTOR('',#5465,10.);
#1608=VECTOR('',#5468,10.);
#1609=VECTOR('',#5469,10.);
#1610=VECTOR('',#5472,10.);
#1611=VECTOR('',#5477,10.);
#1612=VECTOR('',#5478,10.);
#1613=VECTOR('',#5483,10.);
#1614=VECTOR('',#5486,10.);
#1615=VECTOR('',#5489,10.);
#1616=VECTOR('',#5492,10.);
#1617=VECTOR('',#5495,10.);
#1618=VECTOR('',#5496,10.);
#1619=VECTOR('',#5505,10.);
#1620=VECTOR('',#5506,10.);
#1621=VECTOR('',#5515,10.);
#1622=VECTOR('',#5518,10.);
#1623=VECTOR('',#5525,10.);
#1624=VECTOR('',#5526,10.);
#1625=VECTOR('',#5529,10.);
#1626=VECTOR('',#5540,10.);
#1627=VECTOR('',#5541,10.);
#1628=VECTOR('',#5550,10.);
#1629=VECTOR('',#5559,10.);
#1630=VECTOR('',#5566,10.);
#1631=VECTOR('',#5567,10.);
#1632=VECTOR('',#5570,10.);
#1633=VECTOR('',#5573,10.);
#1634=VECTOR('',#5578,10.);
#1635=VECTOR('',#5579,10.);
#1636=VECTOR('',#5580,10.);
#1637=VECTOR('',#5585,10.);
#1638=VECTOR('',#5588,10.);
#1639=VECTOR('',#5589,10.);
#1640=VECTOR('',#5594,10.);
#1641=VECTOR('',#5597,10.);
#1642=VECTOR('',#5598,10.);
#1643=VECTOR('',#5603,10.);
#1644=VECTOR('',#5606,10.);
#1645=VECTOR('',#5607,10.);
#1646=VECTOR('',#5614,10.);
#1647=VECTOR('',#5623,10.);
#1648=VECTOR('',#5624,10.);
#1649=VECTOR('',#5633,10.);
#1650=VECTOR('',#5634,10.);
#1651=VECTOR('',#5637,10.);
#1652=VECTOR('',#5638,10.);
#1653=VECTOR('',#5653,10.);
#1654=VECTOR('',#5654,10.);
#1655=VECTOR('',#5657,10.);
#1656=VECTOR('',#5658,10.);
#1657=VECTOR('',#5659,10.);
#1658=VECTOR('',#5660,10.);
#1659=VECTOR('',#5663,10.);
#1660=VECTOR('',#5668,10.);
#1661=VECTOR('',#5669,10.);
#1662=VECTOR('',#5672,10.);
#1663=VECTOR('',#5679,10.);
#1664=VECTOR('',#5680,10.);
#1665=VECTOR('',#5681,10.);
#1666=VECTOR('',#5686,10.);
#1667=VECTOR('',#5691,10.);
#1668=VECTOR('',#5694,10.);
#1669=VECTOR('',#5699,10.);
#1670=VECTOR('',#5700,10.);
#1671=VECTOR('',#5703,10.);
#1672=VECTOR('',#5708,10.);
#1673=VECTOR('',#5709,10.);
#1674=VECTOR('',#5710,10.);
#1675=VECTOR('',#5711,10.);
#1676=VECTOR('',#5714,10.);
#1677=VECTOR('',#5715,10.);
#1678=VECTOR('',#5716,10.);
#1679=VECTOR('',#5717,10.);
#1680=VECTOR('',#5720,10.);
#1681=VECTOR('',#5721,10.);
#1682=VECTOR('',#5722,10.);
#1683=VECTOR('',#5723,10.);
#1684=VECTOR('',#5726,10.);
#1685=VECTOR('',#5727,10.);
#1686=VECTOR('',#5728,10.);
#1687=VECTOR('',#5729,10.);
#1688=VECTOR('',#5732,10.);
#1689=VECTOR('',#5733,10.);
#1690=VECTOR('',#5734,10.);
#1691=VECTOR('',#5735,10.);
#1692=VECTOR('',#5738,10.);
#1693=VECTOR('',#5739,10.);
#1694=VECTOR('',#5740,10.);
#1695=VECTOR('',#5741,10.);
#1696=VECTOR('',#5744,10.);
#1697=VECTOR('',#5745,10.);
#1698=VECTOR('',#5746,10.);
#1699=VECTOR('',#5747,10.);
#1700=VECTOR('',#5750,10.);
#1701=VECTOR('',#5751,10.);
#1702=VECTOR('',#5752,10.);
#1703=VECTOR('',#5753,10.);
#1704=VECTOR('',#5756,10.);
#1705=VECTOR('',#5757,10.);
#1706=VECTOR('',#5758,10.);
#1707=VECTOR('',#5761,10.);
#1708=VECTOR('',#5762,10.);
#1709=VECTOR('',#5763,10.);
#1710=VECTOR('',#5766,10.);
#1711=VECTOR('',#5767,10.);
#1712=VECTOR('',#5768,10.);
#1713=VECTOR('',#5771,10.);
#1714=VECTOR('',#5772,10.);
#1715=VECTOR('',#5773,10.);
#1716=VECTOR('',#5776,10.);
#1717=VECTOR('',#5777,10.);
#1718=VECTOR('',#5778,10.);
#1719=VECTOR('',#5781,10.);
#1720=VECTOR('',#5782,10.);
#1721=VECTOR('',#5783,10.);
#1722=VECTOR('',#5786,10.);
#1723=VECTOR('',#5787,10.);
#1724=VECTOR('',#5788,10.);
#1725=VECTOR('',#5791,10.);
#1726=VECTOR('',#5792,10.);
#1727=VECTOR('',#5793,10.);
#1728=VECTOR('',#5796,10.);
#1729=VECTOR('',#5797,10.);
#1730=VECTOR('',#5798,10.);
#1731=VECTOR('',#5801,10.);
#1732=VECTOR('',#5802,10.);
#1733=VECTOR('',#5803,10.);
#1734=VECTOR('',#5806,10.);
#1735=VECTOR('',#5807,10.);
#1736=VECTOR('',#5808,10.);
#1737=VECTOR('',#5811,10.);
#1738=VECTOR('',#5812,10.);
#1739=VECTOR('',#5813,10.);
#1740=VECTOR('',#5816,10.);
#1741=VECTOR('',#5817,10.);
#1742=VECTOR('',#5818,10.);
#1743=VECTOR('',#5821,10.);
#1744=VECTOR('',#5822,10.);
#1745=VECTOR('',#5823,10.);
#1746=VECTOR('',#5826,10.);
#1747=VECTOR('',#5827,10.);
#1748=VECTOR('',#5828,10.);
#1749=VECTOR('',#5839,10.);
#1750=VECTOR('',#5860,10.);
#1751=VECTOR('',#5861,10.);
#1752=VECTOR('',#5862,10.);
#1753=VECTOR('',#5863,10.);
#1754=VECTOR('',#5874,10.);
#1755=VECTOR('',#5879,10.);
#1756=VECTOR('',#5882,10.);
#1757=VECTOR('',#5885,10.);
#1758=VECTOR('',#5890,10.);
#1759=VECTOR('',#5891,10.);
#1760=VECTOR('',#5894,10.);
#1761=VECTOR('',#5897,10.);
#1762=VECTOR('',#5900,10.);
#1763=VECTOR('',#5905,10.);
#1764=VECTOR('',#5906,10.);
#1765=VECTOR('',#5909,10.);
#1766=VECTOR('',#5914,10.);
#1767=VECTOR('',#5935,10.);
#1768=VECTOR('',#5938,10.);
#1769=VECTOR('',#5941,10.);
#1770=VECTOR('',#5944,10.);
#1771=VECTOR('',#5949,10.);
#1772=VECTOR('',#5952,10.);
#1773=VECTOR('',#5957,10.);
#1774=VECTOR('',#5960,10.);
#1775=VECTOR('',#5961,10.);
#1776=VECTOR('',#5968,10.);
#1777=VECTOR('',#5975,5.);
#1778=VECTOR('',#5998,10.);
#1779=VECTOR('',#6005,10.);
#1780=VECTOR('',#6012,10.);
#1781=VECTOR('',#6023,10.);
#1782=VECTOR('',#6032,10.);
#1783=VECTOR('',#6035,10.);
#1784=VECTOR('',#6040,10.);
#1785=VECTOR('',#6043,10.);
#1786=VECTOR('',#6046,10.);
#1787=VECTOR('',#6051,10.);
#1788=VECTOR('',#6054,10.);
#1789=VECTOR('',#6057,10.);
#1790=VECTOR('',#6060,10.);
#1791=VECTOR('',#6061,10.);
#1792=VECTOR('',#6066,10.);
#1793=VECTOR('',#6067,10.);
#1794=VECTOR('',#6070,10.);
#1795=VECTOR('',#6073,10.);
#1796=VECTOR('',#6076,10.);
#1797=VECTOR('',#6079,10.);
#1798=VECTOR('',#6082,10.);
#1799=VECTOR('',#6085,10.);
#1800=VERTEX_POINT('',#6092);
#1801=VERTEX_POINT('',#6093);
#1802=VERTEX_POINT('',#6095);
#1803=VERTEX_POINT('',#6097);
#1804=VERTEX_POINT('',#6101);
#1805=VERTEX_POINT('',#6103);
#1806=VERTEX_POINT('',#6107);
#1807=VERTEX_POINT('',#6109);
#1808=VERTEX_POINT('',#6116);
#1809=VERTEX_POINT('',#6117);
#1810=VERTEX_POINT('',#6119);
#1811=VERTEX_POINT('',#6121);
#1812=VERTEX_POINT('',#6125);
#1813=VERTEX_POINT('',#6126);
#1814=VERTEX_POINT('',#6131);
#1815=VERTEX_POINT('',#6135);
#1816=VERTEX_POINT('',#6141);
#1817=VERTEX_POINT('',#6142);
#1818=VERTEX_POINT('',#6144);
#1819=VERTEX_POINT('',#6146);
#1820=VERTEX_POINT('',#6150);
#1821=VERTEX_POINT('',#6152);
#1822=VERTEX_POINT('',#6156);
#1823=VERTEX_POINT('',#6158);
#1824=VERTEX_POINT('',#6166);
#1825=VERTEX_POINT('',#6168);
#1826=VERTEX_POINT('',#6172);
#1827=VERTEX_POINT('',#6173);
#1828=VERTEX_POINT('',#6175);
#1829=VERTEX_POINT('',#6177);
#1830=VERTEX_POINT('',#6181);
#1831=VERTEX_POINT('',#6182);
#1832=VERTEX_POINT('',#6187);
#1833=VERTEX_POINT('',#6191);
#1834=VERTEX_POINT('',#6197);
#1835=VERTEX_POINT('',#6198);
#1836=VERTEX_POINT('',#6200);
#1837=VERTEX_POINT('',#6202);
#1838=VERTEX_POINT('',#6206);
#1839=VERTEX_POINT('',#6208);
#1840=VERTEX_POINT('',#6212);
#1841=VERTEX_POINT('',#6214);
#1842=VERTEX_POINT('',#6218);
#1843=VERTEX_POINT('',#6220);
#1844=VERTEX_POINT('',#6224);
#1845=VERTEX_POINT('',#6226);
#1846=VERTEX_POINT('',#6230);
#1847=VERTEX_POINT('',#6232);
#1848=VERTEX_POINT('',#6236);
#1849=VERTEX_POINT('',#6238);
#1850=VERTEX_POINT('',#6245);
#1851=VERTEX_POINT('',#6248);
#1852=VERTEX_POINT('',#6252);
#1853=VERTEX_POINT('',#6253);
#1854=VERTEX_POINT('',#6255);
#1855=VERTEX_POINT('',#6257);
#1856=VERTEX_POINT('',#6261);
#1857=VERTEX_POINT('',#6263);
#1858=VERTEX_POINT('',#6267);
#1859=VERTEX_POINT('',#6269);
#1860=VERTEX_POINT('',#6273);
#1861=VERTEX_POINT('',#6275);
#1862=VERTEX_POINT('',#6279);
#1863=VERTEX_POINT('',#6281);
#1864=VERTEX_POINT('',#6285);
#1865=VERTEX_POINT('',#6287);
#1866=VERTEX_POINT('',#6291);
#1867=VERTEX_POINT('',#6293);
#1868=VERTEX_POINT('',#6300);
#1869=VERTEX_POINT('',#6303);
#1870=VERTEX_POINT('',#6307);
#1871=VERTEX_POINT('',#6308);
#1872=VERTEX_POINT('',#6310);
#1873=VERTEX_POINT('',#6312);
#1874=VERTEX_POINT('',#6316);
#1875=VERTEX_POINT('',#6318);
#1876=VERTEX_POINT('',#6322);
#1877=VERTEX_POINT('',#6324);
#1878=VERTEX_POINT('',#6328);
#1879=VERTEX_POINT('',#6330);
#1880=VERTEX_POINT('',#6334);
#1881=VERTEX_POINT('',#6336);
#1882=VERTEX_POINT('',#6340);
#1883=VERTEX_POINT('',#6342);
#1884=VERTEX_POINT('',#6346);
#1885=VERTEX_POINT('',#6348);
#1886=VERTEX_POINT('',#6355);
#1887=VERTEX_POINT('',#6358);
#1888=VERTEX_POINT('',#6362);
#1889=VERTEX_POINT('',#6364);
#1890=VERTEX_POINT('',#6368);
#1891=VERTEX_POINT('',#6371);
#1892=VERTEX_POINT('',#6372);
#1893=VERTEX_POINT('',#6374);
#1894=VERTEX_POINT('',#6376);
#1895=VERTEX_POINT('',#6380);
#1896=VERTEX_POINT('',#6382);
#1897=VERTEX_POINT('',#6386);
#1898=VERTEX_POINT('',#6388);
#1899=VERTEX_POINT('',#6392);
#1900=VERTEX_POINT('',#6394);
#1901=VERTEX_POINT('',#6398);
#1902=VERTEX_POINT('',#6400);
#1903=VERTEX_POINT('',#6404);
#1904=VERTEX_POINT('',#6406);
#1905=VERTEX_POINT('',#6410);
#1906=VERTEX_POINT('',#6412);
#1907=VERTEX_POINT('',#6419);
#1908=VERTEX_POINT('',#6422);
#1909=VERTEX_POINT('',#6426);
#1910=VERTEX_POINT('',#6428);
#1911=VERTEX_POINT('',#6432);
#1912=VERTEX_POINT('',#6435);
#1913=VERTEX_POINT('',#6439);
#1914=VERTEX_POINT('',#6441);
#1915=VERTEX_POINT('',#6445);
#1916=VERTEX_POINT('',#6448);
#1917=VERTEX_POINT('',#6450);
#1918=VERTEX_POINT('',#6454);
#1919=VERTEX_POINT('',#6457);
#1920=VERTEX_POINT('',#6461);
#1921=VERTEX_POINT('',#6465);
#1922=VERTEX_POINT('',#6469);
#1923=VERTEX_POINT('',#6471);
#1924=VERTEX_POINT('',#6475);
#1925=VERTEX_POINT('',#6476);
#1926=VERTEX_POINT('',#6481);
#1927=VERTEX_POINT('',#6483);
#1928=VERTEX_POINT('',#6485);
#1929=VERTEX_POINT('',#6487);
#1930=VERTEX_POINT('',#6489);
#1931=VERTEX_POINT('',#6491);
#1932=VERTEX_POINT('',#6495);
#1933=VERTEX_POINT('',#6496);
#1934=VERTEX_POINT('',#6536);
#1935=VERTEX_POINT('',#6541);
#1936=VERTEX_POINT('',#6546);
#1937=VERTEX_POINT('',#6551);
#1938=VERTEX_POINT('',#6557);
#1939=VERTEX_POINT('',#6571);
#1940=VERTEX_POINT('',#6584);
#1941=VERTEX_POINT('',#6592);
#1942=VERTEX_POINT('',#6598);
#1943=VERTEX_POINT('',#6614);
#1944=VERTEX_POINT('',#6616);
#1945=VERTEX_POINT('',#6623);
#1946=VERTEX_POINT('',#6625);
#1947=VERTEX_POINT('',#6638);
#1948=VERTEX_POINT('',#6640);
#1949=VERTEX_POINT('',#6642);
#1950=VERTEX_POINT('',#6650);
#1951=VERTEX_POINT('',#6744);
#1952=VERTEX_POINT('',#6745);
#1953=VERTEX_POINT('',#6783);
#1954=VERTEX_POINT('',#6798);
#1955=VERTEX_POINT('',#6825);
#1956=VERTEX_POINT('',#6826);
#1957=VERTEX_POINT('',#6844);
#1958=VERTEX_POINT('',#6857);
#1959=VERTEX_POINT('',#6866);
#1960=VERTEX_POINT('',#6867);
#1961=VERTEX_POINT('',#6869);
#1962=VERTEX_POINT('',#6884);
#1963=VERTEX_POINT('',#6901);
#1964=VERTEX_POINT('',#6903);
#1965=VERTEX_POINT('',#6920);
#1966=VERTEX_POINT('',#6922);
#1967=VERTEX_POINT('',#6939);
#1968=VERTEX_POINT('',#6940);
#1969=VERTEX_POINT('',#6942);
#1970=VERTEX_POINT('',#6955);
#1971=VERTEX_POINT('',#6972);
#1972=VERTEX_POINT('',#6974);
#1973=VERTEX_POINT('',#6991);
#1974=VERTEX_POINT('',#6993);
#1975=VERTEX_POINT('',#7033);
#1976=VERTEX_POINT('',#7035);
#1977=VERTEX_POINT('',#7048);
#1978=VERTEX_POINT('',#7050);
#1979=VERTEX_POINT('',#7069);
#1980=VERTEX_POINT('',#7073);
#1981=VERTEX_POINT('',#7077);
#1982=VERTEX_POINT('',#7081);
#1983=VERTEX_POINT('',#7082);
#1984=VERTEX_POINT('',#7084);
#1985=VERTEX_POINT('',#7086);
#1986=VERTEX_POINT('',#7088);
#1987=VERTEX_POINT('',#7090);
#1988=VERTEX_POINT('',#7092);
#1989=VERTEX_POINT('',#7094);
#1990=VERTEX_POINT('',#7098);
#1991=VERTEX_POINT('',#7099);
#1992=VERTEX_POINT('',#7101);
#1993=VERTEX_POINT('',#7114);
#1994=VERTEX_POINT('',#7129);
#1995=VERTEX_POINT('',#7131);
#1996=VERTEX_POINT('',#7146);
#1997=VERTEX_POINT('',#7148);
#1998=VERTEX_POINT('',#7163);
#1999=VERTEX_POINT('',#7165);
#2000=VERTEX_POINT('',#7180);
#2001=VERTEX_POINT('',#7182);
#2002=VERTEX_POINT('',#7197);
#2003=VERTEX_POINT('',#7198);
#2004=VERTEX_POINT('',#7200);
#2005=VERTEX_POINT('',#7202);
#2006=VERTEX_POINT('',#7223);
#2007=VERTEX_POINT('',#7225);
#2008=VERTEX_POINT('',#7229);
#2009=VERTEX_POINT('',#7233);
#2010=VERTEX_POINT('',#7237);
#2011=VERTEX_POINT('',#7241);
#2012=VERTEX_POINT('',#7242);
#2013=VERTEX_POINT('',#7244);
#2014=VERTEX_POINT('',#7246);
#2015=VERTEX_POINT('',#7248);
#2016=VERTEX_POINT('',#7250);
#2017=VERTEX_POINT('',#7252);
#2018=VERTEX_POINT('',#7254);
#2019=VERTEX_POINT('',#7258);
#2020=VERTEX_POINT('',#7260);
#2021=VERTEX_POINT('',#7275);
#2022=VERTEX_POINT('',#7277);
#2023=VERTEX_POINT('',#7292);
#2024=VERTEX_POINT('',#7294);
#2025=VERTEX_POINT('',#7309);
#2026=VERTEX_POINT('',#7325);
#2027=VERTEX_POINT('',#7359);
#2028=VERTEX_POINT('',#7382);
#2029=VERTEX_POINT('',#7383);
#2030=VERTEX_POINT('',#7385);
#2031=VERTEX_POINT('',#7398);
#2032=VERTEX_POINT('',#7413);
#2033=VERTEX_POINT('',#7415);
#2034=VERTEX_POINT('',#7430);
#2035=VERTEX_POINT('',#7446);
#2036=VERTEX_POINT('',#7450);
#2037=VERTEX_POINT('',#7465);
#2038=VERTEX_POINT('',#7480);
#2039=VERTEX_POINT('',#7503);
#2040=VERTEX_POINT('',#7505);
#2041=VERTEX_POINT('',#7509);
#2042=VERTEX_POINT('',#7513);
#2043=VERTEX_POINT('',#7517);
#2044=VERTEX_POINT('',#7521);
#2045=VERTEX_POINT('',#7525);
#2046=VERTEX_POINT('',#7529);
#2047=VERTEX_POINT('',#7539);
#2048=VERTEX_POINT('',#7540);
#2049=VERTEX_POINT('',#7542);
#2050=VERTEX_POINT('',#7544);
#2051=VERTEX_POINT('',#7557);
#2052=VERTEX_POINT('',#7580);
#2053=VERTEX_POINT('',#7581);
#2054=VERTEX_POINT('',#7583);
#2055=VERTEX_POINT('',#7596);
#2056=VERTEX_POINT('',#7611);
#2057=VERTEX_POINT('',#7613);
#2058=VERTEX_POINT('',#7628);
#2059=VERTEX_POINT('',#7630);
#2060=VERTEX_POINT('',#7645);
#2061=VERTEX_POINT('',#7647);
#2062=VERTEX_POINT('',#7665);
#2063=VERTEX_POINT('',#7687);
#2064=VERTEX_POINT('',#7689);
#2065=VERTEX_POINT('',#7691);
#2066=VERTEX_POINT('',#7695);
#2067=VERTEX_POINT('',#7699);
#2068=VERTEX_POINT('',#7703);
#2069=VERTEX_POINT('',#7708);
#2070=VERTEX_POINT('',#7710);
#2071=VERTEX_POINT('',#7714);
#2072=VERTEX_POINT('',#7718);
#2073=VERTEX_POINT('',#7722);
#2074=VERTEX_POINT('',#7726);
#2075=VERTEX_POINT('',#7730);
#2076=VERTEX_POINT('',#7734);
#2077=VERTEX_POINT('',#7735);
#2078=VERTEX_POINT('',#7737);
#2079=VERTEX_POINT('',#7739);
#2080=VERTEX_POINT('',#7743);
#2081=VERTEX_POINT('',#7744);
#2082=VERTEX_POINT('',#7746);
#2083=VERTEX_POINT('',#7748);
#2084=VERTEX_POINT('',#7752);
#2085=VERTEX_POINT('',#7753);
#2086=VERTEX_POINT('',#7755);
#2087=VERTEX_POINT('',#7757);
#2088=VERTEX_POINT('',#7761);
#2089=VERTEX_POINT('',#7762);
#2090=VERTEX_POINT('',#7764);
#2091=VERTEX_POINT('',#7766);
#2092=VERTEX_POINT('',#7770);
#2093=VERTEX_POINT('',#7771);
#2094=VERTEX_POINT('',#7773);
#2095=VERTEX_POINT('',#7775);
#2096=VERTEX_POINT('',#7779);
#2097=VERTEX_POINT('',#7780);
#2098=VERTEX_POINT('',#7782);
#2099=VERTEX_POINT('',#7784);
#2100=VERTEX_POINT('',#7788);
#2101=VERTEX_POINT('',#7789);
#2102=VERTEX_POINT('',#7791);
#2103=VERTEX_POINT('',#7793);
#2104=VERTEX_POINT('',#7797);
#2105=VERTEX_POINT('',#7798);
#2106=VERTEX_POINT('',#7800);
#2107=VERTEX_POINT('',#7802);
#2108=VERTEX_POINT('',#7806);
#2109=VERTEX_POINT('',#7808);
#2110=VERTEX_POINT('',#7812);
#2111=VERTEX_POINT('',#7814);
#2112=VERTEX_POINT('',#7818);
#2113=VERTEX_POINT('',#7820);
#2114=VERTEX_POINT('',#7824);
#2115=VERTEX_POINT('',#7826);
#2116=VERTEX_POINT('',#7830);
#2117=VERTEX_POINT('',#7832);
#2118=VERTEX_POINT('',#7836);
#2119=VERTEX_POINT('',#7838);
#2120=VERTEX_POINT('',#7842);
#2121=VERTEX_POINT('',#7844);
#2122=VERTEX_POINT('',#7848);
#2123=VERTEX_POINT('',#7850);
#2124=VERTEX_POINT('',#7854);
#2125=VERTEX_POINT('',#7856);
#2126=VERTEX_POINT('',#7860);
#2127=VERTEX_POINT('',#7862);
#2128=VERTEX_POINT('',#7866);
#2129=VERTEX_POINT('',#7868);
#2130=VERTEX_POINT('',#7872);
#2131=VERTEX_POINT('',#7874);
#2132=VERTEX_POINT('',#7878);
#2133=VERTEX_POINT('',#7880);
#2134=VERTEX_POINT('',#7884);
#2135=VERTEX_POINT('',#7886);
#2136=VERTEX_POINT('',#7890);
#2137=VERTEX_POINT('',#7892);
#2138=VERTEX_POINT('',#7900);
#2139=VERTEX_POINT('',#7912);
#2140=VERTEX_POINT('',#7913);
#2141=VERTEX_POINT('',#7915);
#2142=VERTEX_POINT('',#7917);
#2143=VERTEX_POINT('',#7923);
#2144=VERTEX_POINT('',#7925);
#2145=VERTEX_POINT('',#7929);
#2146=VERTEX_POINT('',#7931);
#2147=VERTEX_POINT('',#7933);
#2148=VERTEX_POINT('',#7935);
#2149=VERTEX_POINT('',#7937);
#2150=VERTEX_POINT('',#7939);
#2151=VERTEX_POINT('',#7942);
#2152=VERTEX_POINT('',#7943);
#2153=VERTEX_POINT('',#7955);
#2154=VERTEX_POINT('',#7959);
#2155=VERTEX_POINT('',#7973);
#2156=VERTEX_POINT('',#7974);
#2157=VERTEX_POINT('',#7976);
#2158=VERTEX_POINT('',#7978);
#2159=VERTEX_POINT('',#7980);
#2160=VERTEX_POINT('',#7982);
#2161=VERTEX_POINT('',#7984);
#2162=VERTEX_POINT('',#7986);
#2163=VERTEX_POINT('',#7990);
#2164=VERTEX_POINT('',#7994);
#2165=VERTEX_POINT('',#8000);
#2166=VERTEX_POINT('',#8006);
#2167=VERTEX_POINT('',#8010);
#2168=VERTEX_POINT('',#8011);
#2169=VERTEX_POINT('',#8013);
#2170=VERTEX_POINT('',#8016);
#2171=VERTEX_POINT('',#8018);
#2172=VERTEX_POINT('',#8020);
#2173=VERTEX_POINT('',#8022);
#2174=VERTEX_POINT('',#8024);
#2175=VERTEX_POINT('',#8026);
#2176=VERTEX_POINT('',#8028);
#2177=VERTEX_POINT('',#8032);
#2178=VERTEX_POINT('',#8033);
#2179=VERTEX_POINT('',#8062);
#2180=VERTEX_POINT('',#8073);
#2181=VERTEX_POINT('',#8134);
#2182=VERTEX_POINT('',#8147);
#2183=VERTEX_POINT('',#8148);
#2184=VERTEX_POINT('',#8159);
#2185=VERTEX_POINT('',#8164);
#2186=VERTEX_POINT('',#8177);
#2187=VERTEX_POINT('',#8200);
#2188=VERTEX_POINT('',#8217);
#2189=VERTEX_POINT('',#8242);
#2190=VERTEX_POINT('',#8257);
#2191=VERTEX_POINT('',#8270);
#2192=VERTEX_POINT('',#8281);
#2193=VERTEX_POINT('',#8283);
#2194=VERTEX_POINT('',#8298);
#2195=VERTEX_POINT('',#8303);
#2196=VERTEX_POINT('',#8310);
#2197=VERTEX_POINT('',#8315);
#2198=VERTEX_POINT('',#8317);
#2199=VERTEX_POINT('',#8701);
#2200=VERTEX_POINT('',#8703);
#2201=VERTEX_POINT('',#8705);
#2202=VERTEX_POINT('',#8740);
#2203=VERTEX_POINT('',#8745);
#2204=VERTEX_POINT('',#8747);
#2205=VERTEX_POINT('',#8777);
#2206=VERTEX_POINT('',#8779);
#2207=VERTEX_POINT('',#8820);
#2208=VERTEX_POINT('',#8870);
#2209=VERTEX_POINT('',#8908);
#2210=VERTEX_POINT('',#8910);
#2211=VERTEX_POINT('',#8943);
#2212=VERTEX_POINT('',#8981);
#2213=VERTEX_POINT('',#8983);
#2214=EDGE_CURVE('',#1800,#1801,#1022,.T.);
#2215=EDGE_CURVE('',#1800,#1802,#1023,.T.);
#2216=EDGE_CURVE('',#1803,#1802,#1024,.T.);
#2217=EDGE_CURVE('',#1801,#1803,#1025,.T.);
#2218=EDGE_CURVE('',#1801,#1804,#243,.T.);
#2219=EDGE_CURVE('',#1805,#1803,#244,.T.);
#2220=EDGE_CURVE('',#1804,#1805,#1026,.T.);
#2221=EDGE_CURVE('',#1804,#1806,#1027,.T.);
#2222=EDGE_CURVE('',#1807,#1805,#1028,.T.);
#2223=EDGE_CURVE('',#1806,#1807,#1029,.T.);
#2224=EDGE_CURVE('',#1806,#1800,#245,.T.);
#2225=EDGE_CURVE('',#1802,#1807,#246,.T.);
#2226=EDGE_CURVE('',#1808,#1809,#1030,.T.);
#2227=EDGE_CURVE('',#1809,#1810,#247,.T.);
#2228=EDGE_CURVE('',#1810,#1811,#1031,.T.);
#2229=EDGE_CURVE('',#1811,#1808,#248,.T.);
#2230=EDGE_CURVE('',#1812,#1813,#249,.T.);
#2231=EDGE_CURVE('',#1812,#1810,#1032,.T.);
#2232=EDGE_CURVE('',#1813,#1809,#1033,.T.);
#2233=EDGE_CURVE('',#1814,#1812,#1034,.T.);
#2234=EDGE_CURVE('',#1814,#1811,#1035,.T.);
#2235=EDGE_CURVE('',#1815,#1814,#250,.T.);
#2236=EDGE_CURVE('',#1815,#1808,#1036,.T.);
#2237=EDGE_CURVE('',#1813,#1815,#1037,.T.);
#2238=EDGE_CURVE('',#1816,#1817,#251,.T.);
#2239=EDGE_CURVE('',#1816,#1818,#1038,.T.);
#2240=EDGE_CURVE('',#1818,#1819,#252,.T.);
#2241=EDGE_CURVE('',#1817,#1819,#1039,.T.);
#2242=EDGE_CURVE('',#1820,#1816,#1040,.T.);
#2243=EDGE_CURVE('',#1820,#1821,#1041,.T.);
#2244=EDGE_CURVE('',#1821,#1818,#1042,.T.);
#2245=EDGE_CURVE('',#1822,#1820,#253,.T.);
#2246=EDGE_CURVE('',#1822,#1823,#1043,.T.);
#2247=EDGE_CURVE('',#1823,#1821,#254,.T.);
#2248=EDGE_CURVE('',#1817,#1822,#1044,.T.);
#2249=EDGE_CURVE('',#1819,#1823,#1045,.T.);
#2250=EDGE_CURVE('',#1824,#1824,#255,.T.);
#2251=EDGE_CURVE('',#1824,#1825,#1046,.T.);
#2252=EDGE_CURVE('',#1825,#1825,#256,.T.);
#2253=EDGE_CURVE('',#1826,#1827,#1047,.T.);
#2254=EDGE_CURVE('',#1827,#1828,#1048,.T.);
#2255=EDGE_CURVE('',#1828,#1829,#1049,.T.);
#2256=EDGE_CURVE('',#1829,#1826,#1050,.T.);
#2257=EDGE_CURVE('',#1830,#1831,#1051,.T.);
#2258=EDGE_CURVE('',#1830,#1827,#1052,.T.);
#2259=EDGE_CURVE('',#1826,#1831,#1053,.T.);
#2260=EDGE_CURVE('',#1832,#1830,#1054,.T.);
#2261=EDGE_CURVE('',#1828,#1832,#1055,.T.);
#2262=EDGE_CURVE('',#1832,#1833,#1056,.T.);
#2263=EDGE_CURVE('',#1829,#1833,#1057,.T.);
#2264=EDGE_CURVE('',#1831,#1833,#1058,.T.);
#2265=EDGE_CURVE('',#1834,#1835,#1059,.T.);
#2266=EDGE_CURVE('',#1834,#1836,#1060,.T.);
#2267=EDGE_CURVE('',#1836,#1837,#1061,.T.);
#2268=EDGE_CURVE('',#1835,#1837,#1062,.T.);
#2269=EDGE_CURVE('',#1838,#1834,#1063,.T.);
#2270=EDGE_CURVE('',#1838,#1839,#1064,.T.);
#2271=EDGE_CURVE('',#1839,#1836,#1065,.T.);
#2272=EDGE_CURVE('',#1840,#1838,#1066,.T.);
#2273=EDGE_CURVE('',#1840,#1841,#1067,.T.);
#2274=EDGE_CURVE('',#1841,#1839,#1068,.T.);
#2275=EDGE_CURVE('',#1842,#1840,#1069,.T.);
#2276=EDGE_CURVE('',#1842,#1843,#1070,.T.);
#2277=EDGE_CURVE('',#1843,#1841,#1071,.T.);
#2278=EDGE_CURVE('',#1844,#1842,#1072,.T.);
#2279=EDGE_CURVE('',#1844,#1845,#1073,.T.);
#2280=EDGE_CURVE('',#1845,#1843,#1074,.T.);
#2281=EDGE_CURVE('',#1846,#1844,#1075,.T.);
#2282=EDGE_CURVE('',#1846,#1847,#1076,.T.);
#2283=EDGE_CURVE('',#1847,#1845,#1077,.T.);
#2284=EDGE_CURVE('',#1848,#1846,#1078,.T.);
#2285=EDGE_CURVE('',#1848,#1849,#1079,.T.);
#2286=EDGE_CURVE('',#1849,#1847,#1080,.T.);
#2287=EDGE_CURVE('',#1835,#1848,#1081,.T.);
#2288=EDGE_CURVE('',#1837,#1849,#1082,.T.);
#2289=EDGE_CURVE('',#1850,#1850,#257,.T.);
#2290=EDGE_CURVE('',#1851,#1851,#258,.T.);
#2291=EDGE_CURVE('',#1851,#1850,#1083,.T.);
#2292=EDGE_CURVE('',#1852,#1853,#1084,.T.);
#2293=EDGE_CURVE('',#1852,#1854,#1085,.T.);
#2294=EDGE_CURVE('',#1854,#1855,#1086,.T.);
#2295=EDGE_CURVE('',#1853,#1855,#1087,.T.);
#2296=EDGE_CURVE('',#1856,#1852,#1088,.T.);
#2297=EDGE_CURVE('',#1856,#1857,#1089,.T.);
#2298=EDGE_CURVE('',#1857,#1854,#1090,.T.);
#2299=EDGE_CURVE('',#1858,#1856,#1091,.T.);
#2300=EDGE_CURVE('',#1858,#1859,#1092,.T.);
#2301=EDGE_CURVE('',#1859,#1857,#1093,.T.);
#2302=EDGE_CURVE('',#1860,#1858,#1094,.T.);
#2303=EDGE_CURVE('',#1860,#1861,#1095,.T.);
#2304=EDGE_CURVE('',#1861,#1859,#1096,.T.);
#2305=EDGE_CURVE('',#1862,#1860,#1097,.T.);
#2306=EDGE_CURVE('',#1862,#1863,#1098,.T.);
#2307=EDGE_CURVE('',#1863,#1861,#1099,.T.);
#2308=EDGE_CURVE('',#1864,#1862,#1100,.T.);
#2309=EDGE_CURVE('',#1864,#1865,#1101,.T.);
#2310=EDGE_CURVE('',#1865,#1863,#1102,.T.);
#2311=EDGE_CURVE('',#1866,#1864,#1103,.T.);
#2312=EDGE_CURVE('',#1866,#1867,#1104,.T.);
#2313=EDGE_CURVE('',#1867,#1865,#1105,.T.);
#2314=EDGE_CURVE('',#1853,#1866,#1106,.T.);
#2315=EDGE_CURVE('',#1855,#1867,#1107,.T.);
#2316=EDGE_CURVE('',#1868,#1868,#259,.T.);
#2317=EDGE_CURVE('',#1869,#1869,#260,.T.);
#2318=EDGE_CURVE('',#1869,#1868,#1108,.T.);
#2319=EDGE_CURVE('',#1870,#1871,#1109,.T.);
#2320=EDGE_CURVE('',#1870,#1872,#1110,.T.);
#2321=EDGE_CURVE('',#1872,#1873,#1111,.T.);
#2322=EDGE_CURVE('',#1871,#1873,#1112,.T.);
#2323=EDGE_CURVE('',#1874,#1870,#1113,.T.);
#2324=EDGE_CURVE('',#1874,#1875,#1114,.T.);
#2325=EDGE_CURVE('',#1875,#1872,#1115,.T.);
#2326=EDGE_CURVE('',#1876,#1874,#1116,.T.);
#2327=EDGE_CURVE('',#1876,#1877,#1117,.T.);
#2328=EDGE_CURVE('',#1877,#1875,#1118,.T.);
#2329=EDGE_CURVE('',#1878,#1876,#1119,.T.);
#2330=EDGE_CURVE('',#1878,#1879,#1120,.T.);
#2331=EDGE_CURVE('',#1879,#1877,#1121,.T.);
#2332=EDGE_CURVE('',#1880,#1878,#1122,.T.);
#2333=EDGE_CURVE('',#1880,#1881,#1123,.T.);
#2334=EDGE_CURVE('',#1881,#1879,#1124,.T.);
#2335=EDGE_CURVE('',#1882,#1880,#1125,.T.);
#2336=EDGE_CURVE('',#1882,#1883,#1126,.T.);
#2337=EDGE_CURVE('',#1883,#1881,#1127,.T.);
#2338=EDGE_CURVE('',#1884,#1882,#1128,.T.);
#2339=EDGE_CURVE('',#1884,#1885,#1129,.T.);
#2340=EDGE_CURVE('',#1885,#1883,#1130,.T.);
#2341=EDGE_CURVE('',#1871,#1884,#1131,.T.);
#2342=EDGE_CURVE('',#1873,#1885,#1132,.T.);
#2343=EDGE_CURVE('',#1886,#1886,#261,.T.);
#2344=EDGE_CURVE('',#1887,#1887,#262,.T.);
#2345=EDGE_CURVE('',#1887,#1886,#1133,.T.);
#2346=EDGE_CURVE('',#1888,#1888,#263,.T.);
#2347=EDGE_CURVE('',#1888,#1889,#1134,.T.);
#2348=EDGE_CURVE('',#1889,#1889,#264,.T.);
#2349=EDGE_CURVE('',#1890,#1890,#265,.T.);
#2350=EDGE_CURVE('',#1891,#1892,#1135,.T.);
#2351=EDGE_CURVE('',#1891,#1893,#1136,.T.);
#2352=EDGE_CURVE('',#1893,#1894,#1137,.T.);
#2353=EDGE_CURVE('',#1892,#1894,#1138,.T.);
#2354=EDGE_CURVE('',#1895,#1891,#1139,.T.);
#2355=EDGE_CURVE('',#1895,#1896,#1140,.T.);
#2356=EDGE_CURVE('',#1896,#1893,#1141,.T.);
#2357=EDGE_CURVE('',#1897,#1895,#1142,.T.);
#2358=EDGE_CURVE('',#1897,#1898,#1143,.T.);
#2359=EDGE_CURVE('',#1898,#1896,#1144,.T.);
#2360=EDGE_CURVE('',#1899,#1897,#1145,.T.);
#2361=EDGE_CURVE('',#1899,#1900,#1146,.T.);
#2362=EDGE_CURVE('',#1900,#1898,#1147,.T.);
#2363=EDGE_CURVE('',#1901,#1899,#1148,.T.);
#2364=EDGE_CURVE('',#1901,#1902,#1149,.T.);
#2365=EDGE_CURVE('',#1902,#1900,#1150,.T.);
#2366=EDGE_CURVE('',#1903,#1901,#1151,.T.);
#2367=EDGE_CURVE('',#1903,#1904,#1152,.T.);
#2368=EDGE_CURVE('',#1904,#1902,#1153,.T.);
#2369=EDGE_CURVE('',#1905,#1903,#1154,.T.);
#2370=EDGE_CURVE('',#1905,#1906,#1155,.T.);
#2371=EDGE_CURVE('',#1906,#1904,#1156,.T.);
#2372=EDGE_CURVE('',#1892,#1905,#1157,.T.);
#2373=EDGE_CURVE('',#1894,#1906,#1158,.T.);
#2374=EDGE_CURVE('',#1907,#1907,#266,.T.);
#2375=EDGE_CURVE('',#1908,#1908,#267,.T.);
#2376=EDGE_CURVE('',#1908,#1907,#1159,.T.);
#2377=EDGE_CURVE('',#1909,#1909,#268,.T.);
#2378=EDGE_CURVE('',#1909,#1910,#1160,.T.);
#2379=EDGE_CURVE('',#1910,#1910,#269,.T.);
#2380=EDGE_CURVE('',#1911,#1911,#270,.T.);
#2381=EDGE_CURVE('',#1890,#1912,#1161,.T.);
#2382=EDGE_CURVE('',#1912,#1912,#271,.T.);
#2383=EDGE_CURVE('',#1913,#1913,#272,.T.);
#2384=EDGE_CURVE('',#1913,#1914,#1162,.T.);
#2385=EDGE_CURVE('',#1914,#1914,#273,.T.);
#2386=EDGE_CURVE('',#1915,#1915,#274,.T.);
#2387=EDGE_CURVE('',#1916,#1916,#275,.T.);
#2388=EDGE_CURVE('',#1916,#1917,#1163,.T.);
#2389=EDGE_CURVE('',#1917,#1917,#276,.T.);
#2390=EDGE_CURVE('',#1918,#1918,#277,.T.);
#2391=EDGE_CURVE('',#1918,#1919,#1164,.T.);
#2392=EDGE_CURVE('',#1919,#1919,#278,.T.);
#2393=EDGE_CURVE('',#1915,#1920,#1165,.T.);
#2394=EDGE_CURVE('',#1920,#1920,#279,.T.);
#2395=EDGE_CURVE('',#1911,#1921,#1166,.T.);
#2396=EDGE_CURVE('',#1921,#1921,#280,.T.);
#2397=EDGE_CURVE('',#1922,#1922,#281,.T.);
#2398=EDGE_CURVE('',#1922,#1923,#1167,.T.);
#2399=EDGE_CURVE('',#1923,#1923,#282,.T.);
#2400=EDGE_CURVE('',#1924,#1925,#96,.T.);
#2401=EDGE_CURVE('',#1924,#1926,#1168,.T.);
#2402=EDGE_CURVE('',#1926,#1927,#1169,.T.);
#2403=EDGE_CURVE('',#1927,#1928,#1170,.T.);
#2404=EDGE_CURVE('',#1928,#1929,#1171,.T.);
#2405=EDGE_CURVE('',#1929,#1930,#1172,.T.);
#2406=EDGE_CURVE('',#1930,#1931,#1173,.T.);
#2407=EDGE_CURVE('',#1931,#1925,#1174,.T.);
#2408=EDGE_CURVE('',#1932,#1933,#1175,.T.);
#2409=EDGE_CURVE('',#1932,#1930,#1176,.T.);
#2410=EDGE_CURVE('',#1933,#1929,#1177,.T.);
#2411=EDGE_CURVE('',#1925,#1934,#97,.T.);
#2412=EDGE_CURVE('',#1934,#1935,#98,.T.);
#2413=EDGE_CURVE('',#1936,#1935,#99,.T.);
#2414=EDGE_CURVE('',#1937,#1936,#100,.T.);
#2415=EDGE_CURVE('',#1937,#1938,#101,.T.);
#2416=EDGE_CURVE('',#1939,#1938,#102,.T.);
#2417=EDGE_CURVE('',#1940,#1939,#103,.T.);
#2418=EDGE_CURVE('',#1941,#1940,#104,.T.);
#2419=EDGE_CURVE('',#1941,#1942,#105,.T.);
#2420=EDGE_CURVE('',#1942,#1924,#106,.T.);
#2421=EDGE_CURVE('',#1943,#1931,#1178,.T.);
#2422=EDGE_CURVE('',#1943,#1944,#1179,.T.);
#2423=EDGE_CURVE('',#1935,#1944,#107,.T.);
#2424=EDGE_CURVE('',#1926,#1945,#1180,.T.);
#2425=EDGE_CURVE('',#1946,#1941,#108,.T.);
#2426=EDGE_CURVE('',#1945,#1946,#1181,.T.);
#2427=EDGE_CURVE('',#1945,#1943,#1182,.T.);
#2428=EDGE_CURVE('',#1944,#1946,#109,.T.);
#2429=EDGE_CURVE('',#1932,#1947,#1183,.T.);
#2430=EDGE_CURVE('',#1947,#1948,#1184,.T.);
#2431=EDGE_CURVE('',#1949,#1948,#110,.T.);
#2432=EDGE_CURVE('',#1950,#1949,#111,.T.);
#2433=EDGE_CURVE('',#1950,#1927,#1185,.T.);
#2434=EDGE_CURVE('',#1951,#1952,#112,.T.);
#2435=EDGE_CURVE('',#1951,#1953,#113,.T.);
#2436=EDGE_CURVE('',#1953,#1954,#114,.T.);
#2437=EDGE_CURVE('',#1952,#1954,#115,.T.);
#2438=EDGE_CURVE('',#1955,#1956,#116,.T.);
#2439=EDGE_CURVE('',#1956,#1950,#117,.T.);
#2440=EDGE_CURVE('',#1948,#1957,#118,.T.);
#2441=EDGE_CURVE('',#1957,#1955,#119,.T.);
#2442=EDGE_CURVE('',#1958,#1947,#1186,.T.);
#2443=EDGE_CURVE('',#1957,#1958,#1187,.T.);
#2444=EDGE_CURVE('',#1956,#1928,#1188,.T.);
#2445=EDGE_CURVE('',#1958,#1933,#1189,.T.);
#2446=EDGE_CURVE('',#1959,#1960,#1190,.T.);
#2447=EDGE_CURVE('',#1960,#1961,#120,.T.);
#2448=EDGE_CURVE('',#1961,#1962,#1191,.T.);
#2449=EDGE_CURVE('',#1959,#1962,#121,.T.);
#2450=EDGE_CURVE('',#1960,#1963,#283,.T.);
#2451=EDGE_CURVE('',#1963,#1964,#122,.T.);
#2452=EDGE_CURVE('',#1964,#1961,#284,.T.);
#2453=EDGE_CURVE('',#1963,#1965,#1192,.T.);
#2454=EDGE_CURVE('',#1965,#1966,#123,.T.);
#2455=EDGE_CURVE('',#1966,#1964,#1193,.T.);
#2456=EDGE_CURVE('',#1967,#1968,#1194,.T.);
#2457=EDGE_CURVE('',#1968,#1969,#124,.T.);
#2458=EDGE_CURVE('',#1969,#1970,#1195,.T.);
#2459=EDGE_CURVE('',#1970,#1967,#125,.T.);
#2460=EDGE_CURVE('',#1965,#1971,#285,.T.);
#2461=EDGE_CURVE('',#1971,#1972,#126,.T.);
#2462=EDGE_CURVE('',#1972,#1966,#286,.T.);
#2463=EDGE_CURVE('',#1968,#1973,#287,.T.);
#2464=EDGE_CURVE('',#1973,#1974,#127,.T.);
#2465=EDGE_CURVE('',#1974,#1969,#288,.T.);
#2466=EDGE_CURVE('',#1971,#1974,#1196,.T.);
#2467=EDGE_CURVE('',#1973,#1972,#1197,.T.);
#2468=EDGE_CURVE('',#1962,#1967,#289,.T.);
#2469=EDGE_CURVE('',#1970,#1959,#290,.T.);
#2470=EDGE_CURVE('',#1972,#1975,#1198,.T.);
#2471=EDGE_CURVE('',#1975,#1976,#128,.T.);
#2472=EDGE_CURVE('',#1976,#1977,#291,.T.);
#2473=EDGE_CURVE('',#1977,#1978,#129,.T.);
#2474=EDGE_CURVE('',#1966,#1978,#1199,.T.);
#2475=EDGE_CURVE('',#1973,#1979,#1200,.T.);
#2476=EDGE_CURVE('',#1975,#1979,#1201,.T.);
#2477=EDGE_CURVE('',#1968,#1980,#1202,.T.);
#2478=EDGE_CURVE('',#1979,#1980,#292,.T.);
#2479=EDGE_CURVE('',#1967,#1981,#1203,.T.);
#2480=EDGE_CURVE('',#1980,#1981,#1204,.T.);
#2481=EDGE_CURVE('',#1982,#1983,#293,.T.);
#2482=EDGE_CURVE('',#1984,#1982,#1205,.T.);
#2483=EDGE_CURVE('',#1985,#1984,#294,.T.);
#2484=EDGE_CURVE('',#1986,#1985,#1206,.T.);
#2485=EDGE_CURVE('',#1987,#1986,#295,.T.);
#2486=EDGE_CURVE('',#1988,#1987,#1207,.T.);
#2487=EDGE_CURVE('',#1989,#1988,#296,.T.);
#2488=EDGE_CURVE('',#1983,#1989,#1208,.T.);
#2489=EDGE_CURVE('',#1990,#1991,#1209,.T.);
#2490=EDGE_CURVE('',#1991,#1992,#130,.T.);
#2491=EDGE_CURVE('',#1992,#1993,#1210,.T.);
#2492=EDGE_CURVE('',#1993,#1990,#131,.T.);
#2493=EDGE_CURVE('',#1991,#1994,#297,.T.);
#2494=EDGE_CURVE('',#1994,#1995,#132,.T.);
#2495=EDGE_CURVE('',#1995,#1992,#298,.T.);
#2496=EDGE_CURVE('',#1994,#1996,#1211,.T.);
#2497=EDGE_CURVE('',#1996,#1997,#133,.T.);
#2498=EDGE_CURVE('',#1997,#1995,#1212,.T.);
#2499=EDGE_CURVE('',#1996,#1998,#299,.T.);
#2500=EDGE_CURVE('',#1998,#1999,#134,.T.);
#2501=EDGE_CURVE('',#1999,#1997,#300,.T.);
#2502=EDGE_CURVE('',#2000,#1999,#1213,.T.);
#2503=EDGE_CURVE('',#1998,#2001,#1214,.T.);
#2504=EDGE_CURVE('',#2001,#2000,#135,.T.);
#2505=EDGE_CURVE('',#2002,#2003,#1215,.T.);
#2506=EDGE_CURVE('',#2003,#2004,#301,.T.);
#2507=EDGE_CURVE('',#2004,#2005,#1216,.T.);
#2508=EDGE_CURVE('',#2005,#2002,#136,.T.);
#2509=EDGE_CURVE('',#2001,#2004,#302,.T.);
#2510=EDGE_CURVE('',#2003,#2000,#303,.T.);
#2511=EDGE_CURVE('',#1993,#2002,#304,.T.);
#2512=EDGE_CURVE('',#2005,#1990,#305,.T.);
#2513=EDGE_CURVE('',#1999,#2006,#1217,.T.);
#2514=EDGE_CURVE('',#2007,#2006,#306,.T.);
#2515=EDGE_CURVE('',#1997,#2007,#1218,.T.);
#2516=EDGE_CURVE('',#2000,#2008,#1219,.T.);
#2517=EDGE_CURVE('',#2006,#2008,#1220,.T.);
#2518=EDGE_CURVE('',#2003,#2009,#1221,.T.);
#2519=EDGE_CURVE('',#2008,#2009,#307,.T.);
#2520=EDGE_CURVE('',#2002,#2010,#1222,.T.);
#2521=EDGE_CURVE('',#2009,#2010,#1223,.T.);
#2522=EDGE_CURVE('',#2011,#2012,#308,.T.);
#2523=EDGE_CURVE('',#2012,#2013,#1224,.T.);
#2524=EDGE_CURVE('',#2013,#2014,#309,.T.);
#2525=EDGE_CURVE('',#2014,#2015,#1225,.T.);
#2526=EDGE_CURVE('',#2015,#2016,#310,.T.);
#2527=EDGE_CURVE('',#2016,#2017,#1226,.T.);
#2528=EDGE_CURVE('',#2017,#2018,#311,.T.);
#2529=EDGE_CURVE('',#2018,#2011,#1227,.T.);
#2530=EDGE_CURVE('',#2019,#1978,#1228,.T.);
#2531=EDGE_CURVE('',#1977,#2020,#1229,.T.);
#2532=EDGE_CURVE('',#2020,#2019,#137,.T.);
#2533=EDGE_CURVE('',#2020,#2021,#312,.T.);
#2534=EDGE_CURVE('',#2021,#2022,#138,.T.);
#2535=EDGE_CURVE('',#2022,#2019,#313,.T.);
#2536=EDGE_CURVE('',#2021,#2023,#1230,.T.);
#2537=EDGE_CURVE('',#2023,#2024,#139,.T.);
#2538=EDGE_CURVE('',#2024,#2022,#1231,.T.);
#2539=EDGE_CURVE('',#2023,#2025,#314,.T.);
#2540=EDGE_CURVE('',#2025,#1981,#140,.T.);
#2541=EDGE_CURVE('',#1981,#2024,#315,.T.);
#2542=EDGE_CURVE('',#1979,#2026,#141,.T.);
#2543=EDGE_CURVE('',#2026,#1976,#1232,.T.);
#2544=EDGE_CURVE('',#2025,#2027,#1233,.T.);
#2545=EDGE_CURVE('',#2027,#1980,#142,.T.);
#2546=EDGE_CURVE('',#2027,#2026,#316,.T.);
#2547=EDGE_CURVE('',#1964,#2019,#1234,.T.);
#2548=EDGE_CURVE('',#1961,#2022,#1235,.T.);
#2549=EDGE_CURVE('',#1962,#2024,#1236,.T.);
#2550=EDGE_CURVE('',#2028,#2029,#317,.T.);
#2551=EDGE_CURVE('',#2029,#2030,#143,.T.);
#2552=EDGE_CURVE('',#2030,#2031,#318,.T.);
#2553=EDGE_CURVE('',#2028,#2031,#144,.T.);
#2554=EDGE_CURVE('',#2029,#2032,#1237,.T.);
#2555=EDGE_CURVE('',#2032,#2033,#145,.T.);
#2556=EDGE_CURVE('',#2033,#2030,#1238,.T.);
#2557=EDGE_CURVE('',#2032,#2034,#319,.T.);
#2558=EDGE_CURVE('',#2034,#2010,#146,.T.);
#2559=EDGE_CURVE('',#2010,#2033,#320,.T.);
#2560=EDGE_CURVE('',#2034,#2035,#1239,.T.);
#2561=EDGE_CURVE('',#2035,#2009,#321,.T.);
#2562=EDGE_CURVE('',#2035,#2036,#322,.T.);
#2563=EDGE_CURVE('',#2036,#2008,#147,.T.);
#2564=EDGE_CURVE('',#2036,#2037,#1240,.T.);
#2565=EDGE_CURVE('',#2037,#2006,#148,.T.);
#2566=EDGE_CURVE('',#2037,#2038,#323,.T.);
#2567=EDGE_CURVE('',#2038,#2007,#149,.T.);
#2568=EDGE_CURVE('',#2031,#2007,#1241,.T.);
#2569=EDGE_CURVE('',#2038,#2028,#1242,.T.);
#2570=EDGE_CURVE('',#1995,#2031,#1243,.T.);
#2571=EDGE_CURVE('',#1992,#2030,#1244,.T.);
#2572=EDGE_CURVE('',#2012,#2039,#1245,.T.);
#2573=EDGE_CURVE('',#2040,#2039,#1246,.T.);
#2574=EDGE_CURVE('',#2013,#2040,#1247,.T.);
#2575=EDGE_CURVE('',#2041,#2040,#324,.T.);
#2576=EDGE_CURVE('',#2014,#2041,#1248,.T.);
#2577=EDGE_CURVE('',#2042,#2041,#1249,.T.);
#2578=EDGE_CURVE('',#2015,#2042,#1250,.T.);
#2579=EDGE_CURVE('',#2043,#2042,#325,.T.);
#2580=EDGE_CURVE('',#2016,#2043,#1251,.T.);
#2581=EDGE_CURVE('',#2044,#2043,#1252,.T.);
#2582=EDGE_CURVE('',#2017,#2044,#1253,.T.);
#2583=EDGE_CURVE('',#2045,#2044,#326,.T.);
#2584=EDGE_CURVE('',#2018,#2045,#1254,.T.);
#2585=EDGE_CURVE('',#2046,#2045,#1255,.T.);
#2586=EDGE_CURVE('',#2011,#2046,#1256,.T.);
#2587=EDGE_CURVE('',#2039,#2046,#327,.T.);
#2588=EDGE_CURVE('',#1993,#2033,#1257,.T.);
#2589=EDGE_CURVE('',#2047,#2048,#55,.T.);
#2590=EDGE_CURVE('',#2047,#2049,#1258,.T.);
#2591=EDGE_CURVE('',#2049,#2050,#150,.T.);
#2592=EDGE_CURVE('',#2050,#2051,#1259,.T.);
#2593=EDGE_CURVE('',#2048,#2051,#151,.T.);
#2594=EDGE_CURVE('',#2052,#2053,#328,.T.);
#2595=EDGE_CURVE('',#2054,#2053,#152,.T.);
#2596=EDGE_CURVE('',#2054,#2055,#329,.T.);
#2597=EDGE_CURVE('',#2055,#2052,#153,.T.);
#2598=EDGE_CURVE('',#2056,#2052,#1260,.T.);
#2599=EDGE_CURVE('',#2055,#2057,#1261,.T.);
#2600=EDGE_CURVE('',#2057,#2056,#154,.T.);
#2601=EDGE_CURVE('',#2053,#2058,#1262,.T.);
#2602=EDGE_CURVE('',#2059,#2058,#155,.T.);
#2603=EDGE_CURVE('',#2059,#2054,#1263,.T.);
#2604=EDGE_CURVE('',#2060,#2056,#330,.T.);
#2605=EDGE_CURVE('',#2057,#2061,#331,.T.);
#2606=EDGE_CURVE('',#2061,#2060,#156,.T.);
#2607=EDGE_CURVE('',#2058,#2050,#332,.T.);
#2608=EDGE_CURVE('',#2049,#2059,#333,.T.);
#2609=EDGE_CURVE('',#2062,#2048,#157,.T.);
#2610=EDGE_CURVE('',#2062,#2060,#1264,.T.);
#2611=EDGE_CURVE('',#2061,#2047,#1265,.T.);
#2612=EDGE_CURVE('',#2050,#2063,#1266,.T.);
#2613=EDGE_CURVE('',#2064,#2063,#1267,.T.);
#2614=EDGE_CURVE('',#2065,#2064,#1268,.T.);
#2615=EDGE_CURVE('',#2051,#2065,#1269,.T.);
#2616=EDGE_CURVE('',#2058,#2066,#1270,.T.);
#2617=EDGE_CURVE('',#2063,#2066,#334,.T.);
#2618=EDGE_CURVE('',#2053,#2067,#1271,.T.);
#2619=EDGE_CURVE('',#2066,#2067,#1272,.T.);
#2620=EDGE_CURVE('',#2052,#2068,#1273,.T.);
#2621=EDGE_CURVE('',#2067,#2068,#335,.T.);
#2622=EDGE_CURVE('',#2069,#1989,#1274,.T.);
#2623=EDGE_CURVE('',#2070,#2069,#1275,.T.);
#2624=EDGE_CURVE('',#2070,#1983,#1276,.T.);
#2625=EDGE_CURVE('',#2071,#2070,#336,.T.);
#2626=EDGE_CURVE('',#2071,#1982,#1277,.T.);
#2627=EDGE_CURVE('',#2072,#2065,#337,.T.);
#2628=EDGE_CURVE('',#2062,#2072,#1278,.T.);
#2629=EDGE_CURVE('',#2073,#1988,#1279,.T.);
#2630=EDGE_CURVE('',#2069,#2073,#338,.T.);
#2631=EDGE_CURVE('',#2074,#1987,#1280,.T.);
#2632=EDGE_CURVE('',#2073,#2074,#1281,.T.);
#2633=EDGE_CURVE('',#2075,#1986,#1282,.T.);
#2634=EDGE_CURVE('',#2074,#2075,#339,.T.);
#2635=EDGE_CURVE('',#2076,#2077,#1283,.T.);
#2636=EDGE_CURVE('',#2078,#2076,#1284,.T.);
#2637=EDGE_CURVE('',#2079,#2078,#1285,.T.);
#2638=EDGE_CURVE('',#2077,#2079,#1286,.T.);
#2639=EDGE_CURVE('',#2080,#2081,#1287,.T.);
#2640=EDGE_CURVE('',#2082,#2080,#1288,.T.);
#2641=EDGE_CURVE('',#2083,#2082,#1289,.T.);
#2642=EDGE_CURVE('',#2081,#2083,#1290,.T.);
#2643=EDGE_CURVE('',#2084,#2085,#1291,.T.);
#2644=EDGE_CURVE('',#2086,#2084,#1292,.T.);
#2645=EDGE_CURVE('',#2087,#2086,#1293,.T.);
#2646=EDGE_CURVE('',#2085,#2087,#1294,.T.);
#2647=EDGE_CURVE('',#2088,#2089,#1295,.T.);
#2648=EDGE_CURVE('',#2090,#2088,#1296,.T.);
#2649=EDGE_CURVE('',#2091,#2090,#1297,.T.);
#2650=EDGE_CURVE('',#2089,#2091,#1298,.T.);
#2651=EDGE_CURVE('',#2092,#2093,#1299,.T.);
#2652=EDGE_CURVE('',#2094,#2092,#1300,.T.);
#2653=EDGE_CURVE('',#2095,#2094,#1301,.T.);
#2654=EDGE_CURVE('',#2093,#2095,#1302,.T.);
#2655=EDGE_CURVE('',#2096,#2097,#1303,.T.);
#2656=EDGE_CURVE('',#2098,#2096,#1304,.T.);
#2657=EDGE_CURVE('',#2099,#2098,#1305,.T.);
#2658=EDGE_CURVE('',#2097,#2099,#1306,.T.);
#2659=EDGE_CURVE('',#2100,#2101,#1307,.T.);
#2660=EDGE_CURVE('',#2102,#2100,#1308,.T.);
#2661=EDGE_CURVE('',#2103,#2102,#1309,.T.);
#2662=EDGE_CURVE('',#2101,#2103,#1310,.T.);
#2663=EDGE_CURVE('',#2104,#2105,#1311,.T.);
#2664=EDGE_CURVE('',#2106,#2104,#1312,.T.);
#2665=EDGE_CURVE('',#2107,#2106,#1313,.T.);
#2666=EDGE_CURVE('',#2105,#2107,#1314,.T.);
#2667=EDGE_CURVE('',#2108,#2076,#1315,.T.);
#2668=EDGE_CURVE('',#2108,#2109,#1316,.T.);
#2669=EDGE_CURVE('',#2078,#2109,#1317,.T.);
#2670=EDGE_CURVE('',#2110,#2083,#1318,.T.);
#2671=EDGE_CURVE('',#2111,#2110,#1319,.T.);
#2672=EDGE_CURVE('',#2081,#2111,#1320,.T.);
#2673=EDGE_CURVE('',#2079,#2112,#1321,.T.);
#2674=EDGE_CURVE('',#2112,#2113,#1322,.T.);
#2675=EDGE_CURVE('',#2077,#2113,#1323,.T.);
#2676=EDGE_CURVE('',#2114,#2080,#1324,.T.);
#2677=EDGE_CURVE('',#2115,#2114,#1325,.T.);
#2678=EDGE_CURVE('',#2115,#2082,#1326,.T.);
#2679=EDGE_CURVE('',#2116,#2088,#1327,.T.);
#2680=EDGE_CURVE('',#2116,#2117,#1328,.T.);
#2681=EDGE_CURVE('',#2090,#2117,#1329,.T.);
#2682=EDGE_CURVE('',#2118,#2087,#1330,.T.);
#2683=EDGE_CURVE('',#2119,#2118,#1331,.T.);
#2684=EDGE_CURVE('',#2085,#2119,#1332,.T.);
#2685=EDGE_CURVE('',#2091,#2120,#1333,.T.);
#2686=EDGE_CURVE('',#2120,#2121,#1334,.T.);
#2687=EDGE_CURVE('',#2089,#2121,#1335,.T.);
#2688=EDGE_CURVE('',#2122,#2084,#1336,.T.);
#2689=EDGE_CURVE('',#2123,#2122,#1337,.T.);
#2690=EDGE_CURVE('',#2123,#2086,#1338,.T.);
#2691=EDGE_CURVE('',#2124,#2092,#1339,.T.);
#2692=EDGE_CURVE('',#2124,#2125,#1340,.T.);
#2693=EDGE_CURVE('',#2094,#2125,#1341,.T.);
#2694=EDGE_CURVE('',#2126,#2099,#1342,.T.);
#2695=EDGE_CURVE('',#2127,#2126,#1343,.T.);
#2696=EDGE_CURVE('',#2097,#2127,#1344,.T.);
#2697=EDGE_CURVE('',#2095,#2128,#1345,.T.);
#2698=EDGE_CURVE('',#2128,#2129,#1346,.T.);
#2699=EDGE_CURVE('',#2093,#2129,#1347,.T.);
#2700=EDGE_CURVE('',#2130,#2096,#1348,.T.);
#2701=EDGE_CURVE('',#2131,#2130,#1349,.T.);
#2702=EDGE_CURVE('',#2131,#2098,#1350,.T.);
#2703=EDGE_CURVE('',#2132,#2100,#1351,.T.);
#2704=EDGE_CURVE('',#2132,#2133,#1352,.T.);
#2705=EDGE_CURVE('',#2102,#2133,#1353,.T.);
#2706=EDGE_CURVE('',#2134,#2107,#1354,.T.);
#2707=EDGE_CURVE('',#2135,#2134,#1355,.T.);
#2708=EDGE_CURVE('',#2105,#2135,#1356,.T.);
#2709=EDGE_CURVE('',#2103,#2136,#1357,.T.);
#2710=EDGE_CURVE('',#2136,#2137,#1358,.T.);
#2711=EDGE_CURVE('',#2101,#2137,#1359,.T.);
#2712=EDGE_CURVE('',#2136,#2131,#340,.T.);
#2713=EDGE_CURVE('',#2133,#2126,#341,.T.);
#2714=EDGE_CURVE('',#2117,#2134,#342,.T.);
#2715=EDGE_CURVE('',#2138,#2106,#1360,.T.);
#2716=EDGE_CURVE('',#2120,#2138,#343,.T.);
#2717=EDGE_CURVE('',#2109,#2118,#344,.T.);
#2718=EDGE_CURVE('',#2112,#2123,#345,.T.);
#2719=EDGE_CURVE('',#2128,#2115,#346,.T.);
#2720=EDGE_CURVE('',#2125,#2110,#347,.T.);
#2721=EDGE_CURVE('',#2129,#2114,#348,.T.);
#2722=EDGE_CURVE('',#2139,#2140,#1361,.T.);
#2723=EDGE_CURVE('',#2141,#2140,#1362,.T.);
#2724=EDGE_CURVE('',#2141,#2142,#1363,.T.);
#2725=EDGE_CURVE('',#2142,#2139,#1364,.T.);
#2726=EDGE_CURVE('',#2113,#2122,#349,.T.);
#2727=EDGE_CURVE('',#2065,#2143,#350,.T.);
#2728=EDGE_CURVE('',#2144,#2064,#351,.T.);
#2729=EDGE_CURVE('',#2143,#2144,#1365,.T.);
#2730=EDGE_CURVE('',#2145,#2139,#352,.T.);
#2731=EDGE_CURVE('',#2146,#2145,#1366,.T.);
#2732=EDGE_CURVE('',#2147,#2146,#353,.T.);
#2733=EDGE_CURVE('',#2148,#2147,#1367,.T.);
#2734=EDGE_CURVE('',#2149,#2148,#354,.T.);
#2735=EDGE_CURVE('',#2150,#2149,#1368,.T.);
#2736=EDGE_CURVE('',#2140,#2150,#355,.T.);
#2737=EDGE_CURVE('',#2151,#2152,#356,.T.);
#2738=EDGE_CURVE('',#2152,#2144,#1369,.T.);
#2739=EDGE_CURVE('',#2068,#2151,#1370,.T.);
#2740=EDGE_CURVE('',#2143,#2072,#1371,.T.);
#2741=EDGE_CURVE('',#2060,#2152,#1372,.T.);
#2742=EDGE_CURVE('',#2056,#2151,#1373,.T.);
#2743=EDGE_CURVE('',#2153,#1985,#1374,.T.);
#2744=EDGE_CURVE('',#2075,#2153,#1375,.T.);
#2745=EDGE_CURVE('',#2154,#1984,#1376,.T.);
#2746=EDGE_CURVE('',#2153,#2154,#357,.T.);
#2747=EDGE_CURVE('',#2154,#2071,#1377,.T.);
#2748=EDGE_CURVE('',#2119,#2108,#358,.T.);
#2749=EDGE_CURVE('',#2111,#2124,#359,.T.);
#2750=EDGE_CURVE('',#2127,#2132,#360,.T.);
#2751=EDGE_CURVE('',#2135,#2116,#361,.T.);
#2752=EDGE_CURVE('',#2155,#2156,#362,.T.);
#2753=EDGE_CURVE('',#2156,#2157,#1378,.T.);
#2754=EDGE_CURVE('',#2157,#2158,#363,.T.);
#2755=EDGE_CURVE('',#2158,#2159,#1379,.T.);
#2756=EDGE_CURVE('',#2159,#2160,#364,.T.);
#2757=EDGE_CURVE('',#2160,#2161,#1380,.T.);
#2758=EDGE_CURVE('',#2161,#2162,#365,.T.);
#2759=EDGE_CURVE('',#2162,#2155,#1381,.T.);
#2760=EDGE_CURVE('',#2137,#2130,#366,.T.);
#2761=EDGE_CURVE('',#2121,#2163,#367,.T.);
#2762=EDGE_CURVE('',#2163,#2104,#1382,.T.);
#2763=EDGE_CURVE('',#2164,#2150,#1383,.T.);
#2764=EDGE_CURVE('',#2164,#2141,#368,.T.);
#2765=EDGE_CURVE('',#2138,#2163,#1384,.T.);
#2766=EDGE_CURVE('',#2165,#2149,#1385,.T.);
#2767=EDGE_CURVE('',#2165,#2164,#1386,.T.);
#2768=EDGE_CURVE('',#2166,#2148,#1387,.T.);
#2769=EDGE_CURVE('',#2166,#2165,#369,.T.);
#2770=EDGE_CURVE('',#2167,#2168,#370,.T.);
#2771=EDGE_CURVE('',#2168,#2169,#1388,.T.);
#2772=EDGE_CURVE('',#2169,#2169,#371,.T.);
#2773=EDGE_CURVE('',#2168,#2170,#372,.T.);
#2774=EDGE_CURVE('',#2170,#2171,#373,.T.);
#2775=EDGE_CURVE('',#2171,#2172,#374,.T.);
#2776=EDGE_CURVE('',#2172,#2173,#375,.T.);
#2777=EDGE_CURVE('',#2173,#2174,#376,.T.);
#2778=EDGE_CURVE('',#2174,#2175,#377,.T.);
#2779=EDGE_CURVE('',#2175,#2176,#378,.T.);
#2780=EDGE_CURVE('',#2176,#2167,#379,.T.);
#2781=EDGE_CURVE('',#2177,#2178,#158,.T.);
#2782=EDGE_CURVE('',#1938,#2177,#159,.T.);
#2783=EDGE_CURVE('',#1954,#1937,#160,.T.);
#2784=EDGE_CURVE('',#2179,#1953,#161,.T.);
#2785=EDGE_CURVE('',#2180,#2179,#162,.T.);
#2786=EDGE_CURVE('',#2178,#2180,#163,.T.);
#2787=EDGE_CURVE('',#1937,#1936,#164,.T.);
#2788=EDGE_CURVE('',#2179,#2181,#165,.T.);
#2789=EDGE_CURVE('',#2179,#2181,#166,.T.);
#2790=EDGE_CURVE('',#2182,#2183,#167,.T.);
#2791=EDGE_CURVE('',#2183,#2184,#168,.T.);
#2792=EDGE_CURVE('',#2185,#2184,#169,.T.);
#2793=EDGE_CURVE('',#2186,#2185,#1389,.T.);
#2794=EDGE_CURVE('',#2186,#2182,#170,.T.);
#2795=EDGE_CURVE('',#2184,#1951,#171,.T.);
#2796=EDGE_CURVE('',#2187,#1951,#172,.T.);
#2797=EDGE_CURVE('',#2185,#2187,#380,.T.);
#2798=EDGE_CURVE('',#2188,#1952,#173,.T.);
#2799=EDGE_CURVE('',#2187,#2188,#1390,.T.);
#2800=EDGE_CURVE('',#1952,#1940,#174,.T.);
#2801=EDGE_CURVE('',#2189,#1940,#175,.T.);
#2802=EDGE_CURVE('',#2188,#2189,#381,.T.);
#2803=EDGE_CURVE('',#1939,#2190,#176,.T.);
#2804=EDGE_CURVE('',#2189,#2190,#1391,.T.);
#2805=EDGE_CURVE('',#1939,#2191,#177,.T.);
#2806=EDGE_CURVE('',#2191,#2192,#382,.T.);
#2807=EDGE_CURVE('',#2192,#2193,#178,.T.);
#2808=EDGE_CURVE('',#2190,#2193,#383,.T.);
#2809=EDGE_CURVE('',#2191,#2194,#179,.T.);
#2810=EDGE_CURVE('',#2194,#2195,#180,.T.);
#2811=EDGE_CURVE('',#2195,#2196,#181,.T.);
#2812=EDGE_CURVE('',#2196,#2197,#384,.T.);
#2813=EDGE_CURVE('',#2197,#2198,#182,.T.);
#2814=EDGE_CURVE('',#2193,#2198,#1392,.T.);
#2815=EDGE_CURVE('',#2198,#2186,#385,.T.);
#2816=EDGE_CURVE('',#2196,#2182,#183,.T.);
#2817=EDGE_CURVE('',#2194,#2177,#184,.T.);
#2818=EDGE_CURVE('',#2178,#2195,#185,.T.);
#2819=EDGE_CURVE('',#2181,#2183,#186,.T.);
#2820=EDGE_CURVE('',#2182,#2180,#187,.T.);
#2821=EDGE_CURVE('',#2142,#2199,#386,.T.);
#2822=EDGE_CURVE('',#2200,#2166,#1393,.T.);
#2823=EDGE_CURVE('',#2201,#2200,#387,.T.);
#2824=EDGE_CURVE('',#2199,#2201,#1394,.T.);
#2825=EDGE_CURVE('',#2176,#2202,#188,.T.);
#2826=EDGE_CURVE('',#2203,#2202,#388,.T.);
#2827=EDGE_CURVE('',#2204,#2203,#389,.T.);
#2828=EDGE_CURVE('',#2167,#2204,#189,.T.);
#2829=EDGE_CURVE('',#2205,#2204,#1395,.T.);
#2830=EDGE_CURVE('',#2206,#2205,#190,.T.);
#2831=EDGE_CURVE('',#2170,#2206,#191,.T.);
#2832=EDGE_CURVE('',#2207,#2205,#390,.T.);
#2833=EDGE_CURVE('',#2171,#2207,#192,.T.);
#2834=EDGE_CURVE('',#2208,#2207,#1396,.T.);
#2835=EDGE_CURVE('',#2172,#2208,#193,.T.);
#2836=EDGE_CURVE('',#2209,#2208,#391,.T.);
#2837=EDGE_CURVE('',#2210,#2209,#194,.T.);
#2838=EDGE_CURVE('',#2173,#2210,#195,.T.);
#2839=EDGE_CURVE('',#2211,#2209,#1397,.T.);
#2840=EDGE_CURVE('',#2174,#2211,#196,.T.);
#2841=EDGE_CURVE('',#2212,#2211,#392,.T.);
#2842=EDGE_CURVE('',#2213,#2212,#393,.T.);
#2843=EDGE_CURVE('',#2175,#2213,#197,.T.);
#2844=EDGE_CURVE('',#2202,#2213,#1398,.T.);
#2845=EDGE_CURVE('',#2199,#2145,#1399,.T.);
#2846=EDGE_CURVE('',#2200,#2147,#1400,.T.);
#2847=EDGE_CURVE('',#1833,#2146,#1401,.T.);
#2848=EDGE_CURVE('',#2201,#1832,#1402,.T.);
#2849=EDGE_CURVE('',#2204,#2155,#1403,.T.);
#2850=EDGE_CURVE('',#2205,#2162,#1404,.T.);
#2851=EDGE_CURVE('',#2207,#2161,#1405,.T.);
#2852=EDGE_CURVE('',#2208,#2160,#1406,.T.);
#2853=EDGE_CURVE('',#2209,#2159,#1407,.T.);
#2854=EDGE_CURVE('',#2211,#2158,#1408,.T.);
#2855=EDGE_CURVE('',#2213,#2157,#1409,.T.);
#2856=EDGE_CURVE('',#2202,#2156,#1410,.T.);
#2857=ORIENTED_EDGE('',*,*,#2214,.F.);
#2858=ORIENTED_EDGE('',*,*,#2215,.T.);
#2859=ORIENTED_EDGE('',*,*,#2216,.F.);
#2860=ORIENTED_EDGE('',*,*,#2217,.F.);
#2861=ORIENTED_EDGE('',*,*,#2218,.F.);
#2862=ORIENTED_EDGE('',*,*,#2217,.T.);
#2863=ORIENTED_EDGE('',*,*,#2219,.F.);
#2864=ORIENTED_EDGE('',*,*,#2220,.F.);
#2865=ORIENTED_EDGE('',*,*,#2221,.F.);
#2866=ORIENTED_EDGE('',*,*,#2220,.T.);
#2867=ORIENTED_EDGE('',*,*,#2222,.F.);
#2868=ORIENTED_EDGE('',*,*,#2223,.F.);
#2869=ORIENTED_EDGE('',*,*,#2224,.F.);
#2870=ORIENTED_EDGE('',*,*,#2223,.T.);
#2871=ORIENTED_EDGE('',*,*,#2225,.F.);
#2872=ORIENTED_EDGE('',*,*,#2215,.F.);
#2873=ORIENTED_EDGE('',*,*,#2225,.T.);
#2874=ORIENTED_EDGE('',*,*,#2222,.T.);
#2875=ORIENTED_EDGE('',*,*,#2219,.T.);
#2876=ORIENTED_EDGE('',*,*,#2216,.T.);
#2877=ORIENTED_EDGE('',*,*,#2226,.T.);
#2878=ORIENTED_EDGE('',*,*,#2227,.T.);
#2879=ORIENTED_EDGE('',*,*,#2228,.T.);
#2880=ORIENTED_EDGE('',*,*,#2229,.T.);
#2881=ORIENTED_EDGE('',*,*,#2230,.F.);
#2882=ORIENTED_EDGE('',*,*,#2231,.T.);
#2883=ORIENTED_EDGE('',*,*,#2227,.F.);
#2884=ORIENTED_EDGE('',*,*,#2232,.F.);
#2885=ORIENTED_EDGE('',*,*,#2233,.F.);
#2886=ORIENTED_EDGE('',*,*,#2234,.T.);
#2887=ORIENTED_EDGE('',*,*,#2228,.F.);
#2888=ORIENTED_EDGE('',*,*,#2231,.F.);
#2889=ORIENTED_EDGE('',*,*,#2235,.F.);
#2890=ORIENTED_EDGE('',*,*,#2236,.T.);
#2891=ORIENTED_EDGE('',*,*,#2229,.F.);
#2892=ORIENTED_EDGE('',*,*,#2234,.F.);
#2893=ORIENTED_EDGE('',*,*,#2237,.F.);
#2894=ORIENTED_EDGE('',*,*,#2232,.T.);
#2895=ORIENTED_EDGE('',*,*,#2226,.F.);
#2896=ORIENTED_EDGE('',*,*,#2236,.F.);
#2897=ORIENTED_EDGE('',*,*,#2238,.F.);
#2898=ORIENTED_EDGE('',*,*,#2239,.T.);
#2899=ORIENTED_EDGE('',*,*,#2240,.T.);
#2900=ORIENTED_EDGE('',*,*,#2241,.F.);
#2901=ORIENTED_EDGE('',*,*,#2242,.F.);
#2902=ORIENTED_EDGE('',*,*,#2243,.T.);
#2903=ORIENTED_EDGE('',*,*,#2244,.T.);
#2904=ORIENTED_EDGE('',*,*,#2239,.F.);
#2905=ORIENTED_EDGE('',*,*,#2245,.F.);
#2906=ORIENTED_EDGE('',*,*,#2246,.T.);
#2907=ORIENTED_EDGE('',*,*,#2247,.T.);
#2908=ORIENTED_EDGE('',*,*,#2243,.F.);
#2909=ORIENTED_EDGE('',*,*,#2248,.F.);
#2910=ORIENTED_EDGE('',*,*,#2241,.T.);
#2911=ORIENTED_EDGE('',*,*,#2249,.T.);
#2912=ORIENTED_EDGE('',*,*,#2246,.F.);
#2913=ORIENTED_EDGE('',*,*,#2249,.F.);
#2914=ORIENTED_EDGE('',*,*,#2240,.F.);
#2915=ORIENTED_EDGE('',*,*,#2244,.F.);
#2916=ORIENTED_EDGE('',*,*,#2247,.F.);
#2917=ORIENTED_EDGE('',*,*,#2230,.T.);
#2918=ORIENTED_EDGE('',*,*,#2237,.T.);
#2919=ORIENTED_EDGE('',*,*,#2235,.T.);
#2920=ORIENTED_EDGE('',*,*,#2233,.T.);
#2921=ORIENTED_EDGE('',*,*,#2250,.F.);
#2922=ORIENTED_EDGE('',*,*,#2251,.T.);
#2923=ORIENTED_EDGE('',*,*,#2252,.F.);
#2924=ORIENTED_EDGE('',*,*,#2251,.F.);
#2925=ORIENTED_EDGE('',*,*,#2253,.T.);
#2926=ORIENTED_EDGE('',*,*,#2254,.T.);
#2927=ORIENTED_EDGE('',*,*,#2255,.T.);
#2928=ORIENTED_EDGE('',*,*,#2256,.T.);
#2929=ORIENTED_EDGE('',*,*,#2257,.F.);
#2930=ORIENTED_EDGE('',*,*,#2258,.T.);
#2931=ORIENTED_EDGE('',*,*,#2253,.F.);
#2932=ORIENTED_EDGE('',*,*,#2259,.T.);
#2933=ORIENTED_EDGE('',*,*,#2260,.F.);
#2934=ORIENTED_EDGE('',*,*,#2261,.F.);
#2935=ORIENTED_EDGE('',*,*,#2254,.F.);
#2936=ORIENTED_EDGE('',*,*,#2258,.F.);
#2937=ORIENTED_EDGE('',*,*,#2252,.T.);
#2938=ORIENTED_EDGE('',*,*,#2262,.T.);
#2939=ORIENTED_EDGE('',*,*,#2263,.F.);
#2940=ORIENTED_EDGE('',*,*,#2255,.F.);
#2941=ORIENTED_EDGE('',*,*,#2261,.T.);
#2942=ORIENTED_EDGE('',*,*,#2264,.F.);
#2943=ORIENTED_EDGE('',*,*,#2259,.F.);
#2944=ORIENTED_EDGE('',*,*,#2256,.F.);
#2945=ORIENTED_EDGE('',*,*,#2263,.T.);
#2946=ORIENTED_EDGE('',*,*,#2250,.T.);
#2947=ORIENTED_EDGE('',*,*,#2265,.F.);
#2948=ORIENTED_EDGE('',*,*,#2266,.T.);
#2949=ORIENTED_EDGE('',*,*,#2267,.T.);
#2950=ORIENTED_EDGE('',*,*,#2268,.F.);
#2951=ORIENTED_EDGE('',*,*,#2269,.F.);
#2952=ORIENTED_EDGE('',*,*,#2270,.T.);
#2953=ORIENTED_EDGE('',*,*,#2271,.T.);
#2954=ORIENTED_EDGE('',*,*,#2266,.F.);
#2955=ORIENTED_EDGE('',*,*,#2272,.F.);
#2956=ORIENTED_EDGE('',*,*,#2273,.T.);
#2957=ORIENTED_EDGE('',*,*,#2274,.T.);
#2958=ORIENTED_EDGE('',*,*,#2270,.F.);
#2959=ORIENTED_EDGE('',*,*,#2275,.F.);
#2960=ORIENTED_EDGE('',*,*,#2276,.T.);
#2961=ORIENTED_EDGE('',*,*,#2277,.T.);
#2962=ORIENTED_EDGE('',*,*,#2273,.F.);
#2963=ORIENTED_EDGE('',*,*,#2278,.F.);
#2964=ORIENTED_EDGE('',*,*,#2279,.T.);
#2965=ORIENTED_EDGE('',*,*,#2280,.T.);
#2966=ORIENTED_EDGE('',*,*,#2276,.F.);
#2967=ORIENTED_EDGE('',*,*,#2281,.F.);
#2968=ORIENTED_EDGE('',*,*,#2282,.T.);
#2969=ORIENTED_EDGE('',*,*,#2283,.T.);
#2970=ORIENTED_EDGE('',*,*,#2279,.F.);
#2971=ORIENTED_EDGE('',*,*,#2284,.F.);
#2972=ORIENTED_EDGE('',*,*,#2285,.T.);
#2973=ORIENTED_EDGE('',*,*,#2286,.T.);
#2974=ORIENTED_EDGE('',*,*,#2282,.F.);
#2975=ORIENTED_EDGE('',*,*,#2287,.F.);
#2976=ORIENTED_EDGE('',*,*,#2268,.T.);
#2977=ORIENTED_EDGE('',*,*,#2288,.T.);
#2978=ORIENTED_EDGE('',*,*,#2285,.F.);
#2979=ORIENTED_EDGE('',*,*,#2288,.F.);
#2980=ORIENTED_EDGE('',*,*,#2267,.F.);
#2981=ORIENTED_EDGE('',*,*,#2271,.F.);
#2982=ORIENTED_EDGE('',*,*,#2274,.F.);
#2983=ORIENTED_EDGE('',*,*,#2277,.F.);
#2984=ORIENTED_EDGE('',*,*,#2280,.F.);
#2985=ORIENTED_EDGE('',*,*,#2283,.F.);
#2986=ORIENTED_EDGE('',*,*,#2286,.F.);
#2987=ORIENTED_EDGE('',*,*,#2289,.F.);
#2988=ORIENTED_EDGE('',*,*,#2290,.F.);
#2989=ORIENTED_EDGE('',*,*,#2291,.T.);
#2990=ORIENTED_EDGE('',*,*,#2289,.T.);
#2991=ORIENTED_EDGE('',*,*,#2291,.F.);
#2992=ORIENTED_EDGE('',*,*,#2292,.F.);
#2993=ORIENTED_EDGE('',*,*,#2293,.T.);
#2994=ORIENTED_EDGE('',*,*,#2294,.T.);
#2995=ORIENTED_EDGE('',*,*,#2295,.F.);
#2996=ORIENTED_EDGE('',*,*,#2296,.F.);
#2997=ORIENTED_EDGE('',*,*,#2297,.T.);
#2998=ORIENTED_EDGE('',*,*,#2298,.T.);
#2999=ORIENTED_EDGE('',*,*,#2293,.F.);
#3000=ORIENTED_EDGE('',*,*,#2299,.F.);
#3001=ORIENTED_EDGE('',*,*,#2300,.T.);
#3002=ORIENTED_EDGE('',*,*,#2301,.T.);
#3003=ORIENTED_EDGE('',*,*,#2297,.F.);
#3004=ORIENTED_EDGE('',*,*,#2302,.F.);
#3005=ORIENTED_EDGE('',*,*,#2303,.T.);
#3006=ORIENTED_EDGE('',*,*,#2304,.T.);
#3007=ORIENTED_EDGE('',*,*,#2300,.F.);
#3008=ORIENTED_EDGE('',*,*,#2305,.F.);
#3009=ORIENTED_EDGE('',*,*,#2306,.T.);
#3010=ORIENTED_EDGE('',*,*,#2307,.T.);
#3011=ORIENTED_EDGE('',*,*,#2303,.F.);
#3012=ORIENTED_EDGE('',*,*,#2308,.F.);
#3013=ORIENTED_EDGE('',*,*,#2309,.T.);
#3014=ORIENTED_EDGE('',*,*,#2310,.T.);
#3015=ORIENTED_EDGE('',*,*,#2306,.F.);
#3016=ORIENTED_EDGE('',*,*,#2311,.F.);
#3017=ORIENTED_EDGE('',*,*,#2312,.T.);
#3018=ORIENTED_EDGE('',*,*,#2313,.T.);
#3019=ORIENTED_EDGE('',*,*,#2309,.F.);
#3020=ORIENTED_EDGE('',*,*,#2314,.F.);
#3021=ORIENTED_EDGE('',*,*,#2295,.T.);
#3022=ORIENTED_EDGE('',*,*,#2315,.T.);
#3023=ORIENTED_EDGE('',*,*,#2312,.F.);
#3024=ORIENTED_EDGE('',*,*,#2315,.F.);
#3025=ORIENTED_EDGE('',*,*,#2294,.F.);
#3026=ORIENTED_EDGE('',*,*,#2298,.F.);
#3027=ORIENTED_EDGE('',*,*,#2301,.F.);
#3028=ORIENTED_EDGE('',*,*,#2304,.F.);
#3029=ORIENTED_EDGE('',*,*,#2307,.F.);
#3030=ORIENTED_EDGE('',*,*,#2310,.F.);
#3031=ORIENTED_EDGE('',*,*,#2313,.F.);
#3032=ORIENTED_EDGE('',*,*,#2316,.F.);
#3033=ORIENTED_EDGE('',*,*,#2317,.F.);
#3034=ORIENTED_EDGE('',*,*,#2318,.T.);
#3035=ORIENTED_EDGE('',*,*,#2316,.T.);
#3036=ORIENTED_EDGE('',*,*,#2318,.F.);
#3037=ORIENTED_EDGE('',*,*,#2319,.F.);
#3038=ORIENTED_EDGE('',*,*,#2320,.T.);
#3039=ORIENTED_EDGE('',*,*,#2321,.T.);
#3040=ORIENTED_EDGE('',*,*,#2322,.F.);
#3041=ORIENTED_EDGE('',*,*,#2323,.F.);
#3042=ORIENTED_EDGE('',*,*,#2324,.T.);
#3043=ORIENTED_EDGE('',*,*,#2325,.T.);
#3044=ORIENTED_EDGE('',*,*,#2320,.F.);
#3045=ORIENTED_EDGE('',*,*,#2326,.F.);
#3046=ORIENTED_EDGE('',*,*,#2327,.T.);
#3047=ORIENTED_EDGE('',*,*,#2328,.T.);
#3048=ORIENTED_EDGE('',*,*,#2324,.F.);
#3049=ORIENTED_EDGE('',*,*,#2329,.F.);
#3050=ORIENTED_EDGE('',*,*,#2330,.T.);
#3051=ORIENTED_EDGE('',*,*,#2331,.T.);
#3052=ORIENTED_EDGE('',*,*,#2327,.F.);
#3053=ORIENTED_EDGE('',*,*,#2332,.F.);
#3054=ORIENTED_EDGE('',*,*,#2333,.T.);
#3055=ORIENTED_EDGE('',*,*,#2334,.T.);
#3056=ORIENTED_EDGE('',*,*,#2330,.F.);
#3057=ORIENTED_EDGE('',*,*,#2335,.F.);
#3058=ORIENTED_EDGE('',*,*,#2336,.T.);
#3059=ORIENTED_EDGE('',*,*,#2337,.T.);
#3060=ORIENTED_EDGE('',*,*,#2333,.F.);
#3061=ORIENTED_EDGE('',*,*,#2338,.F.);
#3062=ORIENTED_EDGE('',*,*,#2339,.T.);
#3063=ORIENTED_EDGE('',*,*,#2340,.T.);
#3064=ORIENTED_EDGE('',*,*,#2336,.F.);
#3065=ORIENTED_EDGE('',*,*,#2341,.F.);
#3066=ORIENTED_EDGE('',*,*,#2322,.T.);
#3067=ORIENTED_EDGE('',*,*,#2342,.T.);
#3068=ORIENTED_EDGE('',*,*,#2339,.F.);
#3069=ORIENTED_EDGE('',*,*,#2342,.F.);
#3070=ORIENTED_EDGE('',*,*,#2321,.F.);
#3071=ORIENTED_EDGE('',*,*,#2325,.F.);
#3072=ORIENTED_EDGE('',*,*,#2328,.F.);
#3073=ORIENTED_EDGE('',*,*,#2331,.F.);
#3074=ORIENTED_EDGE('',*,*,#2334,.F.);
#3075=ORIENTED_EDGE('',*,*,#2337,.F.);
#3076=ORIENTED_EDGE('',*,*,#2340,.F.);
#3077=ORIENTED_EDGE('',*,*,#2343,.F.);
#3078=ORIENTED_EDGE('',*,*,#2344,.F.);
#3079=ORIENTED_EDGE('',*,*,#2345,.T.);
#3080=ORIENTED_EDGE('',*,*,#2343,.T.);
#3081=ORIENTED_EDGE('',*,*,#2345,.F.);
#3082=ORIENTED_EDGE('',*,*,#2346,.F.);
#3083=ORIENTED_EDGE('',*,*,#2347,.T.);
#3084=ORIENTED_EDGE('',*,*,#2348,.T.);
#3085=ORIENTED_EDGE('',*,*,#2347,.F.);
#3086=ORIENTED_EDGE('',*,*,#2348,.F.);
#3087=ORIENTED_EDGE('',*,*,#2349,.F.);
#3088=ORIENTED_EDGE('',*,*,#2350,.F.);
#3089=ORIENTED_EDGE('',*,*,#2351,.T.);
#3090=ORIENTED_EDGE('',*,*,#2352,.T.);
#3091=ORIENTED_EDGE('',*,*,#2353,.F.);
#3092=ORIENTED_EDGE('',*,*,#2354,.F.);
#3093=ORIENTED_EDGE('',*,*,#2355,.T.);
#3094=ORIENTED_EDGE('',*,*,#2356,.T.);
#3095=ORIENTED_EDGE('',*,*,#2351,.F.);
#3096=ORIENTED_EDGE('',*,*,#2357,.F.);
#3097=ORIENTED_EDGE('',*,*,#2358,.T.);
#3098=ORIENTED_EDGE('',*,*,#2359,.T.);
#3099=ORIENTED_EDGE('',*,*,#2355,.F.);
#3100=ORIENTED_EDGE('',*,*,#2360,.F.);
#3101=ORIENTED_EDGE('',*,*,#2361,.T.);
#3102=ORIENTED_EDGE('',*,*,#2362,.T.);
#3103=ORIENTED_EDGE('',*,*,#2358,.F.);
#3104=ORIENTED_EDGE('',*,*,#2363,.F.);
#3105=ORIENTED_EDGE('',*,*,#2364,.T.);
#3106=ORIENTED_EDGE('',*,*,#2365,.T.);
#3107=ORIENTED_EDGE('',*,*,#2361,.F.);
#3108=ORIENTED_EDGE('',*,*,#2366,.F.);
#3109=ORIENTED_EDGE('',*,*,#2367,.T.);
#3110=ORIENTED_EDGE('',*,*,#2368,.T.);
#3111=ORIENTED_EDGE('',*,*,#2364,.F.);
#3112=ORIENTED_EDGE('',*,*,#2369,.F.);
#3113=ORIENTED_EDGE('',*,*,#2370,.T.);
#3114=ORIENTED_EDGE('',*,*,#2371,.T.);
#3115=ORIENTED_EDGE('',*,*,#2367,.F.);
#3116=ORIENTED_EDGE('',*,*,#2372,.F.);
#3117=ORIENTED_EDGE('',*,*,#2353,.T.);
#3118=ORIENTED_EDGE('',*,*,#2373,.T.);
#3119=ORIENTED_EDGE('',*,*,#2370,.F.);
#3120=ORIENTED_EDGE('',*,*,#2373,.F.);
#3121=ORIENTED_EDGE('',*,*,#2352,.F.);
#3122=ORIENTED_EDGE('',*,*,#2356,.F.);
#3123=ORIENTED_EDGE('',*,*,#2359,.F.);
#3124=ORIENTED_EDGE('',*,*,#2362,.F.);
#3125=ORIENTED_EDGE('',*,*,#2365,.F.);
#3126=ORIENTED_EDGE('',*,*,#2368,.F.);
#3127=ORIENTED_EDGE('',*,*,#2371,.F.);
#3128=ORIENTED_EDGE('',*,*,#2374,.F.);
#3129=ORIENTED_EDGE('',*,*,#2375,.F.);
#3130=ORIENTED_EDGE('',*,*,#2376,.T.);
#3131=ORIENTED_EDGE('',*,*,#2374,.T.);
#3132=ORIENTED_EDGE('',*,*,#2376,.F.);
#3133=ORIENTED_EDGE('',*,*,#2377,.F.);
#3134=ORIENTED_EDGE('',*,*,#2378,.T.);
#3135=ORIENTED_EDGE('',*,*,#2379,.T.);
#3136=ORIENTED_EDGE('',*,*,#2378,.F.);
#3137=ORIENTED_EDGE('',*,*,#2379,.F.);
#3138=ORIENTED_EDGE('',*,*,#2380,.F.);
#3139=ORIENTED_EDGE('',*,*,#2349,.T.);
#3140=ORIENTED_EDGE('',*,*,#2381,.T.);
#3141=ORIENTED_EDGE('',*,*,#2382,.F.);
#3142=ORIENTED_EDGE('',*,*,#2381,.F.);
#3143=ORIENTED_EDGE('',*,*,#2383,.F.);
#3144=ORIENTED_EDGE('',*,*,#2384,.T.);
#3145=ORIENTED_EDGE('',*,*,#2385,.T.);
#3146=ORIENTED_EDGE('',*,*,#2384,.F.);
#3147=ORIENTED_EDGE('',*,*,#2385,.F.);
#3148=ORIENTED_EDGE('',*,*,#2386,.F.);
#3149=ORIENTED_EDGE('',*,*,#2387,.F.);
#3150=ORIENTED_EDGE('',*,*,#2388,.T.);
#3151=ORIENTED_EDGE('',*,*,#2389,.T.);
#3152=ORIENTED_EDGE('',*,*,#2388,.F.);
#3153=ORIENTED_EDGE('',*,*,#2389,.F.);
#3154=ORIENTED_EDGE('',*,*,#2390,.F.);
#3155=ORIENTED_EDGE('',*,*,#2390,.T.);
#3156=ORIENTED_EDGE('',*,*,#2391,.T.);
#3157=ORIENTED_EDGE('',*,*,#2392,.F.);
#3158=ORIENTED_EDGE('',*,*,#2391,.F.);
#3159=ORIENTED_EDGE('',*,*,#2386,.T.);
#3160=ORIENTED_EDGE('',*,*,#2393,.T.);
#3161=ORIENTED_EDGE('',*,*,#2394,.F.);
#3162=ORIENTED_EDGE('',*,*,#2393,.F.);
#3163=ORIENTED_EDGE('',*,*,#2380,.T.);
#3164=ORIENTED_EDGE('',*,*,#2395,.T.);
#3165=ORIENTED_EDGE('',*,*,#2396,.F.);
#3166=ORIENTED_EDGE('',*,*,#2395,.F.);
#3167=ORIENTED_EDGE('',*,*,#2397,.F.);
#3168=ORIENTED_EDGE('',*,*,#2398,.T.);
#3169=ORIENTED_EDGE('',*,*,#2399,.F.);
#3170=ORIENTED_EDGE('',*,*,#2398,.F.);
#3171=ORIENTED_EDGE('',*,*,#2400,.F.);
#3172=ORIENTED_EDGE('',*,*,#2401,.T.);
#3173=ORIENTED_EDGE('',*,*,#2402,.T.);
#3174=ORIENTED_EDGE('',*,*,#2403,.T.);
#3175=ORIENTED_EDGE('',*,*,#2404,.T.);
#3176=ORIENTED_EDGE('',*,*,#2405,.T.);
#3177=ORIENTED_EDGE('',*,*,#2406,.T.);
#3178=ORIENTED_EDGE('',*,*,#2407,.T.);
#3179=ORIENTED_EDGE('',*,*,#2408,.F.);
#3180=ORIENTED_EDGE('',*,*,#2409,.T.);
#3181=ORIENTED_EDGE('',*,*,#2405,.F.);
#3182=ORIENTED_EDGE('',*,*,#2410,.F.);
#3183=ORIENTED_EDGE('',*,*,#2411,.T.);
#3184=ORIENTED_EDGE('',*,*,#2412,.T.);
#3185=ORIENTED_EDGE('',*,*,#2413,.F.);
#3186=ORIENTED_EDGE('',*,*,#2414,.F.);
#3187=ORIENTED_EDGE('',*,*,#2415,.T.);
#3188=ORIENTED_EDGE('',*,*,#2416,.F.);
#3189=ORIENTED_EDGE('',*,*,#2417,.F.);
#3190=ORIENTED_EDGE('',*,*,#2418,.F.);
#3191=ORIENTED_EDGE('',*,*,#2419,.T.);
#3192=ORIENTED_EDGE('',*,*,#2420,.T.);
#3193=ORIENTED_EDGE('',*,*,#2400,.T.);
#3194=ORIENTED_EDGE('',*,*,#2421,.F.);
#3195=ORIENTED_EDGE('',*,*,#2422,.T.);
#3196=ORIENTED_EDGE('',*,*,#2423,.F.);
#3197=ORIENTED_EDGE('',*,*,#2412,.F.);
#3198=ORIENTED_EDGE('',*,*,#2411,.F.);
#3199=ORIENTED_EDGE('',*,*,#2407,.F.);
#3200=ORIENTED_EDGE('',*,*,#2399,.T.);
#3201=ORIENTED_EDGE('',*,*,#2424,.F.);
#3202=ORIENTED_EDGE('',*,*,#2401,.F.);
#3203=ORIENTED_EDGE('',*,*,#2420,.F.);
#3204=ORIENTED_EDGE('',*,*,#2419,.F.);
#3205=ORIENTED_EDGE('',*,*,#2425,.F.);
#3206=ORIENTED_EDGE('',*,*,#2426,.F.);
#3207=ORIENTED_EDGE('',*,*,#2397,.T.);
#3208=ORIENTED_EDGE('',*,*,#2427,.F.);
#3209=ORIENTED_EDGE('',*,*,#2426,.T.);
#3210=ORIENTED_EDGE('',*,*,#2428,.F.);
#3211=ORIENTED_EDGE('',*,*,#2422,.F.);
#3212=ORIENTED_EDGE('',*,*,#2424,.T.);
#3213=ORIENTED_EDGE('',*,*,#2427,.T.);
#3214=ORIENTED_EDGE('',*,*,#2421,.T.);
#3215=ORIENTED_EDGE('',*,*,#2406,.F.);
#3216=ORIENTED_EDGE('',*,*,#2409,.F.);
#3217=ORIENTED_EDGE('',*,*,#2429,.T.);
#3218=ORIENTED_EDGE('',*,*,#2430,.T.);
#3219=ORIENTED_EDGE('',*,*,#2431,.F.);
#3220=ORIENTED_EDGE('',*,*,#2432,.F.);
#3221=ORIENTED_EDGE('',*,*,#2433,.T.);
#3222=ORIENTED_EDGE('',*,*,#2402,.F.);
#3223=ORIENTED_EDGE('',*,*,#2434,.F.);
#3224=ORIENTED_EDGE('',*,*,#2435,.T.);
#3225=ORIENTED_EDGE('',*,*,#2436,.T.);
#3226=ORIENTED_EDGE('',*,*,#2437,.F.);
#3227=ORIENTED_EDGE('',*,*,#2438,.T.);
#3228=ORIENTED_EDGE('',*,*,#2439,.T.);
#3229=ORIENTED_EDGE('',*,*,#2432,.T.);
#3230=ORIENTED_EDGE('',*,*,#2431,.T.);
#3231=ORIENTED_EDGE('',*,*,#2440,.T.);
#3232=ORIENTED_EDGE('',*,*,#2441,.T.);
#3233=ORIENTED_EDGE('',*,*,#2440,.F.);
#3234=ORIENTED_EDGE('',*,*,#2430,.F.);
#3235=ORIENTED_EDGE('',*,*,#2442,.F.);
#3236=ORIENTED_EDGE('',*,*,#2443,.F.);
#3237=ORIENTED_EDGE('',*,*,#2444,.T.);
#3238=ORIENTED_EDGE('',*,*,#2403,.F.);
#3239=ORIENTED_EDGE('',*,*,#2433,.F.);
#3240=ORIENTED_EDGE('',*,*,#2439,.F.);
#3241=ORIENTED_EDGE('',*,*,#2408,.T.);
#3242=ORIENTED_EDGE('',*,*,#2445,.F.);
#3243=ORIENTED_EDGE('',*,*,#2442,.T.);
#3244=ORIENTED_EDGE('',*,*,#2429,.F.);
#3245=ORIENTED_EDGE('',*,*,#2441,.F.);
#3246=ORIENTED_EDGE('',*,*,#2443,.T.);
#3247=ORIENTED_EDGE('',*,*,#2445,.T.);
#3248=ORIENTED_EDGE('',*,*,#2410,.T.);
#3249=ORIENTED_EDGE('',*,*,#2404,.F.);
#3250=ORIENTED_EDGE('',*,*,#2444,.F.);
#3251=ORIENTED_EDGE('',*,*,#2438,.F.);
#3252=ORIENTED_EDGE('',*,*,#2446,.T.);
#3253=ORIENTED_EDGE('',*,*,#2447,.T.);
#3254=ORIENTED_EDGE('',*,*,#2448,.T.);
#3255=ORIENTED_EDGE('',*,*,#2449,.F.);
#3256=ORIENTED_EDGE('',*,*,#2450,.T.);
#3257=ORIENTED_EDGE('',*,*,#2451,.T.);
#3258=ORIENTED_EDGE('',*,*,#2452,.T.);
#3259=ORIENTED_EDGE('',*,*,#2447,.F.);
#3260=ORIENTED_EDGE('',*,*,#2453,.T.);
#3261=ORIENTED_EDGE('',*,*,#2454,.T.);
#3262=ORIENTED_EDGE('',*,*,#2455,.T.);
#3263=ORIENTED_EDGE('',*,*,#2451,.F.);
#3264=ORIENTED_EDGE('',*,*,#2456,.T.);
#3265=ORIENTED_EDGE('',*,*,#2457,.T.);
#3266=ORIENTED_EDGE('',*,*,#2458,.T.);
#3267=ORIENTED_EDGE('',*,*,#2459,.T.);
#3268=ORIENTED_EDGE('',*,*,#2460,.T.);
#3269=ORIENTED_EDGE('',*,*,#2461,.T.);
#3270=ORIENTED_EDGE('',*,*,#2462,.T.);
#3271=ORIENTED_EDGE('',*,*,#2454,.F.);
#3272=ORIENTED_EDGE('',*,*,#2463,.T.);
#3273=ORIENTED_EDGE('',*,*,#2464,.T.);
#3274=ORIENTED_EDGE('',*,*,#2465,.T.);
#3275=ORIENTED_EDGE('',*,*,#2457,.F.);
#3276=ORIENTED_EDGE('',*,*,#2466,.T.);
#3277=ORIENTED_EDGE('',*,*,#2464,.F.);
#3278=ORIENTED_EDGE('',*,*,#2467,.T.);
#3279=ORIENTED_EDGE('',*,*,#2461,.F.);
#3280=ORIENTED_EDGE('',*,*,#2468,.T.);
#3281=ORIENTED_EDGE('',*,*,#2459,.F.);
#3282=ORIENTED_EDGE('',*,*,#2469,.T.);
#3283=ORIENTED_EDGE('',*,*,#2449,.T.);
#3284=ORIENTED_EDGE('',*,*,#2462,.F.);
#3285=ORIENTED_EDGE('',*,*,#2470,.T.);
#3286=ORIENTED_EDGE('',*,*,#2471,.T.);
#3287=ORIENTED_EDGE('',*,*,#2472,.T.);
#3288=ORIENTED_EDGE('',*,*,#2473,.T.);
#3289=ORIENTED_EDGE('',*,*,#2474,.F.);
#3290=ORIENTED_EDGE('',*,*,#2467,.F.);
#3291=ORIENTED_EDGE('',*,*,#2475,.T.);
#3292=ORIENTED_EDGE('',*,*,#2476,.F.);
#3293=ORIENTED_EDGE('',*,*,#2470,.F.);
#3294=ORIENTED_EDGE('',*,*,#2463,.F.);
#3295=ORIENTED_EDGE('',*,*,#2477,.T.);
#3296=ORIENTED_EDGE('',*,*,#2478,.F.);
#3297=ORIENTED_EDGE('',*,*,#2475,.F.);
#3298=ORIENTED_EDGE('',*,*,#2456,.F.);
#3299=ORIENTED_EDGE('',*,*,#2479,.T.);
#3300=ORIENTED_EDGE('',*,*,#2480,.F.);
#3301=ORIENTED_EDGE('',*,*,#2477,.F.);
#3302=ORIENTED_EDGE('',*,*,#2481,.F.);
#3303=ORIENTED_EDGE('',*,*,#2482,.F.);
#3304=ORIENTED_EDGE('',*,*,#2483,.F.);
#3305=ORIENTED_EDGE('',*,*,#2484,.F.);
#3306=ORIENTED_EDGE('',*,*,#2485,.F.);
#3307=ORIENTED_EDGE('',*,*,#2486,.F.);
#3308=ORIENTED_EDGE('',*,*,#2487,.F.);
#3309=ORIENTED_EDGE('',*,*,#2488,.F.);
#3310=ORIENTED_EDGE('',*,*,#2458,.F.);
#3311=ORIENTED_EDGE('',*,*,#2465,.F.);
#3312=ORIENTED_EDGE('',*,*,#2466,.F.);
#3313=ORIENTED_EDGE('',*,*,#2460,.F.);
#3314=ORIENTED_EDGE('',*,*,#2453,.F.);
#3315=ORIENTED_EDGE('',*,*,#2450,.F.);
#3316=ORIENTED_EDGE('',*,*,#2446,.F.);
#3317=ORIENTED_EDGE('',*,*,#2469,.F.);
#3318=ORIENTED_EDGE('',*,*,#2489,.T.);
#3319=ORIENTED_EDGE('',*,*,#2490,.T.);
#3320=ORIENTED_EDGE('',*,*,#2491,.T.);
#3321=ORIENTED_EDGE('',*,*,#2492,.T.);
#3322=ORIENTED_EDGE('',*,*,#2493,.T.);
#3323=ORIENTED_EDGE('',*,*,#2494,.T.);
#3324=ORIENTED_EDGE('',*,*,#2495,.T.);
#3325=ORIENTED_EDGE('',*,*,#2490,.F.);
#3326=ORIENTED_EDGE('',*,*,#2496,.T.);
#3327=ORIENTED_EDGE('',*,*,#2497,.T.);
#3328=ORIENTED_EDGE('',*,*,#2498,.T.);
#3329=ORIENTED_EDGE('',*,*,#2494,.F.);
#3330=ORIENTED_EDGE('',*,*,#2499,.T.);
#3331=ORIENTED_EDGE('',*,*,#2500,.T.);
#3332=ORIENTED_EDGE('',*,*,#2501,.T.);
#3333=ORIENTED_EDGE('',*,*,#2497,.F.);
#3334=ORIENTED_EDGE('',*,*,#2502,.T.);
#3335=ORIENTED_EDGE('',*,*,#2500,.F.);
#3336=ORIENTED_EDGE('',*,*,#2503,.T.);
#3337=ORIENTED_EDGE('',*,*,#2504,.T.);
#3338=ORIENTED_EDGE('',*,*,#2505,.T.);
#3339=ORIENTED_EDGE('',*,*,#2506,.T.);
#3340=ORIENTED_EDGE('',*,*,#2507,.T.);
#3341=ORIENTED_EDGE('',*,*,#2508,.T.);
#3342=ORIENTED_EDGE('',*,*,#2509,.T.);
#3343=ORIENTED_EDGE('',*,*,#2506,.F.);
#3344=ORIENTED_EDGE('',*,*,#2510,.T.);
#3345=ORIENTED_EDGE('',*,*,#2504,.F.);
#3346=ORIENTED_EDGE('',*,*,#2511,.T.);
#3347=ORIENTED_EDGE('',*,*,#2508,.F.);
#3348=ORIENTED_EDGE('',*,*,#2512,.T.);
#3349=ORIENTED_EDGE('',*,*,#2492,.F.);
#3350=ORIENTED_EDGE('',*,*,#2501,.F.);
#3351=ORIENTED_EDGE('',*,*,#2513,.T.);
#3352=ORIENTED_EDGE('',*,*,#2514,.F.);
#3353=ORIENTED_EDGE('',*,*,#2515,.F.);
#3354=ORIENTED_EDGE('',*,*,#2502,.F.);
#3355=ORIENTED_EDGE('',*,*,#2516,.T.);
#3356=ORIENTED_EDGE('',*,*,#2517,.F.);
#3357=ORIENTED_EDGE('',*,*,#2513,.F.);
#3358=ORIENTED_EDGE('',*,*,#2510,.F.);
#3359=ORIENTED_EDGE('',*,*,#2518,.T.);
#3360=ORIENTED_EDGE('',*,*,#2519,.F.);
#3361=ORIENTED_EDGE('',*,*,#2516,.F.);
#3362=ORIENTED_EDGE('',*,*,#2505,.F.);
#3363=ORIENTED_EDGE('',*,*,#2520,.T.);
#3364=ORIENTED_EDGE('',*,*,#2521,.F.);
#3365=ORIENTED_EDGE('',*,*,#2518,.F.);
#3366=ORIENTED_EDGE('',*,*,#2507,.F.);
#3367=ORIENTED_EDGE('',*,*,#2509,.F.);
#3368=ORIENTED_EDGE('',*,*,#2503,.F.);
#3369=ORIENTED_EDGE('',*,*,#2499,.F.);
#3370=ORIENTED_EDGE('',*,*,#2496,.F.);
#3371=ORIENTED_EDGE('',*,*,#2493,.F.);
#3372=ORIENTED_EDGE('',*,*,#2489,.F.);
#3373=ORIENTED_EDGE('',*,*,#2512,.F.);
#3374=ORIENTED_EDGE('',*,*,#2522,.T.);
#3375=ORIENTED_EDGE('',*,*,#2523,.T.);
#3376=ORIENTED_EDGE('',*,*,#2524,.T.);
#3377=ORIENTED_EDGE('',*,*,#2525,.T.);
#3378=ORIENTED_EDGE('',*,*,#2526,.T.);
#3379=ORIENTED_EDGE('',*,*,#2527,.T.);
#3380=ORIENTED_EDGE('',*,*,#2528,.T.);
#3381=ORIENTED_EDGE('',*,*,#2529,.T.);
#3382=ORIENTED_EDGE('',*,*,#2530,.T.);
#3383=ORIENTED_EDGE('',*,*,#2473,.F.);
#3384=ORIENTED_EDGE('',*,*,#2531,.T.);
#3385=ORIENTED_EDGE('',*,*,#2532,.T.);
#3386=ORIENTED_EDGE('',*,*,#2533,.T.);
#3387=ORIENTED_EDGE('',*,*,#2534,.T.);
#3388=ORIENTED_EDGE('',*,*,#2535,.T.);
#3389=ORIENTED_EDGE('',*,*,#2532,.F.);
#3390=ORIENTED_EDGE('',*,*,#2536,.T.);
#3391=ORIENTED_EDGE('',*,*,#2537,.T.);
#3392=ORIENTED_EDGE('',*,*,#2538,.T.);
#3393=ORIENTED_EDGE('',*,*,#2534,.F.);
#3394=ORIENTED_EDGE('',*,*,#2539,.T.);
#3395=ORIENTED_EDGE('',*,*,#2540,.T.);
#3396=ORIENTED_EDGE('',*,*,#2541,.T.);
#3397=ORIENTED_EDGE('',*,*,#2537,.F.);
#3398=ORIENTED_EDGE('',*,*,#2542,.T.);
#3399=ORIENTED_EDGE('',*,*,#2543,.T.);
#3400=ORIENTED_EDGE('',*,*,#2471,.F.);
#3401=ORIENTED_EDGE('',*,*,#2476,.T.);
#3402=ORIENTED_EDGE('',*,*,#2544,.T.);
#3403=ORIENTED_EDGE('',*,*,#2545,.T.);
#3404=ORIENTED_EDGE('',*,*,#2480,.T.);
#3405=ORIENTED_EDGE('',*,*,#2540,.F.);
#3406=ORIENTED_EDGE('',*,*,#2542,.F.);
#3407=ORIENTED_EDGE('',*,*,#2478,.T.);
#3408=ORIENTED_EDGE('',*,*,#2545,.F.);
#3409=ORIENTED_EDGE('',*,*,#2546,.T.);
#3410=ORIENTED_EDGE('',*,*,#2452,.F.);
#3411=ORIENTED_EDGE('',*,*,#2547,.T.);
#3412=ORIENTED_EDGE('',*,*,#2535,.F.);
#3413=ORIENTED_EDGE('',*,*,#2548,.F.);
#3414=ORIENTED_EDGE('',*,*,#2448,.F.);
#3415=ORIENTED_EDGE('',*,*,#2548,.T.);
#3416=ORIENTED_EDGE('',*,*,#2538,.F.);
#3417=ORIENTED_EDGE('',*,*,#2549,.F.);
#3418=ORIENTED_EDGE('',*,*,#2468,.F.);
#3419=ORIENTED_EDGE('',*,*,#2549,.T.);
#3420=ORIENTED_EDGE('',*,*,#2541,.F.);
#3421=ORIENTED_EDGE('',*,*,#2479,.F.);
#3422=ORIENTED_EDGE('',*,*,#2550,.T.);
#3423=ORIENTED_EDGE('',*,*,#2551,.T.);
#3424=ORIENTED_EDGE('',*,*,#2552,.T.);
#3425=ORIENTED_EDGE('',*,*,#2553,.F.);
#3426=ORIENTED_EDGE('',*,*,#2554,.T.);
#3427=ORIENTED_EDGE('',*,*,#2555,.T.);
#3428=ORIENTED_EDGE('',*,*,#2556,.T.);
#3429=ORIENTED_EDGE('',*,*,#2551,.F.);
#3430=ORIENTED_EDGE('',*,*,#2557,.T.);
#3431=ORIENTED_EDGE('',*,*,#2558,.T.);
#3432=ORIENTED_EDGE('',*,*,#2559,.T.);
#3433=ORIENTED_EDGE('',*,*,#2555,.F.);
#3434=ORIENTED_EDGE('',*,*,#2560,.T.);
#3435=ORIENTED_EDGE('',*,*,#2561,.T.);
#3436=ORIENTED_EDGE('',*,*,#2521,.T.);
#3437=ORIENTED_EDGE('',*,*,#2558,.F.);
#3438=ORIENTED_EDGE('',*,*,#2519,.T.);
#3439=ORIENTED_EDGE('',*,*,#2561,.F.);
#3440=ORIENTED_EDGE('',*,*,#2562,.T.);
#3441=ORIENTED_EDGE('',*,*,#2563,.T.);
#3442=ORIENTED_EDGE('',*,*,#2517,.T.);
#3443=ORIENTED_EDGE('',*,*,#2563,.F.);
#3444=ORIENTED_EDGE('',*,*,#2564,.T.);
#3445=ORIENTED_EDGE('',*,*,#2565,.T.);
#3446=ORIENTED_EDGE('',*,*,#2514,.T.);
#3447=ORIENTED_EDGE('',*,*,#2565,.F.);
#3448=ORIENTED_EDGE('',*,*,#2566,.T.);
#3449=ORIENTED_EDGE('',*,*,#2567,.T.);
#3450=ORIENTED_EDGE('',*,*,#2568,.T.);
#3451=ORIENTED_EDGE('',*,*,#2567,.F.);
#3452=ORIENTED_EDGE('',*,*,#2569,.T.);
#3453=ORIENTED_EDGE('',*,*,#2553,.T.);
#3454=ORIENTED_EDGE('',*,*,#2498,.F.);
#3455=ORIENTED_EDGE('',*,*,#2515,.T.);
#3456=ORIENTED_EDGE('',*,*,#2568,.F.);
#3457=ORIENTED_EDGE('',*,*,#2570,.F.);
#3458=ORIENTED_EDGE('',*,*,#2495,.F.);
#3459=ORIENTED_EDGE('',*,*,#2570,.T.);
#3460=ORIENTED_EDGE('',*,*,#2552,.F.);
#3461=ORIENTED_EDGE('',*,*,#2571,.F.);
#3462=ORIENTED_EDGE('',*,*,#2531,.F.);
#3463=ORIENTED_EDGE('',*,*,#2472,.F.);
#3464=ORIENTED_EDGE('',*,*,#2543,.F.);
#3465=ORIENTED_EDGE('',*,*,#2546,.F.);
#3466=ORIENTED_EDGE('',*,*,#2544,.F.);
#3467=ORIENTED_EDGE('',*,*,#2539,.F.);
#3468=ORIENTED_EDGE('',*,*,#2536,.F.);
#3469=ORIENTED_EDGE('',*,*,#2533,.F.);
#3470=ORIENTED_EDGE('',*,*,#2550,.F.);
#3471=ORIENTED_EDGE('',*,*,#2569,.F.);
#3472=ORIENTED_EDGE('',*,*,#2566,.F.);
#3473=ORIENTED_EDGE('',*,*,#2564,.F.);
#3474=ORIENTED_EDGE('',*,*,#2562,.F.);
#3475=ORIENTED_EDGE('',*,*,#2560,.F.);
#3476=ORIENTED_EDGE('',*,*,#2557,.F.);
#3477=ORIENTED_EDGE('',*,*,#2554,.F.);
#3478=ORIENTED_EDGE('',*,*,#2523,.F.);
#3479=ORIENTED_EDGE('',*,*,#2572,.T.);
#3480=ORIENTED_EDGE('',*,*,#2573,.F.);
#3481=ORIENTED_EDGE('',*,*,#2574,.F.);
#3482=ORIENTED_EDGE('',*,*,#2524,.F.);
#3483=ORIENTED_EDGE('',*,*,#2574,.T.);
#3484=ORIENTED_EDGE('',*,*,#2575,.F.);
#3485=ORIENTED_EDGE('',*,*,#2576,.F.);
#3486=ORIENTED_EDGE('',*,*,#2525,.F.);
#3487=ORIENTED_EDGE('',*,*,#2576,.T.);
#3488=ORIENTED_EDGE('',*,*,#2577,.F.);
#3489=ORIENTED_EDGE('',*,*,#2578,.F.);
#3490=ORIENTED_EDGE('',*,*,#2526,.F.);
#3491=ORIENTED_EDGE('',*,*,#2578,.T.);
#3492=ORIENTED_EDGE('',*,*,#2579,.F.);
#3493=ORIENTED_EDGE('',*,*,#2580,.F.);
#3494=ORIENTED_EDGE('',*,*,#2527,.F.);
#3495=ORIENTED_EDGE('',*,*,#2580,.T.);
#3496=ORIENTED_EDGE('',*,*,#2581,.F.);
#3497=ORIENTED_EDGE('',*,*,#2582,.F.);
#3498=ORIENTED_EDGE('',*,*,#2528,.F.);
#3499=ORIENTED_EDGE('',*,*,#2582,.T.);
#3500=ORIENTED_EDGE('',*,*,#2583,.F.);
#3501=ORIENTED_EDGE('',*,*,#2584,.F.);
#3502=ORIENTED_EDGE('',*,*,#2529,.F.);
#3503=ORIENTED_EDGE('',*,*,#2584,.T.);
#3504=ORIENTED_EDGE('',*,*,#2585,.F.);
#3505=ORIENTED_EDGE('',*,*,#2586,.F.);
#3506=ORIENTED_EDGE('',*,*,#2522,.F.);
#3507=ORIENTED_EDGE('',*,*,#2586,.T.);
#3508=ORIENTED_EDGE('',*,*,#2587,.F.);
#3509=ORIENTED_EDGE('',*,*,#2572,.F.);
#3510=ORIENTED_EDGE('',*,*,#2491,.F.);
#3511=ORIENTED_EDGE('',*,*,#2571,.T.);
#3512=ORIENTED_EDGE('',*,*,#2556,.F.);
#3513=ORIENTED_EDGE('',*,*,#2588,.F.);
#3514=ORIENTED_EDGE('',*,*,#2511,.F.);
#3515=ORIENTED_EDGE('',*,*,#2588,.T.);
#3516=ORIENTED_EDGE('',*,*,#2559,.F.);
#3517=ORIENTED_EDGE('',*,*,#2520,.F.);
#3518=ORIENTED_EDGE('',*,*,#2455,.F.);
#3519=ORIENTED_EDGE('',*,*,#2474,.T.);
#3520=ORIENTED_EDGE('',*,*,#2530,.F.);
#3521=ORIENTED_EDGE('',*,*,#2547,.F.);
#3522=ORIENTED_EDGE('',*,*,#2589,.F.);
#3523=ORIENTED_EDGE('',*,*,#2590,.T.);
#3524=ORIENTED_EDGE('',*,*,#2591,.T.);
#3525=ORIENTED_EDGE('',*,*,#2592,.T.);
#3526=ORIENTED_EDGE('',*,*,#2593,.F.);
#3527=ORIENTED_EDGE('',*,*,#2594,.T.);
#3528=ORIENTED_EDGE('',*,*,#2595,.F.);
#3529=ORIENTED_EDGE('',*,*,#2596,.T.);
#3530=ORIENTED_EDGE('',*,*,#2597,.T.);
#3531=ORIENTED_EDGE('',*,*,#2598,.T.);
#3532=ORIENTED_EDGE('',*,*,#2597,.F.);
#3533=ORIENTED_EDGE('',*,*,#2599,.T.);
#3534=ORIENTED_EDGE('',*,*,#2600,.T.);
#3535=ORIENTED_EDGE('',*,*,#2601,.T.);
#3536=ORIENTED_EDGE('',*,*,#2602,.F.);
#3537=ORIENTED_EDGE('',*,*,#2603,.T.);
#3538=ORIENTED_EDGE('',*,*,#2595,.T.);
#3539=ORIENTED_EDGE('',*,*,#2604,.T.);
#3540=ORIENTED_EDGE('',*,*,#2600,.F.);
#3541=ORIENTED_EDGE('',*,*,#2605,.T.);
#3542=ORIENTED_EDGE('',*,*,#2606,.T.);
#3543=ORIENTED_EDGE('',*,*,#2607,.T.);
#3544=ORIENTED_EDGE('',*,*,#2591,.F.);
#3545=ORIENTED_EDGE('',*,*,#2608,.T.);
#3546=ORIENTED_EDGE('',*,*,#2602,.T.);
#3547=ORIENTED_EDGE('',*,*,#2589,.T.);
#3548=ORIENTED_EDGE('',*,*,#2609,.F.);
#3549=ORIENTED_EDGE('',*,*,#2610,.T.);
#3550=ORIENTED_EDGE('',*,*,#2606,.F.);
#3551=ORIENTED_EDGE('',*,*,#2611,.T.);
#3552=ORIENTED_EDGE('',*,*,#2592,.F.);
#3553=ORIENTED_EDGE('',*,*,#2612,.T.);
#3554=ORIENTED_EDGE('',*,*,#2613,.F.);
#3555=ORIENTED_EDGE('',*,*,#2614,.F.);
#3556=ORIENTED_EDGE('',*,*,#2615,.F.);
#3557=ORIENTED_EDGE('',*,*,#2607,.F.);
#3558=ORIENTED_EDGE('',*,*,#2616,.T.);
#3559=ORIENTED_EDGE('',*,*,#2617,.F.);
#3560=ORIENTED_EDGE('',*,*,#2612,.F.);
#3561=ORIENTED_EDGE('',*,*,#2601,.F.);
#3562=ORIENTED_EDGE('',*,*,#2618,.T.);
#3563=ORIENTED_EDGE('',*,*,#2619,.F.);
#3564=ORIENTED_EDGE('',*,*,#2616,.F.);
#3565=ORIENTED_EDGE('',*,*,#2594,.F.);
#3566=ORIENTED_EDGE('',*,*,#2620,.T.);
#3567=ORIENTED_EDGE('',*,*,#2621,.F.);
#3568=ORIENTED_EDGE('',*,*,#2618,.F.);
#3569=ORIENTED_EDGE('',*,*,#2596,.F.);
#3570=ORIENTED_EDGE('',*,*,#2603,.F.);
#3571=ORIENTED_EDGE('',*,*,#2608,.F.);
#3572=ORIENTED_EDGE('',*,*,#2590,.F.);
#3573=ORIENTED_EDGE('',*,*,#2611,.F.);
#3574=ORIENTED_EDGE('',*,*,#2605,.F.);
#3575=ORIENTED_EDGE('',*,*,#2599,.F.);
#3576=ORIENTED_EDGE('',*,*,#2587,.T.);
#3577=ORIENTED_EDGE('',*,*,#2585,.T.);
#3578=ORIENTED_EDGE('',*,*,#2583,.T.);
#3579=ORIENTED_EDGE('',*,*,#2581,.T.);
#3580=ORIENTED_EDGE('',*,*,#2579,.T.);
#3581=ORIENTED_EDGE('',*,*,#2577,.T.);
#3582=ORIENTED_EDGE('',*,*,#2575,.T.);
#3583=ORIENTED_EDGE('',*,*,#2573,.T.);
#3584=ORIENTED_EDGE('',*,*,#2488,.T.);
#3585=ORIENTED_EDGE('',*,*,#2622,.F.);
#3586=ORIENTED_EDGE('',*,*,#2623,.F.);
#3587=ORIENTED_EDGE('',*,*,#2624,.T.);
#3588=ORIENTED_EDGE('',*,*,#2350,.T.);
#3589=ORIENTED_EDGE('',*,*,#2372,.T.);
#3590=ORIENTED_EDGE('',*,*,#2369,.T.);
#3591=ORIENTED_EDGE('',*,*,#2366,.T.);
#3592=ORIENTED_EDGE('',*,*,#2363,.T.);
#3593=ORIENTED_EDGE('',*,*,#2360,.T.);
#3594=ORIENTED_EDGE('',*,*,#2357,.T.);
#3595=ORIENTED_EDGE('',*,*,#2354,.T.);
#3596=ORIENTED_EDGE('',*,*,#2481,.T.);
#3597=ORIENTED_EDGE('',*,*,#2624,.F.);
#3598=ORIENTED_EDGE('',*,*,#2625,.F.);
#3599=ORIENTED_EDGE('',*,*,#2626,.T.);
#3600=ORIENTED_EDGE('',*,*,#2593,.T.);
#3601=ORIENTED_EDGE('',*,*,#2615,.T.);
#3602=ORIENTED_EDGE('',*,*,#2627,.F.);
#3603=ORIENTED_EDGE('',*,*,#2628,.F.);
#3604=ORIENTED_EDGE('',*,*,#2609,.T.);
#3605=ORIENTED_EDGE('',*,*,#2487,.T.);
#3606=ORIENTED_EDGE('',*,*,#2629,.F.);
#3607=ORIENTED_EDGE('',*,*,#2630,.F.);
#3608=ORIENTED_EDGE('',*,*,#2622,.T.);
#3609=ORIENTED_EDGE('',*,*,#2486,.T.);
#3610=ORIENTED_EDGE('',*,*,#2631,.F.);
#3611=ORIENTED_EDGE('',*,*,#2632,.F.);
#3612=ORIENTED_EDGE('',*,*,#2629,.T.);
#3613=ORIENTED_EDGE('',*,*,#2319,.T.);
#3614=ORIENTED_EDGE('',*,*,#2341,.T.);
#3615=ORIENTED_EDGE('',*,*,#2338,.T.);
#3616=ORIENTED_EDGE('',*,*,#2335,.T.);
#3617=ORIENTED_EDGE('',*,*,#2332,.T.);
#3618=ORIENTED_EDGE('',*,*,#2329,.T.);
#3619=ORIENTED_EDGE('',*,*,#2326,.T.);
#3620=ORIENTED_EDGE('',*,*,#2323,.T.);
#3621=ORIENTED_EDGE('',*,*,#2485,.T.);
#3622=ORIENTED_EDGE('',*,*,#2633,.F.);
#3623=ORIENTED_EDGE('',*,*,#2634,.F.);
#3624=ORIENTED_EDGE('',*,*,#2631,.T.);
#3625=ORIENTED_EDGE('',*,*,#2635,.F.);
#3626=ORIENTED_EDGE('',*,*,#2636,.F.);
#3627=ORIENTED_EDGE('',*,*,#2637,.F.);
#3628=ORIENTED_EDGE('',*,*,#2638,.F.);
#3629=ORIENTED_EDGE('',*,*,#2639,.F.);
#3630=ORIENTED_EDGE('',*,*,#2640,.F.);
#3631=ORIENTED_EDGE('',*,*,#2641,.F.);
#3632=ORIENTED_EDGE('',*,*,#2642,.F.);
#3633=ORIENTED_EDGE('',*,*,#2643,.F.);
#3634=ORIENTED_EDGE('',*,*,#2644,.F.);
#3635=ORIENTED_EDGE('',*,*,#2645,.F.);
#3636=ORIENTED_EDGE('',*,*,#2646,.F.);
#3637=ORIENTED_EDGE('',*,*,#2647,.F.);
#3638=ORIENTED_EDGE('',*,*,#2648,.F.);
#3639=ORIENTED_EDGE('',*,*,#2649,.F.);
#3640=ORIENTED_EDGE('',*,*,#2650,.F.);
#3641=ORIENTED_EDGE('',*,*,#2651,.F.);
#3642=ORIENTED_EDGE('',*,*,#2652,.F.);
#3643=ORIENTED_EDGE('',*,*,#2653,.F.);
#3644=ORIENTED_EDGE('',*,*,#2654,.F.);
#3645=ORIENTED_EDGE('',*,*,#2655,.F.);
#3646=ORIENTED_EDGE('',*,*,#2656,.F.);
#3647=ORIENTED_EDGE('',*,*,#2657,.F.);
#3648=ORIENTED_EDGE('',*,*,#2658,.F.);
#3649=ORIENTED_EDGE('',*,*,#2659,.F.);
#3650=ORIENTED_EDGE('',*,*,#2660,.F.);
#3651=ORIENTED_EDGE('',*,*,#2661,.F.);
#3652=ORIENTED_EDGE('',*,*,#2662,.F.);
#3653=ORIENTED_EDGE('',*,*,#2663,.F.);
#3654=ORIENTED_EDGE('',*,*,#2664,.F.);
#3655=ORIENTED_EDGE('',*,*,#2665,.F.);
#3656=ORIENTED_EDGE('',*,*,#2666,.F.);
#3657=ORIENTED_EDGE('',*,*,#2636,.T.);
#3658=ORIENTED_EDGE('',*,*,#2667,.F.);
#3659=ORIENTED_EDGE('',*,*,#2668,.T.);
#3660=ORIENTED_EDGE('',*,*,#2669,.F.);
#3661=ORIENTED_EDGE('',*,*,#2642,.T.);
#3662=ORIENTED_EDGE('',*,*,#2670,.F.);
#3663=ORIENTED_EDGE('',*,*,#2671,.F.);
#3664=ORIENTED_EDGE('',*,*,#2672,.F.);
#3665=ORIENTED_EDGE('',*,*,#2317,.T.);
#3666=ORIENTED_EDGE('',*,*,#2638,.T.);
#3667=ORIENTED_EDGE('',*,*,#2673,.T.);
#3668=ORIENTED_EDGE('',*,*,#2674,.T.);
#3669=ORIENTED_EDGE('',*,*,#2675,.F.);
#3670=ORIENTED_EDGE('',*,*,#2640,.T.);
#3671=ORIENTED_EDGE('',*,*,#2676,.F.);
#3672=ORIENTED_EDGE('',*,*,#2677,.F.);
#3673=ORIENTED_EDGE('',*,*,#2678,.T.);
#3674=ORIENTED_EDGE('',*,*,#2392,.T.);
#3675=ORIENTED_EDGE('',*,*,#2648,.T.);
#3676=ORIENTED_EDGE('',*,*,#2679,.F.);
#3677=ORIENTED_EDGE('',*,*,#2680,.T.);
#3678=ORIENTED_EDGE('',*,*,#2681,.F.);
#3679=ORIENTED_EDGE('',*,*,#2646,.T.);
#3680=ORIENTED_EDGE('',*,*,#2682,.F.);
#3681=ORIENTED_EDGE('',*,*,#2683,.F.);
#3682=ORIENTED_EDGE('',*,*,#2684,.F.);
#3683=ORIENTED_EDGE('',*,*,#2290,.T.);
#3684=ORIENTED_EDGE('',*,*,#2650,.T.);
#3685=ORIENTED_EDGE('',*,*,#2685,.T.);
#3686=ORIENTED_EDGE('',*,*,#2686,.T.);
#3687=ORIENTED_EDGE('',*,*,#2687,.F.);
#3688=ORIENTED_EDGE('',*,*,#2644,.T.);
#3689=ORIENTED_EDGE('',*,*,#2688,.F.);
#3690=ORIENTED_EDGE('',*,*,#2689,.F.);
#3691=ORIENTED_EDGE('',*,*,#2690,.T.);
#3692=ORIENTED_EDGE('',*,*,#2394,.T.);
#3693=ORIENTED_EDGE('',*,*,#2652,.T.);
#3694=ORIENTED_EDGE('',*,*,#2691,.F.);
#3695=ORIENTED_EDGE('',*,*,#2692,.T.);
#3696=ORIENTED_EDGE('',*,*,#2693,.F.);
#3697=ORIENTED_EDGE('',*,*,#2658,.T.);
#3698=ORIENTED_EDGE('',*,*,#2694,.F.);
#3699=ORIENTED_EDGE('',*,*,#2695,.F.);
#3700=ORIENTED_EDGE('',*,*,#2696,.F.);
#3701=ORIENTED_EDGE('',*,*,#2344,.T.);
#3702=ORIENTED_EDGE('',*,*,#2654,.T.);
#3703=ORIENTED_EDGE('',*,*,#2697,.T.);
#3704=ORIENTED_EDGE('',*,*,#2698,.T.);
#3705=ORIENTED_EDGE('',*,*,#2699,.F.);
#3706=ORIENTED_EDGE('',*,*,#2656,.T.);
#3707=ORIENTED_EDGE('',*,*,#2700,.F.);
#3708=ORIENTED_EDGE('',*,*,#2701,.F.);
#3709=ORIENTED_EDGE('',*,*,#2702,.T.);
#3710=ORIENTED_EDGE('',*,*,#2382,.T.);
#3711=ORIENTED_EDGE('',*,*,#2660,.T.);
#3712=ORIENTED_EDGE('',*,*,#2703,.F.);
#3713=ORIENTED_EDGE('',*,*,#2704,.T.);
#3714=ORIENTED_EDGE('',*,*,#2705,.F.);
#3715=ORIENTED_EDGE('',*,*,#2666,.T.);
#3716=ORIENTED_EDGE('',*,*,#2706,.F.);
#3717=ORIENTED_EDGE('',*,*,#2707,.F.);
#3718=ORIENTED_EDGE('',*,*,#2708,.F.);
#3719=ORIENTED_EDGE('',*,*,#2375,.T.);
#3720=ORIENTED_EDGE('',*,*,#2662,.T.);
#3721=ORIENTED_EDGE('',*,*,#2709,.T.);
#3722=ORIENTED_EDGE('',*,*,#2710,.T.);
#3723=ORIENTED_EDGE('',*,*,#2711,.F.);
#3724=ORIENTED_EDGE('',*,*,#2657,.T.);
#3725=ORIENTED_EDGE('',*,*,#2702,.F.);
#3726=ORIENTED_EDGE('',*,*,#2712,.F.);
#3727=ORIENTED_EDGE('',*,*,#2709,.F.);
#3728=ORIENTED_EDGE('',*,*,#2661,.T.);
#3729=ORIENTED_EDGE('',*,*,#2705,.T.);
#3730=ORIENTED_EDGE('',*,*,#2713,.T.);
#3731=ORIENTED_EDGE('',*,*,#2694,.T.);
#3732=ORIENTED_EDGE('',*,*,#2649,.T.);
#3733=ORIENTED_EDGE('',*,*,#2681,.T.);
#3734=ORIENTED_EDGE('',*,*,#2714,.T.);
#3735=ORIENTED_EDGE('',*,*,#2706,.T.);
#3736=ORIENTED_EDGE('',*,*,#2665,.T.);
#3737=ORIENTED_EDGE('',*,*,#2715,.F.);
#3738=ORIENTED_EDGE('',*,*,#2716,.F.);
#3739=ORIENTED_EDGE('',*,*,#2685,.F.);
#3740=ORIENTED_EDGE('',*,*,#2637,.T.);
#3741=ORIENTED_EDGE('',*,*,#2669,.T.);
#3742=ORIENTED_EDGE('',*,*,#2717,.T.);
#3743=ORIENTED_EDGE('',*,*,#2682,.T.);
#3744=ORIENTED_EDGE('',*,*,#2645,.T.);
#3745=ORIENTED_EDGE('',*,*,#2690,.F.);
#3746=ORIENTED_EDGE('',*,*,#2718,.F.);
#3747=ORIENTED_EDGE('',*,*,#2673,.F.);
#3748=ORIENTED_EDGE('',*,*,#2641,.T.);
#3749=ORIENTED_EDGE('',*,*,#2678,.F.);
#3750=ORIENTED_EDGE('',*,*,#2719,.F.);
#3751=ORIENTED_EDGE('',*,*,#2697,.F.);
#3752=ORIENTED_EDGE('',*,*,#2653,.T.);
#3753=ORIENTED_EDGE('',*,*,#2693,.T.);
#3754=ORIENTED_EDGE('',*,*,#2720,.T.);
#3755=ORIENTED_EDGE('',*,*,#2670,.T.);
#3756=ORIENTED_EDGE('',*,*,#2719,.T.);
#3757=ORIENTED_EDGE('',*,*,#2677,.T.);
#3758=ORIENTED_EDGE('',*,*,#2721,.F.);
#3759=ORIENTED_EDGE('',*,*,#2698,.F.);
#3760=ORIENTED_EDGE('',*,*,#2722,.T.);
#3761=ORIENTED_EDGE('',*,*,#2723,.F.);
#3762=ORIENTED_EDGE('',*,*,#2724,.T.);
#3763=ORIENTED_EDGE('',*,*,#2725,.T.);
#3764=ORIENTED_EDGE('',*,*,#2718,.T.);
#3765=ORIENTED_EDGE('',*,*,#2689,.T.);
#3766=ORIENTED_EDGE('',*,*,#2726,.F.);
#3767=ORIENTED_EDGE('',*,*,#2674,.F.);
#3768=ORIENTED_EDGE('',*,*,#2727,.F.);
#3769=ORIENTED_EDGE('',*,*,#2614,.T.);
#3770=ORIENTED_EDGE('',*,*,#2728,.F.);
#3771=ORIENTED_EDGE('',*,*,#2729,.F.);
#3772=ORIENTED_EDGE('',*,*,#2722,.F.);
#3773=ORIENTED_EDGE('',*,*,#2730,.F.);
#3774=ORIENTED_EDGE('',*,*,#2731,.F.);
#3775=ORIENTED_EDGE('',*,*,#2732,.F.);
#3776=ORIENTED_EDGE('',*,*,#2733,.F.);
#3777=ORIENTED_EDGE('',*,*,#2734,.F.);
#3778=ORIENTED_EDGE('',*,*,#2735,.F.);
#3779=ORIENTED_EDGE('',*,*,#2736,.F.);
#3780=ORIENTED_EDGE('',*,*,#2737,.T.);
#3781=ORIENTED_EDGE('',*,*,#2738,.T.);
#3782=ORIENTED_EDGE('',*,*,#2728,.T.);
#3783=ORIENTED_EDGE('',*,*,#2613,.T.);
#3784=ORIENTED_EDGE('',*,*,#2617,.T.);
#3785=ORIENTED_EDGE('',*,*,#2619,.T.);
#3786=ORIENTED_EDGE('',*,*,#2621,.T.);
#3787=ORIENTED_EDGE('',*,*,#2739,.T.);
#3788=ORIENTED_EDGE('',*,*,#2740,.T.);
#3789=ORIENTED_EDGE('',*,*,#2627,.T.);
#3790=ORIENTED_EDGE('',*,*,#2727,.T.);
#3791=ORIENTED_EDGE('',*,*,#2610,.F.);
#3792=ORIENTED_EDGE('',*,*,#2628,.T.);
#3793=ORIENTED_EDGE('',*,*,#2740,.F.);
#3794=ORIENTED_EDGE('',*,*,#2729,.T.);
#3795=ORIENTED_EDGE('',*,*,#2738,.F.);
#3796=ORIENTED_EDGE('',*,*,#2741,.F.);
#3797=ORIENTED_EDGE('',*,*,#2604,.F.);
#3798=ORIENTED_EDGE('',*,*,#2741,.T.);
#3799=ORIENTED_EDGE('',*,*,#2737,.F.);
#3800=ORIENTED_EDGE('',*,*,#2742,.F.);
#3801=ORIENTED_EDGE('',*,*,#2598,.F.);
#3802=ORIENTED_EDGE('',*,*,#2742,.T.);
#3803=ORIENTED_EDGE('',*,*,#2739,.F.);
#3804=ORIENTED_EDGE('',*,*,#2620,.F.);
#3805=ORIENTED_EDGE('',*,*,#2484,.T.);
#3806=ORIENTED_EDGE('',*,*,#2743,.F.);
#3807=ORIENTED_EDGE('',*,*,#2744,.F.);
#3808=ORIENTED_EDGE('',*,*,#2633,.T.);
#3809=ORIENTED_EDGE('',*,*,#2292,.T.);
#3810=ORIENTED_EDGE('',*,*,#2314,.T.);
#3811=ORIENTED_EDGE('',*,*,#2311,.T.);
#3812=ORIENTED_EDGE('',*,*,#2308,.T.);
#3813=ORIENTED_EDGE('',*,*,#2305,.T.);
#3814=ORIENTED_EDGE('',*,*,#2302,.T.);
#3815=ORIENTED_EDGE('',*,*,#2299,.T.);
#3816=ORIENTED_EDGE('',*,*,#2296,.T.);
#3817=ORIENTED_EDGE('',*,*,#2483,.T.);
#3818=ORIENTED_EDGE('',*,*,#2745,.F.);
#3819=ORIENTED_EDGE('',*,*,#2746,.F.);
#3820=ORIENTED_EDGE('',*,*,#2743,.T.);
#3821=ORIENTED_EDGE('',*,*,#2482,.T.);
#3822=ORIENTED_EDGE('',*,*,#2626,.F.);
#3823=ORIENTED_EDGE('',*,*,#2747,.F.);
#3824=ORIENTED_EDGE('',*,*,#2745,.T.);
#3825=ORIENTED_EDGE('',*,*,#2265,.T.);
#3826=ORIENTED_EDGE('',*,*,#2287,.T.);
#3827=ORIENTED_EDGE('',*,*,#2284,.T.);
#3828=ORIENTED_EDGE('',*,*,#2281,.T.);
#3829=ORIENTED_EDGE('',*,*,#2278,.T.);
#3830=ORIENTED_EDGE('',*,*,#2275,.T.);
#3831=ORIENTED_EDGE('',*,*,#2272,.T.);
#3832=ORIENTED_EDGE('',*,*,#2269,.T.);
#3833=ORIENTED_EDGE('',*,*,#2748,.F.);
#3834=ORIENTED_EDGE('',*,*,#2683,.T.);
#3835=ORIENTED_EDGE('',*,*,#2717,.F.);
#3836=ORIENTED_EDGE('',*,*,#2668,.F.);
#3837=ORIENTED_EDGE('',*,*,#2749,.F.);
#3838=ORIENTED_EDGE('',*,*,#2671,.T.);
#3839=ORIENTED_EDGE('',*,*,#2720,.F.);
#3840=ORIENTED_EDGE('',*,*,#2692,.F.);
#3841=ORIENTED_EDGE('',*,*,#2750,.F.);
#3842=ORIENTED_EDGE('',*,*,#2695,.T.);
#3843=ORIENTED_EDGE('',*,*,#2713,.F.);
#3844=ORIENTED_EDGE('',*,*,#2704,.F.);
#3845=ORIENTED_EDGE('',*,*,#2751,.F.);
#3846=ORIENTED_EDGE('',*,*,#2707,.T.);
#3847=ORIENTED_EDGE('',*,*,#2714,.F.);
#3848=ORIENTED_EDGE('',*,*,#2680,.F.);
#3849=ORIENTED_EDGE('',*,*,#2752,.T.);
#3850=ORIENTED_EDGE('',*,*,#2753,.T.);
#3851=ORIENTED_EDGE('',*,*,#2754,.T.);
#3852=ORIENTED_EDGE('',*,*,#2755,.T.);
#3853=ORIENTED_EDGE('',*,*,#2756,.T.);
#3854=ORIENTED_EDGE('',*,*,#2757,.T.);
#3855=ORIENTED_EDGE('',*,*,#2758,.T.);
#3856=ORIENTED_EDGE('',*,*,#2759,.T.);
#3857=ORIENTED_EDGE('',*,*,#2672,.T.);
#3858=ORIENTED_EDGE('',*,*,#2749,.T.);
#3859=ORIENTED_EDGE('',*,*,#2691,.T.);
#3860=ORIENTED_EDGE('',*,*,#2651,.T.);
#3861=ORIENTED_EDGE('',*,*,#2699,.T.);
#3862=ORIENTED_EDGE('',*,*,#2721,.T.);
#3863=ORIENTED_EDGE('',*,*,#2676,.T.);
#3864=ORIENTED_EDGE('',*,*,#2639,.T.);
#3865=ORIENTED_EDGE('',*,*,#2635,.T.);
#3866=ORIENTED_EDGE('',*,*,#2675,.T.);
#3867=ORIENTED_EDGE('',*,*,#2726,.T.);
#3868=ORIENTED_EDGE('',*,*,#2688,.T.);
#3869=ORIENTED_EDGE('',*,*,#2643,.T.);
#3870=ORIENTED_EDGE('',*,*,#2684,.T.);
#3871=ORIENTED_EDGE('',*,*,#2748,.T.);
#3872=ORIENTED_EDGE('',*,*,#2667,.T.);
#3873=ORIENTED_EDGE('',*,*,#2696,.T.);
#3874=ORIENTED_EDGE('',*,*,#2750,.T.);
#3875=ORIENTED_EDGE('',*,*,#2703,.T.);
#3876=ORIENTED_EDGE('',*,*,#2659,.T.);
#3877=ORIENTED_EDGE('',*,*,#2711,.T.);
#3878=ORIENTED_EDGE('',*,*,#2760,.T.);
#3879=ORIENTED_EDGE('',*,*,#2700,.T.);
#3880=ORIENTED_EDGE('',*,*,#2655,.T.);
#3881=ORIENTED_EDGE('',*,*,#2625,.T.);
#3882=ORIENTED_EDGE('',*,*,#2623,.T.);
#3883=ORIENTED_EDGE('',*,*,#2630,.T.);
#3884=ORIENTED_EDGE('',*,*,#2632,.T.);
#3885=ORIENTED_EDGE('',*,*,#2634,.T.);
#3886=ORIENTED_EDGE('',*,*,#2744,.T.);
#3887=ORIENTED_EDGE('',*,*,#2746,.T.);
#3888=ORIENTED_EDGE('',*,*,#2747,.T.);
#3889=ORIENTED_EDGE('',*,*,#2647,.T.);
#3890=ORIENTED_EDGE('',*,*,#2687,.T.);
#3891=ORIENTED_EDGE('',*,*,#2761,.T.);
#3892=ORIENTED_EDGE('',*,*,#2762,.T.);
#3893=ORIENTED_EDGE('',*,*,#2663,.T.);
#3894=ORIENTED_EDGE('',*,*,#2708,.T.);
#3895=ORIENTED_EDGE('',*,*,#2751,.T.);
#3896=ORIENTED_EDGE('',*,*,#2679,.T.);
#3897=ORIENTED_EDGE('',*,*,#2736,.T.);
#3898=ORIENTED_EDGE('',*,*,#2763,.F.);
#3899=ORIENTED_EDGE('',*,*,#2764,.T.);
#3900=ORIENTED_EDGE('',*,*,#2723,.T.);
#3901=ORIENTED_EDGE('',*,*,#2716,.T.);
#3902=ORIENTED_EDGE('',*,*,#2765,.T.);
#3903=ORIENTED_EDGE('',*,*,#2761,.F.);
#3904=ORIENTED_EDGE('',*,*,#2686,.F.);
#3905=ORIENTED_EDGE('',*,*,#2735,.T.);
#3906=ORIENTED_EDGE('',*,*,#2766,.F.);
#3907=ORIENTED_EDGE('',*,*,#2767,.T.);
#3908=ORIENTED_EDGE('',*,*,#2763,.T.);
#3909=ORIENTED_EDGE('',*,*,#2712,.T.);
#3910=ORIENTED_EDGE('',*,*,#2701,.T.);
#3911=ORIENTED_EDGE('',*,*,#2760,.F.);
#3912=ORIENTED_EDGE('',*,*,#2710,.F.);
#3913=ORIENTED_EDGE('',*,*,#2664,.T.);
#3914=ORIENTED_EDGE('',*,*,#2762,.F.);
#3915=ORIENTED_EDGE('',*,*,#2765,.F.);
#3916=ORIENTED_EDGE('',*,*,#2715,.T.);
#3917=ORIENTED_EDGE('',*,*,#2396,.T.);
#3918=ORIENTED_EDGE('',*,*,#2734,.T.);
#3919=ORIENTED_EDGE('',*,*,#2768,.F.);
#3920=ORIENTED_EDGE('',*,*,#2769,.T.);
#3921=ORIENTED_EDGE('',*,*,#2766,.T.);
#3922=ORIENTED_EDGE('',*,*,#2770,.T.);
#3923=ORIENTED_EDGE('',*,*,#2771,.T.);
#3924=ORIENTED_EDGE('',*,*,#2772,.T.);
#3925=ORIENTED_EDGE('',*,*,#2771,.F.);
#3926=ORIENTED_EDGE('',*,*,#2773,.T.);
#3927=ORIENTED_EDGE('',*,*,#2774,.T.);
#3928=ORIENTED_EDGE('',*,*,#2775,.T.);
#3929=ORIENTED_EDGE('',*,*,#2776,.T.);
#3930=ORIENTED_EDGE('',*,*,#2777,.T.);
#3931=ORIENTED_EDGE('',*,*,#2778,.T.);
#3932=ORIENTED_EDGE('',*,*,#2779,.T.);
#3933=ORIENTED_EDGE('',*,*,#2780,.T.);
#3934=ORIENTED_EDGE('',*,*,#2772,.F.);
#3935=ORIENTED_EDGE('',*,*,#2781,.F.);
#3936=ORIENTED_EDGE('',*,*,#2782,.F.);
#3937=ORIENTED_EDGE('',*,*,#2415,.F.);
#3938=ORIENTED_EDGE('',*,*,#2783,.F.);
#3939=ORIENTED_EDGE('',*,*,#2436,.F.);
#3940=ORIENTED_EDGE('',*,*,#2784,.F.);
#3941=ORIENTED_EDGE('',*,*,#2785,.F.);
#3942=ORIENTED_EDGE('',*,*,#2786,.F.);
#3943=ORIENTED_EDGE('',*,*,#2787,.F.);
#3944=ORIENTED_EDGE('',*,*,#2414,.T.);
#3945=ORIENTED_EDGE('',*,*,#2788,.F.);
#3946=ORIENTED_EDGE('',*,*,#2789,.T.);
#3947=ORIENTED_EDGE('',*,*,#2790,.T.);
#3948=ORIENTED_EDGE('',*,*,#2791,.T.);
#3949=ORIENTED_EDGE('',*,*,#2792,.F.);
#3950=ORIENTED_EDGE('',*,*,#2793,.F.);
#3951=ORIENTED_EDGE('',*,*,#2794,.T.);
#3952=ORIENTED_EDGE('',*,*,#2792,.T.);
#3953=ORIENTED_EDGE('',*,*,#2795,.T.);
#3954=ORIENTED_EDGE('',*,*,#2796,.F.);
#3955=ORIENTED_EDGE('',*,*,#2797,.F.);
#3956=ORIENTED_EDGE('',*,*,#2796,.T.);
#3957=ORIENTED_EDGE('',*,*,#2434,.T.);
#3958=ORIENTED_EDGE('',*,*,#2798,.F.);
#3959=ORIENTED_EDGE('',*,*,#2799,.F.);
#3960=ORIENTED_EDGE('',*,*,#2798,.T.);
#3961=ORIENTED_EDGE('',*,*,#2800,.T.);
#3962=ORIENTED_EDGE('',*,*,#2801,.F.);
#3963=ORIENTED_EDGE('',*,*,#2802,.F.);
#3964=ORIENTED_EDGE('',*,*,#2801,.T.);
#3965=ORIENTED_EDGE('',*,*,#2417,.T.);
#3966=ORIENTED_EDGE('',*,*,#2803,.T.);
#3967=ORIENTED_EDGE('',*,*,#2804,.F.);
#3968=ORIENTED_EDGE('',*,*,#2803,.F.);
#3969=ORIENTED_EDGE('',*,*,#2805,.T.);
#3970=ORIENTED_EDGE('',*,*,#2806,.T.);
#3971=ORIENTED_EDGE('',*,*,#2807,.T.);
#3972=ORIENTED_EDGE('',*,*,#2808,.F.);
#3973=ORIENTED_EDGE('',*,*,#2809,.T.);
#3974=ORIENTED_EDGE('',*,*,#2810,.T.);
#3975=ORIENTED_EDGE('',*,*,#2811,.T.);
#3976=ORIENTED_EDGE('',*,*,#2812,.T.);
#3977=ORIENTED_EDGE('',*,*,#2813,.T.);
#3978=ORIENTED_EDGE('',*,*,#2814,.F.);
#3979=ORIENTED_EDGE('',*,*,#2807,.F.);
#3980=ORIENTED_EDGE('',*,*,#2806,.F.);
#3981=ORIENTED_EDGE('',*,*,#2794,.F.);
#3982=ORIENTED_EDGE('',*,*,#2815,.F.);
#3983=ORIENTED_EDGE('',*,*,#2813,.F.);
#3984=ORIENTED_EDGE('',*,*,#2812,.F.);
#3985=ORIENTED_EDGE('',*,*,#2816,.T.);
#3986=ORIENTED_EDGE('',*,*,#2810,.F.);
#3987=ORIENTED_EDGE('',*,*,#2817,.T.);
#3988=ORIENTED_EDGE('',*,*,#2781,.T.);
#3989=ORIENTED_EDGE('',*,*,#2818,.T.);
#3990=ORIENTED_EDGE('',*,*,#2805,.F.);
#3991=ORIENTED_EDGE('',*,*,#2416,.T.);
#3992=ORIENTED_EDGE('',*,*,#2782,.T.);
#3993=ORIENTED_EDGE('',*,*,#2817,.F.);
#3994=ORIENTED_EDGE('',*,*,#2809,.F.);
#3995=ORIENTED_EDGE('',*,*,#2425,.T.);
#3996=ORIENTED_EDGE('',*,*,#2418,.T.);
#3997=ORIENTED_EDGE('',*,*,#2800,.F.);
#3998=ORIENTED_EDGE('',*,*,#2437,.T.);
#3999=ORIENTED_EDGE('',*,*,#2783,.T.);
#4000=ORIENTED_EDGE('',*,*,#2787,.T.);
#4001=ORIENTED_EDGE('',*,*,#2413,.T.);
#4002=ORIENTED_EDGE('',*,*,#2423,.T.);
#4003=ORIENTED_EDGE('',*,*,#2428,.T.);
#4004=ORIENTED_EDGE('',*,*,#2789,.F.);
#4005=ORIENTED_EDGE('',*,*,#2784,.T.);
#4006=ORIENTED_EDGE('',*,*,#2435,.F.);
#4007=ORIENTED_EDGE('',*,*,#2795,.F.);
#4008=ORIENTED_EDGE('',*,*,#2791,.F.);
#4009=ORIENTED_EDGE('',*,*,#2819,.F.);
#4010=ORIENTED_EDGE('',*,*,#2790,.F.);
#4011=ORIENTED_EDGE('',*,*,#2820,.T.);
#4012=ORIENTED_EDGE('',*,*,#2785,.T.);
#4013=ORIENTED_EDGE('',*,*,#2788,.T.);
#4014=ORIENTED_EDGE('',*,*,#2819,.T.);
#4015=ORIENTED_EDGE('',*,*,#2786,.T.);
#4016=ORIENTED_EDGE('',*,*,#2820,.F.);
#4017=ORIENTED_EDGE('',*,*,#2816,.F.);
#4018=ORIENTED_EDGE('',*,*,#2811,.F.);
#4019=ORIENTED_EDGE('',*,*,#2818,.F.);
#4020=ORIENTED_EDGE('',*,*,#2821,.F.);
#4021=ORIENTED_EDGE('',*,*,#2724,.F.);
#4022=ORIENTED_EDGE('',*,*,#2764,.F.);
#4023=ORIENTED_EDGE('',*,*,#2767,.F.);
#4024=ORIENTED_EDGE('',*,*,#2769,.F.);
#4025=ORIENTED_EDGE('',*,*,#2822,.F.);
#4026=ORIENTED_EDGE('',*,*,#2823,.F.);
#4027=ORIENTED_EDGE('',*,*,#2824,.F.);
#4028=ORIENTED_EDGE('',*,*,#2793,.T.);
#4029=ORIENTED_EDGE('',*,*,#2797,.T.);
#4030=ORIENTED_EDGE('',*,*,#2799,.T.);
#4031=ORIENTED_EDGE('',*,*,#2802,.T.);
#4032=ORIENTED_EDGE('',*,*,#2804,.T.);
#4033=ORIENTED_EDGE('',*,*,#2808,.T.);
#4034=ORIENTED_EDGE('',*,*,#2814,.T.);
#4035=ORIENTED_EDGE('',*,*,#2815,.T.);
#4036=ORIENTED_EDGE('',*,*,#2780,.F.);
#4037=ORIENTED_EDGE('',*,*,#2825,.T.);
#4038=ORIENTED_EDGE('',*,*,#2826,.F.);
#4039=ORIENTED_EDGE('',*,*,#2827,.F.);
#4040=ORIENTED_EDGE('',*,*,#2828,.F.);
#4041=ORIENTED_EDGE('',*,*,#2770,.F.);
#4042=ORIENTED_EDGE('',*,*,#2828,.T.);
#4043=ORIENTED_EDGE('',*,*,#2829,.F.);
#4044=ORIENTED_EDGE('',*,*,#2830,.F.);
#4045=ORIENTED_EDGE('',*,*,#2831,.F.);
#4046=ORIENTED_EDGE('',*,*,#2773,.F.);
#4047=ORIENTED_EDGE('',*,*,#2774,.F.);
#4048=ORIENTED_EDGE('',*,*,#2831,.T.);
#4049=ORIENTED_EDGE('',*,*,#2830,.T.);
#4050=ORIENTED_EDGE('',*,*,#2832,.F.);
#4051=ORIENTED_EDGE('',*,*,#2833,.F.);
#4052=ORIENTED_EDGE('',*,*,#2775,.F.);
#4053=ORIENTED_EDGE('',*,*,#2833,.T.);
#4054=ORIENTED_EDGE('',*,*,#2834,.F.);
#4055=ORIENTED_EDGE('',*,*,#2835,.F.);
#4056=ORIENTED_EDGE('',*,*,#2776,.F.);
#4057=ORIENTED_EDGE('',*,*,#2835,.T.);
#4058=ORIENTED_EDGE('',*,*,#2836,.F.);
#4059=ORIENTED_EDGE('',*,*,#2837,.F.);
#4060=ORIENTED_EDGE('',*,*,#2838,.F.);
#4061=ORIENTED_EDGE('',*,*,#2777,.F.);
#4062=ORIENTED_EDGE('',*,*,#2838,.T.);
#4063=ORIENTED_EDGE('',*,*,#2837,.T.);
#4064=ORIENTED_EDGE('',*,*,#2839,.F.);
#4065=ORIENTED_EDGE('',*,*,#2840,.F.);
#4066=ORIENTED_EDGE('',*,*,#2778,.F.);
#4067=ORIENTED_EDGE('',*,*,#2840,.T.);
#4068=ORIENTED_EDGE('',*,*,#2841,.F.);
#4069=ORIENTED_EDGE('',*,*,#2842,.F.);
#4070=ORIENTED_EDGE('',*,*,#2843,.F.);
#4071=ORIENTED_EDGE('',*,*,#2779,.F.);
#4072=ORIENTED_EDGE('',*,*,#2843,.T.);
#4073=ORIENTED_EDGE('',*,*,#2844,.F.);
#4074=ORIENTED_EDGE('',*,*,#2825,.F.);
#4075=ORIENTED_EDGE('',*,*,#2730,.T.);
#4076=ORIENTED_EDGE('',*,*,#2725,.F.);
#4077=ORIENTED_EDGE('',*,*,#2821,.T.);
#4078=ORIENTED_EDGE('',*,*,#2845,.T.);
#4079=ORIENTED_EDGE('',*,*,#2733,.T.);
#4080=ORIENTED_EDGE('',*,*,#2846,.F.);
#4081=ORIENTED_EDGE('',*,*,#2822,.T.);
#4082=ORIENTED_EDGE('',*,*,#2768,.T.);
#4083=ORIENTED_EDGE('',*,*,#2214,.T.);
#4084=ORIENTED_EDGE('',*,*,#2218,.T.);
#4085=ORIENTED_EDGE('',*,*,#2221,.T.);
#4086=ORIENTED_EDGE('',*,*,#2224,.T.);
#4087=ORIENTED_EDGE('',*,*,#2732,.T.);
#4088=ORIENTED_EDGE('',*,*,#2847,.F.);
#4089=ORIENTED_EDGE('',*,*,#2262,.F.);
#4090=ORIENTED_EDGE('',*,*,#2848,.F.);
#4091=ORIENTED_EDGE('',*,*,#2823,.T.);
#4092=ORIENTED_EDGE('',*,*,#2846,.T.);
#4093=ORIENTED_EDGE('',*,*,#2264,.T.);
#4094=ORIENTED_EDGE('',*,*,#2847,.T.);
#4095=ORIENTED_EDGE('',*,*,#2731,.T.);
#4096=ORIENTED_EDGE('',*,*,#2845,.F.);
#4097=ORIENTED_EDGE('',*,*,#2824,.T.);
#4098=ORIENTED_EDGE('',*,*,#2848,.T.);
#4099=ORIENTED_EDGE('',*,*,#2260,.T.);
#4100=ORIENTED_EDGE('',*,*,#2257,.T.);
#4101=ORIENTED_EDGE('',*,*,#2829,.T.);
#4102=ORIENTED_EDGE('',*,*,#2849,.T.);
#4103=ORIENTED_EDGE('',*,*,#2759,.F.);
#4104=ORIENTED_EDGE('',*,*,#2850,.F.);
#4105=ORIENTED_EDGE('',*,*,#2387,.T.);
#4106=ORIENTED_EDGE('',*,*,#2832,.T.);
#4107=ORIENTED_EDGE('',*,*,#2850,.T.);
#4108=ORIENTED_EDGE('',*,*,#2758,.F.);
#4109=ORIENTED_EDGE('',*,*,#2851,.F.);
#4110=ORIENTED_EDGE('',*,*,#2834,.T.);
#4111=ORIENTED_EDGE('',*,*,#2851,.T.);
#4112=ORIENTED_EDGE('',*,*,#2757,.F.);
#4113=ORIENTED_EDGE('',*,*,#2852,.F.);
#4114=ORIENTED_EDGE('',*,*,#2238,.T.);
#4115=ORIENTED_EDGE('',*,*,#2248,.T.);
#4116=ORIENTED_EDGE('',*,*,#2245,.T.);
#4117=ORIENTED_EDGE('',*,*,#2242,.T.);
#4118=ORIENTED_EDGE('',*,*,#2383,.T.);
#4119=ORIENTED_EDGE('',*,*,#2836,.T.);
#4120=ORIENTED_EDGE('',*,*,#2852,.T.);
#4121=ORIENTED_EDGE('',*,*,#2756,.F.);
#4122=ORIENTED_EDGE('',*,*,#2853,.F.);
#4123=ORIENTED_EDGE('',*,*,#2839,.T.);
#4124=ORIENTED_EDGE('',*,*,#2853,.T.);
#4125=ORIENTED_EDGE('',*,*,#2755,.F.);
#4126=ORIENTED_EDGE('',*,*,#2854,.F.);
#4127=ORIENTED_EDGE('',*,*,#2377,.T.);
#4128=ORIENTED_EDGE('',*,*,#2842,.T.);
#4129=ORIENTED_EDGE('',*,*,#2841,.T.);
#4130=ORIENTED_EDGE('',*,*,#2854,.T.);
#4131=ORIENTED_EDGE('',*,*,#2754,.F.);
#4132=ORIENTED_EDGE('',*,*,#2855,.F.);
#4133=ORIENTED_EDGE('',*,*,#2844,.T.);
#4134=ORIENTED_EDGE('',*,*,#2855,.T.);
#4135=ORIENTED_EDGE('',*,*,#2753,.F.);
#4136=ORIENTED_EDGE('',*,*,#2856,.F.);
#4137=ORIENTED_EDGE('',*,*,#2346,.T.);
#4138=ORIENTED_EDGE('',*,*,#2827,.T.);
#4139=ORIENTED_EDGE('',*,*,#2826,.T.);
#4140=ORIENTED_EDGE('',*,*,#2856,.T.);
#4141=ORIENTED_EDGE('',*,*,#2752,.F.);
#4142=ORIENTED_EDGE('',*,*,#2849,.F.);
#4143=PLANE('',#4544);
#4144=PLANE('',#4548);
#4145=PLANE('',#4552);
#4146=PLANE('',#4557);
#4147=PLANE('',#4560);
#4148=PLANE('',#4564);
#4149=PLANE('',#4568);
#4150=PLANE('',#4569);
#4151=PLANE('',#4573);
#4152=PLANE('',#4574);
#4153=PLANE('',#4575);
#4154=PLANE('',#4576);
#4155=PLANE('',#4577);
#4156=PLANE('',#4578);
#4157=PLANE('',#4579);
#4158=PLANE('',#4580);
#4159=PLANE('',#4581);
#4160=PLANE('',#4582);
#4161=PLANE('',#4583);
#4162=PLANE('',#4584);
#4163=PLANE('',#4585);
#4164=PLANE('',#4586);
#4165=PLANE('',#4590);
#4166=PLANE('',#4591);
#4167=PLANE('',#4592);
#4168=PLANE('',#4593);
#4169=PLANE('',#4594);
#4170=PLANE('',#4595);
#4171=PLANE('',#4596);
#4172=PLANE('',#4597);
#4173=PLANE('',#4598);
#4174=PLANE('',#4602);
#4175=PLANE('',#4603);
#4176=PLANE('',#4604);
#4177=PLANE('',#4605);
#4178=PLANE('',#4606);
#4179=PLANE('',#4607);
#4180=PLANE('',#4608);
#4181=PLANE('',#4609);
#4182=PLANE('',#4610);
#4183=PLANE('',#4617);
#4184=PLANE('',#4619);
#4185=PLANE('',#4620);
#4186=PLANE('',#4621);
#4187=PLANE('',#4622);
#4188=PLANE('',#4623);
#4189=PLANE('',#4624);
#4190=PLANE('',#4625);
#4191=PLANE('',#4626);
#4192=PLANE('',#4627);
#4193=PLANE('',#4634);
#4194=PLANE('',#4641);
#4195=PLANE('',#4646);
#4196=PLANE('',#4657);
#4197=PLANE('',#4658);
#4198=PLANE('',#4659);
#4199=PLANE('',#4660);
#4200=PLANE('',#4661);
#4201=PLANE('',#4662);
#4202=PLANE('',#4663);
#4203=PLANE('',#4664);
#4204=PLANE('',#4665);
#4205=PLANE('',#4666);
#4206=PLANE('',#4685);
#4207=PLANE('',#4688);
#4208=PLANE('',#4689);
#4209=PLANE('',#4713);
#4210=PLANE('',#4716);
#4211=PLANE('',#4717);
#4212=PLANE('',#4735);
#4213=PLANE('',#4752);
#4214=PLANE('',#4754);
#4215=PLANE('',#4755);
#4216=PLANE('',#4758);
#4217=PLANE('',#4761);
#4218=PLANE('',#4764);
#4219=PLANE('',#4767);
#4220=PLANE('',#4769);
#4221=PLANE('',#4784);
#4222=PLANE('',#4787);
#4223=PLANE('',#4790);
#4224=PLANE('',#4791);
#4225=PLANE('',#4798);
#4226=PLANE('',#4801);
#4227=PLANE('',#4802);
#4228=PLANE('',#4803);
#4229=PLANE('',#4804);
#4230=PLANE('',#4805);
#4231=PLANE('',#4806);
#4232=PLANE('',#4807);
#4233=PLANE('',#4808);
#4234=PLANE('',#4809);
#4235=PLANE('',#4810);
#4236=PLANE('',#4811);
#4237=PLANE('',#4812);
#4238=PLANE('',#4813);
#4239=PLANE('',#4814);
#4240=PLANE('',#4815);
#4241=PLANE('',#4816);
#4242=PLANE('',#4817);
#4243=PLANE('',#4818);
#4244=PLANE('',#4819);
#4245=PLANE('',#4820);
#4246=PLANE('',#4821);
#4247=PLANE('',#4822);
#4248=PLANE('',#4823);
#4249=PLANE('',#4824);
#4250=PLANE('',#4827);
#4251=PLANE('',#4830);
#4252=PLANE('',#4833);
#4253=PLANE('',#4838);
#4254=PLANE('',#4844);
#4255=PLANE('',#4850);
#4256=PLANE('',#4851);
#4257=PLANE('',#4853);
#4258=PLANE('',#4854);
#4259=PLANE('',#4857);
#4260=PLANE('',#4866);
#4261=PLANE('',#4876);
#4262=PLANE('',#4878);
#4263=PLANE('',#4892);
#4264=PLANE('',#4907);
#4265=PLANE('',#4917);
#4266=PLANE('',#4919);
#4267=PLANE('',#4920);
#4268=PLANE('',#4922);
#4269=PLANE('',#4924);
#4270=PLANE('',#4926);
#4271=ADVANCED_FACE('',(#477),#4143,.T.);
#4272=ADVANCED_FACE('',(#478),#395,.T.);
#4273=ADVANCED_FACE('',(#479),#4144,.T.);
#4274=ADVANCED_FACE('',(#480),#396,.T.);
#4275=ADVANCED_FACE('',(#481,#198),#4145,.T.);
#4276=ADVANCED_FACE('',(#482),#397,.F.);
#4277=ADVANCED_FACE('',(#483),#4146,.F.);
#4278=ADVANCED_FACE('',(#484),#398,.F.);
#4279=ADVANCED_FACE('',(#485),#4147,.F.);
#4280=ADVANCED_FACE('',(#486),#399,.F.);
#4281=ADVANCED_FACE('',(#487),#4148,.F.);
#4282=ADVANCED_FACE('',(#488),#400,.F.);
#4283=ADVANCED_FACE('',(#489),#4149,.F.);
#4284=ADVANCED_FACE('',(#490,#199),#4150,.T.);
#4285=ADVANCED_FACE('',(#491),#401,.F.);
#4286=ADVANCED_FACE('',(#492),#4151,.T.);
#4287=ADVANCED_FACE('',(#493),#4152,.T.);
#4288=ADVANCED_FACE('',(#494,#200),#4153,.T.);
#4289=ADVANCED_FACE('',(#495),#4154,.T.);
#4290=ADVANCED_FACE('',(#496,#201),#4155,.T.);
#4291=ADVANCED_FACE('',(#497),#4156,.F.);
#4292=ADVANCED_FACE('',(#498),#4157,.F.);
#4293=ADVANCED_FACE('',(#499),#4158,.F.);
#4294=ADVANCED_FACE('',(#500),#4159,.F.);
#4295=ADVANCED_FACE('',(#501),#4160,.F.);
#4296=ADVANCED_FACE('',(#502),#4161,.F.);
#4297=ADVANCED_FACE('',(#503),#4162,.F.);
#4298=ADVANCED_FACE('',(#504),#4163,.F.);
#4299=ADVANCED_FACE('',(#505,#202),#4164,.F.);
#4300=ADVANCED_FACE('',(#506),#402,.F.);
#4301=ADVANCED_FACE('',(#507),#4165,.F.);
#4302=ADVANCED_FACE('',(#508),#4166,.F.);
#4303=ADVANCED_FACE('',(#509),#4167,.F.);
#4304=ADVANCED_FACE('',(#510),#4168,.F.);
#4305=ADVANCED_FACE('',(#511),#4169,.F.);
#4306=ADVANCED_FACE('',(#512),#4170,.F.);
#4307=ADVANCED_FACE('',(#513),#4171,.F.);
#4308=ADVANCED_FACE('',(#514),#4172,.F.);
#4309=ADVANCED_FACE('',(#515,#203),#4173,.T.);
#4310=ADVANCED_FACE('',(#516),#403,.F.);
#4311=ADVANCED_FACE('',(#517),#4174,.F.);
#4312=ADVANCED_FACE('',(#518),#4175,.F.);
#4313=ADVANCED_FACE('',(#519),#4176,.F.);
#4314=ADVANCED_FACE('',(#520),#4177,.F.);
#4315=ADVANCED_FACE('',(#521),#4178,.F.);
#4316=ADVANCED_FACE('',(#522),#4179,.F.);
#4317=ADVANCED_FACE('',(#523),#4180,.F.);
#4318=ADVANCED_FACE('',(#524),#4181,.F.);
#4319=ADVANCED_FACE('',(#525,#204),#4182,.F.);
#4320=ADVANCED_FACE('',(#526),#404,.F.);
#4321=ADVANCED_FACE('',(#527),#405,.F.);
#4322=ADVANCED_FACE('',(#528,#205),#4183,.T.);
#4323=ADVANCED_FACE('',(#529),#4184,.F.);
#4324=ADVANCED_FACE('',(#530),#4185,.F.);
#4325=ADVANCED_FACE('',(#531),#4186,.F.);
#4326=ADVANCED_FACE('',(#532),#4187,.F.);
#4327=ADVANCED_FACE('',(#533),#4188,.F.);
#4328=ADVANCED_FACE('',(#534),#4189,.F.);
#4329=ADVANCED_FACE('',(#535),#4190,.F.);
#4330=ADVANCED_FACE('',(#536),#4191,.F.);
#4331=ADVANCED_FACE('',(#537,#206),#4192,.F.);
#4332=ADVANCED_FACE('',(#538),#406,.F.);
#4333=ADVANCED_FACE('',(#539),#407,.F.);
#4334=ADVANCED_FACE('',(#540,#207),#4193,.T.);
#4335=ADVANCED_FACE('',(#541),#408,.F.);
#4336=ADVANCED_FACE('',(#542),#409,.F.);
#4337=ADVANCED_FACE('',(#543,#208),#4194,.T.);
#4338=ADVANCED_FACE('',(#544),#410,.F.);
#4339=ADVANCED_FACE('',(#545,#209),#4195,.T.);
#4340=ADVANCED_FACE('',(#546),#411,.F.);
#4341=ADVANCED_FACE('',(#547),#412,.F.);
#4342=ADVANCED_FACE('',(#548),#413,.F.);
#4343=ADVANCED_FACE('',(#549),#414,.F.);
#4344=ADVANCED_FACE('',(#550),#4196,.T.);
#4345=ADVANCED_FACE('',(#551),#4197,.T.);
#4346=ADVANCED_FACE('',(#552),#78,.T.);
#4347=ADVANCED_FACE('',(#553,#210),#4198,.T.);
#4348=ADVANCED_FACE('',(#554,#211),#4199,.T.);
#4349=ADVANCED_FACE('',(#555),#4200,.T.);
#4350=ADVANCED_FACE('',(#556),#4201,.T.);
#4351=ADVANCED_FACE('',(#557,#212),#79,.T.);
#4352=ADVANCED_FACE('',(#558),#4202,.T.);
#4353=ADVANCED_FACE('',(#559),#4203,.T.);
#4354=ADVANCED_FACE('',(#560),#4204,.T.);
#4355=ADVANCED_FACE('',(#561),#4205,.T.);
#4356=ADVANCED_FACE('',(#562),#415,.T.);
#4357=ADVANCED_FACE('',(#563),#56,.T.);
#4358=ADVANCED_FACE('',(#564),#416,.T.);
#4359=ADVANCED_FACE('',(#565),#417,.T.);
#4360=ADVANCED_FACE('',(#566),#57,.T.);
#4361=ADVANCED_FACE('',(#567),#58,.T.);
#4362=ADVANCED_FACE('',(#568),#418,.T.);
#4363=ADVANCED_FACE('',(#569),#59,.T.);
#4364=ADVANCED_FACE('',(#570),#419,.F.);
#4365=ADVANCED_FACE('',(#571),#4206,.F.);
#4366=ADVANCED_FACE('',(#572),#420,.F.);
#4367=ADVANCED_FACE('',(#573),#4207,.F.);
#4368=ADVANCED_FACE('',(#574,#213),#4208,.F.);
#4369=ADVANCED_FACE('',(#575),#421,.T.);
#4370=ADVANCED_FACE('',(#576),#60,.T.);
#4371=ADVANCED_FACE('',(#577),#422,.T.);
#4372=ADVANCED_FACE('',(#578),#61,.T.);
#4373=ADVANCED_FACE('',(#579),#423,.T.);
#4374=ADVANCED_FACE('',(#580),#424,.T.);
#4375=ADVANCED_FACE('',(#581),#62,.T.);
#4376=ADVANCED_FACE('',(#582),#63,.T.);
#4377=ADVANCED_FACE('',(#583),#425,.T.);
#4378=ADVANCED_FACE('',(#584),#4209,.F.);
#4379=ADVANCED_FACE('',(#585),#426,.T.);
#4380=ADVANCED_FACE('',(#586),#4210,.F.);
#4381=ADVANCED_FACE('',(#587,#214),#4211,.F.);
#4382=ADVANCED_FACE('',(#588),#427,.F.);
#4383=ADVANCED_FACE('',(#589),#64,.F.);
#4384=ADVANCED_FACE('',(#590),#428,.F.);
#4385=ADVANCED_FACE('',(#591),#65,.F.);
#4386=ADVANCED_FACE('',(#592),#429,.F.);
#4387=ADVANCED_FACE('',(#593),#430,.F.);
#4388=ADVANCED_FACE('',(#594),#66,.F.);
#4389=ADVANCED_FACE('',(#595),#431,.F.);
#4390=ADVANCED_FACE('',(#596),#4212,.F.);
#4391=ADVANCED_FACE('',(#597),#432,.F.);
#4392=ADVANCED_FACE('',(#598),#67,.F.);
#4393=ADVANCED_FACE('',(#599),#433,.F.);
#4394=ADVANCED_FACE('',(#600),#68,.F.);
#4395=ADVANCED_FACE('',(#601),#434,.F.);
#4396=ADVANCED_FACE('',(#602),#69,.F.);
#4397=ADVANCED_FACE('',(#603),#435,.F.);
#4398=ADVANCED_FACE('',(#604),#70,.F.);
#4399=ADVANCED_FACE('',(#605),#436,.F.);
#4400=ADVANCED_FACE('',(#606),#4213,.F.);
#4401=ADVANCED_FACE('',(#607),#437,.T.);
#4402=ADVANCED_FACE('',(#608,#215),#4214,.T.);
#4403=ADVANCED_FACE('',(#609),#4215,.T.);
#4404=ADVANCED_FACE('',(#610),#438,.F.);
#4405=ADVANCED_FACE('',(#611),#4216,.T.);
#4406=ADVANCED_FACE('',(#612),#439,.F.);
#4407=ADVANCED_FACE('',(#613),#4217,.T.);
#4408=ADVANCED_FACE('',(#614),#440,.F.);
#4409=ADVANCED_FACE('',(#615),#4218,.T.);
#4410=ADVANCED_FACE('',(#616),#441,.F.);
#4411=ADVANCED_FACE('',(#617),#4219,.F.);
#4412=ADVANCED_FACE('',(#618),#442,.T.);
#4413=ADVANCED_FACE('',(#619),#4220,.F.);
#4414=ADVANCED_FACE('',(#620),#443,.F.);
#4415=ADVANCED_FACE('',(#621),#71,.F.);
#4416=ADVANCED_FACE('',(#622),#444,.F.);
#4417=ADVANCED_FACE('',(#623),#445,.F.);
#4418=ADVANCED_FACE('',(#624),#72,.F.);
#4419=ADVANCED_FACE('',(#625),#73,.F.);
#4420=ADVANCED_FACE('',(#626),#446,.F.);
#4421=ADVANCED_FACE('',(#627),#4221,.T.);
#4422=ADVANCED_FACE('',(#628),#447,.F.);
#4423=ADVANCED_FACE('',(#629),#4222,.T.);
#4424=ADVANCED_FACE('',(#630),#448,.F.);
#4425=ADVANCED_FACE('',(#631,#216),#4223,.T.);
#4426=ADVANCED_FACE('',(#632,#217),#4224,.T.);
#4427=ADVANCED_FACE('',(#633),#449,.F.);
#4428=ADVANCED_FACE('',(#634),#450,.F.);
#4429=ADVANCED_FACE('',(#635),#451,.F.);
#4430=ADVANCED_FACE('',(#636,#218),#4225,.T.);
#4431=ADVANCED_FACE('',(#637),#452,.F.);
#4432=ADVANCED_FACE('',(#638),#4226,.T.);
#4433=ADVANCED_FACE('',(#639),#4227,.T.);
#4434=ADVANCED_FACE('',(#640),#4228,.T.);
#4435=ADVANCED_FACE('',(#641),#4229,.T.);
#4436=ADVANCED_FACE('',(#642),#4230,.T.);
#4437=ADVANCED_FACE('',(#643),#4231,.T.);
#4438=ADVANCED_FACE('',(#644),#4232,.T.);
#4439=ADVANCED_FACE('',(#645),#4233,.T.);
#4440=ADVANCED_FACE('',(#646),#4234,.T.);
#4441=ADVANCED_FACE('',(#647,#219),#4235,.T.);
#4442=ADVANCED_FACE('',(#648),#4236,.T.);
#4443=ADVANCED_FACE('',(#649,#220),#4237,.T.);
#4444=ADVANCED_FACE('',(#650),#4238,.T.);
#4445=ADVANCED_FACE('',(#651,#221),#4239,.T.);
#4446=ADVANCED_FACE('',(#652),#4240,.T.);
#4447=ADVANCED_FACE('',(#653,#222),#4241,.T.);
#4448=ADVANCED_FACE('',(#654),#4242,.T.);
#4449=ADVANCED_FACE('',(#655,#223),#4243,.T.);
#4450=ADVANCED_FACE('',(#656),#4244,.T.);
#4451=ADVANCED_FACE('',(#657,#224),#4245,.T.);
#4452=ADVANCED_FACE('',(#658),#4246,.T.);
#4453=ADVANCED_FACE('',(#659,#225),#4247,.T.);
#4454=ADVANCED_FACE('',(#660),#4248,.T.);
#4455=ADVANCED_FACE('',(#661),#4249,.F.);
#4456=ADVANCED_FACE('',(#662),#4250,.F.);
#4457=ADVANCED_FACE('',(#663),#4251,.F.);
#4458=ADVANCED_FACE('',(#664),#4252,.F.);
#4459=ADVANCED_FACE('',(#665),#453,.F.);
#4460=ADVANCED_FACE('',(#666),#4253,.T.);
#4461=ADVANCED_FACE('',(#667),#454,.F.);
#4462=ADVANCED_FACE('',(#668),#455,.F.);
#4463=ADVANCED_FACE('',(#669,#226),#4254,.T.);
#4464=ADVANCED_FACE('',(#670),#4255,.F.);
#4465=ADVANCED_FACE('',(#671),#4256,.T.);
#4466=ADVANCED_FACE('',(#672),#456,.F.);
#4467=ADVANCED_FACE('',(#673),#4257,.T.);
#4468=ADVANCED_FACE('',(#674,#227),#4258,.T.);
#4469=ADVANCED_FACE('',(#675),#457,.F.);
#4470=ADVANCED_FACE('',(#676,#228),#4259,.T.);
#4471=ADVANCED_FACE('',(#677),#458,.T.);
#4472=ADVANCED_FACE('',(#678),#459,.T.);
#4473=ADVANCED_FACE('',(#679),#460,.T.);
#4474=ADVANCED_FACE('',(#680),#461,.T.);
#4475=ADVANCED_FACE('',(#681,#229,#230,#231,#232,#233),#4260,.T.);
#4476=ADVANCED_FACE('',(#682),#462,.F.);
#4477=ADVANCED_FACE('',(#683),#463,.F.);
#4478=ADVANCED_FACE('',(#684),#4261,.T.);
#4479=ADVANCED_FACE('',(#685),#464,.F.);
#4480=ADVANCED_FACE('',(#686,#234),#4262,.T.);
#4481=ADVANCED_FACE('',(#687),#465,.F.);
#4482=ADVANCED_FACE('',(#688),#466,.F.);
#4483=ADVANCED_FACE('',(#689,#235),#4263,.T.);
#4484=ADVANCED_FACE('',(#690),#80,.F.);
#4485=ADVANCED_FACE('',(#691),#81,.F.);
#4486=ADVANCED_FACE('',(#692),#467,.T.);
#4487=ADVANCED_FACE('',(#693),#74,.T.);
#4488=ADVANCED_FACE('',(#694),#468,.T.);
#4489=ADVANCED_FACE('',(#695),#75,.T.);
#4490=ADVANCED_FACE('',(#696),#469,.T.);
#4491=ADVANCED_FACE('',(#697),#76,.T.);
#4492=ADVANCED_FACE('',(#698),#470,.T.);
#4493=ADVANCED_FACE('',(#699),#77,.T.);
#4494=ADVANCED_FACE('',(#700),#82,.T.);
#4495=ADVANCED_FACE('',(#701),#83,.T.);
#4496=ADVANCED_FACE('',(#702),#84,.T.);
#4497=ADVANCED_FACE('',(#703),#85,.T.);
#4498=ADVANCED_FACE('',(#704),#86,.T.);
#4499=ADVANCED_FACE('',(#705),#87,.T.);
#4500=ADVANCED_FACE('',(#706,#236),#4264,.T.);
#4501=ADVANCED_FACE('',(#707),#88,.F.);
#4502=ADVANCED_FACE('',(#708),#89,.F.);
#4503=ADVANCED_FACE('',(#709),#90,.F.);
#4504=ADVANCED_FACE('',(#710),#91,.F.);
#4505=ADVANCED_FACE('',(#711),#92,.F.);
#4506=ADVANCED_FACE('',(#712),#93,.F.);
#4507=ADVANCED_FACE('',(#713),#94,.F.);
#4508=ADVANCED_FACE('',(#714),#95,.F.);
#4509=ADVANCED_FACE('',(#715),#471,.F.);
#4510=ADVANCED_FACE('',(#716,#237),#4265,.T.);
#4511=ADVANCED_FACE('',(#717),#472,.F.);
#4512=ADVANCED_FACE('',(#718),#4266,.T.);
#4513=ADVANCED_FACE('',(#719,#238),#4267,.T.);
#4514=ADVANCED_FACE('',(#720),#473,.T.);
#4515=ADVANCED_FACE('',(#721,#239,#240),#4268,.T.);
#4516=ADVANCED_FACE('',(#722),#474,.T.);
#4517=ADVANCED_FACE('',(#723,#241),#4269,.T.);
#4518=ADVANCED_FACE('',(#724),#475,.T.);
#4519=ADVANCED_FACE('',(#725,#242),#4270,.T.);
#4520=ADVANCED_FACE('',(#726),#476,.T.);
#4521=CLOSED_SHELL('',(#4271,#4272,#4273,#4274,#4275,#4276,#4277,#4278,
#4279,#4280,#4281,#4282,#4283,#4284,#4285,#4286,#4287,#4288,#4289,#4290,
#4291,#4292,#4293,#4294,#4295,#4296,#4297,#4298,#4299,#4300,#4301,#4302,
#4303,#4304,#4305,#4306,#4307,#4308,#4309,#4310,#4311,#4312,#4313,#4314,
#4315,#4316,#4317,#4318,#4319,#4320,#4321,#4322,#4323,#4324,#4325,#4326,
#4327,#4328,#4329,#4330,#4331,#4332,#4333,#4334,#4335,#4336,#4337,#4338,
#4339,#4340,#4341,#4342,#4343,#4344,#4345,#4346,#4347,#4348,#4349,#4350,
#4351,#4352,#4353,#4354,#4355,#4356,#4357,#4358,#4359,#4360,#4361,#4362,
#4363,#4364,#4365,#4366,#4367,#4368,#4369,#4370,#4371,#4372,#4373,#4374,
#4375,#4376,#4377,#4378,#4379,#4380,#4381,#4382,#4383,#4384,#4385,#4386,
#4387,#4388,#4389,#4390,#4391,#4392,#4393,#4394,#4395,#4396,#4397,#4398,
#4399,#4400,#4401,#4402,#4403,#4404,#4405,#4406,#4407,#4408,#4409,#4410,
#4411,#4412,#4413,#4414,#4415,#4416,#4417,#4418,#4419,#4420,#4421,#4422,
#4423,#4424,#4425,#4426,#4427,#4428,#4429,#4430,#4431,#4432,#4433,#4434,
#4435,#4436,#4437,#4438,#4439,#4440,#4441,#4442,#4443,#4444,#4445,#4446,
#4447,#4448,#4449,#4450,#4451,#4452,#4453,#4454,#4455,#4456,#4457,#4458,
#4459,#4460,#4461,#4462,#4463,#4464,#4465,#4466,#4467,#4468,#4469,#4470,
#4471,#4472,#4473,#4474,#4475,#4476,#4477,#4478,#4479,#4480,#4481,#4482,
#4483,#4484,#4485,#4486,#4487,#4488,#4489,#4490,#4491,#4492,#4493,#4494,
#4495,#4496,#4497,#4498,#4499,#4500,#4501,#4502,#4503,#4504,#4505,#4506,
#4507,#4508,#4509,#4510,#4511,#4512,#4513,#4514,#4515,#4516,#4517,#4518,
#4519,#4520));
#4522=DERIVED_UNIT_ELEMENT(#4525,1.);
#4523=DERIVED_UNIT_ELEMENT(#9097,-3.);
#4524=DIMENSIONAL_EXPONENTS(0.,1.,0.,0.,0.,0.,0.);
#4525=(
CONVERSION_BASED_UNIT('gram',#4527)
MASS_UNIT()
NAMED_UNIT(#4524)
);
#4526=(
MASS_UNIT()
NAMED_UNIT(*)
SI_UNIT(.KILO.,.GRAM.)
);
#4527=MASS_MEASURE_WITH_UNIT(MASS_MEASURE(0.001),#4526);
#4528=DERIVED_UNIT((#4522,#4523));
#4529=MEASURE_REPRESENTATION_ITEM('density measure',
POSITIVE_RATIO_MEASURE(1.),#4528);
#4530=PROPERTY_DEFINITION_REPRESENTATION(#4535,#4532);
#4531=PROPERTY_DEFINITION_REPRESENTATION(#4536,#4533);
#4532=REPRESENTATION('material name',(#4534),#9094);
#4533=REPRESENTATION('density',(#4529),#9094);
#4534=DESCRIPTIVE_REPRESENTATION_ITEM('Generic','Generic');
#4535=PROPERTY_DEFINITION('material property','material name',#9104);
#4536=PROPERTY_DEFINITION('material property','density of part',#9104);
#4537=DATE_TIME_ROLE('creation_date');
#4538=APPLIED_DATE_AND_TIME_ASSIGNMENT(#4539,#4537,(#9104));
#4539=DATE_AND_TIME(#4540,#4541);
#4540=CALENDAR_DATE(2026,22,4);
#4541=LOCAL_TIME(0,0,0.,#4542);
#4542=COORDINATED_UNIVERSAL_TIME_OFFSET(0,0,.BEHIND.);
#4543=AXIS2_PLACEMENT_3D('',#6090,#4929,#4930);
#4544=AXIS2_PLACEMENT_3D('',#6091,#4931,#4932);
#4545=AXIS2_PLACEMENT_3D('',#6100,#4937,#4938);
#4546=AXIS2_PLACEMENT_3D('',#6102,#4939,#4940);
#4547=AXIS2_PLACEMENT_3D('',#6104,#4941,#4942);
#4548=AXIS2_PLACEMENT_3D('',#6106,#4944,#4945);
#4549=AXIS2_PLACEMENT_3D('',#6112,#4949,#4950);
#4550=AXIS2_PLACEMENT_3D('',#6113,#4951,#4952);
#4551=AXIS2_PLACEMENT_3D('',#6114,#4953,#4954);
#4552=AXIS2_PLACEMENT_3D('',#6115,#4955,#4956);
#4553=AXIS2_PLACEMENT_3D('',#6120,#4958,#4959);
#4554=AXIS2_PLACEMENT_3D('',#6123,#4961,#4962);
#4555=AXIS2_PLACEMENT_3D('',#6124,#4963,#4964);
#4556=AXIS2_PLACEMENT_3D('',#6127,#4965,#4966);
#4557=AXIS2_PLACEMENT_3D('',#6130,#4969,#4970);
#4558=AXIS2_PLACEMENT_3D('',#6134,#4973,#4974);
#4559=AXIS2_PLACEMENT_3D('',#6136,#4975,#4976);
#4560=AXIS2_PLACEMENT_3D('',#6138,#4978,#4979);
#4561=AXIS2_PLACEMENT_3D('',#6140,#4981,#4982);
#4562=AXIS2_PLACEMENT_3D('',#6143,#4983,#4984);
#4563=AXIS2_PLACEMENT_3D('',#6147,#4986,#4987);
#4564=AXIS2_PLACEMENT_3D('',#6149,#4989,#4990);
#4565=AXIS2_PLACEMENT_3D('',#6155,#4994,#4995);
#4566=AXIS2_PLACEMENT_3D('',#6157,#4996,#4997);
#4567=AXIS2_PLACEMENT_3D('',#6160,#4999,#5000);
#4568=AXIS2_PLACEMENT_3D('',#6161,#5001,#5002);
#4569=AXIS2_PLACEMENT_3D('',#6164,#5005,#5006);
#4570=AXIS2_PLACEMENT_3D('',#6165,#5007,#5008);
#4571=AXIS2_PLACEMENT_3D('',#6167,#5009,#5010);
#4572=AXIS2_PLACEMENT_3D('',#6170,#5012,#5013);
#4573=AXIS2_PLACEMENT_3D('',#6171,#5014,#5015);
#4574=AXIS2_PLACEMENT_3D('',#6180,#5020,#5021);
#4575=AXIS2_PLACEMENT_3D('',#6186,#5025,#5026);
#4576=AXIS2_PLACEMENT_3D('',#6190,#5029,#5030);
#4577=AXIS2_PLACEMENT_3D('',#6194,#5033,#5034);
#4578=AXIS2_PLACEMENT_3D('',#6196,#5036,#5037);
#4579=AXIS2_PLACEMENT_3D('',#6205,#5042,#5043);
#4580=AXIS2_PLACEMENT_3D('',#6211,#5047,#5048);
#4581=AXIS2_PLACEMENT_3D('',#6217,#5052,#5053);
#4582=AXIS2_PLACEMENT_3D('',#6223,#5057,#5058);
#4583=AXIS2_PLACEMENT_3D('',#6229,#5062,#5063);
#4584=AXIS2_PLACEMENT_3D('',#6235,#5067,#5068);
#4585=AXIS2_PLACEMENT_3D('',#6241,#5072,#5073);
#4586=AXIS2_PLACEMENT_3D('',#6244,#5076,#5077);
#4587=AXIS2_PLACEMENT_3D('',#6246,#5078,#5079);
#4588=AXIS2_PLACEMENT_3D('',#6247,#5080,#5081);
#4589=AXIS2_PLACEMENT_3D('',#6249,#5082,#5083);
#4590=AXIS2_PLACEMENT_3D('',#6251,#5085,#5086);
#4591=AXIS2_PLACEMENT_3D('',#6260,#5091,#5092);
#4592=AXIS2_PLACEMENT_3D('',#6266,#5096,#5097);
#4593=AXIS2_PLACEMENT_3D('',#6272,#5101,#5102);
#4594=AXIS2_PLACEMENT_3D('',#6278,#5106,#5107);
#4595=AXIS2_PLACEMENT_3D('',#6284,#5111,#5112);
#4596=AXIS2_PLACEMENT_3D('',#6290,#5116,#5117);
#4597=AXIS2_PLACEMENT_3D('',#6296,#5121,#5122);
#4598=AXIS2_PLACEMENT_3D('',#6299,#5125,#5126);
#4599=AXIS2_PLACEMENT_3D('',#6301,#5127,#5128);
#4600=AXIS2_PLACEMENT_3D('',#6302,#5129,#5130);
#4601=AXIS2_PLACEMENT_3D('',#6304,#5131,#5132);
#4602=AXIS2_PLACEMENT_3D('',#6306,#5134,#5135);
#4603=AXIS2_PLACEMENT_3D('',#6315,#5140,#5141);
#4604=AXIS2_PLACEMENT_3D('',#6321,#5145,#5146);
#4605=AXIS2_PLACEMENT_3D('',#6327,#5150,#5151);
#4606=AXIS2_PLACEMENT_3D('',#6333,#5155,#5156);
#4607=AXIS2_PLACEMENT_3D('',#6339,#5160,#5161);
#4608=AXIS2_PLACEMENT_3D('',#6345,#5165,#5166);
#4609=AXIS2_PLACEMENT_3D('',#6351,#5170,#5171);
#4610=AXIS2_PLACEMENT_3D('',#6354,#5174,#5175);
#4611=AXIS2_PLACEMENT_3D('',#6356,#5176,#5177);
#4612=AXIS2_PLACEMENT_3D('',#6357,#5178,#5179);
#4613=AXIS2_PLACEMENT_3D('',#6359,#5180,#5181);
#4614=AXIS2_PLACEMENT_3D('',#6361,#5183,#5184);
#4615=AXIS2_PLACEMENT_3D('',#6363,#5185,#5186);
#4616=AXIS2_PLACEMENT_3D('',#6366,#5188,#5189);
#4617=AXIS2_PLACEMENT_3D('',#6367,#5190,#5191);
#4618=AXIS2_PLACEMENT_3D('',#6369,#5192,#5193);
#4619=AXIS2_PLACEMENT_3D('',#6370,#5194,#5195);
#4620=AXIS2_PLACEMENT_3D('',#6379,#5200,#5201);
#4621=AXIS2_PLACEMENT_3D('',#6385,#5205,#5206);
#4622=AXIS2_PLACEMENT_3D('',#6391,#5210,#5211);
#4623=AXIS2_PLACEMENT_3D('',#6397,#5215,#5216);
#4624=AXIS2_PLACEMENT_3D('',#6403,#5220,#5221);
#4625=AXIS2_PLACEMENT_3D('',#6409,#5225,#5226);
#4626=AXIS2_PLACEMENT_3D('',#6415,#5230,#5231);
#4627=AXIS2_PLACEMENT_3D('',#6418,#5234,#5235);
#4628=AXIS2_PLACEMENT_3D('',#6420,#5236,#5237);
#4629=AXIS2_PLACEMENT_3D('',#6421,#5238,#5239);
#4630=AXIS2_PLACEMENT_3D('',#6423,#5240,#5241);
#4631=AXIS2_PLACEMENT_3D('',#6425,#5243,#5244);
#4632=AXIS2_PLACEMENT_3D('',#6427,#5245,#5246);
#4633=AXIS2_PLACEMENT_3D('',#6430,#5248,#5249);
#4634=AXIS2_PLACEMENT_3D('',#6431,#5250,#5251);
#4635=AXIS2_PLACEMENT_3D('',#6433,#5252,#5253);
#4636=AXIS2_PLACEMENT_3D('',#6434,#5254,#5255);
#4637=AXIS2_PLACEMENT_3D('',#6437,#5257,#5258);
#4638=AXIS2_PLACEMENT_3D('',#6438,#5259,#5260);
#4639=AXIS2_PLACEMENT_3D('',#6440,#5261,#5262);
#4640=AXIS2_PLACEMENT_3D('',#6443,#5264,#5265);
#4641=AXIS2_PLACEMENT_3D('',#6444,#5266,#5267);
#4642=AXIS2_PLACEMENT_3D('',#6446,#5268,#5269);
#4643=AXIS2_PLACEMENT_3D('',#6447,#5270,#5271);
#4644=AXIS2_PLACEMENT_3D('',#6449,#5272,#5273);
#4645=AXIS2_PLACEMENT_3D('',#6452,#5275,#5276);
#4646=AXIS2_PLACEMENT_3D('',#6453,#5277,#5278);
#4647=AXIS2_PLACEMENT_3D('',#6455,#5279,#5280);
#4648=AXIS2_PLACEMENT_3D('',#6456,#5281,#5282);
#4649=AXIS2_PLACEMENT_3D('',#6459,#5284,#5285);
#4650=AXIS2_PLACEMENT_3D('',#6460,#5286,#5287);
#4651=AXIS2_PLACEMENT_3D('',#6463,#5289,#5290);
#4652=AXIS2_PLACEMENT_3D('',#6464,#5291,#5292);
#4653=AXIS2_PLACEMENT_3D('',#6467,#5294,#5295);
#4654=AXIS2_PLACEMENT_3D('',#6468,#5296,#5297);
#4655=AXIS2_PLACEMENT_3D('',#6470,#5298,#5299);
#4656=AXIS2_PLACEMENT_3D('',#6473,#5301,#5302);
#4657=AXIS2_PLACEMENT_3D('',#6474,#5303,#5304);
#4658=AXIS2_PLACEMENT_3D('',#6494,#5312,#5313);
#4659=AXIS2_PLACEMENT_3D('',#6613,#5317,#5318);
#4660=AXIS2_PLACEMENT_3D('',#6622,#5321,#5322);
#4661=AXIS2_PLACEMENT_3D('',#6631,#5325,#5326);
#4662=AXIS2_PLACEMENT_3D('',#6637,#5328,#5329);
#4663=AXIS2_PLACEMENT_3D('',#6856,#5333,#5334);
#4664=AXIS2_PLACEMENT_3D('',#6860,#5337,#5338);
#4665=AXIS2_PLACEMENT_3D('',#6862,#5340,#5341);
#4666=AXIS2_PLACEMENT_3D('',#6864,#5343,#5344);
#4667=AXIS2_PLACEMENT_3D('',#6865,#5345,#5346);
#4668=AXIS2_PLACEMENT_3D('',#6900,#5349,#5350);
#4669=AXIS2_PLACEMENT_3D('',#6902,#5351,#5352);
#4670=AXIS2_PLACEMENT_3D('',#6918,#5353,#5354);
#4671=AXIS2_PLACEMENT_3D('',#6919,#5355,#5356);
#4672=AXIS2_PLACEMENT_3D('',#6938,#5359,#5360);
#4673=AXIS2_PLACEMENT_3D('',#6971,#5363,#5364);
#4674=AXIS2_PLACEMENT_3D('',#6973,#5365,#5366);
#4675=AXIS2_PLACEMENT_3D('',#6989,#5367,#5368);
#4676=AXIS2_PLACEMENT_3D('',#6990,#5369,#5370);
#4677=AXIS2_PLACEMENT_3D('',#6992,#5371,#5372);
#4678=AXIS2_PLACEMENT_3D('',#7025,#5373,#5374);
#4679=AXIS2_PLACEMENT_3D('',#7026,#5375,#5376);
#4680=AXIS2_PLACEMENT_3D('',#7029,#5379,#5380);
#4681=AXIS2_PLACEMENT_3D('',#7030,#5381,#5382);
#4682=AXIS2_PLACEMENT_3D('',#7031,#5383,#5384);
#4683=AXIS2_PLACEMENT_3D('',#7032,#5385,#5386);
#4684=AXIS2_PLACEMENT_3D('',#7049,#5388,#5389);
#4685=AXIS2_PLACEMENT_3D('',#7068,#5391,#5392);
#4686=AXIS2_PLACEMENT_3D('',#7072,#5395,#5396);
#4687=AXIS2_PLACEMENT_3D('',#7075,#5398,#5399);
#4688=AXIS2_PLACEMENT_3D('',#7076,#5400,#5401);
#4689=AXIS2_PLACEMENT_3D('',#7080,#5404,#5405);
#4690=AXIS2_PLACEMENT_3D('',#7083,#5406,#5407);
#4691=AXIS2_PLACEMENT_3D('',#7087,#5409,#5410);
#4692=AXIS2_PLACEMENT_3D('',#7091,#5412,#5413);
#4693=AXIS2_PLACEMENT_3D('',#7095,#5415,#5416);
#4694=AXIS2_PLACEMENT_3D('',#7097,#5418,#5419);
#4695=AXIS2_PLACEMENT_3D('',#7128,#5422,#5423);
#4696=AXIS2_PLACEMENT_3D('',#7130,#5424,#5425);
#4697=AXIS2_PLACEMENT_3D('',#7144,#5426,#5427);
#4698=AXIS2_PLACEMENT_3D('',#7145,#5428,#5429);
#4699=AXIS2_PLACEMENT_3D('',#7162,#5432,#5433);
#4700=AXIS2_PLACEMENT_3D('',#7164,#5434,#5435);
#4701=AXIS2_PLACEMENT_3D('',#7178,#5436,#5437);
#4702=AXIS2_PLACEMENT_3D('',#7179,#5438,#5439);
#4703=AXIS2_PLACEMENT_3D('',#7196,#5442,#5443);
#4704=AXIS2_PLACEMENT_3D('',#7201,#5445,#5446);
#4705=AXIS2_PLACEMENT_3D('',#7216,#5448,#5449);
#4706=AXIS2_PLACEMENT_3D('',#7217,#5450,#5451);
#4707=AXIS2_PLACEMENT_3D('',#7218,#5452,#5453);
#4708=AXIS2_PLACEMENT_3D('',#7219,#5454,#5455);
#4709=AXIS2_PLACEMENT_3D('',#7220,#5456,#5457);
#4710=AXIS2_PLACEMENT_3D('',#7221,#5458,#5459);
#4711=AXIS2_PLACEMENT_3D('',#7222,#5460,#5461);
#4712=AXIS2_PLACEMENT_3D('',#7226,#5463,#5464);
#4713=AXIS2_PLACEMENT_3D('',#7228,#5466,#5467);
#4714=AXIS2_PLACEMENT_3D('',#7232,#5470,#5471);
#4715=AXIS2_PLACEMENT_3D('',#7235,#5473,#5474);
#4716=AXIS2_PLACEMENT_3D('',#7236,#5475,#5476);
#4717=AXIS2_PLACEMENT_3D('',#7240,#5479,#5480);
#4718=AXIS2_PLACEMENT_3D('',#7243,#5481,#5482);
#4719=AXIS2_PLACEMENT_3D('',#7247,#5484,#5485);
#4720=AXIS2_PLACEMENT_3D('',#7251,#5487,#5488);
#4721=AXIS2_PLACEMENT_3D('',#7255,#5490,#5491);
#4722=AXIS2_PLACEMENT_3D('',#7257,#5493,#5494);
#4723=AXIS2_PLACEMENT_3D('',#7274,#5497,#5498);
#4724=AXIS2_PLACEMENT_3D('',#7276,#5499,#5500);
#4725=AXIS2_PLACEMENT_3D('',#7290,#5501,#5502);
#4726=AXIS2_PLACEMENT_3D('',#7291,#5503,#5504);
#4727=AXIS2_PLACEMENT_3D('',#7308,#5507,#5508);
#4728=AXIS2_PLACEMENT_3D('',#7310,#5509,#5510);
#4729=AXIS2_PLACEMENT_3D('',#7323,#5511,#5512);
#4730=AXIS2_PLACEMENT_3D('',#7324,#5513,#5514);
#4731=AXIS2_PLACEMENT_3D('',#7358,#5516,#5517);
#4732=AXIS2_PLACEMENT_3D('',#7373,#5519,#5520);
#4733=AXIS2_PLACEMENT_3D('',#7374,#5521,#5522);
#4734=AXIS2_PLACEMENT_3D('',#7375,#5523,#5524);
#4735=AXIS2_PLACEMENT_3D('',#7378,#5527,#5528);
#4736=AXIS2_PLACEMENT_3D('',#7380,#5530,#5531);
#4737=AXIS2_PLACEMENT_3D('',#7381,#5532,#5533);
#4738=AXIS2_PLACEMENT_3D('',#7384,#5534,#5535);
#4739=AXIS2_PLACEMENT_3D('',#7399,#5536,#5537);
#4740=AXIS2_PLACEMENT_3D('',#7412,#5538,#5539);
#4741=AXIS2_PLACEMENT_3D('',#7429,#5542,#5543);
#4742=AXIS2_PLACEMENT_3D('',#7431,#5544,#5545);
#4743=AXIS2_PLACEMENT_3D('',#7444,#5546,#5547);
#4744=AXIS2_PLACEMENT_3D('',#7445,#5548,#5549);
#4745=AXIS2_PLACEMENT_3D('',#7448,#5551,#5552);
#4746=AXIS2_PLACEMENT_3D('',#7449,#5553,#5554);
#4747=AXIS2_PLACEMENT_3D('',#7451,#5555,#5556);
#4748=AXIS2_PLACEMENT_3D('',#7464,#5557,#5558);
#4749=AXIS2_PLACEMENT_3D('',#7479,#5560,#5561);
#4750=AXIS2_PLACEMENT_3D('',#7481,#5562,#5563);
#4751=AXIS2_PLACEMENT_3D('',#7494,#5564,#5565);
#4752=AXIS2_PLACEMENT_3D('',#7497,#5568,#5569);
#4753=AXIS2_PLACEMENT_3D('',#7499,#5571,#5572);
#4754=AXIS2_PLACEMENT_3D('',#7501,#5574,#5575);
#4755=AXIS2_PLACEMENT_3D('',#7502,#5576,#5577);
#4756=AXIS2_PLACEMENT_3D('',#7508,#5581,#5582);
#4757=AXIS2_PLACEMENT_3D('',#7510,#5583,#5584);
#4758=AXIS2_PLACEMENT_3D('',#7512,#5586,#5587);
#4759=AXIS2_PLACEMENT_3D('',#7516,#5590,#5591);
#4760=AXIS2_PLACEMENT_3D('',#7518,#5592,#5593);
#4761=AXIS2_PLACEMENT_3D('',#7520,#5595,#5596);
#4762=AXIS2_PLACEMENT_3D('',#7524,#5599,#5600);
#4763=AXIS2_PLACEMENT_3D('',#7526,#5601,#5602);
#4764=AXIS2_PLACEMENT_3D('',#7528,#5604,#5605);
#4765=AXIS2_PLACEMENT_3D('',#7532,#5608,#5609);
#4766=AXIS2_PLACEMENT_3D('',#7533,#5610,#5611);
#4767=AXIS2_PLACEMENT_3D('',#7534,#5612,#5613);
#4768=AXIS2_PLACEMENT_3D('',#7536,#5615,#5616);
#4769=AXIS2_PLACEMENT_3D('',#7537,#5617,#5618);
#4770=AXIS2_PLACEMENT_3D('',#7538,#5619,#5620);
#4771=AXIS2_PLACEMENT_3D('',#7541,#5621,#5622);
#4772=AXIS2_PLACEMENT_3D('',#7579,#5625,#5626);
#4773=AXIS2_PLACEMENT_3D('',#7582,#5627,#5628);
#4774=AXIS2_PLACEMENT_3D('',#7597,#5629,#5630);
#4775=AXIS2_PLACEMENT_3D('',#7610,#5631,#5632);
#4776=AXIS2_PLACEMENT_3D('',#7627,#5635,#5636);
#4777=AXIS2_PLACEMENT_3D('',#7644,#5639,#5640);
#4778=AXIS2_PLACEMENT_3D('',#7646,#5641,#5642);
#4779=AXIS2_PLACEMENT_3D('',#7648,#5643,#5644);
#4780=AXIS2_PLACEMENT_3D('',#7661,#5645,#5646);
#4781=AXIS2_PLACEMENT_3D('',#7662,#5647,#5648);
#4782=AXIS2_PLACEMENT_3D('',#7663,#5649,#5650);
#4783=AXIS2_PLACEMENT_3D('',#7664,#5651,#5652);
#4784=AXIS2_PLACEMENT_3D('',#7686,#5655,#5656);
#4785=AXIS2_PLACEMENT_3D('',#7694,#5661,#5662);
#4786=AXIS2_PLACEMENT_3D('',#7697,#5664,#5665);
#4787=AXIS2_PLACEMENT_3D('',#7698,#5666,#5667);
#4788=AXIS2_PLACEMENT_3D('',#7702,#5670,#5671);
#4789=AXIS2_PLACEMENT_3D('',#7705,#5673,#5674);
#4790=AXIS2_PLACEMENT_3D('',#7706,#5675,#5676);
#4791=AXIS2_PLACEMENT_3D('',#7707,#5677,#5678);
#4792=AXIS2_PLACEMENT_3D('',#7713,#5682,#5683);
#4793=AXIS2_PLACEMENT_3D('',#7715,#5684,#5685);
#4794=AXIS2_PLACEMENT_3D('',#7717,#5687,#5688);
#4795=AXIS2_PLACEMENT_3D('',#7719,#5689,#5690);
#4796=AXIS2_PLACEMENT_3D('',#7721,#5692,#5693);
#4797=AXIS2_PLACEMENT_3D('',#7724,#5695,#5696);
#4798=AXIS2_PLACEMENT_3D('',#7725,#5697,#5698);
#4799=AXIS2_PLACEMENT_3D('',#7729,#5701,#5702);
#4800=AXIS2_PLACEMENT_3D('',#7732,#5704,#5705);
#4801=AXIS2_PLACEMENT_3D('',#7733,#5706,#5707);
#4802=AXIS2_PLACEMENT_3D('',#7742,#5712,#5713);
#4803=AXIS2_PLACEMENT_3D('',#7751,#5718,#5719);
#4804=AXIS2_PLACEMENT_3D('',#7760,#5724,#5725);
#4805=AXIS2_PLACEMENT_3D('',#7769,#5730,#5731);
#4806=AXIS2_PLACEMENT_3D('',#7778,#5736,#5737);
#4807=AXIS2_PLACEMENT_3D('',#7787,#5742,#5743);
#4808=AXIS2_PLACEMENT_3D('',#7796,#5748,#5749);
#4809=AXIS2_PLACEMENT_3D('',#7805,#5754,#5755);
#4810=AXIS2_PLACEMENT_3D('',#7811,#5759,#5760);
#4811=AXIS2_PLACEMENT_3D('',#7817,#5764,#5765);
#4812=AXIS2_PLACEMENT_3D('',#7823,#5769,#5770);
#4813=AXIS2_PLACEMENT_3D('',#7829,#5774,#5775);
#4814=AXIS2_PLACEMENT_3D('',#7835,#5779,#5780);
#4815=AXIS2_PLACEMENT_3D('',#7841,#5784,#5785);
#4816=AXIS2_PLACEMENT_3D('',#7847,#5789,#5790);
#4817=AXIS2_PLACEMENT_3D('',#7853,#5794,#5795);
#4818=AXIS2_PLACEMENT_3D('',#7859,#5799,#5800);
#4819=AXIS2_PLACEMENT_3D('',#7865,#5804,#5805);
#4820=AXIS2_PLACEMENT_3D('',#7871,#5809,#5810);
#4821=AXIS2_PLACEMENT_3D('',#7877,#5814,#5815);
#4822=AXIS2_PLACEMENT_3D('',#7883,#5819,#5820);
#4823=AXIS2_PLACEMENT_3D('',#7889,#5824,#5825);
#4824=AXIS2_PLACEMENT_3D('',#7895,#5829,#5830);
#4825=AXIS2_PLACEMENT_3D('',#7896,#5831,#5832);
#4826=AXIS2_PLACEMENT_3D('',#7897,#5833,#5834);
#4827=AXIS2_PLACEMENT_3D('',#7898,#5835,#5836);
#4828=AXIS2_PLACEMENT_3D('',#7899,#5837,#5838);
#4829=AXIS2_PLACEMENT_3D('',#7902,#5840,#5841);
#4830=AXIS2_PLACEMENT_3D('',#7903,#5842,#5843);
#4831=AXIS2_PLACEMENT_3D('',#7904,#5844,#5845);
#4832=AXIS2_PLACEMENT_3D('',#7905,#5846,#5847);
#4833=AXIS2_PLACEMENT_3D('',#7906,#5848,#5849);
#4834=AXIS2_PLACEMENT_3D('',#7907,#5850,#5851);
#4835=AXIS2_PLACEMENT_3D('',#7908,#5852,#5853);
#4836=AXIS2_PLACEMENT_3D('',#7909,#5854,#5855);
#4837=AXIS2_PLACEMENT_3D('',#7910,#5856,#5857);
#4838=AXIS2_PLACEMENT_3D('',#7911,#5858,#5859);
#4839=AXIS2_PLACEMENT_3D('',#7920,#5864,#5865);
#4840=AXIS2_PLACEMENT_3D('',#7921,#5866,#5867);
#4841=AXIS2_PLACEMENT_3D('',#7922,#5868,#5869);
#4842=AXIS2_PLACEMENT_3D('',#7924,#5870,#5871);
#4843=AXIS2_PLACEMENT_3D('',#7926,#5872,#5873);
#4844=AXIS2_PLACEMENT_3D('',#7928,#5875,#5876);
#4845=AXIS2_PLACEMENT_3D('',#7930,#5877,#5878);
#4846=AXIS2_PLACEMENT_3D('',#7934,#5880,#5881);
#4847=AXIS2_PLACEMENT_3D('',#7938,#5883,#5884);
#4848=AXIS2_PLACEMENT_3D('',#7941,#5886,#5887);
#4849=AXIS2_PLACEMENT_3D('',#7944,#5888,#5889);
#4850=AXIS2_PLACEMENT_3D('',#7947,#5892,#5893);
#4851=AXIS2_PLACEMENT_3D('',#7949,#5895,#5896);
#4852=AXIS2_PLACEMENT_3D('',#7951,#5898,#5899);
#4853=AXIS2_PLACEMENT_3D('',#7953,#5901,#5902);
#4854=AXIS2_PLACEMENT_3D('',#7954,#5903,#5904);
#4855=AXIS2_PLACEMENT_3D('',#7958,#5907,#5908);
#4856=AXIS2_PLACEMENT_3D('',#7961,#5910,#5911);
#4857=AXIS2_PLACEMENT_3D('',#7962,#5912,#5913);
#4858=AXIS2_PLACEMENT_3D('',#7964,#5915,#5916);
#4859=AXIS2_PLACEMENT_3D('',#7965,#5917,#5918);
#4860=AXIS2_PLACEMENT_3D('',#7966,#5919,#5920);
#4861=AXIS2_PLACEMENT_3D('',#7967,#5921,#5922);
#4862=AXIS2_PLACEMENT_3D('',#7968,#5923,#5924);
#4863=AXIS2_PLACEMENT_3D('',#7969,#5925,#5926);
#4864=AXIS2_PLACEMENT_3D('',#7970,#5927,#5928);
#4865=AXIS2_PLACEMENT_3D('',#7971,#5929,#5930);
#4866=AXIS2_PLACEMENT_3D('',#7972,#5931,#5932);
#4867=AXIS2_PLACEMENT_3D('',#7975,#5933,#5934);
#4868=AXIS2_PLACEMENT_3D('',#7979,#5936,#5937);
#4869=AXIS2_PLACEMENT_3D('',#7983,#5939,#5940);
#4870=AXIS2_PLACEMENT_3D('',#7987,#5942,#5943);
#4871=AXIS2_PLACEMENT_3D('',#7989,#5945,#5946);
#4872=AXIS2_PLACEMENT_3D('',#7991,#5947,#5948);
#4873=AXIS2_PLACEMENT_3D('',#7993,#5950,#5951);
#4874=AXIS2_PLACEMENT_3D('',#7996,#5953,#5954);
#4875=AXIS2_PLACEMENT_3D('',#7997,#5955,#5956);
#4876=AXIS2_PLACEMENT_3D('',#7999,#5958,#5959);
#4877=AXIS2_PLACEMENT_3D('',#8003,#5962,#5963);
#4878=AXIS2_PLACEMENT_3D('',#8004,#5964,#5965);
#4879=AXIS2_PLACEMENT_3D('',#8005,#5966,#5967);
#4880=AXIS2_PLACEMENT_3D('',#8008,#5969,#5970);
#4881=AXIS2_PLACEMENT_3D('',#8009,#5971,#5972);
#4882=AXIS2_PLACEMENT_3D('',#8012,#5973,#5974);
#4883=AXIS2_PLACEMENT_3D('',#8015,#5976,#5977);
#4884=AXIS2_PLACEMENT_3D('',#8017,#5978,#5979);
#4885=AXIS2_PLACEMENT_3D('',#8019,#5980,#5981);
#4886=AXIS2_PLACEMENT_3D('',#8021,#5982,#5983);
#4887=AXIS2_PLACEMENT_3D('',#8023,#5984,#5985);
#4888=AXIS2_PLACEMENT_3D('',#8025,#5986,#5987);
#4889=AXIS2_PLACEMENT_3D('',#8027,#5988,#5989);
#4890=AXIS2_PLACEMENT_3D('',#8029,#5990,#5991);
#4891=AXIS2_PLACEMENT_3D('',#8030,#5992,#5993);
#4892=AXIS2_PLACEMENT_3D('',#8031,#5994,#5995);
#4893=AXIS2_PLACEMENT_3D('',#8146,#5996,#5997);
#4894=AXIS2_PLACEMENT_3D('',#8189,#5999,#6000);
#4895=AXIS2_PLACEMENT_3D('',#8215,#6001,#6002);
#4896=AXIS2_PLACEMENT_3D('',#8216,#6003,#6004);
#4897=AXIS2_PLACEMENT_3D('',#8231,#6006,#6007);
#4898=AXIS2_PLACEMENT_3D('',#8255,#6008,#6009);
#4899=AXIS2_PLACEMENT_3D('',#8256,#6010,#6011);
#4900=AXIS2_PLACEMENT_3D('',#8269,#6013,#6014);
#4901=AXIS2_PLACEMENT_3D('',#8282,#6015,#6016);
#4902=AXIS2_PLACEMENT_3D('',#8296,#6017,#6018);
#4903=AXIS2_PLACEMENT_3D('',#8297,#6019,#6020);
#4904=AXIS2_PLACEMENT_3D('',#8316,#6021,#6022);
#4905=AXIS2_PLACEMENT_3D('',#8331,#6024,#6025);
#4906=AXIS2_PLACEMENT_3D('',#8332,#6026,#6027);
#4907=AXIS2_PLACEMENT_3D('',#8700,#6028,#6029);
#4908=AXIS2_PLACEMENT_3D('',#8702,#6030,#6031);
#4909=AXIS2_PLACEMENT_3D('',#8706,#6033,#6034);
#4910=AXIS2_PLACEMENT_3D('',#8746,#6036,#6037);
#4911=AXIS2_PLACEMENT_3D('',#8748,#6038,#6039);
#4912=AXIS2_PLACEMENT_3D('',#8821,#6041,#6042);
#4913=AXIS2_PLACEMENT_3D('',#8909,#6044,#6045);
#4914=AXIS2_PLACEMENT_3D('',#8982,#6047,#6048);
#4915=AXIS2_PLACEMENT_3D('',#8984,#6049,#6050);
#4916=AXIS2_PLACEMENT_3D('',#9022,#6052,#6053);
#4917=AXIS2_PLACEMENT_3D('',#9024,#6055,#6056);
#4918=AXIS2_PLACEMENT_3D('',#9026,#6058,#6059);
#4919=AXIS2_PLACEMENT_3D('',#9029,#6062,#6063);
#4920=AXIS2_PLACEMENT_3D('',#9030,#6064,#6065);
#4921=AXIS2_PLACEMENT_3D('',#9033,#6068,#6069);
#4922=AXIS2_PLACEMENT_3D('',#9035,#6071,#6072);
#4923=AXIS2_PLACEMENT_3D('',#9037,#6074,#6075);
#4924=AXIS2_PLACEMENT_3D('',#9039,#6077,#6078);
#4925=AXIS2_PLACEMENT_3D('',#9041,#6080,#6081);
#4926=AXIS2_PLACEMENT_3D('',#9043,#6083,#6084);
#4927=AXIS2_PLACEMENT_3D('',#9045,#6086,#6087);
#4928=AXIS2_PLACEMENT_3D('',#9085,#6088,#6089);
#4929=DIRECTION('axis',(0.,0.,1.));
#4930=DIRECTION('refdir',(1.,0.,0.));
#4931=DIRECTION('center_axis',(0.,0.,-1.));
#4932=DIRECTION('ref_axis',(-1.,7.71341835234287E-17,0.));
#4933=DIRECTION('',(1.,-7.71341835234287E-17,0.));
#4934=DIRECTION('',(0.,1.,0.));
#4935=DIRECTION('',(-1.,7.71341835234287E-17,0.));
#4936=DIRECTION('',(0.,1.,0.));
#4937=DIRECTION('center_axis',(0.,1.,0.));
#4938=DIRECTION('ref_axis',(9.86864910777916E-16,0.,1.));
#4939=DIRECTION('center_axis',(-7.71341835234287E-17,-1.,0.));
#4940=DIRECTION('ref_axis',(9.86864910777916E-16,0.,1.));
#4941=DIRECTION('center_axis',(7.71341835234287E-17,1.,0.));
#4942=DIRECTION('ref_axis',(9.86864910777916E-16,-7.61210191407759E-32,
1.));
#4943=DIRECTION('',(0.,1.,0.));
#4944=DIRECTION('center_axis',(0.,0.,1.));
#4945=DIRECTION('ref_axis',(1.,-7.71341835234287E-17,0.));
#4946=DIRECTION('',(-1.,7.71341835234287E-17,0.));
#4947=DIRECTION('',(1.,-7.71341835234287E-17,0.));
#4948=DIRECTION('',(0.,1.,0.));
#4949=DIRECTION('center_axis',(0.,1.,0.));
#4950=DIRECTION('ref_axis',(4.93432455388958E-16,0.,-1.));
#4951=DIRECTION('center_axis',(-7.71341835234287E-17,-1.,0.));
#4952=DIRECTION('ref_axis',(4.93432455388958E-16,0.,-1.));
#4953=DIRECTION('center_axis',(7.71341835234287E-17,1.,0.));
#4954=DIRECTION('ref_axis',(4.93432455388958E-16,-3.8060509570388E-32,-1.));
#4955=DIRECTION('center_axis',(7.71341835234287E-17,1.,0.));
#4956=DIRECTION('ref_axis',(0.,0.,1.));
#4957=DIRECTION('',(1.,-7.71341835234287E-17,0.));
#4958=DIRECTION('center_axis',(-7.71341835234287E-17,-1.,0.));
#4959=DIRECTION('ref_axis',(0.,0.,-1.));
#4960=DIRECTION('',(-1.,7.71341835234287E-17,0.));
#4961=DIRECTION('center_axis',(-7.71341835234287E-17,-1.,0.));
#4962=DIRECTION('ref_axis',(0.,0.,1.));
#4963=DIRECTION('center_axis',(0.,1.,0.));
#4964=DIRECTION('ref_axis',(0.,0.,-1.));
#4965=DIRECTION('center_axis',(7.71341835234287E-17,1.,0.));
#4966=DIRECTION('ref_axis',(0.,0.,-1.));
#4967=DIRECTION('',(0.,1.,0.));
#4968=DIRECTION('',(0.,1.,0.));
#4969=DIRECTION('center_axis',(0.,0.,1.));
#4970=DIRECTION('ref_axis',(1.,-7.71341835234287E-17,0.));
#4971=DIRECTION('',(1.,-7.71341835234287E-17,0.));
#4972=DIRECTION('',(0.,1.,0.));
#4973=DIRECTION('center_axis',(0.,1.,0.));
#4974=DIRECTION('ref_axis',(0.,0.,1.));
#4975=DIRECTION('center_axis',(7.71341835234287E-17,1.,0.));
#4976=DIRECTION('ref_axis',(0.,0.,1.));
#4977=DIRECTION('',(0.,1.,0.));
#4978=DIRECTION('center_axis',(0.,0.,-1.));
#4979=DIRECTION('ref_axis',(-1.,7.71341835234287E-17,0.));
#4980=DIRECTION('',(-1.,7.71341835234287E-17,0.));
#4981=DIRECTION('center_axis',(0.,1.,0.));
#4982=DIRECTION('ref_axis',(0.,0.,1.));
#4983=DIRECTION('center_axis',(7.71341835234287E-17,1.,0.));
#4984=DIRECTION('ref_axis',(0.,0.,1.));
#4985=DIRECTION('',(0.,1.,0.));
#4986=DIRECTION('center_axis',(7.71341835234287E-17,1.,0.));
#4987=DIRECTION('ref_axis',(0.,0.,1.));
#4988=DIRECTION('',(0.,1.,0.));
#4989=DIRECTION('center_axis',(3.70074341541719E-16,0.,-1.));
#4990=DIRECTION('ref_axis',(-1.,7.71341835234287E-17,-3.70074341541719E-16));
#4991=DIRECTION('',(-1.,7.71341835234287E-17,-3.70074341541719E-16));
#4992=DIRECTION('',(0.,1.,0.));
#4993=DIRECTION('',(-1.,7.71341835234287E-17,-3.70074341541719E-16));
#4994=DIRECTION('center_axis',(0.,1.,0.));
#4995=DIRECTION('ref_axis',(0.,0.,-1.));
#4996=DIRECTION('center_axis',(7.71341835234287E-17,1.,0.));
#4997=DIRECTION('ref_axis',(0.,0.,-1.));
#4998=DIRECTION('',(0.,1.,0.));
#4999=DIRECTION('center_axis',(7.71341835234287E-17,1.,0.));
#5000=DIRECTION('ref_axis',(0.,0.,-1.));
#5001=DIRECTION('center_axis',(-1.85037170770859E-16,0.,1.));
#5002=DIRECTION('ref_axis',(1.,-7.71341835234287E-17,1.85037170770859E-16));
#5003=DIRECTION('',(1.,-7.71341835234287E-17,1.85037170770859E-16));
#5004=DIRECTION('',(1.,-7.71341835234287E-17,1.85037170770859E-16));
#5005=DIRECTION('center_axis',(-7.71341835234287E-17,-1.,0.));
#5006=DIRECTION('ref_axis',(0.,0.,-1.));
#5007=DIRECTION('center_axis',(0.,0.,-1.));
#5008=DIRECTION('ref_axis',(1.,0.,0.));
#5009=DIRECTION('center_axis',(0.,0.,-1.));
#5010=DIRECTION('ref_axis',(1.,0.,0.));
#5011=DIRECTION('',(0.,0.,-1.));
#5012=DIRECTION('center_axis',(0.,0.,1.));
#5013=DIRECTION('ref_axis',(1.,0.,0.));
#5014=DIRECTION('center_axis',(-1.,0.,0.));
#5015=DIRECTION('ref_axis',(0.,0.,1.));
#5016=DIRECTION('',(0.,0.,-1.));
#5017=DIRECTION('',(0.,-1.,0.));
#5018=DIRECTION('',(0.,0.,1.));
#5019=DIRECTION('',(0.,1.,0.));
#5020=DIRECTION('center_axis',(0.,1.,0.));
#5021=DIRECTION('ref_axis',(0.,0.,1.));
#5022=DIRECTION('',(0.,0.,1.));
#5023=DIRECTION('',(-1.,0.,0.));
#5024=DIRECTION('',(1.,0.,0.));
#5025=DIRECTION('center_axis',(0.,0.,-1.));
#5026=DIRECTION('ref_axis',(0.,1.,0.));
#5027=DIRECTION('',(7.71341835234287E-17,1.,0.));
#5028=DIRECTION('',(1.,0.,0.));
#5029=DIRECTION('center_axis',(0.,-1.,0.));
#5030=DIRECTION('ref_axis',(0.,0.,-1.));
#5031=DIRECTION('',(0.,0.,1.));
#5032=DIRECTION('',(1.,0.,0.));
#5033=DIRECTION('center_axis',(0.,0.,1.));
#5034=DIRECTION('ref_axis',(0.,-1.,0.));
#5035=DIRECTION('',(-7.71341835234287E-17,-1.,0.));
#5036=DIRECTION('center_axis',(-0.00214038105857799,0.,0.999997709381839));
#5037=DIRECTION('ref_axis',(-0.999997709381839,7.71340068384671E-17,-0.00214038105857799));
#5038=DIRECTION('',(-0.999997709381839,7.71340068384671E-17,-0.00214038105857799));
#5039=DIRECTION('',(0.,-1.,0.));
#5040=DIRECTION('',(-0.999997709381839,7.71340068384671E-17,-0.00214038105857799));
#5041=DIRECTION('',(0.,-1.,0.));
#5042=DIRECTION('center_axis',(0.705591683514068,0.,0.708618639435757));
#5043=DIRECTION('ref_axis',(-0.708618639435757,5.465872018236E-17,0.705591683514068));
#5044=DIRECTION('',(-0.708618639435757,5.465872018236E-17,0.705591683514068));
#5045=DIRECTION('',(0.,-1.,0.));
#5046=DIRECTION('',(-0.708618639435757,5.465872018236E-17,0.705591683514068));
#5047=DIRECTION('center_axis',(0.999997709381839,0.,0.00214038105858018));
#5048=DIRECTION('ref_axis',(-0.00214038105858018,1.65096545382594E-19,0.999997709381839));
#5049=DIRECTION('',(-0.00214038105858018,1.65096545382594E-19,0.999997709381839));
#5050=DIRECTION('',(0.,-1.,0.));
#5051=DIRECTION('',(-0.00214038105858018,1.65096545382594E-19,0.999997709381839));
#5052=DIRECTION('center_axis',(0.708618639435753,0.,-0.705591683514072));
#5053=DIRECTION('ref_axis',(0.705591683514072,-5.44252384087795E-17,0.708618639435753));
#5054=DIRECTION('',(0.705591683514072,-5.44252384087795E-17,0.708618639435753));
#5055=DIRECTION('',(0.,-1.,0.));
#5056=DIRECTION('',(0.705591683514072,-5.44252384087795E-17,0.708618639435753));
#5057=DIRECTION('center_axis',(0.00214038105858018,0.,-0.999997709381839));
#5058=DIRECTION('ref_axis',(0.999997709381839,-7.71340068384671E-17,0.00214038105858018));
#5059=DIRECTION('',(0.999997709381839,-7.71340068384671E-17,0.00214038105858018));
#5060=DIRECTION('',(0.,-1.,0.));
#5061=DIRECTION('',(0.999997709381839,-7.71340068384671E-17,0.00214038105858018));
#5062=DIRECTION('center_axis',(-0.705591683514067,0.,-0.708618639435758));
#5063=DIRECTION('ref_axis',(0.708618639435758,-5.46587201823602E-17,-0.705591683514067));
#5064=DIRECTION('',(0.708618639435758,-5.46587201823602E-17,-0.705591683514067));
#5065=DIRECTION('',(0.,-1.,0.));
#5066=DIRECTION('',(0.708618639435758,-5.46587201823602E-17,-0.705591683514067));
#5067=DIRECTION('center_axis',(-0.999997709381839,0.,-0.00214038105858018));
#5068=DIRECTION('ref_axis',(0.00214038105858018,-1.65096545382594E-19,-0.999997709381839));
#5069=DIRECTION('',(0.00214038105858018,-1.65096545382594E-19,-0.999997709381839));
#5070=DIRECTION('',(0.,-1.,0.));
#5071=DIRECTION('',(0.00214038105858018,-1.65096545382594E-19,-0.999997709381839));
#5072=DIRECTION('center_axis',(-0.708618639435759,0.,0.705591683514066));
#5073=DIRECTION('ref_axis',(-0.705591683514066,5.4425238408779E-17,-0.708618639435759));
#5074=DIRECTION('',(-0.705591683514066,5.4425238408779E-17,-0.708618639435759));
#5075=DIRECTION('',(-0.705591683514066,5.4425238408779E-17,-0.708618639435759));
#5076=DIRECTION('center_axis',(0.,-1.,0.));
#5077=DIRECTION('ref_axis',(0.,0.,-1.));
#5078=DIRECTION('center_axis',(0.,1.,0.));
#5079=DIRECTION('ref_axis',(1.,-1.11022302462516E-16,0.));
#5080=DIRECTION('center_axis',(1.11022302462516E-16,1.,0.));
#5081=DIRECTION('ref_axis',(1.,-1.11022302462516E-16,0.));
#5082=DIRECTION('center_axis',(7.71341835234287E-17,1.,0.));
#5083=DIRECTION('ref_axis',(1.,-1.11022302462516E-16,0.));
#5084=DIRECTION('',(1.11022302462516E-16,1.,0.));
#5085=DIRECTION('center_axis',(0.,0.999996176084488,0.00276546856824486));
#5086=DIRECTION('ref_axis',(-2.13312160071273E-19,-0.00276546856824486,
0.999996176084488));
#5087=DIRECTION('',(-2.13312160071273E-19,-0.00276546856824486,0.999996176084488));
#5088=DIRECTION('',(1.,0.,0.));
#5089=DIRECTION('',(-2.13312160071273E-19,-0.00276546856824486,0.999996176084488));
#5090=DIRECTION('',(1.,0.,0.));
#5091=DIRECTION('center_axis',(0.,0.709059558847723,-0.705148595692193));
#5092=DIRECTION('ref_axis',(5.43910611914097E-17,0.705148595692193,0.709059558847723));
#5093=DIRECTION('',(5.43910611914097E-17,0.705148595692193,0.709059558847723));
#5094=DIRECTION('',(1.,0.,0.));
#5095=DIRECTION('',(5.43910611914097E-17,0.705148595692193,0.709059558847723));
#5096=DIRECTION('center_axis',(0.,0.00276546856824553,-0.999996176084488));
#5097=DIRECTION('ref_axis',(7.71338885688278E-17,0.999996176084488,0.00276546856824553));
#5098=DIRECTION('',(7.71338885688278E-17,0.999996176084488,0.00276546856824553));
#5099=DIRECTION('',(1.,0.,0.));
#5100=DIRECTION('',(7.71338885688278E-17,0.999996176084488,0.00276546856824553));
#5101=DIRECTION('center_axis',(0.,-0.705148595692193,-0.709059558847723));
#5102=DIRECTION('ref_axis',(5.46927301412017E-17,0.709059558847723,-0.705148595692193));
#5103=DIRECTION('',(5.46927301412017E-17,0.709059558847723,-0.705148595692193));
#5104=DIRECTION('',(1.,0.,0.));
#5105=DIRECTION('',(5.46927301412017E-17,0.709059558847723,-0.705148595692193));
#5106=DIRECTION('center_axis',(0.,-0.999996176084488,-0.0027654685682462));
#5107=DIRECTION('ref_axis',(2.13312160071376E-19,0.0027654685682462,-0.999996176084488));
#5108=DIRECTION('',(2.13312160071376E-19,0.0027654685682462,-0.999996176084488));
#5109=DIRECTION('',(1.,0.,0.));
#5110=DIRECTION('',(2.13312160071376E-19,0.0027654685682462,-0.999996176084488));
#5111=DIRECTION('center_axis',(0.,-0.709059558847724,0.705148595692192));
#5112=DIRECTION('ref_axis',(-5.43910611914096E-17,-0.705148595692192,-0.709059558847724));
#5113=DIRECTION('',(-5.43910611914096E-17,-0.705148595692192,-0.709059558847724));
#5114=DIRECTION('',(1.,0.,0.));
#5115=DIRECTION('',(-5.43910611914096E-17,-0.705148595692192,-0.709059558847724));
#5116=DIRECTION('center_axis',(0.,-0.00276546856824686,0.999996176084488));
#5117=DIRECTION('ref_axis',(-7.71338885688278E-17,-0.999996176084488,-0.00276546856824686));
#5118=DIRECTION('',(-7.71338885688278E-17,-0.999996176084488,-0.00276546856824686));
#5119=DIRECTION('',(1.,0.,0.));
#5120=DIRECTION('',(-7.71338885688278E-17,-0.999996176084488,-0.00276546856824686));
#5121=DIRECTION('center_axis',(0.,0.705148595692194,0.709059558847723));
#5122=DIRECTION('ref_axis',(-5.46927301412017E-17,-0.709059558847723,0.705148595692194));
#5123=DIRECTION('',(-5.46927301412017E-17,-0.709059558847723,0.705148595692194));
#5124=DIRECTION('',(-5.46927301412017E-17,-0.709059558847723,0.705148595692194));
#5125=DIRECTION('center_axis',(-1.,7.71341835234287E-17,0.));
#5126=DIRECTION('ref_axis',(0.,0.,1.));
#5127=DIRECTION('center_axis',(-1.,7.71341835234287E-17,0.));
#5128=DIRECTION('ref_axis',(0.,0.,-1.));
#5129=DIRECTION('center_axis',(-1.,1.11022302462516E-16,0.));
#5130=DIRECTION('ref_axis',(0.,0.,-1.));
#5131=DIRECTION('center_axis',(-1.,7.71341835234287E-17,0.));
#5132=DIRECTION('ref_axis',(0.,0.,-1.));
#5133=DIRECTION('',(-1.,1.11022302462516E-16,0.));
#5134=DIRECTION('center_axis',(-0.999995239896937,0.,-0.0030854794551592));
#5135=DIRECTION('ref_axis',(-0.0030854794551592,2.37995938552068E-19,0.999995239896937));
#5136=DIRECTION('',(-0.0030854794551592,2.37995938552019E-19,0.999995239896937));
#5137=DIRECTION('',(0.,1.,0.));
#5138=DIRECTION('',(-0.0030854794551592,2.37995938552068E-19,0.999995239896937));
#5139=DIRECTION('',(0.,1.,0.));
#5140=DIRECTION('center_axis',(-0.704921651839438,0.,-0.709285178731347));
#5141=DIRECTION('ref_axis',(-0.709285178731347,5.47101331467117E-17,0.704921651839438));
#5142=DIRECTION('',(-0.709285178731347,5.47101331467116E-17,0.704921651839438));
#5143=DIRECTION('',(0.,1.,0.));
#5144=DIRECTION('',(-0.709285178731347,5.47101331467117E-17,0.704921651839438));
#5145=DIRECTION('center_axis',(0.00308547945515853,0.,-0.999995239896937));
#5146=DIRECTION('ref_axis',(-0.999995239896937,7.71338163567655E-17,-0.00308547945515853));
#5147=DIRECTION('',(-0.999995239896937,7.71338163567655E-17,-0.00308547945515853));
#5148=DIRECTION('',(0.,1.,0.));
#5149=DIRECTION('',(-0.999995239896937,7.71338163567655E-17,-0.00308547945515853));
#5150=DIRECTION('center_axis',(0.709285178731347,0.,-0.704921651839437));
#5151=DIRECTION('ref_axis',(-0.704921651839437,5.43735560626216E-17,-0.709285178731347));
#5152=DIRECTION('',(-0.704921651839437,5.43735560626217E-17,-0.709285178731347));
#5153=DIRECTION('',(0.,1.,0.));
#5154=DIRECTION('',(-0.704921651839437,5.43735560626216E-17,-0.709285178731347));
#5155=DIRECTION('center_axis',(0.999995239896937,0.,0.00308547945515786));
#5156=DIRECTION('ref_axis',(0.00308547945515786,-2.37995938551964E-19,-0.999995239896937));
#5157=DIRECTION('',(0.00308547945515786,-2.37995938551915E-19,-0.999995239896937));
#5158=DIRECTION('',(0.,1.,0.));
#5159=DIRECTION('',(0.00308547945515786,-2.37995938551964E-19,-0.999995239896937));
#5160=DIRECTION('center_axis',(0.704921651839438,0.,0.709285178731347));
#5161=DIRECTION('ref_axis',(0.709285178731347,-5.47101331467117E-17,-0.704921651839438));
#5162=DIRECTION('',(0.709285178731347,-5.47101331467117E-17,-0.704921651839438));
#5163=DIRECTION('',(0.,1.,0.));
#5164=DIRECTION('',(0.709285178731347,-5.47101331467117E-17,-0.704921651839438));
#5165=DIRECTION('center_axis',(-0.00308547945515819,0.,0.999995239896937));
#5166=DIRECTION('ref_axis',(0.999995239896937,-7.71338163567655E-17,0.00308547945515819));
#5167=DIRECTION('',(0.999995239896937,-7.71338163567655E-17,0.00308547945515819));
#5168=DIRECTION('',(0.,1.,0.));
#5169=DIRECTION('',(0.999995239896937,-7.71338163567655E-17,0.00308547945515819));
#5170=DIRECTION('center_axis',(-0.709285178731347,0.,0.704921651839438));
#5171=DIRECTION('ref_axis',(0.704921651839438,-5.43735560626217E-17,0.709285178731347));
#5172=DIRECTION('',(0.704921651839438,-5.43735560626217E-17,0.709285178731347));
#5173=DIRECTION('',(0.704921651839438,-5.43735560626217E-17,0.709285178731347));
#5174=DIRECTION('center_axis',(0.,1.,0.));
#5175=DIRECTION('ref_axis',(0.,0.,1.));
#5176=DIRECTION('center_axis',(0.,-1.,0.));
#5177=DIRECTION('ref_axis',(1.,1.11022302462516E-16,0.));
#5178=DIRECTION('center_axis',(1.11022302462516E-16,-1.,0.));
#5179=DIRECTION('ref_axis',(1.,1.11022302462516E-16,0.));
#5180=DIRECTION('center_axis',(1.3336005259002E-15,-1.,0.));
#5181=DIRECTION('ref_axis',(1.,1.11022302462516E-16,0.));
#5182=DIRECTION('',(1.11022302462516E-16,-1.,0.));
#5183=DIRECTION('center_axis',(0.,-1.,0.));
#5184=DIRECTION('ref_axis',(1.,0.,0.));
#5185=DIRECTION('center_axis',(1.24399346394233E-16,-1.,0.));
#5186=DIRECTION('ref_axis',(1.,0.,0.));
#5187=DIRECTION('',(0.,-1.,0.));
#5188=DIRECTION('center_axis',(1.24399346394233E-16,-1.,0.));
#5189=DIRECTION('ref_axis',(1.,1.24399346394233E-16,0.));
#5190=DIRECTION('center_axis',(-1.24399346394233E-16,1.,0.));
#5191=DIRECTION('ref_axis',(0.,0.,1.));
#5192=DIRECTION('center_axis',(-1.24399346394233E-16,1.,0.));
#5193=DIRECTION('ref_axis',(1.,0.,0.));
#5194=DIRECTION('center_axis',(0.,-0.69762510016855,-0.716462992494952));
#5195=DIRECTION('ref_axis',(-5.52637879508505E-17,-0.716462992494952,0.69762510016855));
#5196=DIRECTION('',(-5.52637879508505E-17,-0.716462992494952,0.69762510016855));
#5197=DIRECTION('',(-1.,0.,0.));
#5198=DIRECTION('',(-5.52637879508505E-17,-0.716462992494952,0.69762510016855));
#5199=DIRECTION('',(-1.,0.,0.));
#5200=DIRECTION('center_axis',(0.,0.0133204014072607,-0.999911279517513));
#5201=DIRECTION('ref_axis',(-7.71273401414502E-17,-0.999911279517513,-0.0133204014072607));
#5202=DIRECTION('',(-7.71273401414502E-17,-0.999911279517513,-0.0133204014072607));
#5203=DIRECTION('',(-1.,0.,0.));
#5204=DIRECTION('',(-7.71273401414502E-17,-0.999911279517513,-0.0133204014072607));
#5205=DIRECTION('center_axis',(0.,0.716462992494952,-0.69762510016855));
#5206=DIRECTION('ref_axis',(-5.38107425069512E-17,-0.69762510016855,-0.716462992494952));
#5207=DIRECTION('',(-5.38107425069512E-17,-0.69762510016855,-0.716462992494952));
#5208=DIRECTION('',(-1.,0.,0.));
#5209=DIRECTION('',(-5.38107425069512E-17,-0.69762510016855,-0.716462992494952));
#5210=DIRECTION('center_axis',(0.,0.999911279517513,0.0133204014072611));
#5211=DIRECTION('ref_axis',(1.02745828675341E-18,0.0133204014072611,-0.999911279517513));
#5212=DIRECTION('',(1.02745828675341E-18,0.0133204014072611,-0.999911279517513));
#5213=DIRECTION('',(-1.,0.,0.));
#5214=DIRECTION('',(1.02745828675341E-18,0.0133204014072611,-0.999911279517513));
#5215=DIRECTION('center_axis',(0.,0.697625100168549,0.716462992494952));
#5216=DIRECTION('ref_axis',(5.52637879508505E-17,0.716462992494952,-0.697625100168549));
#5217=DIRECTION('',(5.52637879508506E-17,0.716462992494952,-0.697625100168549));
#5218=DIRECTION('',(-1.,0.,0.));
#5219=DIRECTION('',(5.52637879508505E-17,0.716462992494952,-0.697625100168549));
#5220=DIRECTION('center_axis',(0.,-0.0133204014072612,0.999911279517513));
#5221=DIRECTION('ref_axis',(7.71273401414502E-17,0.999911279517513,0.0133204014072612));
#5222=DIRECTION('',(7.71273401414503E-17,0.999911279517513,0.0133204014072612));
#5223=DIRECTION('',(-1.,0.,0.));
#5224=DIRECTION('',(7.71273401414502E-17,0.999911279517513,0.0133204014072612));
#5225=DIRECTION('center_axis',(0.,-0.716462992494952,0.69762510016855));
#5226=DIRECTION('ref_axis',(5.38107425069512E-17,0.69762510016855,0.716462992494952));
#5227=DIRECTION('',(5.38107425069513E-17,0.69762510016855,0.716462992494952));
#5228=DIRECTION('',(-1.,0.,0.));
#5229=DIRECTION('',(5.38107425069512E-17,0.69762510016855,0.716462992494952));
#5230=DIRECTION('center_axis',(0.,-0.999911279517513,-0.0133204014072607));
#5231=DIRECTION('ref_axis',(-1.02745828675339E-18,-0.0133204014072607,0.999911279517513));
#5232=DIRECTION('',(-1.02745828675339E-18,-0.0133204014072607,0.999911279517513));
#5233=DIRECTION('',(-1.02745828675339E-18,-0.0133204014072607,0.999911279517513));
#5234=DIRECTION('center_axis',(-1.,0.,0.));
#5235=DIRECTION('ref_axis',(0.,0.,1.));
#5236=DIRECTION('center_axis',(1.,0.,0.));
#5237=DIRECTION('ref_axis',(0.,0.,1.));
#5238=DIRECTION('center_axis',(1.,5.27355936696949E-16,0.));
#5239=DIRECTION('ref_axis',(0.,0.,1.));
#5240=DIRECTION('center_axis',(1.,5.3540265764908E-16,0.));
#5241=DIRECTION('ref_axis',(0.,0.,1.));
#5242=DIRECTION('',(1.,5.27355936696949E-16,0.));
#5243=DIRECTION('center_axis',(1.,0.,0.));
#5244=DIRECTION('ref_axis',(0.,0.,1.));
#5245=DIRECTION('center_axis',(1.,-7.71341835234287E-17,0.));
#5246=DIRECTION('ref_axis',(0.,0.,1.));
#5247=DIRECTION('',(1.,0.,0.));
#5248=DIRECTION('center_axis',(1.,-7.71341835234287E-17,0.));
#5249=DIRECTION('ref_axis',(0.,0.,1.));
#5250=DIRECTION('center_axis',(-1.,7.71341835234287E-17,0.));
#5251=DIRECTION('ref_axis',(0.,0.,1.));
#5252=DIRECTION('center_axis',(-1.,7.71341835234287E-17,0.));
#5253=DIRECTION('ref_axis',(0.,0.,1.));
#5254=DIRECTION('center_axis',(0.,-1.,0.));
#5255=DIRECTION('ref_axis',(1.,0.,0.));
#5256=DIRECTION('',(0.,-1.,0.));
#5257=DIRECTION('center_axis',(7.71341835234287E-17,1.,0.));
#5258=DIRECTION('ref_axis',(1.,0.,0.));
#5259=DIRECTION('center_axis',(0.,1.,0.));
#5260=DIRECTION('ref_axis',(1.,0.,0.));
#5261=DIRECTION('center_axis',(7.71341835234287E-17,1.,0.));
#5262=DIRECTION('ref_axis',(1.,0.,0.));
#5263=DIRECTION('',(0.,1.,0.));
#5264=DIRECTION('center_axis',(7.71341835234287E-17,1.,0.));
#5265=DIRECTION('ref_axis',(1.,-7.71341835234287E-17,0.));
#5266=DIRECTION('center_axis',(-7.71341835234287E-17,-1.,0.));
#5267=DIRECTION('ref_axis',(0.,0.,-1.));
#5268=DIRECTION('center_axis',(-7.71341835234287E-17,-1.,0.));
#5269=DIRECTION('ref_axis',(1.,0.,0.));
#5270=DIRECTION('center_axis',(-1.,0.,0.));
#5271=DIRECTION('ref_axis',(0.,0.,-1.));
#5272=DIRECTION('center_axis',(-1.,7.71341835234287E-17,0.));
#5273=DIRECTION('ref_axis',(0.,0.,-1.));
#5274=DIRECTION('',(-1.,0.,0.));
#5275=DIRECTION('center_axis',(-1.,7.71341835234287E-17,0.));
#5276=DIRECTION('ref_axis',(0.,0.,-1.));
#5277=DIRECTION('center_axis',(1.,-7.71341835234287E-17,0.));
#5278=DIRECTION('ref_axis',(0.,0.,-1.));
#5279=DIRECTION('center_axis',(1.,-7.71341835234287E-17,0.));
#5280=DIRECTION('ref_axis',(0.,0.,-1.));
#5281=DIRECTION('center_axis',(-1.,0.,0.));
#5282=DIRECTION('ref_axis',(0.,0.,-1.));
#5283=DIRECTION('',(-1.,0.,0.));
#5284=DIRECTION('center_axis',(1.,-7.71341835234287E-17,0.));
#5285=DIRECTION('ref_axis',(0.,0.,-1.));
#5286=DIRECTION('center_axis',(0.,1.,0.));
#5287=DIRECTION('ref_axis',(1.,0.,0.));
#5288=DIRECTION('',(0.,1.,0.));
#5289=DIRECTION('center_axis',(-7.71341835234287E-17,-1.,0.));
#5290=DIRECTION('ref_axis',(1.,0.,0.));
#5291=DIRECTION('center_axis',(1.,-1.38777878078144E-16,0.));
#5292=DIRECTION('ref_axis',(0.,0.,1.));
#5293=DIRECTION('',(1.,-1.38777878078144E-16,0.));
#5294=DIRECTION('center_axis',(-1.,7.71341835234287E-17,0.));
#5295=DIRECTION('ref_axis',(0.,0.,1.));
#5296=DIRECTION('center_axis',(0.,4.44089209850063E-16,-1.));
#5297=DIRECTION('ref_axis',(1.,0.,0.));
#5298=DIRECTION('center_axis',(0.,4.34782933914192E-16,-1.));
#5299=DIRECTION('ref_axis',(1.,0.,0.));
#5300=DIRECTION('',(0.,4.44089209850063E-16,-1.));
#5301=DIRECTION('center_axis',(0.,-4.34782933914192E-16,1.));
#5302=DIRECTION('ref_axis',(1.,0.,0.));
#5303=DIRECTION('center_axis',(0.,1.,0.));
#5304=DIRECTION('ref_axis',(0.,0.,1.));
#5305=DIRECTION('',(1.,0.,0.));
#5306=DIRECTION('',(0.,0.,1.));
#5307=DIRECTION('',(1.,0.,0.));
#5308=DIRECTION('',(0.,0.,-1.));
#5309=DIRECTION('',(-1.,0.,0.));
#5310=DIRECTION('',(0.,0.,1.));
#5311=DIRECTION('',(-1.,0.,0.));
#5312=DIRECTION('center_axis',(0.,0.,-1.));
#5313=DIRECTION('ref_axis',(-1.,0.,0.));
#5314=DIRECTION('',(1.,0.,0.));
#5315=DIRECTION('',(0.,1.,0.));
#5316=DIRECTION('',(0.,1.,0.));
#5317=DIRECTION('center_axis',(0.,4.34782933914192E-16,-1.));
#5318=DIRECTION('ref_axis',(0.,-1.,-4.34782933914192E-16));
#5319=DIRECTION('',(0.,1.,0.));
#5320=DIRECTION('',(-1.,0.,0.));
#5321=DIRECTION('center_axis',(0.,-4.34782933914192E-16,1.));
#5322=DIRECTION('ref_axis',(0.,1.,4.34782933914192E-16));
#5323=DIRECTION('',(0.,-1.,-4.34782933914192E-16));
#5324=DIRECTION('',(-1.,0.,0.));
#5325=DIRECTION('center_axis',(0.,-1.,-4.34782933914192E-16));
#5326=DIRECTION('ref_axis',(0.,-4.34782933914192E-16,1.));
#5327=DIRECTION('',(0.,4.34782933914192E-16,-1.));
#5328=DIRECTION('center_axis',(-1.,0.,0.));
#5329=DIRECTION('ref_axis',(0.,0.,1.));
#5330=DIRECTION('',(0.,0.,-1.));
#5331=DIRECTION('',(0.,-1.,0.));
#5332=DIRECTION('',(0.,1.,0.));
#5333=DIRECTION('center_axis',(0.,0.,-1.));
#5334=DIRECTION('ref_axis',(0.,1.,0.));
#5335=DIRECTION('',(-1.,0.,0.));
#5336=DIRECTION('',(0.,1.,0.));
#5337=DIRECTION('center_axis',(0.,0.,1.));
#5338=DIRECTION('ref_axis',(0.,-1.,0.));
#5339=DIRECTION('',(0.,1.,0.));
#5340=DIRECTION('center_axis',(0.,1.,0.));
#5341=DIRECTION('ref_axis',(0.,0.,1.));
#5342=DIRECTION('',(0.,0.,1.));
#5343=DIRECTION('center_axis',(1.,0.,0.));
#5344=DIRECTION('ref_axis',(0.,0.,-1.));
#5345=DIRECTION('center_axis',(-1.,7.71341835234287E-17,0.));
#5346=DIRECTION('ref_axis',(0.,0.707106781186544,0.707106781186551));
#5347=DIRECTION('',(1.,-7.71341835234287E-17,0.));
#5348=DIRECTION('',(-1.,7.71341835234287E-17,0.));
#5349=DIRECTION('center_axis',(0.,0.,-1.));
#5350=DIRECTION('ref_axis',(-1.,0.,0.));
#5351=DIRECTION('center_axis',(0.,0.,1.));
#5352=DIRECTION('ref_axis',(0.707106781186546,-0.707106781186549,0.));
#5353=DIRECTION('center_axis',(0.,0.,-1.));
#5354=DIRECTION('ref_axis',(0.707106781186546,-0.707106781186549,0.));
#5355=DIRECTION('center_axis',(-7.71341835234287E-17,-1.,0.));
#5356=DIRECTION('ref_axis',(-0.707106781186541,0.,0.707106781186554));
#5357=DIRECTION('',(7.71341835234287E-17,1.,0.));
#5358=DIRECTION('',(-7.71341835234287E-17,-1.,0.));
#5359=DIRECTION('center_axis',(7.71341835234287E-17,1.,0.));
#5360=DIRECTION('ref_axis',(0.707106781186541,0.,0.707106781186554));
#5361=DIRECTION('',(7.71341835234287E-17,1.,0.));
#5362=DIRECTION('',(-7.71341835234287E-17,-1.,0.));
#5363=DIRECTION('center_axis',(0.,0.,-1.));
#5364=DIRECTION('ref_axis',(-1.,0.,0.));
#5365=DIRECTION('center_axis',(0.,0.,1.));
#5366=DIRECTION('ref_axis',(0.713304883450913,0.700853867254137,0.));
#5367=DIRECTION('center_axis',(0.,0.,-1.));
#5368=DIRECTION('ref_axis',(0.713304883450913,0.700853867254137,0.));
#5369=DIRECTION('center_axis',(0.,0.,-1.));
#5370=DIRECTION('ref_axis',(-1.,0.,0.));
#5371=DIRECTION('center_axis',(0.,0.,-1.));
#5372=DIRECTION('ref_axis',(-0.675901181697503,0.736992260868402,0.));
#5373=DIRECTION('center_axis',(0.,0.,1.));
#5374=DIRECTION('ref_axis',(-0.675901181697503,0.736992260868402,0.));
#5375=DIRECTION('center_axis',(1.,-7.71341835234287E-17,0.));
#5376=DIRECTION('ref_axis',(0.,-0.707106781186541,0.707106781186554));
#5377=DIRECTION('',(-1.,7.71341835234287E-17,0.));
#5378=DIRECTION('',(1.,-7.71341835234287E-17,0.));
#5379=DIRECTION('center_axis',(0.,0.,-1.));
#5380=DIRECTION('ref_axis',(-1.,0.,0.));
#5381=DIRECTION('center_axis',(0.,0.,-1.));
#5382=DIRECTION('ref_axis',(-0.702338519673812,-0.711843103346797,0.));
#5383=DIRECTION('center_axis',(0.,0.,1.));
#5384=DIRECTION('ref_axis',(-0.702338519673812,-0.711843103346797,0.));
#5385=DIRECTION('center_axis',(0.,0.,-1.));
#5386=DIRECTION('ref_axis',(0.996069775122155,0.0885720220391219,0.));
#5387=DIRECTION('',(0.,0.,-1.));
#5388=DIRECTION('center_axis',(0.,0.,-1.));
#5389=DIRECTION('ref_axis',(0.996069775122155,0.0885720220391219,0.));
#5390=DIRECTION('',(0.,0.,-1.));
#5391=DIRECTION('center_axis',(7.71341835234287E-17,1.,0.));
#5392=DIRECTION('ref_axis',(1.,-7.71341835234287E-17,0.));
#5393=DIRECTION('',(0.,0.,-1.));
#5394=DIRECTION('',(-1.,7.71341835234287E-17,0.));
#5395=DIRECTION('center_axis',(0.,0.,-1.));
#5396=DIRECTION('ref_axis',(-0.000893653506101357,0.999999600691626,0.));
#5397=DIRECTION('',(0.,0.,-1.));
#5398=DIRECTION('center_axis',(0.,0.,1.));
#5399=DIRECTION('ref_axis',(-0.675901181697503,0.736992260868402,0.));
#5400=DIRECTION('center_axis',(-1.,7.71341835234287E-17,0.));
#5401=DIRECTION('ref_axis',(7.71341835234287E-17,1.,0.));
#5402=DIRECTION('',(0.,0.,-1.));
#5403=DIRECTION('',(-7.71341835234287E-17,-1.,0.));
#5404=DIRECTION('center_axis',(0.,0.,-1.));
#5405=DIRECTION('ref_axis',(-1.,0.,0.));
#5406=DIRECTION('center_axis',(0.,0.,-1.));
#5407=DIRECTION('ref_axis',(0.998502699787989,0.0547024543882449,0.));
#5408=DIRECTION('',(-1.,7.71341835234287E-17,0.));
#5409=DIRECTION('center_axis',(0.,0.,-1.));
#5410=DIRECTION('ref_axis',(-0.054702454388243,0.998502699787989,0.));
#5411=DIRECTION('',(-7.71341835234287E-17,-1.,0.));
#5412=DIRECTION('center_axis',(0.,0.,-1.));
#5413=DIRECTION('ref_axis',(-0.997168706961476,-0.0751968739827598,0.));
#5414=DIRECTION('',(1.,-7.71341835234287E-17,0.));
#5415=DIRECTION('center_axis',(0.,0.,-1.));
#5416=DIRECTION('ref_axis',(0.0896914342342036,-0.995969601255486,0.));
#5417=DIRECTION('',(7.71341835234287E-17,1.,0.));
#5418=DIRECTION('center_axis',(7.71341835234287E-17,1.,0.));
#5419=DIRECTION('ref_axis',(0.707106781186541,0.,0.707106781186554));
#5420=DIRECTION('',(-7.71341835234287E-17,-1.,0.));
#5421=DIRECTION('',(7.71341835234287E-17,1.,0.));
#5422=DIRECTION('center_axis',(0.,0.,1.));
#5423=DIRECTION('ref_axis',(1.,0.,0.));
#5424=DIRECTION('center_axis',(0.,0.,-1.));
#5425=DIRECTION('ref_axis',(0.707106781186546,-0.707106781186549,0.));
#5426=DIRECTION('center_axis',(0.,0.,1.));
#5427=DIRECTION('ref_axis',(0.707106781186546,-0.707106781186549,0.));
#5428=DIRECTION('center_axis',(1.,-7.71341835234287E-17,0.));
#5429=DIRECTION('ref_axis',(0.,-0.707106781186543,0.707106781186552));
#5430=DIRECTION('',(-1.,7.71341835234287E-17,0.));
#5431=DIRECTION('',(1.,-7.71341835234287E-17,0.));
#5432=DIRECTION('center_axis',(0.,0.,1.));
#5433=DIRECTION('ref_axis',(1.,0.,0.));
#5434=DIRECTION('center_axis',(0.,0.,-1.));
#5435=DIRECTION('ref_axis',(-0.700663493825341,-0.713491883920529,0.));
#5436=DIRECTION('center_axis',(0.,0.,1.));
#5437=DIRECTION('ref_axis',(-0.700663493825341,-0.71349188392053,0.));
#5438=DIRECTION('center_axis',(-7.71341835234287E-17,-1.,0.));
#5439=DIRECTION('ref_axis',(-0.707106781186541,0.,0.707106781186554));
#5440=DIRECTION('',(-7.71341835234287E-17,-1.,0.));
#5441=DIRECTION('',(7.71341835234287E-17,1.,0.));
#5442=DIRECTION('center_axis',(-1.,7.71341835234287E-17,0.));
#5443=DIRECTION('ref_axis',(0.,0.707106781186541,0.707106781186554));
#5444=DIRECTION('',(-1.,7.71341835234287E-17,0.));
#5445=DIRECTION('center_axis',(1.,0.,0.));
#5446=DIRECTION('ref_axis',(0.,1.,0.));
#5447=DIRECTION('',(1.,-7.71341835234287E-17,0.));
#5448=DIRECTION('center_axis',(0.,0.,1.));
#5449=DIRECTION('ref_axis',(1.,0.,0.));
#5450=DIRECTION('center_axis',(0.,0.,-1.));
#5451=DIRECTION('ref_axis',(-0.670637096629655,0.741785605565481,0.));
#5452=DIRECTION('center_axis',(0.,0.,1.));
#5453=DIRECTION('ref_axis',(-0.670637096629655,0.741785605565481,0.));
#5454=DIRECTION('center_axis',(0.,0.,1.));
#5455=DIRECTION('ref_axis',(1.,0.,0.));
#5456=DIRECTION('center_axis',(0.,0.,1.));
#5457=DIRECTION('ref_axis',(0.714397176096898,0.699740433864428,0.));
#5458=DIRECTION('center_axis',(0.,0.,-1.));
#5459=DIRECTION('ref_axis',(0.714397176096898,0.699740433864428,0.));
#5460=DIRECTION('center_axis',(0.,0.,-1.));
#5461=DIRECTION('ref_axis',(0.980444396136351,0.196796306075155,0.));
#5462=DIRECTION('',(0.,0.,-1.));
#5463=DIRECTION('center_axis',(0.,0.,-1.));
#5464=DIRECTION('ref_axis',(-0.700663493825341,-0.71349188392053,0.));
#5465=DIRECTION('',(0.,0.,-1.));
#5466=DIRECTION('center_axis',(1.,-7.71341835234287E-17,0.));
#5467=DIRECTION('ref_axis',(-7.71341835234287E-17,-1.,0.));
#5468=DIRECTION('',(0.,0.,-1.));
#5469=DIRECTION('',(7.71341835234287E-17,1.,0.));
#5470=DIRECTION('center_axis',(0.,0.,-1.));
#5471=DIRECTION('ref_axis',(0.000341693134889776,-0.999999941622899,0.));
#5472=DIRECTION('',(0.,0.,-1.));
#5473=DIRECTION('center_axis',(0.,0.,-1.));
#5474=DIRECTION('ref_axis',(-0.670637096629655,0.741785605565481,0.));
#5475=DIRECTION('center_axis',(-7.71341835234287E-17,-1.,0.));
#5476=DIRECTION('ref_axis',(-1.,7.71341835234287E-17,0.));
#5477=DIRECTION('',(0.,0.,-1.));
#5478=DIRECTION('',(1.,-7.71341835234287E-17,0.));
#5479=DIRECTION('center_axis',(0.,0.,-1.));
#5480=DIRECTION('ref_axis',(-1.,0.,0.));
#5481=DIRECTION('center_axis',(0.,0.,-1.));
#5482=DIRECTION('ref_axis',(-0.228743403550514,0.973486751492863,0.));
#5483=DIRECTION('',(-1.,1.92835458808572E-16,0.));
#5484=DIRECTION('center_axis',(0.,0.,-1.));
#5485=DIRECTION('ref_axis',(0.968659490464077,0.248392414404859,0.));
#5486=DIRECTION('',(7.71341835234287E-17,1.,0.));
#5487=DIRECTION('center_axis',(0.,0.,-1.));
#5488=DIRECTION('ref_axis',(-0.000446799814397942,-0.999999900184958,0.));
#5489=DIRECTION('',(1.,-7.71341835234287E-17,0.));
#5490=DIRECTION('center_axis',(0.,0.,-1.));
#5491=DIRECTION('ref_axis',(-0.993385919532091,-0.114823407349642,0.));
#5492=DIRECTION('',(-1.53701288669991E-16,-1.,0.));
#5493=DIRECTION('center_axis',(-7.71341835234287E-17,-1.,0.));
#5494=DIRECTION('ref_axis',(0.707106781186541,0.,-0.707106781186554));
#5495=DIRECTION('',(7.71341835234287E-17,1.,0.));
#5496=DIRECTION('',(-7.71341835234287E-17,-1.,0.));
#5497=DIRECTION('center_axis',(0.,0.,-1.));
#5498=DIRECTION('ref_axis',(-1.,0.,0.));
#5499=DIRECTION('center_axis',(0.,0.,-1.));
#5500=DIRECTION('ref_axis',(0.707106781186546,-0.707106781186549,0.));
#5501=DIRECTION('center_axis',(0.,0.,1.));
#5502=DIRECTION('ref_axis',(0.707106781186546,-0.707106781186549,0.));
#5503=DIRECTION('center_axis',(-1.,7.71341835234287E-17,0.));
#5504=DIRECTION('ref_axis',(0.,-0.707106781186543,-0.707106781186552));
#5505=DIRECTION('',(-1.,7.71341835234287E-17,0.));
#5506=DIRECTION('',(1.,-7.71341835234287E-17,0.));
#5507=DIRECTION('center_axis',(0.,0.,-1.));
#5508=DIRECTION('ref_axis',(-1.,0.,0.));
#5509=DIRECTION('center_axis',(0.,0.,-1.));
#5510=DIRECTION('ref_axis',(-0.702338519673812,-0.711843103346797,0.));
#5511=DIRECTION('center_axis',(0.,0.,1.));
#5512=DIRECTION('ref_axis',(-0.702338519673812,-0.711843103346797,0.));
#5513=DIRECTION('center_axis',(1.,-7.71341835234287E-17,0.));
#5514=DIRECTION('ref_axis',(0.,0.707106781186541,-0.707106781186554));
#5515=DIRECTION('',(1.,-7.71341835234287E-17,0.));
#5516=DIRECTION('center_axis',(7.71341835234287E-17,1.,0.));
#5517=DIRECTION('ref_axis',(-0.707106781186541,0.,-0.707106781186554));
#5518=DIRECTION('',(7.71341835234287E-17,1.,0.));
#5519=DIRECTION('center_axis',(0.,0.,-1.));
#5520=DIRECTION('ref_axis',(-1.,0.,0.));
#5521=DIRECTION('center_axis',(0.,0.,-1.));
#5522=DIRECTION('ref_axis',(-0.675901181697503,0.736992260868402,0.));
#5523=DIRECTION('center_axis',(0.,0.,-1.));
#5524=DIRECTION('ref_axis',(0.0723148593462374,-0.997381853212567,0.));
#5525=DIRECTION('',(0.,0.,-1.));
#5526=DIRECTION('',(0.,0.,-1.));
#5527=DIRECTION('center_axis',(-7.71341835234287E-17,-1.,0.));
#5528=DIRECTION('ref_axis',(-1.,7.71341835234287E-17,0.));
#5529=DIRECTION('',(0.,0.,-1.));
#5530=DIRECTION('center_axis',(0.,0.,-1.));
#5531=DIRECTION('ref_axis',(-0.996403362048241,-0.0847368874750634,0.));
#5532=DIRECTION('center_axis',(0.,0.,1.));
#5533=DIRECTION('ref_axis',(1.,0.,0.));
#5534=DIRECTION('center_axis',(0.,0.,1.));
#5535=DIRECTION('ref_axis',(0.707106781186546,-0.707106781186549,0.));
#5536=DIRECTION('center_axis',(0.,0.,-1.));
#5537=DIRECTION('ref_axis',(0.707106781186546,-0.707106781186549,0.));
#5538=DIRECTION('center_axis',(7.71341835234287E-17,1.,0.));
#5539=DIRECTION('ref_axis',(-0.707106781186541,0.,-0.707106781186554));
#5540=DIRECTION('',(7.71341835234287E-17,1.,0.));
#5541=DIRECTION('',(-7.71341835234287E-17,-1.,0.));
#5542=DIRECTION('center_axis',(0.,0.,1.));
#5543=DIRECTION('ref_axis',(1.,0.,0.));
#5544=DIRECTION('center_axis',(0.,0.,1.));
#5545=DIRECTION('ref_axis',(0.714397176096898,0.699740433864428,0.));
#5546=DIRECTION('center_axis',(0.,0.,-1.));
#5547=DIRECTION('ref_axis',(0.714397176096898,0.699740433864428,0.));
#5548=DIRECTION('center_axis',(-1.,7.71341835234287E-17,0.));
#5549=DIRECTION('ref_axis',(0.,-0.707106781186541,-0.707106781186554));
#5550=DIRECTION('',(-1.,7.71341835234287E-17,0.));
#5551=DIRECTION('center_axis',(-1.,0.,0.));
#5552=DIRECTION('ref_axis',(0.,0.,-1.));
#5553=DIRECTION('center_axis',(0.,0.,1.));
#5554=DIRECTION('ref_axis',(1.,0.,0.));
#5555=DIRECTION('center_axis',(0.,0.,1.));
#5556=DIRECTION('ref_axis',(-0.670637096629655,0.741785605565481,0.));
#5557=DIRECTION('center_axis',(-7.71341835234287E-17,-1.,0.));
#5558=DIRECTION('ref_axis',(0.707106781186541,0.,-0.707106781186554));
#5559=DIRECTION('',(-7.71341835234287E-17,-1.,0.));
#5560=DIRECTION('center_axis',(0.,0.,1.));
#5561=DIRECTION('ref_axis',(1.,0.,0.));
#5562=DIRECTION('center_axis',(0.,0.,1.));
#5563=DIRECTION('ref_axis',(-0.700663493825341,-0.71349188392053,0.));
#5564=DIRECTION('center_axis',(1.,-7.71341835234287E-17,0.));
#5565=DIRECTION('ref_axis',(0.,0.707106781186543,-0.707106781186552));
#5566=DIRECTION('',(-1.,7.71341835234287E-17,0.));
#5567=DIRECTION('',(1.,-7.71341835234287E-17,0.));
#5568=DIRECTION('center_axis',(7.71341835234287E-17,1.,0.));
#5569=DIRECTION('ref_axis',(1.,-7.71341835234287E-17,0.));
#5570=DIRECTION('',(0.,0.,-1.));
#5571=DIRECTION('center_axis',(0.,0.,-1.));
#5572=DIRECTION('ref_axis',(-0.0939285147423615,0.995578944191918,0.));
#5573=DIRECTION('',(0.,0.,-1.));
#5574=DIRECTION('center_axis',(0.,0.,1.));
#5575=DIRECTION('ref_axis',(1.,0.,0.));
#5576=DIRECTION('center_axis',(1.92835458808572E-16,1.,0.));
#5577=DIRECTION('ref_axis',(1.,-1.92835458808572E-16,0.));
#5578=DIRECTION('',(0.,0.,-1.));
#5579=DIRECTION('',(1.,-1.92835458808572E-16,0.));
#5580=DIRECTION('',(0.,0.,-1.));
#5581=DIRECTION('center_axis',(0.,0.,-1.));
#5582=DIRECTION('ref_axis',(0.968659490464077,0.248392414404859,0.));
#5583=DIRECTION('center_axis',(0.,0.,1.));
#5584=DIRECTION('ref_axis',(0.968659490464077,0.248392414404859,0.));
#5585=DIRECTION('',(0.,0.,-1.));
#5586=DIRECTION('center_axis',(1.,-7.71341835234287E-17,0.));
#5587=DIRECTION('ref_axis',(-7.71341835234287E-17,-1.,0.));
#5588=DIRECTION('',(-7.71341835234287E-17,-1.,0.));
#5589=DIRECTION('',(0.,0.,-1.));
#5590=DIRECTION('center_axis',(0.,0.,-1.));
#5591=DIRECTION('ref_axis',(-0.000446799814397942,-0.999999900184958,0.));
#5592=DIRECTION('center_axis',(0.,0.,1.));
#5593=DIRECTION('ref_axis',(-0.000446799814397942,-0.999999900184958,0.));
#5594=DIRECTION('',(0.,0.,-1.));
#5595=DIRECTION('center_axis',(-7.71341835234287E-17,-1.,0.));
#5596=DIRECTION('ref_axis',(-1.,7.71341835234287E-17,0.));
#5597=DIRECTION('',(-1.,7.71341835234287E-17,0.));
#5598=DIRECTION('',(0.,0.,-1.));
#5599=DIRECTION('center_axis',(0.,0.,-1.));
#5600=DIRECTION('ref_axis',(-0.993385919532091,-0.114823407349642,0.));
#5601=DIRECTION('center_axis',(0.,0.,1.));
#5602=DIRECTION('ref_axis',(-0.993385919532091,-0.114823407349642,0.));
#5603=DIRECTION('',(0.,0.,-1.));
#5604=DIRECTION('center_axis',(-1.,1.53701288669991E-16,0.));
#5605=DIRECTION('ref_axis',(1.53701288669991E-16,1.,0.));
#5606=DIRECTION('',(1.53701288669991E-16,1.,0.));
#5607=DIRECTION('',(0.,0.,-1.));
#5608=DIRECTION('center_axis',(0.,0.,-1.));
#5609=DIRECTION('ref_axis',(-0.228743403550514,0.973486751492863,0.));
#5610=DIRECTION('center_axis',(0.,0.,1.));
#5611=DIRECTION('ref_axis',(-0.228743403550514,0.973486751492863,0.));
#5612=DIRECTION('center_axis',(-1.,7.71341835234287E-17,0.));
#5613=DIRECTION('ref_axis',(7.71341835234287E-17,1.,0.));
#5614=DIRECTION('',(0.,0.,-1.));
#5615=DIRECTION('center_axis',(0.,0.,-1.));
#5616=DIRECTION('ref_axis',(-0.994839575655886,-0.101460429275736,0.));
#5617=DIRECTION('center_axis',(1.,-7.71341835234287E-17,0.));
#5618=DIRECTION('ref_axis',(-7.71341835234287E-17,-1.,0.));
#5619=DIRECTION('center_axis',(1.,-7.71341835234287E-17,0.));
#5620=DIRECTION('ref_axis',(0.,-0.707106781186548,0.707106781186547));
#5621=DIRECTION('center_axis',(0.707106781186548,-0.707106781186547,0.));
#5622=DIRECTION('ref_axis',(-0.707106781186547,-0.707106781186548,-5.68874079233252E-17));
#5623=DIRECTION('',(1.,-7.71341835234287E-17,0.));
#5624=DIRECTION('',(-1.,7.71341835234287E-17,0.));
#5625=DIRECTION('center_axis',(0.,0.,1.));
#5626=DIRECTION('ref_axis',(1.,0.,0.));
#5627=DIRECTION('center_axis',(0.,0.,-1.));
#5628=DIRECTION('ref_axis',(0.712230191337244,0.701945976943891,0.));
#5629=DIRECTION('center_axis',(0.,0.,1.));
#5630=DIRECTION('ref_axis',(0.712230191337244,0.701945976943891,0.));
#5631=DIRECTION('center_axis',(-1.,7.71341835234287E-17,0.));
#5632=DIRECTION('ref_axis',(0.,0.707106781186548,0.707106781186547));
#5633=DIRECTION('',(1.,-7.71341835234287E-17,0.));
#5634=DIRECTION('',(-1.,7.71341835234287E-17,0.));
#5635=DIRECTION('center_axis',(7.71341835234287E-17,1.,0.));
#5636=DIRECTION('ref_axis',(0.707106781186548,0.,0.707106781186547));
#5637=DIRECTION('',(-7.71341835234287E-17,-1.,0.));
#5638=DIRECTION('',(7.71341835234287E-17,1.,0.));
#5639=DIRECTION('center_axis',(0.,0.,1.));
#5640=DIRECTION('ref_axis',(1.,0.,0.));
#5641=DIRECTION('center_axis',(0.,0.,-1.));
#5642=DIRECTION('ref_axis',(-0.712230191337247,0.701945976943887,0.));
#5643=DIRECTION('center_axis',(0.,0.,1.));
#5644=DIRECTION('ref_axis',(-0.712230191337247,0.701945976943887,0.));
#5645=DIRECTION('center_axis',(0.,0.,1.));
#5646=DIRECTION('ref_axis',(1.,0.,0.));
#5647=DIRECTION('center_axis',(0.,0.,-1.));
#5648=DIRECTION('ref_axis',(0.707106781186547,-0.707106781186548,0.));
#5649=DIRECTION('center_axis',(0.,0.,1.));
#5650=DIRECTION('ref_axis',(0.707106781186547,-0.707106781186548,0.));
#5651=DIRECTION('center_axis',(-7.71341835234287E-17,-1.,0.));
#5652=DIRECTION('ref_axis',(-0.707106781186548,0.,0.707106781186547));
#5653=DIRECTION('',(7.71341835234287E-17,1.,0.));
#5654=DIRECTION('',(-7.71341835234287E-17,-1.,0.));
#5655=DIRECTION('center_axis',(7.71341835234287E-17,1.,0.));
#5656=DIRECTION('ref_axis',(1.,-7.71341835234287E-17,0.));
#5657=DIRECTION('',(0.,0.,-1.));
#5658=DIRECTION('',(1.,-7.71341835234287E-17,0.));
#5659=DIRECTION('',(0.,0.,-1.));
#5660=DIRECTION('',(0.,0.,-1.));
#5661=DIRECTION('center_axis',(0.,0.,-1.));
#5662=DIRECTION('ref_axis',(-0.054702454388243,0.998502699787989,0.));
#5663=DIRECTION('',(0.,0.,-1.));
#5664=DIRECTION('center_axis',(0.,0.,1.));
#5665=DIRECTION('ref_axis',(-0.998502699787989,0.0547024543882431,0.));
#5666=DIRECTION('center_axis',(-1.,7.71341835234287E-17,0.));
#5667=DIRECTION('ref_axis',(7.71341835234287E-17,1.,0.));
#5668=DIRECTION('',(0.,0.,-1.));
#5669=DIRECTION('',(7.71341835234287E-17,1.,0.));
#5670=DIRECTION('center_axis',(0.,0.,-1.));
#5671=DIRECTION('ref_axis',(-0.997168706961476,-0.0751968739827598,0.));
#5672=DIRECTION('',(0.,0.,-1.));
#5673=DIRECTION('center_axis',(0.,0.,1.));
#5674=DIRECTION('ref_axis',(-0.0896914342342042,-0.995969601255486,0.));
#5675=DIRECTION('center_axis',(0.,0.,-1.));
#5676=DIRECTION('ref_axis',(-1.,0.,0.));
#5677=DIRECTION('center_axis',(1.,-7.71341835234287E-17,0.));
#5678=DIRECTION('ref_axis',(-7.71341835234287E-17,-1.,0.));
#5679=DIRECTION('',(0.,0.,-1.));
#5680=DIRECTION('',(7.71341835234287E-17,1.,0.));
#5681=DIRECTION('',(0.,0.,-1.));
#5682=DIRECTION('center_axis',(0.,0.,-1.));
#5683=DIRECTION('ref_axis',(0.998502699787989,0.0547024543882449,0.));
#5684=DIRECTION('center_axis',(0.,0.,-1.));
#5685=DIRECTION('ref_axis',(0.998502699787989,0.0547024543882449,0.));
#5686=DIRECTION('',(0.,0.,-1.));
#5687=DIRECTION('center_axis',(0.,0.,-1.));
#5688=DIRECTION('ref_axis',(0.998502699787989,0.0547024543882449,0.));
#5689=DIRECTION('center_axis',(0.,0.,1.));
#5690=DIRECTION('ref_axis',(0.998502699787989,0.0547024543882449,0.));
#5691=DIRECTION('',(0.,0.,-1.));
#5692=DIRECTION('center_axis',(0.,0.,-1.));
#5693=DIRECTION('ref_axis',(0.0896914342342036,-0.995969601255486,0.));
#5694=DIRECTION('',(0.,0.,-1.));
#5695=DIRECTION('center_axis',(0.,0.,-1.));
#5696=DIRECTION('ref_axis',(0.0896914342342036,-0.995969601255486,0.));
#5697=DIRECTION('center_axis',(-7.71341835234287E-17,-1.,0.));
#5698=DIRECTION('ref_axis',(-1.,7.71341835234287E-17,0.));
#5699=DIRECTION('',(0.,0.,-1.));
#5700=DIRECTION('',(1.,-7.71341835234287E-17,0.));
#5701=DIRECTION('center_axis',(0.,0.,-1.));
#5702=DIRECTION('ref_axis',(-0.997168706961476,-0.0751968739827598,0.));
#5703=DIRECTION('',(0.,0.,-1.));
#5704=DIRECTION('center_axis',(0.,0.,-1.));
#5705=DIRECTION('ref_axis',(-0.997168706961476,-0.0751968739827598,0.));
#5706=DIRECTION('center_axis',(-7.71341835234287E-17,-1.,0.));
#5707=DIRECTION('ref_axis',(-1.,7.71341835234287E-17,0.));
#5708=DIRECTION('',(1.,-7.71341835234287E-17,0.));
#5709=DIRECTION('',(0.,0.,1.));
#5710=DIRECTION('',(-1.,7.71341835234287E-17,0.));
#5711=DIRECTION('',(0.,0.,-1.));
#5712=DIRECTION('center_axis',(7.71341835234287E-17,1.,0.));
#5713=DIRECTION('ref_axis',(1.,-7.71341835234287E-17,0.));
#5714=DIRECTION('',(-1.,7.71341835234287E-17,0.));
#5715=DIRECTION('',(0.,0.,1.));
#5716=DIRECTION('',(1.,-7.71341835234287E-17,0.));
#5717=DIRECTION('',(0.,0.,-1.));
#5718=DIRECTION('center_axis',(1.,-7.71341835234287E-17,0.));
#5719=DIRECTION('ref_axis',(-7.71341835234287E-17,-1.,0.));
#5720=DIRECTION('',(7.71341835234287E-17,1.,0.));
#5721=DIRECTION('',(0.,0.,1.));
#5722=DIRECTION('',(-7.71341835234287E-17,-1.,0.));
#5723=DIRECTION('',(0.,0.,-1.));
#5724=DIRECTION('center_axis',(-1.,7.71341835234287E-17,0.));
#5725=DIRECTION('ref_axis',(7.71341835234287E-17,1.,0.));
#5726=DIRECTION('',(-7.71341835234287E-17,-1.,0.));
#5727=DIRECTION('',(0.,0.,1.));
#5728=DIRECTION('',(7.71341835234287E-17,1.,0.));
#5729=DIRECTION('',(0.,0.,-1.));
#5730=DIRECTION('center_axis',(1.,-7.71341835234287E-17,0.));
#5731=DIRECTION('ref_axis',(-7.71341835234287E-17,-1.,0.));
#5732=DIRECTION('',(7.71341835234287E-17,1.,0.));
#5733=DIRECTION('',(0.,0.,1.));
#5734=DIRECTION('',(-7.71341835234287E-17,-1.,0.));
#5735=DIRECTION('',(0.,0.,-1.));
#5736=DIRECTION('center_axis',(-1.,7.71341835234287E-17,0.));
#5737=DIRECTION('ref_axis',(7.71341835234287E-17,1.,0.));
#5738=DIRECTION('',(-7.71341835234287E-17,-1.,0.));
#5739=DIRECTION('',(0.,0.,1.));
#5740=DIRECTION('',(7.71341835234287E-17,1.,0.));
#5741=DIRECTION('',(0.,0.,-1.));
#5742=DIRECTION('center_axis',(7.71341835234287E-17,1.,0.));
#5743=DIRECTION('ref_axis',(1.,-7.71341835234287E-17,0.));
#5744=DIRECTION('',(-1.,7.71341835234287E-17,0.));
#5745=DIRECTION('',(0.,0.,1.));
#5746=DIRECTION('',(1.,-7.71341835234287E-17,0.));
#5747=DIRECTION('',(0.,0.,-1.));
#5748=DIRECTION('center_axis',(-7.71341835234287E-17,-1.,0.));
#5749=DIRECTION('ref_axis',(-1.,7.71341835234287E-17,0.));
#5750=DIRECTION('',(1.,-7.71341835234287E-17,0.));
#5751=DIRECTION('',(0.,0.,1.));
#5752=DIRECTION('',(-1.,7.71341835234287E-17,0.));
#5753=DIRECTION('',(0.,0.,-1.));
#5754=DIRECTION('center_axis',(1.,-7.71341835234287E-17,0.));
#5755=DIRECTION('ref_axis',(-7.71341835234287E-17,-1.,0.));
#5756=DIRECTION('',(7.71341835234287E-17,1.,0.));
#5757=DIRECTION('',(0.,0.,-1.));
#5758=DIRECTION('',(-7.71341835234287E-17,-1.,0.));
#5759=DIRECTION('center_axis',(1.,-7.71341835234287E-17,0.));
#5760=DIRECTION('ref_axis',(-7.71341835234287E-17,-1.,0.));
#5761=DIRECTION('',(-7.71341835234287E-17,-1.,0.));
#5762=DIRECTION('',(0.,0.,-1.));
#5763=DIRECTION('',(7.71341835234287E-17,1.,0.));
#5764=DIRECTION('center_axis',(-1.,7.71341835234287E-17,0.));
#5765=DIRECTION('ref_axis',(-7.71341835234287E-17,-1.,0.));
#5766=DIRECTION('',(-7.71341835234287E-17,-1.,0.));
#5767=DIRECTION('',(0.,0.,1.));
#5768=DIRECTION('',(-7.71341835234287E-17,-1.,0.));
#5769=DIRECTION('center_axis',(-1.,7.71341835234287E-17,0.));
#5770=DIRECTION('ref_axis',(-7.71341835234287E-17,-1.,0.));
#5771=DIRECTION('',(-7.71341835234287E-17,-1.,0.));
#5772=DIRECTION('',(0.,0.,1.));
#5773=DIRECTION('',(-7.71341835234287E-17,-1.,0.));
#5774=DIRECTION('center_axis',(-7.71341835234287E-17,-1.,0.));
#5775=DIRECTION('ref_axis',(-1.,7.71341835234287E-17,0.));
#5776=DIRECTION('',(1.,-7.71341835234287E-17,0.));
#5777=DIRECTION('',(0.,0.,-1.));
#5778=DIRECTION('',(-1.,7.71341835234287E-17,0.));
#5779=DIRECTION('center_axis',(-7.71341835234287E-17,-1.,0.));
#5780=DIRECTION('ref_axis',(-1.,7.71341835234287E-17,0.));
#5781=DIRECTION('',(-1.,7.71341835234287E-17,0.));
#5782=DIRECTION('',(0.,0.,-1.));
#5783=DIRECTION('',(1.,-7.71341835234287E-17,0.));
#5784=DIRECTION('center_axis',(7.71341835234287E-17,1.,0.));
#5785=DIRECTION('ref_axis',(-1.,7.71341835234287E-17,0.));
#5786=DIRECTION('',(-1.,7.71341835234287E-17,0.));
#5787=DIRECTION('',(0.,0.,1.));
#5788=DIRECTION('',(-1.,7.71341835234287E-17,0.));
#5789=DIRECTION('center_axis',(7.71341835234287E-17,1.,0.));
#5790=DIRECTION('ref_axis',(-1.,7.71341835234287E-17,0.));
#5791=DIRECTION('',(-1.,7.71341835234287E-17,0.));
#5792=DIRECTION('',(0.,0.,1.));
#5793=DIRECTION('',(-1.,7.71341835234287E-17,0.));
#5794=DIRECTION('center_axis',(-1.3336005259002E-15,1.,0.));
#5795=DIRECTION('ref_axis',(1.,1.3336005259002E-15,0.));
#5796=DIRECTION('',(-1.,-1.3336005259002E-15,0.));
#5797=DIRECTION('',(0.,0.,-1.));
#5798=DIRECTION('',(1.,1.3336005259002E-15,0.));
#5799=DIRECTION('center_axis',(-1.3336005259002E-15,1.,0.));
#5800=DIRECTION('ref_axis',(1.,1.3336005259002E-15,0.));
#5801=DIRECTION('',(1.,1.3336005259002E-15,0.));
#5802=DIRECTION('',(0.,0.,-1.));
#5803=DIRECTION('',(-1.,-1.3336005259002E-15,0.));
#5804=DIRECTION('center_axis',(-7.71341835234287E-17,-1.,0.));
#5805=DIRECTION('ref_axis',(1.,-7.71341835234287E-17,0.));
#5806=DIRECTION('',(1.,-7.71341835234287E-17,0.));
#5807=DIRECTION('',(0.,0.,1.));
#5808=DIRECTION('',(1.,-7.71341835234287E-17,0.));
#5809=DIRECTION('center_axis',(-7.71341835234287E-17,-1.,0.));
#5810=DIRECTION('ref_axis',(1.,-7.71341835234287E-17,0.));
#5811=DIRECTION('',(1.,-7.71341835234287E-17,0.));
#5812=DIRECTION('',(0.,0.,1.));
#5813=DIRECTION('',(1.,-7.71341835234287E-17,0.));
#5814=DIRECTION('center_axis',(-1.,-5.3540265764908E-16,0.));
#5815=DIRECTION('ref_axis',(-5.3540265764908E-16,1.,0.));
#5816=DIRECTION('',(5.3540265764908E-16,-1.,0.));
#5817=DIRECTION('',(0.,0.,-1.));
#5818=DIRECTION('',(-5.3540265764908E-16,1.,0.));
#5819=DIRECTION('center_axis',(-1.,-5.3540265764908E-16,0.));
#5820=DIRECTION('ref_axis',(-5.3540265764908E-16,1.,0.));
#5821=DIRECTION('',(-5.3540265764908E-16,1.,0.));
#5822=DIRECTION('',(0.,0.,-1.));
#5823=DIRECTION('',(5.3540265764908E-16,-1.,0.));
#5824=DIRECTION('center_axis',(1.,-7.71341835234287E-17,0.));
#5825=DIRECTION('ref_axis',(7.71341835234287E-17,1.,0.));
#5826=DIRECTION('',(7.71341835234287E-17,1.,0.));
#5827=DIRECTION('',(0.,0.,1.));
#5828=DIRECTION('',(7.71341835234287E-17,1.,0.));
#5829=DIRECTION('center_axis',(0.,0.,-1.));
#5830=DIRECTION('ref_axis',(-1.,0.,0.));
#5831=DIRECTION('center_axis',(0.,0.,-1.));
#5832=DIRECTION('ref_axis',(0.0709108391946183,-0.997482657936826,0.));
#5833=DIRECTION('center_axis',(0.,0.,-1.));
#5834=DIRECTION('ref_axis',(-0.0824136968035281,0.996598205185608,0.));
#5835=DIRECTION('center_axis',(0.,0.,-1.));
#5836=DIRECTION('ref_axis',(-1.,0.,0.));
#5837=DIRECTION('center_axis',(0.,0.,-1.));
#5838=DIRECTION('ref_axis',(-0.998846321179998,-0.0480211064552227,0.));
#5839=DIRECTION('',(7.71341835234287E-17,1.,0.));
#5840=DIRECTION('center_axis',(0.,0.,-1.));
#5841=DIRECTION('ref_axis',(0.99925494421623,0.0385947724364105,0.));
#5842=DIRECTION('center_axis',(0.,0.,-1.));
#5843=DIRECTION('ref_axis',(-1.,0.,0.));
#5844=DIRECTION('center_axis',(0.,0.,-1.));
#5845=DIRECTION('ref_axis',(0.0480211064552226,-0.998846321179998,0.));
#5846=DIRECTION('center_axis',(0.,0.,-1.));
#5847=DIRECTION('ref_axis',(-0.0385947724364088,0.999254944216231,0.));
#5848=DIRECTION('center_axis',(0.,0.,-1.));
#5849=DIRECTION('ref_axis',(-1.,0.,0.));
#5850=DIRECTION('center_axis',(0.,0.,-1.));
#5851=DIRECTION('ref_axis',(-0.99821441062319,-0.059732657936826,0.));
#5852=DIRECTION('center_axis',(0.,0.,-1.));
#5853=DIRECTION('ref_axis',(0.997601196803528,0.0692232051856046,0.));
#5854=DIRECTION('center_axis',(0.,0.,1.));
#5855=DIRECTION('ref_axis',(-0.99821441062319,-0.059732657936826,0.));
#5856=DIRECTION('center_axis',(0.,0.,-1.));
#5857=DIRECTION('ref_axis',(-0.99821441062319,-0.059732657936826,0.));
#5858=DIRECTION('center_axis',(-7.71341835234287E-17,-1.,0.));
#5859=DIRECTION('ref_axis',(1.,-7.71341835234287E-17,0.));
#5860=DIRECTION('',(-1.,7.71341835234287E-17,0.));
#5861=DIRECTION('',(0.,0.,1.));
#5862=DIRECTION('',(1.,-7.71341835234287E-17,0.));
#5863=DIRECTION('',(0.,0.,1.));
#5864=DIRECTION('center_axis',(0.,0.,1.));
#5865=DIRECTION('ref_axis',(-0.0385947724364088,0.999254944216231,0.));
#5866=DIRECTION('center_axis',(0.,0.,-1.));
#5867=DIRECTION('ref_axis',(-0.0385947724364088,0.999254944216231,0.));
#5868=DIRECTION('center_axis',(0.,0.,-1.));
#5869=DIRECTION('ref_axis',(0.0535101021517774,0.998567308180929,0.));
#5870=DIRECTION('center_axis',(0.,0.,-1.));
#5871=DIRECTION('ref_axis',(0.0535101021517774,0.998567308180929,0.));
#5872=DIRECTION('center_axis',(0.,0.,1.));
#5873=DIRECTION('ref_axis',(0.0535101021517774,0.998567308180929,0.));
#5874=DIRECTION('',(0.,0.,-1.));
#5875=DIRECTION('center_axis',(0.,0.,-1.));
#5876=DIRECTION('ref_axis',(-1.,0.,0.));
#5877=DIRECTION('center_axis',(0.,0.,1.));
#5878=DIRECTION('ref_axis',(-0.99821441062319,-0.059732657936826,0.));
#5879=DIRECTION('',(7.71341835234287E-17,1.,0.));
#5880=DIRECTION('center_axis',(0.,0.,1.));
#5881=DIRECTION('ref_axis',(-0.0385947724364088,0.999254944216231,0.));
#5882=DIRECTION('',(1.,-7.71341835234287E-17,0.));
#5883=DIRECTION('center_axis',(0.,0.,1.));
#5884=DIRECTION('ref_axis',(0.99925494421623,0.0385947724364105,0.));
#5885=DIRECTION('',(-7.71341835234287E-17,-1.,0.));
#5886=DIRECTION('center_axis',(0.,0.,1.));
#5887=DIRECTION('ref_axis',(0.0709108391946183,-0.997482657936826,0.));
#5888=DIRECTION('center_axis',(0.,0.,1.));
#5889=DIRECTION('ref_axis',(0.997168706961476,-0.0751968739827493,0.));
#5890=DIRECTION('',(-7.71341835234287E-17,-1.,0.));
#5891=DIRECTION('',(-1.,7.71341835234287E-17,0.));
#5892=DIRECTION('center_axis',(0.,0.,1.));
#5893=DIRECTION('ref_axis',(1.,0.,0.));
#5894=DIRECTION('',(7.71341835234287E-17,1.,0.));
#5895=DIRECTION('center_axis',(1.,-7.71341835234287E-17,0.));
#5896=DIRECTION('ref_axis',(-7.71341835234287E-17,-1.,0.));
#5897=DIRECTION('',(0.,0.,-1.));
#5898=DIRECTION('center_axis',(0.,0.,-1.));
#5899=DIRECTION('ref_axis',(0.0896914342342036,-0.995969601255486,0.));
#5900=DIRECTION('',(0.,0.,-1.));
#5901=DIRECTION('center_axis',(-7.71341835234287E-17,-1.,0.));
#5902=DIRECTION('ref_axis',(-1.,7.71341835234287E-17,0.));
#5903=DIRECTION('center_axis',(-1.,7.71341835234287E-17,0.));
#5904=DIRECTION('ref_axis',(7.71341835234287E-17,1.,0.));
#5905=DIRECTION('',(0.,0.,-1.));
#5906=DIRECTION('',(-7.71341835234287E-17,-1.,0.));
#5907=DIRECTION('center_axis',(0.,0.,-1.));
#5908=DIRECTION('ref_axis',(-0.054702454388243,0.998502699787989,0.));
#5909=DIRECTION('',(0.,0.,-1.));
#5910=DIRECTION('center_axis',(0.,0.,-1.));
#5911=DIRECTION('ref_axis',(-0.054702454388243,0.998502699787989,0.));
#5912=DIRECTION('center_axis',(7.71341835234287E-17,1.,0.));
#5913=DIRECTION('ref_axis',(1.,-7.71341835234287E-17,0.));
#5914=DIRECTION('',(-1.,7.71341835234287E-17,0.));
#5915=DIRECTION('center_axis',(0.,0.,-1.));
#5916=DIRECTION('ref_axis',(0.0480211064552226,-0.998846321179998,0.));
#5917=DIRECTION('center_axis',(0.,0.,1.));
#5918=DIRECTION('ref_axis',(0.0480211064552226,-0.998846321179998,0.));
#5919=DIRECTION('center_axis',(0.,0.,-1.));
#5920=DIRECTION('ref_axis',(0.997601196803528,0.0692232051856046,0.));
#5921=DIRECTION('center_axis',(0.,0.,1.));
#5922=DIRECTION('ref_axis',(0.997601196803528,0.0692232051856046,0.));
#5923=DIRECTION('center_axis',(0.,0.,-1.));
#5924=DIRECTION('ref_axis',(-0.0824136968035281,0.996598205185608,0.));
#5925=DIRECTION('center_axis',(0.,0.,1.));
#5926=DIRECTION('ref_axis',(-0.0824136968035281,0.996598205185608,0.));
#5927=DIRECTION('center_axis',(0.,0.,-1.));
#5928=DIRECTION('ref_axis',(-0.998846321179998,-0.0480211064552227,0.));
#5929=DIRECTION('center_axis',(0.,0.,1.));
#5930=DIRECTION('ref_axis',(-0.998846321179998,-0.0480211064552227,0.));
#5931=DIRECTION('center_axis',(0.,0.,1.));
#5932=DIRECTION('ref_axis',(1.,0.,0.));
#5933=DIRECTION('center_axis',(0.,0.,1.));
#5934=DIRECTION('ref_axis',(0.998436336578937,0.055900642204115,0.));
#5935=DIRECTION('',(-1.,-1.24399346394233E-16,0.));
#5936=DIRECTION('center_axis',(0.,0.,1.));
#5937=DIRECTION('ref_axis',(-0.0662863365789371,0.997800642204115,0.));
#5938=DIRECTION('',(-7.71341835234287E-17,-1.,0.));
#5939=DIRECTION('center_axis',(0.,0.,1.));
#5940=DIRECTION('ref_axis',(-0.999382199751784,-0.0351456799519469,0.));
#5941=DIRECTION('',(1.,-7.71341835234287E-17,0.));
#5942=DIRECTION('center_axis',(0.,0.,1.));
#5943=DIRECTION('ref_axis',(0.0351456799519461,-0.999382199751784,0.));
#5944=DIRECTION('',(7.71341835234287E-17,1.,0.));
#5945=DIRECTION('center_axis',(0.,0.,-1.));
#5946=DIRECTION('ref_axis',(0.0709108391946183,-0.997482657936826,0.));
#5947=DIRECTION('center_axis',(0.,0.,-1.));
#5948=DIRECTION('ref_axis',(0.99925494421623,0.0385947724364105,0.));
#5949=DIRECTION('',(7.71341835234287E-17,1.,0.));
#5950=DIRECTION('center_axis',(0.,0.,1.));
#5951=DIRECTION('ref_axis',(0.0709108391946183,-0.997482657936826,0.));
#5952=DIRECTION('',(0.,0.,1.));
#5953=DIRECTION('center_axis',(0.,0.,-1.));
#5954=DIRECTION('ref_axis',(0.0709108391946183,-0.997482657936826,0.));
#5955=DIRECTION('center_axis',(0.,0.,1.));
#5956=DIRECTION('ref_axis',(0.99925494421623,0.0385947724364105,0.));
#5957=DIRECTION('',(0.,0.,1.));
#5958=DIRECTION('center_axis',(1.,-7.71341835234287E-17,0.));
#5959=DIRECTION('ref_axis',(7.71341835234287E-17,1.,0.));
#5960=DIRECTION('',(0.,0.,1.));
#5961=DIRECTION('',(7.71341835234287E-17,1.,0.));
#5962=DIRECTION('center_axis',(0.,0.,1.));
#5963=DIRECTION('ref_axis',(0.0709108391946183,-0.997482657936826,0.));
#5964=DIRECTION('center_axis',(1.,-7.71341835234287E-17,0.));
#5965=DIRECTION('ref_axis',(7.71341835234287E-17,1.,0.));
#5966=DIRECTION('center_axis',(0.,0.,1.));
#5967=DIRECTION('ref_axis',(0.99925494421623,0.0385947724364105,0.));
#5968=DIRECTION('',(0.,0.,1.));
#5969=DIRECTION('center_axis',(0.,0.,-1.));
#5970=DIRECTION('ref_axis',(0.99925494421623,0.0385947724364105,0.));
#5971=DIRECTION('center_axis',(0.,0.,1.));
#5972=DIRECTION('ref_axis',(-1.,3.26471799196717E-16,0.));
#5973=DIRECTION('center_axis',(0.,0.,-1.));
#5974=DIRECTION('ref_axis',(-1.,0.,0.));
#5975=DIRECTION('',(0.,0.,1.));
#5976=DIRECTION('center_axis',(0.,0.,1.));
#5977=DIRECTION('ref_axis',(-1.,3.26471799196717E-16,0.));
#5978=DIRECTION('center_axis',(0.,0.,-1.));
#5979=DIRECTION('ref_axis',(-1.,0.,0.));
#5980=DIRECTION('center_axis',(0.,0.,-1.));
#5981=DIRECTION('ref_axis',(-1.,0.,0.));
#5982=DIRECTION('center_axis',(0.,0.,-1.));
#5983=DIRECTION('ref_axis',(-1.,0.,0.));
#5984=DIRECTION('center_axis',(0.,0.,-1.));
#5985=DIRECTION('ref_axis',(-1.,0.,0.));
#5986=DIRECTION('center_axis',(0.,0.,-1.));
#5987=DIRECTION('ref_axis',(-1.,0.,0.));
#5988=DIRECTION('center_axis',(0.,0.,-1.));
#5989=DIRECTION('ref_axis',(-1.,0.,0.));
#5990=DIRECTION('center_axis',(0.,0.,-1.));
#5991=DIRECTION('ref_axis',(-1.,0.,0.));
#5992=DIRECTION('center_axis',(0.,0.,-1.));
#5993=DIRECTION('ref_axis',(-1.,0.,0.));
#5994=DIRECTION('center_axis',(0.,0.,-1.));
#5995=DIRECTION('ref_axis',(-1.,0.,0.));
#5996=DIRECTION('center_axis',(-7.71341835234287E-17,-1.,0.));
#5997=DIRECTION('ref_axis',(0.,0.,1.));
#5998=DIRECTION('',(-7.71341835234287E-17,-1.,0.));
#5999=DIRECTION('center_axis',(0.,0.,-1.));
#6000=DIRECTION('ref_axis',(-0.0385947724364088,0.999254944216231,0.));
#6001=DIRECTION('center_axis',(0.,0.,-1.));
#6002=DIRECTION('ref_axis',(-1.,0.,0.));
#6003=DIRECTION('center_axis',(-1.,7.71341835234287E-17,0.));
#6004=DIRECTION('ref_axis',(0.,0.,-1.));
#6005=DIRECTION('',(-1.,7.71341835234287E-17,0.));
#6006=DIRECTION('center_axis',(0.,0.,-1.));
#6007=DIRECTION('ref_axis',(0.99925494421623,0.0385947724364105,0.));
#6008=DIRECTION('center_axis',(0.,0.,-1.));
#6009=DIRECTION('ref_axis',(-1.,0.,0.));
#6010=DIRECTION('center_axis',(7.71341835234287E-17,1.,0.));
#6011=DIRECTION('ref_axis',(0.,0.,-1.));
#6012=DIRECTION('',(7.71341835234287E-17,1.,0.));
#6013=DIRECTION('center_axis',(0.,0.,-1.));
#6014=DIRECTION('ref_axis',(0.0709108391946184,-0.997482657936826,0.));
#6015=DIRECTION('center_axis',(-0.997482657936826,-0.0709108391946185,0.));
#6016=DIRECTION('ref_axis',(0.0709108391946184,-0.997482657936826,0.));
#6017=DIRECTION('center_axis',(0.,0.,-1.));
#6018=DIRECTION('ref_axis',(-1.,0.,0.));
#6019=DIRECTION('center_axis',(1.,-7.71341835234287E-17,0.));
#6020=DIRECTION('ref_axis',(-5.36476913010393E-17,-0.695511235751193,-0.718515219702302));
#6021=DIRECTION('center_axis',(-1.,7.71341835234287E-17,0.));
#6022=DIRECTION('ref_axis',(-7.71341835234287E-17,-1.,0.));
#6023=DIRECTION('',(1.,-7.71341835234287E-17,0.));
#6024=DIRECTION('center_axis',(0.,0.,-1.));
#6025=DIRECTION('ref_axis',(-0.99821441062319,-0.059732657936826,0.));
#6026=DIRECTION('center_axis',(0.,0.,-1.));
#6027=DIRECTION('ref_axis',(-1.,0.,0.));
#6028=DIRECTION('center_axis',(0.,0.,1.));
#6029=DIRECTION('ref_axis',(1.,0.,0.));
#6030=DIRECTION('center_axis',(0.,0.,-1.));
#6031=DIRECTION('ref_axis',(-0.99821441062319,-0.059732657936826,0.));
#6032=DIRECTION('',(-1.,7.71341835234287E-17,0.));
#6033=DIRECTION('center_axis',(0.,0.,-1.));
#6034=DIRECTION('ref_axis',(-0.0385947724364088,0.999254944216231,0.));
#6035=DIRECTION('',(-7.71341835234287E-17,-1.,0.));
#6036=DIRECTION('center_axis',(0.,0.,1.));
#6037=DIRECTION('ref_axis',(0.998436336578937,0.055900642204115,0.));
#6038=DIRECTION('center_axis',(0.,0.,1.));
#6039=DIRECTION('ref_axis',(0.998436336578937,0.055900642204115,0.));
#6040=DIRECTION('',(7.71341835234287E-17,1.,0.));
#6041=DIRECTION('center_axis',(0.,0.,1.));
#6042=DIRECTION('ref_axis',(0.0351456799519461,-0.999382199751784,0.));
#6043=DIRECTION('',(1.,-7.71341835234287E-17,0.));
#6044=DIRECTION('center_axis',(0.,0.,1.));
#6045=DIRECTION('ref_axis',(-0.999382199751784,-0.0351456799519469,0.));
#6046=DIRECTION('',(-7.71341835234287E-17,-1.,0.));
#6047=DIRECTION('center_axis',(0.,0.,1.));
#6048=DIRECTION('ref_axis',(-0.0662863365789371,0.997800642204115,0.));
#6049=DIRECTION('center_axis',(0.,0.,1.));
#6050=DIRECTION('ref_axis',(-0.0662863365789371,0.997800642204115,0.));
#6051=DIRECTION('',(-1.,-1.24399346394233E-16,0.));
#6052=DIRECTION('center_axis',(0.,0.,1.));
#6053=DIRECTION('ref_axis',(-0.99821441062319,-0.059732657936826,0.));
#6054=DIRECTION('',(0.,0.,1.));
#6055=DIRECTION('center_axis',(7.71341835234287E-17,1.,0.));
#6056=DIRECTION('ref_axis',(-1.,7.71341835234287E-17,0.));
#6057=DIRECTION('',(0.,0.,1.));
#6058=DIRECTION('center_axis',(0.,0.,1.));
#6059=DIRECTION('ref_axis',(-0.0385947724364088,0.999254944216231,0.));
#6060=DIRECTION('',(0.,0.,1.));
#6061=DIRECTION('',(0.,0.,1.));
#6062=DIRECTION('center_axis',(-1.,7.71341835234287E-17,0.));
#6063=DIRECTION('ref_axis',(-7.71341835234287E-17,-1.,0.));
#6064=DIRECTION('center_axis',(1.,-7.71341835234287E-17,0.));
#6065=DIRECTION('ref_axis',(7.71341835234287E-17,1.,0.));
#6066=DIRECTION('',(0.,0.,1.));
#6067=DIRECTION('',(0.,0.,1.));
#6068=DIRECTION('center_axis',(0.,0.,1.));
#6069=DIRECTION('ref_axis',(0.0351456799519461,-0.999382199751784,0.));
#6070=DIRECTION('',(0.,0.,1.));
#6071=DIRECTION('center_axis',(-7.71341835234287E-17,-1.,0.));
#6072=DIRECTION('ref_axis',(1.,-7.71341835234287E-17,0.));
#6073=DIRECTION('',(0.,0.,1.));
#6074=DIRECTION('center_axis',(0.,0.,1.));
#6075=DIRECTION('ref_axis',(-0.999382199751784,-0.0351456799519469,0.));
#6076=DIRECTION('',(0.,0.,1.));
#6077=DIRECTION('center_axis',(-1.,7.71341835234287E-17,0.));
#6078=DIRECTION('ref_axis',(-7.71341835234287E-17,-1.,0.));
#6079=DIRECTION('',(0.,0.,1.));
#6080=DIRECTION('center_axis',(0.,0.,1.));
#6081=DIRECTION('ref_axis',(-0.0662863365789371,0.997800642204115,0.));
#6082=DIRECTION('',(0.,0.,1.));
#6083=DIRECTION('center_axis',(-1.24399346394233E-16,1.,0.));
#6084=DIRECTION('ref_axis',(-1.,-1.24399346394233E-16,0.));
#6085=DIRECTION('',(0.,0.,1.));
#6086=DIRECTION('center_axis',(0.,0.,1.));
#6087=DIRECTION('ref_axis',(0.998436336578937,0.055900642204115,0.));
#6088=DIRECTION('center_axis',(0.,0.,1.));
#6089=DIRECTION('ref_axis',(1.,-7.71341835234287E-17,0.));
#6090=CARTESIAN_POINT('',(0.,0.,0.));
#6091=CARTESIAN_POINT('Origin',(10.0000000000001,-19.2132034355964,13.));
#6092=CARTESIAN_POINT('',(-9.99999999999989,-19.2132034355964,13.));
#6093=CARTESIAN_POINT('',(10.0000000000001,-19.2132034355964,13.));
#6094=CARTESIAN_POINT('',(19.3933982822018,-19.2132034355964,13.));
#6095=CARTESIAN_POINT('',(-9.99999999999989,-17.2132034355964,13.));
#6096=CARTESIAN_POINT('',(-9.99999999999989,-19.2132034355964,13.));
#6097=CARTESIAN_POINT('',(10.0000000000001,-17.2132034355964,13.));
#6098=CARTESIAN_POINT('',(10.0000000000001,-17.2132034355964,13.));
#6099=CARTESIAN_POINT('',(10.0000000000001,-19.2132034355964,13.));
#6100=CARTESIAN_POINT('Origin',(10.0000000000001,-19.2132034355964,22.));
#6101=CARTESIAN_POINT('',(10.0000000000001,-19.2132034355964,31.));
#6102=CARTESIAN_POINT('Origin',(10.0000000000001,-19.2132034355964,22.));
#6103=CARTESIAN_POINT('',(10.0000000000001,-17.2132034355964,31.));
#6104=CARTESIAN_POINT('Origin',(10.0000000000001,-17.2132034355964,22.));
#6105=CARTESIAN_POINT('',(10.0000000000001,-19.2132034355964,31.));
#6106=CARTESIAN_POINT('Origin',(-9.99999999999989,-19.2132034355964,31.));
#6107=CARTESIAN_POINT('',(-9.99999999999989,-19.2132034355964,31.));
#6108=CARTESIAN_POINT('',(9.39339828220184,-19.2132034355964,31.));
#6109=CARTESIAN_POINT('',(-9.99999999999989,-17.2132034355964,31.));
#6110=CARTESIAN_POINT('',(-9.99999999999989,-17.2132034355964,31.));
#6111=CARTESIAN_POINT('',(-9.99999999999989,-19.2132034355964,31.));
#6112=CARTESIAN_POINT('Origin',(-9.9999999999999,-19.2132034355964,22.));
#6113=CARTESIAN_POINT('Origin',(-9.9999999999999,-19.2132034355964,22.));
#6114=CARTESIAN_POINT('Origin',(-9.9999999999999,-17.2132034355964,22.));
#6115=CARTESIAN_POINT('Origin',(1.08801856413265E-13,-17.2132034355964,
22.));
#6116=CARTESIAN_POINT('',(-9.99999999999989,-17.2132034355964,18.));
#6117=CARTESIAN_POINT('',(10.0000000000001,-17.2132034355964,18.));
#6118=CARTESIAN_POINT('',(-9.99999999999989,-17.2132034355964,18.));
#6119=CARTESIAN_POINT('',(10.0000000000001,-17.2132034355964,26.));
#6120=CARTESIAN_POINT('Origin',(10.0000000000001,-17.2132034355964,22.));
#6121=CARTESIAN_POINT('',(-9.99999999999989,-17.2132034355964,26.));
#6122=CARTESIAN_POINT('',(10.0000000000001,-17.2132034355964,26.));
#6123=CARTESIAN_POINT('Origin',(-9.99999999999989,-17.2132034355964,22.));
#6124=CARTESIAN_POINT('Origin',(10.0000000000001,-20.2132034355964,22.));
#6125=CARTESIAN_POINT('',(10.0000000000001,-20.2132034355964,26.));
#6126=CARTESIAN_POINT('',(10.0000000000001,-20.2132034355964,18.));
#6127=CARTESIAN_POINT('Origin',(10.0000000000001,-20.2132034355964,22.));
#6128=CARTESIAN_POINT('',(10.0000000000001,-19.2132034355964,26.));
#6129=CARTESIAN_POINT('',(10.0000000000001,-20.2132034355964,18.));
#6130=CARTESIAN_POINT('Origin',(-9.99999999999989,-20.2132034355964,26.));
#6131=CARTESIAN_POINT('',(-9.99999999999989,-20.2132034355964,26.));
#6132=CARTESIAN_POINT('',(-4.99999999999989,-20.2132034355964,26.));
#6133=CARTESIAN_POINT('',(-9.99999999999989,-19.2132034355964,26.));
#6134=CARTESIAN_POINT('Origin',(-9.99999999999989,-20.2132034355964,22.));
#6135=CARTESIAN_POINT('',(-9.99999999999989,-20.2132034355964,18.));
#6136=CARTESIAN_POINT('Origin',(-9.99999999999989,-20.2132034355964,22.));
#6137=CARTESIAN_POINT('',(-9.99999999999989,-19.2132034355964,18.));
#6138=CARTESIAN_POINT('Origin',(10.0000000000001,-20.2132034355964,18.));
#6139=CARTESIAN_POINT('',(5.00000000000011,-20.2132034355964,18.));
#6140=CARTESIAN_POINT('Origin',(-11.9999999999999,-21.2132034355964,22.));
#6141=CARTESIAN_POINT('',(-11.9999999999999,-21.2132034355964,17.));
#6142=CARTESIAN_POINT('',(-11.9999999999999,-21.2132034355964,27.));
#6143=CARTESIAN_POINT('Origin',(-11.9999999999999,-21.2132034355964,22.));
#6144=CARTESIAN_POINT('',(-11.9999999999999,-20.2132034355964,17.));
#6145=CARTESIAN_POINT('',(-11.9999999999999,-21.2132034355964,17.));
#6146=CARTESIAN_POINT('',(-11.9999999999999,-20.2132034355964,27.));
#6147=CARTESIAN_POINT('Origin',(-11.9999999999999,-20.2132034355964,22.));
#6148=CARTESIAN_POINT('',(-11.9999999999999,-21.2132034355964,27.));
#6149=CARTESIAN_POINT('Origin',(12.0000000000001,-21.2132034355964,17.));
#6150=CARTESIAN_POINT('',(12.0000000000001,-21.2132034355964,17.));
#6151=CARTESIAN_POINT('',(-8.39339828220173,-21.2132034355964,17.));
#6152=CARTESIAN_POINT('',(12.0000000000001,-20.2132034355964,17.));
#6153=CARTESIAN_POINT('',(12.0000000000001,-21.2132034355964,17.));
#6154=CARTESIAN_POINT('',(-11.9999999999999,-20.2132034355964,17.));
#6155=CARTESIAN_POINT('Origin',(12.0000000000001,-21.2132034355964,22.));
#6156=CARTESIAN_POINT('',(12.0000000000001,-21.2132034355964,27.));
#6157=CARTESIAN_POINT('Origin',(12.0000000000001,-21.2132034355964,22.));
#6158=CARTESIAN_POINT('',(12.0000000000001,-20.2132034355964,27.));
#6159=CARTESIAN_POINT('',(12.0000000000001,-21.2132034355964,27.));
#6160=CARTESIAN_POINT('Origin',(12.0000000000001,-20.2132034355964,22.));
#6161=CARTESIAN_POINT('Origin',(-11.9999999999999,-21.2132034355964,27.));
#6162=CARTESIAN_POINT('',(-20.3933982822017,-21.2132034355964,27.));
#6163=CARTESIAN_POINT('',(12.0000000000001,-20.2132034355964,27.));
#6164=CARTESIAN_POINT('Origin',(1.06581410364015E-13,-20.2132034355964,
22.));
#6165=CARTESIAN_POINT('Origin',(19.9844153562887,5.,28.7226426765057));
#6166=CARTESIAN_POINT('',(17.4844153562887,5.,28.7226426765057));
#6167=CARTESIAN_POINT('Origin',(19.9844153562887,5.,28.7226426765057));
#6168=CARTESIAN_POINT('',(17.4844153562887,5.,18.7226426765057));
#6169=CARTESIAN_POINT('',(17.4844153562887,5.,28.7226426765057));
#6170=CARTESIAN_POINT('Origin',(19.9844153562887,5.,18.7226426765057));
#6171=CARTESIAN_POINT('Origin',(14.9844153562887,5.,23.7226426765057));
#6172=CARTESIAN_POINT('',(14.9844153562887,10.,28.7226426765057));
#6173=CARTESIAN_POINT('',(14.9844153562887,10.,18.7226426765057));
#6174=CARTESIAN_POINT('',(14.9844153562887,10.,28.7226426765057));
#6175=CARTESIAN_POINT('',(14.9844153562887,0.,18.7226426765057));
#6176=CARTESIAN_POINT('',(14.9844153562887,10.,18.7226426765057));
#6177=CARTESIAN_POINT('',(14.9844153562887,0.,28.7226426765057));
#6178=CARTESIAN_POINT('',(14.9844153562887,0.,18.7226426765057));
#6179=CARTESIAN_POINT('',(14.9844153562887,0.,28.7226426765057));
#6180=CARTESIAN_POINT('Origin',(24.9844153562887,10.,18.7226426765057));
#6181=CARTESIAN_POINT('',(48.,10.,18.7226426765057));
#6182=CARTESIAN_POINT('',(48.,10.,28.7226426765057));
#6183=CARTESIAN_POINT('',(48.,10.,14.3613213382529));
#6184=CARTESIAN_POINT('',(24.9844153562887,10.,18.7226426765057));
#6185=CARTESIAN_POINT('',(24.9844153562887,10.,28.7226426765057));
#6186=CARTESIAN_POINT('Origin',(24.9844153562887,0.,18.7226426765057));
#6187=CARTESIAN_POINT('',(48.,0.,18.7226426765057));
#6188=CARTESIAN_POINT('',(48.,7.25,18.7226426765057));
#6189=CARTESIAN_POINT('',(24.9844153562887,0.,18.7226426765057));
#6190=CARTESIAN_POINT('Origin',(24.9844153562887,0.,28.7226426765057));
#6191=CARTESIAN_POINT('',(48.,0.,28.7226426765057));
#6192=CARTESIAN_POINT('',(48.,8.88178419700125E-15,10.));
#6193=CARTESIAN_POINT('',(24.9844153562887,0.,28.7226426765057));
#6194=CARTESIAN_POINT('Origin',(24.9844153562887,10.,28.7226426765057));
#6195=CARTESIAN_POINT('',(48.,12.25,28.7226426765057));
#6196=CARTESIAN_POINT('Origin',(15.2166444650188,-13.2132034355964,58.0017685684899));
#6197=CARTESIAN_POINT('',(15.2166444650188,-13.2132034355964,58.0017685684899));
#6198=CARTESIAN_POINT('',(13.5597940107469,-13.2132034355964,57.9982222690375));
#6199=CARTESIAN_POINT('',(-6.78283677127176,-13.2132034355964,57.954681187694));
#6200=CARTESIAN_POINT('',(15.2166444650188,-13.7132034355964,58.0017685684899));
#6201=CARTESIAN_POINT('',(15.2166444650188,-13.2132034355964,58.0017685684899));
#6202=CARTESIAN_POINT('',(13.5597940107469,-13.7132034355964,57.9982222690375));
#6203=CARTESIAN_POINT('',(13.5597940107469,-13.7132034355964,57.9982222690374));
#6204=CARTESIAN_POINT('',(13.5597940107469,-13.2132034355964,57.9982222690375));
#6205=CARTESIAN_POINT('Origin',(16.3907222690375,-13.2132034355964,56.8327059892531));
#6206=CARTESIAN_POINT('',(16.3907222690375,-13.2132034355964,56.8327059892531));
#6207=CARTESIAN_POINT('',(4.2561778709991,-13.2132034355964,68.915416115684));
#6208=CARTESIAN_POINT('',(16.3907222690375,-13.7132034355964,56.8327059892531));
#6209=CARTESIAN_POINT('',(16.3907222690375,-13.2132034355964,56.8327059892531));
#6210=CARTESIAN_POINT('',(15.2166444650188,-13.7132034355964,58.0017685684899));
#6211=CARTESIAN_POINT('Origin',(16.3942685684899,-13.2132034355964,55.1758555349812));
#6212=CARTESIAN_POINT('',(16.3942685684899,-13.2132034355964,55.1758555349812));
#6213=CARTESIAN_POINT('',(16.3890023341476,-13.2132034355964,57.636268954482));
#6214=CARTESIAN_POINT('',(16.3942685684899,-13.7132034355964,55.1758555349812));
#6215=CARTESIAN_POINT('',(16.3942685684899,-13.2132034355964,55.1758555349812));
#6216=CARTESIAN_POINT('',(16.3907222690375,-13.7132034355964,56.8327059892531));
#6217=CARTESIAN_POINT('Origin',(15.2252059892531,-13.2132034355964,54.0017777309625));
#6218=CARTESIAN_POINT('',(15.2252059892531,-13.2132034355964,54.0017777309625));
#6219=CARTESIAN_POINT('',(5.76884829889413,-13.2132034355964,44.5048527003455));
#6220=CARTESIAN_POINT('',(15.2252059892531,-13.7132034355964,54.0017777309625));
#6221=CARTESIAN_POINT('',(15.2252059892531,-13.2132034355964,54.0017777309625));
#6222=CARTESIAN_POINT('',(16.3942685684899,-13.7132034355964,55.1758555349812));
#6223=CARTESIAN_POINT('Origin',(13.5683555349812,-13.2132034355964,53.9982314315101));
#6224=CARTESIAN_POINT('',(13.5683555349812,-13.2132034355964,53.9982314315101));
#6225=CARTESIAN_POINT('',(-7.60270047417341,-13.2132034355964,53.9529172004404));
#6226=CARTESIAN_POINT('',(13.5683555349812,-13.7132034355964,53.9982314315101));
#6227=CARTESIAN_POINT('',(13.5683555349812,-13.2132034355964,53.9982314315101));
#6228=CARTESIAN_POINT('',(15.2252059892531,-13.7132034355964,54.0017777309625));
#6229=CARTESIAN_POINT('Origin',(12.3942777309626,-13.2132034355964,55.1672940107469));
#6230=CARTESIAN_POINT('',(12.3942777309626,-13.2132034355964,55.1672940107469));
#6231=CARTESIAN_POINT('',(0.846772234933456,-13.2132034355964,66.6654728475594));
#6232=CARTESIAN_POINT('',(12.3942777309626,-13.7132034355964,55.1672940107469));
#6233=CARTESIAN_POINT('',(12.3942777309626,-13.2132034355964,55.1672940107469));
#6234=CARTESIAN_POINT('',(13.5683555349812,-13.7132034355964,53.9982314315101));
#6235=CARTESIAN_POINT('Origin',(12.3907314315101,-13.2132034355964,56.8241444650188));
#6236=CARTESIAN_POINT('',(12.3907314315101,-13.2132034355964,56.8241444650188));
#6237=CARTESIAN_POINT('',(12.387238346894,-13.2132034355964,58.4561326573837));
#6238=CARTESIAN_POINT('',(12.3907314315101,-13.7132034355964,56.8241444650188));
#6239=CARTESIAN_POINT('',(12.3907314315101,-13.2132034355964,56.8241444650188));
#6240=CARTESIAN_POINT('',(12.3942777309626,-13.7132034355964,55.1672940107469));
#6241=CARTESIAN_POINT('Origin',(13.5597940107469,-13.2132034355964,57.9982222690375));
#6242=CARTESIAN_POINT('',(3.51890503076966,-13.2132034355964,47.9142583364111));
#6243=CARTESIAN_POINT('',(12.3907314315101,-13.7132034355964,56.8241444650188));
#6244=CARTESIAN_POINT('Origin',(14.3925,-13.7132034355964,56.));
#6245=CARTESIAN_POINT('',(13.3875,-13.7132034355964,56.));
#6246=CARTESIAN_POINT('Origin',(14.3925,-13.7132034355964,56.));
#6247=CARTESIAN_POINT('Origin',(14.3925,-21.2132034355964,56.));
#6248=CARTESIAN_POINT('',(13.3875,-15.2132034355964,56.));
#6249=CARTESIAN_POINT('Origin',(14.3925,-15.2132034355964,56.));
#6250=CARTESIAN_POINT('',(13.3875,-21.2132034355964,56.));
#6251=CARTESIAN_POINT('Origin',(42.,13.7522833413436,55.1771069802256));
#6252=CARTESIAN_POINT('',(42.,13.7522833413436,55.1771069802256));
#6253=CARTESIAN_POINT('',(42.,13.7477013629944,56.8339548940473));
#6254=CARTESIAN_POINT('',(42.,13.7455619998483,57.6075507287591));
#6255=CARTESIAN_POINT('',(42.5,13.7522833413436,55.1771069802256));
#6256=CARTESIAN_POINT('',(42.,13.7522833413436,55.1771069802256));
#6257=CARTESIAN_POINT('',(42.5,13.7477013629944,56.8339548940473));
#6258=CARTESIAN_POINT('',(42.5,13.7477013629944,56.8339548940473));
#6259=CARTESIAN_POINT('',(42.,13.7477013629944,56.8339548940473));
#6260=CARTESIAN_POINT('Origin',(42.,12.5839548940474,54.0022986370056));
#6261=CARTESIAN_POINT('',(42.,12.5839548940474,54.0022986370056));
#6262=CARTESIAN_POINT('',(42.,10.9547687759494,52.3640765697186));
#6263=CARTESIAN_POINT('',(42.5,12.5839548940474,54.0022986370056));
#6264=CARTESIAN_POINT('',(42.,12.5839548940474,54.0022986370056));
#6265=CARTESIAN_POINT('',(42.5,13.7522833413436,55.1771069802256));
#6266=CARTESIAN_POINT('Origin',(42.,10.9271069802256,53.9977166586565));
#6267=CARTESIAN_POINT('',(42.,10.9271069802256,53.9977166586565));
#6268=CARTESIAN_POINT('',(42.,5.47189480558909,53.9826303831657));
#6269=CARTESIAN_POINT('',(42.5,10.9271069802256,53.9977166586565));
#6270=CARTESIAN_POINT('',(42.,10.9271069802256,53.9977166586565));
#6271=CARTESIAN_POINT('',(42.5,12.5839548940474,54.0022986370056));
#6272=CARTESIAN_POINT('Origin',(42.,9.7522986370056,55.1660451059526));
#6273=CARTESIAN_POINT('',(42.,9.7522986370056,55.1660451059526));
#6274=CARTESIAN_POINT('',(42.,6.09226895273262,58.8058871472206));
#6275=CARTESIAN_POINT('',(42.5,9.7522986370056,55.1660451059526));
#6276=CARTESIAN_POINT('',(42.,9.7522986370056,55.1660451059526));
#6277=CARTESIAN_POINT('',(42.5,10.9271069802256,53.9977166586565));
#6278=CARTESIAN_POINT('Origin',(42.,9.74771665865647,56.8228930197744));
#6279=CARTESIAN_POINT('',(42.,9.74771665865647,56.8228930197744));
#6280=CARTESIAN_POINT('',(42.,9.74328630633573,58.4249128113969));
#6281=CARTESIAN_POINT('',(42.5,9.74771665865647,56.8228930197744));
#6282=CARTESIAN_POINT('',(42.,9.74771665865647,56.8228930197744));
#6283=CARTESIAN_POINT('',(42.5,9.7522986370056,55.1660451059526));
#6284=CARTESIAN_POINT('Origin',(42.,10.9160451059527,57.9977013629944));
#6285=CARTESIAN_POINT('',(42.,10.9160451059527,57.9977013629944));
#6286=CARTESIAN_POINT('',(42.,8.70269476420662,55.7720751240974));
#6287=CARTESIAN_POINT('',(42.5,10.9160451059527,57.9977013629944));
#6288=CARTESIAN_POINT('',(42.,10.9160451059527,57.9977013629944));
#6289=CARTESIAN_POINT('',(42.5,9.74771665865647,56.8228930197744));
#6290=CARTESIAN_POINT('Origin',(42.,12.5728930197744,58.0022833413435));
#6291=CARTESIAN_POINT('',(42.,12.5728930197744,58.0022833413435));
#6292=CARTESIAN_POINT('',(42.,6.28925688822697,57.9849060766782));
#6293=CARTESIAN_POINT('',(42.5,12.5728930197744,58.0022833413435));
#6294=CARTESIAN_POINT('',(42.,12.5728930197744,58.0022833413435));
#6295=CARTESIAN_POINT('',(42.5,10.9160451059527,57.9977013629944));
#6296=CARTESIAN_POINT('Origin',(42.,13.7477013629944,56.8339548940473));
#6297=CARTESIAN_POINT('',(42.,9.50026750711142,61.0579611589634));
#6298=CARTESIAN_POINT('',(42.5,12.5728930197744,58.0022833413435));
#6299=CARTESIAN_POINT('Origin',(42.5,11.75,56.));
#6300=CARTESIAN_POINT('',(42.5,11.75,57.005));
#6301=CARTESIAN_POINT('Origin',(42.5,11.75,56.));
#6302=CARTESIAN_POINT('Origin',(50.,11.75,56.));
#6303=CARTESIAN_POINT('',(44.,11.75,57.005));
#6304=CARTESIAN_POINT('Origin',(44.,11.75,56.));
#6305=CARTESIAN_POINT('',(50.,11.75,57.005));
#6306=CARTESIAN_POINT('Origin',(-16.3904514868721,34.757,55.165405859742));
#6307=CARTESIAN_POINT('',(-16.3904514868721,34.757,55.165405859742));
#6308=CARTESIAN_POINT('',(-16.3955636766191,34.757,56.8222522224374));
#6309=CARTESIAN_POINT('',(-16.3977270607616,34.757,57.5233989570154));
#6310=CARTESIAN_POINT('',(-16.3904514868721,35.257,55.165405859742));
#6311=CARTESIAN_POINT('',(-16.3904514868721,34.757,55.165405859742));
#6312=CARTESIAN_POINT('',(-16.3955636766191,35.257,56.8222522224374));
#6313=CARTESIAN_POINT('',(-16.3955636766191,35.257,56.8222522224374));
#6314=CARTESIAN_POINT('',(-16.3955636766191,34.757,56.8222522224374));
#6315=CARTESIAN_POINT('Origin',(-15.2152693243891,34.757,53.9974534253326));
#6316=CARTESIAN_POINT('',(-15.2152693243891,34.757,53.9974534253326));
#6317=CARTESIAN_POINT('',(-7.34571709612146,34.757,46.1763147319942));
#6318=CARTESIAN_POINT('',(-15.2152693243891,35.257,53.9974534253326));
#6319=CARTESIAN_POINT('',(-15.2152693243891,34.757,53.9974534253326));
#6320=CARTESIAN_POINT('',(-16.3904514868721,35.257,55.165405859742));
#6321=CARTESIAN_POINT('Origin',(-13.5584229616937,34.757,54.0025656150796));
#6322=CARTESIAN_POINT('',(-13.5584229616937,34.757,54.0025656150796));
#6323=CARTESIAN_POINT('',(4.24762152506109,34.757,54.0575060610433));
#6324=CARTESIAN_POINT('',(-13.5584229616937,35.257,54.0025656150796));
#6325=CARTESIAN_POINT('',(-13.5584229616937,34.757,54.0025656150796));
#6326=CARTESIAN_POINT('',(-15.2152693243891,35.257,53.9974534253326));
#6327=CARTESIAN_POINT('Origin',(-12.3904705272844,34.757,55.1777477775626));
#6328=CARTESIAN_POINT('',(-12.3904705272844,34.757,55.1777477775626));
#6329=CARTESIAN_POINT('',(-2.63154785379923,34.757,64.9970790388826));
#6330=CARTESIAN_POINT('',(-12.3904705272844,35.257,55.1777477775626));
#6331=CARTESIAN_POINT('',(-12.3904705272844,34.757,55.1777477775626));
#6332=CARTESIAN_POINT('',(-13.5584229616937,35.257,54.0025656150796));
#6333=CARTESIAN_POINT('Origin',(-12.3955827170314,34.757,56.834594140258));
#6334=CARTESIAN_POINT('',(-12.3955827170314,34.757,56.834594140258));
#6335=CARTESIAN_POINT('',(-12.4003021960474,34.757,58.3641640561837));
#6336=CARTESIAN_POINT('',(-12.3955827170314,35.257,56.834594140258));
#6337=CARTESIAN_POINT('',(-12.3955827170314,34.757,56.834594140258));
#6338=CARTESIAN_POINT('',(-12.3904705272844,35.257,55.1777477775626));
#6339=CARTESIAN_POINT('Origin',(-13.5707648795143,34.757,58.0025465746674));
#6340=CARTESIAN_POINT('',(-13.5707648795143,34.757,58.0025465746674));
#6341=CARTESIAN_POINT('',(-5.1136215700052,34.757,49.5974316641243));
#6342=CARTESIAN_POINT('',(-13.5707648795143,35.257,58.0025465746674));
#6343=CARTESIAN_POINT('',(-13.5707648795143,34.757,58.0025465746674));
#6344=CARTESIAN_POINT('',(-12.3955827170314,35.257,56.834594140258));
#6345=CARTESIAN_POINT('Origin',(-15.2276112422097,34.757,57.9974343849204));
#6346=CARTESIAN_POINT('',(-15.2276112422097,34.757,57.9974343849204));
#6347=CARTESIAN_POINT('',(3.40685642589276,34.757,58.0549309257576));
#6348=CARTESIAN_POINT('',(-15.2276112422097,35.257,57.9974343849204));
#6349=CARTESIAN_POINT('',(-15.2276112422097,34.757,57.9974343849204));
#6350=CARTESIAN_POINT('',(-13.5707648795143,35.257,58.0025465746674));
#6351=CARTESIAN_POINT('Origin',(-16.3955636766191,34.757,56.8222522224374));
#6352=CARTESIAN_POINT('',(-6.05266478592928,34.757,67.2291745649988));
#6353=CARTESIAN_POINT('',(-15.2276112422097,35.257,57.9974343849204));
#6354=CARTESIAN_POINT('Origin',(-14.3930171019517,35.257,56.));
#6355=CARTESIAN_POINT('',(-15.4430171019517,35.257,56.));
#6356=CARTESIAN_POINT('Origin',(-14.3930171019517,35.257,56.));
#6357=CARTESIAN_POINT('Origin',(-14.3930171019517,42.757,56.));
#6358=CARTESIAN_POINT('',(-15.4430171019517,36.757,56.));
#6359=CARTESIAN_POINT('Origin',(-14.3930171019517,36.757,56.));
#6360=CARTESIAN_POINT('',(-15.4430171019517,42.757,56.));
#6361=CARTESIAN_POINT('Origin',(-14.3930171019517,42.757,56.));
#6362=CARTESIAN_POINT('',(-15.8930171019517,42.757,56.));
#6363=CARTESIAN_POINT('Origin',(-14.3930171019517,42.757,56.));
#6364=CARTESIAN_POINT('',(-15.8930171019517,41.757,56.));
#6365=CARTESIAN_POINT('',(-15.8930171019517,42.757,56.));
#6366=CARTESIAN_POINT('Origin',(-14.3930171019517,41.757,56.));
#6367=CARTESIAN_POINT('Origin',(-14.3930171019517,41.757,56.));
#6368=CARTESIAN_POINT('',(-15.4430171019517,41.757,56.));
#6369=CARTESIAN_POINT('Origin',(-14.3930171019517,41.757,56.));
#6370=CARTESIAN_POINT('Origin',(-42.,1.94828717652245,53.9891424591267));
#6371=CARTESIAN_POINT('',(-42.,1.94828717652244,53.9891424591267));
#6372=CARTESIAN_POINT('',(-42.,0.761212422803156,55.1450055708935));
#6373=CARTESIAN_POINT('',(-42.,3.66762376951697,52.315012217264));
#6374=CARTESIAN_POINT('',(-42.5,1.94828717652244,53.9891424591267));
#6375=CARTESIAN_POINT('',(-42.,1.94828717652244,53.9891424591267));
#6376=CARTESIAN_POINT('',(-42.5,0.761212422803156,55.1450055708935));
#6377=CARTESIAN_POINT('',(-42.5,0.761212422803156,55.1450055708935));
#6378=CARTESIAN_POINT('',(-42.,0.761212422803156,55.1450055708935));
#6379=CARTESIAN_POINT('Origin',(-42.,3.6049944291064,54.0112124228033));
#6380=CARTESIAN_POINT('',(-42.,3.6049944291064,54.0112124228033));
#6381=CARTESIAN_POINT('',(-42.,9.0914136357648,54.0843002133085));
#6382=CARTESIAN_POINT('',(-42.5,3.6049944291064,54.0112124228033));
#6383=CARTESIAN_POINT('',(-42.,3.6049944291064,54.0112124228033));
#6384=CARTESIAN_POINT('',(-42.5,1.94828717652244,53.9891424591267));
#6385=CARTESIAN_POINT('Origin',(-42.,4.76085754087321,55.1982871765225));
#6386=CARTESIAN_POINT('',(-42.,4.76085754087321,55.1982871765225));
#6387=CARTESIAN_POINT('',(-42.,8.3307864815071,58.8646145078971));
#6388=CARTESIAN_POINT('',(-42.5,4.76085754087321,55.1982871765225));
#6389=CARTESIAN_POINT('',(-42.,4.76085754087321,55.1982871765225));
#6390=CARTESIAN_POINT('',(-42.5,3.6049944291064,54.0112124228033));
#6391=CARTESIAN_POINT('Origin',(-42.,4.73878757719664,56.8549944291065));
#6392=CARTESIAN_POINT('',(-42.,4.73878757719664,56.8549944291065));
#6393=CARTESIAN_POINT('',(-42.,4.71870904831133,58.3622123345361));
#6394=CARTESIAN_POINT('',(-42.5,4.73878757719664,56.8549944291065));
#6395=CARTESIAN_POINT('',(-42.,4.73878757719664,56.8549944291065));
#6396=CARTESIAN_POINT('',(-42.5,4.76085754087321,55.1982871765225));
#6397=CARTESIAN_POINT('Origin',(-42.,3.55171282347735,58.0108575408733));
#6398=CARTESIAN_POINT('',(-42.,3.55171282347735,58.0108575408733));
#6399=CARTESIAN_POINT('',(-42.,5.86458679333152,55.7587957431272));
#6400=CARTESIAN_POINT('',(-42.5,3.55171282347735,58.0108575408733));
#6401=CARTESIAN_POINT('',(-42.,3.55171282347735,58.0108575408733));
#6402=CARTESIAN_POINT('',(-42.5,4.73878757719664,56.8549944291065));
#6403=CARTESIAN_POINT('Origin',(-42.,1.8950055708934,57.9887875771967));
#6404=CARTESIAN_POINT('',(-42.,1.8950055708934,57.9887875771967));
#6405=CARTESIAN_POINT('',(-42.,8.20977840384378,58.0729103495403));
#6406=CARTESIAN_POINT('',(-42.5,1.8950055708934,57.9887875771967));
#6407=CARTESIAN_POINT('',(-42.,1.8950055708934,57.9887875771967));
#6408=CARTESIAN_POINT('',(-42.5,3.55171282347735,58.0108575408733));
#6409=CARTESIAN_POINT('Origin',(-42.,0.739142459126589,56.8017128234774));
#6410=CARTESIAN_POINT('',(-42.,0.739142459126592,56.8017128234774));
#6411=CARTESIAN_POINT('',(-42.,4.88700295564389,61.0615775317117));
#6412=CARTESIAN_POINT('',(-42.5,0.739142459126592,56.8017128234774));
#6413=CARTESIAN_POINT('',(-42.,0.739142459126592,56.8017128234774));
#6414=CARTESIAN_POINT('',(-42.5,1.8950055708934,57.9887875771967));
#6415=CARTESIAN_POINT('Origin',(-42.,0.761212422803156,55.1450055708935));
#6416=CARTESIAN_POINT('',(-42.,0.730098912079566,57.4805771026151));
#6417=CARTESIAN_POINT('',(-42.5,0.739142459126592,56.8017128234774));
#6418=CARTESIAN_POINT('Origin',(-42.5,2.7499999999999,56.));
#6419=CARTESIAN_POINT('',(-42.5,2.7499999999999,54.995));
#6420=CARTESIAN_POINT('Origin',(-42.5,2.7499999999999,56.));
#6421=CARTESIAN_POINT('Origin',(-44.,2.7499999999999,56.));
#6422=CARTESIAN_POINT('',(-44.,2.7499999999999,54.995));
#6423=CARTESIAN_POINT('Origin',(-44.,2.7499999999999,56.));
#6424=CARTESIAN_POINT('',(-44.,2.7499999999999,54.995));
#6425=CARTESIAN_POINT('Origin',(-50.,2.74999999999989,56.));
#6426=CARTESIAN_POINT('',(-50.,2.74999999999989,54.5));
#6427=CARTESIAN_POINT('Origin',(-50.,2.74999999999989,56.));
#6428=CARTESIAN_POINT('',(-49.,2.74999999999989,54.5));
#6429=CARTESIAN_POINT('',(-50.,2.74999999999989,54.5));
#6430=CARTESIAN_POINT('Origin',(-49.,2.74999999999989,56.));
#6431=CARTESIAN_POINT('Origin',(-49.,2.74999999999989,56.));
#6432=CARTESIAN_POINT('',(-49.,2.74999999999989,54.95));
#6433=CARTESIAN_POINT('Origin',(-49.,2.74999999999989,56.));
#6434=CARTESIAN_POINT('Origin',(-14.3930171019517,42.757,56.));
#6435=CARTESIAN_POINT('',(-15.4430171019517,40.757,56.));
#6436=CARTESIAN_POINT('',(-15.4430171019517,42.757,56.));
#6437=CARTESIAN_POINT('Origin',(-14.3930171019517,40.757,56.));
#6438=CARTESIAN_POINT('Origin',(14.3925,-21.2132034355964,56.));
#6439=CARTESIAN_POINT('',(12.8925,-21.2132034355964,56.));
#6440=CARTESIAN_POINT('Origin',(14.3925,-21.2132034355964,56.));
#6441=CARTESIAN_POINT('',(12.8925,-20.2132034355964,56.));
#6442=CARTESIAN_POINT('',(12.8925,-21.2132034355964,56.));
#6443=CARTESIAN_POINT('Origin',(14.3925,-20.2132034355964,56.));
#6444=CARTESIAN_POINT('Origin',(14.3925,-20.2132034355964,56.));
#6445=CARTESIAN_POINT('',(13.3425,-20.2132034355964,56.));
#6446=CARTESIAN_POINT('Origin',(14.3925,-20.2132034355964,56.));
#6447=CARTESIAN_POINT('Origin',(50.,11.75,56.));
#6448=CARTESIAN_POINT('',(50.,11.75,57.5));
#6449=CARTESIAN_POINT('Origin',(50.,11.75,56.));
#6450=CARTESIAN_POINT('',(49.,11.75,57.5));
#6451=CARTESIAN_POINT('',(50.,11.75,57.5));
#6452=CARTESIAN_POINT('Origin',(49.,11.75,56.));
#6453=CARTESIAN_POINT('Origin',(49.,11.75,56.));
#6454=CARTESIAN_POINT('',(49.,11.75,57.05));
#6455=CARTESIAN_POINT('Origin',(49.,11.75,56.));
#6456=CARTESIAN_POINT('Origin',(50.,11.75,56.));
#6457=CARTESIAN_POINT('',(48.,11.75,57.05));
#6458=CARTESIAN_POINT('',(50.,11.75,57.05));
#6459=CARTESIAN_POINT('Origin',(48.,11.75,56.));
#6460=CARTESIAN_POINT('Origin',(14.3925,-21.2132034355964,56.));
#6461=CARTESIAN_POINT('',(13.3425,-19.2132034355964,56.));
#6462=CARTESIAN_POINT('',(13.3425,-21.2132034355964,56.));
#6463=CARTESIAN_POINT('Origin',(14.3925,-19.2132034355964,56.));
#6464=CARTESIAN_POINT('Origin',(-50.,2.74999999999989,56.));
#6465=CARTESIAN_POINT('',(-48.,2.74999999999989,54.95));
#6466=CARTESIAN_POINT('',(-50.,2.74999999999989,54.95));
#6467=CARTESIAN_POINT('Origin',(-48.,2.74999999999989,56.));
#6468=CARTESIAN_POINT('Origin',(-20.,4.99999999999999,-57.2773658207564));
#6469=CARTESIAN_POINT('',(-22.5,4.99999999999999,-57.2773573234943));
#6470=CARTESIAN_POINT('Origin',(-20.,4.99999999999999,-57.2773573234943));
#6471=CARTESIAN_POINT('',(-22.5,4.99999999999999,-62.2773573234943));
#6472=CARTESIAN_POINT('',(-22.5,4.99999999999999,-57.2773658207564));
#6473=CARTESIAN_POINT('Origin',(-20.,4.99999999999999,-62.2773573234943));
#6474=CARTESIAN_POINT('Origin',(-15.4571794932738,10.,-59.7602321562556));
#6475=CARTESIAN_POINT('',(-31.6104800226158,10.,-57.2773573234943));
#6476=CARTESIAN_POINT('',(-29.2677681025629,10.,-62.2773573234943));
#6477=CARTESIAN_POINT('Ctrl Pts',(-31.6104800226158,10.,-57.2773573234943));
#6478=CARTESIAN_POINT('Ctrl Pts',(-30.8589876042059,10.,-58.9579960905275));
#6479=CARTESIAN_POINT('Ctrl Pts',(-30.0783992158321,10.,-60.6250282480368));
#6480=CARTESIAN_POINT('Ctrl Pts',(-29.2677681025629,10.,-62.2773573234943));
#6481=CARTESIAN_POINT('',(-1.5,10.,-57.2773573234943));
#6482=CARTESIAN_POINT('',(-32.4143589865476,10.,-57.2773573234943));
#6483=CARTESIAN_POINT('',(-1.5,10.,-51.2773573234943));
#6484=CARTESIAN_POINT('',(-1.5,10.,-68.2431069890168));
#6485=CARTESIAN_POINT('',(1.5,10.,-51.2773573234943));
#6486=CARTESIAN_POINT('',(-1.5,10.,-51.2773573234943));
#6487=CARTESIAN_POINT('',(1.49999999999999,10.,-68.2431069890168));
#6488=CARTESIAN_POINT('',(1.49999999999999,10.,-51.2773573234943));
#6489=CARTESIAN_POINT('',(-1.5,10.,-68.2431069890168));
#6490=CARTESIAN_POINT('',(1.49999999999999,10.,-68.2431069890168));
#6491=CARTESIAN_POINT('',(-1.5,10.,-62.2773573234943));
#6492=CARTESIAN_POINT('',(-1.5,10.,-68.2431069890168));
#6493=CARTESIAN_POINT('',(-1.5,10.,-62.2773573234943));
#6494=CARTESIAN_POINT('Origin',(1.49999999999999,5.,-68.2431069890168));
#6495=CARTESIAN_POINT('',(-1.5,5.,-68.2431069890168));
#6496=CARTESIAN_POINT('',(1.49999999999999,5.,-68.2431069890168));
#6497=CARTESIAN_POINT('',(0.749999999999997,5.,-68.2431069890168));
#6498=CARTESIAN_POINT('',(-1.5,5.,-68.2431069890168));
#6499=CARTESIAN_POINT('',(1.49999999999999,5.,-68.2431069890168));
#6500=CARTESIAN_POINT('Ctrl Pts',(-4.08979659667818,10.1967924244549,-98.));
#6501=CARTESIAN_POINT('Ctrl Pts',(-11.041794942729,8.82297324344612,-90.8244185706211));
#6502=CARTESIAN_POINT('Ctrl Pts',(-23.3491518805034,6.24263880864416,-74.8096570917974));
#6503=CARTESIAN_POINT('Ctrl Pts',(-39.3510371518246,2.60993867180958,-40.93818917534));
#6504=CARTESIAN_POINT('Ctrl Pts',(-45.7794672430683,0.825905143388172,-11.5042902719174));
#6505=CARTESIAN_POINT('Ctrl Pts',(-47.7943288522031,0.080853129527562,8.02847190024998));
#6506=CARTESIAN_POINT('Ctrl Pts',(-4.12805210994794,10.3927113827276,-98.0001565579492));
#6507=CARTESIAN_POINT('Ctrl Pts',(-11.1427701546344,9.35414586779114,-90.8265632640163));
#6508=CARTESIAN_POINT('Ctrl Pts',(-23.5119323280915,7.39437435918298,-74.8208055751879));
#6509=CARTESIAN_POINT('Ctrl Pts',(-39.4649305725365,4.58108805219548,-40.9615295027828));
#6510=CARTESIAN_POINT('Ctrl Pts',(-45.8053482306017,3.13288734422655,-11.5222037627612));
#6511=CARTESIAN_POINT('Ctrl Pts',(-47.7965928707125,2.48699755780506,8.02459243544567));
#6512=CARTESIAN_POINT('Ctrl Pts',(-4.15229605090858,10.5913966984411,-98.000251810936));
#6513=CARTESIAN_POINT('Ctrl Pts',(-11.2068485907009,9.89276341166789,-90.8278923611754));
#6514=CARTESIAN_POINT('Ctrl Pts',(-23.6171594965942,8.55768611772196,-74.8295578042751));
#6515=CARTESIAN_POINT('Ctrl Pts',(-39.5439998044607,6.55916076326508,-40.9821087387634));
#6516=CARTESIAN_POINT('Ctrl Pts',(-45.8275454088532,5.4406164046477,-11.5386724349747));
#6517=CARTESIAN_POINT('Ctrl Pts',(-47.7985722425038,4.8932051125683,8.02107347984862));
#6518=CARTESIAN_POINT('Ctrl Pts',(-4.17225621700518,10.9900840994878,-98.0003133166567));
#6519=CARTESIAN_POINT('Ctrl Pts',(-11.2599080147118,10.9727225401955,-90.828841046807));
#6520=CARTESIAN_POINT('Ctrl Pts',(-23.7103890663046,10.8896532149094,-74.8420270427941));
#6521=CARTESIAN_POINT('Ctrl Pts',(-39.6311701126152,10.5182319921714,-41.0176178802374));
#6522=CARTESIAN_POINT('Ctrl Pts',(-45.864456168953,10.0559850487503,-11.5686734946563));
#6523=CARTESIAN_POINT('Ctrl Pts',(-47.801948455446,9.70516780191269,8.01476340338566));
#6524=CARTESIAN_POINT('Ctrl Pts',(-4.16798171618386,11.1901553934091,-98.0002795839243));
#6525=CARTESIAN_POINT('Ctrl Pts',(-11.2489476682953,11.5149212694752,-90.8284606811844));
#6526=CARTESIAN_POINT('Ctrl Pts',(-23.6984303171789,12.058646303976,-74.8457394606254));
#6527=CARTESIAN_POINT('Ctrl Pts',(-39.6392920757864,12.4994827038415,-41.0325451077201));
#6528=CARTESIAN_POINT('Ctrl Pts',(-45.8791712221822,12.3636310039398,-11.5822063477389));
#6529=CARTESIAN_POINT('Ctrl Pts',(-47.8033454086494,12.1109232687009,8.01197213978381));
#6530=CARTESIAN_POINT('Ctrl Pts',(-4.14949756876117,11.3888735373272,-98.0001825235801));
#6531=CARTESIAN_POINT('Ctrl Pts',(-11.2005821483121,12.0533393176471,-90.8272371387274));
#6532=CARTESIAN_POINT('Ctrl Pts',(-23.6280800568768,13.2219216586016,-74.8469552986949));
#6533=CARTESIAN_POINT('Ctrl Pts',(-39.6120383317692,14.4773502208715,-41.0446526295193));
#6534=CARTESIAN_POINT('Ctrl Pts',(-45.890124488969,14.6709102665313,-11.5942802372138));
#6535=CARTESIAN_POINT('Ctrl Pts',(-47.8044473484058,14.5166476544342,8.00954429024587));
#6536=CARTESIAN_POINT('',(-28.9563534468591,5.,-62.2773573234943));
#6537=CARTESIAN_POINT('Ctrl Pts',(-29.2677681025629,10.,-62.2773573234943));
#6538=CARTESIAN_POINT('Ctrl Pts',(-29.2295722077994,8.32893975263248,-62.2773573234943));
#6539=CARTESIAN_POINT('Ctrl Pts',(-29.125768932955,6.66068857531934,-62.2773573234943));
#6540=CARTESIAN_POINT('Ctrl Pts',(-28.9563534468591,5.,-62.2773573234943));
#6541=CARTESIAN_POINT('',(-28.9518302432417,4.95582022875594,-62.2773583236465));
#6542=CARTESIAN_POINT('Ctrl Pts',(-28.9563534468591,5.,-62.2773573234943));
#6543=CARTESIAN_POINT('Ctrl Pts',(-28.9548510529359,4.98527284322924,-62.2773573234943));
#6544=CARTESIAN_POINT('Ctrl Pts',(-28.9533434842459,4.97054623332984,-62.2773573234943));
#6545=CARTESIAN_POINT('Ctrl Pts',(-28.9518307405198,4.95582017767272,-62.2773573234943));
#6546=CARTESIAN_POINT('',(-27.6820192554406,5.24050115273654,-64.8048579219176));
#6547=CARTESIAN_POINT('Ctrl Pts',(-27.682212663967,5.24130346478839,-64.8048652309018));
#6548=CARTESIAN_POINT('Ctrl Pts',(-28.1117632657691,5.14536913624194,-63.968979647493));
#6549=CARTESIAN_POINT('Ctrl Pts',(-28.5350386162747,5.05044114571397,-63.1264852925773));
#6550=CARTESIAN_POINT('Ctrl Pts',(-28.9520321232483,4.95652201834051,-62.277379841798));
#6551=CARTESIAN_POINT('',(-4.08976810610458,10.1966474172844,-98.0000000747425));
#6552=CARTESIAN_POINT('Ctrl Pts',(-4.08979663843472,10.1967924162032,-97.9999999569006));
#6553=CARTESIAN_POINT('Ctrl Pts',(-11.04179496737,8.82297323827994,-90.8244185385574));
#6554=CARTESIAN_POINT('Ctrl Pts',(-19.2573350206152,7.1005204802776,-80.134071691628));
#6555=CARTESIAN_POINT('Ctrl Pts',(-26.0632622524281,5.60287418551235,-67.9552677762172));
#6556=CARTESIAN_POINT('Ctrl Pts',(-27.682212663967,5.24130346478839,-64.8048652309018));
#6557=CARTESIAN_POINT('',(-4.1496769911018,11.3888904453774,-98.));
#6558=CARTESIAN_POINT('Ctrl Pts',(-4.08979659667819,10.1967924244549,-98.));
#6559=CARTESIAN_POINT('Ctrl Pts',(-4.1148633709289,10.3246410005211,-98.));
#6560=CARTESIAN_POINT('Ctrl Pts',(-4.13392102379312,10.4535717489568,-98.0000000030762));
#6561=CARTESIAN_POINT('Ctrl Pts',(-4.14692895408106,10.5831382086861,-98.000000028422));
#6562=CARTESIAN_POINT('Ctrl Pts',(-4.1538607166384,10.6521825465908,-98.0000000419284));
#6563=CARTESIAN_POINT('Ctrl Pts',(-4.15907367841478,10.7214075959658,-98.0000000585793));
#6564=CARTESIAN_POINT('Ctrl Pts',(-4.1625556745112,10.7907463566986,-98.0000000586058));
#6565=CARTESIAN_POINT('Ctrl Pts',(-4.16909067414799,10.9208811310224,-98.0000000586556));
#6566=CARTESIAN_POINT('Ctrl Pts',(-4.16952225247138,11.0512280117562,-98.000000011813));
#6567=CARTESIAN_POINT('Ctrl Pts',(-4.16387401651955,11.1813390410022,-98.0000000025533));
#6568=CARTESIAN_POINT('Ctrl Pts',(-4.16086680477602,11.2506122474417,-97.9999999976232));
#6569=CARTESIAN_POINT('Ctrl Pts',(-4.15613528328123,11.3198186686535,-98.0000000000096));
#6570=CARTESIAN_POINT('Ctrl Pts',(-4.14967699110315,11.388890445365,-98.0000000000001));
#6571=CARTESIAN_POINT('',(-47.8038760677377,14.4758540316885,8.00963945323528));
#6572=CARTESIAN_POINT('Ctrl Pts',(-47.8044076389943,14.4575980681404,8.00947492187256));
#6573=CARTESIAN_POINT('Ctrl Pts',(-45.7960579276578,14.5844480278856,-12.5540770073657));
#6574=CARTESIAN_POINT('Ctrl Pts',(-41.5337789270358,14.4664253150039,-33.2099773036959));
#6575=CARTESIAN_POINT('Ctrl Pts',(-30.162144614515,13.6708616248978,-61.0212791959556));
#6576=CARTESIAN_POINT('Ctrl Pts',(-25.884765370229,13.3347240167852,-69.3674909649039));
#6577=CARTESIAN_POINT('Ctrl Pts',(-18.3103917205096,12.6853859226045,-81.035599102189));
#6578=CARTESIAN_POINT('Ctrl Pts',(-15.6680097363232,12.4517547018559,-84.6983765040523));
#6579=CARTESIAN_POINT('Ctrl Pts',(-11.4365229999765,12.0673377664725,-89.9689098201099));
#6580=CARTESIAN_POINT('Ctrl Pts',(-9.99172350612158,11.934494688055,-91.6773648021844));
#6581=CARTESIAN_POINT('Ctrl Pts',(-7.08949337412015,11.6648883046536,-94.9349885649687));
#6582=CARTESIAN_POINT('Ctrl Pts',(-5.63854537668364,11.5286431110586,-96.4854462436961));
#6583=CARTESIAN_POINT('Ctrl Pts',(-4.14967699111632,11.3888904452226,-98.));
#6584=CARTESIAN_POINT('',(-47.7906634327194,0.0438418556117918,8.01063493716295));
#6585=CARTESIAN_POINT('Ctrl Pts',(-47.7925046353929,0.0815275880651006,
8.01079270276094));
#6586=CARTESIAN_POINT('Ctrl Pts',(-47.7951631554289,2.48745075217005,8.01051539058054));
#6587=CARTESIAN_POINT('Ctrl Pts',(-47.7974871070329,4.89368724300409,8.01027827720626));
#6588=CARTESIAN_POINT('Ctrl Pts',(-47.7994775326526,7.29960846580898,8.01007770436011));
#6589=CARTESIAN_POINT('Ctrl Pts',(-47.8014564135435,9.69157503105303,8.00987829486266));
#6590=CARTESIAN_POINT('Ctrl Pts',(-47.8031061674275,12.0838885080361,8.00971494955291));
#6591=CARTESIAN_POINT('Ctrl Pts',(-47.8044285874646,14.4758537232658,8.00958501247125));
#6592=CARTESIAN_POINT('',(-31.3003192173276,4.42225885644844,-57.2773658207564));
#6593=CARTESIAN_POINT('Ctrl Pts',(-31.3005647701264,4.42301698417422,-57.2773980435559));
#6594=CARTESIAN_POINT('Ctrl Pts',(-33.0855967226836,4.01385564874158,-53.3012372356089));
#6595=CARTESIAN_POINT('Ctrl Pts',(-40.8812443181213,2.18518593002568,-33.9276296660728));
#6596=CARTESIAN_POINT('Ctrl Pts',(-45.7769542435788,0.826602535057477,-11.5157954857545));
#6597=CARTESIAN_POINT('Ctrl Pts',(-47.7923592931251,0.0815813163790635,
8.00938459732418));
#6598=CARTESIAN_POINT('',(-31.3509077189695,5.,-57.2773573234943));
#6599=CARTESIAN_POINT('Ctrl Pts',(-31.3003230796181,4.42225850388481,-57.2773573234943));
#6600=CARTESIAN_POINT('Ctrl Pts',(-31.3178963709851,4.61477171306605,-57.2773573234943));
#6601=CARTESIAN_POINT('Ctrl Pts',(-31.334757780635,4.80735625484934,-57.2773573234943));
#6602=CARTESIAN_POINT('Ctrl Pts',(-31.3509077189695,5.,-57.2773573234943));
#6603=CARTESIAN_POINT('Ctrl Pts',(-31.3511359407463,5.00067385476202,-57.277351452584));
#6604=CARTESIAN_POINT('Ctrl Pts',(-31.4108315644021,5.71309941457873,-57.2773438017047));
#6605=CARTESIAN_POINT('Ctrl Pts',(-31.4608168358545,6.42648692178573,-57.2773374946084));
#6606=CARTESIAN_POINT('Ctrl Pts',(-31.5011151379319,7.14058647244099,-57.2773332780696));
#6607=CARTESIAN_POINT('Ctrl Pts',(-31.538310315083,7.79969759923443,-57.2773293862206));
#6608=CARTESIAN_POINT('Ctrl Pts',(-31.5672524620904,8.45941592005362,-57.277327252878));
#6609=CARTESIAN_POINT('Ctrl Pts',(-31.587921910965,9.11955489927005,-57.277325462666));
#6610=CARTESIAN_POINT('Ctrl Pts',(-31.5971076656579,9.41292869762747,-57.277324667074));
#6611=CARTESIAN_POINT('Ctrl Pts',(-31.6046594494153,9.70639599757907,-57.2773237563784));
#6612=CARTESIAN_POINT('Ctrl Pts',(-31.6105794026622,9.99994038409738,-57.2773231579489));
#6613=CARTESIAN_POINT('Origin',(0.,5.00000000000001,-62.2773573234943));
#6614=CARTESIAN_POINT('',(-1.5,1.33226762955019E-14,-62.2773573234943));
#6615=CARTESIAN_POINT('',(-1.5,5.,-62.2773573234943));
#6616=CARTESIAN_POINT('',(-27.6092275616201,0.,-62.2773573234943));
#6617=CARTESIAN_POINT('',(0.,1.33226762955019E-14,-62.2773573234943));
#6618=CARTESIAN_POINT('Ctrl Pts',(-28.9518185217858,4.95577722188307,-62.2773573234943));
#6619=CARTESIAN_POINT('Ctrl Pts',(-28.8042990516838,3.56254032321408,-62.2773573234943));
#6620=CARTESIAN_POINT('Ctrl Pts',(-28.3832255159553,1.82545884822109,-62.2773573234943));
#6621=CARTESIAN_POINT('Ctrl Pts',(-27.6092275616201,2.22044604925031E-15,
-62.2773573234943));
#6622=CARTESIAN_POINT('Origin',(0.,1.11022302462516E-14,-57.2773573234943));
#6623=CARTESIAN_POINT('',(-1.5,1.11022302462516E-14,-57.2773573234943));
#6624=CARTESIAN_POINT('',(-1.5,-1.75,-57.2773573234943));
#6625=CARTESIAN_POINT('',(-30.2324898702468,0.,-57.2773573234943));
#6626=CARTESIAN_POINT('Ctrl Pts',(-30.2324898702468,8.32667268468867E-16,
-57.2773573234943));
#6627=CARTESIAN_POINT('Ctrl Pts',(-30.8292184881631,1.6003899294199,-57.2773573234943));
#6628=CARTESIAN_POINT('Ctrl Pts',(-31.1693374839119,3.12250272344653,-57.2773573234943));
#6629=CARTESIAN_POINT('Ctrl Pts',(-31.3002155007436,4.4218890872007,-57.2773573234943));
#6630=CARTESIAN_POINT('',(0.,1.11022302462516E-14,-57.2773573234943));
#6631=CARTESIAN_POINT('Origin',(0.,1.33226762955019E-14,-62.2773573234943));
#6632=CARTESIAN_POINT('',(-1.5,1.27675647831893E-14,-61.0273573234943));
#6633=CARTESIAN_POINT('Ctrl Pts',(-27.6092275616201,-8.07425682219374E-16,
-62.2773573234943));
#6634=CARTESIAN_POINT('Ctrl Pts',(-28.5192245944029,-8.07425682219374E-16,
-60.6304092707885));
#6635=CARTESIAN_POINT('Ctrl Pts',(-29.3935424950981,-8.07425682219374E-16,
-58.9620980538406));
#6636=CARTESIAN_POINT('Ctrl Pts',(-30.2324898702468,-8.07425682219374E-16,
-57.2773573234943));
#6637=CARTESIAN_POINT('Origin',(-1.5,-3.5,-59.7773573234943));
#6638=CARTESIAN_POINT('',(-1.5,5.,-68.2773573234943));
#6639=CARTESIAN_POINT('',(-1.5,5.,-93.2773573234943));
#6640=CARTESIAN_POINT('',(-1.5,-11.1287230097448,-68.2773573234943));
#6641=CARTESIAN_POINT('',(-1.5,-12.,-68.2773573234943));
#6642=CARTESIAN_POINT('',(-1.5,-12.,-65.5905624002264));
#6643=CARTESIAN_POINT('Ctrl Pts',(-1.49968227036054,-12.0002082552532,-65.5898589878452));
#6644=CARTESIAN_POINT('Ctrl Pts',(-1.49968689496427,-11.7631403666753,-66.3584777848907));
#6645=CARTESIAN_POINT('Ctrl Pts',(-1.49970045526466,-11.5168146131225,-67.1242108406185));
#6646=CARTESIAN_POINT('Ctrl Pts',(-1.4997178023251,-11.2607656603644,-67.8867884863827));
#6647=CARTESIAN_POINT('Ctrl Pts',(-1.49972076476483,-11.2170389671265,-68.0170174852799));
#6648=CARTESIAN_POINT('Ctrl Pts',(-1.49972371862693,-11.1730287045587,-68.1471544907128));
#6649=CARTESIAN_POINT('Ctrl Pts',(-1.49972648801073,-11.1287325538577,-68.2771981978897));
#6650=CARTESIAN_POINT('',(-1.5,-15.4064704430486,-51.2773573234943));
#6651=CARTESIAN_POINT('Ctrl Pts',(-1.5,-15.4064704430486,-51.2773573234943));
#6652=CARTESIAN_POINT('Ctrl Pts',(-1.5,-14.548163823315,-56.1018556080155));
#6653=CARTESIAN_POINT('Ctrl Pts',(-1.5,-13.4458245733133,-60.9026545957243));
#6654=CARTESIAN_POINT('Ctrl Pts',(-1.5,-12.,-65.5905624002264));
#6655=CARTESIAN_POINT('',(-1.5,-12.,-51.2773573234943));
#6656=CARTESIAN_POINT('Ctrl Pts',(2.83577840393753,7.94613994760074,-97.9999985914492));
#6657=CARTESIAN_POINT('Ctrl Pts',(4.04799379543001,6.66119802704481,-96.2084533405506));
#6658=CARTESIAN_POINT('Ctrl Pts',(6.4380060881782,4.24809435735199,-92.53636149161));
#6659=CARTESIAN_POINT('Ctrl Pts',(10.8730567194328,-0.181839561432124,-84.8326968333728));
#6660=CARTESIAN_POINT('Ctrl Pts',(17.7005918415209,-6.98328187678005,-70.3717035130659));
#6661=CARTESIAN_POINT('Ctrl Pts',(26.0398314621858,-15.635748209589,-41.8059961423453));
#6662=CARTESIAN_POINT('Ctrl Pts',(28.602931552587,-18.6945330748554,-12.1288457441544));
#6663=CARTESIAN_POINT('Ctrl Pts',(28.7583844520027,-19.1704816987469,8.01657374182472));
#6664=CARTESIAN_POINT('Ctrl Pts',(2.77486958831611,7.89057822765905,-98.0005293133985));
#6665=CARTESIAN_POINT('Ctrl Pts',(3.9655513034395,6.58846704607383,-96.2106428401567));
#6666=CARTESIAN_POINT('Ctrl Pts',(6.27150632351993,4.1176398852789,-92.5421256049836));
#6667=CARTESIAN_POINT('Ctrl Pts',(10.5012626346908,-0.398941518399338,-84.8388893282284));
#6668=CARTESIAN_POINT('Ctrl Pts',(16.9239474356648,-7.24968411357912,-70.3702745592299));
#6669=CARTESIAN_POINT('Ctrl Pts',(24.5756127021816,-15.7793819816001,-41.8149886166483));
#6670=CARTESIAN_POINT('Ctrl Pts',(26.7273641621797,-18.7100490531135,-12.1348150807081));
#6671=CARTESIAN_POINT('Ctrl Pts',(26.8436453963205,-19.171670457238,8.01514180376795));
#6672=CARTESIAN_POINT('Ctrl Pts',(2.58537989085739,7.73141871510328,-98.0029481227682));
#6673=CARTESIAN_POINT('Ctrl Pts',(3.69234094365215,6.36689488438736,-96.2160166174261));
#6674=CARTESIAN_POINT('Ctrl Pts',(5.80032902779783,3.77114601135282,-92.553529228643));
#6675=CARTESIAN_POINT('Ctrl Pts',(9.59558500527063,-0.926179980588095,-84.8594489704551));
#6676=CARTESIAN_POINT('Ctrl Pts',(15.1910361756412,-7.91167375686185,-70.3953044327306));
#6677=CARTESIAN_POINT('Ctrl Pts',(21.4897164337437,-16.17101362068,-41.842143943828));
#6678=CARTESIAN_POINT('Ctrl Pts',(22.9577924692688,-18.7425809878356,-12.1503791731888));
#6679=CARTESIAN_POINT('Ctrl Pts',(23.0126940978176,-19.1740320165889,8.01211467536465));
#6680=CARTESIAN_POINT('Ctrl Pts',(1.83643913951557,7.20650482663022,-98.0125928375498));
#6681=CARTESIAN_POINT('Ctrl Pts',(2.59402527378246,5.61969439926385,-96.2320680967555));
#6682=CARTESIAN_POINT('Ctrl Pts',(4.01666200155254,2.65141075700088,-92.5825735364892));
#6683=CARTESIAN_POINT('Ctrl Pts',(6.48884398052458,-2.55721174909398,-84.9133865876622));
#6684=CARTESIAN_POINT('Ctrl Pts',(9.91150927441781,-9.90371605647525,-70.4847433440157));
#6685=CARTESIAN_POINT('Ctrl Pts',(13.1595952797892,-17.3884715095643,-41.9369115791034));
#6686=CARTESIAN_POINT('Ctrl Pts',(13.459729159726,-18.8229993131941,-12.1984692903696));
#6687=CARTESIAN_POINT('Ctrl Pts',(13.4293878772818,-19.1794364458243,8.00459813092358));
#6688=CARTESIAN_POINT('Ctrl Pts',(0.799048872546283,6.83352558191293,-98.0055349747929));
#6689=CARTESIAN_POINT('Ctrl Pts',(1.11483995789459,5.08985096476798,-96.2283223123281));
#6690=CARTESIAN_POINT('Ctrl Pts',(1.73510279996555,1.85017155253432,-92.5870395652261));
#6691=CARTESIAN_POINT('Ctrl Pts',(2.81592457429409,-3.73124191313964,-84.936727589526));
#6692=CARTESIAN_POINT('Ctrl Pts',(4.31213028024468,-11.3433202634791,-70.5433975052959));
#6693=CARTESIAN_POINT('Ctrl Pts',(5.68073712595333,-18.2956056060973,-42.0067083298204));
#6694=CARTESIAN_POINT('Ctrl Pts',(5.76977218916775,-18.8695005050798,-12.2343900820884));
#6695=CARTESIAN_POINT('Ctrl Pts',(5.75551484730073,-19.1821896692749,8.00023134849044));
#6696=CARTESIAN_POINT('Ctrl Pts',(-0.264788224721139,6.83928789484487,-98.004537602627));
#6697=CARTESIAN_POINT('Ctrl Pts',(-0.37012209999992,5.09893260149904,-96.2272284186994));
#6698=CARTESIAN_POINT('Ctrl Pts',(-0.576904891521025,1.86056819053417,-92.5858400073215));
#6699=CARTESIAN_POINT('Ctrl Pts',(-0.937132678429649,-3.72061451220004,
-84.9356917575927));
#6700=CARTESIAN_POINT('Ctrl Pts',(-1.43573328239546,-11.335385186552,-70.5426624680008));
#6701=CARTESIAN_POINT('Ctrl Pts',(-1.89256259072002,-18.2933928383211,-42.0062295613556));
#6702=CARTESIAN_POINT('Ctrl Pts',(-1.92324615242679,-18.8693469890144,-12.2342291563968));
#6703=CARTESIAN_POINT('Ctrl Pts',(-1.9185039867849,-19.1821848437104,8.00024101068071));
#6704=CARTESIAN_POINT('Ctrl Pts',(-1.06213164072938,6.91942020626916,-98.0084410291606));
#6705=CARTESIAN_POINT('Ctrl Pts',(-1.48816717405151,5.21285235169399,-96.2304604812632));
#6706=CARTESIAN_POINT('Ctrl Pts',(-2.3089768234763,2.03984018237262,-92.5871985454699));
#6707=CARTESIAN_POINT('Ctrl Pts',(-3.73780153227241,-3.44878264261103,-84.9320776853378));
#6708=CARTESIAN_POINT('Ctrl Pts',(-5.71613402016955,-10.9923116071491,-70.5296386117193));
#6709=CARTESIAN_POINT('Ctrl Pts',(-7.5527170840966,-18.0728815719192,-41.9898825379233));
#6710=CARTESIAN_POINT('Ctrl Pts',(-7.69229842721722,-18.8579750767702,-12.2255175746256));
#6711=CARTESIAN_POINT('Ctrl Pts',(-7.67398539569972,-19.1815075791285,8.00131085880827));
#6712=CARTESIAN_POINT('Ctrl Pts',(-1.98417733734296,7.31409561807215,-98.0102425426335));
#6713=CARTESIAN_POINT('Ctrl Pts',(-2.81178519362761,5.77321540112555,-96.2283971376457));
#6714=CARTESIAN_POINT('Ctrl Pts',(-4.37146983688707,2.87999405341174,-92.5762564410098));
#6715=CARTESIAN_POINT('Ctrl Pts',(-7.10811690950701,-2.2262881972407,-84.9021601161582));
#6716=CARTESIAN_POINT('Ctrl Pts',(-10.9648454878328,-9.50179115148347,-70.4665300269372));
#6717=CARTESIAN_POINT('Ctrl Pts',(-14.8244940354111,-17.1439440411337,-41.9177448386004));
#6718=CARTESIAN_POINT('Ctrl Pts',(-15.3593116329324,-18.8068495927322,-12.1887813820951));
#6719=CARTESIAN_POINT('Ctrl Pts',(-15.3460478547195,-19.1783533696501,8.00610576771314));
#6720=CARTESIAN_POINT('Ctrl Pts',(-2.5866549615796,7.72939485569777,-98.0032740485092));
#6721=CARTESIAN_POINT('Ctrl Pts',(-3.69353028793863,6.36404103988913,-96.2163646478386));
#6722=CARTESIAN_POINT('Ctrl Pts',(-5.80152106310137,3.76791382164369,-92.553900712675));
#6723=CARTESIAN_POINT('Ctrl Pts',(-9.59685400738715,-0.929508709627416,
-84.8597784879791));
#6724=CARTESIAN_POINT('Ctrl Pts',(-15.1925854314413,-7.91425374054152,-70.3955490605732));
#6725=CARTESIAN_POINT('Ctrl Pts',(-21.4904238654116,-16.1720024148088,-41.8423160149118));
#6726=CARTESIAN_POINT('Ctrl Pts',(-22.9578101926342,-18.7426186533909,-12.1504194640985));
#6727=CARTESIAN_POINT('Ctrl Pts',(-23.0126948821925,-19.1740337255838,8.01211130268277));
#6728=CARTESIAN_POINT('Ctrl Pts',(-2.7748695883161,7.89057822765904,-98.0005293133985));
#6729=CARTESIAN_POINT('Ctrl Pts',(-3.96560560338941,6.58898348051055,-96.2106290971028));
#6730=CARTESIAN_POINT('Ctrl Pts',(-6.27153777314758,4.11825920619247,-92.5420947958566));
#6731=CARTESIAN_POINT('Ctrl Pts',(-10.5012510254406,-0.398359916006434,
-84.8388853050742));
#6732=CARTESIAN_POINT('Ctrl Pts',(-16.9236952127419,-7.24941470571836,-70.3702824207359));
#6733=CARTESIAN_POINT('Ctrl Pts',(-24.5757466976217,-15.7796784561239,-41.8150020376806));
#6734=CARTESIAN_POINT('Ctrl Pts',(-26.727353425904,-18.7100266879256,-12.1347921151374));
#6735=CARTESIAN_POINT('Ctrl Pts',(-26.8436453963203,-19.171670457238,8.01514180376795));
#6736=CARTESIAN_POINT('Ctrl Pts',(-2.83577840393753,7.94613994760074,-97.9999985914492));
#6737=CARTESIAN_POINT('Ctrl Pts',(-4.04799379543001,6.6611980270448,-96.2084533405506));
#6738=CARTESIAN_POINT('Ctrl Pts',(-6.43800608817819,4.24809435735199,-92.53636149161));
#6739=CARTESIAN_POINT('Ctrl Pts',(-10.8730567194328,-0.181839561432131,
-84.8326968333728));
#6740=CARTESIAN_POINT('Ctrl Pts',(-17.7005918415209,-6.98328187678006,-70.3717035130659));
#6741=CARTESIAN_POINT('Ctrl Pts',(-26.0398314621857,-15.635748209589,-41.8059961423453));
#6742=CARTESIAN_POINT('Ctrl Pts',(-28.6029315525869,-18.6945330748553,-12.1288457441544));
#6743=CARTESIAN_POINT('Ctrl Pts',(-28.7583844520025,-19.1704816987469,8.01657374182472));
#6744=CARTESIAN_POINT('',(28.7582594215301,-19.1694460338252,8.00049059873967));
#6745=CARTESIAN_POINT('',(-28.7582594215299,-19.1694460338252,8.00049059873967));
#6746=CARTESIAN_POINT('Ctrl Pts',(28.7582598459969,-19.1701008062075,8.00046451262646));
#6747=CARTESIAN_POINT('Ctrl Pts',(26.969091968108,-19.1712535016574,8.00043964626997));
#6748=CARTESIAN_POINT('Ctrl Pts',(25.2135297604946,-19.1723760201836,8.00040995943204));
#6749=CARTESIAN_POINT('Ctrl Pts',(23.4821171401619,-19.1734422285068,8.00038439087782));
#6750=CARTESIAN_POINT('Ctrl Pts',(23.3252373001606,-19.1735388355138,8.00038207416218));
#6751=CARTESIAN_POINT('Ctrl Pts',(23.1685556907696,-19.1736349843397,8.00037978095063));
#6752=CARTESIAN_POINT('Ctrl Pts',(23.0120652589711,-19.1737306577887,8.0003775121761));
#6753=CARTESIAN_POINT('Ctrl Pts',(21.0705312801963,-19.1749176520987,8.0003493641112));
#6754=CARTESIAN_POINT('Ctrl Pts',(19.1584292653611,-19.1760310773361,8.00032612268088));
#6755=CARTESIAN_POINT('Ctrl Pts',(17.2622552852405,-19.1770345574355,8.00031271645323));
#6756=CARTESIAN_POINT('Ctrl Pts',(15.0425004585379,-19.178209280756,8.00029702246162));
#6757=CARTESIAN_POINT('Ctrl Pts',(12.8445730290623,-19.1792342242691,8.00029325127077));
#6758=CARTESIAN_POINT('Ctrl Pts',(10.6467452427102,-19.1800574132443,8.00028592093982));
#6759=CARTESIAN_POINT('Ctrl Pts',(8.44742665829804,-19.1808811605929,8.00027858563667));
#6760=CARTESIAN_POINT('Ctrl Pts',(6.24820483280443,-19.1815038935352,8.00026581999279));
#6761=CARTESIAN_POINT('Ctrl Pts',(4.02727350917743,-19.1818583692111,8.0002525290944));
#6762=CARTESIAN_POINT('Ctrl Pts',(2.69424203943112,-19.1820711300589,8.0002445517267));
#6763=CARTESIAN_POINT('Ctrl Pts',(1.35338914142462,-19.1821869011051,8.00023688904367));
#6764=CARTESIAN_POINT('Ctrl Pts',(7.21736498121572E-7,-19.1821860500695,
8.00023859306561));
#6765=CARTESIAN_POINT('Ctrl Pts',(-1.93956353664368,-19.1821848304358,8.00024103512882));
#6766=CARTESIAN_POINT('Ctrl Pts',(-3.85338309998647,-19.1819502450577,8.00025080091219));
#6767=CARTESIAN_POINT('Ctrl Pts',(-5.75533276839036,-19.181530173804,8.00025978792631));
#6768=CARTESIAN_POINT('Ctrl Pts',(-8.04294507469933,-19.1810249237517,8.00027059725761));
#6769=CARTESIAN_POINT('Ctrl Pts',(-10.3133886037768,-19.1802511945716,8.00028069813939));
#6770=CARTESIAN_POINT('Ctrl Pts',(-12.5908070695003,-19.1792793883626,8.00028953592707));
#6771=CARTESIAN_POINT('Ctrl Pts',(-14.1421802879502,-19.1786173957824,8.00029555621159));
#6772=CARTESIAN_POINT('Ctrl Pts',(-15.6967900560568,-19.1778628667818,8.00030196434386));
#6773=CARTESIAN_POINT('Ctrl Pts',(-17.2622549956587,-19.1770343609929,8.00031310807117));
#6774=CARTESIAN_POINT('Ctrl Pts',(-19.1584293518978,-19.1760308307374,8.00032660594609));
#6775=CARTESIAN_POINT('Ctrl Pts',(-21.0705319419404,-19.1749183910103,8.00034791246172));
#6776=CARTESIAN_POINT('Ctrl Pts',(-23.012065593391,-19.1737314573418,8.00037594007648));
#6777=CARTESIAN_POINT('Ctrl Pts',(-24.7385719676985,-19.1726759780598,8.00040086359789));
#6778=CARTESIAN_POINT('Ctrl Pts',(-26.4883515773232,-19.171561386599,8.0004314744565));
#6779=CARTESIAN_POINT('Ctrl Pts',(-28.2708555351477,-19.1704146124578,8.00045755496031));
#6780=CARTESIAN_POINT('Ctrl Pts',(-28.4330503597647,-19.1703102643974,8.00045992809543));
#6781=CARTESIAN_POINT('Ctrl Pts',(-28.5955160970384,-19.1702056545381,8.00046225232842));
#6782=CARTESIAN_POINT('Ctrl Pts',(-28.7582598459967,-19.1701008062075,8.00046451262648));
#6783=CARTESIAN_POINT('',(2.83561577204941,7.9459915913463,-98.));
#6784=CARTESIAN_POINT('Ctrl Pts',(28.7304466723561,-19.1701270827186,8.00081736077393));
#6785=CARTESIAN_POINT('Ctrl Pts',(28.5998388577545,-18.9195786205871,-2.59382421862792));
#6786=CARTESIAN_POINT('Ctrl Pts',(28.0788708941554,-18.277981286037,-13.2976870979862));
#6787=CARTESIAN_POINT('Ctrl Pts',(25.470925364759,-15.3994932723588,-38.1616494092916));
#6788=CARTESIAN_POINT('Ctrl Pts',(22.847561583739,-12.6361544504846,-52.3180523286901));
#6789=CARTESIAN_POINT('Ctrl Pts',(16.6170775062971,-6.24061782507529,-71.3726439707669));
#6790=CARTESIAN_POINT('Ctrl Pts',(14.4033292321899,-3.98116903764593,-76.9532533349302));
#6791=CARTESIAN_POINT('Ctrl Pts',(10.6023324969048,-0.0937026440811281,
-84.8932543030691));
#6792=CARTESIAN_POINT('Ctrl Pts',(9.27288876795647,1.26720864551783,-87.437306818018));
#6793=CARTESIAN_POINT('Ctrl Pts',(7.04946478816135,3.55359987749591,-91.3492812666059));
#6794=CARTESIAN_POINT('Ctrl Pts',(6.20371812334666,4.42527158868283,-92.7665364917802));
#6795=CARTESIAN_POINT('Ctrl Pts',(4.51038109552251,6.18154321650898,-95.4772636444512));
#6796=CARTESIAN_POINT('Ctrl Pts',(3.67102464528802,7.05507076386835,-96.7613223605195));
#6797=CARTESIAN_POINT('Ctrl Pts',(2.83561577205539,7.94599159135192,-98.));
#6798=CARTESIAN_POINT('',(-2.83561577205709,7.94599159135347,-98.));
#6799=CARTESIAN_POINT('Ctrl Pts',(2.83561577204936,7.94599159134635,-98.));
#6800=CARTESIAN_POINT('Ctrl Pts',(2.72959245007184,7.84804872189253,-98.));
#6801=CARTESIAN_POINT('Ctrl Pts',(2.55330626416657,7.69682910735692,-98.));
#6802=CARTESIAN_POINT('Ctrl Pts',(2.01631639902976,7.34285147484361,-98.));
#6803=CARTESIAN_POINT('Ctrl Pts',(1.69852208848225,7.18508896769073,-98.0000000000008));
#6804=CARTESIAN_POINT('Ctrl Pts',(0.929657252925092,6.91603014653493,-98.0000000000008));
#6805=CARTESIAN_POINT('Ctrl Pts',(0.416869781417801,6.81610644938853,-98.));
#6806=CARTESIAN_POINT('Ctrl Pts',(-0.697511731296278,6.85769605809936,-98.));
#6807=CARTESIAN_POINT('Ctrl Pts',(-1.23578420423572,6.98883782569897,-97.9999999999972));
#6808=CARTESIAN_POINT('Ctrl Pts',(-2.27773575281046,7.46617673251844,-97.9999999999972));
#6809=CARTESIAN_POINT('Ctrl Pts',(-2.64657248184742,7.77135603052693,-98.));
#6810=CARTESIAN_POINT('Ctrl Pts',(-2.83561577205706,7.94599159135349,-98.));
#6811=CARTESIAN_POINT('Ctrl Pts',(-28.730446672356,-19.1701270827186,8.00081736077396));
#6812=CARTESIAN_POINT('Ctrl Pts',(-28.5998388577544,-18.9195786205872,-2.59382421862389));
#6813=CARTESIAN_POINT('Ctrl Pts',(-28.0788708941555,-18.277981286037,-13.2976870979858));
#6814=CARTESIAN_POINT('Ctrl Pts',(-25.4709253647588,-15.3994932723586,-38.1616494092936));
#6815=CARTESIAN_POINT('Ctrl Pts',(-22.8475615837384,-12.6361544504838,-52.318052328694));
#6816=CARTESIAN_POINT('Ctrl Pts',(-16.5107444932055,-6.13146793057832,-71.6978405553892));
#6817=CARTESIAN_POINT('Ctrl Pts',(-14.1564453529543,-3.72946475690518,-77.5716032905338));
#6818=CARTESIAN_POINT('Ctrl Pts',(-10.0893328359933,0.431457744349969,-85.9011161863862));
#6819=CARTESIAN_POINT('Ctrl Pts',(-8.66400268191554,1.89124624114739,-88.563507487748));
#6820=CARTESIAN_POINT('Ctrl Pts',(-6.44425861360406,4.17785750337773,-92.3625176616684));
#6821=CARTESIAN_POINT('Ctrl Pts',(-5.71106119999653,4.93500426318912,-93.5666540434212));
#6822=CARTESIAN_POINT('Ctrl Pts',(-4.25949072087674,6.44369048242947,-95.8606081563409));
#6823=CARTESIAN_POINT('Ctrl Pts',(-3.54610875959906,7.18828716580566,-96.9465376716954));
#6824=CARTESIAN_POINT('Ctrl Pts',(-2.83561577205675,7.94599159135316,-98.));
#6825=CARTESIAN_POINT('',(1.5,-12.,-65.5905624002264));
#6826=CARTESIAN_POINT('',(1.5,-15.4064704430486,-51.2773573234943));
#6827=CARTESIAN_POINT('Ctrl Pts',(1.5,-12.,-65.5905624002264));
#6828=CARTESIAN_POINT('Ctrl Pts',(1.5,-13.4458245684213,-60.902654611586));
#6829=CARTESIAN_POINT('Ctrl Pts',(1.5,-14.5481637594066,-56.1018559672416));
#6830=CARTESIAN_POINT('Ctrl Pts',(1.5,-15.4064704430486,-51.2773573234943));
#6831=CARTESIAN_POINT('Ctrl Pts',(1.50100539069691,-15.4081218669088,-51.277008825819));
#6832=CARTESIAN_POINT('Ctrl Pts',(1.23625597398964,-15.4157259821096,-51.2770110544693));
#6833=CARTESIAN_POINT('Ctrl Pts',(0.972850452391425,-15.4213202998116,-51.2770090228632));
#6834=CARTESIAN_POINT('Ctrl Pts',(0.709973420645012,-15.4248779689814,-51.2770013092777));
#6835=CARTESIAN_POINT('Ctrl Pts',(0.473385318350117,-15.4280798546382,-51.2769943670866));
#6836=CARTESIAN_POINT('Ctrl Pts',(0.237224946845215,-15.4296316959901,-51.276982799489));
#6837=CARTESIAN_POINT('Ctrl Pts',(0.000890925054767067,-15.4294785016751,
-51.2769634666698));
#6838=CARTESIAN_POINT('Ctrl Pts',(-0.263905218942975,-15.4293068578992,
-51.2769418055651));
#6839=CARTESIAN_POINT('Ctrl Pts',(-0.528520737682616,-15.4271126312314,
-51.2769249900177));
#6840=CARTESIAN_POINT('Ctrl Pts',(-0.793792338024005,-15.422946479954,-51.2769143136296));
#6841=CARTESIAN_POINT('Ctrl Pts',(-1.02834533264473,-15.4192627714194,-51.2769048735735));
#6842=CARTESIAN_POINT('Ctrl Pts',(-1.26341134967346,-15.4140364693825,-51.2769001850305));
#6843=CARTESIAN_POINT('Ctrl Pts',(-1.4995621608872,-15.4072694195021,-51.2768992423327));
#6844=CARTESIAN_POINT('',(1.5,-11.1287230097448,-68.2773573234943));
#6845=CARTESIAN_POINT('Ctrl Pts',(-1.5,-11.1287230097447,-68.2773573234943));
#6846=CARTESIAN_POINT('Ctrl Pts',(-0.493534217968194,-11.1793093844249,
-68.2773573234943));
#6847=CARTESIAN_POINT('Ctrl Pts',(0.493532409752041,-11.1793094753084,-68.2773573234943));
#6848=CARTESIAN_POINT('Ctrl Pts',(1.5,-11.1287230097448,-68.2773573234943));
#6849=CARTESIAN_POINT('Ctrl Pts',(1.50139150552476,-11.1302148593754,-68.2773399863916));
#6850=CARTESIAN_POINT('Ctrl Pts',(1.50137762112838,-11.3890246647797,-67.5174511172682));
#6851=CARTESIAN_POINT('Ctrl Pts',(1.5013616032964,-11.6380718422364,-66.7543752168729));
#6852=CARTESIAN_POINT('Ctrl Pts',(1.50135422399465,-11.87781946334,-65.9883784210959));
#6853=CARTESIAN_POINT('Ctrl Pts',(1.50135294554886,-11.9193551461474,-65.8556713694285));
#6854=CARTESIAN_POINT('Ctrl Pts',(1.50135180394088,-11.9606117033248,-65.7228766795302));
#6855=CARTESIAN_POINT('Ctrl Pts',(1.50135070454158,-12.0015915390529,-65.5899957749679));
#6856=CARTESIAN_POINT('Origin',(0.,-12.,-68.2773573234943));
#6857=CARTESIAN_POINT('',(1.5,5.,-68.2773573234943));
#6858=CARTESIAN_POINT('',(0.,5.,-68.2773573234943));
#6859=CARTESIAN_POINT('',(1.5,-12.,-68.2773573234943));
#6860=CARTESIAN_POINT('Origin',(0.,5.,-51.2773573234943));
#6861=CARTESIAN_POINT('',(1.5,5.,-51.2773573234943));
#6862=CARTESIAN_POINT('Origin',(0.,5.,-68.2773573234943));
#6863=CARTESIAN_POINT('',(1.5,5.,-93.2773573234943));
#6864=CARTESIAN_POINT('Origin',(1.5,-3.5,-59.7773573234943));
#6865=CARTESIAN_POINT('Origin',(14.3933982822018,-10.2132034355964,52.5));
#6866=CARTESIAN_POINT('',(-28.8044454787247,-10.2132034355964,53.));
#6867=CARTESIAN_POINT('',(28.804688185396,-10.2132034355964,53.));
#6868=CARTESIAN_POINT('',(14.3933982822018,-10.2132034355964,53.));
#6869=CARTESIAN_POINT('',(28.7867965644036,-9.71320343559641,52.5));
#6870=CARTESIAN_POINT('Ctrl Pts',(28.804688185396,-10.2132034355964,53.));
#6871=CARTESIAN_POINT('Ctrl Pts',(28.8046454602792,-10.2119955343121,53.));
#6872=CARTESIAN_POINT('Ctrl Pts',(28.8046027317842,-10.2107876370975,52.9999956229235));
#6873=CARTESIAN_POINT('Ctrl Pts',(28.8034681154452,-10.1787156712772,52.999763180516));
#6874=CARTESIAN_POINT('Ctrl Pts',(28.8023769739923,-10.1479382077244,52.9966821175377));
#6875=CARTESIAN_POINT('Ctrl Pts',(28.8000423568324,-10.0822228639431,52.9838865031604));
#6876=CARTESIAN_POINT('Ctrl Pts',(28.7988111239106,-10.0476531455952,52.9731758056034));
#6877=CARTESIAN_POINT('Ctrl Pts',(28.7954965536616,-9.95479654726971,52.9329710382256));
#6878=CARTESIAN_POINT('Ctrl Pts',(28.7935555115993,-9.90067209042969,52.8956816828726));
#6879=CARTESIAN_POINT('Ctrl Pts',(28.7902871122973,-9.80978762338852,52.8024727912831));
#6880=CARTESIAN_POINT('Ctrl Pts',(28.7889908422502,-9.77388424927058,52.7474562093505));
#6881=CARTESIAN_POINT('Ctrl Pts',(28.7872433736599,-9.72553453967094,52.6276358026433));
#6882=CARTESIAN_POINT('Ctrl Pts',(28.7867965644037,-9.71320343559641,52.5641118609668));
#6883=CARTESIAN_POINT('Ctrl Pts',(28.7867965644036,-9.71320343559641,52.5));
#6884=CARTESIAN_POINT('',(-28.7867965644036,-9.71320343559641,52.5));
#6885=CARTESIAN_POINT('',(14.3933982822018,-9.71320343559641,52.5));
#6886=CARTESIAN_POINT('Ctrl Pts',(-28.8044454787247,-10.2132034355966,53.));
#6887=CARTESIAN_POINT('Ctrl Pts',(-28.8044032211282,-10.2119923230619,53.));
#6888=CARTESIAN_POINT('Ctrl Pts',(-28.8043609601796,-10.2107812146261,52.9999955996193));
#6889=CARTESIAN_POINT('Ctrl Pts',(-28.8020453784253,-10.1444270774038,52.9995134177394));
#6890=CARTESIAN_POINT('Ctrl Pts',(-28.7997864785158,-10.079997500894,52.986313359456));
#6891=CARTESIAN_POINT('Ctrl Pts',(-28.7955568441566,-9.95984627797603,52.9359496052407));
#6892=CARTESIAN_POINT('Ctrl Pts',(-28.7936265309041,-9.90526788692405,52.8992735115253));
#6893=CARTESIAN_POINT('Ctrl Pts',(-28.7903637288671,-9.81327386539148,52.8070741190621));
#6894=CARTESIAN_POINT('Ctrl Pts',(-28.7890623258313,-9.77672688673366,52.7524444169334));
#6895=CARTESIAN_POINT('Ctrl Pts',(-28.7872769963332,-9.72664518784475,52.6322720576229));
#6896=CARTESIAN_POINT('Ctrl Pts',(-28.7868098972483,-9.7135767617417,52.5678879681299));
#6897=CARTESIAN_POINT('Ctrl Pts',(-28.7867966582175,-9.71320606242941,52.5018716072046));
#6898=CARTESIAN_POINT('Ctrl Pts',(-28.7867965644036,-9.71320343559641,52.5009357409843));
#6899=CARTESIAN_POINT('Ctrl Pts',(-28.7867965644036,-9.71320343559641,52.5));
#6900=CARTESIAN_POINT('Origin',(28.0274905412681,0.759306023135533,52.5));
#6901=CARTESIAN_POINT('',(39.,-0.0178916209925251,53.));
#6902=CARTESIAN_POINT('Origin',(28.0274905412681,0.759306023135533,53.));
#6903=CARTESIAN_POINT('',(38.5,0.,52.5));
#6904=CARTESIAN_POINT('Ctrl Pts',(39.000000000002,-0.0178916209925253,53.));
#6905=CARTESIAN_POINT('Ctrl Pts',(38.998792098717,-0.0178488958757257,53.));
#6906=CARTESIAN_POINT('Ctrl Pts',(38.9975842015018,-0.0178061673807281,
52.9999956229235));
#6907=CARTESIAN_POINT('Ctrl Pts',(38.9312322317143,-0.0154588204971766,
52.9995147352946));
#6908=CARTESIAN_POINT('Ctrl Pts',(38.8668013285586,-0.0131688106379997,
52.986315506272));
#6909=CARTESIAN_POINT('Ctrl Pts',(38.7466478064308,-0.00888093015528321,
52.9359525833739));
#6910=CARTESIAN_POINT('Ctrl Pts',(38.6920683137811,-0.00692403216410728,
52.8992766522444));
#6911=CARTESIAN_POINT('Ctrl Pts',(38.6000729807257,-0.00361631303226721,
52.8070774055168));
#6912=CARTESIAN_POINT('Ctrl Pts',(38.5635255040703,-0.00229699498003565,
52.7524480207789));
#6913=CARTESIAN_POINT('Ctrl Pts',(38.5134431245022,-0.000487088664041804,
52.6322766717015));
#6914=CARTESIAN_POINT('Ctrl Pts',(38.500374175901,-1.35469677916301E-5,
52.5678935327142));
#6915=CARTESIAN_POINT('Ctrl Pts',(38.5000026386108,-9.55305064429935E-8,
52.5018757986287));
#6916=CARTESIAN_POINT('Ctrl Pts',(38.5,-4.48111149281711E-14,52.5009378364123));
#6917=CARTESIAN_POINT('Ctrl Pts',(38.5,-4.48226809689354E-14,52.5));
#6918=CARTESIAN_POINT('Origin',(28.0274905412681,0.759306023135533,52.5));
#6919=CARTESIAN_POINT('Origin',(39.,12.6359491411009,52.5));
#6920=CARTESIAN_POINT('',(39.,14.5220384000291,53.));
#6921=CARTESIAN_POINT('',(39.,12.6359491411009,53.));
#6922=CARTESIAN_POINT('',(38.5,14.5,52.5));
#6923=CARTESIAN_POINT('Ctrl Pts',(39.,14.5220384000291,53.));
#6924=CARTESIAN_POINT('Ctrl Pts',(38.9989030265517,14.5219903697878,53.));
#6925=CARTESIAN_POINT('Ctrl Pts',(38.9978060561429,14.5219423376007,52.9999963899478));
#6926=CARTESIAN_POINT('Ctrl Pts',(38.9315444573894,14.51904086642,52.999560260784));
#6927=CARTESIAN_POINT('Ctrl Pts',(38.8670835874653,14.516210626554,52.9863958616116));
#6928=CARTESIAN_POINT('Ctrl Pts',(38.7468708088713,14.5109201957901,52.9360838362324));
#6929=CARTESIAN_POINT('Ctrl Pts',(38.6922596420253,14.5085103410872,52.899427218995));
#6930=CARTESIAN_POINT('Ctrl Pts',(38.6002124478919,14.504441988464,52.8072581853852));
#6931=CARTESIAN_POINT('Ctrl Pts',(38.5636395512589,14.5028218384036,52.752646028798));
#6932=CARTESIAN_POINT('Ctrl Pts',(38.5135086000041,14.5005996865425,52.6325090944695));
#6933=CARTESIAN_POINT('Ctrl Pts',(38.500410568264,14.500018218227,52.5681478122442));
#6934=CARTESIAN_POINT('Ctrl Pts',(38.5000031652798,14.5000001404537,52.5020545057296));
#6935=CARTESIAN_POINT('Ctrl Pts',(38.5,14.5,52.501027177464));
#6936=CARTESIAN_POINT('Ctrl Pts',(38.5,14.5,52.5));
#6937=CARTESIAN_POINT('',(38.5,12.6359491411009,52.5));
#6938=CARTESIAN_POINT('Origin',(-39.,5.32110342274505,52.5));
#6939=CARTESIAN_POINT('',(-38.5,-0.129691436711692,52.5));
#6940=CARTESIAN_POINT('',(-38.5,14.3703085632883,52.5));
#6941=CARTESIAN_POINT('',(-38.5,5.32110342274505,52.5));
#6942=CARTESIAN_POINT('',(-39.,14.3920056370804,53.));
#6943=CARTESIAN_POINT('Ctrl Pts',(-38.5,14.3703085632883,52.5));
#6944=CARTESIAN_POINT('Ctrl Pts',(-38.5,14.3703085632883,52.5650493302651));
#6945=CARTESIAN_POINT('Ctrl Pts',(-38.5126941422749,14.3708633827977,52.629473182228));
#6946=CARTESIAN_POINT('Ctrl Pts',(-38.5620474792052,14.3730172519992,52.7498643113858));
#6947=CARTESIAN_POINT('Ctrl Pts',(-38.598244611846,14.3745959993005,52.8046711658137));
#6948=CARTESIAN_POINT('Ctrl Pts',(-38.6896245006985,14.3785725501465,52.8973755586073));
#6949=CARTESIAN_POINT('Ctrl Pts',(-38.7439513982145,14.3809329146618,52.9343693598394));
#6950=CARTESIAN_POINT('Ctrl Pts',(-38.8648295350162,14.3861706741313,52.9859290333704));
#6951=CARTESIAN_POINT('Ctrl Pts',(-38.9303973324068,14.3890050748674,52.9995522172149));
#6952=CARTESIAN_POINT('Ctrl Pts',(-38.997803576618,14.3919109555117,52.9999963817832));
#6953=CARTESIAN_POINT('Ctrl Pts',(-38.9989017867867,14.3919582972613,53.));
#6954=CARTESIAN_POINT('Ctrl Pts',(-39.,14.3920056370804,53.));
#6955=CARTESIAN_POINT('',(-39.,-0.150666583496755,53.));
#6956=CARTESIAN_POINT('',(-39.,5.32110342274505,53.));
#6957=CARTESIAN_POINT('Ctrl Pts',(-39.,-0.150666583496755,53.));
#6958=CARTESIAN_POINT('Ctrl Pts',(-38.9988258103014,-0.150617893134392,
53.));
#6959=CARTESIAN_POINT('Ctrl Pts',(-38.9976516243821,-0.15056919902312,52.9999958638357));
#6960=CARTESIAN_POINT('Ctrl Pts',(-38.9313188980493,-0.147818125137289,
52.9995285334178));
#6961=CARTESIAN_POINT('Ctrl Pts',(-38.8668704284923,-0.145132731097312,
52.9863366138359));
#6962=CARTESIAN_POINT('Ctrl Pts',(-38.7466882594637,-0.1401046772923,52.9359773853732));
#6963=CARTESIAN_POINT('Ctrl Pts',(-38.6920958616714,-0.137809977614266,
52.8993001451803));
#6964=CARTESIAN_POINT('Ctrl Pts',(-38.6000883389688,-0.133931670902472,
52.8070969086683));
#6965=CARTESIAN_POINT('Ctrl Pts',(-38.5635375174424,-0.132384828631431,
52.7524695448852));
#6966=CARTESIAN_POINT('Ctrl Pts',(-38.513453539905,-0.130262917646666,52.6323089561862));
#6967=CARTESIAN_POINT('Ctrl Pts',(-38.5003815436908,-0.129707631240756,
52.5679381664029));
#6968=CARTESIAN_POINT('Ctrl Pts',(-38.5000027421009,-0.129691553099578,
52.5019122332339));
#6969=CARTESIAN_POINT('Ctrl Pts',(-38.5,-0.129691436711726,52.5009560511765));
#6970=CARTESIAN_POINT('Ctrl Pts',(-38.5,-0.129691436711726,52.5));
#6971=CARTESIAN_POINT('Origin',(20.0727091602401,12.8614175922763,52.5));
#6972=CARTESIAN_POINT('',(22.0619214347151,31.757,53.));
#6973=CARTESIAN_POINT('Origin',(20.0727091602401,12.8614175922763,53.));
#6974=CARTESIAN_POINT('',(22.0355,31.257,52.5));
#6975=CARTESIAN_POINT('Ctrl Pts',(22.0619214347151,31.7570000000002,53.));
#6976=CARTESIAN_POINT('Ctrl Pts',(22.06186449531,31.7559152731744,53.));
#6977=CARTESIAN_POINT('Ctrl Pts',(22.0618075536083,31.754830549316,52.9999964701031));
#6978=CARTESIAN_POINT('Ctrl Pts',(22.0583283516323,31.6885555373755,52.9995651227316));
#6979=CARTESIAN_POINT('Ctrl Pts',(22.054933785054,31.6240670358091,52.986395263892));
#6980=CARTESIAN_POINT('Ctrl Pts',(22.048589259754,31.5038177526589,52.9360553014917));
#6981=CARTESIAN_POINT('Ctrl Pts',(22.0456994722269,31.449194314228,52.8993808506917));
#6982=CARTESIAN_POINT('Ctrl Pts',(22.0408222391477,31.3571520530564,52.807178662023));
#6983=CARTESIAN_POINT('Ctrl Pts',(22.0388803786249,31.320588924708,52.7525598450125));
#6984=CARTESIAN_POINT('Ctrl Pts',(22.0362179337498,31.2704893611637,52.6324278394891));
#6985=CARTESIAN_POINT('Ctrl Pts',(22.0355215053268,31.2574042467159,52.5680846103423));
#6986=CARTESIAN_POINT('Ctrl Pts',(22.0355001634418,31.2570030722965,52.5020241024975));
#6987=CARTESIAN_POINT('Ctrl Pts',(22.0355,31.257,52.5010119778097));
#6988=CARTESIAN_POINT('Ctrl Pts',(22.0355,31.257,52.5));
#6989=CARTESIAN_POINT('Origin',(20.0727091602401,12.8614175922763,52.5));
#6990=CARTESIAN_POINT('Origin',(-20.0704785923441,12.7570073872049,52.5));
#6991=CARTESIAN_POINT('',(-20.0870111822069,31.257,52.5));
#6992=CARTESIAN_POINT('Origin',(-20.0704785923441,12.7570073872049,52.5));
#6993=CARTESIAN_POINT('',(-20.0872345956703,31.7569999986864,53.));
#6994=CARTESIAN_POINT('Ctrl Pts',(-20.0870111822069,31.257,52.5));
#6995=CARTESIAN_POINT('Ctrl Pts',(-20.0870038799927,31.2570000065257,52.5263643653077));
#6996=CARTESIAN_POINT('Ctrl Pts',(-20.0869984451258,31.2590895888373,52.5527284558116));
#6997=CARTESIAN_POINT('Ctrl Pts',(-20.0869948469686,31.2632427011077,52.5787636523148));
#6998=CARTESIAN_POINT('Ctrl Pts',(-20.0869912489773,31.2673956219292,52.6047976486554));
#6999=CARTESIAN_POINT('Ctrl Pts',(-20.0869894874286,31.2736117955079,52.6305022387219));
#7000=CARTESIAN_POINT('Ctrl Pts',(-20.0869894860325,31.2818137466115,52.6555570531885));
#7001=CARTESIAN_POINT('Ctrl Pts',(-20.0869894846358,31.2900191433492,52.6806223931658));
#7002=CARTESIAN_POINT('Ctrl Pts',(-20.0869912447017,31.3002118186648,52.7050368873762));
#7003=CARTESIAN_POINT('Ctrl Pts',(-20.0869946461486,31.3122646298119,52.7284959908514));
#7004=CARTESIAN_POINT('Ctrl Pts',(-20.0869980471011,31.3243156886976,52.7519516837959));
#7005=CARTESIAN_POINT('Ctrl Pts',(-20.0870030887142,31.3382260899654,52.7744517748284));
#7006=CARTESIAN_POINT('Ctrl Pts',(-20.0870096103889,31.353822366433,52.7957156804291));
#7007=CARTESIAN_POINT('Ctrl Pts',(-20.0870161312433,31.3694166813199,52.8169769116178));
#7008=CARTESIAN_POINT('Ctrl Pts',(-20.0870241314805,31.3866961211987,52.8370018254649));
#7009=CARTESIAN_POINT('Ctrl Pts',(-20.0870334141279,31.4054452598664,52.8555407672989));
#7010=CARTESIAN_POINT('Ctrl Pts',(-20.0870426957896,31.4241924077263,52.874077740644));
#7011=CARTESIAN_POINT('Ctrl Pts',(-20.0870532592272,31.4444085507653,52.8911286716883));
#7012=CARTESIAN_POINT('Ctrl Pts',(-20.0870648761233,31.465841703625,52.9064810279805));
#7013=CARTESIAN_POINT('Ctrl Pts',(-20.0870764972761,31.4872827098893,52.9218390095891));
#7014=CARTESIAN_POINT('Ctrl Pts',(-20.0870891722525,31.5099411724688,52.9354968484244));
#7015=CARTESIAN_POINT('Ctrl Pts',(-20.087102646827,31.5335344573175,52.9472841811442));
#7016=CARTESIAN_POINT('Ctrl Pts',(-20.0871161177855,31.5571214107312,52.9590683506448));
#7017=CARTESIAN_POINT('Ctrl Pts',(-20.0871303874672,31.581642191618,52.9689827740512));
#7018=CARTESIAN_POINT('Ctrl Pts',(-20.0871451826225,31.6067910995177,52.9769038482591));
#7019=CARTESIAN_POINT('Ctrl Pts',(-20.0871599814267,31.6319462099552,52.9848268760613));
#7020=CARTESIAN_POINT('Ctrl Pts',(-20.087175305494,31.6577292329985,52.9907554039244));
#7021=CARTESIAN_POINT('Ctrl Pts',(-20.0871908690071,31.6838185738353,52.9946154845731));
#7022=CARTESIAN_POINT('Ctrl Pts',(-20.0872053162426,31.7080366822292,52.9981987047145));
#7023=CARTESIAN_POINT('Ctrl Pts',(-20.0872199693809,31.7325182455644,53.));
#7024=CARTESIAN_POINT('Ctrl Pts',(-20.0872345956703,31.7569999986864,53.));
#7025=CARTESIAN_POINT('Origin',(-20.0704785923441,12.7570073872049,53.));
#7026=CARTESIAN_POINT('Origin',(-10.0435055911035,31.757,52.5));
#7027=CARTESIAN_POINT('',(-10.0435055911035,31.757,53.));
#7028=CARTESIAN_POINT('',(-10.0435055911035,31.257,52.5));
#7029=CARTESIAN_POINT('Origin',(-28.0377646984934,0.760045881776477,52.5));
#7030=CARTESIAN_POINT('Origin',(-28.0377646984934,0.760045881776477,52.5));
#7031=CARTESIAN_POINT('Origin',(-28.0377646984934,0.760045881776477,53.));
#7032=CARTESIAN_POINT('Origin',(20.0727091602401,12.8614175922763,53.));
#7033=CARTESIAN_POINT('',(22.0355,31.257,51.9));
#7034=CARTESIAN_POINT('',(22.0355,31.257,53.));
#7035=CARTESIAN_POINT('',(24.7629256038991,30.757,51.4));
#7036=CARTESIAN_POINT('Ctrl Pts',(22.0355,31.257,51.9));
#7037=CARTESIAN_POINT('Ctrl Pts',(22.0355,31.257,51.8903506347898));
#7038=CARTESIAN_POINT('Ctrl Pts',(22.0380458284776,31.2567286199753,51.8815603258386));
#7039=CARTESIAN_POINT('Ctrl Pts',(22.0462580583709,31.2558494361845,51.8651303738615));
#7040=CARTESIAN_POINT('Ctrl Pts',(22.051881442791,31.2552457950505,51.8574690423588));
#7041=CARTESIAN_POINT('Ctrl Pts',(22.0718550632886,31.2530898274228,51.8360573919916));
#7042=CARTESIAN_POINT('Ctrl Pts',(22.0887939702505,31.2512427660421,51.8236332576391));
#7043=CARTESIAN_POINT('Ctrl Pts',(22.2369447701664,31.2348682685671,51.7305123627356));
#7044=CARTESIAN_POINT('Ctrl Pts',(22.4189133546212,31.2126705785148,51.6899924741551));
#7045=CARTESIAN_POINT('Ctrl Pts',(23.2511778685315,31.0993000954042,51.4897021332883));
#7046=CARTESIAN_POINT('Ctrl Pts',(24.0789770378667,30.9362546751447,51.4));
#7047=CARTESIAN_POINT('Ctrl Pts',(24.7629256038991,30.757,51.4));
#7048=CARTESIAN_POINT('',(38.,17.4289380516351,51.4));
#7049=CARTESIAN_POINT('Origin',(20.0727091602401,12.8614175922763,51.4));
#7050=CARTESIAN_POINT('',(38.5,14.5,51.9));
#7051=CARTESIAN_POINT('Ctrl Pts',(38.,17.4289380516351,51.4));
#7052=CARTESIAN_POINT('Ctrl Pts',(38.0923579682076,17.0664376157511,51.4));
#7053=CARTESIAN_POINT('Ctrl Pts',(38.1817594927814,16.6664693584757,51.4260770924487));
#7054=CARTESIAN_POINT('Ctrl Pts',(38.3317680941188,15.8652297831364,51.5158498234715));
#7055=CARTESIAN_POINT('Ctrl Pts',(38.3924196287316,15.4636954609448,51.577107053195));
#7056=CARTESIAN_POINT('Ctrl Pts',(38.4469746068025,15.0163222705322,51.6749197774637));
#7057=CARTESIAN_POINT('Ctrl Pts',(38.4576215160963,14.9237872303002,51.696692520785));
#7058=CARTESIAN_POINT('Ctrl Pts',(38.4771193467432,14.7418574696149,51.7479773211587));
#7059=CARTESIAN_POINT('Ctrl Pts',(38.4860283010272,14.651806768954,51.7751105652933));
#7060=CARTESIAN_POINT('Ctrl Pts',(38.4951505173809,14.553796463063,51.8294311688013));
#7061=CARTESIAN_POINT('Ctrl Pts',(38.4974667713017,14.5283139816221,51.8458366493472));
#7062=CARTESIAN_POINT('Ctrl Pts',(38.4991596949183,14.5094265483432,51.8706460395579));
#7063=CARTESIAN_POINT('Ctrl Pts',(38.4994654724054,14.50600161345,51.8761355385378));
#7064=CARTESIAN_POINT('Ctrl Pts',(38.4998862004143,14.5012812555791,51.8878609196033));
#7065=CARTESIAN_POINT('Ctrl Pts',(38.5,14.5,51.8941025414321));
#7066=CARTESIAN_POINT('Ctrl Pts',(38.5,14.5,51.9));
#7067=CARTESIAN_POINT('',(38.5,14.5,53.));
#7068=CARTESIAN_POINT('Origin',(-20.0870111822069,31.257,53.));
#7069=CARTESIAN_POINT('',(-20.0870111822069,31.257,51.9));
#7070=CARTESIAN_POINT('',(-20.0870111822069,31.257,53.));
#7071=CARTESIAN_POINT('',(-10.0435055911035,31.257,51.9));
#7072=CARTESIAN_POINT('Origin',(-20.0704785923441,12.7570073872049,53.));
#7073=CARTESIAN_POINT('',(-38.5,14.3703085632883,51.9));
#7074=CARTESIAN_POINT('',(-38.5,14.3703085632883,53.));
#7075=CARTESIAN_POINT('Origin',(-20.0704785923441,12.7570073872049,51.9));
#7076=CARTESIAN_POINT('Origin',(-38.5,-0.129691436711692,53.));
#7077=CARTESIAN_POINT('',(-38.5,-0.129691436711692,51.9));
#7078=CARTESIAN_POINT('',(-38.5,-0.129691436711692,53.));
#7079=CARTESIAN_POINT('',(-38.5,5.32110342274505,51.9));
#7080=CARTESIAN_POINT('Origin',(8.88178419700125E-15,10.7718982822018,53.));
#7081=CARTESIAN_POINT('',(-28.7867965644036,-13.2132034355964,53.));
#7082=CARTESIAN_POINT('',(-42.,-1.10605968828281E-13,53.));
#7083=CARTESIAN_POINT('Origin',(-28.0209622029682,0.765834361435425,53.));
#7084=CARTESIAN_POINT('',(28.7867965644036,-13.2132034355964,53.));
#7085=CARTESIAN_POINT('',(-14.3933982822018,-13.2132034355964,53.));
#7086=CARTESIAN_POINT('',(42.,1.77635683940025E-14,53.));
#7087=CARTESIAN_POINT('Origin',(28.0209622029682,0.76583436143542,53.));
#7088=CARTESIAN_POINT('',(42.,14.5,53.));
#7089=CARTESIAN_POINT('',(42.,5.3859491411009,53.));
#7090=CARTESIAN_POINT('',(22.0355,34.757,53.));
#7091=CARTESIAN_POINT('Origin',(20.0622884468475,12.8456687723793,53.));
#7092=CARTESIAN_POINT('',(-22.0355,34.757,53.));
#7093=CARTESIAN_POINT('',(11.01775,34.757,53.));
#7094=CARTESIAN_POINT('',(-42.,14.4999999999998,53.));
#7095=CARTESIAN_POINT('Origin',(-20.0622884468475,12.8456687723793,53.));
#7096=CARTESIAN_POINT('',(-42.,12.6359491411008,53.));
#7097=CARTESIAN_POINT('Origin',(35.5,5.3859491411009,52.5));
#7098=CARTESIAN_POINT('',(35.5,14.474366901636,53.));
#7099=CARTESIAN_POINT('',(35.5,0.0239147022793895,53.));
#7100=CARTESIAN_POINT('',(35.5,5.3859491411009,53.));
#7101=CARTESIAN_POINT('',(36.,0.,52.5));
#7102=CARTESIAN_POINT('Ctrl Pts',(35.5,0.0239147022793918,53.));
#7103=CARTESIAN_POINT('Ctrl Pts',(35.5012230964088,0.0238552408056573,53.));
#7104=CARTESIAN_POINT('Ctrl Pts',(35.5024461890965,0.0237957868089206,52.9999955121055));
#7105=CARTESIAN_POINT('Ctrl Pts',(35.5698694634223,0.0205187722728121,52.9995007126309));
#7106=CARTESIAN_POINT('Ctrl Pts',(35.6353253534384,0.0173594512486248,52.9858718870789));
#7107=CARTESIAN_POINT('Ctrl Pts',(35.7560976172051,0.0115635528135969,52.9343396754887));
#7108=CARTESIAN_POINT('Ctrl Pts',(35.8104186315392,0.00897372009205409,
52.8973419313537));
#7109=CARTESIAN_POINT('Ctrl Pts',(35.9017813874608,0.0046341440086036,52.8046346626846));
#7110=CARTESIAN_POINT('Ctrl Pts',(35.9379698069253,0.0029244447807812,52.7498323718444));
#7111=CARTESIAN_POINT('Ctrl Pts',(35.9873094890471,0.000596656833743963,
52.62945409752));
#7112=CARTESIAN_POINT('Ctrl Pts',(36.,-4.70050194365569E-14,52.5650399672128));
#7113=CARTESIAN_POINT('Ctrl Pts',(36.,-4.71485254379244E-14,52.5));
#7114=CARTESIAN_POINT('',(36.,14.5,52.5));
#7115=CARTESIAN_POINT('',(36.,5.3859491411009,52.5));
#7116=CARTESIAN_POINT('Ctrl Pts',(36.,14.5,52.5));
#7117=CARTESIAN_POINT('Ctrl Pts',(36.,14.5,52.5650286990837));
#7118=CARTESIAN_POINT('Ctrl Pts',(35.9873139157696,14.4993551247071,52.6294309464564));
#7119=CARTESIAN_POINT('Ctrl Pts',(35.9379901974852,14.4968435089633,52.7497949755581));
#7120=CARTESIAN_POINT('Ctrl Pts',(35.9018111683973,14.4949999485811,52.804593221546));
#7121=CARTESIAN_POINT('Ctrl Pts',(35.8104651297503,14.49033287773,52.8973059754579));
#7122=CARTESIAN_POINT('Ctrl Pts',(35.7561477017212,14.4875525081125,52.9343099797319));
#7123=CARTESIAN_POINT('Ctrl Pts',(35.6352495405419,14.4813440911363,52.9859127155653));
#7124=CARTESIAN_POINT('Ctrl Pts',(35.5696441066383,14.4779655557339,52.9995512536148));
#7125=CARTESIAN_POINT('Ctrl Pts',(35.5021998923268,14.4744805834051,52.9999963703461));
#7126=CARTESIAN_POINT('Ctrl Pts',(35.501099947567,14.4744237441094,53.));
#7127=CARTESIAN_POINT('Ctrl Pts',(35.5,14.474366901636,53.));
#7128=CARTESIAN_POINT('Origin',(28.0353684464647,0.75142811793893,52.5));
#7129=CARTESIAN_POINT('',(28.7628818621247,-6.71320343559641,53.));
#7130=CARTESIAN_POINT('Origin',(28.0353684464647,0.75142811793893,53.));
#7131=CARTESIAN_POINT('',(28.7867965644036,-7.21320343559641,52.5));
#7132=CARTESIAN_POINT('Ctrl Pts',(28.7628818621247,-6.71320343559637,53.));
#7133=CARTESIAN_POINT('Ctrl Pts',(28.7629413235984,-6.71442653200516,53.));
#7134=CARTESIAN_POINT('Ctrl Pts',(28.7630007775947,-6.71564962469296,52.9999955121055));
#7135=CARTESIAN_POINT('Ctrl Pts',(28.7662777921315,-6.78307289901876,52.9995007126309));
#7136=CARTESIAN_POINT('Ctrl Pts',(28.7694371131551,-6.8485287890348,52.9858718870789));
#7137=CARTESIAN_POINT('Ctrl Pts',(28.77523301159,-6.9693010528015,52.9343396754887));
#7138=CARTESIAN_POINT('Ctrl Pts',(28.7778228443116,-7.02362206713563,52.8973419313537));
#7139=CARTESIAN_POINT('Ctrl Pts',(28.7821624203951,-7.11498482305722,52.8046346626846));
#7140=CARTESIAN_POINT('Ctrl Pts',(28.7838721196228,-7.15117324252169,52.7498323718444));
#7141=CARTESIAN_POINT('Ctrl Pts',(28.7861999075699,-7.20051292464347,52.62945409752));
#7142=CARTESIAN_POINT('Ctrl Pts',(28.7867965644036,-7.21320343559641,52.5650399672128));
#7143=CARTESIAN_POINT('Ctrl Pts',(28.7867965644036,-7.21320343559641,52.5));
#7144=CARTESIAN_POINT('Origin',(28.0353684464647,0.75142811793893,52.5));
#7145=CARTESIAN_POINT('Origin',(-14.3933982822018,-6.71320343559641,52.5));
#7146=CARTESIAN_POINT('',(-28.7410381099726,-6.71320343559641,53.));
#7147=CARTESIAN_POINT('',(-14.3933982822018,-6.71320343559641,53.));
#7148=CARTESIAN_POINT('',(-28.7867965644036,-7.21320343559641,52.5));
#7149=CARTESIAN_POINT('Ctrl Pts',(-28.7410381099726,-6.71320343559641,53.));
#7150=CARTESIAN_POINT('Ctrl Pts',(-28.741140303387,-6.71430400793286,53.));
#7151=CARTESIAN_POINT('Ctrl Pts',(-28.7412424866118,-6.71540457828938,52.9999963662216));
#7152=CARTESIAN_POINT('Ctrl Pts',(-28.7475319054104,-6.78315176404268,52.9995489956388));
#7153=CARTESIAN_POINT('Ctrl Pts',(-28.7536132460297,-6.84906659571438,52.9857875357276));
#7154=CARTESIAN_POINT('Ctrl Pts',(-28.7647261237114,-6.97013861862413,52.9338385665673));
#7155=CARTESIAN_POINT('Ctrl Pts',(-28.7696764057036,-7.02438624944985,52.8967482688547));
#7156=CARTESIAN_POINT('Ctrl Pts',(-28.7779599638624,-7.11546507612286,52.8039635732762));
#7157=CARTESIAN_POINT('Ctrl Pts',(-28.7812216754768,-7.15149920055129,52.7492322983515));
#7158=CARTESIAN_POINT('Ctrl Pts',(-28.7856591113111,-7.20058302141292,52.6290865666321));
#7159=CARTESIAN_POINT('Ctrl Pts',(-28.7867965644036,-7.21320343559641,52.5648606652394));
#7160=CARTESIAN_POINT('Ctrl Pts',(-28.7867965644036,-7.21320343559641,52.5));
#7161=CARTESIAN_POINT('',(-14.3933982822018,-7.21320343559641,52.5));
#7162=CARTESIAN_POINT('Origin',(-27.1760004347728,1.6414753179647,52.5));
#7163=CARTESIAN_POINT('',(-35.5,-0.0792894068300853,53.));
#7164=CARTESIAN_POINT('Origin',(-27.1760004347728,1.6414753179647,53.));
#7165=CARTESIAN_POINT('',(-36.,-0.129691436711692,52.5));
#7166=CARTESIAN_POINT('Ctrl Pts',(-35.5,-0.0792894068300856,53.));
#7167=CARTESIAN_POINT('Ctrl Pts',(-35.5010929240068,-0.0794011914904724,
53.));
#7168=CARTESIAN_POINT('Ctrl Pts',(-35.5021858462944,-0.0795129650865322,
52.9999964165514));
#7169=CARTESIAN_POINT('Ctrl Pts',(-35.5700272668002,-0.086450458019059,
52.999551536973));
#7170=CARTESIAN_POINT('Ctrl Pts',(-35.6360464410003,-0.0931595750649334,
52.9857516563194));
#7171=CARTESIAN_POINT('Ctrl Pts',(-35.7571796088043,-0.105406240561646,
52.9336918738531));
#7172=CARTESIAN_POINT('Ctrl Pts',(-35.8114055870123,-0.110856601395708,
52.8965747279099));
#7173=CARTESIAN_POINT('Ctrl Pts',(-35.9024014605614,-0.11997225999837,52.8037677662436));
#7174=CARTESIAN_POINT('Ctrl Pts',(-35.9383906086024,-0.123560399185886,
52.7490573076581));
#7175=CARTESIAN_POINT('Ctrl Pts',(-35.9873999724398,-0.12844060974759,52.6289794992014));
#7176=CARTESIAN_POINT('Ctrl Pts',(-36.,-0.129691436711693,52.564808419556));
#7177=CARTESIAN_POINT('Ctrl Pts',(-36.,-0.129691436711693,52.5));
#7178=CARTESIAN_POINT('Origin',(-27.1760004347728,1.6414753179647,52.5));
#7179=CARTESIAN_POINT('Origin',(-35.5,12.5711034227451,52.5));
#7180=CARTESIAN_POINT('',(-36.,14.3703085632883,52.5));
#7181=CARTESIAN_POINT('',(-36.,12.5711034227451,52.5));
#7182=CARTESIAN_POINT('',(-35.5,14.3448351239169,53.));
#7183=CARTESIAN_POINT('',(-35.5,12.5711034227451,53.));
#7184=CARTESIAN_POINT('Ctrl Pts',(-35.5,14.3448351239169,53.));
#7185=CARTESIAN_POINT('Ctrl Pts',(-35.5011004718414,14.3448916392494,53.));
#7186=CARTESIAN_POINT('Ctrl Pts',(-35.5022009408696,14.3449481514195,52.9999963668852));
#7187=CARTESIAN_POINT('Ctrl Pts',(-35.5696434037159,14.3484113261731,52.9995510495552));
#7188=CARTESIAN_POINT('Ctrl Pts',(-35.6352465069475,14.3517686983893,52.9859132256045));
#7189=CARTESIAN_POINT('Ctrl Pts',(-35.7561431691184,14.3579383696113,52.9343126841189));
#7190=CARTESIAN_POINT('Ctrl Pts',(-35.8104609849789,14.3607014415872,52.8973091885271));
#7191=CARTESIAN_POINT('Ctrl Pts',(-35.9018085569253,14.3653395219168,52.8045968644062));
#7192=CARTESIAN_POINT('Ctrl Pts',(-35.93798842293,14.3671716422853,52.7497982368275));
#7193=CARTESIAN_POINT('Ctrl Pts',(-35.987313533704,14.3696676852188,52.6294329471958));
#7194=CARTESIAN_POINT('Ctrl Pts',(-36.,14.3703085632883,52.5650296747981));
#7195=CARTESIAN_POINT('Ctrl Pts',(-36.,14.3703085632883,52.5));
#7196=CARTESIAN_POINT('Origin',(11.01775,28.257,52.5));
#7197=CARTESIAN_POINT('',(22.0355,28.757,52.5));
#7198=CARTESIAN_POINT('',(-20.0870111822069,28.757,52.5));
#7199=CARTESIAN_POINT('',(11.01775,28.757,52.5));
#7200=CARTESIAN_POINT('',(-20.0870111822069,28.257,53.));
#7201=CARTESIAN_POINT('Origin',(-20.0870111822069,28.257,52.5));
#7202=CARTESIAN_POINT('',(22.0046268804142,28.257,53.));
#7203=CARTESIAN_POINT('',(11.01775,28.257,53.));
#7204=CARTESIAN_POINT('Ctrl Pts',(22.0046268804142,28.257,53.));
#7205=CARTESIAN_POINT('Ctrl Pts',(22.0046945130172,28.2580866047343,53.));
#7206=CARTESIAN_POINT('Ctrl Pts',(22.0047621418817,28.2591732068487,52.9999964578705));
#7207=CARTESIAN_POINT('Ctrl Pts',(22.0089635198227,28.3266808695483,52.9995563270411));
#7208=CARTESIAN_POINT('Ctrl Pts',(22.0130375898864,28.392364832315,52.985891963171));
#7209=CARTESIAN_POINT('Ctrl Pts',(22.0205181626216,28.5133120628226,52.9342118669736));
#7210=CARTESIAN_POINT('Ctrl Pts',(22.0238660157305,28.5676154071744,52.8971894292726));
#7211=CARTESIAN_POINT('Ctrl Pts',(22.0294836790904,28.6589058367955,52.8044611197672));
#7212=CARTESIAN_POINT('Ctrl Pts',(22.0317022252439,28.6950545219731,52.7496767196871));
#7213=CARTESIAN_POINT('Ctrl Pts',(22.0347241517395,28.7443277642179,52.62935840858));
#7214=CARTESIAN_POINT('Ctrl Pts',(22.0355,28.757,52.5649933228745));
#7215=CARTESIAN_POINT('Ctrl Pts',(22.0355,28.757,52.5));
#7216=CARTESIAN_POINT('Origin',(-20.0815440920487,12.7570009340336,52.5));
#7217=CARTESIAN_POINT('Origin',(-20.0815440920487,12.7570009340336,53.));
#7218=CARTESIAN_POINT('Origin',(-20.0815440920487,12.7570009340336,52.5));
#7219=CARTESIAN_POINT('Origin',(20.0825667895058,12.8766331315883,52.5));
#7220=CARTESIAN_POINT('Origin',(20.0825667895058,12.8766331315883,52.5));
#7221=CARTESIAN_POINT('Origin',(20.0825667895058,12.8766331315883,53.));
#7222=CARTESIAN_POINT('Origin',(-27.1760004347728,1.6414753179647,53.));
#7223=CARTESIAN_POINT('',(-36.,-0.129691436711692,51.9));
#7224=CARTESIAN_POINT('',(-36.,-0.129691436711692,53.));
#7225=CARTESIAN_POINT('',(-28.7867965644036,-7.21320343559641,51.9));
#7226=CARTESIAN_POINT('Origin',(-27.1760004347728,1.6414753179647,51.9));
#7227=CARTESIAN_POINT('',(-28.7867965644036,-7.21320343559641,53.));
#7228=CARTESIAN_POINT('Origin',(-36.,14.3703085632883,53.));
#7229=CARTESIAN_POINT('',(-36.,14.3703085632883,51.9));
#7230=CARTESIAN_POINT('',(-36.,14.3703085632883,53.));
#7231=CARTESIAN_POINT('',(-36.,12.5711034227451,51.9));
#7232=CARTESIAN_POINT('Origin',(-20.0815440920487,12.7570009340336,53.));
#7233=CARTESIAN_POINT('',(-20.0870111822069,28.757,51.9));
#7234=CARTESIAN_POINT('',(-20.0870111822069,28.757,53.));
#7235=CARTESIAN_POINT('Origin',(-20.0815440920487,12.7570009340336,51.9));
#7236=CARTESIAN_POINT('Origin',(22.0355,28.757,53.));
#7237=CARTESIAN_POINT('',(22.0355,28.757,51.9));
#7238=CARTESIAN_POINT('',(22.0355,28.757,53.));
#7239=CARTESIAN_POINT('',(11.01775,28.757,51.9));
#7240=CARTESIAN_POINT('Origin',(8.88178419700125E-15,10.7718982822018,53.));
#7241=CARTESIAN_POINT('',(34.,2.22044604925031E-14,53.));
#7242=CARTESIAN_POINT('',(28.7867965644036,-5.21320343559641,53.));
#7243=CARTESIAN_POINT('Origin',(27.18559273955,1.60120382485364,53.));
#7244=CARTESIAN_POINT('',(-28.7867965644036,-5.2132034355964,53.));
#7245=CARTESIAN_POINT('',(28.7867965644036,-5.21320343559641,53.));
#7246=CARTESIAN_POINT('',(-34.,-0.129691436711687,53.));
#7247=CARTESIAN_POINT('Origin',(-27.2193835667515,1.60905546412233,53.));
#7248=CARTESIAN_POINT('',(-34.,14.3703085632883,53.));
#7249=CARTESIAN_POINT('',(-34.,-0.129691436711687,53.));
#7250=CARTESIAN_POINT('',(-20.0870111822069,26.757,53.));
#7251=CARTESIAN_POINT('Origin',(-20.0932663796085,12.7570013974106,53.));
#7252=CARTESIAN_POINT('',(22.0355,26.757,53.));
#7253=CARTESIAN_POINT('',(-20.0870111822069,26.757,53.));
#7254=CARTESIAN_POINT('',(34.,14.5,53.));
#7255=CARTESIAN_POINT('Origin',(20.0925971265507,12.892472297105,53.));
#7256=CARTESIAN_POINT('',(34.,14.5,53.));
#7257=CARTESIAN_POINT('Origin',(38.,12.6359491411009,51.9));
#7258=CARTESIAN_POINT('',(38.5,0.,51.9));
#7259=CARTESIAN_POINT('',(38.5,12.6359491411009,51.9));
#7260=CARTESIAN_POINT('',(38.,0.0183235027601591,51.4));
#7261=CARTESIAN_POINT('',(38.,12.6359491411009,51.4));
#7262=CARTESIAN_POINT('Ctrl Pts',(38.0000000000002,0.0183235027601472,51.4));
#7263=CARTESIAN_POINT('Ctrl Pts',(38.00121921756,0.0182782696409823,51.4));
#7264=CARTESIAN_POINT('Ctrl Pts',(38.0024384312201,0.0182330408165554,51.4000044594744));
#7265=CARTESIAN_POINT('Ctrl Pts',(38.0698120334423,0.0157339295275092,51.4004973262614));
#7266=CARTESIAN_POINT('Ctrl Pts',(38.1352210568141,0.013320301993426,51.4141060953935));
#7267=CARTESIAN_POINT('Ctrl Pts',(38.2559682285334,0.00888391080642669,
51.4655830455539));
#7268=CARTESIAN_POINT('Ctrl Pts',(38.3103007784314,0.00689752624407906,
51.5025666997698));
#7269=CARTESIAN_POINT('Ctrl Pts',(38.4017074513264,0.00356520762371233,
51.5952621795394));
#7270=CARTESIAN_POINT('Ctrl Pts',(38.4379196668285,0.00225041421232143,
51.6500754722864));
#7271=CARTESIAN_POINT('Ctrl Pts',(38.4872987183274,0.000459458828788531,
51.7704894999896));
#7272=CARTESIAN_POINT('Ctrl Pts',(38.5,-6.67603464027796E-14,51.8349325126027));
#7273=CARTESIAN_POINT('Ctrl Pts',(38.5,-6.7611720451912E-14,51.9));
#7274=CARTESIAN_POINT('Origin',(28.0274905412681,0.759306023135533,51.9));
#7275=CARTESIAN_POINT('',(28.7684730616434,-9.21320343559641,51.4));
#7276=CARTESIAN_POINT('Origin',(28.0274905412681,0.759306023135533,51.4));
#7277=CARTESIAN_POINT('',(28.7867965644036,-9.71320343559641,51.9));
#7278=CARTESIAN_POINT('Ctrl Pts',(28.7684730616434,-9.21320343559641,51.4));
#7279=CARTESIAN_POINT('Ctrl Pts',(28.7685182947626,-9.21442265315631,51.4));
#7280=CARTESIAN_POINT('Ctrl Pts',(28.768563523587,-9.21564186681649,51.4000044594744));
#7281=CARTESIAN_POINT('Ctrl Pts',(28.7710626348769,-9.28301546903881,51.4004973262614));
#7282=CARTESIAN_POINT('Ctrl Pts',(28.7734762624105,-9.34842449241053,51.4141060953935));
#7283=CARTESIAN_POINT('Ctrl Pts',(28.7779126535973,-9.46917166412973,51.4655830455539));
#7284=CARTESIAN_POINT('Ctrl Pts',(28.7798990381595,-9.52350421402779,51.5025666997698));
#7285=CARTESIAN_POINT('Ctrl Pts',(28.7832313567798,-9.61491088692283,51.5952621795394));
#7286=CARTESIAN_POINT('Ctrl Pts',(28.7845461501914,-9.65112310242494,51.6500754722864));
#7287=CARTESIAN_POINT('Ctrl Pts',(28.7863371055749,-9.70050215392373,51.7704894999895));
#7288=CARTESIAN_POINT('Ctrl Pts',(28.7867965644036,-9.71320343559641,51.8349325126026));
#7289=CARTESIAN_POINT('Ctrl Pts',(28.7867965644036,-9.71320343559641,51.9));
#7290=CARTESIAN_POINT('Origin',(28.0274905412681,0.759306023135533,51.9));
#7291=CARTESIAN_POINT('Origin',(14.3933982822018,-9.21320343559641,51.9));
#7292=CARTESIAN_POINT('',(-28.7687216421787,-9.21320343559641,51.4));
#7293=CARTESIAN_POINT('',(14.3933982822018,-9.21320343559641,51.4));
#7294=CARTESIAN_POINT('',(-28.7867965644036,-9.71320343559641,51.9));
#7295=CARTESIAN_POINT('Ctrl Pts',(-28.7687216421787,-9.2132034355962,51.4));
#7296=CARTESIAN_POINT('Ctrl Pts',(-28.768766385877,-9.21442604802291,51.4));
#7297=CARTESIAN_POINT('Ctrl Pts',(-28.7688111253114,-9.21564865651195,51.4000044843434));
#7298=CARTESIAN_POINT('Ctrl Pts',(-28.7712762587355,-9.28302028834412,51.40049870909));
#7299=CARTESIAN_POINT('Ctrl Pts',(-28.7736569393581,-9.3484237532467,51.414106646148));
#7300=CARTESIAN_POINT('Ctrl Pts',(-28.7780329915117,-9.4691666537172,51.4655800575805));
#7301=CARTESIAN_POINT('Ctrl Pts',(-28.7799924445988,-9.52349963672762,51.5025631539198));
#7302=CARTESIAN_POINT('Ctrl Pts',(-28.7832796185605,-9.61490800584436,51.5952581626771));
#7303=CARTESIAN_POINT('Ctrl Pts',(-28.7845766088539,-9.65112114561314,51.650071878099));
#7304=CARTESIAN_POINT('Ctrl Pts',(-28.7863433234706,-9.70050173286945,51.7704872960494));
#7305=CARTESIAN_POINT('Ctrl Pts',(-28.7867965644036,-9.71320343559641,51.834931437685));
#7306=CARTESIAN_POINT('Ctrl Pts',(-28.7867965644036,-9.71320343559641,51.9));
#7307=CARTESIAN_POINT('',(14.3933982822018,-9.71320343559641,51.9));
#7308=CARTESIAN_POINT('Origin',(-28.0377646984934,0.760045881776477,51.9));
#7309=CARTESIAN_POINT('',(-38.,-0.108209724261803,51.4));
#7310=CARTESIAN_POINT('Origin',(-28.0377646984934,0.760045881776477,51.4));
#7311=CARTESIAN_POINT('Ctrl Pts',(-37.9999999999999,-0.108209724261803,
51.4));
#7312=CARTESIAN_POINT('Ctrl Pts',(-38.0011834833132,-0.108261199760709,
51.4));
#7313=CARTESIAN_POINT('Ctrl Pts',(-38.0023669631219,-0.108312670531602,
51.4000042018982));
#7314=CARTESIAN_POINT('Ctrl Pts',(-38.0697677887313,-0.11124374200725,51.4004828160458));
#7315=CARTESIAN_POINT('Ctrl Pts',(-38.1352419363551,-0.114076206284928,
51.4141029640207));
#7316=CARTESIAN_POINT('Ctrl Pts',(-38.2560378217856,-0.119279331925769,
51.465624556347));
#7317=CARTESIAN_POINT('Ctrl Pts',(-38.3103643521114,-0.121607818305972,
51.5026159569886));
#7318=CARTESIAN_POINT('Ctrl Pts',(-38.4017474633694,-0.125513461804126,
51.5953179734853));
#7319=CARTESIAN_POINT('Ctrl Pts',(-38.4379468418781,-0.127054315479605,
51.6501253937925));
#7320=CARTESIAN_POINT('Ctrl Pts',(-38.4873045655424,-0.129153037500362,
51.7705201097283));
#7321=CARTESIAN_POINT('Ctrl Pts',(-38.5,-0.129691436711635,51.8349474419666));
#7322=CARTESIAN_POINT('Ctrl Pts',(-38.5,-0.129691436711634,51.9));
#7323=CARTESIAN_POINT('Origin',(-28.0377646984934,0.760045881776477,51.9));
#7324=CARTESIAN_POINT('Origin',(-10.0435055911035,30.757,51.9));
#7325=CARTESIAN_POINT('',(-20.0867877688304,30.757,51.4));
#7326=CARTESIAN_POINT('Ctrl Pts',(-20.0870111822069,31.257,51.9));
#7327=CARTESIAN_POINT('Ctrl Pts',(-20.0870036826327,31.257,51.87363563469));
#7328=CARTESIAN_POINT('Ctrl Pts',(-20.0869961830584,31.254910423375,51.8472715441839));
#7329=CARTESIAN_POINT('Ctrl Pts',(-20.0869886834841,31.2507573159691,51.8212363476786));
#7330=CARTESIAN_POINT('Ctrl Pts',(-20.0869811842555,31.2466044000119,51.7952023513358));
#7331=CARTESIAN_POINT('Ctrl Pts',(-20.0869736850269,31.2403882304755,51.7694977612673));
#7332=CARTESIAN_POINT('Ctrl Pts',(-20.0869661857983,31.2321862826296,51.7444429467987));
#7333=CARTESIAN_POINT('Ctrl Pts',(-20.0869586834193,31.2239808891509,51.7193776068194));
#7334=CARTESIAN_POINT('Ctrl Pts',(-20.0869511810403,31.2137882163089,51.6949631126071));
#7335=CARTESIAN_POINT('Ctrl Pts',(-20.0869436786613,31.2017354069067,51.6715040091304));
#7336=CARTESIAN_POINT('Ctrl Pts',(-20.0869361773731,31.1896843497657,51.6480483161841));
#7337=CARTESIAN_POINT('Ctrl Pts',(-20.0869286760848,31.1757739495141,51.6255482251502));
#7338=CARTESIAN_POINT('Ctrl Pts',(-20.0869211747965,31.1601776734085,51.6042843195484));
#7339=CARTESIAN_POINT('Ctrl Pts',(-20.0869136744517,31.1445833588835,51.5830230883585));
#7340=CARTESIAN_POINT('Ctrl Pts',(-20.0869061741068,31.1273039187127,51.5629981745106));
#7341=CARTESIAN_POINT('Ctrl Pts',(-20.086898673762,31.1085547791892,51.5444592326761));
#7342=CARTESIAN_POINT('Ctrl Pts',(-20.0868911742136,31.0898076304735,51.5259222593304));
#7343=CARTESIAN_POINT('Ctrl Pts',(-20.0868836746651,31.069591486015,51.5088713282861));
#7344=CARTESIAN_POINT('Ctrl Pts',(-20.0868761751167,31.0481583312758,51.4935189719942));
#7345=CARTESIAN_POINT('Ctrl Pts',(-20.0868686728203,31.0267173231311,51.4781609903857));
#7346=CARTESIAN_POINT('Ctrl Pts',(-20.0868611705239,31.004058858211,51.4645031515512));
#7347=CARTESIAN_POINT('Ctrl Pts',(-20.0868536682276,30.9804655706757,51.4527158188326));
#7348=CARTESIAN_POINT('Ctrl Pts',(-20.0868461679445,30.9568786145761,51.4409316493331));
#7349=CARTESIAN_POINT('Ctrl Pts',(-20.0868386676614,30.9323578306578,51.4310172259285));
#7350=CARTESIAN_POINT('Ctrl Pts',(-20.0868311673783,30.9072089195032,51.4230961517227));
#7351=CARTESIAN_POINT('Ctrl Pts',(-20.0868236652454,30.8820538058099,51.4151731239227));
#7352=CARTESIAN_POINT('Ctrl Pts',(-20.0868161631125,30.8562707792876,51.4092445960623));
#7353=CARTESIAN_POINT('Ctrl Pts',(-20.0868086609796,30.8301814348756,51.4053845154167));
#7354=CARTESIAN_POINT('Ctrl Pts',(-20.0868016969299,30.8059633231883,51.4018012952821));
#7355=CARTESIAN_POINT('Ctrl Pts',(-20.0867947328802,30.7814817564776,51.4));
#7356=CARTESIAN_POINT('Ctrl Pts',(-20.0867877688304,30.757,51.4));
#7357=CARTESIAN_POINT('',(-10.0435055911035,30.757,51.4));
#7358=CARTESIAN_POINT('Origin',(-38.,5.32110342274505,51.9));
#7359=CARTESIAN_POINT('',(-38.,14.3483156830444,51.4));
#7360=CARTESIAN_POINT('',(-38.,5.32110342274505,51.4));
#7361=CARTESIAN_POINT('Ctrl Pts',(-38.0000000000001,14.3483156830444,51.4));
#7362=CARTESIAN_POINT('Ctrl Pts',(-38.0011004130025,14.3483644200236,51.4));
#7363=CARTESIAN_POINT('Ctrl Pts',(-38.0022008231288,14.3484131546316,51.4000036327263));
#7364=CARTESIAN_POINT('Ctrl Pts',(-38.069608081448,14.3513983287633,51.4004486937798));
#7365=CARTESIAN_POINT('Ctrl Pts',(-38.1351753625062,14.3542936017909,51.4140722711475));
#7366=CARTESIAN_POINT('Ctrl Pts',(-38.2560516822514,14.3596181862275,51.4656327241893));
#7367=CARTESIAN_POINT('Ctrl Pts',(-38.3103773971809,14.362004594591,51.5026260196798));
#7368=CARTESIAN_POINT('Ctrl Pts',(-38.401755939992,14.3660122007105,51.5953297407896));
#7369=CARTESIAN_POINT('Ctrl Pts',(-38.4379526843075,14.3675960481855,51.6501360874625));
#7370=CARTESIAN_POINT('Ctrl Pts',(-38.4873058429778,14.3697542724963,51.7705267818179));
#7371=CARTESIAN_POINT('Ctrl Pts',(-38.5,14.3703085632883,51.8349506838115));
#7372=CARTESIAN_POINT('Ctrl Pts',(-38.5,14.3703085632883,51.9));
#7373=CARTESIAN_POINT('Origin',(-20.0704785923441,12.7570073872049,51.9));
#7374=CARTESIAN_POINT('Origin',(-20.0704785923441,12.7570073872049,51.4));
#7375=CARTESIAN_POINT('Origin',(28.0274905412681,0.759306023135533,53.));
#7376=CARTESIAN_POINT('',(38.5,0.,53.));
#7377=CARTESIAN_POINT('',(28.7867965644036,-9.71320343559641,53.));
#7378=CARTESIAN_POINT('Origin',(28.7867965644036,-9.71320343559641,53.));
#7379=CARTESIAN_POINT('',(-28.7867965644036,-9.71320343559641,53.));
#7380=CARTESIAN_POINT('Origin',(-28.0377646984934,0.760045881776477,53.));
#7381=CARTESIAN_POINT('Origin',(28.0353684464647,0.75142811793893,51.9));
#7382=CARTESIAN_POINT('',(28.8099732895264,-7.71320343559637,51.4));
#7383=CARTESIAN_POINT('',(36.5,-0.0231767251222603,51.4));
#7384=CARTESIAN_POINT('Origin',(28.0353684464647,0.75142811793893,51.4));
#7385=CARTESIAN_POINT('',(36.,0.,51.9));
#7386=CARTESIAN_POINT('Ctrl Pts',(36.5,-0.0231767251222604,51.4));
#7387=CARTESIAN_POINT('Ctrl Pts',(36.4987918348751,-0.0231215603192971,
51.4));
#7388=CARTESIAN_POINT('Ctrl Pts',(36.497583673956,-0.0230663898188193,51.4000043789889));
#7389=CARTESIAN_POINT('Ctrl Pts',(36.43016302353,-0.0199873058909437,51.4004931185902));
#7390=CARTESIAN_POINT('Ctrl Pts',(36.3646962136177,-0.0169790733404232,
51.4141210230715));
#7391=CARTESIAN_POINT('Ctrl Pts',(36.2439106890323,-0.0113990917270042,
51.4656547041496));
#7392=CARTESIAN_POINT('Ctrl Pts',(36.189586483054,-0.00887413906720924,
51.5026538128124));
#7393=CARTESIAN_POINT('Ctrl Pts',(36.0982200979028,-0.00461191897384542,
51.595362897206));
#7394=CARTESIAN_POINT('Ctrl Pts',(36.0620306337027,-0.00291491647800391,
51.6501665534055));
#7395=CARTESIAN_POINT('Ctrl Pts',(36.0126904714662,-0.000597973505863251,
51.7705459985313));
#7396=CARTESIAN_POINT('Ctrl Pts',(36.,-1.31330331601765E-16,51.8349599947926));
#7397=CARTESIAN_POINT('Ctrl Pts',(36.,-4.77048955893622E-16,51.9));
#7398=CARTESIAN_POINT('',(28.7867965644036,-7.21320343559641,51.9));
#7399=CARTESIAN_POINT('Origin',(28.0353684464647,0.75142811793893,51.9));
#7400=CARTESIAN_POINT('Ctrl Pts',(28.8099732895264,-7.71320343559637,51.4));
#7401=CARTESIAN_POINT('Ctrl Pts',(28.8099181247234,-7.7119952704715,51.4));
#7402=CARTESIAN_POINT('Ctrl Pts',(28.8098629542223,-7.71078710955238,51.4000043789889));
#7403=CARTESIAN_POINT('Ctrl Pts',(28.8067838702951,-7.64336645912649,51.4004931185902));
#7404=CARTESIAN_POINT('Ctrl Pts',(28.8037756377443,-7.57789964921414,51.4141210230714));
#7405=CARTESIAN_POINT('Ctrl Pts',(28.7981956561307,-7.45711412462869,51.4656547041496));
#7406=CARTESIAN_POINT('Ctrl Pts',(28.7956707034708,-7.40278991865041,51.5026538128124));
#7407=CARTESIAN_POINT('Ctrl Pts',(28.7914084833774,-7.31142353349918,51.595362897206));
#7408=CARTESIAN_POINT('Ctrl Pts',(28.7897114808815,-7.27523406929911,51.6501665534055));
#7409=CARTESIAN_POINT('Ctrl Pts',(28.7873945379094,-7.22589390706263,51.7705459985314));
#7410=CARTESIAN_POINT('Ctrl Pts',(28.7867965644036,-7.21320343559641,51.8349599947927));
#7411=CARTESIAN_POINT('Ctrl Pts',(28.7867965644036,-7.21320343559641,51.9));
#7412=CARTESIAN_POINT('Origin',(36.5,5.3859491411009,51.9));
#7413=CARTESIAN_POINT('',(36.5,14.5252345931195,51.4));
#7414=CARTESIAN_POINT('',(36.5,5.3859491411009,51.4));
#7415=CARTESIAN_POINT('',(36.,14.5,51.9));
#7416=CARTESIAN_POINT('Ctrl Pts',(36.5,14.5252345931195,51.4));
#7417=CARTESIAN_POINT('Ctrl Pts',(36.4989025578514,14.5251796300026,51.4));
#7418=CARTESIAN_POINT('Ctrl Pts',(36.4978051187843,14.5251246642886,51.4000036131378));
#7419=CARTESIAN_POINT('Ctrl Pts',(36.4303625037432,14.5217466027666,51.4004477053216));
#7420=CARTESIAN_POINT('Ctrl Pts',(36.3647572583391,14.5184501484363,51.4140856130369));
#7421=CARTESIAN_POINT('Ctrl Pts',(36.2438571254758,14.5123586856538,51.4656867529346));
#7422=CARTESIAN_POINT('Ctrl Pts',(36.189537843546,14.5096133541988,51.5026915505945));
#7423=CARTESIAN_POINT('Ctrl Pts',(36.0981896958103,14.5049880519133,51.5954053582331));
#7424=CARTESIAN_POINT('Ctrl Pts',(36.062010058614,14.5031513464127,51.6502043995284));
#7425=CARTESIAN_POINT('Ctrl Pts',(36.0126860611528,14.5006455862115,51.7705691098175));
#7426=CARTESIAN_POINT('Ctrl Pts',(36.,14.5,51.834971278868));
#7427=CARTESIAN_POINT('Ctrl Pts',(36.,14.5,51.9));
#7428=CARTESIAN_POINT('',(36.,5.3859491411009,51.9));
#7429=CARTESIAN_POINT('Origin',(20.0825667895058,12.8766331315883,51.9));
#7430=CARTESIAN_POINT('',(22.0658925963866,29.257,51.4));
#7431=CARTESIAN_POINT('Origin',(20.0825667895058,12.8766331315883,51.4));
#7432=CARTESIAN_POINT('Ctrl Pts',(22.0658925963866,29.257,51.4));
#7433=CARTESIAN_POINT('Ctrl Pts',(22.06582716253,29.2559152114083,51.4));
#7434=CARTESIAN_POINT('Ctrl Pts',(22.065761725619,29.2548304258423,51.4000035302989));
#7435=CARTESIAN_POINT('Ctrl Pts',(22.0616894380209,29.1873250992555,51.4004429101026));
#7436=CARTESIAN_POINT('Ctrl Pts',(22.05771456061,29.1216433332201,51.4141063343904));
#7437=CARTESIAN_POINT('Ctrl Pts',(22.050375035388,29.0006949333369,51.465783393623));
#7438=CARTESIAN_POINT('Ctrl Pts',(22.0470693380618,28.9463889004999,51.5028069833451));
#7439=CARTESIAN_POINT('Ctrl Pts',(22.041501903796,28.8550954146285,51.5955368225364));
#7440=CARTESIAN_POINT('Ctrl Pts',(22.0392915915874,28.8189458488908,51.6503223747764));
#7441=CARTESIAN_POINT('Ctrl Pts',(22.0362767027974,28.769672202385,51.7706416729101));
#7442=CARTESIAN_POINT('Ctrl Pts',(22.0355,28.757,51.8350066452014));
#7443=CARTESIAN_POINT('Ctrl Pts',(22.0355,28.757,51.9));
#7444=CARTESIAN_POINT('Origin',(20.0825667895058,12.8766331315883,51.9));
#7445=CARTESIAN_POINT('Origin',(11.01775,29.257,51.9));
#7446=CARTESIAN_POINT('',(-20.0870111822069,29.257,51.4));
#7447=CARTESIAN_POINT('',(11.01775,29.257,51.4));
#7448=CARTESIAN_POINT('Origin',(-20.0870111822069,29.257,51.9));
#7449=CARTESIAN_POINT('Origin',(-20.0815440920487,12.7570009340336,51.9));
#7450=CARTESIAN_POINT('',(-36.5,14.3953859921503,51.4));
#7451=CARTESIAN_POINT('Origin',(-20.0815440920487,12.7570009340336,51.4));
#7452=CARTESIAN_POINT('Ctrl Pts',(-36.5,14.3953859921503,51.4));
#7453=CARTESIAN_POINT('Ctrl Pts',(-36.4989020599683,14.3953313465573,51.4));
#7454=CARTESIAN_POINT('Ctrl Pts',(-36.4978041230216,14.3952766983864,51.4000036164169));
#7455=CARTESIAN_POINT('Ctrl Pts',(-36.4303632389807,14.3919197609939,51.4004478986772));
#7456=CARTESIAN_POINT('Ctrl Pts',(-36.3647602610734,14.3886439504541,51.4140851009429));
#7457=CARTESIAN_POINT('Ctrl Pts',(-36.2438615982514,14.3825905002688,51.465684089117));
#7458=CARTESIAN_POINT('Ctrl Pts',(-36.1895419514968,14.3798622492393,51.5026883682213));
#7459=CARTESIAN_POINT('Ctrl Pts',(-36.098192296592,14.3752656790888,51.5954017329624));
#7460=CARTESIAN_POINT('Ctrl Pts',(-36.0620118300009,14.3734403714119,51.650201146001));
#7461=CARTESIAN_POINT('Ctrl Pts',(-36.0126864435035,14.3709501478872,51.770567108382));
#7462=CARTESIAN_POINT('Ctrl Pts',(-36.,14.3703085632882,51.8349703034263));
#7463=CARTESIAN_POINT('Ctrl Pts',(-36.,14.3703085632882,51.9));
#7464=CARTESIAN_POINT('Origin',(-36.5,12.5711034227451,51.9));
#7465=CARTESIAN_POINT('',(-36.5,-0.178698329697469,51.4));
#7466=CARTESIAN_POINT('',(-36.5,12.5711034227451,51.4));
#7467=CARTESIAN_POINT('Ctrl Pts',(-36.5,-0.178698329697469,51.4));
#7468=CARTESIAN_POINT('Ctrl Pts',(-36.4989107251021,-0.178593003012914,
51.4));
#7469=CARTESIAN_POINT('Ctrl Pts',(-36.4978214538758,-0.178487667536399,
51.4000035595594));
#7470=CARTESIAN_POINT('Ctrl Pts',(-36.4299909136581,-0.171927701439466,
51.4004468817936));
#7471=CARTESIAN_POINT('Ctrl Pts',(-36.3639871578136,-0.165508750958449,
51.4142423177976));
#7472=CARTESIAN_POINT('Ctrl Pts',(-36.2428530678686,-0.153670995249226,
51.4662858932416));
#7473=CARTESIAN_POINT('Ctrl Pts',(-36.1886144878761,-0.148341533790096,
51.5034084727985));
#7474=CARTESIAN_POINT('Ctrl Pts',(-36.0976043519553,-0.139369569092189,
51.5962226501051));
#7475=CARTESIAN_POINT('Ctrl Pts',(-36.0616111156591,-0.135804839979081,
51.6509384686185));
#7476=CARTESIAN_POINT('Ctrl Pts',(-36.0125998734623,-0.130944702546798,
51.7710208774676));
#7477=CARTESIAN_POINT('Ctrl Pts',(-36.,-0.129691436711694,51.8351914319661));
#7478=CARTESIAN_POINT('Ctrl Pts',(-36.,-0.129691436711693,51.9));
#7479=CARTESIAN_POINT('Origin',(-27.1760004347728,1.6414753179647,51.9));
#7480=CARTESIAN_POINT('',(-28.8312905657385,-7.71320343559641,51.4));
#7481=CARTESIAN_POINT('Origin',(-27.1760004347728,1.6414753179647,51.4));
#7482=CARTESIAN_POINT('Ctrl Pts',(-28.8312905657385,-7.71320343559641,51.4));
#7483=CARTESIAN_POINT('Ctrl Pts',(-28.8311943245923,-7.71210719520909,51.4));
#7484=CARTESIAN_POINT('Ctrl Pts',(-28.8310980753719,-7.71101095842916,51.4000036052289));
#7485=CARTESIAN_POINT('Ctrl Pts',(-28.8251501651464,-7.64327275884619,51.4004491550927));
#7486=CARTESIAN_POINT('Ctrl Pts',(-28.8193311343417,-7.57736924402316,51.4142069620217));
#7487=CARTESIAN_POINT('Ctrl Pts',(-28.8085889077473,-7.45629522262293,51.466143106048));
#7488=CARTESIAN_POINT('Ctrl Pts',(-28.8037485645033,-7.40203719974902,51.5032378761969));
#7489=CARTESIAN_POINT('Ctrl Pts',(-28.7955957655175,-7.3109465986642,51.5960285130303));
#7490=CARTESIAN_POINT('Ctrl Pts',(-28.7923553929492,-7.27490909551731,51.6507642146201));
#7491=CARTESIAN_POINT('Ctrl Pts',(-28.7879362382518,-7.22582372231374,51.7709137446421));
#7492=CARTESIAN_POINT('Ctrl Pts',(-28.7867965644036,-7.21320343559641,51.8351392120376));
#7493=CARTESIAN_POINT('Ctrl Pts',(-28.7867965644036,-7.21320343559641,51.9));
#7494=CARTESIAN_POINT('Origin',(-14.3933982822018,-7.71320343559641,51.9));
#7495=CARTESIAN_POINT('',(-14.3933982822018,-7.21320343559641,51.9));
#7496=CARTESIAN_POINT('',(-14.3933982822018,-7.71320343559641,51.4));
#7497=CARTESIAN_POINT('Origin',(-28.7867965644036,-7.21320343559641,53.));
#7498=CARTESIAN_POINT('',(28.7867965644036,-7.21320343559641,53.));
#7499=CARTESIAN_POINT('Origin',(28.0353684464647,0.75142811793893,53.));
#7500=CARTESIAN_POINT('',(36.,0.,53.));
#7501=CARTESIAN_POINT('Origin',(8.88178419700125E-15,10.7718982822018,51.4));
#7502=CARTESIAN_POINT('Origin',(-28.7867965644036,-5.2132034355964,53.));
#7503=CARTESIAN_POINT('',(28.7867965644036,-5.21320343559641,50.));
#7504=CARTESIAN_POINT('',(28.7867965644036,-5.21320343559641,53.));
#7505=CARTESIAN_POINT('',(-28.7867965644036,-5.2132034355964,50.));
#7506=CARTESIAN_POINT('',(28.7867965644036,-5.21320343559641,50.));
#7507=CARTESIAN_POINT('',(-28.7867965644036,-5.2132034355964,53.));
#7508=CARTESIAN_POINT('Origin',(-27.2193835667515,1.60905546412233,53.));
#7509=CARTESIAN_POINT('',(-34.,-0.129691436711687,50.));
#7510=CARTESIAN_POINT('Origin',(-27.2193835667515,1.60905546412233,50.));
#7511=CARTESIAN_POINT('',(-34.,-0.129691436711687,53.));
#7512=CARTESIAN_POINT('Origin',(-34.,14.3703085632883,53.));
#7513=CARTESIAN_POINT('',(-34.,14.3703085632883,50.));
#7514=CARTESIAN_POINT('',(-34.,-0.129691436711687,50.));
#7515=CARTESIAN_POINT('',(-34.,14.3703085632883,53.));
#7516=CARTESIAN_POINT('Origin',(-20.0932663796085,12.7570013974106,53.));
#7517=CARTESIAN_POINT('',(-20.0870111822069,26.757,50.));
#7518=CARTESIAN_POINT('Origin',(-20.0932663796085,12.7570013974106,50.));
#7519=CARTESIAN_POINT('',(-20.0870111822069,26.757,53.));
#7520=CARTESIAN_POINT('Origin',(22.0355,26.757,53.));
#7521=CARTESIAN_POINT('',(22.0355,26.757,50.));
#7522=CARTESIAN_POINT('',(-20.0870111822069,26.757,50.));
#7523=CARTESIAN_POINT('',(22.0355,26.757,53.));
#7524=CARTESIAN_POINT('Origin',(20.0925971265507,12.892472297105,53.));
#7525=CARTESIAN_POINT('',(34.,14.5,50.));
#7526=CARTESIAN_POINT('Origin',(20.0925971265507,12.892472297105,50.));
#7527=CARTESIAN_POINT('',(34.,14.5,53.));
#7528=CARTESIAN_POINT('Origin',(34.,2.22044604925031E-14,53.));
#7529=CARTESIAN_POINT('',(34.,2.22044604925031E-14,50.));
#7530=CARTESIAN_POINT('',(34.,14.5,50.));
#7531=CARTESIAN_POINT('',(34.,2.22044604925031E-14,53.));
#7532=CARTESIAN_POINT('Origin',(27.18559273955,1.60120382485364,53.));
#7533=CARTESIAN_POINT('Origin',(27.18559273955,1.60120382485364,50.));
#7534=CARTESIAN_POINT('Origin',(36.,0.,53.));
#7535=CARTESIAN_POINT('',(36.,14.5,53.));
#7536=CARTESIAN_POINT('Origin',(20.0825667895058,12.8766331315883,53.));
#7537=CARTESIAN_POINT('Origin',(38.5,14.5,53.));
#7538=CARTESIAN_POINT('Origin',(-14.3933982822018,-6.31320343559642,43.1));
#7539=CARTESIAN_POINT('',(-35.1,-6.31320343559641,50.));
#7540=CARTESIAN_POINT('',(-37.920457136973,-9.13366057830604,49.397223318324));
#7541=CARTESIAN_POINT('Origin',(-35.1,-6.31320343559641,43.1));
#7542=CARTESIAN_POINT('',(28.5661446203246,-6.31320343559642,50.));
#7543=CARTESIAN_POINT('',(-14.3933982822018,-6.31320343559642,50.));
#7544=CARTESIAN_POINT('',(28.7867965644036,-13.2132034355964,43.1));
#7545=CARTESIAN_POINT('Ctrl Pts',(28.5661446203245,-6.31320343559623,50.));
#7546=CARTESIAN_POINT('Ctrl Pts',(28.5666804694417,-6.32713973406147,50.));
#7547=CARTESIAN_POINT('Ctrl Pts',(28.5672155284773,-6.34107603096693,49.9999577781704));
#7548=CARTESIAN_POINT('Ctrl Pts',(28.6028485698843,-7.27054441379286,49.9943258104994));
#7549=CARTESIAN_POINT('Ctrl Pts',(28.6342161413033,-8.17600937100051,49.8066113582379));
#7550=CARTESIAN_POINT('Ctrl Pts',(28.6888053478251,-9.84479695388868,49.0953870303865));
#7551=CARTESIAN_POINT('Ctrl Pts',(28.7116605747209,-10.5945458107782,48.5851884905701));
#7552=CARTESIAN_POINT('Ctrl Pts',(28.7489440509333,-11.8561874239123,47.3061794006869));
#7553=CARTESIAN_POINT('Ctrl Pts',(28.7630258929775,-12.356085665715,46.549701029887));
#7554=CARTESIAN_POINT('Ctrl Pts',(28.782040632146,-13.0378337531875,44.8877242310364));
#7555=CARTESIAN_POINT('Ctrl Pts',(28.7867965644035,-13.2132034355964,43.9981633584839));
#7556=CARTESIAN_POINT('Ctrl Pts',(28.7867965644035,-13.2132034355964,43.1));
#7557=CARTESIAN_POINT('',(-28.7867965644036,-13.2132034355964,43.1));
#7558=CARTESIAN_POINT('',(-14.3933982822018,-13.2132034355964,43.1));
#7559=CARTESIAN_POINT('Ctrl Pts',(-37.9204571369253,-9.13366057783077,49.3972233173693));
#7560=CARTESIAN_POINT('Ctrl Pts',(-37.8183563737984,-9.23576134090291,49.3514935072734));
#7561=CARTESIAN_POINT('Ctrl Pts',(-37.7149448443632,-9.33601201391407,49.3036100160794));
#7562=CARTESIAN_POINT('Ctrl Pts',(-36.6465145826925,-10.3404690812575,48.7941613580134));
#7563=CARTESIAN_POINT('Ctrl Pts',(-35.5789724519812,-11.0745388121154,48.1636967404865));
#7564=CARTESIAN_POINT('Ctrl Pts',(-33.9282250427353,-11.947209926369,47.1178627148638));
#7565=CARTESIAN_POINT('Ctrl Pts',(-33.2185232208394,-12.2556648053475,46.6491161697808));
#7566=CARTESIAN_POINT('Ctrl Pts',(-31.7828338684576,-12.7405492744542,45.6687159316956));
#7567=CARTESIAN_POINT('Ctrl Pts',(-31.0558233051415,-12.9175675288357,45.1588526719476));
#7568=CARTESIAN_POINT('Ctrl Pts',(-30.0682543516525,-13.0876997087375,44.4334224079437));
#7569=CARTESIAN_POINT('Ctrl Pts',(-29.7174868299056,-13.1343140982872,44.1712755710463));
#7570=CARTESIAN_POINT('Ctrl Pts',(-29.2639835391882,-13.1797017777867,43.7910112234727));
#7571=CARTESIAN_POINT('Ctrl Pts',(-29.1275098840454,-13.1908377972681,43.6692507302483));
#7572=CARTESIAN_POINT('Ctrl Pts',(-28.9562193255685,-13.2030077853749,43.4802635960417));
#7573=CARTESIAN_POINT('Ctrl Pts',(-28.9055518602256,-13.2062532288475,43.417393456958));
#7574=CARTESIAN_POINT('Ctrl Pts',(-28.8432588811614,-13.2100112697351,43.3127437387862));
#7575=CARTESIAN_POINT('Ctrl Pts',(-28.8249373287092,-13.211068810061,43.2762909020222));
#7576=CARTESIAN_POINT('Ctrl Pts',(-28.7968197215516,-13.2126578106494,43.1956791874562));
#7577=CARTESIAN_POINT('Ctrl Pts',(-28.7867965644036,-13.2132034355964,43.1515999831359));
#7578=CARTESIAN_POINT('Ctrl Pts',(-28.7867965644036,-13.2132034355964,43.1));
#7579=CARTESIAN_POINT('Origin',(20.0622884468475,12.8456687723793,43.1));
#7580=CARTESIAN_POINT('',(22.0355,34.757,43.1));
#7581=CARTESIAN_POINT('',(42.,14.5,43.1));
#7582=CARTESIAN_POINT('Origin',(20.0622884468475,12.8456687723793,43.1));
#7583=CARTESIAN_POINT('',(35.1,14.2157896590843,50.));
#7584=CARTESIAN_POINT('Ctrl Pts',(35.0999999999978,14.2157896590841,50.));
#7585=CARTESIAN_POINT('Ctrl Pts',(35.1091371287828,14.2162050513069,50.));
#7586=CARTESIAN_POINT('Ctrl Pts',(35.1182742571405,14.2166202546112,49.9999818506257));
#7587=CARTESIAN_POINT('Ctrl Pts',(36.0482867647403,14.2588620875262,49.9962872010716));
#7588=CARTESIAN_POINT('Ctrl Pts',(36.9593076087402,14.298292571651,49.8083136656583));
#7589=CARTESIAN_POINT('Ctrl Pts',(38.6328360867885,14.3683430725203,49.0946510411297));
#7590=CARTESIAN_POINT('Ctrl Pts',(39.3825029167349,14.3985217664115,48.5842949944714));
#7591=CARTESIAN_POINT('Ctrl Pts',(40.6437299916697,14.4483138566184,47.3051398322345));
#7592=CARTESIAN_POINT('Ctrl Pts',(41.1433900969664,14.4674784266942,46.5487693886301));
#7593=CARTESIAN_POINT('Ctrl Pts',(41.8247399335199,14.4934390500653,44.8871503601057));
#7594=CARTESIAN_POINT('Ctrl Pts',(42.,14.4999999999999,43.9978833773793));
#7595=CARTESIAN_POINT('Ctrl Pts',(42.,14.4999999999999,43.1));
#7596=CARTESIAN_POINT('',(21.6962819519325,27.857,50.));
#7597=CARTESIAN_POINT('Origin',(20.0622884468475,12.8456687723793,50.));
#7598=CARTESIAN_POINT('Ctrl Pts',(21.6962819519325,27.8569999999997,50.));
#7599=CARTESIAN_POINT('Ctrl Pts',(21.6967393744309,27.8654294094917,50.));
#7600=CARTESIAN_POINT('Ctrl Pts',(21.697196605025,27.8738588224865,49.9999845532727));
#7601=CARTESIAN_POINT('Ctrl Pts',(21.7476483629678,28.8043673431577,49.9965742575992));
#7602=CARTESIAN_POINT('Ctrl Pts',(21.794777918063,29.7166650214474,49.8083949119662));
#7603=CARTESIAN_POINT('Ctrl Pts',(21.8784301928092,31.3911255777213,49.0938732551798));
#7604=CARTESIAN_POINT('Ctrl Pts',(21.9144410450325,32.1406463486642,48.5834039161619));
#7605=CARTESIAN_POINT('Ctrl Pts',(21.9738456841641,33.4014265250401,47.3041646365122));
#7606=CARTESIAN_POINT('Ctrl Pts',(21.9967075740694,33.900856875212,46.547908501465));
#7607=CARTESIAN_POINT('Ctrl Pts',(22.0276741088509,34.5818388387582,44.8866315879362));
#7608=CARTESIAN_POINT('Ctrl Pts',(22.0355,34.757,43.9976295750798));
#7609=CARTESIAN_POINT('Ctrl Pts',(22.0355,34.757,43.1));
#7610=CARTESIAN_POINT('Origin',(11.01775,27.857,43.1));
#7611=CARTESIAN_POINT('',(-22.0355,34.757,43.1));
#7612=CARTESIAN_POINT('',(11.01775,34.757,43.1));
#7613=CARTESIAN_POINT('',(-21.6962819519327,27.857,50.));
#7614=CARTESIAN_POINT('',(11.01775,27.857,50.));
#7615=CARTESIAN_POINT('Ctrl Pts',(-21.6962819519327,27.8570000000002,50.));
#7616=CARTESIAN_POINT('Ctrl Pts',(-21.6967393744311,27.8654294094919,50.));
#7617=CARTESIAN_POINT('Ctrl Pts',(-21.6971966050252,27.8738588224869,49.9999845532727));
#7618=CARTESIAN_POINT('Ctrl Pts',(-21.7476483629683,28.8043673431513,49.9965742575992));
#7619=CARTESIAN_POINT('Ctrl Pts',(-21.794777918063,29.7166650214463,49.8083949119667));
#7620=CARTESIAN_POINT('Ctrl Pts',(-21.8784301928094,31.3911255777212,49.0938732551799));
#7621=CARTESIAN_POINT('Ctrl Pts',(-21.9144410450328,32.1406463486642,48.5834039161619));
#7622=CARTESIAN_POINT('Ctrl Pts',(-21.9738456841644,33.4014265250401,47.3041646365122));
#7623=CARTESIAN_POINT('Ctrl Pts',(-21.9967075740696,33.900856875212,46.547908501465));
#7624=CARTESIAN_POINT('Ctrl Pts',(-22.0276741088511,34.5818388387582,44.8866315879362));
#7625=CARTESIAN_POINT('Ctrl Pts',(-22.0355000000002,34.757,43.9976295750798));
#7626=CARTESIAN_POINT('Ctrl Pts',(-22.0355000000002,34.757,43.1));
#7627=CARTESIAN_POINT('Origin',(35.1,5.3859491411009,43.1));
#7628=CARTESIAN_POINT('',(42.,1.33226762955019E-14,43.1));
#7629=CARTESIAN_POINT('',(42.,5.3859491411009,43.1));
#7630=CARTESIAN_POINT('',(35.1,0.220651944079148,50.));
#7631=CARTESIAN_POINT('Ctrl Pts',(35.1000000000008,0.220651944079148,50.));
#7632=CARTESIAN_POINT('Ctrl Pts',(35.1139362984612,0.220116094962136,50.));
#7633=CARTESIAN_POINT('Ctrl Pts',(35.1278725953568,0.219581035926848,49.9999577781704));
#7634=CARTESIAN_POINT('Ctrl Pts',(36.0573409784957,0.183947994509281,49.9943258105001));
#7635=CARTESIAN_POINT('Ctrl Pts',(36.9628059354551,0.152580423098725,49.8066113582162));
#7636=CARTESIAN_POINT('Ctrl Pts',(38.6315935182925,0.0979912165786326,49.0953870303865));
#7637=CARTESIAN_POINT('Ctrl Pts',(39.3813423751819,0.0751359896828221,48.5851884905701));
#7638=CARTESIAN_POINT('Ctrl Pts',(40.642983988316,0.0378525134704397,47.3061794006869));
#7639=CARTESIAN_POINT('Ctrl Pts',(41.1428822301186,0.0237706714261253,46.5497010298869));
#7640=CARTESIAN_POINT('Ctrl Pts',(41.8246303175911,0.00475593225766725,
44.8877242310364));
#7641=CARTESIAN_POINT('Ctrl Pts',(42.,1.6158728766808E-13,43.9981633584839));
#7642=CARTESIAN_POINT('Ctrl Pts',(42.,1.61828016265186E-13,43.1));
#7643=CARTESIAN_POINT('',(35.1,5.3859491411009,50.));
#7644=CARTESIAN_POINT('Origin',(-20.0622884468475,12.8456687723793,43.1));
#7645=CARTESIAN_POINT('',(-42.,14.4999999999998,43.1));
#7646=CARTESIAN_POINT('Origin',(-20.0622884468475,12.8456687723793,43.1));
#7647=CARTESIAN_POINT('',(-35.1,14.215789659084,50.));
#7648=CARTESIAN_POINT('Origin',(-20.0622884468475,12.8456687723793,50.));
#7649=CARTESIAN_POINT('Ctrl Pts',(-35.0999999999968,14.215789659084,50.));
#7650=CARTESIAN_POINT('Ctrl Pts',(-35.1091371287821,14.2162050513068,50.));
#7651=CARTESIAN_POINT('Ctrl Pts',(-35.1182742571403,14.2166202546111,49.9999818506257));
#7652=CARTESIAN_POINT('Ctrl Pts',(-36.0482867647345,14.258862087526,49.9962872010716));
#7653=CARTESIAN_POINT('Ctrl Pts',(-36.959307608739,14.2982925716511,49.8083136656588));
#7654=CARTESIAN_POINT('Ctrl Pts',(-38.6328360867884,14.3683430725203,49.0946510411298));
#7655=CARTESIAN_POINT('Ctrl Pts',(-39.3825029167347,14.3985217664113,48.5842949944715));
#7656=CARTESIAN_POINT('Ctrl Pts',(-40.6437299916697,14.4483138566183,47.3051398322346));
#7657=CARTESIAN_POINT('Ctrl Pts',(-41.1433900969663,14.4674784266941,46.5487693886302));
#7658=CARTESIAN_POINT('Ctrl Pts',(-41.8247399335198,14.4934390500652,44.8871503601059));
#7659=CARTESIAN_POINT('Ctrl Pts',(-42.,14.4999999999998,43.9978833773794));
#7660=CARTESIAN_POINT('Ctrl Pts',(-42.,14.4999999999998,43.1));
#7661=CARTESIAN_POINT('Origin',(28.0209622029682,0.76583436143542,43.1));
#7662=CARTESIAN_POINT('Origin',(28.0209622029682,0.76583436143542,43.1));
#7663=CARTESIAN_POINT('Origin',(28.0209622029682,0.76583436143542,50.));
#7664=CARTESIAN_POINT('Origin',(-35.1,12.6359491411008,43.1));
#7665=CARTESIAN_POINT('',(-42.,-4.44089209850063E-15,43.1));
#7666=CARTESIAN_POINT('Ctrl Pts',(-42.,4.88498130835069E-14,43.1));
#7667=CARTESIAN_POINT('Ctrl Pts',(-42.,4.87067046541248E-14,43.1974521985023));
#7668=CARTESIAN_POINT('Ctrl Pts',(-41.9982884985348,-0.0313478077385019,
43.2654333525132));
#7669=CARTESIAN_POINT('Ctrl Pts',(-41.9942637947961,-0.0990306109038978,
43.3878890888005));
#7670=CARTESIAN_POINT('Ctrl Pts',(-41.991785203244,-0.138584094267279,43.4405514285856));
#7671=CARTESIAN_POINT('Ctrl Pts',(-41.982979886847,-0.26838518329881,43.5952045445414));
#7672=CARTESIAN_POINT('Ctrl Pts',(-41.9755200176314,-0.366702655828222,
43.689077139666));
#7673=CARTESIAN_POINT('Ctrl Pts',(-41.94594790656,-0.698430106658667,43.9843897139983));
#7674=CARTESIAN_POINT('Ctrl Pts',(-41.9174650531075,-0.957565270011573,
44.186343615222));
#7675=CARTESIAN_POINT('Ctrl Pts',(-41.7935467577986,-1.81245614668297,44.8315448830699));
#7676=CARTESIAN_POINT('Ctrl Pts',(-41.6560886201923,-2.47508847466717,45.3016506877333));
#7677=CARTESIAN_POINT('Ctrl Pts',(-41.1916963934772,-4.09230826100977,46.4256807496294));
#7678=CARTESIAN_POINT('Ctrl Pts',(-40.7571409889166,-5.16675540128074,47.1449227728685));
#7679=CARTESIAN_POINT('Ctrl Pts',(-39.5779954167546,-7.22421394253637,48.4209199568855));
#7680=CARTESIAN_POINT('Ctrl Pts',(-38.8317955306485,-8.20774895263273,48.9753416688834));
#7681=CARTESIAN_POINT('Ctrl Pts',(-37.9752908660321,-9.07859686044301,49.3724468661837));
#7682=CARTESIAN_POINT('Ctrl Pts',(-37.9480037652012,-9.10611394956912,49.3848854875984));
#7683=CARTESIAN_POINT('Ctrl Pts',(-37.9204571370206,-9.13366057773543,49.3972233197044));
#7684=CARTESIAN_POINT('',(-42.,12.6359491411008,43.1));
#7685=CARTESIAN_POINT('',(-35.1,12.6359491411008,50.));
#7686=CARTESIAN_POINT('Origin',(-28.7867965644036,-13.2132034355964,60.));
#7687=CARTESIAN_POINT('',(28.7867965644036,-13.2132034355964,32.));
#7688=CARTESIAN_POINT('',(28.7867965644036,-13.2132034355964,60.));
#7689=CARTESIAN_POINT('',(-28.7867965644036,-13.2132034355964,32.));
#7690=CARTESIAN_POINT('',(-28.7867965644036,-13.2132034355964,32.));
#7691=CARTESIAN_POINT('',(-28.7867965644036,-13.2132034355964,35.));
#7692=CARTESIAN_POINT('',(-28.7867965644036,-13.2132034355964,35.));
#7693=CARTESIAN_POINT('',(-28.7867965644036,-13.2132034355964,60.));
#7694=CARTESIAN_POINT('Origin',(28.0209622029682,0.76583436143542,60.));
#7695=CARTESIAN_POINT('',(42.,1.77635683940025E-14,32.));
#7696=CARTESIAN_POINT('',(42.,1.33226762955019E-14,60.));
#7697=CARTESIAN_POINT('Origin',(28.0209622029682,0.76583436143542,32.));
#7698=CARTESIAN_POINT('Origin',(42.,1.33226762955019E-14,60.));
#7699=CARTESIAN_POINT('',(42.,14.5,32.));
#7700=CARTESIAN_POINT('',(42.,14.5,60.));
#7701=CARTESIAN_POINT('',(42.,1.77635683940025E-14,32.));
#7702=CARTESIAN_POINT('Origin',(20.0622884468475,12.8456687723793,60.));
#7703=CARTESIAN_POINT('',(22.0355,34.757,32.));
#7704=CARTESIAN_POINT('',(22.0355,34.757,60.));
#7705=CARTESIAN_POINT('Origin',(20.0622884468475,12.8456687723793,32.));
#7706=CARTESIAN_POINT('Origin',(8.88178419700125E-15,10.7718982822018,50.));
#7707=CARTESIAN_POINT('Origin',(-42.,14.4999999999998,60.));
#7708=CARTESIAN_POINT('',(-42.,14.4999999999998,60.));
#7709=CARTESIAN_POINT('',(-42.,14.4999999999998,60.));
#7710=CARTESIAN_POINT('',(-42.,-4.44089209850063E-15,60.));
#7711=CARTESIAN_POINT('',(-42.,-4.44089209850063E-15,60.));
#7712=CARTESIAN_POINT('',(-42.,-4.44089209850063E-15,60.));
#7713=CARTESIAN_POINT('Origin',(-28.0209622029682,0.765834361435425,60.));
#7714=CARTESIAN_POINT('',(-28.7867965644036,-13.2132034355964,60.));
#7715=CARTESIAN_POINT('Origin',(-28.0209622029682,0.765834361435425,60.));
#7716=CARTESIAN_POINT('',(-28.7867965644036,-13.2132034355964,60.));
#7717=CARTESIAN_POINT('Origin',(-28.0209622029682,0.765834361435425,60.));
#7718=CARTESIAN_POINT('',(-42.,-4.44089209850063E-15,35.));
#7719=CARTESIAN_POINT('Origin',(-28.0209622029682,0.765834361435425,35.));
#7720=CARTESIAN_POINT('',(-42.,-4.44089209850063E-15,60.));
#7721=CARTESIAN_POINT('Origin',(-20.0622884468475,12.8456687723793,60.));
#7722=CARTESIAN_POINT('',(-22.0355,34.757,60.));
#7723=CARTESIAN_POINT('',(-22.0355,34.757,60.));
#7724=CARTESIAN_POINT('Origin',(-20.0622884468475,12.8456687723793,60.));
#7725=CARTESIAN_POINT('Origin',(22.0355,34.757,60.));
#7726=CARTESIAN_POINT('',(22.0355,34.757,60.));
#7727=CARTESIAN_POINT('',(22.0355,34.757,60.));
#7728=CARTESIAN_POINT('',(-22.0355,34.757,60.));
#7729=CARTESIAN_POINT('Origin',(20.0622884468475,12.8456687723793,60.));
#7730=CARTESIAN_POINT('',(42.,14.5,60.));
#7731=CARTESIAN_POINT('',(42.,14.5,60.));
#7732=CARTESIAN_POINT('Origin',(20.0622884468475,12.8456687723793,60.));
#7733=CARTESIAN_POINT('Origin',(48.,5.23936584972032,60.));
#7734=CARTESIAN_POINT('',(44.,5.23936584972032,60.));
#7735=CARTESIAN_POINT('',(48.,5.23936584972032,60.));
#7736=CARTESIAN_POINT('',(44.,5.23936584972032,60.));
#7737=CARTESIAN_POINT('',(44.,5.23936584972032,35.));
#7738=CARTESIAN_POINT('',(44.,5.23936584972032,60.));
#7739=CARTESIAN_POINT('',(48.,5.23936584972032,35.));
#7740=CARTESIAN_POINT('',(6.491125,5.23936584972032,35.));
#7741=CARTESIAN_POINT('',(48.,5.23936584972032,35.));
#7742=CARTESIAN_POINT('Origin',(44.,9.23936584972032,60.));
#7743=CARTESIAN_POINT('',(48.,9.23936584972032,60.));
#7744=CARTESIAN_POINT('',(44.,9.23936584972032,60.));
#7745=CARTESIAN_POINT('',(48.,9.23936584972032,60.));
#7746=CARTESIAN_POINT('',(48.,9.23936584972032,35.));
#7747=CARTESIAN_POINT('',(48.,9.23936584972032,35.));
#7748=CARTESIAN_POINT('',(44.,9.23936584972032,35.));
#7749=CARTESIAN_POINT('',(4.491125,9.23936584972032,35.));
#7750=CARTESIAN_POINT('',(44.,9.23936584972032,60.));
#7751=CARTESIAN_POINT('Origin',(2.,-15.2132034355964,60.));
#7752=CARTESIAN_POINT('',(2.,-19.2132034355964,60.));
#7753=CARTESIAN_POINT('',(2.,-15.2132034355964,60.));
#7754=CARTESIAN_POINT('',(2.,-19.2132034355964,60.));
#7755=CARTESIAN_POINT('',(2.,-19.2132034355964,35.));
#7756=CARTESIAN_POINT('',(2.,-19.2132034355964,35.));
#7757=CARTESIAN_POINT('',(2.,-15.2132034355964,35.));
#7758=CARTESIAN_POINT('',(2.,-2.22065257669731,35.));
#7759=CARTESIAN_POINT('',(2.,-15.2132034355964,60.));
#7760=CARTESIAN_POINT('Origin',(-2.00000000000001,-19.2132034355964,60.));
#7761=CARTESIAN_POINT('',(-2.00000000000001,-15.2132034355964,60.));
#7762=CARTESIAN_POINT('',(-2.00000000000001,-19.2132034355964,60.));
#7763=CARTESIAN_POINT('',(-2.00000000000001,-15.2132034355964,60.));
#7764=CARTESIAN_POINT('',(-2.00000000000001,-15.2132034355964,35.));
#7765=CARTESIAN_POINT('',(-2.00000000000001,-15.2132034355964,60.));
#7766=CARTESIAN_POINT('',(-2.00000000000001,-19.2132034355964,35.));
#7767=CARTESIAN_POINT('',(-2.,-4.22065257669731,35.));
#7768=CARTESIAN_POINT('',(-2.00000000000001,-19.2132034355964,35.));
#7769=CARTESIAN_POINT('Origin',(2.00000000000001,40.757,60.));
#7770=CARTESIAN_POINT('',(2.00000000000001,36.757,60.));
#7771=CARTESIAN_POINT('',(2.00000000000001,40.757,60.));
#7772=CARTESIAN_POINT('',(2.00000000000001,36.757,60.));
#7773=CARTESIAN_POINT('',(2.00000000000001,36.757,35.));
#7774=CARTESIAN_POINT('',(2.00000000000001,36.7570000000001,60.));
#7775=CARTESIAN_POINT('',(2.00000000000001,40.757,35.));
#7776=CARTESIAN_POINT('',(2.00000000000001,25.7644491411009,35.));
#7777=CARTESIAN_POINT('',(2.00000000000001,40.757,35.));
#7778=CARTESIAN_POINT('Origin',(-1.99999999999999,36.757,60.));
#7779=CARTESIAN_POINT('',(-1.99999999999999,40.757,60.));
#7780=CARTESIAN_POINT('',(-1.99999999999999,36.757,60.));
#7781=CARTESIAN_POINT('',(-1.99999999999999,40.757,60.));
#7782=CARTESIAN_POINT('',(-1.99999999999999,40.757,35.));
#7783=CARTESIAN_POINT('',(-1.99999999999999,40.757,35.));
#7784=CARTESIAN_POINT('',(-1.99999999999999,36.757,35.));
#7785=CARTESIAN_POINT('',(-1.99999999999999,23.7644491411009,35.));
#7786=CARTESIAN_POINT('',(-1.99999999999999,36.757,60.));
#7787=CARTESIAN_POINT('Origin',(-48.,9.24999999999979,60.));
#7788=CARTESIAN_POINT('',(-44.,9.24999999999979,60.));
#7789=CARTESIAN_POINT('',(-48.,9.24999999999979,60.));
#7790=CARTESIAN_POINT('',(-44.,9.24999999999979,60.));
#7791=CARTESIAN_POINT('',(-44.,9.24999999999979,35.));
#7792=CARTESIAN_POINT('',(-44.,9.24999999999979,60.));
#7793=CARTESIAN_POINT('',(-48.,9.24999999999979,35.));
#7794=CARTESIAN_POINT('',(-41.508875,9.24999999999979,35.));
#7795=CARTESIAN_POINT('',(-48.,9.24999999999979,35.));
#7796=CARTESIAN_POINT('Origin',(-44.,5.24999999999979,60.));
#7797=CARTESIAN_POINT('',(-48.,5.24999999999979,60.));
#7798=CARTESIAN_POINT('',(-44.,5.24999999999979,60.));
#7799=CARTESIAN_POINT('',(-48.,5.24999999999979,60.));
#7800=CARTESIAN_POINT('',(-48.,5.24999999999979,35.));
#7801=CARTESIAN_POINT('',(-48.,5.24999999999979,35.));
#7802=CARTESIAN_POINT('',(-44.,5.24999999999979,35.));
#7803=CARTESIAN_POINT('',(-39.508875,5.24999999999979,35.));
#7804=CARTESIAN_POINT('',(-44.,5.24999999999979,60.));
#7805=CARTESIAN_POINT('Origin',(44.,14.5,60.));
#7806=CARTESIAN_POINT('',(44.,1.33226762955019E-14,60.));
#7807=CARTESIAN_POINT('',(44.,1.33226762955019E-14,60.));
#7808=CARTESIAN_POINT('',(44.,1.33226762955019E-14,35.));
#7809=CARTESIAN_POINT('',(44.,1.33226762955019E-14,60.));
#7810=CARTESIAN_POINT('',(44.,1.33226762955019E-14,35.));
#7811=CARTESIAN_POINT('Origin',(44.,14.5,60.));
#7812=CARTESIAN_POINT('',(44.,14.5,35.));
#7813=CARTESIAN_POINT('',(44.,1.33226762955019E-14,35.));
#7814=CARTESIAN_POINT('',(44.,14.5,60.));
#7815=CARTESIAN_POINT('',(44.,14.5,60.));
#7816=CARTESIAN_POINT('',(44.,1.33226762955019E-14,60.));
#7817=CARTESIAN_POINT('Origin',(48.,14.5,10.));
#7818=CARTESIAN_POINT('',(48.,1.77635683940025E-14,35.));
#7819=CARTESIAN_POINT('',(48.,12.6359491411009,35.));
#7820=CARTESIAN_POINT('',(48.,8.88178419700125E-15,60.));
#7821=CARTESIAN_POINT('',(48.,8.88178419700125E-15,10.));
#7822=CARTESIAN_POINT('',(48.,14.5,60.));
#7823=CARTESIAN_POINT('Origin',(48.,14.5,10.));
#7824=CARTESIAN_POINT('',(48.,14.5,60.));
#7825=CARTESIAN_POINT('',(48.,14.5,60.));
#7826=CARTESIAN_POINT('',(48.,14.5,35.));
#7827=CARTESIAN_POINT('',(48.,14.5,10.));
#7828=CARTESIAN_POINT('',(48.,12.6359491411009,35.));
#7829=CARTESIAN_POINT('Origin',(28.7867965644036,-15.2132034355964,60.));
#7830=CARTESIAN_POINT('',(-28.7867965644036,-15.2132034355964,60.));
#7831=CARTESIAN_POINT('',(-28.7867965644036,-15.2132034355964,60.));
#7832=CARTESIAN_POINT('',(-28.7867965644036,-15.2132034355964,35.));
#7833=CARTESIAN_POINT('',(-28.7867965644036,-15.2132034355964,60.));
#7834=CARTESIAN_POINT('',(-28.7867965644036,-15.2132034355964,35.));
#7835=CARTESIAN_POINT('Origin',(28.7867965644036,-15.2132034355964,60.));
#7836=CARTESIAN_POINT('',(28.7867965644036,-15.2132034355964,35.));
#7837=CARTESIAN_POINT('',(-28.7867965644036,-15.2132034355964,35.));
#7838=CARTESIAN_POINT('',(28.7867965644036,-15.2132034355964,60.));
#7839=CARTESIAN_POINT('',(28.7867965644036,-15.2132034355964,60.));
#7840=CARTESIAN_POINT('',(-28.7867965644036,-15.2132034355964,60.));
#7841=CARTESIAN_POINT('Origin',(28.7867965644036,-19.2132034355964,10.));
#7842=CARTESIAN_POINT('',(-28.7867965644036,-19.2132034355964,35.));
#7843=CARTESIAN_POINT('',(19.1966991411009,-19.2132034355964,35.));
#7844=CARTESIAN_POINT('',(-28.7867965644036,-19.2132034355964,60.));
#7845=CARTESIAN_POINT('',(-28.7867965644036,-19.2132034355964,10.));
#7846=CARTESIAN_POINT('',(28.7867965644036,-19.2132034355964,60.));
#7847=CARTESIAN_POINT('Origin',(28.7867965644036,-19.2132034355964,10.));
#7848=CARTESIAN_POINT('',(28.7867965644036,-19.2132034355964,60.));
#7849=CARTESIAN_POINT('',(28.7867965644036,-19.2132034355964,60.));
#7850=CARTESIAN_POINT('',(28.7867965644036,-19.2132034355964,35.));
#7851=CARTESIAN_POINT('',(28.7867965644036,-19.2132034355964,10.));
#7852=CARTESIAN_POINT('',(19.1966991411009,-19.2132034355964,35.));
#7853=CARTESIAN_POINT('Origin',(-22.0355,36.757,60.));
#7854=CARTESIAN_POINT('',(22.0355,36.7570000000001,60.));
#7855=CARTESIAN_POINT('',(22.0355,36.7570000000001,60.));
#7856=CARTESIAN_POINT('',(22.0355,36.7570000000001,35.));
#7857=CARTESIAN_POINT('',(22.0355,36.7570000000001,60.));
#7858=CARTESIAN_POINT('',(22.0355,36.7570000000001,35.));
#7859=CARTESIAN_POINT('Origin',(-22.0355,36.757,60.));
#7860=CARTESIAN_POINT('',(-22.0355,36.757,35.));
#7861=CARTESIAN_POINT('',(22.0355,36.7570000000001,35.));
#7862=CARTESIAN_POINT('',(-22.0355,36.757,60.));
#7863=CARTESIAN_POINT('',(-22.0355,36.757,60.));
#7864=CARTESIAN_POINT('',(22.0355,36.7570000000001,60.));
#7865=CARTESIAN_POINT('Origin',(-22.0355,40.757,10.));
#7866=CARTESIAN_POINT('',(22.0355,40.757,35.));
#7867=CARTESIAN_POINT('',(-6.21444914110089,40.757,35.));
#7868=CARTESIAN_POINT('',(22.0355,40.757,60.));
#7869=CARTESIAN_POINT('',(22.0355,40.757,10.));
#7870=CARTESIAN_POINT('',(-22.0355,40.757,60.));
#7871=CARTESIAN_POINT('Origin',(-22.0355,40.757,10.));
#7872=CARTESIAN_POINT('',(-22.0355,40.757,60.));
#7873=CARTESIAN_POINT('',(-22.0355,40.757,60.));
#7874=CARTESIAN_POINT('',(-22.0355,40.757,35.));
#7875=CARTESIAN_POINT('',(-22.0355,40.757,10.));
#7876=CARTESIAN_POINT('',(-6.21444914110089,40.757,35.));
#7877=CARTESIAN_POINT('Origin',(-44.,-4.44089209850063E-15,60.));
#7878=CARTESIAN_POINT('',(-44.,14.4999999999998,60.));
#7879=CARTESIAN_POINT('',(-44.,14.4999999999998,60.));
#7880=CARTESIAN_POINT('',(-44.,14.4999999999998,35.));
#7881=CARTESIAN_POINT('',(-44.,14.4999999999998,60.));
#7882=CARTESIAN_POINT('',(-44.,14.4999999999998,35.));
#7883=CARTESIAN_POINT('Origin',(-44.,-4.44089209850063E-15,60.));
#7884=CARTESIAN_POINT('',(-44.,-4.44089209850063E-15,35.));
#7885=CARTESIAN_POINT('',(-44.,14.4999999999998,35.));
#7886=CARTESIAN_POINT('',(-44.,-4.44089209850063E-15,60.));
#7887=CARTESIAN_POINT('',(-44.,-4.44089209850063E-15,60.));
#7888=CARTESIAN_POINT('',(-44.,14.4999999999998,60.));
#7889=CARTESIAN_POINT('Origin',(-48.,-4.44089209850063E-15,10.));
#7890=CARTESIAN_POINT('',(-48.,14.4999999999998,35.));
#7891=CARTESIAN_POINT('',(-48.,5.3859491411009,35.));
#7892=CARTESIAN_POINT('',(-48.,14.4999999999998,60.));
#7893=CARTESIAN_POINT('',(-48.,14.4999999999998,10.));
#7894=CARTESIAN_POINT('',(-48.,-4.44089209850063E-15,60.));
#7895=CARTESIAN_POINT('Origin',(-35.01775,10.7718982822018,35.));
#7896=CARTESIAN_POINT('Origin',(-20.0499965025507,12.8274855777689,35.));
#7897=CARTESIAN_POINT('Origin',(-20.0575712767153,12.8386430755454,35.));
#7898=CARTESIAN_POINT('Origin',(-35.01775,10.7718982822018,35.));
#7899=CARTESIAN_POINT('Origin',(-28.01845886112,0.768337703283559,35.));
#7900=CARTESIAN_POINT('',(-48.,-4.44089209850063E-15,35.));
#7901=CARTESIAN_POINT('',(-48.,5.3859491411009,35.));
#7902=CARTESIAN_POINT('Origin',(-28.0149011156754,0.771895448728208,35.));
#7903=CARTESIAN_POINT('Origin',(-35.01775,10.7718982822018,35.));
#7904=CARTESIAN_POINT('Origin',(28.01845886112,0.768337703283568,35.));
#7905=CARTESIAN_POINT('Origin',(28.0149011156754,0.771895448728177,35.));
#7906=CARTESIAN_POINT('Origin',(-35.01775,10.7718982822018,35.));
#7907=CARTESIAN_POINT('Origin',(20.0499965025507,12.8274855777689,35.));
#7908=CARTESIAN_POINT('Origin',(20.0575712767154,12.8386430755455,35.));
#7909=CARTESIAN_POINT('Origin',(20.0499965025507,12.8274855777689,10.));
#7910=CARTESIAN_POINT('Origin',(20.0499965025507,12.8274855777689,60.));
#7911=CARTESIAN_POINT('Origin',(-22.0355,40.757,10.));
#7912=CARTESIAN_POINT('',(22.0355,40.757,32.));
#7913=CARTESIAN_POINT('',(-22.0355,40.757,32.));
#7914=CARTESIAN_POINT('',(-6.21444914110089,40.757,32.));
#7915=CARTESIAN_POINT('',(-22.0355,40.757,10.));
#7916=CARTESIAN_POINT('',(-22.0355,40.757,10.));
#7917=CARTESIAN_POINT('',(22.0355,40.757,10.));
#7918=CARTESIAN_POINT('',(-22.0355,40.757,10.));
#7919=CARTESIAN_POINT('',(22.0355,40.757,10.));
#7920=CARTESIAN_POINT('Origin',(28.0149011156754,0.771895448728177,10.));
#7921=CARTESIAN_POINT('Origin',(28.0149011156754,0.771895448728177,60.));
#7922=CARTESIAN_POINT('Origin',(-28.0376551342787,0.76673887893659,35.));
#7923=CARTESIAN_POINT('',(-42.,-0.259382873423171,35.));
#7924=CARTESIAN_POINT('Origin',(-28.0376551342787,0.76673887893659,35.));
#7925=CARTESIAN_POINT('',(-42.,-0.259382873423171,32.));
#7926=CARTESIAN_POINT('Origin',(-28.0376551342787,0.76673887893659,32.));
#7927=CARTESIAN_POINT('',(-42.,-0.259382873423171,35.));
#7928=CARTESIAN_POINT('Origin',(-35.01775,10.7718982822018,32.));
#7929=CARTESIAN_POINT('',(48.,14.5,32.));
#7930=CARTESIAN_POINT('Origin',(20.0499965025507,12.8274855777689,32.));
#7931=CARTESIAN_POINT('',(48.,1.33226762955019E-14,32.));
#7932=CARTESIAN_POINT('',(48.,12.6359491411009,32.));
#7933=CARTESIAN_POINT('',(28.7867965644036,-19.2132034355964,32.));
#7934=CARTESIAN_POINT('Origin',(28.0149011156754,0.771895448728177,32.));
#7935=CARTESIAN_POINT('',(-28.7867965644036,-19.2132034355964,32.));
#7936=CARTESIAN_POINT('',(19.1966991411009,-19.2132034355964,32.));
#7937=CARTESIAN_POINT('',(-48.,-4.44089209850063E-15,32.));
#7938=CARTESIAN_POINT('Origin',(-28.0149011156754,0.771895448728208,32.));
#7939=CARTESIAN_POINT('',(-48.,14.4999999999998,32.));
#7940=CARTESIAN_POINT('',(-48.,5.3859491411009,32.));
#7941=CARTESIAN_POINT('Origin',(-20.0499965025507,12.8274855777689,32.));
#7942=CARTESIAN_POINT('',(-22.0355,34.757,32.));
#7943=CARTESIAN_POINT('',(-42.,14.4999999999998,32.));
#7944=CARTESIAN_POINT('Origin',(-20.0622884468475,12.8456687723793,32.));
#7945=CARTESIAN_POINT('',(-42.,14.4999999999998,32.));
#7946=CARTESIAN_POINT('',(22.0355,34.757,32.));
#7947=CARTESIAN_POINT('Origin',(-33.01775,25.6284999999999,35.));
#7948=CARTESIAN_POINT('',(-42.,20.0642499999999,35.));
#7949=CARTESIAN_POINT('Origin',(-42.,14.4999999999998,60.));
#7950=CARTESIAN_POINT('',(-42.,14.4999999999998,60.));
#7951=CARTESIAN_POINT('Origin',(-20.0622884468475,12.8456687723793,60.));
#7952=CARTESIAN_POINT('',(-22.0355,34.757,60.));
#7953=CARTESIAN_POINT('Origin',(22.0355,34.757,60.));
#7954=CARTESIAN_POINT('Origin',(42.,1.33226762955019E-14,60.));
#7955=CARTESIAN_POINT('',(42.,1.33226762955019E-14,60.));
#7956=CARTESIAN_POINT('',(42.,1.33226762955019E-14,60.));
#7957=CARTESIAN_POINT('',(42.,14.5,60.));
#7958=CARTESIAN_POINT('Origin',(28.0209622029682,0.76583436143542,60.));
#7959=CARTESIAN_POINT('',(28.7867965644036,-13.2132034355964,60.));
#7960=CARTESIAN_POINT('',(28.7867965644036,-13.2132034355964,60.));
#7961=CARTESIAN_POINT('Origin',(28.0209622029682,0.76583436143542,60.));
#7962=CARTESIAN_POINT('Origin',(-28.7867965644036,-13.2132034355964,60.));
#7963=CARTESIAN_POINT('',(28.7867965644036,-13.2132034355964,60.));
#7964=CARTESIAN_POINT('Origin',(28.01845886112,0.768337703283568,60.));
#7965=CARTESIAN_POINT('Origin',(28.01845886112,0.768337703283568,60.));
#7966=CARTESIAN_POINT('Origin',(20.0575712767154,12.8386430755455,60.));
#7967=CARTESIAN_POINT('Origin',(20.0575712767154,12.8386430755455,60.));
#7968=CARTESIAN_POINT('Origin',(-20.0575712767153,12.8386430755454,60.));
#7969=CARTESIAN_POINT('Origin',(-20.0575712767153,12.8386430755454,60.));
#7970=CARTESIAN_POINT('Origin',(-28.01845886112,0.768337703283559,60.));
#7971=CARTESIAN_POINT('Origin',(-28.01845886112,0.768337703283559,60.));
#7972=CARTESIAN_POINT('Origin',(-33.01775,25.6284999999999,60.));
#7973=CARTESIAN_POINT('',(50.,14.5,60.));
#7974=CARTESIAN_POINT('',(22.0355,42.757,60.));
#7975=CARTESIAN_POINT('Origin',(20.0469099026319,12.8229807338766,60.));
#7976=CARTESIAN_POINT('',(-22.0355,42.757,60.));
#7977=CARTESIAN_POINT('',(22.0355,42.757,60.));
#7978=CARTESIAN_POINT('',(-50.,14.4999999999998,60.));
#7979=CARTESIAN_POINT('Origin',(-20.0469099026319,12.8229807338766,60.));
#7980=CARTESIAN_POINT('',(-50.,-4.44089209850063E-15,60.));
#7981=CARTESIAN_POINT('',(-50.,14.4999999999998,60.));
#7982=CARTESIAN_POINT('',(-28.7867965644036,-21.2132034355964,60.));
#7983=CARTESIAN_POINT('Origin',(-28.0135916054607,0.773204958942828,60.));
#7984=CARTESIAN_POINT('',(28.7867965644036,-21.2132034355964,60.));
#7985=CARTESIAN_POINT('',(-28.7867965644036,-21.2132034355964,60.));
#7986=CARTESIAN_POINT('',(50.,8.88178419700125E-15,60.));
#7987=CARTESIAN_POINT('Origin',(28.0135916054608,0.77320495894281,60.));
#7988=CARTESIAN_POINT('',(50.,8.88178419700125E-15,60.));
#7989=CARTESIAN_POINT('Origin',(-20.0499965025507,12.8274855777689,60.));
#7990=CARTESIAN_POINT('',(-48.,-4.44089209850063E-15,60.));
#7991=CARTESIAN_POINT('Origin',(-28.0149011156754,0.771895448728208,60.));
#7992=CARTESIAN_POINT('',(-48.,-4.44089209850063E-15,60.));
#7993=CARTESIAN_POINT('Origin',(-20.0499965025507,12.8274855777689,10.));
#7994=CARTESIAN_POINT('',(-48.,14.4999999999998,10.));
#7995=CARTESIAN_POINT('',(-48.,14.4999999999998,10.));
#7996=CARTESIAN_POINT('Origin',(-20.0499965025507,12.8274855777689,10.));
#7997=CARTESIAN_POINT('Origin',(-28.0149011156754,0.771895448728208,10.));
#7998=CARTESIAN_POINT('',(-48.,-4.44089209850063E-15,10.));
#7999=CARTESIAN_POINT('Origin',(-48.,-4.44089209850063E-15,10.));
#8000=CARTESIAN_POINT('',(-48.,-4.44089209850063E-15,10.));
#8001=CARTESIAN_POINT('',(-48.,-4.44089209850063E-15,10.));
#8002=CARTESIAN_POINT('',(-48.,-4.44089209850063E-15,10.));
#8003=CARTESIAN_POINT('Origin',(-20.0499965025507,12.8274855777689,10.));
#8004=CARTESIAN_POINT('Origin',(-48.,-4.44089209850063E-15,10.));
#8005=CARTESIAN_POINT('Origin',(-28.0149011156754,0.771895448728208,10.));
#8006=CARTESIAN_POINT('',(-28.7867965644036,-19.2132034355964,10.));
#8007=CARTESIAN_POINT('',(-28.7867965644036,-19.2132034355964,10.));
#8008=CARTESIAN_POINT('Origin',(-28.0149011156754,0.771895448728208,10.));
#8009=CARTESIAN_POINT('Origin',(0.,11.,-100.));
#8010=CARTESIAN_POINT('',(4.9781929993962,11.4664702142288,-100.));
#8011=CARTESIAN_POINT('',(5.,11.,-100.));
#8012=CARTESIAN_POINT('Origin',(0.,11.,-100.));
#8013=CARTESIAN_POINT('',(5.,11.,-98.));
#8014=CARTESIAN_POINT('',(5.,11.,-100.));
#8015=CARTESIAN_POINT('Origin',(0.,11.,-98.));
#8016=CARTESIAN_POINT('',(4.90636589285267,10.0368937102002,-100.));
#8017=CARTESIAN_POINT('Origin',(0.,11.,-100.));
#8018=CARTESIAN_POINT('',(3.40067052455023,7.33456142004053,-100.));
#8019=CARTESIAN_POINT('Origin',(0.,11.,-100.));
#8020=CARTESIAN_POINT('',(-3.40067052455023,7.33456142004053,-100.));
#8021=CARTESIAN_POINT('Origin',(0.,11.,-100.));
#8022=CARTESIAN_POINT('',(-4.90636589285267,10.0368937102002,-100.));
#8023=CARTESIAN_POINT('Origin',(0.,11.,-100.));
#8024=CARTESIAN_POINT('',(-4.9781929993962,11.4664702142288,-100.));
#8025=CARTESIAN_POINT('Origin',(0.,11.,-100.));
#8026=CARTESIAN_POINT('',(-2.7799674725626,15.1559332106633,-100.));
#8027=CARTESIAN_POINT('Origin',(0.,11.,-100.));
#8028=CARTESIAN_POINT('',(2.79726809987557,15.1443082869664,-100.));
#8029=CARTESIAN_POINT('Origin',(0.,11.,-100.));
#8030=CARTESIAN_POINT('Origin',(0.,11.,-100.));
#8031=CARTESIAN_POINT('Origin',(0.,11.,-98.));
#8032=CARTESIAN_POINT('',(-2.31760925466319,14.4632552760875,-98.));
#8033=CARTESIAN_POINT('',(2.33202563119264,14.45356445461,-98.));
#8034=CARTESIAN_POINT('Ctrl Pts',(-2.31760925466311,14.4632552760874,-98.));
#8035=CARTESIAN_POINT('Ctrl Pts',(-2.01791845158478,14.6633088089607,-98.));
#8036=CARTESIAN_POINT('Ctrl Pts',(-1.68820532389113,14.8248225291584,-98.0000000000015));
#8037=CARTESIAN_POINT('Ctrl Pts',(-0.929535872889424,15.0829814985156,-98.0000000000015));
#8038=CARTESIAN_POINT('Ctrl Pts',(-0.494034183176722,15.1595486384429,-98.0000000000185));
#8039=CARTESIAN_POINT('Ctrl Pts',(0.40644814365737,15.1720251039333,-98.0000000000185));
#8040=CARTESIAN_POINT('Ctrl Pts',(0.867212700462659,15.0992625626702,-98.000000000001));
#8041=CARTESIAN_POINT('Ctrl Pts',(1.70665635114831,14.8226560536102,-98.000000000001));
#8042=CARTESIAN_POINT('Ctrl Pts',(2.05133839200726,14.6426263621562,-98.));
#8043=CARTESIAN_POINT('Ctrl Pts',(2.33202563119262,14.45356445461,-98.));
#8044=CARTESIAN_POINT('Ctrl Pts',(-4.14967699110177,11.3888904453774,-98.));
#8045=CARTESIAN_POINT('Ctrl Pts',(-4.13390435876926,11.5571654290627,-98.));
#8046=CARTESIAN_POINT('Ctrl Pts',(-4.10713760164545,11.7273191769836,-98.));
#8047=CARTESIAN_POINT('Ctrl Pts',(-4.00826217155408,12.1757319374436,-98.));
#8048=CARTESIAN_POINT('Ctrl Pts',(-3.91768583783663,12.4501040464599,-98.));
#8049=CARTESIAN_POINT('Ctrl Pts',(-3.70688214073726,12.9183245366396,-98.));
#8050=CARTESIAN_POINT('Ctrl Pts',(-3.59807629744486,13.1144328970471,-98.));
#8051=CARTESIAN_POINT('Ctrl Pts',(-3.14783421785691,13.7908019442918,-98.));
#8052=CARTESIAN_POINT('Ctrl Pts',(-2.73831928110124,14.1819205489,-98.));
#8053=CARTESIAN_POINT('Ctrl Pts',(-2.31760925466312,14.4632552760874,-98.));
#8054=CARTESIAN_POINT('Ctrl Pts',(-2.83561577205707,7.94599159135348,-98.));
#8055=CARTESIAN_POINT('Ctrl Pts',(-2.98219286080718,8.08192053951668,-98.));
#8056=CARTESIAN_POINT('Ctrl Pts',(-3.1195096309012,8.22968886346027,-98.));
#8057=CARTESIAN_POINT('Ctrl Pts',(-3.38106401330059,8.55443730576133,-98.));
#8058=CARTESIAN_POINT('Ctrl Pts',(-3.5042654266636,8.73392906786681,-98.0000000008951));
#8059=CARTESIAN_POINT('Ctrl Pts',(-3.89952364559685,9.41881806449187,-98.0000000008951));
#8060=CARTESIAN_POINT('Ctrl Pts',(-4.02697087757789,9.87600843378376,-98.));
#8061=CARTESIAN_POINT('Ctrl Pts',(-4.08973976033059,10.1965023813535,-98.));
#8062=CARTESIAN_POINT('',(4.08976810610459,10.1966474172844,-98.0000000747425));
#8063=CARTESIAN_POINT('Ctrl Pts',(4.08973976033059,10.1965023813535,-98.));
#8064=CARTESIAN_POINT('Ctrl Pts',(4.05663899409624,10.0274919613365,-98.));
#8065=CARTESIAN_POINT('Ctrl Pts',(4.0119402101668,9.85741637327624,-98.));
#8066=CARTESIAN_POINT('Ctrl Pts',(3.87582369745714,9.44586728041798,-98.));
#8067=CARTESIAN_POINT('Ctrl Pts',(3.77169618997246,9.20667736540071,-98.));
#8068=CARTESIAN_POINT('Ctrl Pts',(3.53432925236235,8.779828675201,-98.));
#8069=CARTESIAN_POINT('Ctrl Pts',(3.40703624215687,8.58970486222718,-98.));
#8070=CARTESIAN_POINT('Ctrl Pts',(3.13442553447608,8.24579410445163,-98.));
#8071=CARTESIAN_POINT('Ctrl Pts',(2.99016025450919,8.08930913929472,-98.));
#8072=CARTESIAN_POINT('Ctrl Pts',(2.83561577204937,7.94599159134634,-98.));
#8073=CARTESIAN_POINT('',(4.14967640157679,11.3888967503269,-98.));
#8074=CARTESIAN_POINT('Ctrl Pts',(4.14967640157816,11.3888967503145,-98.0000000000001));
#8075=CARTESIAN_POINT('Ctrl Pts',(4.16180675859972,11.2591640630113,-98.0000000000179));
#8076=CARTESIAN_POINT('Ctrl Pts',(4.16784860977211,11.1289566572356,-98.0000000031179));
#8077=CARTESIAN_POINT('Ctrl Pts',(4.16780609407362,10.9987230217109,-98.0000000285213));
#8078=CARTESIAN_POINT('Ctrl Pts',(4.16778345734502,10.9293824353745,-98.0000000420468));
#8079=CARTESIAN_POINT('Ctrl Pts',(4.16603511916501,10.8600343087118,-98.0000000586385));
#8080=CARTESIAN_POINT('Ctrl Pts',(4.16255567451914,10.7907463566986,-98.0000000586076));
#8081=CARTESIAN_POINT('Ctrl Pts',(4.15602146842281,10.6606273852747,-98.0000000585496));
#8082=CARTESIAN_POINT('Ctrl Pts',(4.14339476226706,10.5309087110866,-98.0000000118087));
#8083=CARTESIAN_POINT('Ctrl Pts',(4.12474374755812,10.402033595538,-98.0000000025796));
#8084=CARTESIAN_POINT('Ctrl Pts',(4.11480485777294,10.333357676856,-97.9999999976616));
#8085=CARTESIAN_POINT('Ctrl Pts',(4.10315436427547,10.2649213168946,-98.));
#8086=CARTESIAN_POINT('Ctrl Pts',(4.08979659667819,10.1967924244549,-98.));
#8087=CARTESIAN_POINT('Ctrl Pts',(2.33202563119261,14.45356445461,-98.));
#8088=CARTESIAN_POINT('Ctrl Pts',(2.65524290992723,14.2354720123761,-98.));
#8089=CARTESIAN_POINT('Ctrl Pts',(2.94965420269614,13.9676877177307,-98.));
#8090=CARTESIAN_POINT('Ctrl Pts',(3.47745242001605,13.3350238409783,-98.));
#8091=CARTESIAN_POINT('Ctrl Pts',(3.68717508205393,12.9839830312375,-98.));
#8092=CARTESIAN_POINT('Ctrl Pts',(3.93215244062013,12.4000027030998,-98.));
#8093=CARTESIAN_POINT('Ctrl Pts',(4.00396639704138,12.1783491014923,-98.0000000000001));
#8094=CARTESIAN_POINT('Ctrl Pts',(4.10097954743294,11.7657525924519,-98.0000000000001));
#8095=CARTESIAN_POINT('Ctrl Pts',(4.13211907475406,11.5762332320351,-98.));
#8096=CARTESIAN_POINT('Ctrl Pts',(4.14967637613299,11.3888970218124,-98.));
#8097=CARTESIAN_POINT('Ctrl Pts',(-4.08979667619939,10.1967924085654,-97.9999999178873));
#8098=CARTESIAN_POINT('Ctrl Pts',(-13.3732230032657,8.37316406025883,-88.4201361681235));
#8099=CARTESIAN_POINT('Ctrl Pts',(-21.2489004515671,6.77276761996052,-77.356514363117));
#8100=CARTESIAN_POINT('Ctrl Pts',(-27.7076297394911,5.39440199188772,-64.8011367719112));
#8101=CARTESIAN_POINT('Ctrl Pts',(-4.07977384871854,10.1457331128121,-98.0000116723845));
#8102=CARTESIAN_POINT('Ctrl Pts',(-13.3630906209783,8.32212628852715,-88.4202285232581));
#8103=CARTESIAN_POINT('Ctrl Pts',(-21.2386503151532,6.72175362753028,-77.3566957742828));
#8104=CARTESIAN_POINT('Ctrl Pts',(-27.697320700486,5.34340056993434,-64.801432686138));
#8105=CARTESIAN_POINT('Ctrl Pts',(-4.0711695721739,10.0943957200682,-98.0014510211557));
#8106=CARTESIAN_POINT('Ctrl Pts',(-13.3545193509058,8.27078149395889,-88.4216011796818));
#8107=CARTESIAN_POINT('Ctrl Pts',(-21.2300783291046,6.67040690971164,-77.3579889112524));
#8108=CARTESIAN_POINT('Ctrl Pts',(-27.6887752040124,5.29204819894183,-64.8026743289821));
#8109=CARTESIAN_POINT('Ctrl Pts',(-4.06401003081348,10.0429364585787,-98.0043135840227));
#8110=CARTESIAN_POINT('Ctrl Pts',(-13.3475352768469,8.21928592732523,-88.4242499601824));
#8111=CARTESIAN_POINT('Ctrl Pts',(-21.2232105794081,6.61888372312649,-77.3603898387862));
#8112=CARTESIAN_POINT('Ctrl Pts',(-27.6820192554406,5.24050115273653,-64.8048579219176));
#8113=CARTESIAN_POINT('Ctrl Pts',(-4.08973950528523,10.1965024321123,-98.0000002633193));
#8114=CARTESIAN_POINT('Ctrl Pts',(-7.56962761643702,9.50536416674627,-94.4075229562935));
#8115=CARTESIAN_POINT('Ctrl Pts',(-16.3093582320572,7.68607219593587,-84.2721967121202));
#8116=CARTESIAN_POINT('Ctrl Pts',(-23.6484874965472,6.12573511523363,-72.6509655417214));
#8117=CARTESIAN_POINT('Ctrl Pts',(-27.6822233050393,5.24150839029971,-64.8048801047621));
#8118=CARTESIAN_POINT('Ctrl Pts',(4.0640100308135,10.0429364585786,-98.0043135840227));
#8119=CARTESIAN_POINT('Ctrl Pts',(13.3475352768466,8.21928592732543,-88.4242499601827));
#8120=CARTESIAN_POINT('Ctrl Pts',(21.2232105794075,6.61888372312668,-77.3603898387871));
#8121=CARTESIAN_POINT('Ctrl Pts',(27.6820192554398,5.24050115273671,-64.8048579219191));
#8122=CARTESIAN_POINT('Ctrl Pts',(4.07116957217392,10.0943957200681,-98.0014510211557));
#8123=CARTESIAN_POINT('Ctrl Pts',(13.3545193509055,8.27078149395909,-88.4216011796821));
#8124=CARTESIAN_POINT('Ctrl Pts',(21.230078329104,6.67040690971182,-77.3579889112532));
#8125=CARTESIAN_POINT('Ctrl Pts',(27.6887752040116,5.29204819894201,-64.8026743289836));
#8126=CARTESIAN_POINT('Ctrl Pts',(4.07977384871856,10.145733112812,-98.0000116723845));
#8127=CARTESIAN_POINT('Ctrl Pts',(13.363090620978,8.32212628852734,-88.4202285232585));
#8128=CARTESIAN_POINT('Ctrl Pts',(21.2386503151526,6.72175362753045,-77.3566957742837));
#8129=CARTESIAN_POINT('Ctrl Pts',(27.6973207004852,5.34340056993451,-64.8014326861395));
#8130=CARTESIAN_POINT('Ctrl Pts',(4.08979667619941,10.1967924085653,-97.9999999178872));
#8131=CARTESIAN_POINT('Ctrl Pts',(13.3732230032654,8.37316406025901,-88.4201361681238));
#8132=CARTESIAN_POINT('Ctrl Pts',(21.2489004515665,6.77276761996068,-77.3565143631179));
#8133=CARTESIAN_POINT('Ctrl Pts',(27.7076297394903,5.39440199188788,-64.8011367719127));
#8134=CARTESIAN_POINT('',(27.6820192554398,5.24050115273672,-64.8048579219191));
#8135=CARTESIAN_POINT('Ctrl Pts',(4.08979663843472,10.1967924162032,-97.9999999569006));
#8136=CARTESIAN_POINT('Ctrl Pts',(11.0417961125733,8.82297301197059,-90.8244173565233));
#8137=CARTESIAN_POINT('Ctrl Pts',(19.2573359914917,7.10052027717983,-80.1340703268861));
#8138=CARTESIAN_POINT('Ctrl Pts',(26.063263048363,5.60287400836283,-67.9552662273469));
#8139=CARTESIAN_POINT('Ctrl Pts',(27.6822126639383,5.24130346502032,-64.8048652308622));
#8140=CARTESIAN_POINT('Ctrl Pts',(4.08973950527234,10.196502432048,-98.0000002633185));
#8141=CARTESIAN_POINT('Ctrl Pts',(7.56966542586609,9.50535578182848,-94.407483740781));
#8142=CARTESIAN_POINT('Ctrl Pts',(14.1242731455362,8.13801841795636,-86.8056394615568));
#8143=CARTESIAN_POINT('Ctrl Pts',(21.8140893975074,6.51820421464398,-75.5561347799928));
#8144=CARTESIAN_POINT('Ctrl Pts',(26.0690497714872,5.59638188097685,-67.9430768156269));
#8145=CARTESIAN_POINT('Ctrl Pts',(27.6823632194366,5.24215554214684,-64.8048989123138));
#8146=CARTESIAN_POINT('Origin',(48.,14.5,10.));
#8147=CARTESIAN_POINT('',(47.8036573430955,14.4799933625307,8.00962688144527));
#8148=CARTESIAN_POINT('',(47.7934662391079,0.154465856457658,8.01069273030996));
#8149=CARTESIAN_POINT('Ctrl Pts',(47.8044308755377,14.479992932714,8.00958478764973));
#8150=CARTESIAN_POINT('Ctrl Pts',(47.8031080757585,12.086657755737,8.00971475958256));
#8151=CARTESIAN_POINT('Ctrl Pts',(47.8014575626882,9.69296415844918,8.00987817820817));
#8152=CARTESIAN_POINT('Ctrl Pts',(47.7994775326522,7.29960846580925,8.01007770435736));
#8153=CARTESIAN_POINT('Ctrl Pts',(47.7994725414644,7.29357538172669,8.01007820731564));
#8154=CARTESIAN_POINT('Ctrl Pts',(47.7994675481821,7.28754229978952,8.01007871050327));
#8155=CARTESIAN_POINT('Ctrl Pts',(47.7994625528051,7.28150922000891,8.01007921392026));
#8156=CARTESIAN_POINT('Ctrl Pts',(47.7974955811249,4.9059333011643,8.01027743859374));
#8157=CARTESIAN_POINT('Ctrl Pts',(47.7952034397589,2.53005083159284,8.01051129514713));
#8158=CARTESIAN_POINT('Ctrl Pts',(47.7925851298661,0.154466838541226,8.010784307939));
#8159=CARTESIAN_POINT('',(47.7877335329059,0.00410864928007837,8.01129616409396));
#8160=CARTESIAN_POINT('Ctrl Pts',(47.793906151303,0.1544493105549,8.01064705562394));
#8161=CARTESIAN_POINT('Ctrl Pts',(47.7920332259852,0.104328397240445,8.01084107627636));
#8162=CARTESIAN_POINT('Ctrl Pts',(47.7899745053404,0.0542142383013472,8.01105682553531));
#8163=CARTESIAN_POINT('Ctrl Pts',(47.7877304525597,0.00410804969564849,
8.01129603022965));
#8164=CARTESIAN_POINT('',(46.,0.0396262898354041,10.));
#8165=CARTESIAN_POINT('Ctrl Pts',(46.,0.0396262898355431,10.));
#8166=CARTESIAN_POINT('Ctrl Pts',(46.,0.0396262898355423,9.74467933381198));
#8167=CARTESIAN_POINT('Ctrl Pts',(46.0488923092422,0.0386295060182869,9.49165905791785));
#8168=CARTESIAN_POINT('Ctrl Pts',(46.2411193182091,0.0347334017302919,9.0130111365614));
#8169=CARTESIAN_POINT('Ctrl Pts',(46.3844249808186,0.0318359459009082,8.79264062992628));
#8170=CARTESIAN_POINT('Ctrl Pts',(46.7474541664404,0.0245620872865079,8.4191910148386));
#8171=CARTESIAN_POINT('Ctrl Pts',(46.9637226524732,0.0202563428092035,8.26969689230181));
#8172=CARTESIAN_POINT('Ctrl Pts',(47.3263151006806,0.0131127286155474,8.11204801077983));
#8173=CARTESIAN_POINT('Ctrl Pts',(47.4552108027822,0.010585206112307,8.07090225572231));
#8174=CARTESIAN_POINT('Ctrl Pts',(47.6535481355291,0.0067162428727329,8.02907120650103));
#8175=CARTESIAN_POINT('Ctrl Pts',(47.7204585170567,0.00541431485531093,
8.01847683608754));
#8176=CARTESIAN_POINT('Ctrl Pts',(47.7877335329059,0.004108649279861,8.01129616409396));
#8177=CARTESIAN_POINT('',(46.,14.4391054096052,10.));
#8178=CARTESIAN_POINT('',(46.,14.5,10.));
#8179=CARTESIAN_POINT('Ctrl Pts',(46.,14.4391054096052,10.));
#8180=CARTESIAN_POINT('Ctrl Pts',(46.,14.4391054096052,9.73972743287526));
#8181=CARTESIAN_POINT('Ctrl Pts',(46.0508061106591,14.4406836649764,9.48194977696091));
#8182=CARTESIAN_POINT('Ctrl Pts',(46.2482795244064,14.4467922271918,9.00040966408251));
#8183=CARTESIAN_POINT('Ctrl Pts',(46.393037195438,14.451262304649,8.78124865959938));
#8184=CARTESIAN_POINT('Ctrl Pts',(46.7584015809475,14.4624732756897,8.41060266707266));
#8185=CARTESIAN_POINT('Ctrl Pts',(46.9755552226497,14.469106683927,8.26269085167181));
#8186=CARTESIAN_POINT('Ctrl Pts',(47.402502643369,14.4820523756169,8.08046999172579));
#8187=CARTESIAN_POINT('Ctrl Pts',(47.6009287982796,14.4880387982351,8.02970241798096));
#8188=CARTESIAN_POINT('Ctrl Pts',(47.8032413534407,14.494107911779,8.00970202356428));
#8189=CARTESIAN_POINT('Origin',(28.0149011156754,0.771895448728177,10.));
#8190=CARTESIAN_POINT('Ctrl Pts',(47.7877335329058,0.00410864928008015,
8.01129616409396));
#8191=CARTESIAN_POINT('Ctrl Pts',(47.6692782804081,-2.61778359896927,8.01307157139393));
#8192=CARTESIAN_POINT('Ctrl Pts',(47.0396420804053,-5.19247495116204,8.01394079728999));
#8193=CARTESIAN_POINT('Ctrl Pts',(44.8306282470267,-9.95253191791635,8.01312172025079));
#8194=CARTESIAN_POINT('Ctrl Pts',(43.2724369397989,-12.0939117749564,8.01148810924908));
#8195=CARTESIAN_POINT('Ctrl Pts',(39.6378862497035,-15.4556337335207,8.00763632311229));
#8196=CARTESIAN_POINT('Ctrl Pts',(37.6666975110557,-16.7271684049913,8.00558812658637));
#8197=CARTESIAN_POINT('Ctrl Pts',(33.3822825641416,-18.5310843020606,8.00230816457792));
#8198=CARTESIAN_POINT('Ctrl Pts',(31.1027055822774,-19.051950464841,8.00111843231936));
#8199=CARTESIAN_POINT('Ctrl Pts',(28.7850303397039,-19.1674742175625,8.00052363878232));
#8200=CARTESIAN_POINT('',(28.7471702745684,-17.2132034355964,10.));
#8201=CARTESIAN_POINT('Ctrl Pts',(28.7471702745684,-17.2132034355964,10.));
#8202=CARTESIAN_POINT('Ctrl Pts',(28.7471702745684,-17.2132034355964,9.74467933387458));
#8203=CARTESIAN_POINT('Ctrl Pts',(28.7481670583852,-17.2620957448147,9.49165905804072));
#8204=CARTESIAN_POINT('Ctrl Pts',(28.7520631626718,-17.4543227537145,9.01301113672363));
#8205=CARTESIAN_POINT('Ctrl Pts',(28.7549606185009,-17.5976284163037,8.7926406300753));
#8206=CARTESIAN_POINT('Ctrl Pts',(28.7622344771146,-17.9606576018909,8.4191910149542));
#8207=CARTESIAN_POINT('Ctrl Pts',(28.7665402215916,-18.1769260879099,8.26969689239748));
#8208=CARTESIAN_POINT('Ctrl Pts',(28.7737620235165,-18.5434871548185,8.11032252454198));
#8209=CARTESIAN_POINT('Ctrl Pts',(28.7763733183801,-18.676674800962,8.06828129805105));
#8210=CARTESIAN_POINT('Ctrl Pts',(28.7804094337023,-18.883647941759,8.02602656034573));
#8211=CARTESIAN_POINT('Ctrl Pts',(28.7817947276093,-18.9548770536205,8.01544831159605));
#8212=CARTESIAN_POINT('Ctrl Pts',(28.7841027249987,-19.0738745553756,8.00429221560872));
#8213=CARTESIAN_POINT('Ctrl Pts',(28.7850222319505,-19.1213682230241,8.00154366474571));
#8214=CARTESIAN_POINT('Ctrl Pts',(28.7859410446371,-19.1689110569678,8.0004905138521));
#8215=CARTESIAN_POINT('Origin',(28.0149011156754,0.771895448728177,10.));
#8216=CARTESIAN_POINT('Origin',(28.7867965644036,-19.2132034355964,10.));
#8217=CARTESIAN_POINT('',(-28.7471702745682,-17.2132034355964,10.));
#8218=CARTESIAN_POINT('Ctrl Pts',(-28.7471702745682,-17.2132034355964,10.));
#8219=CARTESIAN_POINT('Ctrl Pts',(-28.7471702745682,-17.2132034355964,9.99503475799058));
#8220=CARTESIAN_POINT('Ctrl Pts',(-28.7471706508302,-17.2132219258107,9.99006864599884));
#8221=CARTESIAN_POINT('Ctrl Pts',(-28.7472108756247,-17.2151986517501,9.72471223571153));
#8222=CARTESIAN_POINT('Ctrl Pts',(-28.748286783578,-17.2679731275518,9.46719466551192));
#8223=CARTESIAN_POINT('Ctrl Pts',(-28.7523653187958,-17.4692638054643,8.98683471060385));
#8224=CARTESIAN_POINT('Ctrl Pts',(-28.7553281296248,-17.6158719728987,8.76859736219114));
#8225=CARTESIAN_POINT('Ctrl Pts',(-28.7627101987167,-17.9845106872772,8.40057463853873));
#8226=CARTESIAN_POINT('Ctrl Pts',(-28.7670577326736,-18.20303055668,8.25432256233394));
#8227=CARTESIAN_POINT('Ctrl Pts',(-28.7763229816317,-18.6736508932815,8.05806676385761));
#8228=CARTESIAN_POINT('Ctrl Pts',(-28.7811253218158,-18.9197273944235,8.00601033619139));
#8229=CARTESIAN_POINT('Ctrl Pts',(-28.7859410446368,-19.1689110569687,8.00049051385209));
#8230=CARTESIAN_POINT('',(28.7867965644036,-17.2132034355964,10.));
#8231=CARTESIAN_POINT('Origin',(-28.0149011156754,0.771895448728208,10.));
#8232=CARTESIAN_POINT('Ctrl Pts',(-28.7850303397039,-19.1674742175625,8.00052363878231));
#8233=CARTESIAN_POINT('Ctrl Pts',(-31.3722904144225,-19.038513098417,8.00118761686812));
#8234=CARTESIAN_POINT('Ctrl Pts',(-33.9094668101208,-18.4045824763482,8.00260617055055));
#8235=CARTESIAN_POINT('Ctrl Pts',(-38.614318281789,-16.1970155793661,8.00645936876304));
#8236=CARTESIAN_POINT('Ctrl Pts',(-40.7346133902759,-14.639080807606,8.00882251739299));
#8237=CARTESIAN_POINT('Ctrl Pts',(-44.0885745268937,-10.9890875661795,8.01232223063898));
#8238=CARTESIAN_POINT('Ctrl Pts',(-45.3632590401889,-8.99243778998,8.01347485573236));
#8239=CARTESIAN_POINT('Ctrl Pts',(-47.166784552531,-4.65148222237742,8.01376678980338));
#8240=CARTESIAN_POINT('Ctrl Pts',(-47.6823272519312,-2.33950987956236,8.01288385352987));
#8241=CARTESIAN_POINT('Ctrl Pts',(-47.7879175727243,0.0081913760505653,
8.01129339886467));
#8242=CARTESIAN_POINT('',(-46.,0.0396262898354629,10.));
#8243=CARTESIAN_POINT('Ctrl Pts',(-46.,0.0396262898354653,10.));
#8244=CARTESIAN_POINT('Ctrl Pts',(-46.,0.0396262898354653,9.99503475797122));
#8245=CARTESIAN_POINT('Ctrl Pts',(-46.0000184902144,0.039625913573355,9.9900686459601));
#8246=CARTESIAN_POINT('Ctrl Pts',(-46.0019952161617,0.0395856887786598,
9.72471223565341));
#8247=CARTESIAN_POINT('Ctrl Pts',(-46.0547696919709,0.0385097808254565,
9.4671946654553));
#8248=CARTESIAN_POINT('Ctrl Pts',(-46.2560603698974,0.0344312456073604,
8.98683471055295));
#8249=CARTESIAN_POINT('Ctrl Pts',(-46.4026685373382,0.031468434778145,8.76859736214448));
#8250=CARTESIAN_POINT('Ctrl Pts',(-46.7713072517276,0.024086365686102,8.40057463850273));
#8251=CARTESIAN_POINT('Ctrl Pts',(-46.9898271211347,0.0197388317291421,
8.25432256230433));
#8252=CARTESIAN_POINT('Ctrl Pts',(-47.4092088600444,0.0114823329820703,
8.07943403406163));
#8253=CARTESIAN_POINT('Ctrl Pts',(-47.5977765562207,0.00779510540473925,
8.0313573986256));
#8254=CARTESIAN_POINT('Ctrl Pts',(-47.789936639227,0.00406589284301248,
8.01106224721316));
#8255=CARTESIAN_POINT('Origin',(-28.0149011156754,0.771895448728208,10.));
#8256=CARTESIAN_POINT('Origin',(-48.,-4.44089209850063E-15,10.));
#8257=CARTESIAN_POINT('',(-46.,14.439105409605,10.));
#8258=CARTESIAN_POINT('Ctrl Pts',(-47.8021786650396,14.494076032204,8.00980736624957));
#8259=CARTESIAN_POINT('Ctrl Pts',(-47.600233957258,14.4880178377204,8.02988028331502));
#8260=CARTESIAN_POINT('Ctrl Pts',(-47.4021741869279,14.4820424163204,8.08061017670468));
#8261=CARTESIAN_POINT('Ctrl Pts',(-46.9755552226498,14.4691066839266,8.26269085167175));
#8262=CARTESIAN_POINT('Ctrl Pts',(-46.7584015809476,14.4624732756894,8.41060266707261));
#8263=CARTESIAN_POINT('Ctrl Pts',(-46.393037195438,14.4512623046488,8.78124865959931));
#8264=CARTESIAN_POINT('Ctrl Pts',(-46.2482795244064,14.4467922271916,9.00040966408246));
#8265=CARTESIAN_POINT('Ctrl Pts',(-46.050806110659,14.4406836649762,9.48194977696095));
#8266=CARTESIAN_POINT('Ctrl Pts',(-46.,14.4391054096051,9.73972743287527));
#8267=CARTESIAN_POINT('Ctrl Pts',(-46.,14.4391054096051,10.));
#8268=CARTESIAN_POINT('',(-46.,-4.40927459792293E-15,10.));
#8269=CARTESIAN_POINT('Origin',(-20.0499965025507,12.8274855777689,10.));
#8270=CARTESIAN_POINT('',(-22.0372836373666,40.8073229416989,8.0006347961584));
#8271=CARTESIAN_POINT('Ctrl Pts',(-47.8021786650396,14.494076032204,8.00980736624956));
#8272=CARTESIAN_POINT('Ctrl Pts',(-47.572598931486,18.1604865626747,8.01074025426396));
#8273=CARTESIAN_POINT('Ctrl Pts',(-46.628708428156,21.7485166779636,8.01057815816737));
#8274=CARTESIAN_POINT('Ctrl Pts',(-43.4207876124712,28.3600092198827,8.00807927453591));
#8275=CARTESIAN_POINT('Ctrl Pts',(-41.1861251316057,31.3221378599755,8.0058561827678));
#8276=CARTESIAN_POINT('Ctrl Pts',(-36.1800368896301,35.7945628661587,8.00231542105146));
#8277=CARTESIAN_POINT('Ctrl Pts',(-33.6011246886045,37.4383759536254,8.00098080931341));
#8278=CARTESIAN_POINT('Ctrl Pts',(-28.0225727457891,39.8303184766256,7.99978392602069));
#8279=CARTESIAN_POINT('Ctrl Pts',(-25.0607514139779,40.5644876458706,7.99993302495761));
#8280=CARTESIAN_POINT('Ctrl Pts',(-22.0390672747331,40.807179841655,8.00063278559379));
#8281=CARTESIAN_POINT('',(-22.0355,40.757,8.));
#8282=CARTESIAN_POINT('Origin',(-22.0355,40.757,10.));
#8283=CARTESIAN_POINT('',(-21.9631828048504,38.757,10.));
#8284=CARTESIAN_POINT('Ctrl Pts',(-22.0355,40.757,8.));
#8285=CARTESIAN_POINT('Ctrl Pts',(-22.035156528156,40.7473247647384,8.));
#8286=CARTESIAN_POINT('Ctrl Pts',(-22.0348129717936,40.7376496593634,8.00007020763302));
#8287=CARTESIAN_POINT('Ctrl Pts',(-22.0252254401142,40.467719313929,8.00398792387206));
#8288=CARTESIAN_POINT('Ctrl Pts',(-22.0160286674375,40.2106757102753,8.05853459657186));
#8289=CARTESIAN_POINT('Ctrl Pts',(-21.9987930751311,39.7320365044746,8.26300720588963));
#8290=CARTESIAN_POINT('Ctrl Pts',(-21.990918685288,39.5149762978656,8.41094370107387));
#8291=CARTESIAN_POINT('Ctrl Pts',(-21.9776119925956,39.1498137885105,8.78156580022137));
#8292=CARTESIAN_POINT('Ctrl Pts',(-21.9723066864146,39.0051463443118,9.00066621317893));
#8293=CARTESIAN_POINT('Ctrl Pts',(-21.9650562059141,38.8077812690946,9.482078635491));
#8294=CARTESIAN_POINT('Ctrl Pts',(-21.9631828048505,38.757,9.73979081261646));
#8295=CARTESIAN_POINT('Ctrl Pts',(-21.9631828048505,38.757,10.));
#8296=CARTESIAN_POINT('Origin',(-20.0499965025507,12.8274855777689,10.));
#8297=CARTESIAN_POINT('Origin',(-22.0355,40.757,10.));
#8298=CARTESIAN_POINT('',(-21.9739129317855,40.812332887212,8.00076557862947));
#8299=CARTESIAN_POINT('Ctrl Pts',(-22.0354988683275,40.8074610110371,8.00063674335752));
#8300=CARTESIAN_POINT('Ctrl Pts',(-22.0149720160053,40.809107674298,8.00067828694085));
#8301=CARTESIAN_POINT('Ctrl Pts',(-21.9944432480936,40.8107311703432,8.00072128162691));
#8302=CARTESIAN_POINT('Ctrl Pts',(-21.9739126172724,40.8123314860537,8.00076556095272));
#8303=CARTESIAN_POINT('',(21.9775610748497,40.8098723342331,8.00069899307964));
#8304=CARTESIAN_POINT('Ctrl Pts',(-21.9739129317855,40.812332887212,8.00076557862946));
#8305=CARTESIAN_POINT('Ctrl Pts',(-14.6355623381587,40.818522890255,8.0009368995794));
#8306=CARTESIAN_POINT('Ctrl Pts',(-7.32806499427149,40.8220609990915,8.00105846801372));
#8307=CARTESIAN_POINT('Ctrl Pts',(7.34912720470449,40.8212090614482,8.00103092124856));
#8308=CARTESIAN_POINT('Ctrl Pts',(14.6442414324453,40.8168387152823,8.00088322188058));
#8309=CARTESIAN_POINT('Ctrl Pts',(21.9775610748497,40.8098723342331,8.00069899307964));
#8310=CARTESIAN_POINT('',(22.0372070840168,40.8051628026102,8.00058146015119));
#8311=CARTESIAN_POINT('Ctrl Pts',(21.9775607076788,40.8098709149935,8.00069897367991));
#8312=CARTESIAN_POINT('Ctrl Pts',(21.996875063545,40.8083660104707,8.00065918631951));
#8313=CARTESIAN_POINT('Ctrl Pts',(22.0161877580621,40.8068405837677,8.00062055892848));
#8314=CARTESIAN_POINT('Ctrl Pts',(22.0354987470924,40.8052946460421,8.00058322994037));
#8315=CARTESIAN_POINT('',(22.0355,40.757,8.));
#8316=CARTESIAN_POINT('Origin',(22.0355,40.757,10.));
#8317=CARTESIAN_POINT('',(21.9631828048505,38.757,10.));
#8318=CARTESIAN_POINT('Ctrl Pts',(22.0355,40.757,8.));
#8319=CARTESIAN_POINT('Ctrl Pts',(22.035156528156,40.7473247647384,8.));
#8320=CARTESIAN_POINT('Ctrl Pts',(22.0348129717935,40.7376496593633,8.00007020763302));
#8321=CARTESIAN_POINT('Ctrl Pts',(22.0252254401145,40.4677193139291,8.00398792387206));
#8322=CARTESIAN_POINT('Ctrl Pts',(22.0160286674376,40.2106757102754,8.05853459657185));
#8323=CARTESIAN_POINT('Ctrl Pts',(21.9987930751312,39.7320365044746,8.26300720588961));
#8324=CARTESIAN_POINT('Ctrl Pts',(21.990918685288,39.5149762978657,8.41094370107386));
#8325=CARTESIAN_POINT('Ctrl Pts',(21.9776119925956,39.1498137885105,8.78156580022139));
#8326=CARTESIAN_POINT('Ctrl Pts',(21.9723066864145,39.0051463443118,9.00066621317894));
#8327=CARTESIAN_POINT('Ctrl Pts',(21.9650562059141,38.8077812690946,9.48207863549101));
#8328=CARTESIAN_POINT('Ctrl Pts',(21.9631828048504,38.757,9.73979081261647));
#8329=CARTESIAN_POINT('Ctrl Pts',(21.9631828048504,38.757,10.));
#8330=CARTESIAN_POINT('',(-22.0355,38.757,10.));
#8331=CARTESIAN_POINT('Origin',(20.0499965025507,12.8274855777689,10.));
#8332=CARTESIAN_POINT('Origin',(20.0499965025507,12.8274855777689,10.));
#8333=CARTESIAN_POINT('Ctrl Pts',(22.0389141680335,40.8050261331473,8.00057962549354));
#8334=CARTESIAN_POINT('Ctrl Pts',(25.6598703261911,40.5148317471377,7.99979221656488));
#8335=CARTESIAN_POINT('Ctrl Pts',(29.1891816637445,39.5193106558723,7.99979940426393));
#8336=CARTESIAN_POINT('Ctrl Pts',(35.6884241970228,36.2274110052426,8.00185921730958));
#8337=CARTESIAN_POINT('Ctrl Pts',(38.5929023794118,33.9558229660952,8.00387020414069));
#8338=CARTESIAN_POINT('Ctrl Pts',(42.9898736619321,28.8725094689984,8.00749609694536));
#8339=CARTESIAN_POINT('Ctrl Pts',(44.6048591459415,26.239018022817,8.00903045276572));
#8340=CARTESIAN_POINT('Ctrl Pts',(46.9230355814853,20.5588259577349,8.0105792836733));
#8341=CARTESIAN_POINT('Ctrl Pts',(47.6118374988626,17.5488017623759,8.01055624467763));
#8342=CARTESIAN_POINT('Ctrl Pts',(47.8025552410448,14.4881850030188,8.00980504145764));
#8343=CARTESIAN_POINT('Ctrl Pts',(-2.31760902113209,14.463254929962,-98.0000004238665));
#8344=CARTESIAN_POINT('Ctrl Pts',(-4.2904055951154,17.3871487581387,-94.4193644586151));
#8345=CARTESIAN_POINT('Ctrl Pts',(-7.98297845758772,22.6260987785715,-86.9319366756416));
#8346=CARTESIAN_POINT('Ctrl Pts',(-12.5477111358746,28.9669795416553,-74.6077762957774));
#8347=CARTESIAN_POINT('Ctrl Pts',(-19.8745953626708,38.8188306013702,-47.5461755648598));
#8348=CARTESIAN_POINT('Ctrl Pts',(-22.1960900500041,41.5141935295503,-19.276509141688));
#8349=CARTESIAN_POINT('Ctrl Pts',(-22.0443154127654,40.8119409963632,8.01368782164314));
#8350=CARTESIAN_POINT('Ctrl Pts',(-2.01351109411829,14.6650329835654,-98.0010282952579));
#8351=CARTESIAN_POINT('Ctrl Pts',(-3.73325197321493,17.747641040987,-94.4269769807444));
#8352=CARTESIAN_POINT('Ctrl Pts',(-6.85898694733596,23.2432642556843,-86.9543916317801));
#8353=CARTESIAN_POINT('Ctrl Pts',(-10.582534184534,29.7248288051654,-74.6445557839232));
#8354=CARTESIAN_POINT('Ctrl Pts',(-16.3358282716686,39.4799431960128,-47.5897306326463));
#8355=CARTESIAN_POINT('Ctrl Pts',(-17.8015701700658,41.579150471714,-19.300880049184));
#8356=CARTESIAN_POINT('Ctrl Pts',(-17.6380305063227,40.8157579386672,8.00913968334142));
#8357=CARTESIAN_POINT('Ctrl Pts',(-1.27970658785411,15.0347654266437,-98.006031324441));
#8358=CARTESIAN_POINT('Ctrl Pts',(-2.34684856285187,18.4236981135052,-94.4401643768351));
#8359=CARTESIAN_POINT('Ctrl Pts',(-4.27252422905159,24.3422310442503,-86.9854695298769));
#8360=CARTESIAN_POINT('Ctrl Pts',(-6.49639179291285,31.0309825961344,-74.7013187803647));
#8361=CARTESIAN_POINT('Ctrl Pts',(-9.7891490896969,40.597554186353,-47.666180454852));
#8362=CARTESIAN_POINT('Ctrl Pts',(-10.4009036377649,41.6703021766678,-19.3429877860397));
#8363=CARTESIAN_POINT('Ctrl Pts',(-10.2898293633926,40.8205694499036,8.00305919945347));
#8364=CARTESIAN_POINT('Ctrl Pts',(-0.355824136122064,15.164236656212,-98.0027338658896));
#8365=CARTESIAN_POINT('Ctrl Pts',(-0.647428615458396,18.6639740396294,-94.4399754063447));
#8366=CARTESIAN_POINT('Ctrl Pts',(-1.19055632593313,24.7496764056789,-86.9934850360403));
#8367=CARTESIAN_POINT('Ctrl Pts',(-1.81870570352404,31.5252052400243,-74.7212448209803));
#8368=CARTESIAN_POINT('Ctrl Pts',(-2.75999198555423,41.0268676397246,-47.6954024133773));
#8369=CARTESIAN_POINT('Ctrl Pts',(-2.95196290660457,41.6978491014561,-19.3582368262166));
#8370=CARTESIAN_POINT('Ctrl Pts',(-2.93867645382936,40.8217957246125,8.00132575339969));
#8371=CARTESIAN_POINT('Ctrl Pts',(0.562872084370498,15.1634708062908,-98.003094819023));
#8372=CARTESIAN_POINT('Ctrl Pts',(1.02332816978523,18.662703559835,-94.4403314915166));
#8373=CARTESIAN_POINT('Ctrl Pts',(1.8737268303999,24.7448350470405,-86.9936838500138));
#8374=CARTESIAN_POINT('Ctrl Pts',(2.84605671927538,31.5171400615352,-74.7213006708224));
#8375=CARTESIAN_POINT('Ctrl Pts',(4.27262196561845,41.0157020158942,-47.6953423423626));
#8376=CARTESIAN_POINT('Ctrl Pts',(4.49503948874175,41.6915186533421,-19.3577509907598));
#8377=CARTESIAN_POINT('Ctrl Pts',(4.41246675261174,40.821361369483,8.00175998061491));
#8378=CARTESIAN_POINT('Ctrl Pts',(1.480554416554,14.9531539646322,-98.005735980726));
#8379=CARTESIAN_POINT('Ctrl Pts',(2.72443400648163,18.2735847898439,-94.4384709427997));
#8380=CARTESIAN_POINT('Ctrl Pts',(4.95221761345223,24.0968595703691,-86.9803766273715));
#8381=CARTESIAN_POINT('Ctrl Pts',(7.51270545799342,30.7367704097866,-74.6906040743937));
#8382=CARTESIAN_POINT('Ctrl Pts',(11.2880908513934,40.3361506102665,-47.6503593974467));
#8383=CARTESIAN_POINT('Ctrl Pts',(11.9441746548215,41.6341840687411,-19.3329723724799));
#8384=CARTESIAN_POINT('Ctrl Pts',(11.763589703522,40.8184240364478,8.00546475800609));
#8385=CARTESIAN_POINT('Ctrl Pts',(2.13080809462935,14.588284247677,-98.0006852638562));
#8386=CARTESIAN_POINT('Ctrl Pts',(3.94823283396898,17.6099636512129,-94.4244352376175));
#8387=CARTESIAN_POINT('Ctrl Pts',(7.28527831191517,23.0062338559992,-86.9468665961056));
#8388=CARTESIAN_POINT('Ctrl Pts',(11.3095043314918,29.4284342073895,-74.632093473156));
#8389=CARTESIAN_POINT('Ctrl Pts',(17.6036866519347,39.2058294364165,-47.5742871798313));
#8390=CARTESIAN_POINT('Ctrl Pts',(19.3191388257322,41.5251620489051,-19.2908150175229));
#8391=CARTESIAN_POINT('Ctrl Pts',(19.1102664364375,40.8122806578724,8.01286706908875));
#8392=CARTESIAN_POINT('Ctrl Pts',(2.33202563115853,14.4535644545848,-98.0000000000406));
#8393=CARTESIAN_POINT('Ctrl Pts',(4.31698064740431,17.3692238627218,-94.4193608161994));
#8394=CARTESIAN_POINT('Ctrl Pts',(8.03031984756156,22.5935759931527,-86.9319050539036));
#8395=CARTESIAN_POINT('Ctrl Pts',(12.6146753927008,28.9207146693139,-74.6076596428641));
#8396=CARTESIAN_POINT('Ctrl Pts',(19.9587653874782,38.7606930970893,-47.5452977125173));
#8397=CARTESIAN_POINT('Ctrl Pts',(22.2483691550299,41.477373172741,-19.274374627681));
#8398=CARTESIAN_POINT('Ctrl Pts',(22.0477630043448,40.8094260420716,8.01621111978974));
#8399=CARTESIAN_POINT('Ctrl Pts',(-21.9739129317858,40.812332887212,8.00076557862947));
#8400=CARTESIAN_POINT('Ctrl Pts',(-22.0071975713304,41.4295248102033,-15.9758079539274));
#8401=CARTESIAN_POINT('Ctrl Pts',(-20.5557491286121,39.8598198269289,-36.0546205882056));
#8402=CARTESIAN_POINT('Ctrl Pts',(-15.8822634142497,33.7210038373893,-61.7530208890546));
#8403=CARTESIAN_POINT('Ctrl Pts',(-13.8568155845637,30.9768077581346,-69.9012766604265));
#8404=CARTESIAN_POINT('Ctrl Pts',(-9.98130367282545,25.544223723358,-81.3341956857917));
#8405=CARTESIAN_POINT('Ctrl Pts',(-8.5953032629536,23.5786064552197,-84.9114916273349));
#8406=CARTESIAN_POINT('Ctrl Pts',(-6.32885411138968,20.32279439031,-90.067693689162));
#8407=CARTESIAN_POINT('Ctrl Pts',(-5.54233181903061,19.1865943762991,-91.7494403120551));
#8408=CARTESIAN_POINT('Ctrl Pts',(-3.94614685449754,16.8641942591759,-94.9688573534342));
#8409=CARTESIAN_POINT('Ctrl Pts',(-3.13557701153073,15.6789847017299,-96.5125013791914));
#8410=CARTESIAN_POINT('Ctrl Pts',(-2.31760925466675,14.4632552760851,-97.9999999999999));
#8411=CARTESIAN_POINT('Ctrl Pts',(2.33202563115677,14.4535644546343,-97.9999999999999));
#8412=CARTESIAN_POINT('Ctrl Pts',(3.15498940469285,15.6657904232741,-96.5126088753313));
#8413=CARTESIAN_POINT('Ctrl Pts',(3.97046085051969,16.8477105977033,-94.9689081741754));
#8414=CARTESIAN_POINT('Ctrl Pts',(5.57590742289808,19.1637805523355,-91.7494607082973));
#8415=CARTESIAN_POINT('Ctrl Pts',(6.36680246958819,20.296962130881,-90.0677164893474));
#8416=CARTESIAN_POINT('Ctrl Pts',(8.64527268614056,23.544486754626,-84.9115053702873));
#8417=CARTESIAN_POINT('Ctrl Pts',(10.0378220671945,25.5055842413482,-81.3341958454589));
#8418=CARTESIAN_POINT('Ctrl Pts',(13.9289107311251,30.9274131227374,-69.9013133495738));
#8419=CARTESIAN_POINT('Ctrl Pts',(15.9583947852469,33.6689440329287,-61.7530377314117));
#8420=CARTESIAN_POINT('Ctrl Pts',(20.6296140894525,39.8125359787062,-36.0464821545311));
#8421=CARTESIAN_POINT('Ctrl Pts',(22.0554211461584,41.396593444374,-15.9647763426508));
#8422=CARTESIAN_POINT('Ctrl Pts',(21.9775610748497,40.8098723342331,8.00069899307964));
#8423=CARTESIAN_POINT('Ctrl Pts',(-4.14967695407462,11.3888904417594,-98.0000000376794));
#8424=CARTESIAN_POINT('Ctrl Pts',(-7.68336749329277,11.7192787761087,-94.4054706885852));
#8425=CARTESIAN_POINT('Ctrl Pts',(-14.3315507640554,12.3218683526888,-86.805785891019));
#8426=CARTESIAN_POINT('Ctrl Pts',(-25.9618762950634,13.3038903908719,-69.9482976506573));
#8427=CARTESIAN_POINT('Ctrl Pts',(-39.6788767282366,14.3034056401586,-40.8926594062799));
#8428=CARTESIAN_POINT('Ctrl Pts',(-45.9414868635509,14.4927488324011,-11.3514919226676));
#8429=CARTESIAN_POINT('Ctrl Pts',(-47.8374827975802,14.4018997975586,8.31684943915643));
#8430=CARTESIAN_POINT('Ctrl Pts',(-4.14231014177475,11.4672217153115,-98.0000249653349));
#8431=CARTESIAN_POINT('Ctrl Pts',(-7.67012665994931,11.8571878518663,-94.4057863428483));
#8432=CARTESIAN_POINT('Ctrl Pts',(-14.29627607949,12.6373407133711,-86.8117283664326));
#8433=CARTESIAN_POINT('Ctrl Pts',(-25.8583234748614,14.1497619503315,-69.9768623779716));
#8434=CARTESIAN_POINT('Ctrl Pts',(-39.4580654255687,16.1609668331928,-40.9602457572512));
#8435=CARTESIAN_POINT('Ctrl Pts',(-45.7068673181441,17.0528503449575,-11.4046761337267));
#8436=CARTESIAN_POINT('Ctrl Pts',(-47.6790715805578,17.0906344051753,8.31783582530739));
#8437=CARTESIAN_POINT('Ctrl Pts',(-4.10429624935244,11.8328586915363,-98.0010978455267));
#8438=CARTESIAN_POINT('Ctrl Pts',(-7.59464588373844,12.5435603826777,-94.408301186375));
#8439=CARTESIAN_POINT('Ctrl Pts',(-14.1079447703199,14.0092521975273,-86.8293008727805));
#8440=CARTESIAN_POINT('Ctrl Pts',(-25.3460070590583,16.9964482090455,-70.0514676443274));
#8441=CARTESIAN_POINT('Ctrl Pts',(-38.3572757361489,21.2510241092264,-41.131925682109));
#8442=CARTESIAN_POINT('Ctrl Pts',(-44.2904589398049,23.4707699251873,-11.5432099024115));
#8443=CARTESIAN_POINT('Ctrl Pts',(-46.3123864243332,23.7641479097674,8.30787084983004));
#8444=CARTESIAN_POINT('Ctrl Pts',(-3.92313184660414,12.4726542631561,-98.0006129029658));
#8445=CARTESIAN_POINT('Ctrl Pts',(-7.2552726219355,13.731452929304,-94.4098135316381));
#8446=CARTESIAN_POINT('Ctrl Pts',(-13.4284136591869,16.173629072912,-86.8480047390161));
#8447=CARTESIAN_POINT('Ctrl Pts',(-23.9021547208576,20.7367354802197,-70.1348368546819));
#8448=CARTESIAN_POINT('Ctrl Pts',(-35.7035783609661,26.5687214068396,-41.3278992589135));
#8449=CARTESIAN_POINT('Ctrl Pts',(-40.8518952917091,29.2362283563565,-11.7142694437922));
#8450=CARTESIAN_POINT('Ctrl Pts',(-42.6428227253805,29.6099976272896,8.26230394116519));
#8451=CARTESIAN_POINT('Ctrl Pts',(-3.6017470520665,13.1140473583079,-98.0006626827236));
#8452=CARTESIAN_POINT('Ctrl Pts',(-6.66361625217401,14.9051370104654,-94.4120241003694));
#8453=CARTESIAN_POINT('Ctrl Pts',(-12.2984896164424,18.2993489455077,-86.8681908723493));
#8454=CARTESIAN_POINT('Ctrl Pts',(-21.7453615113151,24.2872603740413,-70.2236930673148));
#8455=CARTESIAN_POINT('Ctrl Pts',(-32.1633665515524,31.3206726502741,-41.5400763580489));
#8456=CARTESIAN_POINT('Ctrl Pts',(-36.4738435395312,34.0871071687386,-11.9045347981222));
#8457=CARTESIAN_POINT('Ctrl Pts',(-37.9161811826311,34.4141761158782,8.20074636885488));
#8458=CARTESIAN_POINT('Ctrl Pts',(-3.18771157056848,13.759768672794,-98.0045394590532));
#8459=CARTESIAN_POINT('Ctrl Pts',(-5.89213579743396,16.0901089345225,-94.4180824867347));
#8460=CARTESIAN_POINT('Ctrl Pts',(-10.8478798315991,20.40398505946,-86.8924479861364));
#8461=CARTESIAN_POINT('Ctrl Pts',(-19.090710642451,27.7020891323362,-70.3174794455989));
#8462=CARTESIAN_POINT('Ctrl Pts',(-28.0267271267961,35.6913472427121,-41.7590567999864));
#8463=CARTESIAN_POINT('Ctrl Pts',(-31.4850245449011,38.3426387441711,-12.1055747230586));
#8464=CARTESIAN_POINT('Ctrl Pts',(-32.5007411644445,38.5382211230882,8.12927353249766));
#8465=CARTESIAN_POINT('Ctrl Pts',(-2.61967671279278,14.2593411778861,-98.0016173671069));
#8466=CARTESIAN_POINT('Ctrl Pts',(-4.82709257392929,17.0300558215271,-94.4188876333433));
#8467=CARTESIAN_POINT('Ctrl Pts',(-8.91651352281916,22.0473897447608,-86.9149334337794));
#8468=CARTESIAN_POINT('Ctrl Pts',(-15.699331052237,30.2340364420182,-70.4191822561816));
#8469=CARTESIAN_POINT('Ctrl Pts',(-22.979172299306,38.583290652386,-42.0080249221314));
#8470=CARTESIAN_POINT('Ctrl Pts',(-25.4818925885687,40.7020368101511,-12.3302483724047));
#8471=CARTESIAN_POINT('Ctrl Pts',(-25.9160740817812,40.513625642411,8.04534045422515));
#8472=CARTESIAN_POINT('Ctrl Pts',(-2.31653729562994,14.4616575446148,-98.0019531375316));
#8473=CARTESIAN_POINT('Ctrl Pts',(-4.28162556880373,17.3905907258936,-94.42159022634));
#8474=CARTESIAN_POINT('Ctrl Pts',(-7.8909299992487,22.6838047630948,-86.9315331925652));
#8475=CARTESIAN_POINT('Ctrl Pts',(-13.822590109954,31.2053434753974,-70.4871524666277));
#8476=CARTESIAN_POINT('Ctrl Pts',(-20.0402126131984,39.6376339825829,-42.1624537409368));
#8477=CARTESIAN_POINT('Ctrl Pts',(-21.8525227718275,41.3570519492509,-12.4612570381161));
#8478=CARTESIAN_POINT('Ctrl Pts',(-21.905763119103,40.8175816539241,8.00001004182509));
#8479=CARTESIAN_POINT('Ctrl Pts',(-2.83446489922422,7.94722645686716,-98.0017119784119));
#8480=CARTESIAN_POINT('Ctrl Pts',(-5.24300123691022,5.36289781007132,-94.4189629305232));
#8481=CARTESIAN_POINT('Ctrl Pts',(-11.9617142735473,-1.7189932348653,-83.1283292890353));
#8482=CARTESIAN_POINT('Ctrl Pts',(-20.5007438407417,-10.5869112012162,-61.4411271351527));
#8483=CARTESIAN_POINT('Ctrl Pts',(-26.8156690172572,-17.0587108072001,-30.1719528386767));
#8484=CARTESIAN_POINT('Ctrl Pts',(-28.4743346843227,-18.8589307254225,-5.42426629210322));
#8485=CARTESIAN_POINT('Ctrl Pts',(-28.6987100773105,-19.1715861981751,8.00040467888547));
#8486=CARTESIAN_POINT('Ctrl Pts',(-3.02460681413444,8.12300290155902,-98.0013004080459));
#8487=CARTESIAN_POINT('Ctrl Pts',(-5.58711898319837,5.67688372945933,-94.4156633629398));
#8488=CARTESIAN_POINT('Ctrl Pts',(-12.7711244357272,-1.06811978969664,-83.1069075040558));
#8489=CARTESIAN_POINT('Ctrl Pts',(-22.0161203166077,-9.76286727215061,-61.3520368654563));
#8490=CARTESIAN_POINT('Ctrl Pts',(-29.0931257007113,-16.4311299107095,-30.0429407009498));
#8491=CARTESIAN_POINT('Ctrl Pts',(-31.2223125021566,-18.5442257254152,-5.34158797750911));
#8492=CARTESIAN_POINT('Ctrl Pts',(-31.6629307898865,-19.0376733535733,8.03893974979403));
#8493=CARTESIAN_POINT('Ctrl Pts',(-3.36743890801706,8.50586380835054,-98.0020082244434));
#8494=CARTESIAN_POINT('Ctrl Pts',(-6.23113958850041,6.39276522944109,-94.4125068008463));
#8495=CARTESIAN_POINT('Ctrl Pts',(-14.2379039722705,0.426016244084999,-83.0776097574938));
#8496=CARTESIAN_POINT('Ctrl Pts',(-24.6909790308584,-7.73820123835903,-61.226149837017));
#8497=CARTESIAN_POINT('Ctrl Pts',(-32.9617379202401,-14.5474226232912,-29.839952938424));
#8498=CARTESIAN_POINT('Ctrl Pts',(-35.7885945490603,-17.0064220824059,-5.20148416183517));
#8499=CARTESIAN_POINT('Ctrl Pts',(-36.5630290040647,-17.6886731799714,8.10686272126919));
#8500=CARTESIAN_POINT('Ctrl Pts',(-3.6354910756746,8.95340819799209,-98.0003570165552));
#8501=CARTESIAN_POINT('Ctrl Pts',(-6.73124522001191,7.21784050372842,-94.4087704033902));
#8502=CARTESIAN_POINT('Ctrl Pts',(-15.4107781153532,2.21433679770764,-83.0532782642546));
#8503=CARTESIAN_POINT('Ctrl Pts',(-26.887134149441,-5.00179268432928,-61.1234283246923));
#8504=CARTESIAN_POINT('Ctrl Pts',(-36.1920183227727,-11.4316118774894,-29.6751317010457));
#8505=CARTESIAN_POINT('Ctrl Pts',(-39.5734292961191,-13.9424602151302,-5.08590196560338));
#8506=CARTESIAN_POINT('Ctrl Pts',(-40.5963841937664,-14.6794054777904,8.1594425382373));
#8507=CARTESIAN_POINT('Ctrl Pts',(-3.81249788868693,9.30476094242493,-98.0002192478563));
#8508=CARTESIAN_POINT('Ctrl Pts',(-7.05585911976477,7.85844160787548,-94.4075077808254));
#8509=CARTESIAN_POINT('Ctrl Pts',(-16.181885081849,3.64016137091902,-83.0369824942709));
#8510=CARTESIAN_POINT('Ctrl Pts',(-28.3800800994734,-2.70628357271738,-61.0484282456097));
#8511=CARTESIAN_POINT('Ctrl Pts',(-38.4373905787047,-8.65238646692589,-29.5539174586828));
#8512=CARTESIAN_POINT('Ctrl Pts',(-42.2142242067411,-11.1036450975858,-5.00319459186132));
#8513=CARTESIAN_POINT('Ctrl Pts',(-43.4020953887677,-11.8505201574916,8.19337127707131));
#8514=CARTESIAN_POINT('Ctrl Pts',(-3.9913295542571,9.74404562187179,-98.0006382782658));
#8515=CARTESIAN_POINT('Ctrl Pts',(-7.38740800041617,8.66891077627805,-94.4068815803895));
#8516=CARTESIAN_POINT('Ctrl Pts',(-16.9708902230507,5.45189902733203,-83.0202663722199));
#8517=CARTESIAN_POINT('Ctrl Pts',(-29.9462768637931,0.319177355392026,-60.9639198516426));
#8518=CARTESIAN_POINT('Ctrl Pts',(-40.8364878427141,-4.80957341222469,-29.4166819534642));
#8519=CARTESIAN_POINT('Ctrl Pts',(-45.0356179794627,-7.06533373975649,-4.9123925227291));
#8520=CARTESIAN_POINT('Ctrl Pts',(-46.3862839464435,-7.78297537978687,8.22572337349489));
#8521=CARTESIAN_POINT('Ctrl Pts',(-4.06690807744836,10.0809849812252,-98.0002061826731));
#8522=CARTESIAN_POINT('Ctrl Pts',(-7.53237372830207,9.30841268538383,-94.4070040298163));
#8523=CARTESIAN_POINT('Ctrl Pts',(-17.3174269629615,6.94451798289867,-83.0076538460899));
#8524=CARTESIAN_POINT('Ctrl Pts',(-30.6680776518915,3.218932618562,-60.8982575311216));
#8525=CARTESIAN_POINT('Ctrl Pts',(-41.9620108161261,-0.515826164155293,
-29.3139372034095));
#8526=CARTESIAN_POINT('Ctrl Pts',(-46.3218882407157,-2.23755829511936,-4.85684868432921));
#8527=CARTESIAN_POINT('Ctrl Pts',(-47.7038407138592,-2.84125868507901,8.22526073094118));
#8528=CARTESIAN_POINT('Ctrl Pts',(-4.08939581657803,10.1965706917963,-98.0003550704625));
#8529=CARTESIAN_POINT('Ctrl Pts',(-7.5694118215998,9.50540908732661,-94.4077732096515));
#8530=CARTESIAN_POINT('Ctrl Pts',(-17.4020292233326,7.45861854874029,-83.0050867833617));
#8531=CARTESIAN_POINT('Ctrl Pts',(-30.8350904233421,4.59357851283101,-60.8660230301885));
#8532=CARTESIAN_POINT('Ctrl Pts',(-42.1641616392216,1.92407660149446,-29.2586719426079));
#8533=CARTESIAN_POINT('Ctrl Pts',(-46.4787228123731,0.658736878280287,-4.83253368621304));
#8534=CARTESIAN_POINT('Ctrl Pts',(-47.8147600270019,0.146502215416397,8.21355401168892));
#8535=CARTESIAN_POINT('Ctrl Pts',(4.08952873270329,10.1965442934609,-98.000217854778));
#8536=CARTESIAN_POINT('Ctrl Pts',(7.56953309385609,9.50538338721718,-94.4076372154371));
#8537=CARTESIAN_POINT('Ctrl Pts',(14.124214924635,8.13803068184404,-86.805724633462));
#8538=CARTESIAN_POINT('Ctrl Pts',(25.6594210224353,5.70820790544636,-69.9307628986161));
#8539=CARTESIAN_POINT('Ctrl Pts',(39.3906299360007,2.650291829183,-40.8451961288228));
#8540=CARTESIAN_POINT('Ctrl Pts',(45.8107078499726,0.914852812257685,-11.3555419434404));
#8541=CARTESIAN_POINT('Ctrl Pts',(47.814760027002,0.146502215416396,8.21355401168889));
#8542=CARTESIAN_POINT('Ctrl Pts',(4.0745365029836,10.1194849146515,-98.0001185764485));
#8543=CARTESIAN_POINT('Ctrl Pts',(7.54466464067546,9.37340196317986,-94.4070739336294));
#8544=CARTESIAN_POINT('Ctrl Pts',(14.0786625417224,7.86678662009435,-86.8067740901322));
#8545=CARTESIAN_POINT('Ctrl Pts',(25.5697347857788,5.03434893028991,-69.9431429996757));
#8546=CARTESIAN_POINT('Ctrl Pts',(39.252379869022,1.24197190323458,-40.8818573321057));
#8547=CARTESIAN_POINT('Ctrl Pts',(45.6908655752,-0.984787420261231,-11.3838330101032));
#8548=CARTESIAN_POINT('Ctrl Pts',(47.7408138182401,-1.84533838491387,8.2213584911904));
#8549=CARTESIAN_POINT('Ctrl Pts',(4.01260166235884,9.83075033931207,-98.0005061739627));
#8550=CARTESIAN_POINT('Ctrl Pts',(7.42900864253612,8.83547014314493,-94.4067969012773));
#8551=CARTESIAN_POINT('Ctrl Pts',(13.8563851039355,6.82802310031304,-86.8136872668319));
#8552=CARTESIAN_POINT('Ctrl Pts',(25.1212484746686,2.90657009724487,-69.9821954042669));
#8553=CARTESIAN_POINT('Ctrl Pts',(38.4752768587711,-2.54384773328009,-40.9805133894141));
#8554=CARTESIAN_POINT('Ctrl Pts',(44.7550517709765,-5.75460535407693,-11.4619545038755));
#8555=CARTESIAN_POINT('Ctrl Pts',(46.8114523240892,-6.80438729093122,8.22861333246444));
#8556=CARTESIAN_POINT('Ctrl Pts',(3.85781163121566,9.39346033313787,-98.0001395295265));
#8557=CARTESIAN_POINT('Ctrl Pts',(7.14023348535118,8.02240219695761,-94.4072198256688));
#8558=CARTESIAN_POINT('Ctrl Pts',(13.299728516671,5.34046250191101,-86.824296312331));
#8559=CARTESIAN_POINT('Ctrl Pts',(24.0073430110181,0.284638461254165,-70.0340615438287));
#8560=CARTESIAN_POINT('Ctrl Pts',(36.5347224020666,-6.38766082920837,-41.1071569557356));
#8561=CARTESIAN_POINT('Ctrl Pts',(42.263671075786,-10.0215582961441,-11.5735780284679));
#8562=CARTESIAN_POINT('Ctrl Pts',(44.1076210250615,-11.1451829819613,8.20200964532865));
#8563=CARTESIAN_POINT('Ctrl Pts',(3.59166818534147,8.86424860255794,-98.0004262344564));
#8564=CARTESIAN_POINT('Ctrl Pts',(6.64989024574116,7.05284600246663,-94.4093511932486));
#8565=CARTESIAN_POINT('Ctrl Pts',(12.3621379111678,3.58593132815965,-86.8413401946113));
#8566=CARTESIAN_POINT('Ctrl Pts',(22.1923363588439,-2.69171502592142,-70.1076313451698));
#8567=CARTESIAN_POINT('Ctrl Pts',(33.4967547711968,-10.4730626996425,-41.2839892454668));
#8568=CARTESIAN_POINT('Ctrl Pts',(38.4224974963384,-14.2899273012617,-11.7332969459894));
#8569=CARTESIAN_POINT('Ctrl Pts',(39.8972347262262,-15.3901065194019,8.1510607522427));
#8570=CARTESIAN_POINT('Ctrl Pts',(3.29737018576987,8.41595313540317,-98.0019972234476));
#8571=CARTESIAN_POINT('Ctrl Pts',(6.09729467807641,6.22183631278677,-94.4133161354194));
#8572=CARTESIAN_POINT('Ctrl Pts',(11.3232054865355,2.12247695143698,-86.8598880312683));
#8573=CARTESIAN_POINT('Ctrl Pts',(20.2475715422921,-5.04594569992894,-70.1784751641551));
#8574=CARTESIAN_POINT('Ctrl Pts',(30.3601809413978,-13.434559255951,-41.4508450191962));
#8575=CARTESIAN_POINT('Ctrl Pts',(34.5221141430389,-17.1307233079296,-11.8885276879946));
#8576=CARTESIAN_POINT('Ctrl Pts',(35.5927252190784,-18.1188925283575,8.09301779029961));
#8577=CARTESIAN_POINT('Ctrl Pts',(2.96132206008193,8.06431551652177,-98.0013006888312));
#8578=CARTESIAN_POINT('Ctrl Pts',(5.47280384322335,5.57186877434697,-94.4167304661188));
#8579=CARTESIAN_POINT('Ctrl Pts',(10.1609195312789,1.00240465830926,-86.8821819906128));
#8580=CARTESIAN_POINT('Ctrl Pts',(18.0819606739275,-6.71785051438553,-70.2657874418204));
#8581=CARTESIAN_POINT('Ctrl Pts',(26.8805327647174,-15.2170930850363,-41.6573744427573));
#8582=CARTESIAN_POINT('Ctrl Pts',(30.120251797545,-18.4321686074204,-12.0658808395198));
#8583=CARTESIAN_POINT('Ctrl Pts',(30.6748572189392,-19.0823109684548,8.02609472615661));
#8584=CARTESIAN_POINT('Ctrl Pts',(2.83455689112513,7.9471277507626,-98.0015751382969));
#8585=CARTESIAN_POINT('Ctrl Pts',(5.2430850629478,5.36280997318733,-94.418828004687));
#8586=CARTESIAN_POINT('Ctrl Pts',(9.72519887353174,0.64284919876277,-86.8925621351789));
#8587=CARTESIAN_POINT('Ctrl Pts',(17.2560833998331,-7.23728497660483,-70.3053733700981));
#8588=CARTESIAN_POINT('Ctrl Pts',(25.5230386195068,-15.7269008795891,-41.7454924599081));
#8589=CARTESIAN_POINT('Ctrl Pts',(28.3621475998678,-18.7026038420322,-12.1365651530445));
#8590=CARTESIAN_POINT('Ctrl Pts',(28.6987100772079,-19.1715861981798,8.0004046788841));
#8591=CARTESIAN_POINT('Ctrl Pts',(27.6823632194366,5.24215554214684,-64.8048989123138));
#8592=CARTESIAN_POINT('Ctrl Pts',(30.9096521157683,4.53355751270167,-58.5272553986193));
#8593=CARTESIAN_POINT('Ctrl Pts',(40.2241751576343,2.42399302997317,-36.9655125142044));
#8594=CARTESIAN_POINT('Ctrl Pts',(45.7840501295622,0.922056431239487,-11.4778682602665));
#8595=CARTESIAN_POINT('Ctrl Pts',(47.7939073485485,0.154481481332627,8.01064688434071));
#8596=CARTESIAN_POINT('Ctrl Pts',(4.14949698228104,11.3888798423671,-98.0001825205005));
#8597=CARTESIAN_POINT('Ctrl Pts',(11.2005817755492,12.0533565103414,-90.8272359183397));
#8598=CARTESIAN_POINT('Ctrl Pts',(23.6280807587549,13.2219588372704,-74.8469512543405));
#8599=CARTESIAN_POINT('Ctrl Pts',(39.6120416126241,14.4774132595305,-41.0446419097135));
#8600=CARTESIAN_POINT('Ctrl Pts',(45.890128152141,14.6709835279134,-11.5942627292282));
#8601=CARTESIAN_POINT('Ctrl Pts',(47.8044495907935,14.516723806724,8.0095668185932));
#8602=CARTESIAN_POINT('Ctrl Pts',(4.16798162535583,11.1901596253845,-98.0002795831182));
#8603=CARTESIAN_POINT('Ctrl Pts',(11.2489486020333,11.5149327917499,-90.8284594915789));
#8604=CARTESIAN_POINT('Ctrl Pts',(23.6984329993729,12.05867115285,-74.8457354549409));
#8605=CARTESIAN_POINT('Ctrl Pts',(39.6392963733425,12.4995246821892,-41.0325343161589));
#8606=CARTESIAN_POINT('Ctrl Pts',(45.8791748335582,12.3636796976046,-11.582188745153));
#8607=CARTESIAN_POINT('Ctrl Pts',(47.8033476569808,12.1109738647395,8.0119946749995));
#8608=CARTESIAN_POINT('Ctrl Pts',(4.17225632261069,10.9900862075962,-98.0003133169963));
#8609=CARTESIAN_POINT('Ctrl Pts',(11.2599094630616,10.972728247713,-90.8288398705013));
#8610=CARTESIAN_POINT('Ctrl Pts',(23.7103924957709,10.8896655541565,-74.8420230229113));
#8611=CARTESIAN_POINT('Ctrl Pts',(39.631174694074,10.518252833633,-41.0176069566631));
#8612=CARTESIAN_POINT('Ctrl Pts',(45.8644596641811,10.0560091626573,-11.5686557675079));
#8613=CARTESIAN_POINT('Ctrl Pts',(47.801950707441,9.70519284113517,8.01478595189494));
#8614=CARTESIAN_POINT('Ctrl Pts',(4.15229605085955,10.591396698417,-98.0002518109252));
#8615=CARTESIAN_POINT('Ctrl Pts',(11.2068497526353,9.8927632965561,-90.827891179648));
#8616=CARTESIAN_POINT('Ctrl Pts',(23.617162422244,8.55768576104112,-74.8295537155387));
#8617=CARTESIAN_POINT('Ctrl Pts',(39.5440039320765,6.55916014528129,-40.9820976236452));
#8618=CARTESIAN_POINT('Ctrl Pts',(45.8275487396569,5.44061576881695,-11.5386545568984));
#8619=CARTESIAN_POINT('Ctrl Pts',(47.7985745153141,4.89320448113692,8.02109603439576));
#8620=CARTESIAN_POINT('Ctrl Pts',(4.12805210994794,10.3927113827276,-98.0001565579492));
#8621=CARTESIAN_POINT('Ctrl Pts',(11.1427713102444,9.35414569670932,-90.8265620823183));
#8622=CARTESIAN_POINT('Ctrl Pts',(23.5119352488559,7.39437388971141,-74.8208014839008));
#8623=CARTESIAN_POINT('Ctrl Pts',(39.4649347191295,4.58108727034794,-40.9615183841034));
#8624=CARTESIAN_POINT('Ctrl Pts',(45.8053515922552,3.13288653520682,-11.5221858893346));
#8625=CARTESIAN_POINT('Ctrl Pts',(47.7965951668373,2.48699681302282,8.02461497506451));
#8626=CARTESIAN_POINT('Ctrl Pts',(4.08979659667818,10.1967924244549,-98.));
#8627=CARTESIAN_POINT('Ctrl Pts',(11.0417960879322,8.82297301713677,-90.824417388587));
#8628=CARTESIAN_POINT('Ctrl Pts',(23.3491547919534,6.24263819204705,-74.8096529979349));
#8629=CARTESIAN_POINT('Ctrl Pts',(39.3510413278976,2.60993767383307,-40.9381780542887));
#8630=CARTESIAN_POINT('Ctrl Pts',(45.7794706507448,0.825904158007148,-11.5042724039157));
#8631=CARTESIAN_POINT('Ctrl Pts',(47.7943311755606,0.080852270400333,8.02849442368621));
#8632=CARTESIAN_POINT('Ctrl Pts',(47.8044019022694,14.4576876022536,8.00941567315945));
#8633=CARTESIAN_POINT('Ctrl Pts',(45.7960495921287,14.5853610643523,-12.5541278418466));
#8634=CARTESIAN_POINT('Ctrl Pts',(41.5337758166713,14.4676565441055,-33.2099630878913));
#8635=CARTESIAN_POINT('Ctrl Pts',(30.1621232795805,13.6720863973196,-61.0212449302012));
#8636=CARTESIAN_POINT('Ctrl Pts',(25.8847357333107,13.3358706001244,-69.3674522533013));
#8637=CARTESIAN_POINT('Ctrl Pts',(18.3103747145325,12.6862223616316,-81.0355478541425));
#8638=CARTESIAN_POINT('Ctrl Pts',(15.6680066243751,12.4524585803565,-84.6983139817627));
#8639=CARTESIAN_POINT('Ctrl Pts',(11.4365570206576,12.0677815743799,-89.9688263181259));
#8640=CARTESIAN_POINT('Ctrl Pts',(9.9917772173031,11.9348417036923,-91.6772688844817));
#8641=CARTESIAN_POINT('Ctrl Pts',(7.08952345117084,11.665037146138,-94.9349434649888));
#8642=CARTESIAN_POINT('Ctrl Pts',(5.63855525205418,11.528681405708,-96.4854326808098));
#8643=CARTESIAN_POINT('Ctrl Pts',(4.14967640156935,11.3888967504062,-98.0000000000001));
#8644=CARTESIAN_POINT('Ctrl Pts',(2.33094728758294,14.4519715853056,-98.0019526657386));
#8645=CARTESIAN_POINT('Ctrl Pts',(4.30818731632957,17.372652872328,-94.4216439403785));
#8646=CARTESIAN_POINT('Ctrl Pts',(7.93836992135031,22.6506648406402,-86.9327200921435));
#8647=CARTESIAN_POINT('Ctrl Pts',(12.4078728547347,29.0301497139839,-74.5967501024099));
#8648=CARTESIAN_POINT('Ctrl Pts',(19.5359321547939,38.8917734315014,-47.5040524367349));
#8649=CARTESIAN_POINT('Ctrl Pts',(21.8913338816566,41.4998218709173,-19.2817810581845));
#8650=CARTESIAN_POINT('Ctrl Pts',(21.9095641781097,40.8151058583452,7.99995673747336));
#8651=CARTESIAN_POINT('Ctrl Pts',(2.63183664699744,14.2493477886725,-98.0016131613493));
#8652=CARTESIAN_POINT('Ctrl Pts',(4.84974521802796,17.01148962125,-94.419109878479));
#8653=CARTESIAN_POINT('Ctrl Pts',(8.95657653677032,22.0139123671421,-86.9156461963437));
#8654=CARTESIAN_POINT('Ctrl Pts',(14.0623098098694,28.1424999781335,-74.5420600352743));
#8655=CARTESIAN_POINT('Ctrl Pts',(22.3202584164892,37.7840106074074,-47.3634302377942));
#8656=CARTESIAN_POINT('Ctrl Pts',(25.3862328056369,40.7309318946897,-19.1214444847163));
#8657=CARTESIAN_POINT('Ctrl Pts',(25.9194170869549,40.5113812478973,8.04454506439708));
#8658=CARTESIAN_POINT('Ctrl Pts',(3.1950487327999,13.7504237364969,-98.0044631703906));
#8659=CARTESIAN_POINT('Ctrl Pts',(5.90600491755519,16.0723650466008,-94.418070299402));
#8660=CARTESIAN_POINT('Ctrl Pts',(10.8728422466357,20.3730876653358,-86.892894318206));
#8661=CARTESIAN_POINT('Ctrl Pts',(17.0690484786951,25.8355545272568,-74.4603171017167));
#8662=CARTESIAN_POINT('Ctrl Pts',(27.1573907544512,34.8014828704531,-47.1408433083385));
#8663=CARTESIAN_POINT('Ctrl Pts',(31.1841675028647,38.2498115575247,-18.8512186736152));
#8664=CARTESIAN_POINT('Ctrl Pts',(32.5024117577185,38.5359512641176,8.12733504476134));
#8665=CARTESIAN_POINT('Ctrl Pts',(3.60622204341517,13.1060546272863,-98.0006396309655));
#8666=CARTESIAN_POINT('Ctrl Pts',(6.67400903082127,14.8859388966377,-94.4120816373403));
#8667=CARTESIAN_POINT('Ctrl Pts',(12.3161222094119,18.269196148883,-86.8685244841841));
#8668=CARTESIAN_POINT('Ctrl Pts',(19.4109844656001,22.7518343510934,-74.3841063678406));
#8669=CARTESIAN_POINT('Ctrl Pts',(31.0879028701324,30.4301724935925,-46.9457505702204));
#8670=CARTESIAN_POINT('Ctrl Pts',(36.0216881430412,33.9572125694216,-18.6068624740493));
#8671=CARTESIAN_POINT('Ctrl Pts',(37.9171727055081,34.4124143263475,8.19821533622281));
#8672=CARTESIAN_POINT('Ctrl Pts',(3.85937396976891,12.5979597632882,-98.0005016897701));
#8673=CARTESIAN_POINT('Ctrl Pts',(7.13597767624929,13.9644529811377,-94.4102016540494));
#8674=CARTESIAN_POINT('Ctrl Pts',(13.2040320573696,16.5902846261619,-86.8522948754241));
#8675=CARTESIAN_POINT('Ctrl Pts',(20.9109182520334,20.2203439364773,-74.3268146965745));
#8676=CARTESIAN_POINT('Ctrl Pts',(33.7357087725148,26.6822810822151,-46.7939795510307));
#8677=CARTESIAN_POINT('Ctrl Pts',(39.4201445517073,30.0674901142981,-18.4211161088525));
#8678=CARTESIAN_POINT('Ctrl Pts',(41.6951642068288,30.5680615084464,8.24704987632574));
#8679=CARTESIAN_POINT('Ctrl Pts',(4.08887518591969,11.9575462512242,-98.0012264909955));
#8680=CARTESIAN_POINT('Ctrl Pts',(7.5633591234427,12.7801409242088,-94.4089184414517));
#8681=CARTESIAN_POINT('Ctrl Pts',(14.0371733914536,14.4436996611034,-86.8334436431178));
#8682=CARTESIAN_POINT('Ctrl Pts',(22.3819046788327,16.9352911567585,-74.2585192947096));
#8683=CARTESIAN_POINT('Ctrl Pts',(36.4799308274855,21.6714982005758,-46.6137471148748));
#8684=CARTESIAN_POINT('Ctrl Pts',(43.0881647934441,24.6339871453776,-18.2000652606517));
#8685=CARTESIAN_POINT('Ctrl Pts',(45.7300887289881,25.0761994178675,8.29839011927989));
#8686=CARTESIAN_POINT('Ctrl Pts',(4.13863256562959,11.5063755763817,-98.0000339153821));
#8687=CARTESIAN_POINT('Ctrl Pts',(7.66351975192666,11.9259907710227,-94.4059662116727));
#8688=CARTESIAN_POINT('Ctrl Pts',(14.2786764748779,12.7953316091831,-86.8150800777533));
#8689=CARTESIAN_POINT('Ctrl Pts',(22.925935347042,14.1283111703188,-74.1968481569977));
#8690=CARTESIAN_POINT('Ctrl Pts',(37.7180879092492,16.6956584580366,-46.4572592570243));
#8691=CARTESIAN_POINT('Ctrl Pts',(44.9235181549207,18.296850199933,-18.0161294723589));
#8692=CARTESIAN_POINT('Ctrl Pts',(47.5999630587431,18.4347252085503,8.31578369829609));
#8693=CARTESIAN_POINT('Ctrl Pts',(4.14967642022971,11.3888967520719,-97.9999999810259));
#8694=CARTESIAN_POINT('Ctrl Pts',(7.68329738166694,11.71941981082,-94.4055280731006));
#8695=CARTESIAN_POINT('Ctrl Pts',(14.3311632743877,12.3233208203801,-86.8062163670745));
#8696=CARTESIAN_POINT('Ctrl Pts',(23.0540716813961,13.0601505886925,-74.1626236050798));
#8697=CARTESIAN_POINT('Ctrl Pts',(38.0126235390812,14.2200586836461,-46.3669263941351));
#8698=CARTESIAN_POINT('Ctrl Pts',(45.3090224524041,14.5250461663337,-17.909161064876));
#8699=CARTESIAN_POINT('Ctrl Pts',(47.8372746615582,14.4018465623013,8.31464829012414));
#8700=CARTESIAN_POINT('Origin',(7.85343462008045E-15,9.77192457616751,10.));
#8701=CARTESIAN_POINT('',(48.,14.5,10.));
#8702=CARTESIAN_POINT('Origin',(20.0499965025507,12.8274855777689,10.));
#8703=CARTESIAN_POINT('',(28.7867965644036,-19.2132034355964,10.));
#8704=CARTESIAN_POINT('',(28.7867965644036,-19.2132034355964,10.));
#8705=CARTESIAN_POINT('',(48.,8.88178419700125E-15,10.));
#8706=CARTESIAN_POINT('Origin',(28.0149011156754,0.771895448728177,10.));
#8707=CARTESIAN_POINT('',(48.,14.5,10.));
#8708=CARTESIAN_POINT('Ctrl Pts',(2.79726809987557,15.1443082869664,-100.));
#8709=CARTESIAN_POINT('Ctrl Pts',(17.3038991324285,36.6366890876653,-74.0700023834001));
#8710=CARTESIAN_POINT('Ctrl Pts',(22.6042641418653,44.1928683578121,-39.3916666838666));
#8711=CARTESIAN_POINT('Ctrl Pts',(22.0355,42.757,10.));
#8712=CARTESIAN_POINT('Ctrl Pts',(3.04140652604169,14.9795230962469,-100.));
#8713=CARTESIAN_POINT('Ctrl Pts',(18.8141393203162,35.6173279764241,-74.0700023834001));
#8714=CARTESIAN_POINT('Ctrl Pts',(24.8627635315915,43.3939499616594,-39.2643504700097));
#8715=CARTESIAN_POINT('Ctrl Pts',(24.926191430859,42.5649642996536,10.));
#8716=CARTESIAN_POINT('Ctrl Pts',(3.69902989449361,14.4553101330916,-99.9999999999999));
#8717=CARTESIAN_POINT('Ctrl Pts',(22.7990950215629,32.279157173508,-74.0700023834));
#8718=CARTESIAN_POINT('Ctrl Pts',(30.4882047178601,40.6885277043442,-38.9460599353675));
#8719=CARTESIAN_POINT('Ctrl Pts',(32.0838784899893,41.0327263017644,9.99999999999999));
#8720=CARTESIAN_POINT('Ctrl Pts',(4.25118662793501,13.6866142495046,-100.));
#8721=CARTESIAN_POINT('Ctrl Pts',(26.2872049942376,27.6131971372146,-74.0700023834));
#8722=CARTESIAN_POINT('Ctrl Pts',(35.4670208049468,36.2463108505663,-38.6277694007251));
#8723=CARTESIAN_POINT('Ctrl Pts',(38.3147942204687,37.0168311559417,10.));
#8724=CARTESIAN_POINT('Ctrl Pts',(4.63243358014297,12.915042068593,-100.));
#8725=CARTESIAN_POINT('Ctrl Pts',(28.6526612062316,22.8438169207054,-74.0700023834));
#8726=CARTESIAN_POINT('Ctrl Pts',(39.6180200939159,31.0157147587634,-38.3094788660829));
#8727=CARTESIAN_POINT('Ctrl Pts',(43.4062008260605,31.8663135250899,10.));
#8728=CARTESIAN_POINT('Ctrl Pts',(4.90818340112543,12.148066669275,-100.));
#8729=CARTESIAN_POINT('Ctrl Pts',(30.3150698410319,18.128181931435,-74.0700023834001));
#8730=CARTESIAN_POINT('Ctrl Pts',(43.233099721328,25.2764141874387,-37.9911883314407));
#8731=CARTESIAN_POINT('Ctrl Pts',(47.753892885582,25.97626258338,10.));
#8732=CARTESIAN_POINT('Ctrl Pts',(4.9647930527301,11.6094751021094,-100.));
#8733=CARTESIAN_POINT('Ctrl Pts',(30.7122074575708,14.7702126911242,-74.0700023834001));
#8734=CARTESIAN_POINT('Ctrl Pts',(45.1827207369986,18.7535800204022,-37.6728977967983));
#8735=CARTESIAN_POINT('Ctrl Pts',(49.7570784675354,18.8387996163716,10.));
#8736=CARTESIAN_POINT('Ctrl Pts',(4.9781929993962,11.4664702142288,-100.));
#8737=CARTESIAN_POINT('Ctrl Pts',(30.7950995212598,13.8855845228624,-74.0700023834001));
#8738=CARTESIAN_POINT('Ctrl Pts',(45.7241235148443,14.8894293483381,-37.481923476013));
#8739=CARTESIAN_POINT('Ctrl Pts',(50.,14.5,10.));
#8740=CARTESIAN_POINT('',(22.0355,42.757,10.));
#8741=CARTESIAN_POINT('Ctrl Pts',(2.79726809987557,15.1443082869664,-100.));
#8742=CARTESIAN_POINT('Ctrl Pts',(17.3038991324285,36.6366890876653,-74.0700023834001));
#8743=CARTESIAN_POINT('Ctrl Pts',(22.6042641418653,44.1928683578121,-39.3916666838666));
#8744=CARTESIAN_POINT('Ctrl Pts',(22.0355,42.757,10.));
#8745=CARTESIAN_POINT('',(28.6857952117665,41.5522282112405,10.));
#8746=CARTESIAN_POINT('Origin',(20.0469099026319,12.8229807338766,10.));
#8747=CARTESIAN_POINT('',(50.,14.5,10.));
#8748=CARTESIAN_POINT('Origin',(20.0469099026319,12.8229807338766,10.));
#8749=CARTESIAN_POINT('Ctrl Pts',(4.9781929993962,11.4664702142288,-100.));
#8750=CARTESIAN_POINT('Ctrl Pts',(30.7950995212598,13.8855845228624,-74.0700023834001));
#8751=CARTESIAN_POINT('Ctrl Pts',(45.7241235148443,14.8894293483381,-37.481923476013));
#8752=CARTESIAN_POINT('Ctrl Pts',(50.,14.5,10.));
#8753=CARTESIAN_POINT('Ctrl Pts',(4.9781929993962,11.4664702142288,-100.));
#8754=CARTESIAN_POINT('Ctrl Pts',(30.7950995212598,13.8855845228624,-74.0700023834001));
#8755=CARTESIAN_POINT('Ctrl Pts',(45.7241235148443,14.8894293483381,-37.481923476013));
#8756=CARTESIAN_POINT('Ctrl Pts',(50.,14.5,10.));
#8757=CARTESIAN_POINT('Ctrl Pts',(5.00052624383969,11.2281287344278,-100.));
#8758=CARTESIAN_POINT('Ctrl Pts',(30.9332529607413,12.4112042424261,-74.0700023834001));
#8759=CARTESIAN_POINT('Ctrl Pts',(45.6949587021332,12.6873733975962,-37.4520892087308));
#8760=CARTESIAN_POINT('Ctrl Pts',(50.,12.0833333333333,10.));
#8761=CARTESIAN_POINT('Ctrl Pts',(5.00571371251045,10.9881826380521,-100.));
#8762=CARTESIAN_POINT('Ctrl Pts',(30.9653405702896,10.9268961304953,-74.0700023834001));
#8763=CARTESIAN_POINT('Ctrl Pts',(45.6600490062396,10.4847836657393,-37.422254941448));
#8764=CARTESIAN_POINT('Ctrl Pts',(50.,9.66666666666668,10.));
#8765=CARTESIAN_POINT('Ctrl Pts',(4.98168878905848,10.5100140505814,-100.));
#8766=CARTESIAN_POINT('Ctrl Pts',(30.8167225834933,7.96894902356253,-74.0700023834));
#8767=CARTESIAN_POINT('Ctrl Pts',(45.5788222832012,6.08017734770524,-37.3625864068838));
#8768=CARTESIAN_POINT('Ctrl Pts',(50.,4.83333333333334,10.));
#8769=CARTESIAN_POINT('Ctrl Pts',(4.95247663591635,10.2717963159227,-100.));
#8770=CARTESIAN_POINT('Ctrl Pts',(30.636018109032,6.49533235741778,-74.0700023834001));
#8771=CARTESIAN_POINT('Ctrl Pts',(45.5325052560564,3.87816076152809,-37.3327521396011));
#8772=CARTESIAN_POINT('Ctrl Pts',(50.,2.41666666666668,10.));
#8773=CARTESIAN_POINT('Ctrl Pts',(4.90636589285267,10.0368937102002,-100.));
#8774=CARTESIAN_POINT('Ctrl Pts',(30.3507770744201,5.04222495039179,-74.0700023834001));
#8775=CARTESIAN_POINT('Ctrl Pts',(45.480525780843,1.67725110214566,-37.3029178723189));
#8776=CARTESIAN_POINT('Ctrl Pts',(50.,8.88178419700125E-15,10.));
#8777=CARTESIAN_POINT('',(50.,8.88178419700125E-15,10.));
#8778=CARTESIAN_POINT('',(50.,8.88178419700125E-15,10.));
#8779=CARTESIAN_POINT('',(29.443682525345,5.04889118211021,-65.7321271075515));
#8780=CARTESIAN_POINT('Ctrl Pts',(29.443682525345,5.04889118211021,-65.7321271075514));
#8781=CARTESIAN_POINT('Ctrl Pts',(40.3236745840935,2.72697824553248,-44.5820831287286));
#8782=CARTESIAN_POINT('Ctrl Pts',(47.1992317986885,1.03941107410064,-19.3141418186359));
#8783=CARTESIAN_POINT('Ctrl Pts',(50.,1.16573417585641E-14,10.));
#8784=CARTESIAN_POINT('Ctrl Pts',(4.90636589285267,10.0368937102002,-100.));
#8785=CARTESIAN_POINT('Ctrl Pts',(14.5825938117839,8.13747646864567,-90.1391089349583));
#8786=CARTESIAN_POINT('Ctrl Pts',(22.7671186395058,6.47374516864897,-78.7109619311831));
#8787=CARTESIAN_POINT('Ctrl Pts',(29.443682525345,5.04889118211021,-65.7321271075514));
#8788=CARTESIAN_POINT('Ctrl Pts',(4.90636589285267,10.0368937102002,-100.));
#8789=CARTESIAN_POINT('Ctrl Pts',(30.3507770744201,5.04222495039179,-74.0700023834001));
#8790=CARTESIAN_POINT('Ctrl Pts',(45.480525780843,1.67725110214566,-37.3029178723189));
#8791=CARTESIAN_POINT('Ctrl Pts',(50.,1.16573417585641E-14,10.));
#8792=CARTESIAN_POINT('Ctrl Pts',(4.8879215956272,9.94293266791118,-100.));
#8793=CARTESIAN_POINT('Ctrl Pts',(30.2366806605754,4.4609819875814,-74.0700023834001));
#8794=CARTESIAN_POINT('Ctrl Pts',(45.2778039283537,-0.281791097856488,-37.3916790603205));
#8795=CARTESIAN_POINT('Ctrl Pts',(49.9226542209235,-2.19935977737978,10.));
#8796=CARTESIAN_POINT('Ctrl Pts',(4.81421795376082,9.59717654178136,-100.));
#8797=CARTESIAN_POINT('Ctrl Pts',(29.7597215714746,2.31621933386651,-74.0700023834001));
#8798=CARTESIAN_POINT('Ctrl Pts',(44.2377929984741,-5.22489843162515,-37.6135820303245));
#8799=CARTESIAN_POINT('Ctrl Pts',(48.8997422513455,-7.66936714146191,10.));
#8800=CARTESIAN_POINT('Ctrl Pts',(4.62872305588249,9.07437805905259,-100.));
#8801=CARTESIAN_POINT('Ctrl Pts',(28.6300458346735,-0.912280952416139,-74.0700023834001));
#8802=CARTESIAN_POINT('Ctrl Pts',(41.8374117100105,-9.77050069785678,-37.8354850003286));
#8803=CARTESIAN_POINT('Ctrl Pts',(45.9063856026279,-12.4501403601943,10.));
#8804=CARTESIAN_POINT('Ctrl Pts',(4.36073973286017,8.54263642685924,-100.));
#8805=CARTESIAN_POINT('Ctrl Pts',(26.9757751854893,-4.20296341798309,-74.0700023834001));
#8806=CARTESIAN_POINT('Ctrl Pts',(38.7862762238423,-13.6945859068226,-38.0573879703325));
#8807=CARTESIAN_POINT('Ctrl Pts',(42.01393102764,-16.3380642094857,10.));
#8808=CARTESIAN_POINT('Ctrl Pts',(4.04138003380515,8.00416967162217,-100.));
#8809=CARTESIAN_POINT('Ctrl Pts',(24.9628201922939,-7.50044175701352,-74.0700023834001));
#8810=CARTESIAN_POINT('Ctrl Pts',(35.3154386954621,-17.2169338391912,-38.2792909403367));
#8811=CARTESIAN_POINT('Ctrl Pts',(37.5362119247298,-19.6433625740631,10.));
#8812=CARTESIAN_POINT('Ctrl Pts',(3.63123322505686,7.54846973212096,-100.));
#8813=CARTESIAN_POINT('Ctrl Pts',(22.4628069992654,-10.3511645918243,-74.0700023834001));
#8814=CARTESIAN_POINT('Ctrl Pts',(31.1550720524916,-19.447020415179,-38.5011939103406));
#8815=CARTESIAN_POINT('Ctrl Pts',(32.0858362304733,-21.0971847669817,10.));
#8816=CARTESIAN_POINT('Ctrl Pts',(3.40067052455023,7.33456142004053,-100.));
#8817=CARTESIAN_POINT('Ctrl Pts',(21.036546243836,-11.674401308388,-74.0700023834001));
#8818=CARTESIAN_POINT('Ctrl Pts',(28.6613431905649,-20.2878919664279,-38.634335692343));
#8819=CARTESIAN_POINT('Ctrl Pts',(28.7867965644036,-21.2132034355964,10.));
#8820=CARTESIAN_POINT('',(28.7867965644036,-21.2132034355964,10.));
#8821=CARTESIAN_POINT('Origin',(28.0135916054608,0.77320495894281,10.));
#8822=CARTESIAN_POINT('Ctrl Pts',(3.40067052455023,7.33456142004053,-100.));
#8823=CARTESIAN_POINT('Ctrl Pts',(21.036546243836,-11.674401308388,-74.0700023834001));
#8824=CARTESIAN_POINT('Ctrl Pts',(28.6613431905649,-20.2878919664279,-38.634335692343));
#8825=CARTESIAN_POINT('Ctrl Pts',(28.7867965644036,-21.2132034355964,10.));
#8826=CARTESIAN_POINT('Ctrl Pts',(3.40067052455023,7.33456142004053,-100.));
#8827=CARTESIAN_POINT('Ctrl Pts',(21.036546243836,-11.674401308388,-74.0700023834001));
#8828=CARTESIAN_POINT('Ctrl Pts',(28.6613431905649,-20.2878919664279,-38.634335692343));
#8829=CARTESIAN_POINT('Ctrl Pts',(28.7867965644036,-21.2132034355964,10.));
#8830=CARTESIAN_POINT('Ctrl Pts',(3.2469620575458,7.19195587865358,-100.));
#8831=CARTESIAN_POINT('Ctrl Pts',(20.0857057402165,-12.5565591194305,-74.0700023834001));
#8832=CARTESIAN_POINT('Ctrl Pts',(24.9397355216904,-20.3354271468902,-38.6343356923431));
#8833=CARTESIAN_POINT('Ctrl Pts',(24.9485570224831,-21.2132034355964,10.));
#8834=CARTESIAN_POINT('Ctrl Pts',(2.80968066062131,6.81128226834054,-100.));
#8835=CARTESIAN_POINT('Ctrl Pts',(17.177772993942,-14.8201467838012,-74.0700023834001));
#8836=CARTESIAN_POINT('Ctrl Pts',(19.2674097374978,-20.392469363445,-38.6343356923429));
#8837=CARTESIAN_POINT('Ctrl Pts',(19.1911977096024,-21.2132034355964,10.));
#8838=CARTESIAN_POINT('Ctrl Pts',(1.60150054011946,6.20152307591296,-100.));
#8839=CARTESIAN_POINT('Ctrl Pts',(9.69154476501591,-18.5111575293192,-74.0700023834001));
#8840=CARTESIAN_POINT('Ctrl Pts',(9.67866200918925,-20.4518883390229,-38.6343356923431));
#8841=CARTESIAN_POINT('Ctrl Pts',(9.59559885480119,-21.2132034355964,10.));
#8842=CARTESIAN_POINT('Ctrl Pts',(0.643742548892062,5.99849910046289,-100.));
#8843=CARTESIAN_POINT('Ctrl Pts',(3.97890660599738,-19.931498516137,-74.0700023834));
#8844=CARTESIAN_POINT('Ctrl Pts',(3.87146480367569,-20.4661488931616,-38.634335692343));
#8845=CARTESIAN_POINT('Ctrl Pts',(3.83823954192048,-21.2132034355964,10.));
#8846=CARTESIAN_POINT('Ctrl Pts',(-0.160779415471219,6.00004278337041,-100.));
#8847=CARTESIAN_POINT('Ctrl Pts',(-0.994570429747565,-19.9299548332295,
-74.0700023834001));
#8848=CARTESIAN_POINT('Ctrl Pts',(-0.967866200918937,-20.4661488931615,
-38.6343356923431));
#8849=CARTESIAN_POINT('Ctrl Pts',(-0.959559885480114,-21.2132034355964,
10.));
#8850=CARTESIAN_POINT('Ctrl Pts',(-0.804143560575015,6.0298858633441,-100.));
#8851=CARTESIAN_POINT('Ctrl Pts',(-4.93178764564556,-19.6972255846946,-74.0700023834));
#8852=CARTESIAN_POINT('Ctrl Pts',(-4.83933100459464,-20.4637721341384,-38.634335692343));
#8853=CARTESIAN_POINT('Ctrl Pts',(-4.79779942740059,-21.2132034355964,10.));
#8854=CARTESIAN_POINT('Ctrl Pts',(-1.87647533784217,6.30208395527132,-100.));
#8855=CARTESIAN_POINT('Ctrl Pts',(-11.3593585320258,-17.8820454949658,-74.0700023834001));
#8856=CARTESIAN_POINT('Ctrl Pts',(-11.603904411591,-20.4429754926861,-38.6343356923431));
#8857=CARTESIAN_POINT('Ctrl Pts',(-11.5147186257614,-21.2132034355964,10.));
#8858=CARTESIAN_POINT('Ctrl Pts',(-2.9027844775131,6.88880884996902,-100.));
#8859=CARTESIAN_POINT('Ctrl Pts',(-17.7888981435944,-14.3643357223653,-74.0700023834));
#8860=CARTESIAN_POINT('Ctrl Pts',(-20.2202902249367,-20.384150706864,-38.634335692343));
#8861=CARTESIAN_POINT('Ctrl Pts',(-20.1507575950825,-21.2132034355964,10.));
#8862=CARTESIAN_POINT('Ctrl Pts',(-3.28538917429691,7.22760726400032,-100.));
#8863=CARTESIAN_POINT('Ctrl Pts',(-20.3234158661214,-12.3360196666698,-74.0700023834001));
#8864=CARTESIAN_POINT('Ctrl Pts',(-25.870137438909,-20.3235433517746,-38.634335692343));
#8865=CARTESIAN_POINT('Ctrl Pts',(-25.9081169079632,-21.2132034355964,10.));
#8866=CARTESIAN_POINT('Ctrl Pts',(-3.40067052455023,7.33456142004054,-100.));
#8867=CARTESIAN_POINT('Ctrl Pts',(-21.0365462438361,-11.6744013083879,-74.0700023834001));
#8868=CARTESIAN_POINT('Ctrl Pts',(-28.661343190565,-20.2878919664278,-38.634335692343));
#8869=CARTESIAN_POINT('Ctrl Pts',(-28.7867965644036,-21.2132034355964,10.));
#8870=CARTESIAN_POINT('',(-28.7867965644036,-21.2132034355964,10.));
#8871=CARTESIAN_POINT('',(-28.7867965644036,-21.2132034355964,10.));
#8872=CARTESIAN_POINT('Ctrl Pts',(-3.40067052455023,7.33456142004053,-100.));
#8873=CARTESIAN_POINT('Ctrl Pts',(-21.0365462438361,-11.6744013083879,-74.0700023834001));
#8874=CARTESIAN_POINT('Ctrl Pts',(-28.661343190565,-20.2878919664278,-38.634335692343));
#8875=CARTESIAN_POINT('Ctrl Pts',(-28.7867965644036,-21.2132034355964,10.));
#8876=CARTESIAN_POINT('Ctrl Pts',(-3.40067052455023,7.33456142004053,-100.));
#8877=CARTESIAN_POINT('Ctrl Pts',(-21.0365462438361,-11.6744013083879,-74.0700023834001));
#8878=CARTESIAN_POINT('Ctrl Pts',(-28.661343190565,-20.2878919664278,-38.634335692343));
#8879=CARTESIAN_POINT('Ctrl Pts',(-28.7867965644036,-21.2132034355964,10.));
#8880=CARTESIAN_POINT('Ctrl Pts',(-3.55437899155465,7.47716696142749,-100.));
#8881=CARTESIAN_POINT('Ctrl Pts',(-21.9873867474557,-10.7922434973455,-74.0700023834001));
#8882=CARTESIAN_POINT('Ctrl Pts',(-30.3238290985161,-19.7273109322619,-38.5455745043414));
#8883=CARTESIAN_POINT('Ctrl Pts',(-30.9861563417834,-21.1358576565199,10.));
#8884=CARTESIAN_POINT('Ctrl Pts',(-3.95806178889435,7.89754221877114,-100.));
#8885=CARTESIAN_POINT('Ctrl Pts',(-24.4485904981613,-8.15889275174916,-74.0700023834));
#8886=CARTESIAN_POINT('Ctrl Pts',(-34.4864355372169,-17.7841933280631,-38.3236715343374));
#8887=CARTESIAN_POINT('Ctrl Pts',(-36.4561637058655,-20.1129456869419,10.));
#8888=CARTESIAN_POINT('Ctrl Pts',(-4.30808225285315,8.43547327625392,-100.));
#8889=CARTESIAN_POINT('Ctrl Pts',(-26.64586024025,-4.86191473526312,-74.0700023834001));
#8890=CARTESIAN_POINT('Ctrl Pts',(-38.1775459385641,-14.483343007496,-38.1017685643334));
#8891=CARTESIAN_POINT('Ctrl Pts',(-41.2369369245979,-17.1195890382243,10.));
#8892=CARTESIAN_POINT('Ctrl Pts',(-4.57481457888959,8.9677304471109,-100.));
#8893=CARTESIAN_POINT('Ctrl Pts',(-28.2988798924482,-1.57071673103251,-74.0700023834));
#8894=CARTESIAN_POINT('Ctrl Pts',(-41.2241506990359,-10.5547270728338,-37.8798655943295));
#8895=CARTESIAN_POINT('Ctrl Pts',(-45.1248607738893,-13.2271344632364,10.));
#8896=CARTESIAN_POINT('Ctrl Pts',(-4.78965647485575,9.49391752212153,-100.));
#8897=CARTESIAN_POINT('Ctrl Pts',(-29.605271456417,1.67891849080518,-74.0700023834001));
#8898=CARTESIAN_POINT('Ctrl Pts',(-43.853692460504,-6.22173481836593,-37.6579626243253));
#8899=CARTESIAN_POINT('Ctrl Pts',(-48.4301591384667,-8.74941536032621,10.));
#8900=CARTESIAN_POINT('Ctrl Pts',(-4.87869944701447,9.89595214676668,-100.));
#8901=CARTESIAN_POINT('Ctrl Pts',(-30.1796324536529,4.17036050617623,-74.0700023834001));
#8902=CARTESIAN_POINT('Ctrl Pts',(-45.1764430021091,-1.26131219785755,-37.4360596543214));
#8903=CARTESIAN_POINT('Ctrl Pts',(-49.8839813313853,-3.29903966606967,10.));
#8904=CARTESIAN_POINT('Ctrl Pts',(-4.90636589285267,10.0368937102002,-100.));
#8905=CARTESIAN_POINT('Ctrl Pts',(-30.3507770744201,5.04222495039179,-74.0700023834001));
#8906=CARTESIAN_POINT('Ctrl Pts',(-45.480525780843,1.67725110214566,-37.3029178723189));
#8907=CARTESIAN_POINT('Ctrl Pts',(-50.,1.23512311489549E-14,10.));
#8908=CARTESIAN_POINT('',(-50.,-4.44089209850063E-15,10.));
#8909=CARTESIAN_POINT('Origin',(-28.0135916054607,0.773204958942828,10.));
#8910=CARTESIAN_POINT('',(-29.4436825253458,5.04889118211004,-65.7321271075499));
#8911=CARTESIAN_POINT('Ctrl Pts',(-29.4436825253458,5.04889118211004,-65.7321271075499));
#8912=CARTESIAN_POINT('Ctrl Pts',(-40.3236745840938,2.72697824553239,-44.5820831287274));
#8913=CARTESIAN_POINT('Ctrl Pts',(-47.1992317986886,1.0394110741006,-19.3141418186352));
#8914=CARTESIAN_POINT('Ctrl Pts',(-50.,-4.44089209850063E-15,10.));
#8915=CARTESIAN_POINT('Ctrl Pts',(-4.90636589285267,10.0368937102002,-100.));
#8916=CARTESIAN_POINT('Ctrl Pts',(-14.5825938117843,8.13747646864559,-90.1391089349579));
#8917=CARTESIAN_POINT('Ctrl Pts',(-22.7671186395064,6.47374516864884,-78.7109619311823));
#8918=CARTESIAN_POINT('Ctrl Pts',(-29.4436825253458,5.04889118211004,-65.7321271075499));
#8919=CARTESIAN_POINT('Ctrl Pts',(-4.90636589285267,10.0368937102002,-100.));
#8920=CARTESIAN_POINT('Ctrl Pts',(-30.3507770744201,5.04222495039179,-74.0700023834001));
#8921=CARTESIAN_POINT('Ctrl Pts',(-45.480525780843,1.67725110214565,-37.3029178723189));
#8922=CARTESIAN_POINT('Ctrl Pts',(-50.,-4.44089209850063E-15,10.));
#8923=CARTESIAN_POINT('Ctrl Pts',(-4.95247663591635,10.2717963159227,-100.));
#8924=CARTESIAN_POINT('Ctrl Pts',(-30.6360181090319,6.49533235741776,-74.0700023834001));
#8925=CARTESIAN_POINT('Ctrl Pts',(-45.5325052560564,3.87816076152804,-37.3327521396013));
#8926=CARTESIAN_POINT('Ctrl Pts',(-50.,2.41666666666663,10.));
#8927=CARTESIAN_POINT('Ctrl Pts',(-4.98168878905848,10.5100140505814,-100.));
#8928=CARTESIAN_POINT('Ctrl Pts',(-30.8167225834934,7.96894902356249,-74.0700023834001));
#8929=CARTESIAN_POINT('Ctrl Pts',(-45.5788222832012,6.08017734770516,-37.3625864068836));
#8930=CARTESIAN_POINT('Ctrl Pts',(-50.,4.83333333333326,10.));
#8931=CARTESIAN_POINT('Ctrl Pts',(-5.00571371251045,10.9881826380521,-100.));
#8932=CARTESIAN_POINT('Ctrl Pts',(-30.9653405702895,10.9268961304952,-74.0700023834001));
#8933=CARTESIAN_POINT('Ctrl Pts',(-45.6600490062396,10.4847836657391,-37.4222549414483));
#8934=CARTESIAN_POINT('Ctrl Pts',(-50.,9.66666666666653,10.));
#8935=CARTESIAN_POINT('Ctrl Pts',(-5.00052624383969,11.2281287344278,-100.));
#8936=CARTESIAN_POINT('Ctrl Pts',(-30.9332529607415,12.4112042424259,-74.0700023834001));
#8937=CARTESIAN_POINT('Ctrl Pts',(-45.6949587021332,12.687373397596,-37.4520892087307));
#8938=CARTESIAN_POINT('Ctrl Pts',(-50.,12.0833333333332,10.));
#8939=CARTESIAN_POINT('Ctrl Pts',(-4.9781929993962,11.4664702142288,-100.));
#8940=CARTESIAN_POINT('Ctrl Pts',(-30.7950995212598,13.8855845228623,-74.0700023834001));
#8941=CARTESIAN_POINT('Ctrl Pts',(-45.7241235148443,14.8894293483379,-37.481923476013));
#8942=CARTESIAN_POINT('Ctrl Pts',(-50.,14.4999999999998,10.));
#8943=CARTESIAN_POINT('',(-50.,14.4999999999998,10.));
#8944=CARTESIAN_POINT('',(-50.,14.4999999999998,10.));
#8945=CARTESIAN_POINT('Ctrl Pts',(-4.9781929993962,11.4664702142288,-100.));
#8946=CARTESIAN_POINT('Ctrl Pts',(-30.7950995212598,13.8855845228623,-74.0700023834001));
#8947=CARTESIAN_POINT('Ctrl Pts',(-45.7241235148443,14.8894293483379,-37.481923476013));
#8948=CARTESIAN_POINT('Ctrl Pts',(-50.,14.4999999999998,10.));
#8949=CARTESIAN_POINT('Ctrl Pts',(-4.9781929993962,11.4664702142288,-100.));
#8950=CARTESIAN_POINT('Ctrl Pts',(-30.7950995212598,13.8855845228623,-74.0700023834001));
#8951=CARTESIAN_POINT('Ctrl Pts',(-45.7241235148443,14.8894293483379,-37.481923476013));
#8952=CARTESIAN_POINT('Ctrl Pts',(-50.,14.4999999999998,10.));
#8953=CARTESIAN_POINT('Ctrl Pts',(-4.96925970161881,11.5618068061492,-100.));
#8954=CARTESIAN_POINT('Ctrl Pts',(-30.7398381454672,14.4753366350368,-74.0700023834001));
#8955=CARTESIAN_POINT('Ctrl Pts',(-45.3572662317533,17.4694767949236,-37.6092664793617));
#8956=CARTESIAN_POINT('Ctrl Pts',(-49.8380523116903,17.3925330775808,10.));
#8957=CARTESIAN_POINT('Ctrl Pts',(-4.92560619288143,11.9994270078877,-100.));
#8958=CARTESIAN_POINT('Ctrl Pts',(-30.4298556433595,17.2122531686826,-74.0700023834001));
#8959=CARTESIAN_POINT('Ctrl Pts',(-43.754398337678,23.97956899896,-37.9276239877335));
#8960=CARTESIAN_POINT('Ctrl Pts',(-48.3803729188698,24.5657755826304,10.));
#8961=CARTESIAN_POINT('Ctrl Pts',(-4.70831353036982,12.7648067291158,-100.));
#8962=CARTESIAN_POINT('Ctrl Pts',(-29.1171077818468,21.9200854271654,-74.0700023834001));
#8963=CARTESIAN_POINT('Ctrl Pts',(-40.416634500455,29.9966864195589,-38.2459814961053));
#8964=CARTESIAN_POINT('Ctrl Pts',(-44.4295277869502,30.8381393564115,10.));
#8965=CARTESIAN_POINT('Ctrl Pts',(-4.32088051185925,13.5383394078205,-100.));
#8966=CARTESIAN_POINT('Ctrl Pts',(-26.7291750521355,26.7084755057842,-74.0700023834001));
#8967=CARTESIAN_POINT('Ctrl Pts',(-36.2439153686724,35.2323745663942,-38.5643390044771));
#8968=CARTESIAN_POINT('Ctrl Pts',(-39.3322650093652,35.9828614317519,10.));
#8969=CARTESIAN_POINT('Ctrl Pts',(-3.82852781692794,14.3182617850298,-100.));
#8970=CARTESIAN_POINT('Ctrl Pts',(-23.5957316312913,31.4334620036224,-74.0700023834001));
#8971=CARTESIAN_POINT('Ctrl Pts',(-31.5316061775485,39.9628915304391,-38.882696512849));
#8972=CARTESIAN_POINT('Ctrl Pts',(-33.4877706050353,40.3916040411836,10.));
#8973=CARTESIAN_POINT('Ctrl Pts',(-3.1489348197842,14.9091252925086,-100.));
#8974=CARTESIAN_POINT('Ctrl Pts',(-19.4793092941508,35.1818471960561,-74.0700023834001));
#8975=CARTESIAN_POINT('Ctrl Pts',(-25.9072179322228,43.051773507787,-39.2010540212206));
#8976=CARTESIAN_POINT('Ctrl Pts',(-26.3715371462885,42.4689464494804,10.));
#8977=CARTESIAN_POINT('Ctrl Pts',(-2.7799674725626,15.1559332106633,-100.));
#8978=CARTESIAN_POINT('Ctrl Pts',(-17.1968774601173,36.7086008601127,-74.0700023834001));
#8979=CARTESIAN_POINT('Ctrl Pts',(-22.5096657981851,44.2559483105223,-39.3920685262438));
#8980=CARTESIAN_POINT('Ctrl Pts',(-22.0355,42.757,10.));
#8981=CARTESIAN_POINT('',(-28.8072595457898,41.5154235390757,10.));
#8982=CARTESIAN_POINT('Origin',(-20.0469099026319,12.8229807338766,10.));
#8983=CARTESIAN_POINT('',(-22.0355,42.757,10.));
#8984=CARTESIAN_POINT('Origin',(-20.0469099026319,12.8229807338766,10.));
#8985=CARTESIAN_POINT('Ctrl Pts',(-2.7799674725626,15.1559332106633,-100.));
#8986=CARTESIAN_POINT('Ctrl Pts',(-17.1968774601173,36.7086008601127,-74.0700023834001));
#8987=CARTESIAN_POINT('Ctrl Pts',(-22.5096657981851,44.2559483105223,-39.3920685262438));
#8988=CARTESIAN_POINT('Ctrl Pts',(-22.0355,42.757,10.));
#8989=CARTESIAN_POINT('Ctrl Pts',(-2.7799674725626,15.1559332106633,-100.));
#8990=CARTESIAN_POINT('Ctrl Pts',(-17.1968774601173,36.7086008601127,-74.0700023834001));
#8991=CARTESIAN_POINT('Ctrl Pts',(-22.5096657981851,44.2559483105223,-39.3920685262438));
#8992=CARTESIAN_POINT('Ctrl Pts',(-22.0355,42.757,10.));
#8993=CARTESIAN_POINT('Ctrl Pts',(-2.53398924108154,15.3204718227664,-100.));
#8994=CARTESIAN_POINT('Ctrl Pts',(-15.6752562374284,37.7264366361503,-74.0700023834001));
#8995=CARTESIAN_POINT('Ctrl Pts',(-19.5440162932978,44.3068475160137,-39.392041736752));
#8996=CARTESIAN_POINT('Ctrl Pts',(-19.0974333333333,42.757,10.));
#8997=CARTESIAN_POINT('Ctrl Pts',(-1.75635911423527,15.7634659456576,-100.));
#8998=CARTESIAN_POINT('Ctrl Pts',(-10.7687039823729,40.3529756420732,-74.0700023834001));
#8999=CARTESIAN_POINT('Ctrl Pts',(-12.0666671601863,44.4063260267045,-39.3919747630224));
#9000=CARTESIAN_POINT('Ctrl Pts',(-11.7522666666667,42.757,10.));
#9001=CARTESIAN_POINT('Ctrl Pts',(-0.65426888669774,16.0037362367442,-100.));
#9002=CARTESIAN_POINT('Ctrl Pts',(-4.04074037516956,41.9426451205508,-74.0700023834001));
#9003=CARTESIAN_POINT('Ctrl Pts',(-4.49463328784448,44.4367066326036,-39.3919077892929));
#9004=CARTESIAN_POINT('Ctrl Pts',(-4.40709999999999,42.757,10.));
#9005=CARTESIAN_POINT('Ctrl Pts',(0.680342161661357,16.0002498610388,-100.));
#9006=CARTESIAN_POINT('Ctrl Pts',(4.20193142589864,41.9211601899347,-74.0700023834001));
#9007=CARTESIAN_POINT('Ctrl Pts',(4.59153138816842,44.4237647892591,-39.3918274208175));
#9008=CARTESIAN_POINT('Ctrl Pts',(4.40710000000001,42.757,10.));
#9009=CARTESIAN_POINT('Ctrl Pts',(1.78004981162308,15.7543094551994,-100.));
#9010=CARTESIAN_POINT('Ctrl Pts',(10.9145862612953,40.2975661406382,-74.0700023834001));
#9011=CARTESIAN_POINT('Ctrl Pts',(12.1631053091815,44.3718144444525,-39.391760447088));
#9012=CARTESIAN_POINT('Ctrl Pts',(11.7522666666667,42.757,10.));
#9013=CARTESIAN_POINT('Ctrl Pts',(2.55312967370946,15.309093477686,-100.));
#9014=CARTESIAN_POINT('Ctrl Pts',(15.7936589445408,37.6560501989066,-74.0700023834001));
#9015=CARTESIAN_POINT('Ctrl Pts',(19.6392279054163,44.2517437532616,-39.3916934733584));
#9016=CARTESIAN_POINT('Ctrl Pts',(19.0974333333334,42.757,10.));
#9017=CARTESIAN_POINT('Ctrl Pts',(2.79726809987557,15.1443082869664,-100.));
#9018=CARTESIAN_POINT('Ctrl Pts',(17.3038991324285,36.6366890876653,-74.0700023834001));
#9019=CARTESIAN_POINT('Ctrl Pts',(22.6042641418653,44.1928683578121,-39.3916666838666));
#9020=CARTESIAN_POINT('Ctrl Pts',(22.0355,42.757,10.));
#9021=CARTESIAN_POINT('',(22.0355,42.757,10.));
#9022=CARTESIAN_POINT('Origin',(20.0499965025507,12.8274855777689,10.));
#9023=CARTESIAN_POINT('',(48.,14.5,10.));
#9024=CARTESIAN_POINT('Origin',(28.7867965644036,-19.2132034355964,10.));
#9025=CARTESIAN_POINT('',(28.7867965644036,-19.2132034355964,10.));
#9026=CARTESIAN_POINT('Origin',(28.0149011156754,0.771895448728177,10.));
#9027=CARTESIAN_POINT('',(48.,8.88178419700125E-15,10.));
#9028=CARTESIAN_POINT('',(48.,8.88178419700125E-15,10.));
#9029=CARTESIAN_POINT('Origin',(48.,14.5,10.));
#9030=CARTESIAN_POINT('Origin',(50.,8.88178419700125E-15,10.));
#9031=CARTESIAN_POINT('',(50.,14.5,10.));
#9032=CARTESIAN_POINT('',(50.,8.88178419700125E-15,10.));
#9033=CARTESIAN_POINT('Origin',(28.0135916054608,0.77320495894281,10.));
#9034=CARTESIAN_POINT('',(28.7867965644036,-21.2132034355964,10.));
#9035=CARTESIAN_POINT('Origin',(-28.7867965644036,-21.2132034355964,10.));
#9036=CARTESIAN_POINT('',(-28.7867965644036,-21.2132034355964,10.));
#9037=CARTESIAN_POINT('Origin',(-28.0135916054607,0.773204958942828,10.));
#9038=CARTESIAN_POINT('',(-50.,-4.44089209850063E-15,10.));
#9039=CARTESIAN_POINT('Origin',(-50.,14.4999999999998,10.));
#9040=CARTESIAN_POINT('',(-50.,14.4999999999998,10.));
#9041=CARTESIAN_POINT('Origin',(-20.0469099026319,12.8229807338766,10.));
#9042=CARTESIAN_POINT('',(-22.0355,42.757,10.));
#9043=CARTESIAN_POINT('Origin',(22.0355,42.757,10.));
#9044=CARTESIAN_POINT('',(22.0355,42.757,10.));
#9045=CARTESIAN_POINT('Origin',(20.0469099026319,12.8229807338766,10.));
#9046=CARTESIAN_POINT('',(0.,-19.2132034355964,0.));
#9047=CARTESIAN_POINT('',(0.,-19.2132034355964,0.));
#9048=CARTESIAN_POINT('polyline point',(-28.7867965644036,-19.2132034355964,
60.));
#9049=CARTESIAN_POINT('polyline point',(-48.,-19.2132034355964,60.));
#9050=CARTESIAN_POINT('polyline point',(-35.6288043360466,-19.2132034355964,
60.));
#9051=CARTESIAN_POINT('polyline point',(-2.28976891619838,-19.2132034355964,
60.));
#9052=CARTESIAN_POINT('polyline point',(-2.28976891619838,-19.2132034355964,
60.));
#9053=CARTESIAN_POINT('polyline point',(-2.28976891619838,-19.2132034355964,
-27.8435883764715));
#9054=CARTESIAN_POINT('polyline point',(-2.28976891619838,-19.2132034355964,
-27.8435883764715));
#9055=CARTESIAN_POINT('polyline point',(-35.6288043360466,-19.2132034355964,
-27.8435883764715));
#9056=CARTESIAN_POINT('polyline point',(-35.6288043360466,-19.2132034355964,
-27.8435883764715));
#9057=CARTESIAN_POINT('polyline point',(-35.6288043360466,-19.2132034355964,
60.));
#9058=CARTESIAN_POINT('',(0.,-19.2132034355964,0.));
#9059=CARTESIAN_POINT('',(0.,0.,53.));
#9060=CARTESIAN_POINT('',(0.,0.,0.));
#9061=CARTESIAN_POINT('',(-1.5,0.,0.));
#9062=CARTESIAN_POINT('',(0.,0.,0.));
#9063=CARTESIAN_POINT('',(0.,0.,28.7226426765057));
#9064=CARTESIAN_POINT('polyline point',(24.9844153562887,10.,28.7226426765057));
#9065=CARTESIAN_POINT('polyline point',(14.9844153562887,10.,28.7226426765057));
#9066=CARTESIAN_POINT('polyline point',(14.9844153562887,0.,28.7226426765057));
#9067=CARTESIAN_POINT('polyline point',(24.9844153562887,0.,28.7226426765057));
#9068=CARTESIAN_POINT('polyline point',(24.9844153562887,0.,28.7226426765057));
#9069=CARTESIAN_POINT('polyline point',(24.9844153562887,10.,28.7226426765057));
#9070=CARTESIAN_POINT('polyline point',(24.9844153562887,10.,28.7226426765057));
#9071=CARTESIAN_POINT('polyline point',(14.9844153562887,10.,28.7226426765057));
#9072=CARTESIAN_POINT('polyline point',(14.9844153562887,10.,28.7226426765057));
#9073=CARTESIAN_POINT('polyline point',(14.9844153562887,0.,28.7226426765057));
#9074=CARTESIAN_POINT('polyline point',(14.9844153562887,0.,28.7226426765057));
#9075=CARTESIAN_POINT('polyline point',(24.9844153562887,0.,28.7226426765057));
#9076=CARTESIAN_POINT('polyline point',(24.9844153562887,0.,28.7226426765057));
#9077=CARTESIAN_POINT('polyline point',(24.9844153562887,-20.2836090059413,
28.7226426765057));
#9078=CARTESIAN_POINT('polyline point',(24.9844153562887,-20.2836090059413,
28.7226426765057));
#9079=CARTESIAN_POINT('polyline point',(14.9844153562887,-20.2836090059413,
28.7226426765057));
#9080=CARTESIAN_POINT('polyline point',(14.9844153562887,-20.2836090059413,
28.7226426765057));
#9081=CARTESIAN_POINT('polyline point',(14.9844153562887,0.,28.7226426765057));
#9082=CARTESIAN_POINT('',(0.,0.,28.7226426765057));
#9083=CARTESIAN_POINT('',(24.9844153562887,0.,28.7226426765057));
#9084=CARTESIAN_POINT('',(14.9844153562887,10.,28.7226426765057));
#9085=CARTESIAN_POINT('Origin',(-28.0135916054607,0.773204958942828,60.));
#9086=CARTESIAN_POINT('',(-50.,9.76996261670138E-15,60.));
#9087=CARTESIAN_POINT('',(-28.7867965644036,-21.2132034355964,60.));
#9088=CARTESIAN_POINT('polyline point',(-28.7867965644036,-21.2132034355964,
60.));
#9089=CARTESIAN_POINT('polyline point',(0.000203435596430879,-21.2132034355964,
60.));
#9090=CARTESIAN_POINT('',(0.,4.44089209850063E-15,60.));
#9091=CARTESIAN_POINT('',(0.,-19.2132034355964,0.));
#9092=UNCERTAINTY_MEASURE_WITH_UNIT(LENGTH_MEASURE(0.01),#9096,
'DISTANCE_ACCURACY_VALUE',
'Maximum model space distance between geometric entities at asserted c
onnectivities');
#9093=UNCERTAINTY_MEASURE_WITH_UNIT(LENGTH_MEASURE(0.01),#9096,
'DISTANCE_ACCURACY_VALUE',
'Maximum model space distance between geometric entities at asserted c
onnectivities');
#9094=(
GEOMETRIC_REPRESENTATION_CONTEXT(3)
GLOBAL_UNCERTAINTY_ASSIGNED_CONTEXT((#9092))
GLOBAL_UNIT_ASSIGNED_CONTEXT((#9096,#9098,#9099))
REPRESENTATION_CONTEXT('','3D')
);
#9095=(
GEOMETRIC_REPRESENTATION_CONTEXT(3)
GLOBAL_UNCERTAINTY_ASSIGNED_CONTEXT((#9093))
GLOBAL_UNIT_ASSIGNED_CONTEXT((#9096,#9098,#9099))
REPRESENTATION_CONTEXT('','3D')
);
#9096=(
LENGTH_UNIT()
NAMED_UNIT(*)
SI_UNIT(.MILLI.,.METRE.)
);
#9097=(
LENGTH_UNIT()
NAMED_UNIT(*)
SI_UNIT(.CENTI.,.METRE.)
);
#9098=(
NAMED_UNIT(*)
PLANE_ANGLE_UNIT()
SI_UNIT($,.RADIAN.)
);
#9099=(
NAMED_UNIT(*)
SI_UNIT($,.STERADIAN.)
SOLID_ANGLE_UNIT()
);
#9100=SHAPE_DEFINITION_REPRESENTATION(#9101,#9102);
#9101=PRODUCT_DEFINITION_SHAPE('',$,#9104);
#9102=SHAPE_REPRESENTATION('',(#4543),#9094);
#9103=PRODUCT_DEFINITION_CONTEXT('part definition',#9108,'design');
#9104=PRODUCT_DEFINITION('nossle with beam','nossle with beam',#9105,#9103);
#9105=PRODUCT_DEFINITION_FORMATION('',$,#9110);
#9106=PRODUCT_RELATED_PRODUCT_CATEGORY('nossle with beam',
'nossle with beam',(#9110));
#9107=APPLICATION_PROTOCOL_DEFINITION('international standard',
'automotive_design',2009,#9108);
#9108=APPLICATION_CONTEXT(
'Core Data for Automotive Mechanical Design Process');
#9109=PRODUCT_CONTEXT('part definition',#9108,'mechanical');
#9110=PRODUCT('nossle with beam','nossle with beam',$,(#9109));
#9111=PRESENTATION_STYLE_ASSIGNMENT((#9115));
#9112=PRESENTATION_STYLE_ASSIGNMENT((#9116));
#9113=PRESENTATION_STYLE_ASSIGNMENT((#9117));
#9114=PRESENTATION_STYLE_ASSIGNMENT((#9118));
#9115=SURFACE_STYLE_USAGE(.BOTH.,#9121);
#9116=SURFACE_STYLE_USAGE(.BOTH.,#9122);
#9117=SURFACE_STYLE_USAGE(.BOTH.,#9123);
#9118=SURFACE_STYLE_USAGE(.BOTH.,#9124);
#9119=SURFACE_STYLE_RENDERING_WITH_PROPERTIES($,#9137,(#9120));
#9120=SURFACE_STYLE_TRANSPARENT(0.);
#9121=SURFACE_SIDE_STYLE('',(#9125,#9119));
#9122=SURFACE_SIDE_STYLE('',(#9126));
#9123=SURFACE_SIDE_STYLE('',(#9127));
#9124=SURFACE_SIDE_STYLE('',(#9128));
#9125=SURFACE_STYLE_FILL_AREA(#9129);
#9126=SURFACE_STYLE_FILL_AREA(#9130);
#9127=SURFACE_STYLE_FILL_AREA(#9131);
#9128=SURFACE_STYLE_FILL_AREA(#9132);
#9129=FILL_AREA_STYLE('',(#9133));
#9130=FILL_AREA_STYLE('',(#9134));
#9131=FILL_AREA_STYLE('',(#9135));
#9132=FILL_AREA_STYLE('',(#9136));
#9133=FILL_AREA_STYLE_COLOUR('',#9137);
#9134=FILL_AREA_STYLE_COLOUR('',#9138);
#9135=FILL_AREA_STYLE_COLOUR('',#9139);
#9136=FILL_AREA_STYLE_COLOUR('',#9140);
#9137=COLOUR_RGB('',0.749019607843137,0.749019607843137,0.749019607843137);
#9138=COLOUR_RGB('',0.913725490196078,0.913725490196078,0.);
#9139=COLOUR_RGB('',1.,1.,1.);
#9140=COLOUR_RGB('',1.,0.,1.);
ENDSEC;
END-ISO-10303-21;
