ISO-10303-21;
HEADER;
/* Generated by software containing ST-Developer
 * from STEP Tools, Inc. (www.steptools.com) 
 */

FILE_DESCRIPTION(
/* description */ (''),
/* implementation_level */ '2;1');

FILE_NAME(
/* name */ 'refinded nose cone with holes.stp',
/* time_stamp */ '2026-05-22T23:02:58+12:00',
/* author */ ('Jake'),
/* organization */ (''),
/* preprocessor_version */ 'ST-DEVELOPER v20.1',
/* originating_system */ 'Autodesk Inventor 2026',
/* authorisation */ '');

FILE_SCHEMA (('AUTOMOTIVE_DESIGN { 1 0 10303 214 3 1 1 }'));
ENDSEC;

DATA;
#10=MECHANICAL_DESIGN_GEOMETRIC_PRESENTATION_REPRESENTATION('',(#71,#72,
#73,#74,#75,#76,#77,#78,#79,#80,#81,#82,#83,#84,#85,#86,#87,#88,#89,#90,
#91,#92,#93,#94,#95,#96,#97,#98,#99,#100,#101,#102,#103,#104,#105,#106,
#107,#108,#109,#110,#111),#10403);
#11=GEOMETRICALLY_BOUNDED_WIREFRAME_SHAPE_REPRESENTATION('',(#12,#13,#14,
#15,#16,#17,#18,#19,#20,#21,#22,#23,#24,#25,#26,#27,#28,#29,#30),#10402);
#12=GEOMETRIC_CURVE_SET('Sketch41',(#10295));
#13=GEOMETRIC_CURVE_SET('Sketch42',(#10296));
#14=GEOMETRIC_CURVE_SET('Sketch43',(#35,#36,#37,#38,#39,#10307));
#15=GEOMETRIC_CURVE_SET('Sketch63',(#10308));
#16=GEOMETRIC_CURVE_SET('Sketch67',(#10309));
#17=GEOMETRIC_CURVE_SET('Sketch68',(#10310));
#18=GEOMETRIC_CURVE_SET('Sketch69',(#10311));
#19=GEOMETRIC_CURVE_SET('Sketch77',(#10312));
#20=GEOMETRIC_CURVE_SET('Sketch78',(#40,#41,#42,#43,#44,#45,#46,#47,#48,
#10331,#10332,#10333));
#21=GEOMETRIC_CURVE_SET('Sketch88',(#34,#49,#10339));
#22=GEOMETRIC_CURVE_SET('Sketch108',(#10340));
#23=GEOMETRIC_CURVE_SET('Sketch113',(#1216,#50,#51,#52,#10348));
#24=GEOMETRIC_CURVE_SET('Sketch114',(#53,#54,#55,#56,#1217,#57,#10360));
#25=GEOMETRIC_CURVE_SET('Sketch115',(#1218,#58,#59,#60,#10368));
#26=GEOMETRIC_CURVE_SET('Sketch116',(#1219,#61,#62,#63,#64,#10378));
#27=GEOMETRIC_CURVE_SET('Sketch121',(#10379));
#28=GEOMETRIC_CURVE_SET('Sketch122',(#10380));
#29=GEOMETRIC_CURVE_SET('Sketch124',(#65,#66,#1220,#67,#1221,#68,#69,#1222,
#70,#10396));
#30=GEOMETRIC_CURVE_SET('Sketch125',(#1223,#1224,#10399));
#31=SHAPE_REPRESENTATION_RELATIONSHIP('SRR','None',#10410,#33);
#32=SHAPE_REPRESENTATION_RELATIONSHIP('SRR','None',#10410,#11);
#33=ADVANCED_BREP_SHAPE_REPRESENTATION('',(#5033),#10402);
#34=TRIMMED_CURVE('',#1215,(#10335,PARAMETER_VALUE(3.17674557300072)),(#10336,
PARAMETER_VALUE(4.67723606097376)),.T.,.PARAMETER.);
#35=POLYLINE('',(#10297,#10298));
#36=POLYLINE('',(#10299,#10300));
#37=POLYLINE('',(#10301,#10302));
#38=POLYLINE('',(#10303,#10304));
#39=POLYLINE('',(#10305,#10306));
#40=POLYLINE('',(#10313,#10314));
#41=POLYLINE('',(#10315,#10316));
#42=POLYLINE('',(#10317,#10318));
#43=POLYLINE('',(#10319,#10320));
#44=POLYLINE('',(#10321,#10322));
#45=POLYLINE('',(#10323,#10324));
#46=POLYLINE('',(#10325,#10326));
#47=POLYLINE('',(#10327,#10328));
#48=POLYLINE('',(#10329,#10330));
#49=POLYLINE('',(#10337,#10338));
#50=POLYLINE('',(#10342,#10343));
#51=POLYLINE('',(#10344,#10345));
#52=POLYLINE('',(#10346,#10347));
#53=POLYLINE('',(#10349,#10350));
#54=POLYLINE('',(#10351,#10352));
#55=POLYLINE('',(#10353,#10354));
#56=POLYLINE('',(#10355,#10356));
#57=POLYLINE('',(#10358,#10359));
#58=POLYLINE('',(#10362,#10363));
#59=POLYLINE('',(#10364,#10365));
#60=POLYLINE('',(#10366,#10367));
#61=POLYLINE('',(#10370,#10371));
#62=POLYLINE('',(#10372,#10373));
#63=POLYLINE('',(#10374,#10375));
#64=POLYLINE('',(#10376,#10377));
#65=POLYLINE('',(#10381,#10382));
#66=POLYLINE('',(#10383,#10384));
#67=POLYLINE('',(#10386,#10387));
#68=POLYLINE('',(#10389,#10390));
#69=POLYLINE('',(#10391,#10392));
#70=POLYLINE('',(#10394,#10395));
#71=STYLED_ITEM('',(#10419),#5033);
#72=STYLED_ITEM('',(#10420),#35);
#73=STYLED_ITEM('',(#10421),#36);
#74=STYLED_ITEM('',(#10422),#40);
#75=STYLED_ITEM('',(#10421),#41);
#76=STYLED_ITEM('',(#10421),#42);
#77=STYLED_ITEM('',(#10421),#43);
#78=STYLED_ITEM('',(#10421),#44);
#79=STYLED_ITEM('',(#10421),#45);
#80=STYLED_ITEM('',(#10421),#48);
#81=STYLED_ITEM('',(#10420),#34);
#82=STYLED_ITEM('',(#10421),#49);
#83=STYLED_ITEM('',(#10420),#1216);
#84=STYLED_ITEM('',(#10421),#50);
#85=STYLED_ITEM('',(#10420),#51);
#86=STYLED_ITEM('',(#10421),#52);
#87=STYLED_ITEM('',(#10420),#53);
#88=STYLED_ITEM('',(#10421),#54);
#89=STYLED_ITEM('',(#10421),#55);
#90=STYLED_ITEM('',(#10421),#56);
#91=STYLED_ITEM('',(#10420),#1217);
#92=STYLED_ITEM('',(#10421),#57);
#93=STYLED_ITEM('',(#10420),#1218);
#94=STYLED_ITEM('',(#10421),#58);
#95=STYLED_ITEM('',(#10420),#59);
#96=STYLED_ITEM('',(#10421),#60);
#97=STYLED_ITEM('',(#10420),#1219);
#98=STYLED_ITEM('',(#10421),#61);
#99=STYLED_ITEM('',(#10420),#62);
#100=STYLED_ITEM('',(#10421),#63);
#101=STYLED_ITEM('',(#10421),#64);
#102=STYLED_ITEM('',(#10420),#65);
#103=STYLED_ITEM('',(#10421),#66);
#104=STYLED_ITEM('',(#10422),#1220);
#105=STYLED_ITEM('',(#10421),#67);
#106=STYLED_ITEM('',(#10422),#1221);
#107=STYLED_ITEM('',(#10421),#68);
#108=STYLED_ITEM('',(#10421),#69);
#109=STYLED_ITEM('',(#10420),#1222);
#110=STYLED_ITEM('',(#10421),#70);
#111=STYLED_ITEM('',(#10422),#1223);
#112=ORIENTED_CLOSED_SHELL('',*,#5032,.F.);
#113=TOROIDAL_SURFACE('',#5215,15.5,0.5);
#114=TOROIDAL_SURFACE('',#5220,7.5,0.5);
#115=TOROIDAL_SURFACE('',#5224,7.50000000000001,0.5);
#116=TOROIDAL_SURFACE('',#5227,15.5,0.5);
#117=TOROIDAL_SURFACE('',#5243,19.,0.5);
#118=TOROIDAL_SURFACE('',#5247,19.,0.5);
#119=TOROIDAL_SURFACE('',#5251,11.,0.5);
#120=TOROIDAL_SURFACE('',#5254,11.,0.5);
#121=TOROIDAL_SURFACE('',#5268,10.,0.5);
#122=TOROIDAL_SURFACE('',#5271,18.,0.5);
#123=TOROIDAL_SURFACE('',#5275,18.,0.5);
#124=TOROIDAL_SURFACE('',#5279,10.,0.5);
#125=TOROIDAL_SURFACE('',#5287,16.5,0.5);
#126=TOROIDAL_SURFACE('',#5290,8.50000000000001,0.5);
#127=TOROIDAL_SURFACE('',#5292,8.5,0.5);
#128=TOROIDAL_SURFACE('',#5294,16.5,0.5);
#129=TOROIDAL_SURFACE('',#5314,15.1,6.9);
#130=TOROIDAL_SURFACE('',#5318,15.1,6.9);
#131=TOROIDAL_SURFACE('',#5320,7.1,6.9);
#132=TOROIDAL_SURFACE('',#5431,20.,2.);
#133=TOROIDAL_SURFACE('',#5434,20.,2.);
#134=TOROIDAL_SURFACE('',#5437,28.,2.);
#135=TOROIDAL_SURFACE('',#5440,28.,2.);
#136=B_SPLINE_SURFACE_WITH_KNOTS('',3,3,((#7376,#7377,#7378,#7379,#7380,
#7381),(#7382,#7383,#7384,#7385,#7386,#7387),(#7388,#7389,#7390,#7391,#7392,
#7393),(#7394,#7395,#7396,#7397,#7398,#7399),(#7400,#7401,#7402,#7403,#7404,
#7405),(#7406,#7407,#7408,#7409,#7410,#7411),(#7412,#7413,#7414,#7415,#7416,
#7417),(#7418,#7419,#7420,#7421,#7422,#7423)),.UNSPECIFIED.,.F.,.F.,.F.,
(4,1,2,1,4),(4,1,1,4),(0.000506465405292478,0.200303879243175,0.5,0.7,1.),
(0.00854929577548562,0.147986315491986,0.426860354924988,0.98460843379099),
 .UNSPECIFIED.);
#137=B_SPLINE_SURFACE_WITH_KNOTS('',3,3,((#7509,#7510,#7511,#7512),(#7513,
#7514,#7515,#7516),(#7517,#7518,#7519,#7520),(#7521,#7522,#7523,#7524)),
 .UNSPECIFIED.,.F.,.F.,.F.,(4,4),(4,4),(0.224521965487955,0.226721316771597),
(0.425644417858697,0.483743194053388),.UNSPECIFIED.);
#138=B_SPLINE_SURFACE_WITH_KNOTS('',3,3,((#7529,#7530,#7531,#7532),(#7533,
#7534,#7535,#7536),(#7537,#7538,#7539,#7540),(#7541,#7542,#7543,#7544)),
 .UNSPECIFIED.,.F.,.F.,.F.,(4,4),(4,4),(0.210112069292091,0.224473916958631),
(0.00855246925873393,0.387858597580809),.UNSPECIFIED.);
#139=B_SPLINE_SURFACE_WITH_KNOTS('',3,3,((#7564,#7565,#7566,#7567,#7568,
#7569,#7570,#7571),(#7572,#7573,#7574,#7575,#7576,#7577,#7578,#7579),(#7580,
#7581,#7582,#7583,#7584,#7585,#7586,#7587),(#7588,#7589,#7590,#7591,#7592,
#7593,#7594,#7595),(#7596,#7597,#7598,#7599,#7600,#7601,#7602,#7603),(#7604,
#7605,#7606,#7607,#7608,#7609,#7610,#7611),(#7612,#7613,#7614,#7615,#7616,
#7617,#7618,#7619),(#7620,#7621,#7622,#7623,#7624,#7625,#7626,#7627),(#7628,
#7629,#7630,#7631,#7632,#7633,#7634,#7635),(#7636,#7637,#7638,#7639,#7640,
#7641,#7642,#7643)),.UNSPECIFIED.,.F.,.F.,.F.,(4,1,1,2,1,1,4),(4,1,1,1,
1,4),(0.000518705684453299,0.100414964547563,0.300207482273781,0.5,0.69979251772683,
0.89958503545366,0.999481294317075),(0.00857372833558117,0.0783010305092694,
0.148028332682958,0.287482937030334,0.426937541377711,0.984755958767216),
 .UNSPECIFIED.);
#140=B_SPLINE_SURFACE_WITH_KNOTS('',3,3,((#9337,#9338,#9339,#9340),(#9341,
#9342,#9343,#9344),(#9345,#9346,#9347,#9348),(#9349,#9350,#9351,#9352)),
 .UNSPECIFIED.,.F.,.F.,.F.,(4,4),(4,4),(0.773278683228403,0.789887930707909),
(0.00855246925873404,0.483743194053379),.UNSPECIFIED.);
#141=B_SPLINE_SURFACE_WITH_KNOTS('',3,3,((#9574,#9575,#9576,#9577,#9578,
#9579),(#9580,#9581,#9582,#9583,#9584,#9585),(#9586,#9587,#9588,#9589,#9590,
#9591),(#9592,#9593,#9594,#9595,#9596,#9597),(#9598,#9599,#9600,#9601,#9602,
#9603),(#9604,#9605,#9606,#9607,#9608,#9609),(#9610,#9611,#9612,#9613,#9614,
#9615),(#9616,#9617,#9618,#9619,#9620,#9621)),.UNSPECIFIED.,.F.,.F.,.F.,
(4,1,2,1,4),(4,1,1,4),(0.000150521419145973,0.200090312851488,0.5,0.799909316288013,
0.999848860480022),(0.0085857131825425,0.148175477557972,0.427355006308832,
0.985714063810552),.UNSPECIFIED.);
#142=B_SPLINE_SURFACE_WITH_KNOTS('',3,3,((#9646,#9647,#9648,#9649,#9650,
#9651),(#9652,#9653,#9654,#9655,#9656,#9657),(#9658,#9659,#9660,#9661,#9662,
#9663),(#9664,#9665,#9666,#9667,#9668,#9669),(#9670,#9671,#9672,#9673,#9674,
#9675),(#9676,#9677,#9678,#9679,#9680,#9681),(#9682,#9683,#9684,#9685,#9686,
#9687),(#9688,#9689,#9690,#9691,#9692,#9693)),.UNSPECIFIED.,.F.,.F.,.F.,
(4,1,2,1,4),(4,1,1,4),(9.32467678657004E-5,0.300037298707146,0.5,0.699939745709468,
0.999849364273671),(0.00855529431465896,0.148132950893156,0.427288264050151,
0.98559889036414),.UNSPECIFIED.);
#143=B_SPLINE_SURFACE_WITH_KNOTS('',3,3,((#9706,#9707,#9708,#9709,#9710,
#9711),(#9712,#9713,#9714,#9715,#9716,#9717),(#9718,#9719,#9720,#9721,#9722,
#9723),(#9724,#9725,#9726,#9727,#9728,#9729),(#9730,#9731,#9732,#9733,#9734,
#9735),(#9736,#9737,#9738,#9739,#9740,#9741)),.UNSPECIFIED.,.F.,.F.,.F.,
(4,2,4),(4,1,1,4),(0.,0.5,0.999907429012236),(0.00855246692250198,0.286971279355183,
0.426180685571523,0.983018310436884),.UNSPECIFIED.);
#144=B_SPLINE_SURFACE_WITH_KNOTS('',3,3,((#9742,#9743,#9744,#9745,#9746,
#9747),(#9748,#9749,#9750,#9751,#9752,#9753),(#9754,#9755,#9756,#9757,#9758,
#9759),(#9760,#9761,#9762,#9763,#9764,#9765),(#9766,#9767,#9768,#9769,#9770,
#9771),(#9772,#9773,#9774,#9775,#9776,#9777),(#9778,#9779,#9780,#9781,#9782,
#9783),(#9784,#9785,#9786,#9787,#9788,#9789)),.UNSPECIFIED.,.F.,.F.,.F.,
(4,1,2,1,4),(4,1,1,4),(0.,0.2,0.5,0.799696120757886,0.999493534596477),
(0.00854923655550079,0.147986264731999,0.426860321084996,0.98460843379099),
 .UNSPECIFIED.);
#145=B_SPLINE_SURFACE_WITH_KNOTS('',3,3,((#9794,#9795,#9796,#9797,#9798,
#9799),(#9800,#9801,#9802,#9803,#9804,#9805),(#9806,#9807,#9808,#9809,#9810,
#9811),(#9812,#9813,#9814,#9815,#9816,#9817),(#9818,#9819,#9820,#9821,#9822,
#9823),(#9824,#9825,#9826,#9827,#9828,#9829)),.UNSPECIFIED.,.F.,.F.,.F.,
(4,2,4),(4,1,1,4),(8.55625334501522E-5,0.5,1.),(0.00855246692250184,0.286971179274158,
0.565389891625814,0.983017960153297),.UNSPECIFIED.);
#146=B_SPLINE_SURFACE_WITH_KNOTS('',3,3,((#9842,#9843,#9844,#9845,#9846,
#9847,#9848),(#9849,#9850,#9851,#9852,#9853,#9854,#9855),(#9856,#9857,#9858,
#9859,#9860,#9861,#9862),(#9863,#9864,#9865,#9866,#9867,#9868,#9869),(#9870,
#9871,#9872,#9873,#9874,#9875,#9876),(#9877,#9878,#9879,#9880,#9881,#9882,
#9883),(#9884,#9885,#9886,#9887,#9888,#9889,#9890),(#9891,#9892,#9893,#9894,
#9895,#9896,#9897)),.UNSPECIFIED.,.F.,.F.,.F.,(4,1,2,1,4),(4,1,1,1,4),(0.000151249777771677,
0.200090749866663,0.5,0.699965521336564,0.999913803341411),(0.00855529464029086,
0.148130582011928,0.287705869383565,0.427281156755202,0.985582306241751),
 .UNSPECIFIED.);
#147=B_SPLINE_SURFACE_WITH_KNOTS('',3,3,((#9906,#9907,#9908,#9909),(#9910,
#9911,#9912,#9913),(#9914,#9915,#9916,#9917),(#9918,#9919,#9920,#9921),
(#9922,#9923,#9924,#9925),(#9926,#9927,#9928,#9929),(#9930,#9931,#9932,
#9933),(#9934,#9935,#9936,#9937)),.UNSPECIFIED.,.F.,.F.,.F.,(4,1,2,1,4),
(4,4),(0.,0.2,0.5,0.7,1.),(0.,1.),.UNSPECIFIED.);
#148=B_SPLINE_SURFACE_WITH_KNOTS('',3,3,((#9951,#9952,#9953,#9954),(#9955,
#9956,#9957,#9958),(#9959,#9960,#9961,#9962),(#9963,#9964,#9965,#9966),
(#9967,#9968,#9969,#9970),(#9971,#9972,#9973,#9974)),.UNSPECIFIED.,.F.,
 .F.,.F.,(4,2,4),(4,4),(0.,0.5,1.),(0.,1.),.UNSPECIFIED.);
#149=B_SPLINE_SURFACE_WITH_KNOTS('',3,3,((#9986,#9987,#9988,#9989),(#9990,
#9991,#9992,#9993),(#9994,#9995,#9996,#9997),(#9998,#9999,#10000,#10001),
(#10002,#10003,#10004,#10005),(#10006,#10007,#10008,#10009),(#10010,#10011,
#10012,#10013),(#10014,#10015,#10016,#10017)),.UNSPECIFIED.,.F.,.F.,.F.,
(4,1,2,1,4),(4,4),(0.,0.2,0.5,0.7,1.),(0.,1.),.UNSPECIFIED.);
#150=B_SPLINE_SURFACE_WITH_KNOTS('',3,3,((#10024,#10025,#10026,#10027),
(#10028,#10029,#10030,#10031),(#10032,#10033,#10034,#10035),(#10036,#10037,
#10038,#10039),(#10040,#10041,#10042,#10043),(#10044,#10045,#10046,#10047),
(#10048,#10049,#10050,#10051),(#10052,#10053,#10054,#10055),(#10056,#10057,
#10058,#10059),(#10060,#10061,#10062,#10063),(#10064,#10065,#10066,#10067)),
 .UNSPECIFIED.,.F.,.F.,.F.,(4,1,1,2,1,1,1,4),(4,4),(0.,0.2,0.3,0.5,0.55,
0.7,0.85,1.),(0.,1.),.UNSPECIFIED.);
#151=B_SPLINE_SURFACE_WITH_KNOTS('',3,3,((#10074,#10075,#10076,#10077),
(#10078,#10079,#10080,#10081),(#10082,#10083,#10084,#10085),(#10086,#10087,
#10088,#10089),(#10090,#10091,#10092,#10093),(#10094,#10095,#10096,#10097),
(#10098,#10099,#10100,#10101),(#10102,#10103,#10104,#10105)),
 .UNSPECIFIED.,.F.,.F.,.F.,(4,1,2,1,4),(4,4),(0.,0.2,0.5,0.7,1.),(0.,1.),
 .UNSPECIFIED.);
#152=B_SPLINE_SURFACE_WITH_KNOTS('',3,3,((#10117,#10118,#10119,#10120),
(#10121,#10122,#10123,#10124),(#10125,#10126,#10127,#10128),(#10129,#10130,
#10131,#10132),(#10133,#10134,#10135,#10136),(#10137,#10138,#10139,#10140)),
 .UNSPECIFIED.,.F.,.F.,.F.,(4,2,4),(4,4),(0.,0.5,1.),(0.,1.),
 .UNSPECIFIED.);
#153=B_SPLINE_SURFACE_WITH_KNOTS('',3,3,((#10147,#10148,#10149,#10150),
(#10151,#10152,#10153,#10154),(#10155,#10156,#10157,#10158),(#10159,#10160,
#10161,#10162),(#10163,#10164,#10165,#10166),(#10167,#10168,#10169,#10170),
(#10171,#10172,#10173,#10174),(#10175,#10176,#10177,#10178)),
 .UNSPECIFIED.,.F.,.F.,.F.,(4,1,2,1,4),(4,4),(0.,0.2,0.5,0.7,1.),(0.,1.),
 .UNSPECIFIED.);
#154=B_SPLINE_SURFACE_WITH_KNOTS('',3,3,((#10187,#10188,#10189,#10190),
(#10191,#10192,#10193,#10194),(#10195,#10196,#10197,#10198),(#10199,#10200,
#10201,#10202),(#10203,#10204,#10205,#10206),(#10207,#10208,#10209,#10210),
(#10211,#10212,#10213,#10214),(#10215,#10216,#10217,#10218)),
 .UNSPECIFIED.,.F.,.F.,.F.,(4,1,2,1,4),(4,4),(0.,0.2,0.5,0.8,1.),(0.,1.),
 .UNSPECIFIED.);
#155=B_SPLINE_SURFACE_WITH_KNOTS('',3,3,((#10262,#10263,#10264,#10265),
(#10266,#10267,#10268,#10269),(#10270,#10271,#10272,#10273),(#10274,#10275,
#10276,#10277),(#10278,#10279,#10280,#10281),(#10282,#10283,#10284,#10285)),
 .UNSPECIFIED.,.F.,.F.,.F.,(4,2,4),(4,4),(0.466304336167129,0.5,0.53369566383287),
(0.421750483741989,0.425455077585691),.UNSPECIFIED.);
#156=ELLIPSE('',#5085,9.75807358037435,6.9);
#157=ELLIPSE('',#5086,9.75807358037435,6.9);
#158=B_SPLINE_CURVE_WITH_KNOTS('',3,(#6764,#6765,#6766,#6767,#6768,#6769,
#6770,#6771,#6772,#6773,#6774,#6775,#6776,#6777,#6778,#6779,#6780,#6781,
#6782,#6783,#6784,#6785,#6786,#6787,#6788,#6789,#6790,#6791,#6792,#6793),
 .UNSPECIFIED.,.F.,.F.,(4,2,2,2,2,2,2,2,2,2,2,2,2,2,4),(-0.840717006027521,
-0.829648000587837,-0.817875947184657,-0.791289296180734,-0.721996075923387,
-0.632352996099175,-0.594189667904494,-0.569266718254092,-0.546186323774601,
-0.51669655891488,-0.482030460915971,-0.452196120420745,-0.424797387922614,
-0.395925221897714,-0.362437030250096),.UNSPECIFIED.);
#159=B_SPLINE_CURVE_WITH_KNOTS('',3,(#6794,#6795,#6796,#6797,#6798,#6799,
#6800,#6801,#6802,#6803,#6804,#6805,#6806,#6807,#6808,#6809,#6810,#6811,
#6812,#6813,#6814,#6815),.UNSPECIFIED.,.F.,.F.,(4,2,2,2,2,2,2,2,2,2,4),
(-0.362437030250096,-0.361518375061316,-0.325969285942137,-0.298853866062399,
-0.27026689518068,-0.227794409059385,-0.140889243823361,-0.065062945269208,
-0.0312839460495277,-0.0135492650982987,0.),.UNSPECIFIED.);
#160=B_SPLINE_CURVE_WITH_KNOTS('',3,(#6822,#6823,#6824,#6825,#6826,#6827,
#6828,#6829,#6830,#6831,#6832,#6833,#6834,#6835,#6836,#6837,#6838,#6839,
#6840,#6841,#6842,#6843,#6844,#6845,#6846,#6847,#6848,#6849,#6850,#6851),
 .UNSPECIFIED.,.F.,.F.,(4,2,2,2,2,2,2,2,2,2,2,2,2,2,4),(0.,0.0474573428482476,
0.0949146856964952,0.166669551265178,0.238424416833861,0.342236172466638,
0.446047928099415,0.525549127057226,0.543212817791206,0.560876508525186,
0.578540199259166,0.596203889993146,0.675705088950957,0.779516844583734,
0.883328600216511),.UNSPECIFIED.);
#161=B_SPLINE_CURVE_WITH_KNOTS('',3,(#6852,#6853,#6854,#6855,#6856,#6857,
#6858,#6859,#6860,#6861),.UNSPECIFIED.,.F.,.F.,(4,2,2,2,4),(0.883328600216511,
0.955083465785194,1.02683833135388,1.07429567420212,1.12175301705037),
 .UNSPECIFIED.);
#162=B_SPLINE_CURVE_WITH_KNOTS('',3,(#6868,#6869,#6870,#6871,#6872,#6873,
#6874,#6875,#6876,#6877),.UNSPECIFIED.,.F.,.F.,(4,2,2,2,4),(0.,0.047457342849482,
0.0949146856989639,0.166669551245939,0.238424416792914),.UNSPECIFIED.);
#163=B_SPLINE_CURVE_WITH_KNOTS('',3,(#6878,#6879,#6880,#6881,#6882,#6883,
#6884,#6885,#6886,#6887,#6888,#6889,#6890,#6891,#6892,#6893,#6894,#6895,
#6896,#6897,#6898,#6899,#6900,#6901,#6902,#6903,#6904,#6905,#6906,#6907),
 .UNSPECIFIED.,.F.,.F.,(4,2,2,2,2,2,2,2,2,2,2,2,2,2,4),(0.238424416792914,
0.34223617233761,0.446047927882306,0.525549126734482,0.543212817473769,
0.560876508213057,0.578540198952344,0.596203889691631,0.675705088543807,
0.779516844088503,0.883328599633199,0.955083465180174,1.02683833072715,
1.07429567357663,1.12175301642611),.UNSPECIFIED.);
#164=B_SPLINE_CURVE_WITH_KNOTS('',3,(#6914,#6915,#6916,#6917,#6918,#6919,
#6920,#6921,#6922,#6923,#6924,#6925),.UNSPECIFIED.,.F.,.F.,(4,2,2,2,2,4),
(-0.836735963828043,-0.825660550818746,-0.813937386249382,-0.787469293294383,
-0.722988699921092,-0.699850147496561),.UNSPECIFIED.);
#165=B_SPLINE_CURVE_WITH_KNOTS('',3,(#6926,#6927,#6928,#6929,#6930,#6931,
#6932,#6933,#6934,#6935,#6936,#6937,#6938,#6939,#6940,#6941,#6942,#6943,
#6944,#6945,#6946,#6947,#6948,#6949,#6950,#6951,#6952,#6953,#6954,#6955,
#6956,#6957,#6958,#6959,#6960,#6961,#6962,#6963,#6964,#6965),
 .UNSPECIFIED.,.F.,.F.,(4,2,2,2,2,2,2,2,2,2,2,2,2,2,2,2,2,2,2,4),(-0.699850147496561,
-0.638566781683574,-0.600158652509146,-0.574675499137821,-0.551317751544508,
-0.522020448655467,-0.485953726073737,-0.454715069692246,-0.426254678371612,
-0.396880583445315,-0.36287714044387,-0.323577107821211,-0.29507653159613,
-0.266662124063873,-0.227595010566242,-0.151012607814273,-0.0702915270144278,
-0.0339381041486119,-0.0147183525460841,0.),.UNSPECIFIED.);
#166=B_SPLINE_CURVE_WITH_KNOTS('',3,(#6971,#6972,#6973,#6974,#6975,#6976,
#6977,#6978,#6979,#6980,#6981,#6982,#6983,#6984,#6985,#6986,#6987,#6988,
#6989,#6990,#6991,#6992,#6993,#6994,#6995,#6996,#6997,#6998,#6999,#7000,
#7001,#7002,#7003,#7004,#7005,#7006,#7007,#7008),.UNSPECIFIED.,.T.,.F.,
(4,2,2,2,2,2,2,2,2,2,2,2,2,2,2,2,2,2,4),(0.,0.0474573428482475,0.0949146856964951,
0.166669551265177,0.23842441683386,0.342236172466636,0.446047928099412,
0.525549127057221,0.543212817791201,0.560876508525181,0.578540199259161,
0.596203889993141,0.67570508895095,0.779516844583726,0.883328600216502,
0.955083465785185,1.02683833135387,1.07429567420211,1.12175301705036),
 .UNSPECIFIED.);
#167=B_SPLINE_CURVE_WITH_KNOTS('',3,(#7015,#7016,#7017,#7018,#7019,#7020,
#7021,#7022,#7023,#7024,#7025,#7026,#7027,#7028),.UNSPECIFIED.,.F.,.F.,
(4,2,2,2,2,2,4),(0.126121860554193,0.147501330368006,0.197105898114152,
0.248486867737565,0.299867837360977,0.349036667400233,0.398205497439488),
 .UNSPECIFIED.);
#168=B_SPLINE_CURVE_WITH_KNOTS('',3,(#7030,#7031,#7032,#7033,#7034,#7035,
#7036,#7037,#7038,#7039,#7040,#7041,#7042,#7043,#7044,#7045,#7046,#7047,
#7048,#7049,#7050,#7051),.UNSPECIFIED.,.F.,.F.,(4,2,2,2,2,2,2,2,2,2,4),
(0.271806108280384,0.301346381508956,0.351513583009423,0.40168078450989,
0.450872768746548,0.500064752983206,0.552623746995864,0.605182741008521,
0.655380310981213,0.705577880953904,0.733353737855969),.UNSPECIFIED.);
#169=B_SPLINE_CURVE_WITH_KNOTS('',3,(#7052,#7053,#7054,#7055,#7056,#7057),
 .UNSPECIFIED.,.F.,.F.,(4,2,4),(0.398205497439488,0.447374327478744,0.468952781719646),
 .UNSPECIFIED.);
#170=B_SPLINE_CURVE_WITH_KNOTS('',3,(#7064,#7065,#7066,#7067,#7068,#7069,
#7070,#7071,#7072,#7073,#7074,#7075,#7076,#7077,#7078,#7079,#7080,#7081,
#7082,#7083,#7084,#7085,#7086,#7087,#7088,#7089,#7090,#7091,#7092,#7093),
 .UNSPECIFIED.,.F.,.F.,(4,2,2,2,2,2,2,2,2,2,2,2,2,2,4),(0.,0.0474573428482474,
0.0949146856964948,0.166669551265177,0.23842441683386,0.342236172466637,
0.446047928099414,0.525549127057223,0.543212817791203,0.560876508525183,
0.578540199259164,0.596203889993144,0.675705088950953,0.77951684458373,
0.883328600216507),.UNSPECIFIED.);
#171=B_SPLINE_CURVE_WITH_KNOTS('',3,(#7094,#7095,#7096,#7097,#7098,#7099,
#7100,#7101,#7102,#7103),.UNSPECIFIED.,.F.,.F.,(4,2,2,2,4),(0.883328600216507,
0.95508346578519,1.02683833135387,1.07429567420212,1.12175301705037),
 .UNSPECIFIED.);
#172=B_SPLINE_CURVE_WITH_KNOTS('',3,(#7110,#7111,#7112,#7113,#7114,#7115,
#7116,#7117,#7118,#7119),.UNSPECIFIED.,.F.,.F.,(4,2,2,2,4),(0.,0.0474573428494819,
0.0949146856989637,0.166669551245939,0.238424416792913),.UNSPECIFIED.);
#173=B_SPLINE_CURVE_WITH_KNOTS('',3,(#7120,#7121,#7122,#7123,#7124,#7125,
#7126,#7127,#7128,#7129,#7130,#7131,#7132,#7133,#7134,#7135,#7136,#7137,
#7138,#7139,#7140,#7141,#7142,#7143,#7144,#7145,#7146,#7147,#7148,#7149,
#7150,#7151),.UNSPECIFIED.,.F.,.F.,(4,2,2,2,2,2,2,2,2,2,2,2,2,2,2,4),(0.238424416792913,
0.342236172337609,0.446047927882305,0.525549126734481,0.543212817473768,
0.560876508213056,0.571998369261329,0.583120230309603,0.60536395240615,
0.709623780653213,0.796398818636972,0.883173856620731,0.950187837749453,
1.01720181887818,1.06937979764148,1.12155777640478),.UNSPECIFIED.);
#174=B_SPLINE_CURVE_WITH_KNOTS('',3,(#7158,#7159,#7160,#7161,#7162,#7163,
#7164,#7165,#7166,#7167,#7168,#7169,#7170,#7171,#7172,#7173,#7174,#7175,
#7176,#7177),.UNSPECIFIED.,.F.,.F.,(4,2,2,2,2,2,2,2,2,4),(0.,0.0474573428482474,
0.0949146856964948,0.166669551265178,0.23842441683386,0.342236172466636,
0.446047928099412,0.525549127057219,0.543212817791199,0.56087650852518),
 .UNSPECIFIED.);
#175=B_SPLINE_CURVE_WITH_KNOTS('',3,(#7178,#7179,#7180,#7181,#7182,#7183,
#7184,#7185,#7186,#7187,#7188,#7189,#7190,#7191,#7192,#7193,#7194,#7195,
#7196,#7197),.UNSPECIFIED.,.F.,.F.,(4,2,2,2,2,2,2,2,2,4),(0.56087650852518,
0.57854019925916,0.59620388999314,0.675705088950948,0.779516844583724,0.883328600216499,
0.955083465785181,1.02683833135386,1.07429567420211,1.12175301705036),
 .UNSPECIFIED.);
#176=B_SPLINE_CURVE_WITH_KNOTS('',3,(#7204,#7205,#7206,#7207,#7208,#7209,
#7210,#7211,#7212,#7213,#7214,#7215,#7216,#7217,#7218,#7219,#7220,#7221,
#7222,#7223,#7224,#7225),.UNSPECIFIED.,.F.,.F.,(4,2,2,2,2,2,2,2,2,2,4),
(-0.835348915697095,-0.824775639854393,-0.813505046803766,-0.787915191975897,
-0.713634703326663,-0.630373805851639,-0.593247922711742,-0.568069455315032,
-0.544143349611729,-0.514058837734307,-0.507946140736399),.UNSPECIFIED.);
#177=B_SPLINE_CURVE_WITH_KNOTS('',3,(#7226,#7227,#7228,#7229,#7230,#7231,
#7232,#7233,#7234,#7235,#7236,#7237,#7238,#7239,#7240,#7241,#7242,#7243,
#7244,#7245,#7246,#7247,#7248,#7249,#7250,#7251,#7252,#7253,#7254,#7255),
 .UNSPECIFIED.,.F.,.F.,(4,2,2,2,2,2,2,2,2,2,2,2,2,2,4),(-0.507946140736399,
-0.479773388315133,-0.449973814438187,-0.422420347675317,-0.393495203084794,
-0.359302017438573,-0.322163689415973,-0.294119372000612,-0.265041154259425,
-0.223683757815741,-0.136466573375401,-0.062163943571908,-0.0297878797171343,
-0.0128893646280217,0.),.UNSPECIFIED.);
#178=B_SPLINE_CURVE_WITH_KNOTS('',3,(#7260,#7261,#7262,#7263,#7264,#7265,
#7266,#7267,#7268,#7269,#7270,#7271,#7272,#7273,#7274,#7275,#7276,#7277),
 .UNSPECIFIED.,.F.,.F.,(4,2,2,2,2,2,2,2,4),(0.,0.0292356595506897,0.0584713191013793,
0.116942638202759,0.233885276405517,0.467770552811035,0.840931666877927,
1.21409278094482,1.22624997309931),.UNSPECIFIED.);
#179=B_SPLINE_CURVE_WITH_KNOTS('',3,(#7280,#7281,#7282,#7283,#7284,#7285,
#7286,#7287,#7288,#7289,#7290,#7291),.UNSPECIFIED.,.F.,.F.,(4,2,2,2,2,4),
(-2.17285955388497,-2.17011558402984,-1.89356595268206,-1.62390174278861,
-1.35443460971329,-1.08505779204004),.UNSPECIFIED.);
#180=B_SPLINE_CURVE_WITH_KNOTS('',3,(#7300,#7301,#7302,#7303,#7304,#7305,
#7306,#7307,#7308,#7309,#7310,#7311,#7312),.UNSPECIFIED.,.F.,.F.,(4,3,3,
3,4),(-0.551358862428818,-0.349997747476655,-0.146898151451576,-0.124063612196883,
-0.0500127007850005),.UNSPECIFIED.);
#181=B_SPLINE_CURVE_WITH_KNOTS('',3,(#7324,#7325,#7326,#7327),
 .UNSPECIFIED.,.F.,.F.,(4,4),(-0.156364846436174,-0.0550894622344027),
 .UNSPECIFIED.);
#182=B_SPLINE_CURVE_WITH_KNOTS('',3,(#7329,#7330,#7331,#7332),
 .UNSPECIFIED.,.F.,.F.,(4,4),(-0.169348721035068,-0.157123627533773),
 .UNSPECIFIED.);
#183=B_SPLINE_CURVE_WITH_KNOTS('',3,(#7334,#7335,#7336,#7337),
 .UNSPECIFIED.,.F.,.F.,(4,4),(-0.441753967958343,0.),.UNSPECIFIED.);
#184=B_SPLINE_CURVE_WITH_KNOTS('',3,(#7353,#7354,#7355,#7356,#7357,#7358),
 .UNSPECIFIED.,.F.,.F.,(4,2,4),(-0.682847025807627,-0.320558706213744,-0.0620515988207777),
 .UNSPECIFIED.);
#185=B_SPLINE_CURVE_WITH_KNOTS('',3,(#7364,#7365,#7366,#7367),
 .UNSPECIFIED.,.F.,.F.,(4,4),(-1.00848141297269,-0.0528640830477214),
 .UNSPECIFIED.);
#186=B_SPLINE_CURVE_WITH_KNOTS('',3,(#7369,#7370,#7371,#7372),
 .UNSPECIFIED.,.F.,.F.,(4,4),(-0.996481639608039,-0.19565734845027),
 .UNSPECIFIED.);
#187=B_SPLINE_CURVE_WITH_KNOTS('',3,(#7425,#7426,#7427,#7428),
 .UNSPECIFIED.,.F.,.F.,(4,4),(-0.0923827336876231,-0.0504140923611227),
 .UNSPECIFIED.);
#188=B_SPLINE_CURVE_WITH_KNOTS('',3,(#7430,#7431,#7432,#7433,#7434),
 .UNSPECIFIED.,.F.,.F.,(4,1,4),(0.425644476736639,0.426860354924988,0.48374327391127),
 .UNSPECIFIED.);
#189=B_SPLINE_CURVE_WITH_KNOTS('',3,(#7436,#7437,#7438,#7439),
 .UNSPECIFIED.,.F.,.F.,(4,4),(0.483743388329054,0.982862499956217),
 .UNSPECIFIED.);
#190=B_SPLINE_CURVE_WITH_KNOTS('',3,(#7441,#7442,#7443,#7444),
 .UNSPECIFIED.,.F.,.F.,(4,4),(0.000594894727686719,0.0106282496266229),
 .UNSPECIFIED.);
#191=B_SPLINE_CURVE_WITH_KNOTS('',3,(#7446,#7447,#7448,#7449,#7450,#7451,
#7452,#7453,#7454,#7455),.UNSPECIFIED.,.F.,.F.,(4,2,2,2,4),(0.000187540895455162,
0.774979488122691,1.55470292137163,2.25580262166883,2.95636891221106),
 .UNSPECIFIED.);
#192=B_SPLINE_CURVE_WITH_KNOTS('',3,(#7457,#7458,#7459,#7460),
 .UNSPECIFIED.,.F.,.F.,(4,4),(0.00431110864105784,0.0142295708864521),
 .UNSPECIFIED.);
#193=B_SPLINE_CURVE_WITH_KNOTS('',3,(#7462,#7463,#7464,#7465,#7466,#7467,
#7468,#7469,#7470,#7471,#7472,#7473,#7474,#7475),.UNSPECIFIED.,.F.,.F.,
(4,2,2,2,2,2,4),(-11.1983682880973,-8.24621272312744,-3.98158835092349,
-1.95144686092437,-0.95112625543589,-0.453578244227961,-0.043624299693685),
 .UNSPECIFIED.);
#194=B_SPLINE_CURVE_WITH_KNOTS('',3,(#7477,#7478,#7479,#7480,#7481,#7482,
#7483,#7484,#7485,#7486),.UNSPECIFIED.,.F.,.F.,(4,2,2,2,4),(-0.252296053533217,
-0.18149983338744,-0.107033071720449,-0.0431402680877326,0.),
 .UNSPECIFIED.);
#195=B_SPLINE_CURVE_WITH_KNOTS('',3,(#7487,#7488,#7489,#7490,#7491),
 .UNSPECIFIED.,.F.,.F.,(4,1,4),(0.00855246119503062,0.147986315491986,0.387858549701718),
 .UNSPECIFIED.);
#196=B_SPLINE_CURVE_WITH_KNOTS('',3,(#7494,#7495,#7496,#7497),
 .UNSPECIFIED.,.F.,.F.,(4,4),(-0.41480044508672,-0.1068542501562),
 .UNSPECIFIED.);
#197=B_SPLINE_CURVE_WITH_KNOTS('',3,(#7499,#7500,#7501,#7502,#7503,#7504),
 .UNSPECIFIED.,.F.,.F.,(4,2,4),(-0.456080279038678,-0.23733809141343,-0.0823754997992485),
 .UNSPECIFIED.);
#198=B_SPLINE_CURVE_WITH_KNOTS('',3,(#7505,#7506,#7507,#7508),
 .UNSPECIFIED.,.F.,.F.,(4,4),(-0.610106484645099,-0.0563662404218725),
 .UNSPECIFIED.);
#199=B_SPLINE_CURVE_WITH_KNOTS('',3,(#7525,#7526,#7527,#7528),
 .UNSPECIFIED.,.F.,.F.,(4,4),(0.426680743198543,0.483743388329054),
 .UNSPECIFIED.);
#200=B_SPLINE_CURVE_WITH_KNOTS('',3,(#7546,#7547,#7548,#7549),
 .UNSPECIFIED.,.F.,.F.,(4,4),(-0.00466617792842906,-0.00282869297360514),
 .UNSPECIFIED.);
#201=B_SPLINE_CURVE_WITH_KNOTS('',3,(#7550,#7551,#7552,#7553,#7554),
 .UNSPECIFIED.,.F.,.F.,(4,1,4),(0.00855246692250198,0.286971279355183,0.38785144602604),
 .UNSPECIFIED.);
#202=B_SPLINE_CURVE_WITH_KNOTS('',3,(#7557,#7558,#7559,#7560),
 .UNSPECIFIED.,.F.,.F.,(4,4),(-0.355548886796741,-0.0503367752902623),
 .UNSPECIFIED.);
#203=B_SPLINE_CURVE_WITH_KNOTS('',3,(#7645,#7646,#7647,#7648,#7649,#7650,
#7651,#7652,#7653,#7654,#7655,#7656,#7657,#7658,#7659,#7660,#7661,#7662,
#7663,#7664,#7665,#7666,#7667,#7668,#7669,#7670,#7671,#7672,#7673,#7674,
#7675,#7676,#7677,#7678,#7679,#7680,#7681,#7682,#7683,#7684),
 .UNSPECIFIED.,.F.,.F.,(4,3,3,3,3,3,3,3,3,3,3,3,3,4),(0.00452430099714437,
0.515919927652738,0.588768248855878,1.15721087460794,1.8139759196398,2.50138798071872,
3.04686151315608,3.68678811259236,4.27974682199741,4.89235068248538,5.46079586552399,
5.50495454297336,6.01635260737877,6.08919897865074),.UNSPECIFIED.);
#204=B_SPLINE_CURVE_WITH_KNOTS('',3,(#7686,#7687,#7688,#7689,#7690,#7691,
#7692,#7693,#7694,#7695,#7696,#7697,#7698,#7699),.UNSPECIFIED.,.F.,.F.,
(4,2,2,2,2,2,4),(0.2085613450334,3.23985361022367,7.61879726306052,9.70335956353506,
10.7304951759353,11.241380664434,11.66232400478),.UNSPECIFIED.);
#205=B_SPLINE_CURVE_WITH_KNOTS('',3,(#7700,#7701,#7702,#7703,#7704,#7705,
#7706,#7707,#7708,#7709,#7710,#7711),.UNSPECIFIED.,.F.,.F.,(4,2,2,2,2,4),
(-0.314586264983742,-0.269026062892022,-0.214043421221618,-0.142874412161431,
-0.0747431173573133,-0.000124198456389748),.UNSPECIFIED.);
#206=B_SPLINE_CURVE_WITH_KNOTS('',3,(#7713,#7714,#7715,#7716),
 .UNSPECIFIED.,.F.,.F.,(4,4),(-1.16262524825969,-0.20722804564328),
 .UNSPECIFIED.);
#207=B_SPLINE_CURVE_WITH_KNOTS('',3,(#7718,#7719,#7720,#7721),
 .UNSPECIFIED.,.F.,.F.,(4,4),(-0.851619776345079,-0.0509753146969609),
 .UNSPECIFIED.);
#208=B_SPLINE_CURVE_WITH_KNOTS('',3,(#7722,#7723,#7724,#7725,#7726,#7727,
#7728,#7729,#7730,#7731,#7732,#7733,#7734),.UNSPECIFIED.,.F.,.F.,(4,3,3,
3,4),(-0.354868836421189,-0.276839347684252,-0.202556383014925,-0.124526879107443,
-0.0502439296107125),.UNSPECIFIED.);
#209=B_SPLINE_CURVE_WITH_KNOTS('',3,(#7736,#7737,#7738,#7739,#7740,#7741),
 .UNSPECIFIED.,.F.,.F.,(4,2,4),(-0.353980541102188,-0.202701677864993,-0.0514228160458398),
 .UNSPECIFIED.);
#210=B_SPLINE_CURVE_WITH_KNOTS('',3,(#7743,#7744,#7745,#7746,#7747,#7748),
 .UNSPECIFIED.,.F.,.F.,(4,2,4),(-0.717255509008425,-0.471937367215427,-0.0956171914936506),
 .UNSPECIFIED.);
#211=B_SPLINE_CURVE_WITH_KNOTS('',3,(#7749,#7750,#7751,#7752,#7753,#7754),
 .UNSPECIFIED.,.F.,.F.,(4,2,4),(-0.355908555831088,-0.203672898119666,-0.0517255914908042),
 .UNSPECIFIED.);
#212=B_SPLINE_CURVE_WITH_KNOTS('',3,(#8147,#8148,#8149,#8150),
 .UNSPECIFIED.,.F.,.F.,(4,4),(-0.608313303028171,-0.0556714038573612),
 .UNSPECIFIED.);
#213=B_SPLINE_CURVE_WITH_KNOTS('',3,(#8163,#8164,#8165,#8166,#8167,#8168,
#8169,#8170,#8171,#8172,#8173,#8174,#8175),.UNSPECIFIED.,.F.,.F.,(4,3,3,
3,4),(-0.457198430745398,-0.400431371365236,-0.216486852142119,-0.0340678939135509,
0.),.UNSPECIFIED.);
#214=B_SPLINE_CURVE_WITH_KNOTS('',3,(#8187,#8188,#8189,#8190,#8191,#8192,
#8193,#8194,#8195,#8196,#8197,#8198),.UNSPECIFIED.,.F.,.F.,(4,2,2,2,2,4),
(-0.078857806138072,-0.078530882422763,-0.0585712900309381,-0.0390169772588554,
-0.0194992937549056,0.),.UNSPECIFIED.);
#215=B_SPLINE_CURVE_WITH_KNOTS('',3,(#8201,#8202,#8203,#8204,#8205,#8206,
#8207,#8208,#8209,#8210,#8211,#8212),.UNSPECIFIED.,.F.,.F.,(4,2,2,2,2,4),
(-0.00032693769636214,0.,0.019961283766423,0.0395171500553361,0.0590363368559003,
0.0785371087428584),.UNSPECIFIED.);
#216=B_SPLINE_CURVE_WITH_KNOTS('',3,(#8217,#8218,#8219,#8220,#8221,#8222,
#8223,#8224,#8225,#8226,#8227,#8228),.UNSPECIFIED.,.F.,.F.,(4,2,2,2,2,4),
(-0.000330357011174197,0.,0.019930729828884,0.0394799899119029,0.0590028330668776,
0.0785124060439997),.UNSPECIFIED.);
#217=B_SPLINE_CURVE_WITH_KNOTS('',3,(#8234,#8235,#8236,#8237,#8238,#8239,
#8240,#8241,#8242,#8243,#8244,#8245),.UNSPECIFIED.,.F.,.F.,(4,2,2,2,2,4),
(-0.0788313580441218,-0.0784640138655,-0.0585809524307064,-0.0390351989949833,
-0.0195119901638504,0.),.UNSPECIFIED.);
#218=B_SPLINE_CURVE_WITH_KNOTS('',3,(#8252,#8253,#8254,#8255,#8256,#8257,
#8258,#8259,#8260,#8261,#8262,#8263),.UNSPECIFIED.,.F.,.F.,(4,2,2,2,2,4),
(-0.0784678801475283,-0.0589549285383779,-0.0394307577091547,-0.0198840411644699,
0.,0.000367362279356811),.UNSPECIFIED.);
#219=B_SPLINE_CURVE_WITH_KNOTS('',3,(#8266,#8267,#8268,#8269,#8270,#8271,
#8272,#8273,#8274,#8275,#8276,#8277),.UNSPECIFIED.,.F.,.F.,(4,2,2,2,2,4),
(-0.0788383261739932,-0.07850798550053,-0.0585783897474897,-0.039030230427914,
-0.0195084817117843,0.),.UNSPECIFIED.);
#220=B_SPLINE_CURVE_WITH_KNOTS('',3,(#8282,#8283,#8284,#8285,#8286,#8287,
#8288,#8289,#8290,#8291,#8292,#8293),.UNSPECIFIED.,.F.,.F.,(4,2,2,2,2,4),
(-0.000367362279343287,0.,0.019884041164484,0.0394307577091912,0.0589549285384331,
0.0784678801475942),.UNSPECIFIED.);
#221=B_SPLINE_CURVE_WITH_KNOTS('',3,(#8299,#8300,#8301,#8302,#8303,#8304,
#8305,#8306,#8307,#8308,#8309,#8310),.UNSPECIFIED.,.F.,.F.,(4,2,2,2,2,4),
(-0.078831358044104,-0.0784640138654828,-0.0585809524306967,-0.0390351989949845,
-0.0195119901638515,0.),.UNSPECIFIED.);
#222=B_SPLINE_CURVE_WITH_KNOTS('',3,(#8358,#8359,#8360,#8361,#8362,#8363,
#8364,#8365,#8366,#8367,#8368,#8369,#8370,#8371),.UNSPECIFIED.,.F.,.F.,
(4,2,2,2,2,2,4),(-0.00036259700129427,0.,0.00926526432798818,0.0200970589243923,
0.039637626087687,0.0591649871802133,0.0784042385177968),.UNSPECIFIED.);
#223=B_SPLINE_CURVE_WITH_KNOTS('',3,(#8374,#8375,#8376,#8377,#8378,#8379,
#8380,#8381,#8382,#8383,#8384,#8385,#8386,#8387),.UNSPECIFIED.,.F.,.F.,
(4,2,2,2,2,2,4),(-0.157213057577231,-0.156849503732342,-0.137294229210659,
-0.117744938047467,-0.098208235181647,-0.0786833678438418,-0.0784025628113108),
 .UNSPECIFIED.);
#224=B_SPLINE_CURVE_WITH_KNOTS('',3,(#8393,#8394,#8395,#8396,#8397,#8398,
#8399,#8400,#8401,#8402,#8403,#8404,#8405,#8406),.UNSPECIFIED.,.F.,.F.,
(4,2,2,2,2,2,4),(-0.000329407329218635,0.,0.0195685508366847,0.0391274080959079,
0.0586665596958318,0.078187468113152,0.0784957258036615),.UNSPECIFIED.);
#225=B_SPLINE_CURVE_WITH_KNOTS('',3,(#8409,#8410,#8411,#8412,#8413,#8414,
#8415,#8416,#8417,#8418,#8419,#8420),.UNSPECIFIED.,.F.,.F.,(4,2,2,2,2,4),
(0.,0.0195202513492045,0.039047316181376,0.0585876262372529,0.0784494228711756,
0.0788120103025407),.UNSPECIFIED.);
#226=B_SPLINE_CURVE_WITH_KNOTS('',3,(#8425,#8426,#8427,#8428,#8429,#8430,
#8431,#8432,#8433,#8434,#8435,#8436,#8437,#8438),.UNSPECIFIED.,.F.,.F.,
(4,2,2,2,2,2,4),(-0.157358810518885,-0.157032944488429,-0.137448510712105,
-0.117878014967978,-0.0983358472727609,-0.078819886936793,-0.0785161864466612),
 .UNSPECIFIED.);
#227=B_SPLINE_CURVE_WITH_KNOTS('',3,(#8444,#8445,#8446,#8447,#8448,#8449,
#8450,#8451,#8452,#8453,#8454,#8455,#8456,#8457),.UNSPECIFIED.,.F.,.F.,
(4,2,2,2,2,2,4),(-0.000326175256147533,0.,0.000663440190753938,0.0202380066469308,
0.0397876397225151,0.0593097919567865,0.0785138030060535),.UNSPECIFIED.);
#228=B_SPLINE_CURVE_WITH_KNOTS('',3,(#8464,#8465,#8466,#8467,#8468,#8469,
#8470,#8471,#8472,#8473,#8474,#8475,#8476,#8477),.UNSPECIFIED.,.F.,.F.,
(4,2,2,2,2,2,4),(-0.157276000134595,-0.156946647342052,-0.137378018151938,
-0.117819127581857,-0.0982800341971531,-0.0787592686020146,-0.0784510454552459),
 .UNSPECIFIED.);
#229=B_SPLINE_CURVE_WITH_KNOTS('',3,(#8483,#8484,#8485,#8486,#8487,#8488,
#8489,#8490,#8491,#8492,#8493,#8494,#8495,#8496),.UNSPECIFIED.,.F.,.F.,
(4,2,2,2,2,2,4),(-0.000352559637472371,0.,0.0195648589934458,0.0391212708365281,
0.0586599025112244,0.0781818191458763,0.0784687246695972),.UNSPECIFIED.);
#230=B_SPLINE_CURVE_WITH_KNOTS('',3,(#8542,#8543,#8544,#8545,#8546,#8547,
#8548,#8549,#8550,#8551,#8552,#8553),.UNSPECIFIED.,.F.,.F.,(4,2,2,2,2,4),
(-0.15729688452082,-0.156941503847196,-0.137057016957278,-0.117512991701727,
-0.0979872903991381,-0.0784707519235938),.UNSPECIFIED.);
#231=B_SPLINE_CURVE_WITH_KNOTS('',3,(#8554,#8555,#8556,#8557,#8558,#8559,
#8560,#8561,#8562,#8563,#8564,#8565),.UNSPECIFIED.,.F.,.F.,(4,2,2,2,2,4),
(-0.00036702926723175,0.,0.0198585291304145,0.0393991134652185,0.0589267197889752,
0.0784478345889686),.UNSPECIFIED.);
#232=B_SPLINE_CURVE_WITH_KNOTS('',3,(#8570,#8571,#8572,#8573,#8574,#8575,
#8576,#8577,#8578,#8579,#8580,#8581),.UNSPECIFIED.,.F.,.F.,(4,2,2,2,2,4),
(-0.000330013021976799,0.,0.0199142889857468,0.0394594791220426,0.0589845780525757,
0.0784995679434776),.UNSPECIFIED.);
#233=B_SPLINE_CURVE_WITH_KNOTS('',3,(#8587,#8588,#8589,#8590,#8591,#8592,
#8593,#8594,#8595,#8596,#8597,#8598),.UNSPECIFIED.,.F.,.F.,(4,2,2,2,2,4),
(-0.157363882999784,-0.15703719715066,-0.137099558279702,-0.117549475127243,
-0.0980270752712513,-0.0785185985748407),.UNSPECIFIED.);
#234=B_SPLINE_CURVE_WITH_KNOTS('',3,(#8605,#8606,#8607,#8608,#8609,#8610,
#8611,#8612,#8613,#8614,#8615,#8616),.UNSPECIFIED.,.F.,.F.,(4,2,2,2,2,4),
(-0.0003263619085702,0.,0.0199407138325367,0.0394914688956863,0.0590134976436697,
0.0785210794919936),.UNSPECIFIED.);
#235=B_SPLINE_CURVE_WITH_KNOTS('',3,(#8621,#8622,#8623,#8624,#8625,#8626,
#8627,#8628,#8629,#8630,#8631,#8632),.UNSPECIFIED.,.F.,.F.,(4,2,2,2,2,4),
(-0.157328709521105,-0.156998641068456,-0.137084652297088,-0.117539521984571,
-0.0980143900629954,-0.0784993205327106),.UNSPECIFIED.);
#236=B_SPLINE_CURVE_WITH_KNOTS('',3,(#8636,#8637,#8638,#8639,#8640,#8641,
#8642,#8643,#8644,#8645,#8646,#8647),.UNSPECIFIED.,.F.,.F.,(4,2,2,2,2,4),
(-0.000366016904519486,0.,0.0198605044873651,0.0394013199925315,0.0589287984229539,
0.078449605860381),.UNSPECIFIED.);
#237=B_SPLINE_CURVE_WITH_KNOTS('',3,(#8651,#8652,#8653,#8654,#8655,#8656,
#8657,#8658,#8659,#8660,#8661,#8662),.UNSPECIFIED.,.F.,.F.,(4,2,2,2,2,4),
(-0.157265228625565,-0.156899211721026,-0.137038707233629,-0.117497891728429,
-0.0979704132979701,-0.078449605860527),.UNSPECIFIED.);
#238=B_SPLINE_CURVE_WITH_KNOTS('',3,(#8683,#8684,#8685,#8686,#8687,#8688,
#8689,#8690,#8691,#8692,#8693,#8694),.UNSPECIFIED.,.F.,.F.,(4,2,2,2,2,4),
(-0.000329583189283263,0.,0.0199293683974923,0.039478638318371,0.0590016153408029,
0.0785111393349291),.UNSPECIFIED.);
#239=B_SPLINE_CURVE_WITH_KNOTS('',3,(#8697,#8698,#8699,#8700,#8701,#8702,
#8703,#8704,#8705,#8706,#8707,#8708),.UNSPECIFIED.,.F.,.F.,(4,2,2,2,2,4),
(-0.0788554044035365,-0.0785290919527533,-0.0585716347435924,-0.0390171915772627,
-0.0194992603969639,0.),.UNSPECIFIED.);
#240=B_SPLINE_CURVE_WITH_KNOTS('',3,(#8710,#8711,#8712,#8713,#8714,#8715,
#8716,#8717,#8718,#8719,#8720,#8721),.UNSPECIFIED.,.F.,.F.,(4,2,2,2,2,4),
(-0.0788283367767823,-0.0784655255878331,-0.0585814201303083,-0.0390355386400473,
-0.0195120015622051,0.),.UNSPECIFIED.);
#241=B_SPLINE_CURVE_WITH_KNOTS('',3,(#8723,#8724,#8725,#8726,#8727,#8728,
#8729,#8730,#8731,#8732,#8733,#8734),.UNSPECIFIED.,.F.,.F.,(4,2,2,2,2,4),
(-0.000362827164378824,0.,0.0198849810016457,0.0394317231432124,0.0589561198884813,
0.0784689806101768),.UNSPECIFIED.);
#242=B_SPLINE_CURVE_WITH_KNOTS('',3,(#8736,#8737,#8738,#8739,#8740,#8741,
#8742,#8743,#8744,#8745,#8746,#8747),.UNSPECIFIED.,.F.,.F.,(4,2,2,2,2,4),
(-0.0788283367767603,-0.0784655255878139,-0.0585814201302871,-0.0390355386400358,
-0.0195120015622026,0.),.UNSPECIFIED.);
#243=B_SPLINE_CURVE_WITH_KNOTS('',3,(#8749,#8750,#8751,#8752,#8753,#8754,
#8755,#8756,#8757,#8758,#8759,#8760),.UNSPECIFIED.,.F.,.F.,(4,2,2,2,2,4),
(-0.000362827164383333,0.,0.0198849810016844,0.0394317231433017,0.0589561198886198,
0.078468980610365),.UNSPECIFIED.);
#244=B_SPLINE_CURVE_WITH_KNOTS('',3,(#8764,#8765,#8766,#8767,#8768,#8769,
#8770,#8771,#8772,#8773,#8774,#8775),.UNSPECIFIED.,.F.,.F.,(4,2,2,2,2,4),
(-0.0788365462875683,-0.0785069826973,-0.0585786579072445,-0.0390304227978783,
-0.0195084840107348,0.),.UNSPECIFIED.);
#245=B_SPLINE_CURVE_WITH_KNOTS('',3,(#8779,#8780,#8781,#8782,#8783,#8784,
#8785,#8786,#8787,#8788,#8789,#8790),.UNSPECIFIED.,.F.,.F.,(4,2,2,2,2,4),
(-0.000326347393309708,0.,0.019958796355797,0.0395146507700387,0.0590340376639125,
0.0785347764619986),.UNSPECIFIED.);
#246=B_SPLINE_CURVE_WITH_KNOTS('',3,(#8825,#8826,#8827,#8828,#8829,#8830,
#8831,#8832,#8833,#8834,#8835,#8836),.UNSPECIFIED.,.F.,.F.,(4,2,2,2,2,4),
(-0.00418397889896331,0.,0.27486648546824,0.544461009611064,0.813960551838427,
1.08341800426364),.UNSPECIFIED.);
#247=B_SPLINE_CURVE_WITH_KNOTS('',3,(#8839,#8840,#8841,#8842,#8843,#8844,
#8845,#8846,#8847,#8848,#8849,#8850,#8851,#8852,#8853,#8854,#8855,#8856,
#8857,#8858),.UNSPECIFIED.,.F.,.F.,(4,2,2,2,2,2,2,2,2,4),(-1.17985174763261,
-1.13702686478574,-0.742276988197678,-0.494978453624915,-0.247679919052153,
-0.123839959526077,-0.0619199797630383,-0.0309599898815192,-0.01547999494076,
0.),.UNSPECIFIED.);
#248=B_SPLINE_CURVE_WITH_KNOTS('',3,(#8863,#8864,#8865,#8866,#8867,#8868,
#8869,#8870,#8871,#8872,#8873,#8874),.UNSPECIFIED.,.F.,.F.,(4,2,2,2,2,4),
(-0.00274396985807766,0.,0.276549631654347,0.546213841847043,0.815680975221384,
1.08505779319355),.UNSPECIFIED.);
#249=B_SPLINE_CURVE_WITH_KNOTS('',3,(#8875,#8876,#8877,#8878,#8879,#8880,
#8881,#8882,#8883,#8884,#8885,#8886),.UNSPECIFIED.,.F.,.F.,(4,2,2,2,2,4),
(-2.17350576433037,-2.17097322090563,-1.89394131592697,-1.62422652485371,
-1.35479229774409,-1.08548661041287),.UNSPECIFIED.);
#250=B_SPLINE_CURVE_WITH_KNOTS('',3,(#8890,#8891,#8892,#8893,#8894,#8895,
#8896,#8897,#8898,#8899,#8900,#8901),.UNSPECIFIED.,.F.,.F.,(4,2,2,2,2,4),
(-0.00253254342013221,0.,0.277031904484596,0.546746695076497,0.816180921705258,
1.08548660855585),.UNSPECIFIED.);
#251=B_SPLINE_CURVE_WITH_KNOTS('',3,(#8905,#8906,#8907,#8908,#8909,#8910,
#8911,#8912,#8913,#8914,#8915,#8916),.UNSPECIFIED.,.F.,.F.,(4,2,2,2,2,4),
(-2.17101999031466,-2.16683601141314,-1.89196952558548,-1.6223750010737,
-1.35287545847754,-1.08341800568357),.UNSPECIFIED.);
#252=B_SPLINE_CURVE_WITH_KNOTS('',3,(#9268,#9269,#9270,#9271,#9272,#9273,
#9274,#9275,#9276,#9277),.UNSPECIFIED.,.F.,.F.,(4,2,2,2,4),(-0.477023019226696,
-0.368866182930381,-0.238688533557768,-0.108209736583775,-9.99999898942949E-7),
 .UNSPECIFIED.);
#253=B_SPLINE_CURVE_WITH_KNOTS('',3,(#9279,#9280,#9281,#9282,#9283,#9284,
#9285,#9286,#9287,#9288),.UNSPECIFIED.,.F.,.F.,(4,2,2,2,4),(-0.318184526218322,
-0.275373497807718,-0.203831213353539,-0.147633160253135,-5.345284145864E-5),
 .UNSPECIFIED.);
#254=B_SPLINE_CURVE_WITH_KNOTS('',3,(#9289,#9290,#9291,#9292,#9293,#9294,
#9295,#9296,#9297,#9298,#9299,#9300,#9301),.UNSPECIFIED.,.F.,.F.,(4,3,3,
3,4),(-0.116857657049323,-0.0785986378510115,-0.0584293529189019,-0.0201655295592305,
-1.08129273092682E-5),.UNSPECIFIED.);
#255=B_SPLINE_CURVE_WITH_KNOTS('',3,(#9303,#9304,#9305,#9306,#9307,#9308,
#9309,#9310,#9311,#9312),.UNSPECIFIED.,.F.,.F.,(4,2,2,2,4),(-0.253705439781389,
-0.209600986658559,-0.143884239419116,-0.0697956395396065,-9.99999882261848E-7),
 .UNSPECIFIED.);
#256=B_SPLINE_CURVE_WITH_KNOTS('',3,(#9314,#9315,#9316,#9317,#9318,#9319,
#9320,#9321,#9322,#9323,#9324,#9325,#9326),.UNSPECIFIED.,.F.,.F.,(4,3,3,
3,4),(-0.11684765344173,-0.0785838202789778,-0.0584282994730356,-0.0201692808497433,
0.),.UNSPECIFIED.);
#257=B_SPLINE_CURVE_WITH_KNOTS('',3,(#9327,#9328,#9329,#9330,#9331,#9332,
#9333,#9334,#9335,#9336),.UNSPECIFIED.,.F.,.F.,(4,2,2,2,4),(-0.344790879439545,
-0.237874663253518,-0.121444728685591,-0.0549504783012643,-9.88315874324943E-6),
 .UNSPECIFIED.);
#258=B_SPLINE_CURVE_WITH_KNOTS('',3,(#9354,#9355,#9356,#9357,#9358),
 .UNSPECIFIED.,.F.,.F.,(4,1,4),(0.00855246692250184,0.286971179274158,0.483743390417227),
 .UNSPECIFIED.);
#259=B_SPLINE_CURVE_WITH_KNOTS('',3,(#9359,#9360,#9361,#9362,#9363,#9364),
 .UNSPECIFIED.,.F.,.F.,(4,1,1,4),(0.00855246119503057,0.147986264731999,
0.426860321084996,0.483743273905569),.UNSPECIFIED.);
#260=B_SPLINE_CURVE_WITH_KNOTS('',3,(#9368,#9369,#9370,#9371,#9372,#9373,
#9374,#9375,#9376,#9377),.UNSPECIFIED.,.F.,.F.,(4,3,3,4),(0.00243244670317722,
0.719070054379382,0.720318579337301,1.43225722834656),.UNSPECIFIED.);
#261=B_SPLINE_CURVE_WITH_KNOTS('',3,(#9379,#9380,#9381,#9382),
 .UNSPECIFIED.,.F.,.F.,(4,4),(2.93282968358179E-6,0.0171015520902917),
 .UNSPECIFIED.);
#262=B_SPLINE_CURVE_WITH_KNOTS('',3,(#9384,#9385,#9386,#9387,#9388,#9389,
#9390,#9391,#9392,#9393,#9394,#9395),.UNSPECIFIED.,.F.,.F.,(4,2,2,2,2,4),
(-0.313875643968139,-0.237251492689972,-0.159128738740131,-0.0809893814778164,
-0.0404949210327414,-0.0297022509218703),.UNSPECIFIED.);
#263=B_SPLINE_CURVE_WITH_KNOTS('',3,(#9398,#9399,#9400,#9401,#9402,#9403,
#9404,#9405,#9406,#9407),.UNSPECIFIED.,.F.,.F.,(4,2,2,2,4),(0.,0.0780817701374228,
0.156147752622122,0.234251920739338,0.286169524481421),.UNSPECIFIED.);
#264=B_SPLINE_CURVE_WITH_KNOTS('',3,(#9410,#9411,#9412,#9413,#9414,#9415,
#9416,#9417,#9418,#9419),.UNSPECIFIED.,.F.,.F.,(4,2,2,2,4),(0.000589731954761521,
0.786563728458831,1.57156162285236,2.26574742745487,2.95747740306945),
 .UNSPECIFIED.);
#265=B_SPLINE_CURVE_WITH_KNOTS('',3,(#9421,#9422,#9423,#9424,#9425,#9426,
#9427,#9428,#9429,#9430,#9431,#9432,#9433,#9434),.UNSPECIFIED.,.F.,.F.,
(4,2,2,2,2,2,4),(0.314052910800423,0.390677127865606,0.468799948907909,
0.546939373276933,0.588732331266087,0.61032371237399,0.619292708098759),
 .UNSPECIFIED.);
#266=B_SPLINE_CURVE_WITH_KNOTS('',3,(#9437,#9438,#9439,#9440),
 .UNSPECIFIED.,.F.,.F.,(4,4),(0.000188236222807063,0.0101066893354823),
 .UNSPECIFIED.);
#267=B_SPLINE_CURVE_WITH_KNOTS('',3,(#9442,#9443,#9444,#9445,#9446,#9447,
#9448,#9449,#9450,#9451,#9452,#9453),.UNSPECIFIED.,.F.,.F.,(4,2,2,2,2,4),
(-0.31405291084045,-0.312562793384103,-0.234443149712825,-0.156308033197321,
-0.0781573082524235,-0.00862016665353921),.UNSPECIFIED.);
#268=B_SPLINE_CURVE_WITH_KNOTS('',3,(#9457,#9458,#9459,#9460,#9461,#9462,
#9463,#9464,#9465,#9466,#9467,#9468),.UNSPECIFIED.,.F.,.F.,(4,2,2,2,2,4),
(0.313875643925148,0.315365760107179,0.393485336667444,0.471620386058657,
0.549771043865836,0.598174769642844),.UNSPECIFIED.);
#269=B_SPLINE_CURVE_WITH_KNOTS('',3,(#9472,#9473,#9474,#9475,#9476,#9477,
#9478),.UNSPECIFIED.,.F.,.F.,(4,3,4),(1.21830976708137E-5,0.720270159440962,
1.43655622217324),.UNSPECIFIED.);
#270=B_SPLINE_CURVE_WITH_KNOTS('',3,(#9480,#9481,#9482,#9483,#9484,#9485,
#9486,#9487,#9488,#9489),.UNSPECIFIED.,.F.,.F.,(4,2,2,2,4),(0.0262429689159206,
0.0780492712462551,0.15615490835045,0.234222359103919,0.312305597807032),
 .UNSPECIFIED.);
#271=B_SPLINE_CURVE_WITH_KNOTS('',3,(#9493,#9494,#9495,#9496,#9497,#9498,
#9499,#9500,#9501,#9502),.UNSPECIFIED.,.F.,.F.,(4,2,2,2,4),(0.000863793174701074,
1.10088811767308,2.20082291471816,3.10952135917532,4.01623468166274),
 .UNSPECIFIED.);
#272=B_SPLINE_CURVE_WITH_KNOTS('',3,(#9504,#9505,#9506,#9507,#9508,#9509,
#9510,#9511,#9512,#9513,#9514,#9515),.UNSPECIFIED.,.F.,.F.,(4,2,2,2,2,4),
(-0.315236054185841,-0.312331732196771,-0.234199511701489,-0.156104204056267,
-0.0780627562150611,0.),.UNSPECIFIED.);
#273=B_SPLINE_CURVE_WITH_KNOTS('',3,(#9519,#9520,#9521,#9522),
 .UNSPECIFIED.,.F.,.F.,(4,4),(0.,0.00908897645830024),.UNSPECIFIED.);
#274=B_SPLINE_CURVE_WITH_KNOTS('',3,(#9524,#9525,#9526,#9527,#9528,#9529,
#9530,#9531,#9532,#9533,#9534,#9535,#9536,#9537,#9538,#9539,#9540,#9541,
#9542),.UNSPECIFIED.,.F.,.F.,(4,3,3,3,3,3,4),(0.00756194542558152,0.882302878600315,
1.92948462464317,2.20588540147522,3.24362433891936,3.52956530131214,4.40414860641501),
 .UNSPECIFIED.);
#275=B_SPLINE_CURVE_WITH_KNOTS('',3,(#9544,#9545,#9546,#9547),
 .UNSPECIFIED.,.F.,.F.,(4,4),(0.00728935497066946,0.01600166125349),
 .UNSPECIFIED.);
#276=B_SPLINE_CURVE_WITH_KNOTS('',3,(#9549,#9550,#9551,#9552,#9553,#9554,
#9555,#9556,#9557,#9558,#9559,#9560),.UNSPECIFIED.,.F.,.F.,(4,2,2,2,2,4),
(-0.00290439899545799,0.,0.0781342921251554,0.156231670421532,0.234275187485822,
0.31234001348895),.UNSPECIFIED.);
#277=B_SPLINE_CURVE_WITH_KNOTS('',3,(#9563,#9564,#9565,#9566,#9567,#9568,
#9569,#9570,#9571,#9572),.UNSPECIFIED.,.F.,.F.,(4,2,2,2,4),(0.,1.08698467897092,
2.17983252921863,3.09788029493693,4.0156146855209),.UNSPECIFIED.);
#278=B_SPLINE_CURVE_WITH_KNOTS('',3,(#9622,#9623,#9624,#9625,#9626,#9627,
#9628,#9629,#9630,#9631,#9632,#9633),.UNSPECIFIED.,.F.,.F.,(4,2,2,2,2,4),
(0.0427843968174189,0.663834116134927,1.32087564345904,2.63482487300104,
5.32871677659255,10.8708223688133),.UNSPECIFIED.);
#279=B_SPLINE_CURVE_WITH_KNOTS('',3,(#9634,#9635,#9636,#9637,#9638,#9639,
#9640,#9641,#9642,#9643,#9644,#9645),.UNSPECIFIED.,.F.,.F.,(4,2,2,2,2,4),
(0.198582932759,6.74433902787748,9.92692311901868,11.4792303447008,12.2554662632506,
12.989119300201),.UNSPECIFIED.);
#280=B_SPLINE_CURVE_WITH_KNOTS('',3,(#9694,#9695,#9696,#9697,#9698,#9699,
#9700,#9701,#9702,#9703,#9704,#9705),.UNSPECIFIED.,.F.,.F.,(4,2,2,2,2,4),
(-11.6465325036489,-5.60241711790307,-2.7403597463075,-1.35733476618075,
-0.675862091703812,-0.0426180494328018),.UNSPECIFIED.);
#281=B_SPLINE_CURVE_WITH_KNOTS('',3,(#9790,#9791,#9792,#9793),
 .UNSPECIFIED.,.F.,.F.,(4,4),(0.483743273905569,0.982850918421482),
 .UNSPECIFIED.);
#282=B_SPLINE_CURVE_WITH_KNOTS('',3,(#9830,#9831,#9832,#9833,#9834,#9835,
#9836,#9837,#9838,#9839,#9840,#9841),.UNSPECIFIED.,.F.,.F.,(4,2,2,2,2,4),
(0.226017406126224,6.28533756694752,9.15459709502615,10.5410977179738,11.2242800844458,
11.8591525866),.UNSPECIFIED.);
#283=B_SPLINE_CURVE_WITH_KNOTS('',3,(#9939,#9940,#9941,#9942),
 .UNSPECIFIED.,.F.,.F.,(4,4),(0.,1.),.UNSPECIFIED.);
#284=B_SPLINE_CURVE_WITH_KNOTS('',3,(#9947,#9948,#9949,#9950),
 .UNSPECIFIED.,.F.,.F.,(4,4),(0.,1.),.UNSPECIFIED.);
#285=B_SPLINE_CURVE_WITH_KNOTS('',3,(#9978,#9979,#9980,#9981),
 .UNSPECIFIED.,.F.,.F.,(4,4),(0.483743194053379,1.),.UNSPECIFIED.);
#286=B_SPLINE_CURVE_WITH_KNOTS('',3,(#9982,#9983,#9984,#9985),
 .UNSPECIFIED.,.F.,.F.,(4,4),(0.,0.483743194053379),.UNSPECIFIED.);
#287=B_SPLINE_CURVE_WITH_KNOTS('',3,(#10020,#10021,#10022,#10023),
 .UNSPECIFIED.,.F.,.F.,(4,4),(0.,1.),.UNSPECIFIED.);
#288=B_SPLINE_CURVE_WITH_KNOTS('',3,(#10070,#10071,#10072,#10073),
 .UNSPECIFIED.,.F.,.F.,(4,4),(0.,1.),.UNSPECIFIED.);
#289=B_SPLINE_CURVE_WITH_KNOTS('',3,(#10109,#10110,#10111,#10112),
 .UNSPECIFIED.,.F.,.F.,(4,4),(0.483743194053388,1.),.UNSPECIFIED.);
#290=B_SPLINE_CURVE_WITH_KNOTS('',3,(#10113,#10114,#10115,#10116),
 .UNSPECIFIED.,.F.,.F.,(4,4),(0.,0.483743194053388),.UNSPECIFIED.);
#291=B_SPLINE_CURVE_WITH_KNOTS('',3,(#10143,#10144,#10145,#10146),
 .UNSPECIFIED.,.F.,.F.,(4,4),(0.,1.),.UNSPECIFIED.);
#292=B_SPLINE_CURVE_WITH_KNOTS('',3,(#10183,#10184,#10185,#10186),
 .UNSPECIFIED.,.F.,.F.,(4,4),(0.,1.),.UNSPECIFIED.);
#293=B_SPLINE_CURVE_WITH_KNOTS('',3,(#10246,#10247,#10248,#10249,#10250,
#10251,#10252,#10253,#10254,#10255,#10256,#10257,#10258,#10259,#10260,#10261),
 .UNSPECIFIED.,.F.,.F.,(4,3,3,3,3,4),(-0.353359133396989,-0.260441679856548,
-0.202137441376468,-0.201911978248307,-0.108960416978505,-0.0509294202664446),
 .UNSPECIFIED.);
#294=B_SPLINE_CURVE_WITH_KNOTS('',3,(#10286,#10287,#10288,#10289,#10290,
#10291,#10292,#10293),.UNSPECIFIED.,.F.,.F.,(4,2,2,4),(-0.372342352969232,
-0.276174561274453,-0.153017938310382,-0.0577805671804476),
 .UNSPECIFIED.);
#295=CYLINDRICAL_SURFACE('',#5064,1.3);
#296=CYLINDRICAL_SURFACE('',#5066,1.3);
#297=CYLINDRICAL_SURFACE('',#5068,1.3);
#298=CYLINDRICAL_SURFACE('',#5070,1.3);
#299=CYLINDRICAL_SURFACE('',#5072,1.3);
#300=CYLINDRICAL_SURFACE('',#5074,1.3);
#301=CYLINDRICAL_SURFACE('',#5076,1.3);
#302=CYLINDRICAL_SURFACE('',#5078,1.3);
#303=CYLINDRICAL_SURFACE('',#5080,1.3);
#304=CYLINDRICAL_SURFACE('',#5082,1.3);
#305=CYLINDRICAL_SURFACE('',#5084,6.9);
#306=CYLINDRICAL_SURFACE('',#5094,9.00000000000001);
#307=CYLINDRICAL_SURFACE('',#5098,9.);
#308=CYLINDRICAL_SURFACE('',#5104,4.);
#309=CYLINDRICAL_SURFACE('',#5107,4.);
#310=CYLINDRICAL_SURFACE('',#5110,5.);
#311=CYLINDRICAL_SURFACE('',#5114,5.);
#312=CYLINDRICAL_SURFACE('',#5119,2.5);
#313=CYLINDRICAL_SURFACE('',#5137,1.005);
#314=CYLINDRICAL_SURFACE('',#5149,1.005);
#315=CYLINDRICAL_SURFACE('',#5161,1.05);
#316=CYLINDRICAL_SURFACE('',#5163,1.5);
#317=CYLINDRICAL_SURFACE('',#5178,1.005);
#318=CYLINDRICAL_SURFACE('',#5180,1.5);
#319=CYLINDRICAL_SURFACE('',#5185,1.05);
#320=CYLINDRICAL_SURFACE('',#5187,1.5);
#321=CYLINDRICAL_SURFACE('',#5192,1.5);
#322=CYLINDRICAL_SURFACE('',#5197,1.05);
#323=CYLINDRICAL_SURFACE('',#5199,1.05);
#324=CYLINDRICAL_SURFACE('',#5201,1.05);
#325=CYLINDRICAL_SURFACE('',#5203,2.5);
#326=CYLINDRICAL_SURFACE('',#5214,0.5);
#327=CYLINDRICAL_SURFACE('',#5218,0.5);
#328=CYLINDRICAL_SURFACE('',#5219,0.5);
#329=CYLINDRICAL_SURFACE('',#5223,0.5);
#330=CYLINDRICAL_SURFACE('',#5230,8.);
#331=CYLINDRICAL_SURFACE('',#5233,8.00000000000001);
#332=CYLINDRICAL_SURFACE('',#5241,0.5);
#333=CYLINDRICAL_SURFACE('',#5242,0.5);
#334=CYLINDRICAL_SURFACE('',#5246,0.5);
#335=CYLINDRICAL_SURFACE('',#5250,0.5);
#336=CYLINDRICAL_SURFACE('',#5257,10.5);
#337=CYLINDRICAL_SURFACE('',#5260,10.5);
#338=CYLINDRICAL_SURFACE('',#5270,0.5);
#339=CYLINDRICAL_SURFACE('',#5274,0.5);
#340=CYLINDRICAL_SURFACE('',#5278,0.5);
#341=CYLINDRICAL_SURFACE('',#5281,0.5);
#342=CYLINDRICAL_SURFACE('',#5289,0.5);
#343=CYLINDRICAL_SURFACE('',#5291,0.5);
#344=CYLINDRICAL_SURFACE('',#5293,0.5);
#345=CYLINDRICAL_SURFACE('',#5296,0.5);
#346=CYLINDRICAL_SURFACE('',#5298,16.);
#347=CYLINDRICAL_SURFACE('',#5300,16.);
#348=CYLINDRICAL_SURFACE('',#5301,7.00000000000001);
#349=CYLINDRICAL_SURFACE('',#5303,14.);
#350=CYLINDRICAL_SURFACE('',#5305,14.);
#351=CYLINDRICAL_SURFACE('',#5307,7.00000000000002);
#352=CYLINDRICAL_SURFACE('',#5309,18.5);
#353=CYLINDRICAL_SURFACE('',#5311,18.5);
#354=CYLINDRICAL_SURFACE('',#5313,6.9);
#355=CYLINDRICAL_SURFACE('',#5316,6.9);
#356=CYLINDRICAL_SURFACE('',#5317,6.9);
#357=CYLINDRICAL_SURFACE('',#5323,14.);
#358=CYLINDRICAL_SURFACE('',#5326,22.);
#359=CYLINDRICAL_SURFACE('',#5329,14.);
#360=CYLINDRICAL_SURFACE('',#5331,14.);
#361=CYLINDRICAL_SURFACE('',#5333,22.);
#362=CYLINDRICAL_SURFACE('',#5336,22.);
#363=CYLINDRICAL_SURFACE('',#5373,28.);
#364=CYLINDRICAL_SURFACE('',#5376,20.);
#365=CYLINDRICAL_SURFACE('',#5378,14.);
#366=CYLINDRICAL_SURFACE('',#5389,22.);
#367=CYLINDRICAL_SURFACE('',#5392,14.);
#368=CYLINDRICAL_SURFACE('',#5395,16.);
#369=CYLINDRICAL_SURFACE('',#5397,24.);
#370=CYLINDRICAL_SURFACE('',#5399,24.);
#371=CYLINDRICAL_SURFACE('',#5401,16.);
#372=CYLINDRICAL_SURFACE('',#5410,28.);
#373=CYLINDRICAL_SURFACE('',#5412,20.);
#374=CYLINDRICAL_SURFACE('',#5414,28.);
#375=CYLINDRICAL_SURFACE('',#5416,20.);
#376=CYLINDRICAL_SURFACE('',#5418,5.);
#377=CYLINDRICAL_SURFACE('',#5430,2.);
#378=CYLINDRICAL_SURFACE('',#5433,2.);
#379=CYLINDRICAL_SURFACE('',#5436,2.);
#380=CYLINDRICAL_SURFACE('',#5439,2.);
#381=CYLINDRICAL_SURFACE('',#5451,28.);
#382=CYLINDRICAL_SURFACE('',#5453,20.);
#383=CYLINDRICAL_SURFACE('',#5456,22.);
#384=CYLINDRICAL_SURFACE('',#5458,22.);
#385=CYLINDRICAL_SURFACE('',#5460,30.);
#386=CYLINDRICAL_SURFACE('',#5462,30.);
#387=FACE_BOUND('',#723,.T.);
#388=FACE_BOUND('',#735,.T.);
#389=FACE_BOUND('',#737,.T.);
#390=FACE_BOUND('',#741,.T.);
#391=FACE_BOUND('',#746,.T.);
#392=FACE_BOUND('',#747,.T.);
#393=FACE_BOUND('',#754,.T.);
#394=FACE_BOUND('',#764,.T.);
#395=FACE_BOUND('',#769,.T.);
#396=FACE_BOUND('',#772,.T.);
#397=FACE_BOUND('',#782,.T.);
#398=FACE_BOUND('',#793,.T.);
#399=FACE_BOUND('',#804,.T.);
#400=FACE_BOUND('',#808,.T.);
#401=FACE_BOUND('',#818,.T.);
#402=FACE_BOUND('',#822,.T.);
#403=FACE_BOUND('',#826,.T.);
#404=FACE_BOUND('',#829,.T.);
#405=FACE_BOUND('',#839,.T.);
#406=FACE_BOUND('',#857,.T.);
#407=FACE_BOUND('',#871,.T.);
#408=FACE_BOUND('',#872,.T.);
#409=FACE_BOUND('',#873,.T.);
#410=FACE_BOUND('',#874,.T.);
#411=FACE_BOUND('',#875,.T.);
#412=FACE_BOUND('',#876,.T.);
#413=FACE_BOUND('',#877,.T.);
#414=FACE_BOUND('',#878,.T.);
#415=FACE_BOUND('',#879,.T.);
#416=FACE_BOUND('',#880,.T.);
#417=FACE_BOUND('',#881,.T.);
#418=FACE_BOUND('',#891,.T.);
#419=FACE_BOUND('',#917,.T.);
#420=FACE_BOUND('',#918,.T.);
#421=FACE_BOUND('',#920,.T.);
#422=FACE_BOUND('',#922,.T.);
#423=FACE_BOUND('',#923,.T.);
#424=FACE_BOUND('',#925,.T.);
#425=FACE_BOUND('',#927,.T.);
#426=FACE_BOUND('',#929,.T.);
#427=FACE_BOUND('',#935,.T.);
#428=FACE_BOUND('',#940,.T.);
#429=FACE_BOUND('',#952,.T.);
#430=FACE_BOUND('',#955,.T.);
#431=FACE_BOUND('',#958,.T.);
#432=FACE_BOUND('',#961,.T.);
#433=FACE_BOUND('',#964,.T.);
#434=FACE_BOUND('',#967,.T.);
#435=FACE_BOUND('',#970,.T.);
#436=FACE_BOUND('',#981,.T.);
#437=FACE_BOUND('',#987,.T.);
#438=FACE_BOUND('',#990,.T.);
#439=FACE_BOUND('',#996,.T.);
#440=FACE_BOUND('',#997,.T.);
#441=FACE_BOUND('',#998,.T.);
#442=FACE_BOUND('',#999,.T.);
#443=FACE_BOUND('',#1000,.T.);
#444=FACE_BOUND('',#1006,.T.);
#445=FACE_BOUND('',#1010,.T.);
#446=FACE_BOUND('',#1027,.T.);
#447=FACE_BOUND('',#1038,.T.);
#448=FACE_BOUND('',#1042,.T.);
#449=FACE_BOUND('',#1045,.T.);
#450=FACE_BOUND('',#1046,.T.);
#451=FACE_BOUND('',#1049,.T.);
#452=FACE_BOUND('',#1052,.T.);
#453=FACE_OUTER_BOUND('',#722,.T.);
#454=FACE_OUTER_BOUND('',#724,.T.);
#455=FACE_OUTER_BOUND('',#725,.T.);
#456=FACE_OUTER_BOUND('',#726,.T.);
#457=FACE_OUTER_BOUND('',#727,.T.);
#458=FACE_OUTER_BOUND('',#728,.T.);
#459=FACE_OUTER_BOUND('',#729,.T.);
#460=FACE_OUTER_BOUND('',#730,.T.);
#461=FACE_OUTER_BOUND('',#731,.T.);
#462=FACE_OUTER_BOUND('',#732,.T.);
#463=FACE_OUTER_BOUND('',#733,.T.);
#464=FACE_OUTER_BOUND('',#734,.T.);
#465=FACE_OUTER_BOUND('',#736,.T.);
#466=FACE_OUTER_BOUND('',#738,.T.);
#467=FACE_OUTER_BOUND('',#739,.T.);
#468=FACE_OUTER_BOUND('',#740,.T.);
#469=FACE_OUTER_BOUND('',#742,.T.);
#470=FACE_OUTER_BOUND('',#743,.T.);
#471=FACE_OUTER_BOUND('',#744,.T.);
#472=FACE_OUTER_BOUND('',#745,.T.);
#473=FACE_OUTER_BOUND('',#748,.T.);
#474=FACE_OUTER_BOUND('',#749,.T.);
#475=FACE_OUTER_BOUND('',#750,.T.);
#476=FACE_OUTER_BOUND('',#751,.T.);
#477=FACE_OUTER_BOUND('',#752,.T.);
#478=FACE_OUTER_BOUND('',#753,.T.);
#479=FACE_OUTER_BOUND('',#755,.T.);
#480=FACE_OUTER_BOUND('',#756,.T.);
#481=FACE_OUTER_BOUND('',#757,.T.);
#482=FACE_OUTER_BOUND('',#758,.T.);
#483=FACE_OUTER_BOUND('',#759,.T.);
#484=FACE_OUTER_BOUND('',#760,.T.);
#485=FACE_OUTER_BOUND('',#761,.T.);
#486=FACE_OUTER_BOUND('',#762,.T.);
#487=FACE_OUTER_BOUND('',#763,.T.);
#488=FACE_OUTER_BOUND('',#765,.T.);
#489=FACE_OUTER_BOUND('',#766,.T.);
#490=FACE_OUTER_BOUND('',#767,.T.);
#491=FACE_OUTER_BOUND('',#768,.T.);
#492=FACE_OUTER_BOUND('',#770,.T.);
#493=FACE_OUTER_BOUND('',#771,.T.);
#494=FACE_OUTER_BOUND('',#773,.T.);
#495=FACE_OUTER_BOUND('',#774,.T.);
#496=FACE_OUTER_BOUND('',#775,.T.);
#497=FACE_OUTER_BOUND('',#776,.T.);
#498=FACE_OUTER_BOUND('',#777,.T.);
#499=FACE_OUTER_BOUND('',#778,.T.);
#500=FACE_OUTER_BOUND('',#779,.T.);
#501=FACE_OUTER_BOUND('',#780,.T.);
#502=FACE_OUTER_BOUND('',#781,.T.);
#503=FACE_OUTER_BOUND('',#783,.T.);
#504=FACE_OUTER_BOUND('',#784,.T.);
#505=FACE_OUTER_BOUND('',#785,.T.);
#506=FACE_OUTER_BOUND('',#786,.T.);
#507=FACE_OUTER_BOUND('',#787,.T.);
#508=FACE_OUTER_BOUND('',#788,.T.);
#509=FACE_OUTER_BOUND('',#789,.T.);
#510=FACE_OUTER_BOUND('',#790,.T.);
#511=FACE_OUTER_BOUND('',#791,.T.);
#512=FACE_OUTER_BOUND('',#792,.T.);
#513=FACE_OUTER_BOUND('',#794,.T.);
#514=FACE_OUTER_BOUND('',#795,.T.);
#515=FACE_OUTER_BOUND('',#796,.T.);
#516=FACE_OUTER_BOUND('',#797,.T.);
#517=FACE_OUTER_BOUND('',#798,.T.);
#518=FACE_OUTER_BOUND('',#799,.T.);
#519=FACE_OUTER_BOUND('',#800,.T.);
#520=FACE_OUTER_BOUND('',#801,.T.);
#521=FACE_OUTER_BOUND('',#802,.T.);
#522=FACE_OUTER_BOUND('',#803,.T.);
#523=FACE_OUTER_BOUND('',#805,.T.);
#524=FACE_OUTER_BOUND('',#806,.T.);
#525=FACE_OUTER_BOUND('',#807,.T.);
#526=FACE_OUTER_BOUND('',#809,.T.);
#527=FACE_OUTER_BOUND('',#810,.T.);
#528=FACE_OUTER_BOUND('',#811,.T.);
#529=FACE_OUTER_BOUND('',#812,.T.);
#530=FACE_OUTER_BOUND('',#813,.T.);
#531=FACE_OUTER_BOUND('',#814,.T.);
#532=FACE_OUTER_BOUND('',#815,.T.);
#533=FACE_OUTER_BOUND('',#816,.T.);
#534=FACE_OUTER_BOUND('',#817,.T.);
#535=FACE_OUTER_BOUND('',#819,.T.);
#536=FACE_OUTER_BOUND('',#820,.T.);
#537=FACE_OUTER_BOUND('',#821,.T.);
#538=FACE_OUTER_BOUND('',#823,.T.);
#539=FACE_OUTER_BOUND('',#824,.T.);
#540=FACE_OUTER_BOUND('',#825,.T.);
#541=FACE_OUTER_BOUND('',#827,.T.);
#542=FACE_OUTER_BOUND('',#828,.T.);
#543=FACE_OUTER_BOUND('',#830,.T.);
#544=FACE_OUTER_BOUND('',#831,.T.);
#545=FACE_OUTER_BOUND('',#832,.T.);
#546=FACE_OUTER_BOUND('',#833,.T.);
#547=FACE_OUTER_BOUND('',#834,.T.);
#548=FACE_OUTER_BOUND('',#835,.T.);
#549=FACE_OUTER_BOUND('',#836,.T.);
#550=FACE_OUTER_BOUND('',#837,.T.);
#551=FACE_OUTER_BOUND('',#838,.T.);
#552=FACE_OUTER_BOUND('',#840,.T.);
#553=FACE_OUTER_BOUND('',#841,.T.);
#554=FACE_OUTER_BOUND('',#842,.T.);
#555=FACE_OUTER_BOUND('',#843,.T.);
#556=FACE_OUTER_BOUND('',#844,.T.);
#557=FACE_OUTER_BOUND('',#845,.T.);
#558=FACE_OUTER_BOUND('',#846,.T.);
#559=FACE_OUTER_BOUND('',#847,.T.);
#560=FACE_OUTER_BOUND('',#848,.T.);
#561=FACE_OUTER_BOUND('',#849,.T.);
#562=FACE_OUTER_BOUND('',#850,.T.);
#563=FACE_OUTER_BOUND('',#851,.T.);
#564=FACE_OUTER_BOUND('',#852,.T.);
#565=FACE_OUTER_BOUND('',#853,.T.);
#566=FACE_OUTER_BOUND('',#854,.T.);
#567=FACE_OUTER_BOUND('',#855,.T.);
#568=FACE_OUTER_BOUND('',#856,.T.);
#569=FACE_OUTER_BOUND('',#858,.T.);
#570=FACE_OUTER_BOUND('',#859,.T.);
#571=FACE_OUTER_BOUND('',#860,.T.);
#572=FACE_OUTER_BOUND('',#861,.T.);
#573=FACE_OUTER_BOUND('',#862,.T.);
#574=FACE_OUTER_BOUND('',#863,.T.);
#575=FACE_OUTER_BOUND('',#864,.T.);
#576=FACE_OUTER_BOUND('',#865,.T.);
#577=FACE_OUTER_BOUND('',#866,.T.);
#578=FACE_OUTER_BOUND('',#867,.T.);
#579=FACE_OUTER_BOUND('',#868,.T.);
#580=FACE_OUTER_BOUND('',#869,.T.);
#581=FACE_OUTER_BOUND('',#870,.T.);
#582=FACE_OUTER_BOUND('',#882,.T.);
#583=FACE_OUTER_BOUND('',#883,.T.);
#584=FACE_OUTER_BOUND('',#884,.T.);
#585=FACE_OUTER_BOUND('',#885,.T.);
#586=FACE_OUTER_BOUND('',#886,.T.);
#587=FACE_OUTER_BOUND('',#887,.T.);
#588=FACE_OUTER_BOUND('',#888,.T.);
#589=FACE_OUTER_BOUND('',#889,.T.);
#590=FACE_OUTER_BOUND('',#890,.T.);
#591=FACE_OUTER_BOUND('',#892,.T.);
#592=FACE_OUTER_BOUND('',#893,.T.);
#593=FACE_OUTER_BOUND('',#894,.T.);
#594=FACE_OUTER_BOUND('',#895,.T.);
#595=FACE_OUTER_BOUND('',#896,.T.);
#596=FACE_OUTER_BOUND('',#897,.T.);
#597=FACE_OUTER_BOUND('',#898,.T.);
#598=FACE_OUTER_BOUND('',#899,.T.);
#599=FACE_OUTER_BOUND('',#900,.T.);
#600=FACE_OUTER_BOUND('',#901,.T.);
#601=FACE_OUTER_BOUND('',#902,.T.);
#602=FACE_OUTER_BOUND('',#903,.T.);
#603=FACE_OUTER_BOUND('',#904,.T.);
#604=FACE_OUTER_BOUND('',#905,.T.);
#605=FACE_OUTER_BOUND('',#906,.T.);
#606=FACE_OUTER_BOUND('',#907,.T.);
#607=FACE_OUTER_BOUND('',#908,.T.);
#608=FACE_OUTER_BOUND('',#909,.T.);
#609=FACE_OUTER_BOUND('',#910,.T.);
#610=FACE_OUTER_BOUND('',#911,.T.);
#611=FACE_OUTER_BOUND('',#912,.T.);
#612=FACE_OUTER_BOUND('',#913,.T.);
#613=FACE_OUTER_BOUND('',#914,.T.);
#614=FACE_OUTER_BOUND('',#915,.T.);
#615=FACE_OUTER_BOUND('',#916,.T.);
#616=FACE_OUTER_BOUND('',#919,.T.);
#617=FACE_OUTER_BOUND('',#921,.T.);
#618=FACE_OUTER_BOUND('',#924,.T.);
#619=FACE_OUTER_BOUND('',#926,.T.);
#620=FACE_OUTER_BOUND('',#928,.T.);
#621=FACE_OUTER_BOUND('',#930,.T.);
#622=FACE_OUTER_BOUND('',#931,.T.);
#623=FACE_OUTER_BOUND('',#932,.T.);
#624=FACE_OUTER_BOUND('',#933,.T.);
#625=FACE_OUTER_BOUND('',#934,.T.);
#626=FACE_OUTER_BOUND('',#936,.T.);
#627=FACE_OUTER_BOUND('',#937,.T.);
#628=FACE_OUTER_BOUND('',#938,.T.);
#629=FACE_OUTER_BOUND('',#939,.T.);
#630=FACE_OUTER_BOUND('',#941,.T.);
#631=FACE_OUTER_BOUND('',#942,.T.);
#632=FACE_OUTER_BOUND('',#943,.T.);
#633=FACE_OUTER_BOUND('',#944,.T.);
#634=FACE_OUTER_BOUND('',#945,.T.);
#635=FACE_OUTER_BOUND('',#946,.T.);
#636=FACE_OUTER_BOUND('',#947,.T.);
#637=FACE_OUTER_BOUND('',#948,.T.);
#638=FACE_OUTER_BOUND('',#949,.T.);
#639=FACE_OUTER_BOUND('',#950,.T.);
#640=FACE_OUTER_BOUND('',#951,.T.);
#641=FACE_OUTER_BOUND('',#953,.T.);
#642=FACE_OUTER_BOUND('',#954,.T.);
#643=FACE_OUTER_BOUND('',#956,.T.);
#644=FACE_OUTER_BOUND('',#957,.T.);
#645=FACE_OUTER_BOUND('',#959,.T.);
#646=FACE_OUTER_BOUND('',#960,.T.);
#647=FACE_OUTER_BOUND('',#962,.T.);
#648=FACE_OUTER_BOUND('',#963,.T.);
#649=FACE_OUTER_BOUND('',#965,.T.);
#650=FACE_OUTER_BOUND('',#966,.T.);
#651=FACE_OUTER_BOUND('',#968,.T.);
#652=FACE_OUTER_BOUND('',#969,.T.);
#653=FACE_OUTER_BOUND('',#971,.T.);
#654=FACE_OUTER_BOUND('',#972,.T.);
#655=FACE_OUTER_BOUND('',#973,.T.);
#656=FACE_OUTER_BOUND('',#974,.T.);
#657=FACE_OUTER_BOUND('',#975,.T.);
#658=FACE_OUTER_BOUND('',#976,.T.);
#659=FACE_OUTER_BOUND('',#977,.T.);
#660=FACE_OUTER_BOUND('',#978,.T.);
#661=FACE_OUTER_BOUND('',#979,.T.);
#662=FACE_OUTER_BOUND('',#980,.T.);
#663=FACE_OUTER_BOUND('',#982,.T.);
#664=FACE_OUTER_BOUND('',#983,.T.);
#665=FACE_OUTER_BOUND('',#984,.T.);
#666=FACE_OUTER_BOUND('',#985,.T.);
#667=FACE_OUTER_BOUND('',#986,.T.);
#668=FACE_OUTER_BOUND('',#988,.T.);
#669=FACE_OUTER_BOUND('',#989,.T.);
#670=FACE_OUTER_BOUND('',#991,.T.);
#671=FACE_OUTER_BOUND('',#992,.T.);
#672=FACE_OUTER_BOUND('',#993,.T.);
#673=FACE_OUTER_BOUND('',#994,.T.);
#674=FACE_OUTER_BOUND('',#995,.T.);
#675=FACE_OUTER_BOUND('',#1001,.T.);
#676=FACE_OUTER_BOUND('',#1002,.T.);
#677=FACE_OUTER_BOUND('',#1003,.T.);
#678=FACE_OUTER_BOUND('',#1004,.T.);
#679=FACE_OUTER_BOUND('',#1005,.T.);
#680=FACE_OUTER_BOUND('',#1007,.T.);
#681=FACE_OUTER_BOUND('',#1008,.T.);
#682=FACE_OUTER_BOUND('',#1009,.T.);
#683=FACE_OUTER_BOUND('',#1011,.T.);
#684=FACE_OUTER_BOUND('',#1012,.T.);
#685=FACE_OUTER_BOUND('',#1013,.T.);
#686=FACE_OUTER_BOUND('',#1014,.T.);
#687=FACE_OUTER_BOUND('',#1015,.T.);
#688=FACE_OUTER_BOUND('',#1016,.T.);
#689=FACE_OUTER_BOUND('',#1017,.T.);
#690=FACE_OUTER_BOUND('',#1018,.T.);
#691=FACE_OUTER_BOUND('',#1019,.T.);
#692=FACE_OUTER_BOUND('',#1020,.T.);
#693=FACE_OUTER_BOUND('',#1021,.T.);
#694=FACE_OUTER_BOUND('',#1022,.T.);
#695=FACE_OUTER_BOUND('',#1023,.T.);
#696=FACE_OUTER_BOUND('',#1024,.T.);
#697=FACE_OUTER_BOUND('',#1025,.T.);
#698=FACE_OUTER_BOUND('',#1026,.T.);
#699=FACE_OUTER_BOUND('',#1028,.T.);
#700=FACE_OUTER_BOUND('',#1029,.T.);
#701=FACE_OUTER_BOUND('',#1030,.T.);
#702=FACE_OUTER_BOUND('',#1031,.T.);
#703=FACE_OUTER_BOUND('',#1032,.T.);
#704=FACE_OUTER_BOUND('',#1033,.T.);
#705=FACE_OUTER_BOUND('',#1034,.T.);
#706=FACE_OUTER_BOUND('',#1035,.T.);
#707=FACE_OUTER_BOUND('',#1036,.T.);
#708=FACE_OUTER_BOUND('',#1037,.T.);
#709=FACE_OUTER_BOUND('',#1039,.T.);
#710=FACE_OUTER_BOUND('',#1040,.T.);
#711=FACE_OUTER_BOUND('',#1041,.T.);
#712=FACE_OUTER_BOUND('',#1043,.T.);
#713=FACE_OUTER_BOUND('',#1044,.T.);
#714=FACE_OUTER_BOUND('',#1047,.T.);
#715=FACE_OUTER_BOUND('',#1048,.T.);
#716=FACE_OUTER_BOUND('',#1050,.T.);
#717=FACE_OUTER_BOUND('',#1051,.T.);
#718=FACE_OUTER_BOUND('',#1053,.T.);
#719=FACE_OUTER_BOUND('',#1054,.T.);
#720=FACE_OUTER_BOUND('',#1055,.T.);
#721=FACE_OUTER_BOUND('',#1056,.T.);
#722=EDGE_LOOP('',(#3212,#3213,#3214,#3215,#3216,#3217,#3218));
#723=EDGE_LOOP('',(#3219,#3220,#3221,#3222,#3223,#3224,#3225,#3226));
#724=EDGE_LOOP('',(#3227,#3228,#3229,#3230,#3231));
#725=EDGE_LOOP('',(#3232,#3233,#3234,#3235,#3236));
#726=EDGE_LOOP('',(#3237,#3238,#3239,#3240,#3241));
#727=EDGE_LOOP('',(#3242,#3243,#3244,#3245,#3246));
#728=EDGE_LOOP('',(#3247,#3248,#3249,#3250));
#729=EDGE_LOOP('',(#3251,#3252,#3253,#3254,#3255,#3256));
#730=EDGE_LOOP('',(#3257,#3258,#3259,#3260,#3261));
#731=EDGE_LOOP('',(#3262,#3263,#3264,#3265,#3266));
#732=EDGE_LOOP('',(#3267,#3268,#3269,#3270,#3271));
#733=EDGE_LOOP('',(#3272,#3273,#3274,#3275,#3276));
#734=EDGE_LOOP('',(#3277,#3278,#3279,#3280,#3281,#3282,#3283,#3284));
#735=EDGE_LOOP('',(#3285,#3286));
#736=EDGE_LOOP('',(#3287,#3288,#3289,#3290,#3291,#3292));
#737=EDGE_LOOP('',(#3293));
#738=EDGE_LOOP('',(#3294,#3295,#3296,#3297,#3298,#3299));
#739=EDGE_LOOP('',(#3300,#3301,#3302,#3303,#3304,#3305,#3306,#3307,#3308,
#3309,#3310,#3311,#3312,#3313));
#740=EDGE_LOOP('',(#3314,#3315,#3316,#3317,#3318,#3319,#3320,#3321,#3322,
#3323));
#741=EDGE_LOOP('',(#3324,#3325,#3326));
#742=EDGE_LOOP('',(#3327,#3328,#3329));
#743=EDGE_LOOP('',(#3330,#3331,#3332));
#744=EDGE_LOOP('',(#3333,#3334,#3335,#3336));
#745=EDGE_LOOP('',(#3337,#3338,#3339,#3340));
#746=EDGE_LOOP('',(#3341,#3342,#3343,#3344,#3345,#3346));
#747=EDGE_LOOP('',(#3347,#3348,#3349,#3350));
#748=EDGE_LOOP('',(#3351,#3352,#3353,#3354));
#749=EDGE_LOOP('',(#3355,#3356,#3357,#3358));
#750=EDGE_LOOP('',(#3359,#3360,#3361,#3362));
#751=EDGE_LOOP('',(#3363,#3364,#3365,#3366));
#752=EDGE_LOOP('',(#3367,#3368,#3369,#3370));
#753=EDGE_LOOP('',(#3371,#3372,#3373,#3374));
#754=EDGE_LOOP('',(#3375,#3376,#3377,#3378));
#755=EDGE_LOOP('',(#3379,#3380,#3381,#3382));
#756=EDGE_LOOP('',(#3383,#3384,#3385,#3386));
#757=EDGE_LOOP('',(#3387,#3388,#3389,#3390));
#758=EDGE_LOOP('',(#3391,#3392,#3393,#3394));
#759=EDGE_LOOP('',(#3395,#3396,#3397,#3398));
#760=EDGE_LOOP('',(#3399,#3400,#3401,#3402));
#761=EDGE_LOOP('',(#3403,#3404,#3405,#3406));
#762=EDGE_LOOP('',(#3407,#3408,#3409,#3410));
#763=EDGE_LOOP('',(#3411,#3412,#3413,#3414));
#764=EDGE_LOOP('',(#3415,#3416,#3417,#3418));
#765=EDGE_LOOP('',(#3419,#3420,#3421,#3422));
#766=EDGE_LOOP('',(#3423,#3424,#3425,#3426));
#767=EDGE_LOOP('',(#3427,#3428,#3429,#3430));
#768=EDGE_LOOP('',(#3431,#3432,#3433,#3434));
#769=EDGE_LOOP('',(#3435));
#770=EDGE_LOOP('',(#3436,#3437,#3438,#3439));
#771=EDGE_LOOP('',(#3440,#3441,#3442,#3443));
#772=EDGE_LOOP('',(#3444));
#773=EDGE_LOOP('',(#3445,#3446,#3447,#3448));
#774=EDGE_LOOP('',(#3449,#3450,#3451,#3452));
#775=EDGE_LOOP('',(#3453,#3454,#3455,#3456));
#776=EDGE_LOOP('',(#3457,#3458,#3459,#3460));
#777=EDGE_LOOP('',(#3461,#3462,#3463,#3464));
#778=EDGE_LOOP('',(#3465,#3466,#3467,#3468));
#779=EDGE_LOOP('',(#3469,#3470,#3471,#3472));
#780=EDGE_LOOP('',(#3473,#3474,#3475,#3476));
#781=EDGE_LOOP('',(#3477,#3478,#3479,#3480,#3481,#3482,#3483,#3484));
#782=EDGE_LOOP('',(#3485));
#783=EDGE_LOOP('',(#3486,#3487,#3488,#3489));
#784=EDGE_LOOP('',(#3490,#3491,#3492,#3493));
#785=EDGE_LOOP('',(#3494,#3495,#3496,#3497));
#786=EDGE_LOOP('',(#3498,#3499,#3500,#3501));
#787=EDGE_LOOP('',(#3502,#3503,#3504,#3505));
#788=EDGE_LOOP('',(#3506,#3507,#3508,#3509));
#789=EDGE_LOOP('',(#3510,#3511,#3512,#3513));
#790=EDGE_LOOP('',(#3514,#3515,#3516,#3517));
#791=EDGE_LOOP('',(#3518,#3519,#3520,#3521));
#792=EDGE_LOOP('',(#3522,#3523,#3524,#3525,#3526,#3527,#3528,#3529));
#793=EDGE_LOOP('',(#3530));
#794=EDGE_LOOP('',(#3531,#3532,#3533,#3534));
#795=EDGE_LOOP('',(#3535,#3536,#3537,#3538));
#796=EDGE_LOOP('',(#3539,#3540,#3541,#3542));
#797=EDGE_LOOP('',(#3543,#3544,#3545,#3546));
#798=EDGE_LOOP('',(#3547,#3548,#3549,#3550));
#799=EDGE_LOOP('',(#3551,#3552,#3553,#3554));
#800=EDGE_LOOP('',(#3555,#3556,#3557,#3558));
#801=EDGE_LOOP('',(#3559,#3560,#3561,#3562));
#802=EDGE_LOOP('',(#3563,#3564,#3565,#3566));
#803=EDGE_LOOP('',(#3567,#3568,#3569,#3570,#3571,#3572,#3573,#3574));
#804=EDGE_LOOP('',(#3575));
#805=EDGE_LOOP('',(#3576,#3577,#3578,#3579));
#806=EDGE_LOOP('',(#3580,#3581,#3582,#3583));
#807=EDGE_LOOP('',(#3584));
#808=EDGE_LOOP('',(#3585));
#809=EDGE_LOOP('',(#3586,#3587,#3588,#3589));
#810=EDGE_LOOP('',(#3590,#3591,#3592,#3593));
#811=EDGE_LOOP('',(#3594,#3595,#3596,#3597));
#812=EDGE_LOOP('',(#3598,#3599,#3600,#3601));
#813=EDGE_LOOP('',(#3602,#3603,#3604,#3605));
#814=EDGE_LOOP('',(#3606,#3607,#3608,#3609));
#815=EDGE_LOOP('',(#3610,#3611,#3612,#3613));
#816=EDGE_LOOP('',(#3614,#3615,#3616,#3617));
#817=EDGE_LOOP('',(#3618,#3619,#3620,#3621,#3622,#3623,#3624,#3625));
#818=EDGE_LOOP('',(#3626));
#819=EDGE_LOOP('',(#3627,#3628,#3629,#3630));
#820=EDGE_LOOP('',(#3631,#3632,#3633,#3634));
#821=EDGE_LOOP('',(#3635));
#822=EDGE_LOOP('',(#3636));
#823=EDGE_LOOP('',(#3637,#3638,#3639,#3640));
#824=EDGE_LOOP('',(#3641,#3642,#3643,#3644));
#825=EDGE_LOOP('',(#3645));
#826=EDGE_LOOP('',(#3646));
#827=EDGE_LOOP('',(#3647,#3648,#3649,#3650));
#828=EDGE_LOOP('',(#3651));
#829=EDGE_LOOP('',(#3652));
#830=EDGE_LOOP('',(#3653,#3654,#3655,#3656));
#831=EDGE_LOOP('',(#3657,#3658,#3659,#3660));
#832=EDGE_LOOP('',(#3661,#3662,#3663,#3664));
#833=EDGE_LOOP('',(#3665,#3666,#3667,#3668));
#834=EDGE_LOOP('',(#3669,#3670,#3671,#3672));
#835=EDGE_LOOP('',(#3673,#3674,#3675,#3676,#3677,#3678,#3679,#3680));
#836=EDGE_LOOP('',(#3681,#3682,#3683,#3684));
#837=EDGE_LOOP('',(#3685,#3686,#3687,#3688,#3689));
#838=EDGE_LOOP('',(#3690,#3691,#3692,#3693,#3694,#3695,#3696,#3697,#3698));
#839=EDGE_LOOP('',(#3699));
#840=EDGE_LOOP('',(#3700,#3701,#3702,#3703,#3704));
#841=EDGE_LOOP('',(#3705,#3706,#3707,#3708));
#842=EDGE_LOOP('',(#3709,#3710,#3711,#3712,#3713,#3714,#3715,#3716,#3717,
#3718));
#843=EDGE_LOOP('',(#3719,#3720,#3721,#3722));
#844=EDGE_LOOP('',(#3723,#3724,#3725,#3726));
#845=EDGE_LOOP('',(#3727,#3728,#3729,#3730));
#846=EDGE_LOOP('',(#3731,#3732,#3733,#3734));
#847=EDGE_LOOP('',(#3735,#3736,#3737,#3738));
#848=EDGE_LOOP('',(#3739,#3740,#3741,#3742));
#849=EDGE_LOOP('',(#3743,#3744,#3745,#3746));
#850=EDGE_LOOP('',(#3747,#3748,#3749,#3750));
#851=EDGE_LOOP('',(#3751,#3752,#3753,#3754));
#852=EDGE_LOOP('',(#3755,#3756,#3757,#3758));
#853=EDGE_LOOP('',(#3759,#3760,#3761,#3762));
#854=EDGE_LOOP('',(#3763,#3764,#3765,#3766));
#855=EDGE_LOOP('',(#3767,#3768,#3769,#3770));
#856=EDGE_LOOP('',(#3771,#3772,#3773,#3774,#3775,#3776,#3777,#3778));
#857=EDGE_LOOP('',(#3779,#3780,#3781,#3782,#3783,#3784,#3785,#3786));
#858=EDGE_LOOP('',(#3787,#3788,#3789,#3790));
#859=EDGE_LOOP('',(#3791,#3792,#3793,#3794));
#860=EDGE_LOOP('',(#3795,#3796,#3797,#3798));
#861=EDGE_LOOP('',(#3799,#3800,#3801,#3802));
#862=EDGE_LOOP('',(#3803,#3804,#3805,#3806));
#863=EDGE_LOOP('',(#3807,#3808,#3809,#3810));
#864=EDGE_LOOP('',(#3811,#3812,#3813,#3814));
#865=EDGE_LOOP('',(#3815,#3816,#3817,#3818));
#866=EDGE_LOOP('',(#3819,#3820,#3821,#3822));
#867=EDGE_LOOP('',(#3823,#3824,#3825,#3826));
#868=EDGE_LOOP('',(#3827,#3828,#3829,#3830));
#869=EDGE_LOOP('',(#3831,#3832,#3833,#3834));
#870=EDGE_LOOP('',(#3835,#3836,#3837,#3838,#3839,#3840,#3841,#3842));
#871=EDGE_LOOP('',(#3843));
#872=EDGE_LOOP('',(#3844));
#873=EDGE_LOOP('',(#3845));
#874=EDGE_LOOP('',(#3846));
#875=EDGE_LOOP('',(#3847));
#876=EDGE_LOOP('',(#3848));
#877=EDGE_LOOP('',(#3849));
#878=EDGE_LOOP('',(#3850));
#879=EDGE_LOOP('',(#3851));
#880=EDGE_LOOP('',(#3852));
#881=EDGE_LOOP('',(#3853,#3854,#3855,#3856,#3857,#3858,#3859,#3860));
#882=EDGE_LOOP('',(#3861,#3862,#3863,#3864));
#883=EDGE_LOOP('',(#3865,#3866,#3867,#3868));
#884=EDGE_LOOP('',(#3869,#3870,#3871,#3872));
#885=EDGE_LOOP('',(#3873,#3874,#3875,#3876));
#886=EDGE_LOOP('',(#3877,#3878,#3879,#3880));
#887=EDGE_LOOP('',(#3881,#3882,#3883,#3884));
#888=EDGE_LOOP('',(#3885,#3886,#3887,#3888));
#889=EDGE_LOOP('',(#3889,#3890,#3891,#3892));
#890=EDGE_LOOP('',(#3893,#3894,#3895,#3896,#3897,#3898,#3899,#3900));
#891=EDGE_LOOP('',(#3901,#3902,#3903,#3904,#3905,#3906,#3907,#3908));
#892=EDGE_LOOP('',(#3909,#3910,#3911,#3912));
#893=EDGE_LOOP('',(#3913,#3914,#3915,#3916));
#894=EDGE_LOOP('',(#3917,#3918,#3919,#3920));
#895=EDGE_LOOP('',(#3921,#3922,#3923,#3924));
#896=EDGE_LOOP('',(#3925,#3926,#3927,#3928));
#897=EDGE_LOOP('',(#3929,#3930,#3931,#3932));
#898=EDGE_LOOP('',(#3933,#3934,#3935,#3936));
#899=EDGE_LOOP('',(#3937,#3938,#3939,#3940));
#900=EDGE_LOOP('',(#3941,#3942,#3943,#3944));
#901=EDGE_LOOP('',(#3945,#3946,#3947,#3948));
#902=EDGE_LOOP('',(#3949,#3950,#3951,#3952));
#903=EDGE_LOOP('',(#3953,#3954,#3955,#3956));
#904=EDGE_LOOP('',(#3957,#3958,#3959,#3960));
#905=EDGE_LOOP('',(#3961,#3962,#3963,#3964));
#906=EDGE_LOOP('',(#3965,#3966,#3967,#3968));
#907=EDGE_LOOP('',(#3969,#3970,#3971,#3972));
#908=EDGE_LOOP('',(#3973,#3974,#3975,#3976));
#909=EDGE_LOOP('',(#3977,#3978,#3979,#3980));
#910=EDGE_LOOP('',(#3981,#3982,#3983,#3984));
#911=EDGE_LOOP('',(#3985,#3986,#3987,#3988));
#912=EDGE_LOOP('',(#3989,#3990,#3991,#3992));
#913=EDGE_LOOP('',(#3993,#3994,#3995,#3996));
#914=EDGE_LOOP('',(#3997,#3998,#3999,#4000));
#915=EDGE_LOOP('',(#4001,#4002,#4003,#4004));
#916=EDGE_LOOP('',(#4005,#4006,#4007,#4008,#4009,#4010,#4011));
#917=EDGE_LOOP('',(#4012,#4013));
#918=EDGE_LOOP('',(#4014,#4015));
#919=EDGE_LOOP('',(#4016,#4017,#4018,#4019));
#920=EDGE_LOOP('',(#4020,#4021));
#921=EDGE_LOOP('',(#4022,#4023,#4024,#4025));
#922=EDGE_LOOP('',(#4026,#4027));
#923=EDGE_LOOP('',(#4028,#4029));
#924=EDGE_LOOP('',(#4030,#4031,#4032,#4033));
#925=EDGE_LOOP('',(#4034));
#926=EDGE_LOOP('',(#4035,#4036,#4037,#4038));
#927=EDGE_LOOP('',(#4039,#4040));
#928=EDGE_LOOP('',(#4041,#4042,#4043,#4044));
#929=EDGE_LOOP('',(#4045,#4046));
#930=EDGE_LOOP('',(#4047,#4048,#4049,#4050,#4051));
#931=EDGE_LOOP('',(#4052,#4053,#4054,#4055));
#932=EDGE_LOOP('',(#4056,#4057,#4058,#4059));
#933=EDGE_LOOP('',(#4060,#4061,#4062,#4063));
#934=EDGE_LOOP('',(#4064,#4065,#4066,#4067));
#935=EDGE_LOOP('',(#4068,#4069,#4070,#4071,#4072,#4073,#4074,#4075));
#936=EDGE_LOOP('',(#4076,#4077,#4078,#4079));
#937=EDGE_LOOP('',(#4080,#4081,#4082,#4083,#4084));
#938=EDGE_LOOP('',(#4085,#4086,#4087,#4088));
#939=EDGE_LOOP('',(#4089,#4090,#4091,#4092));
#940=EDGE_LOOP('',(#4093,#4094,#4095,#4096,#4097,#4098,#4099,#4100));
#941=EDGE_LOOP('',(#4101,#4102,#4103,#4104));
#942=EDGE_LOOP('',(#4105,#4106,#4107,#4108));
#943=EDGE_LOOP('',(#4109,#4110,#4111,#4112));
#944=EDGE_LOOP('',(#4113,#4114,#4115,#4116));
#945=EDGE_LOOP('',(#4117,#4118,#4119,#4120));
#946=EDGE_LOOP('',(#4121,#4122,#4123,#4124));
#947=EDGE_LOOP('',(#4125,#4126,#4127,#4128));
#948=EDGE_LOOP('',(#4129,#4130,#4131,#4132));
#949=EDGE_LOOP('',(#4133,#4134,#4135,#4136));
#950=EDGE_LOOP('',(#4137,#4138,#4139,#4140));
#951=EDGE_LOOP('',(#4141,#4142,#4143,#4144));
#952=EDGE_LOOP('',(#4145));
#953=EDGE_LOOP('',(#4146,#4147,#4148,#4149));
#954=EDGE_LOOP('',(#4150,#4151,#4152,#4153));
#955=EDGE_LOOP('',(#4154));
#956=EDGE_LOOP('',(#4155,#4156,#4157,#4158));
#957=EDGE_LOOP('',(#4159,#4160,#4161,#4162));
#958=EDGE_LOOP('',(#4163));
#959=EDGE_LOOP('',(#4164,#4165,#4166,#4167));
#960=EDGE_LOOP('',(#4168,#4169,#4170,#4171));
#961=EDGE_LOOP('',(#4172));
#962=EDGE_LOOP('',(#4173,#4174,#4175,#4176));
#963=EDGE_LOOP('',(#4177,#4178,#4179,#4180));
#964=EDGE_LOOP('',(#4181));
#965=EDGE_LOOP('',(#4182,#4183,#4184,#4185));
#966=EDGE_LOOP('',(#4186,#4187,#4188,#4189));
#967=EDGE_LOOP('',(#4190));
#968=EDGE_LOOP('',(#4191,#4192,#4193,#4194));
#969=EDGE_LOOP('',(#4195,#4196,#4197,#4198));
#970=EDGE_LOOP('',(#4199));
#971=EDGE_LOOP('',(#4200,#4201,#4202,#4203));
#972=EDGE_LOOP('',(#4204,#4205,#4206,#4207,#4208,#4209,#4210,#4211));
#973=EDGE_LOOP('',(#4212,#4213,#4214,#4215,#4216,#4217,#4218,#4219));
#974=EDGE_LOOP('',(#4220,#4221,#4222,#4223,#4224,#4225,#4226,#4227));
#975=EDGE_LOOP('',(#4228,#4229,#4230,#4231,#4232,#4233,#4234,#4235));
#976=EDGE_LOOP('',(#4236,#4237,#4238,#4239));
#977=EDGE_LOOP('',(#4240,#4241,#4242,#4243));
#978=EDGE_LOOP('',(#4244,#4245,#4246,#4247));
#979=EDGE_LOOP('',(#4248,#4249,#4250,#4251));
#980=EDGE_LOOP('',(#4252,#4253,#4254,#4255,#4256,#4257,#4258,#4259));
#981=EDGE_LOOP('',(#4260,#4261,#4262,#4263,#4264,#4265,#4266,#4267));
#982=EDGE_LOOP('',(#4268,#4269,#4270));
#983=EDGE_LOOP('',(#4271,#4272,#4273,#4274,#4275,#4276));
#984=EDGE_LOOP('',(#4277,#4278,#4279,#4280));
#985=EDGE_LOOP('',(#4281,#4282,#4283,#4284));
#986=EDGE_LOOP('',(#4285,#4286,#4287,#4288));
#987=EDGE_LOOP('',(#4289,#4290,#4291,#4292,#4293,#4294,#4295,#4296));
#988=EDGE_LOOP('',(#4297,#4298,#4299,#4300));
#989=EDGE_LOOP('',(#4301,#4302,#4303,#4304));
#990=EDGE_LOOP('',(#4305,#4306,#4307,#4308,#4309,#4310,#4311,#4312));
#991=EDGE_LOOP('',(#4313,#4314,#4315,#4316));
#992=EDGE_LOOP('',(#4317,#4318,#4319,#4320));
#993=EDGE_LOOP('',(#4321,#4322,#4323,#4324));
#994=EDGE_LOOP('',(#4325,#4326,#4327,#4328));
#995=EDGE_LOOP('',(#4329,#4330,#4331,#4332,#4333,#4334,#4335,#4336));
#996=EDGE_LOOP('',(#4337,#4338,#4339,#4340,#4341,#4342,#4343,#4344));
#997=EDGE_LOOP('',(#4345,#4346,#4347,#4348,#4349,#4350,#4351,#4352));
#998=EDGE_LOOP('',(#4353,#4354,#4355,#4356,#4357,#4358,#4359,#4360));
#999=EDGE_LOOP('',(#4361,#4362,#4363,#4364,#4365,#4366,#4367,#4368));
#1000=EDGE_LOOP('',(#4369,#4370,#4371,#4372,#4373,#4374,#4375,#4376));
#1001=EDGE_LOOP('',(#4377,#4378,#4379,#4380));
#1002=EDGE_LOOP('',(#4381,#4382,#4383,#4384));
#1003=EDGE_LOOP('',(#4385,#4386,#4387,#4388));
#1004=EDGE_LOOP('',(#4389,#4390,#4391,#4392));
#1005=EDGE_LOOP('',(#4393,#4394,#4395,#4396));
#1006=EDGE_LOOP('',(#4397));
#1007=EDGE_LOOP('',(#4398,#4399,#4400,#4401));
#1008=EDGE_LOOP('',(#4402,#4403,#4404,#4405,#4406,#4407,#4408,#4409,#4410,
#4411,#4412,#4413));
#1009=EDGE_LOOP('',(#4414));
#1010=EDGE_LOOP('',(#4415,#4416,#4417,#4418,#4419,#4420,#4421,#4422));
#1011=EDGE_LOOP('',(#4423,#4424));
#1012=EDGE_LOOP('',(#4425,#4426,#4427,#4428,#4429));
#1013=EDGE_LOOP('',(#4430,#4431,#4432,#4433));
#1014=EDGE_LOOP('',(#4434,#4435,#4436,#4437,#4438,#4439));
#1015=EDGE_LOOP('',(#4440,#4441,#4442,#4443));
#1016=EDGE_LOOP('',(#4444,#4445,#4446,#4447,#4448));
#1017=EDGE_LOOP('',(#4449,#4450,#4451,#4452));
#1018=EDGE_LOOP('',(#4453,#4454,#4455,#4456,#4457,#4458));
#1019=EDGE_LOOP('',(#4459,#4460,#4461,#4462));
#1020=EDGE_LOOP('',(#4463,#4464,#4465,#4466));
#1021=EDGE_LOOP('',(#4467,#4468,#4469,#4470,#4471));
#1022=EDGE_LOOP('',(#4472,#4473,#4474,#4475,#4476,#4477,#4478,#4479,#4480,
#4481));
#1023=EDGE_LOOP('',(#4482,#4483,#4484,#4485,#4486,#4487,#4488));
#1024=EDGE_LOOP('',(#4489,#4490,#4491,#4492,#4493));
#1025=EDGE_LOOP('',(#4494,#4495,#4496,#4497,#4498));
#1026=EDGE_LOOP('',(#4499,#4500,#4501,#4502,#4503,#4504,#4505,#4506));
#1027=EDGE_LOOP('',(#4507,#4508,#4509,#4510,#4511,#4512,#4513,#4514));
#1028=EDGE_LOOP('',(#4515,#4516,#4517,#4518,#4519));
#1029=EDGE_LOOP('',(#4520,#4521,#4522,#4523,#4524,#4525));
#1030=EDGE_LOOP('',(#4526,#4527,#4528,#4529,#4530));
#1031=EDGE_LOOP('',(#4531,#4532,#4533,#4534));
#1032=EDGE_LOOP('',(#4535,#4536,#4537,#4538,#4539));
#1033=EDGE_LOOP('',(#4540,#4541,#4542,#4543,#4544));
#1034=EDGE_LOOP('',(#4545,#4546,#4547,#4548,#4549));
#1035=EDGE_LOOP('',(#4550,#4551,#4552,#4553));
#1036=EDGE_LOOP('',(#4554,#4555,#4556,#4557));
#1037=EDGE_LOOP('',(#4558,#4559,#4560,#4561));
#1038=EDGE_LOOP('',(#4562,#4563,#4564,#4565));
#1039=EDGE_LOOP('',(#4566,#4567,#4568,#4569,#4570,#4571));
#1040=EDGE_LOOP('',(#4572,#4573,#4574,#4575,#4576,#4577,#4578,#4579));
#1041=EDGE_LOOP('',(#4580,#4581,#4582,#4583));
#1042=EDGE_LOOP('',(#4584));
#1043=EDGE_LOOP('',(#4585,#4586,#4587,#4588));
#1044=EDGE_LOOP('',(#4589,#4590,#4591,#4592));
#1045=EDGE_LOOP('',(#4593,#4594,#4595,#4596));
#1046=EDGE_LOOP('',(#4597));
#1047=EDGE_LOOP('',(#4598,#4599,#4600,#4601));
#1048=EDGE_LOOP('',(#4602,#4603,#4604,#4605));
#1049=EDGE_LOOP('',(#4606));
#1050=EDGE_LOOP('',(#4607,#4608,#4609,#4610,#4611));
#1051=EDGE_LOOP('',(#4612,#4613,#4614,#4615));
#1052=EDGE_LOOP('',(#4616));
#1053=EDGE_LOOP('',(#4617,#4618,#4619,#4620,#4621));
#1054=EDGE_LOOP('',(#4622,#4623));
#1055=EDGE_LOOP('',(#4624,#4625));
#1056=EDGE_LOOP('',(#4626,#4627));
#1057=CIRCLE('',#5057,15.1);
#1058=CIRCLE('',#5058,15.1);
#1059=CIRCLE('',#5059,7.1);
#1060=CIRCLE('',#5060,7.00000000000002);
#1061=CIRCLE('',#5061,14.);
#1062=CIRCLE('',#5062,14.);
#1063=CIRCLE('',#5063,7.00000000000001);
#1064=CIRCLE('',#5065,1.3);
#1065=CIRCLE('',#5067,1.3);
#1066=CIRCLE('',#5069,1.3);
#1067=CIRCLE('',#5071,1.3);
#1068=CIRCLE('',#5073,1.3);
#1069=CIRCLE('',#5075,1.3);
#1070=CIRCLE('',#5077,1.3);
#1071=CIRCLE('',#5079,1.3);
#1072=CIRCLE('',#5081,1.3);
#1073=CIRCLE('',#5083,1.3);
#1074=CIRCLE('',#5088,2.5);
#1075=CIRCLE('',#5095,9.00000000000001);
#1076=CIRCLE('',#5096,9.00000000000001);
#1077=CIRCLE('',#5099,9.);
#1078=CIRCLE('',#5100,9.);
#1079=CIRCLE('',#5102,4.);
#1080=CIRCLE('',#5103,4.);
#1081=CIRCLE('',#5105,4.);
#1082=CIRCLE('',#5108,4.);
#1083=CIRCLE('',#5111,5.);
#1084=CIRCLE('',#5112,5.);
#1085=CIRCLE('',#5115,5.);
#1086=CIRCLE('',#5116,5.);
#1087=CIRCLE('',#5120,2.5);
#1088=CIRCLE('',#5121,2.5);
#1089=CIRCLE('',#5136,1.005);
#1090=CIRCLE('',#5138,1.005);
#1091=CIRCLE('',#5148,1.005);
#1092=CIRCLE('',#5150,1.005);
#1093=CIRCLE('',#5160,1.05);
#1094=CIRCLE('',#5162,1.05);
#1095=CIRCLE('',#5164,1.5);
#1096=CIRCLE('',#5165,1.5);
#1097=CIRCLE('',#5167,1.05);
#1098=CIRCLE('',#5177,1.005);
#1099=CIRCLE('',#5179,1.005);
#1100=CIRCLE('',#5181,1.5);
#1101=CIRCLE('',#5182,1.5);
#1102=CIRCLE('',#5184,1.05);
#1103=CIRCLE('',#5186,1.05);
#1104=CIRCLE('',#5188,1.5);
#1105=CIRCLE('',#5189,1.5);
#1106=CIRCLE('',#5191,1.05);
#1107=CIRCLE('',#5193,1.5);
#1108=CIRCLE('',#5194,1.5);
#1109=CIRCLE('',#5196,1.05);
#1110=CIRCLE('',#5198,1.05);
#1111=CIRCLE('',#5200,1.05);
#1112=CIRCLE('',#5202,1.05);
#1113=CIRCLE('',#5204,2.5);
#1114=CIRCLE('',#5216,15.5);
#1115=CIRCLE('',#5217,16.);
#1116=CIRCLE('',#5221,7.5);
#1117=CIRCLE('',#5222,8.);
#1118=CIRCLE('',#5225,8.00000000000001);
#1119=CIRCLE('',#5226,7.50000000000001);
#1120=CIRCLE('',#5228,16.);
#1121=CIRCLE('',#5229,15.5);
#1122=CIRCLE('',#5231,8.);
#1123=CIRCLE('',#5234,8.00000000000001);
#1124=CIRCLE('',#5237,7.00000000000001);
#1125=CIRCLE('',#5238,14.);
#1126=CIRCLE('',#5239,14.);
#1127=CIRCLE('',#5240,7.00000000000002);
#1128=CIRCLE('',#5244,19.);
#1129=CIRCLE('',#5245,18.5);
#1130=CIRCLE('',#5248,18.5);
#1131=CIRCLE('',#5249,19.);
#1132=CIRCLE('',#5252,10.5);
#1133=CIRCLE('',#5253,11.);
#1134=CIRCLE('',#5255,11.);
#1135=CIRCLE('',#5256,10.5);
#1136=CIRCLE('',#5258,10.5);
#1137=CIRCLE('',#5261,10.5);
#1138=CIRCLE('',#5264,14.);
#1139=CIRCLE('',#5265,14.);
#1140=CIRCLE('',#5266,22.);
#1141=CIRCLE('',#5267,22.);
#1142=CIRCLE('',#5269,10.);
#1143=CIRCLE('',#5272,18.);
#1144=CIRCLE('',#5273,18.5);
#1145=CIRCLE('',#5276,18.5);
#1146=CIRCLE('',#5277,18.);
#1147=CIRCLE('',#5280,10.);
#1148=CIRCLE('',#5283,16.5);
#1149=CIRCLE('',#5284,16.5);
#1150=CIRCLE('',#5285,8.5);
#1151=CIRCLE('',#5286,8.50000000000001);
#1152=CIRCLE('',#5288,16.);
#1153=CIRCLE('',#5295,16.);
#1154=CIRCLE('',#5315,22.);
#1155=CIRCLE('',#5319,22.);
#1156=CIRCLE('',#5321,14.);
#1157=CIRCLE('',#5324,14.);
#1158=CIRCLE('',#5327,22.);
#1159=CIRCLE('',#5330,14.);
#1160=CIRCLE('',#5332,14.);
#1161=CIRCLE('',#5334,22.);
#1162=CIRCLE('',#5337,22.);
#1163=CIRCLE('',#5362,28.);
#1164=CIRCLE('',#5363,24.);
#1165=CIRCLE('',#5365,16.);
#1166=CIRCLE('',#5366,20.);
#1167=CIRCLE('',#5368,16.);
#1168=CIRCLE('',#5369,20.);
#1169=CIRCLE('',#5371,28.);
#1170=CIRCLE('',#5372,24.);
#1171=CIRCLE('',#5374,28.);
#1172=CIRCLE('',#5377,20.);
#1173=CIRCLE('',#5379,14.);
#1174=CIRCLE('',#5380,14.);
#1175=CIRCLE('',#5382,28.);
#1176=CIRCLE('',#5383,20.);
#1177=CIRCLE('',#5384,20.);
#1178=CIRCLE('',#5385,28.);
#1179=CIRCLE('',#5386,22.);
#1180=CIRCLE('',#5393,14.);
#1181=CIRCLE('',#5396,16.);
#1182=CIRCLE('',#5398,24.);
#1183=CIRCLE('',#5400,24.);
#1184=CIRCLE('',#5402,16.);
#1185=CIRCLE('',#5404,30.);
#1186=CIRCLE('',#5405,30.);
#1187=CIRCLE('',#5406,22.);
#1188=CIRCLE('',#5407,22.);
#1189=CIRCLE('',#5408,28.);
#1190=CIRCLE('',#5409,20.);
#1191=CIRCLE('',#5411,28.);
#1192=CIRCLE('',#5417,20.);
#1193=CIRCLE('',#5419,5.);
#1194=CIRCLE('',#5420,5.);
#1195=CIRCLE('',#5421,5.);
#1196=CIRCLE('',#5422,5.);
#1197=CIRCLE('',#5423,5.);
#1198=CIRCLE('',#5424,5.);
#1199=CIRCLE('',#5425,5.);
#1200=CIRCLE('',#5426,5.);
#1201=CIRCLE('',#5427,5.);
#1202=CIRCLE('',#5428,5.);
#1203=CIRCLE('',#5432,18.);
#1204=CIRCLE('',#5435,18.);
#1205=CIRCLE('',#5438,26.);
#1206=CIRCLE('',#5441,26.);
#1207=CIRCLE('',#5443,28.);
#1208=CIRCLE('',#5444,20.);
#1209=CIRCLE('',#5445,30.);
#1210=CIRCLE('',#5446,30.);
#1211=CIRCLE('',#5447,22.);
#1212=CIRCLE('',#5448,22.);
#1213=CIRCLE('',#5449,30.);
#1214=CIRCLE('',#5450,30.);
#1215=CIRCLE('',#5465,22.);
#1216=CIRCLE('',#5466,1.05);
#1217=CIRCLE('',#5467,1.05);
#1218=CIRCLE('',#5468,1.005);
#1219=CIRCLE('',#5469,1.05);
#1220=CIRCLE('',#5470,1.3);
#1221=CIRCLE('',#5471,1.3);
#1222=CIRCLE('',#5472,5.);
#1223=CIRCLE('',#5473,1.50000000131356);
#1224=CIRCLE('',#5474,1.50000000131356);
#1225=LINE('',#6730,#1636);
#1226=LINE('',#6732,#1637);
#1227=LINE('',#6736,#1638);
#1228=LINE('',#6740,#1639);
#1229=LINE('',#6744,#1640);
#1230=LINE('',#6748,#1641);
#1231=LINE('',#6752,#1642);
#1232=LINE('',#6756,#1643);
#1233=LINE('',#6762,#1644);
#1234=LINE('',#6820,#1645);
#1235=LINE('',#6866,#1646);
#1236=LINE('',#6912,#1647);
#1237=LINE('',#6970,#1648);
#1238=LINE('',#7013,#1649);
#1239=LINE('',#7062,#1650);
#1240=LINE('',#7108,#1651);
#1241=LINE('',#7156,#1652);
#1242=LINE('',#7202,#1653);
#1243=LINE('',#7279,#1654);
#1244=LINE('',#7296,#1655);
#1245=LINE('',#7298,#1656);
#1246=LINE('',#7314,#1657);
#1247=LINE('',#7316,#1658);
#1248=LINE('',#7317,#1659);
#1249=LINE('',#7322,#1660);
#1250=LINE('',#7338,#1661);
#1251=LINE('',#7341,#1662);
#1252=LINE('',#7343,#1663);
#1253=LINE('',#7345,#1664);
#1254=LINE('',#7347,#1665);
#1255=LINE('',#7349,#1666);
#1256=LINE('',#7351,#1667);
#1257=LINE('',#7360,#1668);
#1258=LINE('',#7362,#1669);
#1259=LINE('',#7374,#1670);
#1260=LINE('',#7375,#1671);
#1261=LINE('',#7562,#1672);
#1262=LINE('',#7563,#1673);
#1263=LINE('',#7756,#1674);
#1264=LINE('',#7760,#1675);
#1265=LINE('',#7762,#1676);
#1266=LINE('',#7764,#1677);
#1267=LINE('',#7765,#1678);
#1268=LINE('',#7771,#1679);
#1269=LINE('',#7774,#1680);
#1270=LINE('',#7776,#1681);
#1271=LINE('',#7777,#1682);
#1272=LINE('',#7784,#1683);
#1273=LINE('',#7788,#1684);
#1274=LINE('',#7794,#1685);
#1275=LINE('',#7795,#1686);
#1276=LINE('',#7798,#1687);
#1277=LINE('',#7799,#1688);
#1278=LINE('',#7803,#1689);
#1279=LINE('',#7805,#1690);
#1280=LINE('',#7811,#1691);
#1281=LINE('',#7814,#1692);
#1282=LINE('',#7817,#1693);
#1283=LINE('',#7819,#1694);
#1284=LINE('',#7820,#1695);
#1285=LINE('',#7825,#1696);
#1286=LINE('',#7828,#1697);
#1287=LINE('',#7829,#1698);
#1288=LINE('',#7835,#1699);
#1289=LINE('',#7840,#1700);
#1290=LINE('',#7842,#1701);
#1291=LINE('',#7844,#1702);
#1292=LINE('',#7845,#1703);
#1293=LINE('',#7849,#1704);
#1294=LINE('',#7850,#1705);
#1295=LINE('',#7851,#1706);
#1296=LINE('',#7854,#1707);
#1297=LINE('',#7855,#1708);
#1298=LINE('',#7858,#1709);
#1299=LINE('',#7859,#1710);
#1300=LINE('',#7861,#1711);
#1301=LINE('',#7865,#1712);
#1302=LINE('',#7867,#1713);
#1303=LINE('',#7869,#1714);
#1304=LINE('',#7870,#1715);
#1305=LINE('',#7873,#1716);
#1306=LINE('',#7875,#1717);
#1307=LINE('',#7876,#1718);
#1308=LINE('',#7879,#1719);
#1309=LINE('',#7881,#1720);
#1310=LINE('',#7882,#1721);
#1311=LINE('',#7885,#1722);
#1312=LINE('',#7887,#1723);
#1313=LINE('',#7888,#1724);
#1314=LINE('',#7891,#1725);
#1315=LINE('',#7893,#1726);
#1316=LINE('',#7894,#1727);
#1317=LINE('',#7897,#1728);
#1318=LINE('',#7899,#1729);
#1319=LINE('',#7900,#1730);
#1320=LINE('',#7903,#1731);
#1321=LINE('',#7905,#1732);
#1322=LINE('',#7906,#1733);
#1323=LINE('',#7908,#1734);
#1324=LINE('',#7909,#1735);
#1325=LINE('',#7916,#1736);
#1326=LINE('',#7920,#1737);
#1327=LINE('',#7922,#1738);
#1328=LINE('',#7924,#1739);
#1329=LINE('',#7925,#1740);
#1330=LINE('',#7928,#1741);
#1331=LINE('',#7930,#1742);
#1332=LINE('',#7931,#1743);
#1333=LINE('',#7934,#1744);
#1334=LINE('',#7936,#1745);
#1335=LINE('',#7937,#1746);
#1336=LINE('',#7940,#1747);
#1337=LINE('',#7942,#1748);
#1338=LINE('',#7943,#1749);
#1339=LINE('',#7946,#1750);
#1340=LINE('',#7948,#1751);
#1341=LINE('',#7949,#1752);
#1342=LINE('',#7952,#1753);
#1343=LINE('',#7954,#1754);
#1344=LINE('',#7955,#1755);
#1345=LINE('',#7958,#1756);
#1346=LINE('',#7960,#1757);
#1347=LINE('',#7961,#1758);
#1348=LINE('',#7963,#1759);
#1349=LINE('',#7964,#1760);
#1350=LINE('',#7971,#1761);
#1351=LINE('',#7975,#1762);
#1352=LINE('',#7977,#1763);
#1353=LINE('',#7979,#1764);
#1354=LINE('',#7980,#1765);
#1355=LINE('',#7983,#1766);
#1356=LINE('',#7985,#1767);
#1357=LINE('',#7986,#1768);
#1358=LINE('',#7989,#1769);
#1359=LINE('',#7991,#1770);
#1360=LINE('',#7992,#1771);
#1361=LINE('',#7995,#1772);
#1362=LINE('',#7997,#1773);
#1363=LINE('',#7998,#1774);
#1364=LINE('',#8001,#1775);
#1365=LINE('',#8003,#1776);
#1366=LINE('',#8004,#1777);
#1367=LINE('',#8007,#1778);
#1368=LINE('',#8009,#1779);
#1369=LINE('',#8010,#1780);
#1370=LINE('',#8013,#1781);
#1371=LINE('',#8015,#1782);
#1372=LINE('',#8016,#1783);
#1373=LINE('',#8018,#1784);
#1374=LINE('',#8019,#1785);
#1375=LINE('',#8026,#1786);
#1376=LINE('',#8031,#1787);
#1377=LINE('',#8039,#1788);
#1378=LINE('',#8041,#1789);
#1379=LINE('',#8043,#1790);
#1380=LINE('',#8044,#1791);
#1381=LINE('',#8047,#1792);
#1382=LINE('',#8049,#1793);
#1383=LINE('',#8050,#1794);
#1384=LINE('',#8053,#1795);
#1385=LINE('',#8055,#1796);
#1386=LINE('',#8056,#1797);
#1387=LINE('',#8059,#1798);
#1388=LINE('',#8061,#1799);
#1389=LINE('',#8062,#1800);
#1390=LINE('',#8065,#1801);
#1391=LINE('',#8067,#1802);
#1392=LINE('',#8068,#1803);
#1393=LINE('',#8071,#1804);
#1394=LINE('',#8073,#1805);
#1395=LINE('',#8074,#1806);
#1396=LINE('',#8077,#1807);
#1397=LINE('',#8079,#1808);
#1398=LINE('',#8080,#1809);
#1399=LINE('',#8082,#1810);
#1400=LINE('',#8083,#1811);
#1401=LINE('',#8090,#1812);
#1402=LINE('',#8095,#1813);
#1403=LINE('',#8102,#1814);
#1404=LINE('',#8108,#1815);
#1405=LINE('',#8117,#1816);
#1406=LINE('',#8124,#1817);
#1407=LINE('',#8128,#1818);
#1408=LINE('',#8132,#1819);
#1409=LINE('',#8136,#1820);
#1410=LINE('',#8140,#1821);
#1411=LINE('',#8142,#1822);
#1412=LINE('',#8143,#1823);
#1413=LINE('',#8146,#1824);
#1414=LINE('',#8152,#1825);
#1415=LINE('',#8153,#1826);
#1416=LINE('',#8156,#1827);
#1417=LINE('',#8157,#1828);
#1418=LINE('',#8159,#1829);
#1419=LINE('',#8160,#1830);
#1420=LINE('',#8162,#1831);
#1421=LINE('',#8178,#1832);
#1422=LINE('',#8180,#1833);
#1423=LINE('',#8185,#1834);
#1424=LINE('',#8200,#1835);
#1425=LINE('',#8232,#1836);
#1426=LINE('',#8246,#1837);
#1427=LINE('',#8250,#1838);
#1428=LINE('',#8265,#1839);
#1429=LINE('',#8297,#1840);
#1430=LINE('',#8311,#1841);
#1431=LINE('',#8320,#1842);
#1432=LINE('',#8323,#1843);
#1433=LINE('',#8326,#1844);
#1434=LINE('',#8327,#1845);
#1435=LINE('',#8330,#1846);
#1436=LINE('',#8334,#1847);
#1437=LINE('',#8335,#1848);
#1438=LINE('',#8339,#1849);
#1439=LINE('',#8343,#1850);
#1440=LINE('',#8347,#1851);
#1441=LINE('',#8351,#1852);
#1442=LINE('',#8356,#1853);
#1443=LINE('',#8373,#1854);
#1444=LINE('',#8391,#1855);
#1445=LINE('',#8408,#1856);
#1446=LINE('',#8442,#1857);
#1447=LINE('',#8458,#1858);
#1448=LINE('',#8480,#1859);
#1449=LINE('',#8482,#1860);
#1450=LINE('',#8505,#1861);
#1451=LINE('',#8508,#1862);
#1452=LINE('',#8511,#1863);
#1453=LINE('',#8512,#1864);
#1454=LINE('',#8515,#1865);
#1455=LINE('',#8519,#1866);
#1456=LINE('',#8520,#1867);
#1457=LINE('',#8526,#1868);
#1458=LINE('',#8530,#1869);
#1459=LINE('',#8534,#1870);
#1460=LINE('',#8537,#1871);
#1461=LINE('',#8568,#1872);
#1462=LINE('',#8582,#1873);
#1463=LINE('',#8602,#1874);
#1464=LINE('',#8604,#1875);
#1465=LINE('',#8635,#1876);
#1466=LINE('',#8664,#1877);
#1467=LINE('',#8670,#1878);
#1468=LINE('',#8674,#1879);
#1469=LINE('',#8678,#1880);
#1470=LINE('',#8681,#1881);
#1471=LINE('',#8763,#1882);
#1472=LINE('',#8792,#1883);
#1473=LINE('',#8794,#1884);
#1474=LINE('',#8796,#1885);
#1475=LINE('',#8798,#1886);
#1476=LINE('',#8801,#1887);
#1477=LINE('',#8802,#1888);
#1478=LINE('',#8804,#1889);
#1479=LINE('',#8806,#1890);
#1480=LINE('',#8808,#1891);
#1481=LINE('',#8810,#1892);
#1482=LINE('',#8812,#1893);
#1483=LINE('',#8814,#1894);
#1484=LINE('',#8817,#1895);
#1485=LINE('',#8819,#1896);
#1486=LINE('',#8821,#1897);
#1487=LINE('',#8838,#1898);
#1488=LINE('',#8889,#1899);
#1489=LINE('',#8904,#1900);
#1490=LINE('',#8923,#1901);
#1491=LINE('',#8925,#1902);
#1492=LINE('',#8927,#1903);
#1493=LINE('',#8928,#1904);
#1494=LINE('',#8931,#1905);
#1495=LINE('',#8935,#1906);
#1496=LINE('',#8936,#1907);
#1497=LINE('',#8939,#1908);
#1498=LINE('',#8943,#1909);
#1499=LINE('',#8945,#1910);
#1500=LINE('',#8946,#1911);
#1501=LINE('',#8950,#1912);
#1502=LINE('',#8954,#1913);
#1503=LINE('',#8957,#1914);
#1504=LINE('',#8961,#1915);
#1505=LINE('',#8962,#1916);
#1506=LINE('',#8965,#1917);
#1507=LINE('',#8970,#1918);
#1508=LINE('',#8972,#1919);
#1509=LINE('',#8974,#1920);
#1510=LINE('',#8975,#1921);
#1511=LINE('',#8979,#1922);
#1512=LINE('',#8981,#1923);
#1513=LINE('',#8983,#1924);
#1514=LINE('',#8984,#1925);
#1515=LINE('',#8988,#1926);
#1516=LINE('',#8990,#1927);
#1517=LINE('',#8992,#1928);
#1518=LINE('',#8993,#1929);
#1519=LINE('',#8997,#1930);
#1520=LINE('',#8999,#1931);
#1521=LINE('',#9001,#1932);
#1522=LINE('',#9002,#1933);
#1523=LINE('',#9006,#1934);
#1524=LINE('',#9008,#1935);
#1525=LINE('',#9010,#1936);
#1526=LINE('',#9011,#1937);
#1527=LINE('',#9015,#1938);
#1528=LINE('',#9017,#1939);
#1529=LINE('',#9019,#1940);
#1530=LINE('',#9020,#1941);
#1531=LINE('',#9024,#1942);
#1532=LINE('',#9026,#1943);
#1533=LINE('',#9028,#1944);
#1534=LINE('',#9029,#1945);
#1535=LINE('',#9033,#1946);
#1536=LINE('',#9035,#1947);
#1537=LINE('',#9037,#1948);
#1538=LINE('',#9038,#1949);
#1539=LINE('',#9041,#1950);
#1540=LINE('',#9043,#1951);
#1541=LINE('',#9044,#1952);
#1542=LINE('',#9047,#1953);
#1543=LINE('',#9049,#1954);
#1544=LINE('',#9050,#1955);
#1545=LINE('',#9053,#1956);
#1546=LINE('',#9055,#1957);
#1547=LINE('',#9056,#1958);
#1548=LINE('',#9059,#1959);
#1549=LINE('',#9061,#1960);
#1550=LINE('',#9062,#1961);
#1551=LINE('',#9065,#1962);
#1552=LINE('',#9067,#1963);
#1553=LINE('',#9068,#1964);
#1554=LINE('',#9071,#1965);
#1555=LINE('',#9073,#1966);
#1556=LINE('',#9074,#1967);
#1557=LINE('',#9077,#1968);
#1558=LINE('',#9079,#1969);
#1559=LINE('',#9080,#1970);
#1560=LINE('',#9083,#1971);
#1561=LINE('',#9085,#1972);
#1562=LINE('',#9086,#1973);
#1563=LINE('',#9089,#1974);
#1564=LINE('',#9091,#1975);
#1565=LINE('',#9092,#1976);
#1566=LINE('',#9095,#1977);
#1567=LINE('',#9097,#1978);
#1568=LINE('',#9098,#1979);
#1569=LINE('',#9101,#1980);
#1570=LINE('',#9103,#1981);
#1571=LINE('',#9104,#1982);
#1572=LINE('',#9107,#1983);
#1573=LINE('',#9109,#1984);
#1574=LINE('',#9110,#1985);
#1575=LINE('',#9113,#1986);
#1576=LINE('',#9115,#1987);
#1577=LINE('',#9116,#1988);
#1578=LINE('',#9119,#1989);
#1579=LINE('',#9121,#1990);
#1580=LINE('',#9122,#1991);
#1581=LINE('',#9125,#1992);
#1582=LINE('',#9127,#1993);
#1583=LINE('',#9128,#1994);
#1584=LINE('',#9135,#1995);
#1585=LINE('',#9148,#1996);
#1586=LINE('',#9150,#1997);
#1587=LINE('',#9152,#1998);
#1588=LINE('',#9153,#1999);
#1589=LINE('',#9161,#2000);
#1590=LINE('',#9166,#2001);
#1591=LINE('',#9170,#2002);
#1592=LINE('',#9174,#2003);
#1593=LINE('',#9179,#2004);
#1594=LINE('',#9180,#2005);
#1595=LINE('',#9182,#2006);
#1596=LINE('',#9184,#2007);
#1597=LINE('',#9186,#2008);
#1598=LINE('',#9190,#2009);
#1599=LINE('',#9191,#2010);
#1600=LINE('',#9194,#2011);
#1601=LINE('',#9197,#2012);
#1602=LINE('',#9211,#2013);
#1603=LINE('',#9215,#2014);
#1604=LINE('',#9219,#2015);
#1605=LINE('',#9222,#2016);
#1606=LINE('',#9226,#2017);
#1607=LINE('',#9229,#2018);
#1608=LINE('',#9232,#2019);
#1609=LINE('',#9235,#2020);
#1610=LINE('',#9236,#2021);
#1611=LINE('',#9241,#2022);
#1612=LINE('',#9248,#2023);
#1613=LINE('',#9397,#2024);
#1614=LINE('',#9454,#2025);
#1615=LINE('',#9490,#2026);
#1616=LINE('',#9561,#2027);
#1617=LINE('',#9902,#2028);
#1618=LINE('',#9905,#2029);
#1619=LINE('',#9976,#2030);
#1620=LINE('',#10069,#2031);
#1621=LINE('',#10142,#2032);
#1622=LINE('',#10219,#2033);
#1623=LINE('',#10221,#2034);
#1624=LINE('',#10223,#2035);
#1625=LINE('',#10225,#2036);
#1626=LINE('',#10226,#2037);
#1627=LINE('',#10229,#2038);
#1628=LINE('',#10230,#2039);
#1629=LINE('',#10232,#2040);
#1630=LINE('',#10234,#2041);
#1631=LINE('',#10236,#2042);
#1632=LINE('',#10238,#2043);
#1633=LINE('',#10240,#2044);
#1634=LINE('',#10242,#2045);
#1635=LINE('',#10245,#2046);
#1636=VECTOR('',#5479,10.);
#1637=VECTOR('',#5480,10.);
#1638=VECTOR('',#5483,10.);
#1639=VECTOR('',#5486,10.);
#1640=VECTOR('',#5489,10.);
#1641=VECTOR('',#5492,10.);
#1642=VECTOR('',#5495,10.);
#1643=VECTOR('',#5498,10.);
#1644=VECTOR('',#5505,1.3);
#1645=VECTOR('',#5510,1.3);
#1646=VECTOR('',#5515,1.3);
#1647=VECTOR('',#5520,1.3);
#1648=VECTOR('',#5525,1.3);
#1649=VECTOR('',#5530,1.3);
#1650=VECTOR('',#5535,1.3);
#1651=VECTOR('',#5540,1.3);
#1652=VECTOR('',#5545,1.3);
#1653=VECTOR('',#5550,1.3);
#1654=VECTOR('',#5555,10.);
#1655=VECTOR('',#5560,10.);
#1656=VECTOR('',#5561,10.);
#1657=VECTOR('',#5562,10.);
#1658=VECTOR('',#5563,10.);
#1659=VECTOR('',#5564,10.);
#1660=VECTOR('',#5569,10.);
#1661=VECTOR('',#5570,10.);
#1662=VECTOR('',#5573,10.);
#1663=VECTOR('',#5574,10.);
#1664=VECTOR('',#5575,10.);
#1665=VECTOR('',#5576,10.);
#1666=VECTOR('',#5577,10.);
#1667=VECTOR('',#5578,10.);
#1668=VECTOR('',#5579,10.);
#1669=VECTOR('',#5580,10.);
#1670=VECTOR('',#5581,10.);
#1671=VECTOR('',#5582,10.);
#1672=VECTOR('',#5585,10.);
#1673=VECTOR('',#5586,10.);
#1674=VECTOR('',#5589,10.);
#1675=VECTOR('',#5592,10.);
#1676=VECTOR('',#5593,10.);
#1677=VECTOR('',#5594,10.);
#1678=VECTOR('',#5595,10.);
#1679=VECTOR('',#5602,10.);
#1680=VECTOR('',#5605,10.);
#1681=VECTOR('',#5606,10.);
#1682=VECTOR('',#5607,10.);
#1683=VECTOR('',#5616,10.);
#1684=VECTOR('',#5619,10.);
#1685=VECTOR('',#5626,10.);
#1686=VECTOR('',#5627,10.);
#1687=VECTOR('',#5630,10.);
#1688=VECTOR('',#5631,10.);
#1689=VECTOR('',#5636,10.);
#1690=VECTOR('',#5639,10.);
#1691=VECTOR('',#5644,10.);
#1692=VECTOR('',#5647,10.);
#1693=VECTOR('',#5650,10.);
#1694=VECTOR('',#5651,10.);
#1695=VECTOR('',#5652,10.);
#1696=VECTOR('',#5657,10.);
#1697=VECTOR('',#5662,10.);
#1698=VECTOR('',#5663,10.);
#1699=VECTOR('',#5670,2.5);
#1700=VECTOR('',#5675,10.);
#1701=VECTOR('',#5676,10.);
#1702=VECTOR('',#5677,10.);
#1703=VECTOR('',#5678,10.);
#1704=VECTOR('',#5681,10.);
#1705=VECTOR('',#5682,10.);
#1706=VECTOR('',#5683,10.);
#1707=VECTOR('',#5686,10.);
#1708=VECTOR('',#5687,10.);
#1709=VECTOR('',#5690,10.);
#1710=VECTOR('',#5691,10.);
#1711=VECTOR('',#5694,10.);
#1712=VECTOR('',#5697,10.);
#1713=VECTOR('',#5698,10.);
#1714=VECTOR('',#5699,10.);
#1715=VECTOR('',#5700,10.);
#1716=VECTOR('',#5703,10.);
#1717=VECTOR('',#5704,10.);
#1718=VECTOR('',#5705,10.);
#1719=VECTOR('',#5708,10.);
#1720=VECTOR('',#5709,10.);
#1721=VECTOR('',#5710,10.);
#1722=VECTOR('',#5713,10.);
#1723=VECTOR('',#5714,10.);
#1724=VECTOR('',#5715,10.);
#1725=VECTOR('',#5718,10.);
#1726=VECTOR('',#5719,10.);
#1727=VECTOR('',#5720,10.);
#1728=VECTOR('',#5723,10.);
#1729=VECTOR('',#5724,10.);
#1730=VECTOR('',#5725,10.);
#1731=VECTOR('',#5728,10.);
#1732=VECTOR('',#5729,10.);
#1733=VECTOR('',#5730,10.);
#1734=VECTOR('',#5733,10.);
#1735=VECTOR('',#5734,10.);
#1736=VECTOR('',#5743,1.005);
#1737=VECTOR('',#5746,10.);
#1738=VECTOR('',#5747,10.);
#1739=VECTOR('',#5748,10.);
#1740=VECTOR('',#5749,10.);
#1741=VECTOR('',#5752,10.);
#1742=VECTOR('',#5753,10.);
#1743=VECTOR('',#5754,10.);
#1744=VECTOR('',#5757,10.);
#1745=VECTOR('',#5758,10.);
#1746=VECTOR('',#5759,10.);
#1747=VECTOR('',#5762,10.);
#1748=VECTOR('',#5763,10.);
#1749=VECTOR('',#5764,10.);
#1750=VECTOR('',#5767,10.);
#1751=VECTOR('',#5768,10.);
#1752=VECTOR('',#5769,10.);
#1753=VECTOR('',#5772,10.);
#1754=VECTOR('',#5773,10.);
#1755=VECTOR('',#5774,10.);
#1756=VECTOR('',#5777,10.);
#1757=VECTOR('',#5778,10.);
#1758=VECTOR('',#5779,10.);
#1759=VECTOR('',#5782,10.);
#1760=VECTOR('',#5783,10.);
#1761=VECTOR('',#5792,1.005);
#1762=VECTOR('',#5795,10.);
#1763=VECTOR('',#5796,10.);
#1764=VECTOR('',#5797,10.);
#1765=VECTOR('',#5798,10.);
#1766=VECTOR('',#5801,10.);
#1767=VECTOR('',#5802,10.);
#1768=VECTOR('',#5803,10.);
#1769=VECTOR('',#5806,10.);
#1770=VECTOR('',#5807,10.);
#1771=VECTOR('',#5808,10.);
#1772=VECTOR('',#5811,10.);
#1773=VECTOR('',#5812,10.);
#1774=VECTOR('',#5813,10.);
#1775=VECTOR('',#5816,10.);
#1776=VECTOR('',#5817,10.);
#1777=VECTOR('',#5818,10.);
#1778=VECTOR('',#5821,10.);
#1779=VECTOR('',#5822,10.);
#1780=VECTOR('',#5823,10.);
#1781=VECTOR('',#5826,10.);
#1782=VECTOR('',#5827,10.);
#1783=VECTOR('',#5828,10.);
#1784=VECTOR('',#5831,10.);
#1785=VECTOR('',#5832,10.);
#1786=VECTOR('',#5841,1.05);
#1787=VECTOR('',#5846,1.5);
#1788=VECTOR('',#5855,10.);
#1789=VECTOR('',#5856,10.);
#1790=VECTOR('',#5857,10.);
#1791=VECTOR('',#5858,10.);
#1792=VECTOR('',#5861,10.);
#1793=VECTOR('',#5862,10.);
#1794=VECTOR('',#5863,10.);
#1795=VECTOR('',#5866,10.);
#1796=VECTOR('',#5867,10.);
#1797=VECTOR('',#5868,10.);
#1798=VECTOR('',#5871,10.);
#1799=VECTOR('',#5872,10.);
#1800=VECTOR('',#5873,10.);
#1801=VECTOR('',#5876,10.);
#1802=VECTOR('',#5877,10.);
#1803=VECTOR('',#5878,10.);
#1804=VECTOR('',#5881,10.);
#1805=VECTOR('',#5882,10.);
#1806=VECTOR('',#5883,10.);
#1807=VECTOR('',#5886,10.);
#1808=VECTOR('',#5887,10.);
#1809=VECTOR('',#5888,10.);
#1810=VECTOR('',#5891,10.);
#1811=VECTOR('',#5892,10.);
#1812=VECTOR('',#5901,1.005);
#1813=VECTOR('',#5906,1.5);
#1814=VECTOR('',#5915,1.05);
#1815=VECTOR('',#5922,1.5);
#1816=VECTOR('',#5933,1.5);
#1817=VECTOR('',#5942,1.05);
#1818=VECTOR('',#5947,1.05);
#1819=VECTOR('',#5952,1.05);
#1820=VECTOR('',#5957,2.5);
#1821=VECTOR('',#5962,10.);
#1822=VECTOR('',#5963,10.);
#1823=VECTOR('',#5964,10.);
#1824=VECTOR('',#5967,10.);
#1825=VECTOR('',#5968,10.);
#1826=VECTOR('',#5969,10.);
#1827=VECTOR('',#5972,10.);
#1828=VECTOR('',#5973,10.);
#1829=VECTOR('',#5976,10.);
#1830=VECTOR('',#5977,10.);
#1831=VECTOR('',#5980,10.);
#1832=VECTOR('',#5985,10.);
#1833=VECTOR('',#5988,10.);
#1834=VECTOR('',#5993,10.);
#1835=VECTOR('',#5994,10.);
#1836=VECTOR('',#6003,10.);
#1837=VECTOR('',#6004,10.);
#1838=VECTOR('',#6007,10.);
#1839=VECTOR('',#6008,10.);
#1840=VECTOR('',#6017,10.);
#1841=VECTOR('',#6018,10.);
#1842=VECTOR('',#6033,10.);
#1843=VECTOR('',#6036,10.);
#1844=VECTOR('',#6039,10.);
#1845=VECTOR('',#6040,10.);
#1846=VECTOR('',#6043,10.);
#1847=VECTOR('',#6048,10.);
#1848=VECTOR('',#6049,10.);
#1849=VECTOR('',#6052,10.);
#1850=VECTOR('',#6055,10.);
#1851=VECTOR('',#6058,10.);
#1852=VECTOR('',#6061,10.);
#1853=VECTOR('',#6066,10.);
#1854=VECTOR('',#6067,10.);
#1855=VECTOR('',#6070,10.);
#1856=VECTOR('',#6071,10.);
#1857=VECTOR('',#6080,10.);
#1858=VECTOR('',#6081,10.);
#1859=VECTOR('',#6090,10.);
#1860=VECTOR('',#6091,10.);
#1861=VECTOR('',#6106,10.);
#1862=VECTOR('',#6109,10.);
#1863=VECTOR('',#6112,10.);
#1864=VECTOR('',#6113,10.);
#1865=VECTOR('',#6116,10.);
#1866=VECTOR('',#6121,10.);
#1867=VECTOR('',#6122,10.);
#1868=VECTOR('',#6127,10.);
#1869=VECTOR('',#6130,10.);
#1870=VECTOR('',#6133,10.);
#1871=VECTOR('',#6136,10.);
#1872=VECTOR('',#6143,10.);
#1873=VECTOR('',#6144,10.);
#1874=VECTOR('',#6153,10.);
#1875=VECTOR('',#6154,10.);
#1876=VECTOR('',#6163,10.);
#1877=VECTOR('',#6170,10.);
#1878=VECTOR('',#6175,10.);
#1879=VECTOR('',#6178,10.);
#1880=VECTOR('',#6181,10.);
#1881=VECTOR('',#6184,10.);
#1882=VECTOR('',#6199,10.);
#1883=VECTOR('',#6206,10.);
#1884=VECTOR('',#6209,10.);
#1885=VECTOR('',#6212,10.);
#1886=VECTOR('',#6215,10.);
#1887=VECTOR('',#6220,10.);
#1888=VECTOR('',#6221,10.);
#1889=VECTOR('',#6224,10.);
#1890=VECTOR('',#6227,10.);
#1891=VECTOR('',#6230,10.);
#1892=VECTOR('',#6233,10.);
#1893=VECTOR('',#6236,10.);
#1894=VECTOR('',#6239,10.);
#1895=VECTOR('',#6244,10.);
#1896=VECTOR('',#6247,10.);
#1897=VECTOR('',#6250,10.);
#1898=VECTOR('',#6255,10.);
#1899=VECTOR('',#6262,10.);
#1900=VECTOR('',#6265,10.);
#1901=VECTOR('',#6276,10.);
#1902=VECTOR('',#6277,10.);
#1903=VECTOR('',#6278,10.);
#1904=VECTOR('',#6279,10.);
#1905=VECTOR('',#6282,10.);
#1906=VECTOR('',#6287,10.);
#1907=VECTOR('',#6288,10.);
#1908=VECTOR('',#6291,10.);
#1909=VECTOR('',#6296,10.);
#1910=VECTOR('',#6297,10.);
#1911=VECTOR('',#6298,10.);
#1912=VECTOR('',#6303,10.);
#1913=VECTOR('',#6308,10.);
#1914=VECTOR('',#6311,10.);
#1915=VECTOR('',#6316,10.);
#1916=VECTOR('',#6317,10.);
#1917=VECTOR('',#6320,10.);
#1918=VECTOR('',#6325,10.);
#1919=VECTOR('',#6326,10.);
#1920=VECTOR('',#6327,10.);
#1921=VECTOR('',#6328,10.);
#1922=VECTOR('',#6331,10.);
#1923=VECTOR('',#6332,10.);
#1924=VECTOR('',#6333,10.);
#1925=VECTOR('',#6334,10.);
#1926=VECTOR('',#6337,10.);
#1927=VECTOR('',#6338,10.);
#1928=VECTOR('',#6339,10.);
#1929=VECTOR('',#6340,10.);
#1930=VECTOR('',#6343,10.);
#1931=VECTOR('',#6344,10.);
#1932=VECTOR('',#6345,10.);
#1933=VECTOR('',#6346,10.);
#1934=VECTOR('',#6349,10.);
#1935=VECTOR('',#6350,10.);
#1936=VECTOR('',#6351,10.);
#1937=VECTOR('',#6352,10.);
#1938=VECTOR('',#6355,10.);
#1939=VECTOR('',#6356,10.);
#1940=VECTOR('',#6357,10.);
#1941=VECTOR('',#6358,10.);
#1942=VECTOR('',#6361,10.);
#1943=VECTOR('',#6362,10.);
#1944=VECTOR('',#6363,10.);
#1945=VECTOR('',#6364,10.);
#1946=VECTOR('',#6367,10.);
#1947=VECTOR('',#6368,10.);
#1948=VECTOR('',#6369,10.);
#1949=VECTOR('',#6370,10.);
#1950=VECTOR('',#6373,10.);
#1951=VECTOR('',#6374,10.);
#1952=VECTOR('',#6375,10.);
#1953=VECTOR('',#6378,10.);
#1954=VECTOR('',#6379,10.);
#1955=VECTOR('',#6380,10.);
#1956=VECTOR('',#6383,10.);
#1957=VECTOR('',#6384,10.);
#1958=VECTOR('',#6385,10.);
#1959=VECTOR('',#6388,10.);
#1960=VECTOR('',#6389,10.);
#1961=VECTOR('',#6390,10.);
#1962=VECTOR('',#6393,10.);
#1963=VECTOR('',#6394,10.);
#1964=VECTOR('',#6395,10.);
#1965=VECTOR('',#6398,10.);
#1966=VECTOR('',#6399,10.);
#1967=VECTOR('',#6400,10.);
#1968=VECTOR('',#6403,10.);
#1969=VECTOR('',#6404,10.);
#1970=VECTOR('',#6405,10.);
#1971=VECTOR('',#6408,10.);
#1972=VECTOR('',#6409,10.);
#1973=VECTOR('',#6410,10.);
#1974=VECTOR('',#6413,10.);
#1975=VECTOR('',#6414,10.);
#1976=VECTOR('',#6415,10.);
#1977=VECTOR('',#6418,10.);
#1978=VECTOR('',#6419,10.);
#1979=VECTOR('',#6420,10.);
#1980=VECTOR('',#6423,10.);
#1981=VECTOR('',#6424,10.);
#1982=VECTOR('',#6425,10.);
#1983=VECTOR('',#6428,10.);
#1984=VECTOR('',#6429,10.);
#1985=VECTOR('',#6430,10.);
#1986=VECTOR('',#6433,10.);
#1987=VECTOR('',#6434,10.);
#1988=VECTOR('',#6435,10.);
#1989=VECTOR('',#6438,10.);
#1990=VECTOR('',#6439,10.);
#1991=VECTOR('',#6440,10.);
#1992=VECTOR('',#6443,10.);
#1993=VECTOR('',#6444,10.);
#1994=VECTOR('',#6445,10.);
#1995=VECTOR('',#6456,10.);
#1996=VECTOR('',#6477,10.);
#1997=VECTOR('',#6478,10.);
#1998=VECTOR('',#6479,10.);
#1999=VECTOR('',#6480,10.);
#2000=VECTOR('',#6491,10.);
#2001=VECTOR('',#6496,10.);
#2002=VECTOR('',#6499,10.);
#2003=VECTOR('',#6502,10.);
#2004=VECTOR('',#6507,10.);
#2005=VECTOR('',#6508,10.);
#2006=VECTOR('',#6511,10.);
#2007=VECTOR('',#6514,10.);
#2008=VECTOR('',#6517,10.);
#2009=VECTOR('',#6522,10.);
#2010=VECTOR('',#6523,10.);
#2011=VECTOR('',#6526,10.);
#2012=VECTOR('',#6531,10.);
#2013=VECTOR('',#6552,10.);
#2014=VECTOR('',#6555,10.);
#2015=VECTOR('',#6558,10.);
#2016=VECTOR('',#6561,10.);
#2017=VECTOR('',#6566,10.);
#2018=VECTOR('',#6569,10.);
#2019=VECTOR('',#6574,10.);
#2020=VECTOR('',#6577,10.);
#2021=VECTOR('',#6578,10.);
#2022=VECTOR('',#6585,10.);
#2023=VECTOR('',#6592,5.);
#2024=VECTOR('',#6615,10.);
#2025=VECTOR('',#6622,10.);
#2026=VECTOR('',#6629,10.);
#2027=VECTOR('',#6636,10.);
#2028=VECTOR('',#6645,10.);
#2029=VECTOR('',#6648,10.);
#2030=VECTOR('',#6653,10.);
#2031=VECTOR('',#6656,10.);
#2032=VECTOR('',#6659,10.);
#2033=VECTOR('',#6664,10.);
#2034=VECTOR('',#6667,10.);
#2035=VECTOR('',#6670,10.);
#2036=VECTOR('',#6673,10.);
#2037=VECTOR('',#6674,10.);
#2038=VECTOR('',#6679,10.);
#2039=VECTOR('',#6680,10.);
#2040=VECTOR('',#6683,10.);
#2041=VECTOR('',#6686,10.);
#2042=VECTOR('',#6689,10.);
#2043=VECTOR('',#6692,10.);
#2044=VECTOR('',#6695,10.);
#2045=VECTOR('',#6698,10.);
#2046=VECTOR('',#6703,10.);
#2047=VERTEX_POINT('',#6728);
#2048=VERTEX_POINT('',#6729);
#2049=VERTEX_POINT('',#6731);
#2050=VERTEX_POINT('',#6733);
#2051=VERTEX_POINT('',#6735);
#2052=VERTEX_POINT('',#6737);
#2053=VERTEX_POINT('',#6739);
#2054=VERTEX_POINT('',#6742);
#2055=VERTEX_POINT('',#6743);
#2056=VERTEX_POINT('',#6745);
#2057=VERTEX_POINT('',#6747);
#2058=VERTEX_POINT('',#6749);
#2059=VERTEX_POINT('',#6751);
#2060=VERTEX_POINT('',#6753);
#2061=VERTEX_POINT('',#6755);
#2062=VERTEX_POINT('',#6759);
#2063=VERTEX_POINT('',#6761);
#2064=VERTEX_POINT('',#6763);
#2065=VERTEX_POINT('',#6817);
#2066=VERTEX_POINT('',#6819);
#2067=VERTEX_POINT('',#6821);
#2068=VERTEX_POINT('',#6863);
#2069=VERTEX_POINT('',#6865);
#2070=VERTEX_POINT('',#6867);
#2071=VERTEX_POINT('',#6909);
#2072=VERTEX_POINT('',#6911);
#2073=VERTEX_POINT('',#6913);
#2074=VERTEX_POINT('',#6967);
#2075=VERTEX_POINT('',#6969);
#2076=VERTEX_POINT('',#7010);
#2077=VERTEX_POINT('',#7012);
#2078=VERTEX_POINT('',#7014);
#2079=VERTEX_POINT('',#7029);
#2080=VERTEX_POINT('',#7059);
#2081=VERTEX_POINT('',#7061);
#2082=VERTEX_POINT('',#7063);
#2083=VERTEX_POINT('',#7105);
#2084=VERTEX_POINT('',#7107);
#2085=VERTEX_POINT('',#7109);
#2086=VERTEX_POINT('',#7153);
#2087=VERTEX_POINT('',#7155);
#2088=VERTEX_POINT('',#7157);
#2089=VERTEX_POINT('',#7199);
#2090=VERTEX_POINT('',#7201);
#2091=VERTEX_POINT('',#7203);
#2092=VERTEX_POINT('',#7257);
#2093=VERTEX_POINT('',#7259);
#2094=VERTEX_POINT('',#7278);
#2095=VERTEX_POINT('',#7294);
#2096=VERTEX_POINT('',#7295);
#2097=VERTEX_POINT('',#7297);
#2098=VERTEX_POINT('',#7299);
#2099=VERTEX_POINT('',#7313);
#2100=VERTEX_POINT('',#7315);
#2101=VERTEX_POINT('',#7318);
#2102=VERTEX_POINT('',#7321);
#2103=VERTEX_POINT('',#7323);
#2104=VERTEX_POINT('',#7328);
#2105=VERTEX_POINT('',#7333);
#2106=VERTEX_POINT('',#7340);
#2107=VERTEX_POINT('',#7342);
#2108=VERTEX_POINT('',#7344);
#2109=VERTEX_POINT('',#7346);
#2110=VERTEX_POINT('',#7348);
#2111=VERTEX_POINT('',#7350);
#2112=VERTEX_POINT('',#7352);
#2113=VERTEX_POINT('',#7359);
#2114=VERTEX_POINT('',#7361);
#2115=VERTEX_POINT('',#7363);
#2116=VERTEX_POINT('',#7368);
#2117=VERTEX_POINT('',#7373);
#2118=VERTEX_POINT('',#7424);
#2119=VERTEX_POINT('',#7429);
#2120=VERTEX_POINT('',#7435);
#2121=VERTEX_POINT('',#7440);
#2122=VERTEX_POINT('',#7445);
#2123=VERTEX_POINT('',#7456);
#2124=VERTEX_POINT('',#7461);
#2125=VERTEX_POINT('',#7476);
#2126=VERTEX_POINT('',#7492);
#2127=VERTEX_POINT('',#7493);
#2128=VERTEX_POINT('',#7498);
#2129=VERTEX_POINT('',#7545);
#2130=VERTEX_POINT('',#7556);
#2131=VERTEX_POINT('',#7561);
#2132=VERTEX_POINT('',#7644);
#2133=VERTEX_POINT('',#7685);
#2134=VERTEX_POINT('',#7712);
#2135=VERTEX_POINT('',#7717);
#2136=VERTEX_POINT('',#7735);
#2137=VERTEX_POINT('',#7742);
#2138=VERTEX_POINT('',#7758);
#2139=VERTEX_POINT('',#7759);
#2140=VERTEX_POINT('',#7761);
#2141=VERTEX_POINT('',#7763);
#2142=VERTEX_POINT('',#7767);
#2143=VERTEX_POINT('',#7769);
#2144=VERTEX_POINT('',#7773);
#2145=VERTEX_POINT('',#7775);
#2146=VERTEX_POINT('',#7782);
#2147=VERTEX_POINT('',#7783);
#2148=VERTEX_POINT('',#7785);
#2149=VERTEX_POINT('',#7787);
#2150=VERTEX_POINT('',#7791);
#2151=VERTEX_POINT('',#7792);
#2152=VERTEX_POINT('',#7797);
#2153=VERTEX_POINT('',#7801);
#2154=VERTEX_POINT('',#7807);
#2155=VERTEX_POINT('',#7808);
#2156=VERTEX_POINT('',#7810);
#2157=VERTEX_POINT('',#7812);
#2158=VERTEX_POINT('',#7816);
#2159=VERTEX_POINT('',#7818);
#2160=VERTEX_POINT('',#7822);
#2161=VERTEX_POINT('',#7824);
#2162=VERTEX_POINT('',#7832);
#2163=VERTEX_POINT('',#7834);
#2164=VERTEX_POINT('',#7838);
#2165=VERTEX_POINT('',#7839);
#2166=VERTEX_POINT('',#7841);
#2167=VERTEX_POINT('',#7843);
#2168=VERTEX_POINT('',#7847);
#2169=VERTEX_POINT('',#7848);
#2170=VERTEX_POINT('',#7853);
#2171=VERTEX_POINT('',#7857);
#2172=VERTEX_POINT('',#7863);
#2173=VERTEX_POINT('',#7864);
#2174=VERTEX_POINT('',#7866);
#2175=VERTEX_POINT('',#7868);
#2176=VERTEX_POINT('',#7872);
#2177=VERTEX_POINT('',#7874);
#2178=VERTEX_POINT('',#7878);
#2179=VERTEX_POINT('',#7880);
#2180=VERTEX_POINT('',#7884);
#2181=VERTEX_POINT('',#7886);
#2182=VERTEX_POINT('',#7890);
#2183=VERTEX_POINT('',#7892);
#2184=VERTEX_POINT('',#7896);
#2185=VERTEX_POINT('',#7898);
#2186=VERTEX_POINT('',#7902);
#2187=VERTEX_POINT('',#7904);
#2188=VERTEX_POINT('',#7911);
#2189=VERTEX_POINT('',#7914);
#2190=VERTEX_POINT('',#7918);
#2191=VERTEX_POINT('',#7919);
#2192=VERTEX_POINT('',#7921);
#2193=VERTEX_POINT('',#7923);
#2194=VERTEX_POINT('',#7927);
#2195=VERTEX_POINT('',#7929);
#2196=VERTEX_POINT('',#7933);
#2197=VERTEX_POINT('',#7935);
#2198=VERTEX_POINT('',#7939);
#2199=VERTEX_POINT('',#7941);
#2200=VERTEX_POINT('',#7945);
#2201=VERTEX_POINT('',#7947);
#2202=VERTEX_POINT('',#7951);
#2203=VERTEX_POINT('',#7953);
#2204=VERTEX_POINT('',#7957);
#2205=VERTEX_POINT('',#7959);
#2206=VERTEX_POINT('',#7966);
#2207=VERTEX_POINT('',#7969);
#2208=VERTEX_POINT('',#7973);
#2209=VERTEX_POINT('',#7974);
#2210=VERTEX_POINT('',#7976);
#2211=VERTEX_POINT('',#7978);
#2212=VERTEX_POINT('',#7982);
#2213=VERTEX_POINT('',#7984);
#2214=VERTEX_POINT('',#7988);
#2215=VERTEX_POINT('',#7990);
#2216=VERTEX_POINT('',#7994);
#2217=VERTEX_POINT('',#7996);
#2218=VERTEX_POINT('',#8000);
#2219=VERTEX_POINT('',#8002);
#2220=VERTEX_POINT('',#8006);
#2221=VERTEX_POINT('',#8008);
#2222=VERTEX_POINT('',#8012);
#2223=VERTEX_POINT('',#8014);
#2224=VERTEX_POINT('',#8021);
#2225=VERTEX_POINT('',#8024);
#2226=VERTEX_POINT('',#8028);
#2227=VERTEX_POINT('',#8030);
#2228=VERTEX_POINT('',#8034);
#2229=VERTEX_POINT('',#8037);
#2230=VERTEX_POINT('',#8038);
#2231=VERTEX_POINT('',#8040);
#2232=VERTEX_POINT('',#8042);
#2233=VERTEX_POINT('',#8046);
#2234=VERTEX_POINT('',#8048);
#2235=VERTEX_POINT('',#8052);
#2236=VERTEX_POINT('',#8054);
#2237=VERTEX_POINT('',#8058);
#2238=VERTEX_POINT('',#8060);
#2239=VERTEX_POINT('',#8064);
#2240=VERTEX_POINT('',#8066);
#2241=VERTEX_POINT('',#8070);
#2242=VERTEX_POINT('',#8072);
#2243=VERTEX_POINT('',#8076);
#2244=VERTEX_POINT('',#8078);
#2245=VERTEX_POINT('',#8085);
#2246=VERTEX_POINT('',#8088);
#2247=VERTEX_POINT('',#8092);
#2248=VERTEX_POINT('',#8094);
#2249=VERTEX_POINT('',#8098);
#2250=VERTEX_POINT('',#8101);
#2251=VERTEX_POINT('',#8105);
#2252=VERTEX_POINT('',#8107);
#2253=VERTEX_POINT('',#8111);
#2254=VERTEX_POINT('',#8114);
#2255=VERTEX_POINT('',#8116);
#2256=VERTEX_POINT('',#8120);
#2257=VERTEX_POINT('',#8123);
#2258=VERTEX_POINT('',#8127);
#2259=VERTEX_POINT('',#8131);
#2260=VERTEX_POINT('',#8135);
#2261=VERTEX_POINT('',#8139);
#2262=VERTEX_POINT('',#8141);
#2263=VERTEX_POINT('',#8145);
#2264=VERTEX_POINT('',#8151);
#2265=VERTEX_POINT('',#8155);
#2266=VERTEX_POINT('',#8183);
#2267=VERTEX_POINT('',#8184);
#2268=VERTEX_POINT('',#8186);
#2269=VERTEX_POINT('',#8199);
#2270=VERTEX_POINT('',#8214);
#2271=VERTEX_POINT('',#8216);
#2272=VERTEX_POINT('',#8231);
#2273=VERTEX_POINT('',#8233);
#2274=VERTEX_POINT('',#8248);
#2275=VERTEX_POINT('',#8249);
#2276=VERTEX_POINT('',#8251);
#2277=VERTEX_POINT('',#8264);
#2278=VERTEX_POINT('',#8279);
#2279=VERTEX_POINT('',#8281);
#2280=VERTEX_POINT('',#8296);
#2281=VERTEX_POINT('',#8298);
#2282=VERTEX_POINT('',#8319);
#2283=VERTEX_POINT('',#8321);
#2284=VERTEX_POINT('',#8325);
#2285=VERTEX_POINT('',#8329);
#2286=VERTEX_POINT('',#8333);
#2287=VERTEX_POINT('',#8337);
#2288=VERTEX_POINT('',#8338);
#2289=VERTEX_POINT('',#8340);
#2290=VERTEX_POINT('',#8342);
#2291=VERTEX_POINT('',#8344);
#2292=VERTEX_POINT('',#8346);
#2293=VERTEX_POINT('',#8348);
#2294=VERTEX_POINT('',#8350);
#2295=VERTEX_POINT('',#8354);
#2296=VERTEX_POINT('',#8355);
#2297=VERTEX_POINT('',#8357);
#2298=VERTEX_POINT('',#8372);
#2299=VERTEX_POINT('',#8389);
#2300=VERTEX_POINT('',#8390);
#2301=VERTEX_POINT('',#8392);
#2302=VERTEX_POINT('',#8407);
#2303=VERTEX_POINT('',#8422);
#2304=VERTEX_POINT('',#8424);
#2305=VERTEX_POINT('',#8441);
#2306=VERTEX_POINT('',#8443);
#2307=VERTEX_POINT('',#8460);
#2308=VERTEX_POINT('',#8462);
#2309=VERTEX_POINT('',#8479);
#2310=VERTEX_POINT('',#8481);
#2311=VERTEX_POINT('',#8504);
#2312=VERTEX_POINT('',#8506);
#2313=VERTEX_POINT('',#8510);
#2314=VERTEX_POINT('',#8514);
#2315=VERTEX_POINT('',#8518);
#2316=VERTEX_POINT('',#8522);
#2317=VERTEX_POINT('',#8523);
#2318=VERTEX_POINT('',#8525);
#2319=VERTEX_POINT('',#8527);
#2320=VERTEX_POINT('',#8529);
#2321=VERTEX_POINT('',#8531);
#2322=VERTEX_POINT('',#8533);
#2323=VERTEX_POINT('',#8535);
#2324=VERTEX_POINT('',#8539);
#2325=VERTEX_POINT('',#8540);
#2326=VERTEX_POINT('',#8567);
#2327=VERTEX_POINT('',#8569);
#2328=VERTEX_POINT('',#8584);
#2329=VERTEX_POINT('',#8586);
#2330=VERTEX_POINT('',#8601);
#2331=VERTEX_POINT('',#8603);
#2332=VERTEX_POINT('',#8619);
#2333=VERTEX_POINT('',#8634);
#2334=VERTEX_POINT('',#8649);
#2335=VERTEX_POINT('',#8666);
#2336=VERTEX_POINT('',#8667);
#2337=VERTEX_POINT('',#8669);
#2338=VERTEX_POINT('',#8671);
#2339=VERTEX_POINT('',#8673);
#2340=VERTEX_POINT('',#8675);
#2341=VERTEX_POINT('',#8677);
#2342=VERTEX_POINT('',#8679);
#2343=VERTEX_POINT('',#8695);
#2344=VERTEX_POINT('',#8762);
#2345=VERTEX_POINT('',#8777);
#2346=VERTEX_POINT('',#8824);
#2347=VERTEX_POINT('',#8837);
#2348=VERTEX_POINT('',#8860);
#2349=VERTEX_POINT('',#8861);
#2350=VERTEX_POINT('',#8888);
#2351=VERTEX_POINT('',#8903);
#2352=VERTEX_POINT('',#8922);
#2353=VERTEX_POINT('',#8924);
#2354=VERTEX_POINT('',#8926);
#2355=VERTEX_POINT('',#8930);
#2356=VERTEX_POINT('',#8934);
#2357=VERTEX_POINT('',#8938);
#2358=VERTEX_POINT('',#8942);
#2359=VERTEX_POINT('',#8944);
#2360=VERTEX_POINT('',#8948);
#2361=VERTEX_POINT('',#8952);
#2362=VERTEX_POINT('',#8956);
#2363=VERTEX_POINT('',#8960);
#2364=VERTEX_POINT('',#8964);
#2365=VERTEX_POINT('',#8968);
#2366=VERTEX_POINT('',#8969);
#2367=VERTEX_POINT('',#8971);
#2368=VERTEX_POINT('',#8973);
#2369=VERTEX_POINT('',#8977);
#2370=VERTEX_POINT('',#8978);
#2371=VERTEX_POINT('',#8980);
#2372=VERTEX_POINT('',#8982);
#2373=VERTEX_POINT('',#8986);
#2374=VERTEX_POINT('',#8987);
#2375=VERTEX_POINT('',#8989);
#2376=VERTEX_POINT('',#8991);
#2377=VERTEX_POINT('',#8995);
#2378=VERTEX_POINT('',#8996);
#2379=VERTEX_POINT('',#8998);
#2380=VERTEX_POINT('',#9000);
#2381=VERTEX_POINT('',#9004);
#2382=VERTEX_POINT('',#9005);
#2383=VERTEX_POINT('',#9007);
#2384=VERTEX_POINT('',#9009);
#2385=VERTEX_POINT('',#9013);
#2386=VERTEX_POINT('',#9014);
#2387=VERTEX_POINT('',#9016);
#2388=VERTEX_POINT('',#9018);
#2389=VERTEX_POINT('',#9022);
#2390=VERTEX_POINT('',#9023);
#2391=VERTEX_POINT('',#9025);
#2392=VERTEX_POINT('',#9027);
#2393=VERTEX_POINT('',#9031);
#2394=VERTEX_POINT('',#9032);
#2395=VERTEX_POINT('',#9034);
#2396=VERTEX_POINT('',#9036);
#2397=VERTEX_POINT('',#9040);
#2398=VERTEX_POINT('',#9042);
#2399=VERTEX_POINT('',#9046);
#2400=VERTEX_POINT('',#9048);
#2401=VERTEX_POINT('',#9052);
#2402=VERTEX_POINT('',#9054);
#2403=VERTEX_POINT('',#9058);
#2404=VERTEX_POINT('',#9060);
#2405=VERTEX_POINT('',#9064);
#2406=VERTEX_POINT('',#9066);
#2407=VERTEX_POINT('',#9070);
#2408=VERTEX_POINT('',#9072);
#2409=VERTEX_POINT('',#9076);
#2410=VERTEX_POINT('',#9078);
#2411=VERTEX_POINT('',#9082);
#2412=VERTEX_POINT('',#9084);
#2413=VERTEX_POINT('',#9088);
#2414=VERTEX_POINT('',#9090);
#2415=VERTEX_POINT('',#9094);
#2416=VERTEX_POINT('',#9096);
#2417=VERTEX_POINT('',#9100);
#2418=VERTEX_POINT('',#9102);
#2419=VERTEX_POINT('',#9106);
#2420=VERTEX_POINT('',#9108);
#2421=VERTEX_POINT('',#9112);
#2422=VERTEX_POINT('',#9114);
#2423=VERTEX_POINT('',#9118);
#2424=VERTEX_POINT('',#9120);
#2425=VERTEX_POINT('',#9124);
#2426=VERTEX_POINT('',#9126);
#2427=VERTEX_POINT('',#9134);
#2428=VERTEX_POINT('',#9146);
#2429=VERTEX_POINT('',#9147);
#2430=VERTEX_POINT('',#9149);
#2431=VERTEX_POINT('',#9151);
#2432=VERTEX_POINT('',#9157);
#2433=VERTEX_POINT('',#9159);
#2434=VERTEX_POINT('',#9163);
#2435=VERTEX_POINT('',#9165);
#2436=VERTEX_POINT('',#9167);
#2437=VERTEX_POINT('',#9169);
#2438=VERTEX_POINT('',#9171);
#2439=VERTEX_POINT('',#9173);
#2440=VERTEX_POINT('',#9176);
#2441=VERTEX_POINT('',#9177);
#2442=VERTEX_POINT('',#9189);
#2443=VERTEX_POINT('',#9193);
#2444=VERTEX_POINT('',#9207);
#2445=VERTEX_POINT('',#9208);
#2446=VERTEX_POINT('',#9210);
#2447=VERTEX_POINT('',#9212);
#2448=VERTEX_POINT('',#9214);
#2449=VERTEX_POINT('',#9216);
#2450=VERTEX_POINT('',#9218);
#2451=VERTEX_POINT('',#9220);
#2452=VERTEX_POINT('',#9224);
#2453=VERTEX_POINT('',#9228);
#2454=VERTEX_POINT('',#9234);
#2455=VERTEX_POINT('',#9240);
#2456=VERTEX_POINT('',#9244);
#2457=VERTEX_POINT('',#9245);
#2458=VERTEX_POINT('',#9247);
#2459=VERTEX_POINT('',#9250);
#2460=VERTEX_POINT('',#9252);
#2461=VERTEX_POINT('',#9254);
#2462=VERTEX_POINT('',#9256);
#2463=VERTEX_POINT('',#9258);
#2464=VERTEX_POINT('',#9260);
#2465=VERTEX_POINT('',#9262);
#2466=VERTEX_POINT('',#9266);
#2467=VERTEX_POINT('',#9267);
#2468=VERTEX_POINT('',#9278);
#2469=VERTEX_POINT('',#9302);
#2470=VERTEX_POINT('',#9313);
#2471=VERTEX_POINT('',#9353);
#2472=VERTEX_POINT('',#9366);
#2473=VERTEX_POINT('',#9367);
#2474=VERTEX_POINT('',#9378);
#2475=VERTEX_POINT('',#9383);
#2476=VERTEX_POINT('',#9396);
#2477=VERTEX_POINT('',#9409);
#2478=VERTEX_POINT('',#9420);
#2479=VERTEX_POINT('',#9441);
#2480=VERTEX_POINT('',#9456);
#2481=VERTEX_POINT('',#9471);
#2482=VERTEX_POINT('',#9479);
#2483=VERTEX_POINT('',#9492);
#2484=VERTEX_POINT('',#9503);
#2485=VERTEX_POINT('',#9518);
#2486=VERTEX_POINT('',#9523);
#2487=VERTEX_POINT('',#9543);
#2488=VERTEX_POINT('',#9548);
#2489=VERTEX_POINT('',#9899);
#2490=VERTEX_POINT('',#9901);
#2491=VERTEX_POINT('',#9903);
#2492=VERTEX_POINT('',#9938);
#2493=VERTEX_POINT('',#9943);
#2494=VERTEX_POINT('',#9945);
#2495=VERTEX_POINT('',#9975);
#2496=VERTEX_POINT('',#9977);
#2497=VERTEX_POINT('',#10018);
#2498=VERTEX_POINT('',#10068);
#2499=VERTEX_POINT('',#10106);
#2500=VERTEX_POINT('',#10108);
#2501=VERTEX_POINT('',#10141);
#2502=VERTEX_POINT('',#10179);
#2503=VERTEX_POINT('',#10181);
#2504=EDGE_CURVE('',#2047,#2048,#1225,.T.);
#2505=EDGE_CURVE('',#2049,#2047,#1226,.T.);
#2506=EDGE_CURVE('',#2050,#2049,#1057,.T.);
#2507=EDGE_CURVE('',#2051,#2050,#1227,.T.);
#2508=EDGE_CURVE('',#2052,#2051,#1058,.T.);
#2509=EDGE_CURVE('',#2053,#2052,#1228,.T.);
#2510=EDGE_CURVE('',#2048,#2053,#1059,.T.);
#2511=EDGE_CURVE('',#2054,#2055,#1229,.T.);
#2512=EDGE_CURVE('',#2055,#2056,#1060,.T.);
#2513=EDGE_CURVE('',#2056,#2057,#1230,.T.);
#2514=EDGE_CURVE('',#2057,#2058,#1061,.T.);
#2515=EDGE_CURVE('',#2058,#2059,#1231,.T.);
#2516=EDGE_CURVE('',#2059,#2060,#1062,.T.);
#2517=EDGE_CURVE('',#2060,#2061,#1232,.T.);
#2518=EDGE_CURVE('',#2061,#2054,#1063,.T.);
#2519=EDGE_CURVE('',#2062,#2062,#1064,.T.);
#2520=EDGE_CURVE('',#2062,#2063,#1233,.T.);
#2521=EDGE_CURVE('',#2064,#2063,#158,.T.);
#2522=EDGE_CURVE('',#2063,#2064,#159,.T.);
#2523=EDGE_CURVE('',#2065,#2065,#1065,.T.);
#2524=EDGE_CURVE('',#2065,#2066,#1234,.T.);
#2525=EDGE_CURVE('',#2067,#2066,#160,.T.);
#2526=EDGE_CURVE('',#2066,#2067,#161,.T.);
#2527=EDGE_CURVE('',#2068,#2068,#1066,.T.);
#2528=EDGE_CURVE('',#2068,#2069,#1235,.T.);
#2529=EDGE_CURVE('',#2070,#2069,#162,.T.);
#2530=EDGE_CURVE('',#2069,#2070,#163,.T.);
#2531=EDGE_CURVE('',#2071,#2071,#1067,.T.);
#2532=EDGE_CURVE('',#2071,#2072,#1236,.T.);
#2533=EDGE_CURVE('',#2073,#2072,#164,.T.);
#2534=EDGE_CURVE('',#2072,#2073,#165,.T.);
#2535=EDGE_CURVE('',#2074,#2074,#1068,.T.);
#2536=EDGE_CURVE('',#2074,#2075,#1237,.T.);
#2537=EDGE_CURVE('',#2075,#2075,#166,.T.);
#2538=EDGE_CURVE('',#2076,#2076,#1069,.T.);
#2539=EDGE_CURVE('',#2076,#2077,#1238,.T.);
#2540=EDGE_CURVE('',#2078,#2077,#167,.T.);
#2541=EDGE_CURVE('',#2079,#2078,#168,.T.);
#2542=EDGE_CURVE('',#2077,#2079,#169,.T.);
#2543=EDGE_CURVE('',#2080,#2080,#1070,.T.);
#2544=EDGE_CURVE('',#2080,#2081,#1239,.T.);
#2545=EDGE_CURVE('',#2082,#2081,#170,.T.);
#2546=EDGE_CURVE('',#2081,#2082,#171,.T.);
#2547=EDGE_CURVE('',#2083,#2083,#1071,.T.);
#2548=EDGE_CURVE('',#2083,#2084,#1240,.T.);
#2549=EDGE_CURVE('',#2085,#2084,#172,.T.);
#2550=EDGE_CURVE('',#2084,#2085,#173,.T.);
#2551=EDGE_CURVE('',#2086,#2086,#1072,.T.);
#2552=EDGE_CURVE('',#2086,#2087,#1241,.T.);
#2553=EDGE_CURVE('',#2088,#2087,#174,.T.);
#2554=EDGE_CURVE('',#2087,#2088,#175,.T.);
#2555=EDGE_CURVE('',#2089,#2089,#1073,.T.);
#2556=EDGE_CURVE('',#2089,#2090,#1242,.T.);
#2557=EDGE_CURVE('',#2091,#2090,#176,.T.);
#2558=EDGE_CURVE('',#2090,#2091,#177,.T.);
#2559=EDGE_CURVE('',#2079,#2092,#156,.T.);
#2560=EDGE_CURVE('',#2093,#2092,#178,.T.);
#2561=EDGE_CURVE('',#2093,#2094,#1243,.T.);
#2562=EDGE_CURVE('',#2049,#2094,#179,.T.);
#2563=EDGE_CURVE('',#2047,#2078,#157,.T.);
#2564=EDGE_CURVE('',#2095,#2096,#1244,.T.);
#2565=EDGE_CURVE('',#2097,#2095,#1245,.T.);
#2566=EDGE_CURVE('',#2098,#2097,#180,.T.);
#2567=EDGE_CURVE('',#2098,#2099,#1246,.T.);
#2568=EDGE_CURVE('',#2100,#2099,#1247,.T.);
#2569=EDGE_CURVE('',#2096,#2100,#1248,.T.);
#2570=EDGE_CURVE('',#2101,#2101,#1074,.T.);
#2571=EDGE_CURVE('',#2099,#2102,#1249,.T.);
#2572=EDGE_CURVE('',#2103,#2098,#181,.T.);
#2573=EDGE_CURVE('',#2104,#2103,#182,.T.);
#2574=EDGE_CURVE('',#2105,#2104,#183,.T.);
#2575=EDGE_CURVE('',#2102,#2105,#1250,.T.);
#2576=EDGE_CURVE('',#2106,#2096,#1251,.T.);
#2577=EDGE_CURVE('',#2106,#2107,#1252,.T.);
#2578=EDGE_CURVE('',#2108,#2107,#1253,.T.);
#2579=EDGE_CURVE('',#2109,#2108,#1254,.T.);
#2580=EDGE_CURVE('',#2109,#2110,#1255,.T.);
#2581=EDGE_CURVE('',#2110,#2111,#1256,.T.);
#2582=EDGE_CURVE('',#2112,#2111,#184,.T.);
#2583=EDGE_CURVE('',#2112,#2113,#1257,.T.);
#2584=EDGE_CURVE('',#2113,#2114,#1258,.T.);
#2585=EDGE_CURVE('',#2115,#2114,#185,.T.);
#2586=EDGE_CURVE('',#2116,#2115,#186,.T.);
#2587=EDGE_CURVE('',#2116,#2117,#1259,.T.);
#2588=EDGE_CURVE('',#2095,#2117,#1260,.T.);
#2589=EDGE_CURVE('',#2118,#2105,#187,.T.);
#2590=EDGE_CURVE('',#2104,#2119,#188,.T.);
#2591=EDGE_CURVE('',#2119,#2120,#189,.T.);
#2592=EDGE_CURVE('',#2121,#2120,#190,.T.);
#2593=EDGE_CURVE('',#2122,#2121,#191,.T.);
#2594=EDGE_CURVE('',#2123,#2122,#192,.T.);
#2595=EDGE_CURVE('',#2123,#2124,#193,.T.);
#2596=EDGE_CURVE('',#2124,#2125,#194,.T.);
#2597=EDGE_CURVE('',#2125,#2118,#195,.T.);
#2598=EDGE_CURVE('',#2126,#2127,#196,.T.);
#2599=EDGE_CURVE('',#2127,#2128,#197,.T.);
#2600=EDGE_CURVE('',#2128,#2126,#198,.T.);
#2601=EDGE_CURVE('',#2103,#2119,#199,.T.);
#2602=EDGE_CURVE('',#2129,#2118,#200,.T.);
#2603=EDGE_CURVE('',#2125,#2129,#201,.T.);
#2604=EDGE_CURVE('',#2114,#2130,#202,.T.);
#2605=EDGE_CURVE('',#2131,#2113,#1261,.T.);
#2606=EDGE_CURVE('',#2130,#2131,#1262,.T.);
#2607=EDGE_CURVE('',#2132,#2123,#203,.T.);
#2608=EDGE_CURVE('',#2132,#2133,#204,.T.);
#2609=EDGE_CURVE('',#2133,#2124,#205,.T.);
#2610=EDGE_CURVE('',#2130,#2134,#206,.T.);
#2611=EDGE_CURVE('',#2134,#2135,#207,.T.);
#2612=EDGE_CURVE('',#2135,#2116,#208,.T.);
#2613=EDGE_CURVE('',#2111,#2136,#209,.T.);
#2614=EDGE_CURVE('',#2136,#2137,#210,.T.);
#2615=EDGE_CURVE('',#2137,#2112,#211,.T.);
#2616=EDGE_CURVE('',#2131,#2137,#1263,.T.);
#2617=EDGE_CURVE('',#2138,#2139,#1264,.T.);
#2618=EDGE_CURVE('',#2138,#2140,#1265,.T.);
#2619=EDGE_CURVE('',#2141,#2140,#1266,.T.);
#2620=EDGE_CURVE('',#2139,#2141,#1267,.T.);
#2621=EDGE_CURVE('',#2139,#2142,#1075,.T.);
#2622=EDGE_CURVE('',#2143,#2141,#1076,.T.);
#2623=EDGE_CURVE('',#2142,#2143,#1268,.T.);
#2624=EDGE_CURVE('',#2142,#2144,#1269,.T.);
#2625=EDGE_CURVE('',#2145,#2143,#1270,.T.);
#2626=EDGE_CURVE('',#2144,#2145,#1271,.T.);
#2627=EDGE_CURVE('',#2144,#2138,#1077,.T.);
#2628=EDGE_CURVE('',#2140,#2145,#1078,.T.);
#2629=EDGE_CURVE('',#2146,#2147,#1272,.T.);
#2630=EDGE_CURVE('',#2147,#2148,#1079,.T.);
#2631=EDGE_CURVE('',#2148,#2149,#1273,.T.);
#2632=EDGE_CURVE('',#2149,#2146,#1080,.T.);
#2633=EDGE_CURVE('',#2150,#2151,#1081,.T.);
#2634=EDGE_CURVE('',#2150,#2148,#1274,.T.);
#2635=EDGE_CURVE('',#2151,#2147,#1275,.T.);
#2636=EDGE_CURVE('',#2152,#2150,#1276,.T.);
#2637=EDGE_CURVE('',#2152,#2149,#1277,.T.);
#2638=EDGE_CURVE('',#2153,#2152,#1082,.T.);
#2639=EDGE_CURVE('',#2153,#2146,#1278,.T.);
#2640=EDGE_CURVE('',#2151,#2153,#1279,.T.);
#2641=EDGE_CURVE('',#2154,#2155,#1083,.T.);
#2642=EDGE_CURVE('',#2154,#2156,#1280,.T.);
#2643=EDGE_CURVE('',#2156,#2157,#1084,.T.);
#2644=EDGE_CURVE('',#2155,#2157,#1281,.T.);
#2645=EDGE_CURVE('',#2158,#2154,#1282,.T.);
#2646=EDGE_CURVE('',#2158,#2159,#1283,.T.);
#2647=EDGE_CURVE('',#2159,#2156,#1284,.T.);
#2648=EDGE_CURVE('',#2160,#2158,#1085,.T.);
#2649=EDGE_CURVE('',#2160,#2161,#1285,.T.);
#2650=EDGE_CURVE('',#2161,#2159,#1086,.T.);
#2651=EDGE_CURVE('',#2155,#2160,#1286,.T.);
#2652=EDGE_CURVE('',#2157,#2161,#1287,.T.);
#2653=EDGE_CURVE('',#2162,#2162,#1087,.T.);
#2654=EDGE_CURVE('',#2162,#2163,#1288,.T.);
#2655=EDGE_CURVE('',#2163,#2163,#1088,.T.);
#2656=EDGE_CURVE('',#2164,#2165,#1289,.T.);
#2657=EDGE_CURVE('',#2165,#2166,#1290,.T.);
#2658=EDGE_CURVE('',#2166,#2167,#1291,.T.);
#2659=EDGE_CURVE('',#2167,#2164,#1292,.T.);
#2660=EDGE_CURVE('',#2168,#2169,#1293,.T.);
#2661=EDGE_CURVE('',#2168,#2165,#1294,.T.);
#2662=EDGE_CURVE('',#2164,#2169,#1295,.T.);
#2663=EDGE_CURVE('',#2170,#2168,#1296,.T.);
#2664=EDGE_CURVE('',#2166,#2170,#1297,.T.);
#2665=EDGE_CURVE('',#2170,#2171,#1298,.T.);
#2666=EDGE_CURVE('',#2167,#2171,#1299,.T.);
#2667=EDGE_CURVE('',#2169,#2171,#1300,.T.);
#2668=EDGE_CURVE('',#2172,#2173,#1301,.T.);
#2669=EDGE_CURVE('',#2172,#2174,#1302,.T.);
#2670=EDGE_CURVE('',#2174,#2175,#1303,.T.);
#2671=EDGE_CURVE('',#2173,#2175,#1304,.T.);
#2672=EDGE_CURVE('',#2176,#2172,#1305,.T.);
#2673=EDGE_CURVE('',#2176,#2177,#1306,.T.);
#2674=EDGE_CURVE('',#2177,#2174,#1307,.T.);
#2675=EDGE_CURVE('',#2178,#2176,#1308,.T.);
#2676=EDGE_CURVE('',#2178,#2179,#1309,.T.);
#2677=EDGE_CURVE('',#2179,#2177,#1310,.T.);
#2678=EDGE_CURVE('',#2180,#2178,#1311,.T.);
#2679=EDGE_CURVE('',#2180,#2181,#1312,.T.);
#2680=EDGE_CURVE('',#2181,#2179,#1313,.T.);
#2681=EDGE_CURVE('',#2182,#2180,#1314,.T.);
#2682=EDGE_CURVE('',#2182,#2183,#1315,.T.);
#2683=EDGE_CURVE('',#2183,#2181,#1316,.T.);
#2684=EDGE_CURVE('',#2184,#2182,#1317,.T.);
#2685=EDGE_CURVE('',#2184,#2185,#1318,.T.);
#2686=EDGE_CURVE('',#2185,#2183,#1319,.T.);
#2687=EDGE_CURVE('',#2186,#2184,#1320,.T.);
#2688=EDGE_CURVE('',#2186,#2187,#1321,.T.);
#2689=EDGE_CURVE('',#2187,#2185,#1322,.T.);
#2690=EDGE_CURVE('',#2173,#2186,#1323,.T.);
#2691=EDGE_CURVE('',#2175,#2187,#1324,.T.);
#2692=EDGE_CURVE('',#2188,#2188,#1089,.T.);
#2693=EDGE_CURVE('',#2189,#2189,#1090,.T.);
#2694=EDGE_CURVE('',#2189,#2188,#1325,.T.);
#2695=EDGE_CURVE('',#2190,#2191,#1326,.T.);
#2696=EDGE_CURVE('',#2190,#2192,#1327,.T.);
#2697=EDGE_CURVE('',#2192,#2193,#1328,.T.);
#2698=EDGE_CURVE('',#2191,#2193,#1329,.T.);
#2699=EDGE_CURVE('',#2194,#2190,#1330,.T.);
#2700=EDGE_CURVE('',#2194,#2195,#1331,.T.);
#2701=EDGE_CURVE('',#2195,#2192,#1332,.T.);
#2702=EDGE_CURVE('',#2196,#2194,#1333,.T.);
#2703=EDGE_CURVE('',#2196,#2197,#1334,.T.);
#2704=EDGE_CURVE('',#2197,#2195,#1335,.T.);
#2705=EDGE_CURVE('',#2198,#2196,#1336,.T.);
#2706=EDGE_CURVE('',#2198,#2199,#1337,.T.);
#2707=EDGE_CURVE('',#2199,#2197,#1338,.T.);
#2708=EDGE_CURVE('',#2200,#2198,#1339,.T.);
#2709=EDGE_CURVE('',#2200,#2201,#1340,.T.);
#2710=EDGE_CURVE('',#2201,#2199,#1341,.T.);
#2711=EDGE_CURVE('',#2202,#2200,#1342,.T.);
#2712=EDGE_CURVE('',#2202,#2203,#1343,.T.);
#2713=EDGE_CURVE('',#2203,#2201,#1344,.T.);
#2714=EDGE_CURVE('',#2204,#2202,#1345,.T.);
#2715=EDGE_CURVE('',#2204,#2205,#1346,.T.);
#2716=EDGE_CURVE('',#2205,#2203,#1347,.T.);
#2717=EDGE_CURVE('',#2191,#2204,#1348,.T.);
#2718=EDGE_CURVE('',#2193,#2205,#1349,.T.);
#2719=EDGE_CURVE('',#2206,#2206,#1091,.T.);
#2720=EDGE_CURVE('',#2207,#2207,#1092,.T.);
#2721=EDGE_CURVE('',#2207,#2206,#1350,.T.);
#2722=EDGE_CURVE('',#2208,#2209,#1351,.T.);
#2723=EDGE_CURVE('',#2208,#2210,#1352,.T.);
#2724=EDGE_CURVE('',#2210,#2211,#1353,.T.);
#2725=EDGE_CURVE('',#2209,#2211,#1354,.T.);
#2726=EDGE_CURVE('',#2212,#2208,#1355,.T.);
#2727=EDGE_CURVE('',#2212,#2213,#1356,.T.);
#2728=EDGE_CURVE('',#2213,#2210,#1357,.T.);
#2729=EDGE_CURVE('',#2214,#2212,#1358,.T.);
#2730=EDGE_CURVE('',#2214,#2215,#1359,.T.);
#2731=EDGE_CURVE('',#2215,#2213,#1360,.T.);
#2732=EDGE_CURVE('',#2216,#2214,#1361,.T.);
#2733=EDGE_CURVE('',#2216,#2217,#1362,.T.);
#2734=EDGE_CURVE('',#2217,#2215,#1363,.T.);
#2735=EDGE_CURVE('',#2218,#2216,#1364,.T.);
#2736=EDGE_CURVE('',#2218,#2219,#1365,.T.);
#2737=EDGE_CURVE('',#2219,#2217,#1366,.T.);
#2738=EDGE_CURVE('',#2220,#2218,#1367,.T.);
#2739=EDGE_CURVE('',#2220,#2221,#1368,.T.);
#2740=EDGE_CURVE('',#2221,#2219,#1369,.T.);
#2741=EDGE_CURVE('',#2222,#2220,#1370,.T.);
#2742=EDGE_CURVE('',#2222,#2223,#1371,.T.);
#2743=EDGE_CURVE('',#2223,#2221,#1372,.T.);
#2744=EDGE_CURVE('',#2209,#2222,#1373,.T.);
#2745=EDGE_CURVE('',#2211,#2223,#1374,.T.);
#2746=EDGE_CURVE('',#2224,#2224,#1093,.T.);
#2747=EDGE_CURVE('',#2225,#2225,#1094,.T.);
#2748=EDGE_CURVE('',#2225,#2224,#1375,.T.);
#2749=EDGE_CURVE('',#2226,#2226,#1095,.T.);
#2750=EDGE_CURVE('',#2226,#2227,#1376,.T.);
#2751=EDGE_CURVE('',#2227,#2227,#1096,.T.);
#2752=EDGE_CURVE('',#2228,#2228,#1097,.T.);
#2753=EDGE_CURVE('',#2229,#2230,#1377,.T.);
#2754=EDGE_CURVE('',#2229,#2231,#1378,.T.);
#2755=EDGE_CURVE('',#2231,#2232,#1379,.T.);
#2756=EDGE_CURVE('',#2230,#2232,#1380,.T.);
#2757=EDGE_CURVE('',#2233,#2229,#1381,.T.);
#2758=EDGE_CURVE('',#2233,#2234,#1382,.T.);
#2759=EDGE_CURVE('',#2234,#2231,#1383,.T.);
#2760=EDGE_CURVE('',#2235,#2233,#1384,.T.);
#2761=EDGE_CURVE('',#2235,#2236,#1385,.T.);
#2762=EDGE_CURVE('',#2236,#2234,#1386,.T.);
#2763=EDGE_CURVE('',#2237,#2235,#1387,.T.);
#2764=EDGE_CURVE('',#2237,#2238,#1388,.T.);
#2765=EDGE_CURVE('',#2238,#2236,#1389,.T.);
#2766=EDGE_CURVE('',#2239,#2237,#1390,.T.);
#2767=EDGE_CURVE('',#2239,#2240,#1391,.T.);
#2768=EDGE_CURVE('',#2240,#2238,#1392,.T.);
#2769=EDGE_CURVE('',#2241,#2239,#1393,.T.);
#2770=EDGE_CURVE('',#2241,#2242,#1394,.T.);
#2771=EDGE_CURVE('',#2242,#2240,#1395,.T.);
#2772=EDGE_CURVE('',#2243,#2241,#1396,.T.);
#2773=EDGE_CURVE('',#2243,#2244,#1397,.T.);
#2774=EDGE_CURVE('',#2244,#2242,#1398,.T.);
#2775=EDGE_CURVE('',#2230,#2243,#1399,.T.);
#2776=EDGE_CURVE('',#2232,#2244,#1400,.T.);
#2777=EDGE_CURVE('',#2245,#2245,#1098,.T.);
#2778=EDGE_CURVE('',#2246,#2246,#1099,.T.);
#2779=EDGE_CURVE('',#2246,#2245,#1401,.T.);
#2780=EDGE_CURVE('',#2247,#2247,#1100,.T.);
#2781=EDGE_CURVE('',#2247,#2248,#1402,.T.);
#2782=EDGE_CURVE('',#2248,#2248,#1101,.T.);
#2783=EDGE_CURVE('',#2249,#2249,#1102,.T.);
#2784=EDGE_CURVE('',#2228,#2250,#1403,.T.);
#2785=EDGE_CURVE('',#2250,#2250,#1103,.T.);
#2786=EDGE_CURVE('',#2251,#2251,#1104,.T.);
#2787=EDGE_CURVE('',#2251,#2252,#1404,.T.);
#2788=EDGE_CURVE('',#2252,#2252,#1105,.T.);
#2789=EDGE_CURVE('',#2253,#2253,#1106,.T.);
#2790=EDGE_CURVE('',#2254,#2254,#1107,.T.);
#2791=EDGE_CURVE('',#2254,#2255,#1405,.T.);
#2792=EDGE_CURVE('',#2255,#2255,#1108,.T.);
#2793=EDGE_CURVE('',#2256,#2256,#1109,.T.);
#2794=EDGE_CURVE('',#2256,#2257,#1406,.T.);
#2795=EDGE_CURVE('',#2257,#2257,#1110,.T.);
#2796=EDGE_CURVE('',#2253,#2258,#1407,.T.);
#2797=EDGE_CURVE('',#2258,#2258,#1111,.T.);
#2798=EDGE_CURVE('',#2249,#2259,#1408,.T.);
#2799=EDGE_CURVE('',#2259,#2259,#1112,.T.);
#2800=EDGE_CURVE('',#2101,#2260,#1409,.T.);
#2801=EDGE_CURVE('',#2260,#2260,#1113,.T.);
#2802=EDGE_CURVE('',#2109,#2261,#1410,.T.);
#2803=EDGE_CURVE('',#2262,#2108,#1411,.T.);
#2804=EDGE_CURVE('',#2261,#2262,#1412,.T.);
#2805=EDGE_CURVE('',#2107,#2263,#1413,.T.);
#2806=EDGE_CURVE('',#2097,#2263,#212,.T.);
#2807=EDGE_CURVE('',#2117,#2264,#1414,.T.);
#2808=EDGE_CURVE('',#2264,#2262,#1415,.T.);
#2809=EDGE_CURVE('',#2265,#2261,#1416,.T.);
#2810=EDGE_CURVE('',#2110,#2265,#1417,.T.);
#2811=EDGE_CURVE('',#2127,#2100,#1418,.T.);
#2812=EDGE_CURVE('',#2102,#2128,#1419,.T.);
#2813=EDGE_CURVE('',#2106,#2126,#1420,.T.);
#2814=EDGE_CURVE('',#2263,#2129,#213,.T.);
#2815=EDGE_CURVE('',#2135,#2264,#1421,.T.);
#2816=EDGE_CURVE('',#2136,#2265,#1422,.T.);
#2817=EDGE_CURVE('',#2266,#2267,#1423,.T.);
#2818=EDGE_CURVE('',#2267,#2268,#214,.T.);
#2819=EDGE_CURVE('',#2268,#2269,#1424,.T.);
#2820=EDGE_CURVE('',#2266,#2269,#215,.T.);
#2821=EDGE_CURVE('',#2267,#2270,#1114,.T.);
#2822=EDGE_CURVE('',#2270,#2271,#216,.T.);
#2823=EDGE_CURVE('',#2271,#2268,#1115,.T.);
#2824=EDGE_CURVE('',#2270,#2272,#1425,.T.);
#2825=EDGE_CURVE('',#2272,#2273,#217,.T.);
#2826=EDGE_CURVE('',#2273,#2271,#1426,.T.);
#2827=EDGE_CURVE('',#2274,#2275,#1427,.T.);
#2828=EDGE_CURVE('',#2275,#2276,#218,.T.);
#2829=EDGE_CURVE('',#2276,#2277,#1428,.T.);
#2830=EDGE_CURVE('',#2277,#2274,#219,.T.);
#2831=EDGE_CURVE('',#2272,#2278,#1116,.T.);
#2832=EDGE_CURVE('',#2278,#2279,#220,.T.);
#2833=EDGE_CURVE('',#2279,#2273,#1117,.T.);
#2834=EDGE_CURVE('',#2278,#2280,#1429,.T.);
#2835=EDGE_CURVE('',#2280,#2281,#221,.T.);
#2836=EDGE_CURVE('',#2281,#2279,#1430,.T.);
#2837=EDGE_CURVE('',#2275,#2281,#1118,.T.);
#2838=EDGE_CURVE('',#2280,#2276,#1119,.T.);
#2839=EDGE_CURVE('',#2269,#2274,#1120,.T.);
#2840=EDGE_CURVE('',#2277,#2266,#1121,.T.);
#2841=EDGE_CURVE('',#2279,#2282,#1431,.T.);
#2842=EDGE_CURVE('',#2283,#2282,#1122,.T.);
#2843=EDGE_CURVE('',#2273,#2283,#1432,.T.);
#2844=EDGE_CURVE('',#2281,#2284,#1433,.T.);
#2845=EDGE_CURVE('',#2282,#2284,#1434,.T.);
#2846=EDGE_CURVE('',#2275,#2285,#1435,.T.);
#2847=EDGE_CURVE('',#2284,#2285,#1123,.T.);
#2848=EDGE_CURVE('',#2274,#2286,#1436,.T.);
#2849=EDGE_CURVE('',#2285,#2286,#1437,.T.);
#2850=EDGE_CURVE('',#2287,#2288,#1438,.T.);
#2851=EDGE_CURVE('',#2288,#2289,#1124,.T.);
#2852=EDGE_CURVE('',#2289,#2290,#1439,.T.);
#2853=EDGE_CURVE('',#2290,#2291,#1125,.T.);
#2854=EDGE_CURVE('',#2291,#2292,#1440,.T.);
#2855=EDGE_CURVE('',#2292,#2293,#1126,.T.);
#2856=EDGE_CURVE('',#2293,#2294,#1441,.T.);
#2857=EDGE_CURVE('',#2294,#2287,#1127,.T.);
#2858=EDGE_CURVE('',#2295,#2296,#1442,.T.);
#2859=EDGE_CURVE('',#2296,#2297,#222,.T.);
#2860=EDGE_CURVE('',#2297,#2298,#1443,.T.);
#2861=EDGE_CURVE('',#2295,#2298,#223,.T.);
#2862=EDGE_CURVE('',#2299,#2300,#1444,.T.);
#2863=EDGE_CURVE('',#2300,#2301,#224,.T.);
#2864=EDGE_CURVE('',#2301,#2302,#1445,.T.);
#2865=EDGE_CURVE('',#2302,#2299,#225,.T.);
#2866=EDGE_CURVE('',#2300,#2303,#1128,.T.);
#2867=EDGE_CURVE('',#2303,#2304,#226,.T.);
#2868=EDGE_CURVE('',#2304,#2301,#1129,.T.);
#2869=EDGE_CURVE('',#2303,#2305,#1446,.T.);
#2870=EDGE_CURVE('',#2305,#2306,#227,.T.);
#2871=EDGE_CURVE('',#2306,#2304,#1447,.T.);
#2872=EDGE_CURVE('',#2307,#2306,#1130,.T.);
#2873=EDGE_CURVE('',#2305,#2308,#1131,.T.);
#2874=EDGE_CURVE('',#2308,#2307,#228,.T.);
#2875=EDGE_CURVE('',#2309,#2307,#1448,.T.);
#2876=EDGE_CURVE('',#2308,#2310,#1449,.T.);
#2877=EDGE_CURVE('',#2310,#2309,#229,.T.);
#2878=EDGE_CURVE('',#2298,#2309,#1132,.T.);
#2879=EDGE_CURVE('',#2310,#2295,#1133,.T.);
#2880=EDGE_CURVE('',#2296,#2299,#1134,.T.);
#2881=EDGE_CURVE('',#2302,#2297,#1135,.T.);
#2882=EDGE_CURVE('',#2298,#2311,#1450,.T.);
#2883=EDGE_CURVE('',#2312,#2311,#1136,.T.);
#2884=EDGE_CURVE('',#2309,#2312,#1451,.T.);
#2885=EDGE_CURVE('',#2297,#2313,#1452,.T.);
#2886=EDGE_CURVE('',#2311,#2313,#1453,.T.);
#2887=EDGE_CURVE('',#2302,#2314,#1454,.T.);
#2888=EDGE_CURVE('',#2313,#2314,#1137,.T.);
#2889=EDGE_CURVE('',#2301,#2315,#1455,.T.);
#2890=EDGE_CURVE('',#2314,#2315,#1456,.T.);
#2891=EDGE_CURVE('',#2316,#2317,#1138,.T.);
#2892=EDGE_CURVE('',#2318,#2316,#1457,.T.);
#2893=EDGE_CURVE('',#2319,#2318,#1139,.T.);
#2894=EDGE_CURVE('',#2320,#2319,#1458,.T.);
#2895=EDGE_CURVE('',#2321,#2320,#1140,.T.);
#2896=EDGE_CURVE('',#2322,#2321,#1459,.T.);
#2897=EDGE_CURVE('',#2323,#2322,#1141,.T.);
#2898=EDGE_CURVE('',#2317,#2323,#1460,.T.);
#2899=EDGE_CURVE('',#2324,#2325,#1142,.T.);
#2900=EDGE_CURVE('',#2325,#2312,#230,.T.);
#2901=EDGE_CURVE('',#2324,#2311,#231,.T.);
#2902=EDGE_CURVE('',#2325,#2326,#1461,.T.);
#2903=EDGE_CURVE('',#2326,#2327,#232,.T.);
#2904=EDGE_CURVE('',#2327,#2312,#1462,.T.);
#2905=EDGE_CURVE('',#2326,#2328,#1143,.T.);
#2906=EDGE_CURVE('',#2328,#2329,#233,.T.);
#2907=EDGE_CURVE('',#2329,#2327,#1144,.T.);
#2908=EDGE_CURVE('',#2330,#2329,#1463,.T.);
#2909=EDGE_CURVE('',#2328,#2331,#1464,.T.);
#2910=EDGE_CURVE('',#2331,#2330,#234,.T.);
#2911=EDGE_CURVE('',#2315,#2330,#1145,.T.);
#2912=EDGE_CURVE('',#2331,#2332,#1146,.T.);
#2913=EDGE_CURVE('',#2332,#2315,#235,.T.);
#2914=EDGE_CURVE('',#2332,#2333,#1465,.T.);
#2915=EDGE_CURVE('',#2333,#2314,#236,.T.);
#2916=EDGE_CURVE('',#2333,#2334,#1147,.T.);
#2917=EDGE_CURVE('',#2334,#2313,#237,.T.);
#2918=EDGE_CURVE('',#2334,#2324,#1466,.T.);
#2919=EDGE_CURVE('',#2335,#2336,#1148,.T.);
#2920=EDGE_CURVE('',#2337,#2335,#1467,.T.);
#2921=EDGE_CURVE('',#2338,#2337,#1149,.T.);
#2922=EDGE_CURVE('',#2339,#2338,#1468,.T.);
#2923=EDGE_CURVE('',#2340,#2339,#1150,.T.);
#2924=EDGE_CURVE('',#2341,#2340,#1469,.T.);
#2925=EDGE_CURVE('',#2342,#2341,#1151,.T.);
#2926=EDGE_CURVE('',#2336,#2342,#1470,.T.);
#2927=EDGE_CURVE('',#2336,#2286,#238,.T.);
#2928=EDGE_CURVE('',#2286,#2343,#1152,.T.);
#2929=EDGE_CURVE('',#2335,#2343,#239,.T.);
#2930=EDGE_CURVE('',#2342,#2285,#240,.T.);
#2931=EDGE_CURVE('',#2341,#2284,#241,.T.);
#2932=EDGE_CURVE('',#2340,#2282,#242,.T.);
#2933=EDGE_CURVE('',#2339,#2283,#243,.T.);
#2934=EDGE_CURVE('',#2344,#2283,#1471,.T.);
#2935=EDGE_CURVE('',#2338,#2344,#244,.T.);
#2936=EDGE_CURVE('',#2345,#2344,#1153,.T.);
#2937=EDGE_CURVE('',#2337,#2345,#245,.T.);
#2938=EDGE_CURVE('',#2343,#2345,#1472,.T.);
#2939=EDGE_CURVE('',#2271,#2344,#1473,.T.);
#2940=EDGE_CURVE('',#2268,#2345,#1474,.T.);
#2941=EDGE_CURVE('',#2269,#2343,#1475,.T.);
#2942=EDGE_CURVE('',#2288,#2054,#1476,.T.);
#2943=EDGE_CURVE('',#2289,#2061,#1477,.T.);
#2944=EDGE_CURVE('',#2290,#2060,#1478,.T.);
#2945=EDGE_CURVE('',#2291,#2059,#1479,.T.);
#2946=EDGE_CURVE('',#2292,#2058,#1480,.T.);
#2947=EDGE_CURVE('',#2293,#2057,#1481,.T.);
#2948=EDGE_CURVE('',#2294,#2056,#1482,.T.);
#2949=EDGE_CURVE('',#2287,#2055,#1483,.T.);
#2950=EDGE_CURVE('',#2304,#2330,#1484,.T.);
#2951=EDGE_CURVE('',#2306,#2329,#1485,.T.);
#2952=EDGE_CURVE('',#2307,#2327,#1486,.T.);
#2953=EDGE_CURVE('',#2048,#2346,#246,.T.);
#2954=EDGE_CURVE('',#2346,#2347,#1487,.T.);
#2955=EDGE_CURVE('',#2092,#2347,#247,.T.);
#2956=EDGE_CURVE('',#2348,#2349,#1154,.T.);
#2957=EDGE_CURVE('',#2052,#2349,#248,.T.);
#2958=EDGE_CURVE('',#2051,#2348,#249,.T.);
#2959=EDGE_CURVE('',#2350,#2348,#1488,.T.);
#2960=EDGE_CURVE('',#2050,#2350,#250,.T.);
#2961=EDGE_CURVE('',#2349,#2351,#1489,.T.);
#2962=EDGE_CURVE('',#2053,#2351,#251,.T.);
#2963=EDGE_CURVE('',#2094,#2350,#1155,.T.);
#2964=EDGE_CURVE('',#2351,#2346,#1156,.T.);
#2965=EDGE_CURVE('',#2346,#2352,#1490,.T.);
#2966=EDGE_CURVE('',#2353,#2352,#1491,.T.);
#2967=EDGE_CURVE('',#2354,#2353,#1492,.T.);
#2968=EDGE_CURVE('',#2347,#2354,#1493,.T.);
#2969=EDGE_CURVE('',#2351,#2355,#1494,.T.);
#2970=EDGE_CURVE('',#2352,#2355,#1157,.T.);
#2971=EDGE_CURVE('',#2349,#2356,#1495,.T.);
#2972=EDGE_CURVE('',#2355,#2356,#1496,.T.);
#2973=EDGE_CURVE('',#2348,#2357,#1497,.T.);
#2974=EDGE_CURVE('',#2356,#2357,#1158,.T.);
#2975=EDGE_CURVE('',#2358,#2323,#1498,.T.);
#2976=EDGE_CURVE('',#2359,#2358,#1499,.T.);
#2977=EDGE_CURVE('',#2359,#2317,#1500,.T.);
#2978=EDGE_CURVE('',#2360,#2359,#1159,.T.);
#2979=EDGE_CURVE('',#2360,#2316,#1501,.T.);
#2980=EDGE_CURVE('',#2361,#2354,#1160,.T.);
#2981=EDGE_CURVE('',#2093,#2361,#1502,.T.);
#2982=EDGE_CURVE('',#2362,#2322,#1503,.T.);
#2983=EDGE_CURVE('',#2358,#2362,#1161,.T.);
#2984=EDGE_CURVE('',#2363,#2321,#1504,.T.);
#2985=EDGE_CURVE('',#2362,#2363,#1505,.T.);
#2986=EDGE_CURVE('',#2364,#2320,#1506,.T.);
#2987=EDGE_CURVE('',#2363,#2364,#1162,.T.);
#2988=EDGE_CURVE('',#2365,#2366,#1507,.T.);
#2989=EDGE_CURVE('',#2367,#2365,#1508,.T.);
#2990=EDGE_CURVE('',#2368,#2367,#1509,.T.);
#2991=EDGE_CURVE('',#2366,#2368,#1510,.T.);
#2992=EDGE_CURVE('',#2369,#2370,#1511,.T.);
#2993=EDGE_CURVE('',#2371,#2369,#1512,.T.);
#2994=EDGE_CURVE('',#2372,#2371,#1513,.T.);
#2995=EDGE_CURVE('',#2370,#2372,#1514,.T.);
#2996=EDGE_CURVE('',#2373,#2374,#1515,.T.);
#2997=EDGE_CURVE('',#2375,#2373,#1516,.T.);
#2998=EDGE_CURVE('',#2376,#2375,#1517,.T.);
#2999=EDGE_CURVE('',#2374,#2376,#1518,.T.);
#3000=EDGE_CURVE('',#2377,#2378,#1519,.T.);
#3001=EDGE_CURVE('',#2379,#2377,#1520,.T.);
#3002=EDGE_CURVE('',#2380,#2379,#1521,.T.);
#3003=EDGE_CURVE('',#2378,#2380,#1522,.T.);
#3004=EDGE_CURVE('',#2381,#2382,#1523,.T.);
#3005=EDGE_CURVE('',#2383,#2381,#1524,.T.);
#3006=EDGE_CURVE('',#2384,#2383,#1525,.T.);
#3007=EDGE_CURVE('',#2382,#2384,#1526,.T.);
#3008=EDGE_CURVE('',#2385,#2386,#1527,.T.);
#3009=EDGE_CURVE('',#2387,#2385,#1528,.T.);
#3010=EDGE_CURVE('',#2388,#2387,#1529,.T.);
#3011=EDGE_CURVE('',#2386,#2388,#1530,.T.);
#3012=EDGE_CURVE('',#2389,#2390,#1531,.T.);
#3013=EDGE_CURVE('',#2391,#2389,#1532,.T.);
#3014=EDGE_CURVE('',#2392,#2391,#1533,.T.);
#3015=EDGE_CURVE('',#2390,#2392,#1534,.T.);
#3016=EDGE_CURVE('',#2393,#2394,#1535,.T.);
#3017=EDGE_CURVE('',#2395,#2393,#1536,.T.);
#3018=EDGE_CURVE('',#2396,#2395,#1537,.T.);
#3019=EDGE_CURVE('',#2394,#2396,#1538,.T.);
#3020=EDGE_CURVE('',#2397,#2365,#1539,.T.);
#3021=EDGE_CURVE('',#2397,#2398,#1540,.T.);
#3022=EDGE_CURVE('',#2367,#2398,#1541,.T.);
#3023=EDGE_CURVE('',#2399,#2372,#1542,.T.);
#3024=EDGE_CURVE('',#2400,#2399,#1543,.T.);
#3025=EDGE_CURVE('',#2370,#2400,#1544,.T.);
#3026=EDGE_CURVE('',#2368,#2401,#1545,.T.);
#3027=EDGE_CURVE('',#2401,#2402,#1546,.T.);
#3028=EDGE_CURVE('',#2366,#2402,#1547,.T.);
#3029=EDGE_CURVE('',#2403,#2369,#1548,.T.);
#3030=EDGE_CURVE('',#2404,#2403,#1549,.T.);
#3031=EDGE_CURVE('',#2404,#2371,#1550,.T.);
#3032=EDGE_CURVE('',#2405,#2377,#1551,.T.);
#3033=EDGE_CURVE('',#2405,#2406,#1552,.T.);
#3034=EDGE_CURVE('',#2379,#2406,#1553,.T.);
#3035=EDGE_CURVE('',#2407,#2376,#1554,.T.);
#3036=EDGE_CURVE('',#2408,#2407,#1555,.T.);
#3037=EDGE_CURVE('',#2374,#2408,#1556,.T.);
#3038=EDGE_CURVE('',#2380,#2409,#1557,.T.);
#3039=EDGE_CURVE('',#2409,#2410,#1558,.T.);
#3040=EDGE_CURVE('',#2378,#2410,#1559,.T.);
#3041=EDGE_CURVE('',#2411,#2373,#1560,.T.);
#3042=EDGE_CURVE('',#2412,#2411,#1561,.T.);
#3043=EDGE_CURVE('',#2412,#2375,#1562,.T.);
#3044=EDGE_CURVE('',#2413,#2381,#1563,.T.);
#3045=EDGE_CURVE('',#2413,#2414,#1564,.T.);
#3046=EDGE_CURVE('',#2383,#2414,#1565,.T.);
#3047=EDGE_CURVE('',#2415,#2388,#1566,.T.);
#3048=EDGE_CURVE('',#2416,#2415,#1567,.T.);
#3049=EDGE_CURVE('',#2386,#2416,#1568,.T.);
#3050=EDGE_CURVE('',#2384,#2417,#1569,.T.);
#3051=EDGE_CURVE('',#2417,#2418,#1570,.T.);
#3052=EDGE_CURVE('',#2382,#2418,#1571,.T.);
#3053=EDGE_CURVE('',#2419,#2385,#1572,.T.);
#3054=EDGE_CURVE('',#2420,#2419,#1573,.T.);
#3055=EDGE_CURVE('',#2420,#2387,#1574,.T.);
#3056=EDGE_CURVE('',#2421,#2389,#1575,.T.);
#3057=EDGE_CURVE('',#2421,#2422,#1576,.T.);
#3058=EDGE_CURVE('',#2391,#2422,#1577,.T.);
#3059=EDGE_CURVE('',#2423,#2396,#1578,.T.);
#3060=EDGE_CURVE('',#2424,#2423,#1579,.T.);
#3061=EDGE_CURVE('',#2394,#2424,#1580,.T.);
#3062=EDGE_CURVE('',#2392,#2425,#1581,.T.);
#3063=EDGE_CURVE('',#2425,#2426,#1582,.T.);
#3064=EDGE_CURVE('',#2390,#2426,#1583,.T.);
#3065=EDGE_CURVE('',#2425,#2420,#1163,.T.);
#3066=EDGE_CURVE('',#2422,#2415,#1164,.T.);
#3067=EDGE_CURVE('',#2406,#2423,#1165,.T.);
#3068=EDGE_CURVE('',#2427,#2395,#1584,.T.);
#3069=EDGE_CURVE('',#2409,#2427,#1166,.T.);
#3070=EDGE_CURVE('',#2398,#2407,#1167,.T.);
#3071=EDGE_CURVE('',#2401,#2412,#1168,.T.);
#3072=EDGE_CURVE('',#2417,#2404,#1169,.T.);
#3073=EDGE_CURVE('',#2414,#2399,#1170,.T.);
#3074=EDGE_CURVE('',#2418,#2403,#1171,.T.);
#3075=EDGE_CURVE('',#2428,#2429,#1585,.T.);
#3076=EDGE_CURVE('',#2430,#2429,#1586,.T.);
#3077=EDGE_CURVE('',#2430,#2431,#1587,.T.);
#3078=EDGE_CURVE('',#2431,#2428,#1588,.T.);
#3079=EDGE_CURVE('',#2402,#2411,#1172,.T.);
#3080=EDGE_CURVE('',#2354,#2432,#1173,.T.);
#3081=EDGE_CURVE('',#2433,#2353,#1174,.T.);
#3082=EDGE_CURVE('',#2432,#2433,#1589,.T.);
#3083=EDGE_CURVE('',#2434,#2428,#1175,.T.);
#3084=EDGE_CURVE('',#2435,#2434,#1590,.T.);
#3085=EDGE_CURVE('',#2436,#2435,#1176,.T.);
#3086=EDGE_CURVE('',#2437,#2436,#1591,.T.);
#3087=EDGE_CURVE('',#2438,#2437,#1177,.T.);
#3088=EDGE_CURVE('',#2439,#2438,#1592,.T.);
#3089=EDGE_CURVE('',#2429,#2439,#1178,.T.);
#3090=EDGE_CURVE('',#2440,#2441,#1179,.T.);
#3091=EDGE_CURVE('',#2441,#2433,#1593,.T.);
#3092=EDGE_CURVE('',#2357,#2440,#1594,.T.);
#3093=EDGE_CURVE('',#2432,#2361,#1595,.T.);
#3094=EDGE_CURVE('',#2094,#2441,#1596,.T.);
#3095=EDGE_CURVE('',#2350,#2440,#1597,.T.);
#3096=EDGE_CURVE('',#2442,#2319,#1598,.T.);
#3097=EDGE_CURVE('',#2364,#2442,#1599,.T.);
#3098=EDGE_CURVE('',#2443,#2318,#1600,.T.);
#3099=EDGE_CURVE('',#2442,#2443,#1180,.T.);
#3100=EDGE_CURVE('',#2443,#2360,#1601,.T.);
#3101=EDGE_CURVE('',#2408,#2397,#1181,.T.);
#3102=EDGE_CURVE('',#2400,#2413,#1182,.T.);
#3103=EDGE_CURVE('',#2416,#2421,#1183,.T.);
#3104=EDGE_CURVE('',#2424,#2405,#1184,.T.);
#3105=EDGE_CURVE('',#2444,#2445,#1185,.T.);
#3106=EDGE_CURVE('',#2445,#2446,#1602,.T.);
#3107=EDGE_CURVE('',#2446,#2447,#1186,.T.);
#3108=EDGE_CURVE('',#2447,#2448,#1603,.T.);
#3109=EDGE_CURVE('',#2448,#2449,#1187,.T.);
#3110=EDGE_CURVE('',#2449,#2450,#1604,.T.);
#3111=EDGE_CURVE('',#2450,#2451,#1188,.T.);
#3112=EDGE_CURVE('',#2451,#2444,#1605,.T.);
#3113=EDGE_CURVE('',#2426,#2419,#1189,.T.);
#3114=EDGE_CURVE('',#2410,#2452,#1190,.T.);
#3115=EDGE_CURVE('',#2452,#2393,#1606,.T.);
#3116=EDGE_CURVE('',#2453,#2439,#1607,.T.);
#3117=EDGE_CURVE('',#2453,#2430,#1191,.T.);
#3118=EDGE_CURVE('',#2427,#2452,#1608,.T.);
#3119=EDGE_CURVE('',#2454,#2438,#1609,.T.);
#3120=EDGE_CURVE('',#2454,#2453,#1610,.T.);
#3121=EDGE_CURVE('',#2455,#2437,#1611,.T.);
#3122=EDGE_CURVE('',#2455,#2454,#1192,.T.);
#3123=EDGE_CURVE('',#2456,#2457,#1193,.T.);
#3124=EDGE_CURVE('',#2457,#2458,#1612,.T.);
#3125=EDGE_CURVE('',#2458,#2458,#1194,.T.);
#3126=EDGE_CURVE('',#2457,#2459,#1195,.T.);
#3127=EDGE_CURVE('',#2459,#2460,#1196,.T.);
#3128=EDGE_CURVE('',#2460,#2461,#1197,.T.);
#3129=EDGE_CURVE('',#2461,#2462,#1198,.T.);
#3130=EDGE_CURVE('',#2462,#2463,#1199,.T.);
#3131=EDGE_CURVE('',#2463,#2464,#1200,.T.);
#3132=EDGE_CURVE('',#2464,#2465,#1201,.T.);
#3133=EDGE_CURVE('',#2465,#2456,#1202,.T.);
#3134=EDGE_CURVE('',#2466,#2467,#252,.T.);
#3135=EDGE_CURVE('',#2468,#2466,#253,.T.);
#3136=EDGE_CURVE('',#2125,#2468,#254,.T.);
#3137=EDGE_CURVE('',#2469,#2133,#255,.T.);
#3138=EDGE_CURVE('',#2470,#2469,#256,.T.);
#3139=EDGE_CURVE('',#2467,#2470,#257,.T.);
#3140=EDGE_CURVE('',#2469,#2471,#258,.T.);
#3141=EDGE_CURVE('',#2469,#2471,#259,.T.);
#3142=EDGE_CURVE('',#2472,#2473,#260,.T.);
#3143=EDGE_CURVE('',#2473,#2474,#261,.T.);
#3144=EDGE_CURVE('',#2475,#2474,#262,.T.);
#3145=EDGE_CURVE('',#2476,#2475,#1613,.T.);
#3146=EDGE_CURVE('',#2476,#2472,#263,.T.);
#3147=EDGE_CURVE('',#2474,#2477,#264,.T.);
#3148=EDGE_CURVE('',#2478,#2477,#265,.T.);
#3149=EDGE_CURVE('',#2475,#2478,#1203,.T.);
#3150=EDGE_CURVE('',#2477,#2132,#266,.T.);
#3151=EDGE_CURVE('',#2479,#2122,#267,.T.);
#3152=EDGE_CURVE('',#2478,#2479,#1614,.T.);
#3153=EDGE_CURVE('',#2480,#2121,#268,.T.);
#3154=EDGE_CURVE('',#2479,#2480,#1204,.T.);
#3155=EDGE_CURVE('',#2120,#2481,#269,.T.);
#3156=EDGE_CURVE('',#2481,#2482,#270,.T.);
#3157=EDGE_CURVE('',#2480,#2482,#1615,.T.);
#3158=EDGE_CURVE('',#2481,#2483,#271,.T.);
#3159=EDGE_CURVE('',#2483,#2484,#272,.T.);
#3160=EDGE_CURVE('',#2482,#2484,#1205,.T.);
#3161=EDGE_CURVE('',#2483,#2485,#273,.T.);
#3162=EDGE_CURVE('',#2485,#2486,#274,.T.);
#3163=EDGE_CURVE('',#2486,#2487,#275,.T.);
#3164=EDGE_CURVE('',#2487,#2488,#276,.T.);
#3165=EDGE_CURVE('',#2484,#2488,#1616,.T.);
#3166=EDGE_CURVE('',#2487,#2472,#277,.T.);
#3167=EDGE_CURVE('',#2488,#2476,#1206,.T.);
#3168=EDGE_CURVE('',#2467,#2486,#278,.T.);
#3169=EDGE_CURVE('',#2485,#2466,#279,.T.);
#3170=EDGE_CURVE('',#2481,#2468,#280,.T.);
#3171=EDGE_CURVE('',#2471,#2473,#281,.T.);
#3172=EDGE_CURVE('',#2472,#2470,#282,.T.);
#3173=EDGE_CURVE('',#2431,#2489,#1207,.T.);
#3174=EDGE_CURVE('',#2490,#2455,#1617,.T.);
#3175=EDGE_CURVE('',#2491,#2490,#1208,.T.);
#3176=EDGE_CURVE('',#2489,#2491,#1618,.T.);
#3177=EDGE_CURVE('',#2465,#2492,#283,.T.);
#3178=EDGE_CURVE('',#2493,#2492,#1209,.T.);
#3179=EDGE_CURVE('',#2494,#2493,#1210,.T.);
#3180=EDGE_CURVE('',#2456,#2494,#284,.T.);
#3181=EDGE_CURVE('',#2495,#2494,#1619,.T.);
#3182=EDGE_CURVE('',#2496,#2495,#285,.T.);
#3183=EDGE_CURVE('',#2459,#2496,#286,.T.);
#3184=EDGE_CURVE('',#2497,#2495,#1211,.T.);
#3185=EDGE_CURVE('',#2460,#2497,#287,.T.);
#3186=EDGE_CURVE('',#2498,#2497,#1620,.T.);
#3187=EDGE_CURVE('',#2461,#2498,#288,.T.);
#3188=EDGE_CURVE('',#2499,#2498,#1212,.T.);
#3189=EDGE_CURVE('',#2500,#2499,#289,.T.);
#3190=EDGE_CURVE('',#2462,#2500,#290,.T.);
#3191=EDGE_CURVE('',#2501,#2499,#1621,.T.);
#3192=EDGE_CURVE('',#2463,#2501,#291,.T.);
#3193=EDGE_CURVE('',#2502,#2501,#1213,.T.);
#3194=EDGE_CURVE('',#2503,#2502,#1214,.T.);
#3195=EDGE_CURVE('',#2464,#2503,#292,.T.);
#3196=EDGE_CURVE('',#2492,#2503,#1622,.T.);
#3197=EDGE_CURVE('',#2489,#2434,#1623,.T.);
#3198=EDGE_CURVE('',#2490,#2436,#1624,.T.);
#3199=EDGE_CURVE('',#2171,#2435,#1625,.T.);
#3200=EDGE_CURVE('',#2491,#2170,#1626,.T.);
#3201=EDGE_CURVE('',#2494,#2444,#1627,.T.);
#3202=EDGE_CURVE('',#2495,#2451,#1628,.T.);
#3203=EDGE_CURVE('',#2497,#2450,#1629,.T.);
#3204=EDGE_CURVE('',#2498,#2449,#1630,.T.);
#3205=EDGE_CURVE('',#2499,#2448,#1631,.T.);
#3206=EDGE_CURVE('',#2501,#2447,#1632,.T.);
#3207=EDGE_CURVE('',#2503,#2446,#1633,.T.);
#3208=EDGE_CURVE('',#2492,#2445,#1634,.T.);
#3209=EDGE_CURVE('',#2115,#2134,#1635,.T.);
#3210=EDGE_CURVE('',#2115,#2134,#293,.T.);
#3211=EDGE_CURVE('',#2134,#2115,#294,.T.);
#3212=ORIENTED_EDGE('',*,*,#2504,.F.);
#3213=ORIENTED_EDGE('',*,*,#2505,.F.);
#3214=ORIENTED_EDGE('',*,*,#2506,.F.);
#3215=ORIENTED_EDGE('',*,*,#2507,.F.);
#3216=ORIENTED_EDGE('',*,*,#2508,.F.);
#3217=ORIENTED_EDGE('',*,*,#2509,.F.);
#3218=ORIENTED_EDGE('',*,*,#2510,.F.);
#3219=ORIENTED_EDGE('',*,*,#2511,.T.);
#3220=ORIENTED_EDGE('',*,*,#2512,.T.);
#3221=ORIENTED_EDGE('',*,*,#2513,.T.);
#3222=ORIENTED_EDGE('',*,*,#2514,.T.);
#3223=ORIENTED_EDGE('',*,*,#2515,.T.);
#3224=ORIENTED_EDGE('',*,*,#2516,.T.);
#3225=ORIENTED_EDGE('',*,*,#2517,.T.);
#3226=ORIENTED_EDGE('',*,*,#2518,.T.);
#3227=ORIENTED_EDGE('',*,*,#2519,.F.);
#3228=ORIENTED_EDGE('',*,*,#2520,.T.);
#3229=ORIENTED_EDGE('',*,*,#2521,.F.);
#3230=ORIENTED_EDGE('',*,*,#2522,.F.);
#3231=ORIENTED_EDGE('',*,*,#2520,.F.);
#3232=ORIENTED_EDGE('',*,*,#2523,.F.);
#3233=ORIENTED_EDGE('',*,*,#2524,.T.);
#3234=ORIENTED_EDGE('',*,*,#2525,.F.);
#3235=ORIENTED_EDGE('',*,*,#2526,.F.);
#3236=ORIENTED_EDGE('',*,*,#2524,.F.);
#3237=ORIENTED_EDGE('',*,*,#2527,.F.);
#3238=ORIENTED_EDGE('',*,*,#2528,.T.);
#3239=ORIENTED_EDGE('',*,*,#2529,.F.);
#3240=ORIENTED_EDGE('',*,*,#2530,.F.);
#3241=ORIENTED_EDGE('',*,*,#2528,.F.);
#3242=ORIENTED_EDGE('',*,*,#2531,.F.);
#3243=ORIENTED_EDGE('',*,*,#2532,.T.);
#3244=ORIENTED_EDGE('',*,*,#2533,.F.);
#3245=ORIENTED_EDGE('',*,*,#2534,.F.);
#3246=ORIENTED_EDGE('',*,*,#2532,.F.);
#3247=ORIENTED_EDGE('',*,*,#2535,.F.);
#3248=ORIENTED_EDGE('',*,*,#2536,.T.);
#3249=ORIENTED_EDGE('',*,*,#2537,.F.);
#3250=ORIENTED_EDGE('',*,*,#2536,.F.);
#3251=ORIENTED_EDGE('',*,*,#2538,.F.);
#3252=ORIENTED_EDGE('',*,*,#2539,.T.);
#3253=ORIENTED_EDGE('',*,*,#2540,.F.);
#3254=ORIENTED_EDGE('',*,*,#2541,.F.);
#3255=ORIENTED_EDGE('',*,*,#2542,.F.);
#3256=ORIENTED_EDGE('',*,*,#2539,.F.);
#3257=ORIENTED_EDGE('',*,*,#2543,.F.);
#3258=ORIENTED_EDGE('',*,*,#2544,.T.);
#3259=ORIENTED_EDGE('',*,*,#2545,.F.);
#3260=ORIENTED_EDGE('',*,*,#2546,.F.);
#3261=ORIENTED_EDGE('',*,*,#2544,.F.);
#3262=ORIENTED_EDGE('',*,*,#2547,.F.);
#3263=ORIENTED_EDGE('',*,*,#2548,.T.);
#3264=ORIENTED_EDGE('',*,*,#2549,.F.);
#3265=ORIENTED_EDGE('',*,*,#2550,.F.);
#3266=ORIENTED_EDGE('',*,*,#2548,.F.);
#3267=ORIENTED_EDGE('',*,*,#2551,.F.);
#3268=ORIENTED_EDGE('',*,*,#2552,.T.);
#3269=ORIENTED_EDGE('',*,*,#2553,.F.);
#3270=ORIENTED_EDGE('',*,*,#2554,.F.);
#3271=ORIENTED_EDGE('',*,*,#2552,.F.);
#3272=ORIENTED_EDGE('',*,*,#2555,.F.);
#3273=ORIENTED_EDGE('',*,*,#2556,.T.);
#3274=ORIENTED_EDGE('',*,*,#2557,.F.);
#3275=ORIENTED_EDGE('',*,*,#2558,.F.);
#3276=ORIENTED_EDGE('',*,*,#2556,.F.);
#3277=ORIENTED_EDGE('',*,*,#2540,.T.);
#3278=ORIENTED_EDGE('',*,*,#2542,.T.);
#3279=ORIENTED_EDGE('',*,*,#2559,.T.);
#3280=ORIENTED_EDGE('',*,*,#2560,.F.);
#3281=ORIENTED_EDGE('',*,*,#2561,.T.);
#3282=ORIENTED_EDGE('',*,*,#2562,.F.);
#3283=ORIENTED_EDGE('',*,*,#2505,.T.);
#3284=ORIENTED_EDGE('',*,*,#2563,.T.);
#3285=ORIENTED_EDGE('',*,*,#2553,.T.);
#3286=ORIENTED_EDGE('',*,*,#2554,.T.);
#3287=ORIENTED_EDGE('',*,*,#2564,.F.);
#3288=ORIENTED_EDGE('',*,*,#2565,.F.);
#3289=ORIENTED_EDGE('',*,*,#2566,.F.);
#3290=ORIENTED_EDGE('',*,*,#2567,.T.);
#3291=ORIENTED_EDGE('',*,*,#2568,.F.);
#3292=ORIENTED_EDGE('',*,*,#2569,.F.);
#3293=ORIENTED_EDGE('',*,*,#2570,.T.);
#3294=ORIENTED_EDGE('',*,*,#2571,.F.);
#3295=ORIENTED_EDGE('',*,*,#2567,.F.);
#3296=ORIENTED_EDGE('',*,*,#2572,.F.);
#3297=ORIENTED_EDGE('',*,*,#2573,.F.);
#3298=ORIENTED_EDGE('',*,*,#2574,.F.);
#3299=ORIENTED_EDGE('',*,*,#2575,.F.);
#3300=ORIENTED_EDGE('',*,*,#2564,.T.);
#3301=ORIENTED_EDGE('',*,*,#2576,.F.);
#3302=ORIENTED_EDGE('',*,*,#2577,.T.);
#3303=ORIENTED_EDGE('',*,*,#2578,.F.);
#3304=ORIENTED_EDGE('',*,*,#2579,.F.);
#3305=ORIENTED_EDGE('',*,*,#2580,.T.);
#3306=ORIENTED_EDGE('',*,*,#2581,.T.);
#3307=ORIENTED_EDGE('',*,*,#2582,.F.);
#3308=ORIENTED_EDGE('',*,*,#2583,.T.);
#3309=ORIENTED_EDGE('',*,*,#2584,.T.);
#3310=ORIENTED_EDGE('',*,*,#2585,.F.);
#3311=ORIENTED_EDGE('',*,*,#2586,.F.);
#3312=ORIENTED_EDGE('',*,*,#2587,.T.);
#3313=ORIENTED_EDGE('',*,*,#2588,.F.);
#3314=ORIENTED_EDGE('',*,*,#2589,.T.);
#3315=ORIENTED_EDGE('',*,*,#2574,.T.);
#3316=ORIENTED_EDGE('',*,*,#2590,.T.);
#3317=ORIENTED_EDGE('',*,*,#2591,.T.);
#3318=ORIENTED_EDGE('',*,*,#2592,.F.);
#3319=ORIENTED_EDGE('',*,*,#2593,.F.);
#3320=ORIENTED_EDGE('',*,*,#2594,.F.);
#3321=ORIENTED_EDGE('',*,*,#2595,.T.);
#3322=ORIENTED_EDGE('',*,*,#2596,.T.);
#3323=ORIENTED_EDGE('',*,*,#2597,.T.);
#3324=ORIENTED_EDGE('',*,*,#2598,.T.);
#3325=ORIENTED_EDGE('',*,*,#2599,.T.);
#3326=ORIENTED_EDGE('',*,*,#2600,.T.);
#3327=ORIENTED_EDGE('',*,*,#2573,.T.);
#3328=ORIENTED_EDGE('',*,*,#2601,.T.);
#3329=ORIENTED_EDGE('',*,*,#2590,.F.);
#3330=ORIENTED_EDGE('',*,*,#2602,.T.);
#3331=ORIENTED_EDGE('',*,*,#2597,.F.);
#3332=ORIENTED_EDGE('',*,*,#2603,.T.);
#3333=ORIENTED_EDGE('',*,*,#2604,.F.);
#3334=ORIENTED_EDGE('',*,*,#2584,.F.);
#3335=ORIENTED_EDGE('',*,*,#2605,.F.);
#3336=ORIENTED_EDGE('',*,*,#2606,.F.);
#3337=ORIENTED_EDGE('',*,*,#2607,.F.);
#3338=ORIENTED_EDGE('',*,*,#2608,.T.);
#3339=ORIENTED_EDGE('',*,*,#2609,.T.);
#3340=ORIENTED_EDGE('',*,*,#2595,.F.);
#3341=ORIENTED_EDGE('',*,*,#2610,.T.);
#3342=ORIENTED_EDGE('',*,*,#2611,.T.);
#3343=ORIENTED_EDGE('',*,*,#2612,.T.);
#3344=ORIENTED_EDGE('',*,*,#2586,.T.);
#3345=ORIENTED_EDGE('',*,*,#2585,.T.);
#3346=ORIENTED_EDGE('',*,*,#2604,.T.);
#3347=ORIENTED_EDGE('',*,*,#2582,.T.);
#3348=ORIENTED_EDGE('',*,*,#2613,.T.);
#3349=ORIENTED_EDGE('',*,*,#2614,.T.);
#3350=ORIENTED_EDGE('',*,*,#2615,.T.);
#3351=ORIENTED_EDGE('',*,*,#2605,.T.);
#3352=ORIENTED_EDGE('',*,*,#2583,.F.);
#3353=ORIENTED_EDGE('',*,*,#2615,.F.);
#3354=ORIENTED_EDGE('',*,*,#2616,.F.);
#3355=ORIENTED_EDGE('',*,*,#2617,.F.);
#3356=ORIENTED_EDGE('',*,*,#2618,.T.);
#3357=ORIENTED_EDGE('',*,*,#2619,.F.);
#3358=ORIENTED_EDGE('',*,*,#2620,.F.);
#3359=ORIENTED_EDGE('',*,*,#2621,.F.);
#3360=ORIENTED_EDGE('',*,*,#2620,.T.);
#3361=ORIENTED_EDGE('',*,*,#2622,.F.);
#3362=ORIENTED_EDGE('',*,*,#2623,.F.);
#3363=ORIENTED_EDGE('',*,*,#2624,.F.);
#3364=ORIENTED_EDGE('',*,*,#2623,.T.);
#3365=ORIENTED_EDGE('',*,*,#2625,.F.);
#3366=ORIENTED_EDGE('',*,*,#2626,.F.);
#3367=ORIENTED_EDGE('',*,*,#2627,.F.);
#3368=ORIENTED_EDGE('',*,*,#2626,.T.);
#3369=ORIENTED_EDGE('',*,*,#2628,.F.);
#3370=ORIENTED_EDGE('',*,*,#2618,.F.);
#3371=ORIENTED_EDGE('',*,*,#2628,.T.);
#3372=ORIENTED_EDGE('',*,*,#2625,.T.);
#3373=ORIENTED_EDGE('',*,*,#2622,.T.);
#3374=ORIENTED_EDGE('',*,*,#2619,.T.);
#3375=ORIENTED_EDGE('',*,*,#2629,.T.);
#3376=ORIENTED_EDGE('',*,*,#2630,.T.);
#3377=ORIENTED_EDGE('',*,*,#2631,.T.);
#3378=ORIENTED_EDGE('',*,*,#2632,.T.);
#3379=ORIENTED_EDGE('',*,*,#2633,.F.);
#3380=ORIENTED_EDGE('',*,*,#2634,.T.);
#3381=ORIENTED_EDGE('',*,*,#2630,.F.);
#3382=ORIENTED_EDGE('',*,*,#2635,.F.);
#3383=ORIENTED_EDGE('',*,*,#2636,.F.);
#3384=ORIENTED_EDGE('',*,*,#2637,.T.);
#3385=ORIENTED_EDGE('',*,*,#2631,.F.);
#3386=ORIENTED_EDGE('',*,*,#2634,.F.);
#3387=ORIENTED_EDGE('',*,*,#2638,.F.);
#3388=ORIENTED_EDGE('',*,*,#2639,.T.);
#3389=ORIENTED_EDGE('',*,*,#2632,.F.);
#3390=ORIENTED_EDGE('',*,*,#2637,.F.);
#3391=ORIENTED_EDGE('',*,*,#2640,.F.);
#3392=ORIENTED_EDGE('',*,*,#2635,.T.);
#3393=ORIENTED_EDGE('',*,*,#2629,.F.);
#3394=ORIENTED_EDGE('',*,*,#2639,.F.);
#3395=ORIENTED_EDGE('',*,*,#2641,.F.);
#3396=ORIENTED_EDGE('',*,*,#2642,.T.);
#3397=ORIENTED_EDGE('',*,*,#2643,.T.);
#3398=ORIENTED_EDGE('',*,*,#2644,.F.);
#3399=ORIENTED_EDGE('',*,*,#2645,.F.);
#3400=ORIENTED_EDGE('',*,*,#2646,.T.);
#3401=ORIENTED_EDGE('',*,*,#2647,.T.);
#3402=ORIENTED_EDGE('',*,*,#2642,.F.);
#3403=ORIENTED_EDGE('',*,*,#2648,.F.);
#3404=ORIENTED_EDGE('',*,*,#2649,.T.);
#3405=ORIENTED_EDGE('',*,*,#2650,.T.);
#3406=ORIENTED_EDGE('',*,*,#2646,.F.);
#3407=ORIENTED_EDGE('',*,*,#2651,.F.);
#3408=ORIENTED_EDGE('',*,*,#2644,.T.);
#3409=ORIENTED_EDGE('',*,*,#2652,.T.);
#3410=ORIENTED_EDGE('',*,*,#2649,.F.);
#3411=ORIENTED_EDGE('',*,*,#2652,.F.);
#3412=ORIENTED_EDGE('',*,*,#2643,.F.);
#3413=ORIENTED_EDGE('',*,*,#2647,.F.);
#3414=ORIENTED_EDGE('',*,*,#2650,.F.);
#3415=ORIENTED_EDGE('',*,*,#2633,.T.);
#3416=ORIENTED_EDGE('',*,*,#2640,.T.);
#3417=ORIENTED_EDGE('',*,*,#2638,.T.);
#3418=ORIENTED_EDGE('',*,*,#2636,.T.);
#3419=ORIENTED_EDGE('',*,*,#2653,.F.);
#3420=ORIENTED_EDGE('',*,*,#2654,.T.);
#3421=ORIENTED_EDGE('',*,*,#2655,.F.);
#3422=ORIENTED_EDGE('',*,*,#2654,.F.);
#3423=ORIENTED_EDGE('',*,*,#2656,.T.);
#3424=ORIENTED_EDGE('',*,*,#2657,.T.);
#3425=ORIENTED_EDGE('',*,*,#2658,.T.);
#3426=ORIENTED_EDGE('',*,*,#2659,.T.);
#3427=ORIENTED_EDGE('',*,*,#2660,.F.);
#3428=ORIENTED_EDGE('',*,*,#2661,.T.);
#3429=ORIENTED_EDGE('',*,*,#2656,.F.);
#3430=ORIENTED_EDGE('',*,*,#2662,.T.);
#3431=ORIENTED_EDGE('',*,*,#2663,.F.);
#3432=ORIENTED_EDGE('',*,*,#2664,.F.);
#3433=ORIENTED_EDGE('',*,*,#2657,.F.);
#3434=ORIENTED_EDGE('',*,*,#2661,.F.);
#3435=ORIENTED_EDGE('',*,*,#2655,.T.);
#3436=ORIENTED_EDGE('',*,*,#2665,.T.);
#3437=ORIENTED_EDGE('',*,*,#2666,.F.);
#3438=ORIENTED_EDGE('',*,*,#2658,.F.);
#3439=ORIENTED_EDGE('',*,*,#2664,.T.);
#3440=ORIENTED_EDGE('',*,*,#2667,.F.);
#3441=ORIENTED_EDGE('',*,*,#2662,.F.);
#3442=ORIENTED_EDGE('',*,*,#2659,.F.);
#3443=ORIENTED_EDGE('',*,*,#2666,.T.);
#3444=ORIENTED_EDGE('',*,*,#2653,.T.);
#3445=ORIENTED_EDGE('',*,*,#2668,.F.);
#3446=ORIENTED_EDGE('',*,*,#2669,.T.);
#3447=ORIENTED_EDGE('',*,*,#2670,.T.);
#3448=ORIENTED_EDGE('',*,*,#2671,.F.);
#3449=ORIENTED_EDGE('',*,*,#2672,.F.);
#3450=ORIENTED_EDGE('',*,*,#2673,.T.);
#3451=ORIENTED_EDGE('',*,*,#2674,.T.);
#3452=ORIENTED_EDGE('',*,*,#2669,.F.);
#3453=ORIENTED_EDGE('',*,*,#2675,.F.);
#3454=ORIENTED_EDGE('',*,*,#2676,.T.);
#3455=ORIENTED_EDGE('',*,*,#2677,.T.);
#3456=ORIENTED_EDGE('',*,*,#2673,.F.);
#3457=ORIENTED_EDGE('',*,*,#2678,.F.);
#3458=ORIENTED_EDGE('',*,*,#2679,.T.);
#3459=ORIENTED_EDGE('',*,*,#2680,.T.);
#3460=ORIENTED_EDGE('',*,*,#2676,.F.);
#3461=ORIENTED_EDGE('',*,*,#2681,.F.);
#3462=ORIENTED_EDGE('',*,*,#2682,.T.);
#3463=ORIENTED_EDGE('',*,*,#2683,.T.);
#3464=ORIENTED_EDGE('',*,*,#2679,.F.);
#3465=ORIENTED_EDGE('',*,*,#2684,.F.);
#3466=ORIENTED_EDGE('',*,*,#2685,.T.);
#3467=ORIENTED_EDGE('',*,*,#2686,.T.);
#3468=ORIENTED_EDGE('',*,*,#2682,.F.);
#3469=ORIENTED_EDGE('',*,*,#2687,.F.);
#3470=ORIENTED_EDGE('',*,*,#2688,.T.);
#3471=ORIENTED_EDGE('',*,*,#2689,.T.);
#3472=ORIENTED_EDGE('',*,*,#2685,.F.);
#3473=ORIENTED_EDGE('',*,*,#2690,.F.);
#3474=ORIENTED_EDGE('',*,*,#2671,.T.);
#3475=ORIENTED_EDGE('',*,*,#2691,.T.);
#3476=ORIENTED_EDGE('',*,*,#2688,.F.);
#3477=ORIENTED_EDGE('',*,*,#2691,.F.);
#3478=ORIENTED_EDGE('',*,*,#2670,.F.);
#3479=ORIENTED_EDGE('',*,*,#2674,.F.);
#3480=ORIENTED_EDGE('',*,*,#2677,.F.);
#3481=ORIENTED_EDGE('',*,*,#2680,.F.);
#3482=ORIENTED_EDGE('',*,*,#2683,.F.);
#3483=ORIENTED_EDGE('',*,*,#2686,.F.);
#3484=ORIENTED_EDGE('',*,*,#2689,.F.);
#3485=ORIENTED_EDGE('',*,*,#2692,.F.);
#3486=ORIENTED_EDGE('',*,*,#2693,.F.);
#3487=ORIENTED_EDGE('',*,*,#2694,.T.);
#3488=ORIENTED_EDGE('',*,*,#2692,.T.);
#3489=ORIENTED_EDGE('',*,*,#2694,.F.);
#3490=ORIENTED_EDGE('',*,*,#2695,.F.);
#3491=ORIENTED_EDGE('',*,*,#2696,.T.);
#3492=ORIENTED_EDGE('',*,*,#2697,.T.);
#3493=ORIENTED_EDGE('',*,*,#2698,.F.);
#3494=ORIENTED_EDGE('',*,*,#2699,.F.);
#3495=ORIENTED_EDGE('',*,*,#2700,.T.);
#3496=ORIENTED_EDGE('',*,*,#2701,.T.);
#3497=ORIENTED_EDGE('',*,*,#2696,.F.);
#3498=ORIENTED_EDGE('',*,*,#2702,.F.);
#3499=ORIENTED_EDGE('',*,*,#2703,.T.);
#3500=ORIENTED_EDGE('',*,*,#2704,.T.);
#3501=ORIENTED_EDGE('',*,*,#2700,.F.);
#3502=ORIENTED_EDGE('',*,*,#2705,.F.);
#3503=ORIENTED_EDGE('',*,*,#2706,.T.);
#3504=ORIENTED_EDGE('',*,*,#2707,.T.);
#3505=ORIENTED_EDGE('',*,*,#2703,.F.);
#3506=ORIENTED_EDGE('',*,*,#2708,.F.);
#3507=ORIENTED_EDGE('',*,*,#2709,.T.);
#3508=ORIENTED_EDGE('',*,*,#2710,.T.);
#3509=ORIENTED_EDGE('',*,*,#2706,.F.);
#3510=ORIENTED_EDGE('',*,*,#2711,.F.);
#3511=ORIENTED_EDGE('',*,*,#2712,.T.);
#3512=ORIENTED_EDGE('',*,*,#2713,.T.);
#3513=ORIENTED_EDGE('',*,*,#2709,.F.);
#3514=ORIENTED_EDGE('',*,*,#2714,.F.);
#3515=ORIENTED_EDGE('',*,*,#2715,.T.);
#3516=ORIENTED_EDGE('',*,*,#2716,.T.);
#3517=ORIENTED_EDGE('',*,*,#2712,.F.);
#3518=ORIENTED_EDGE('',*,*,#2717,.F.);
#3519=ORIENTED_EDGE('',*,*,#2698,.T.);
#3520=ORIENTED_EDGE('',*,*,#2718,.T.);
#3521=ORIENTED_EDGE('',*,*,#2715,.F.);
#3522=ORIENTED_EDGE('',*,*,#2718,.F.);
#3523=ORIENTED_EDGE('',*,*,#2697,.F.);
#3524=ORIENTED_EDGE('',*,*,#2701,.F.);
#3525=ORIENTED_EDGE('',*,*,#2704,.F.);
#3526=ORIENTED_EDGE('',*,*,#2707,.F.);
#3527=ORIENTED_EDGE('',*,*,#2710,.F.);
#3528=ORIENTED_EDGE('',*,*,#2713,.F.);
#3529=ORIENTED_EDGE('',*,*,#2716,.F.);
#3530=ORIENTED_EDGE('',*,*,#2719,.F.);
#3531=ORIENTED_EDGE('',*,*,#2720,.F.);
#3532=ORIENTED_EDGE('',*,*,#2721,.T.);
#3533=ORIENTED_EDGE('',*,*,#2719,.T.);
#3534=ORIENTED_EDGE('',*,*,#2721,.F.);
#3535=ORIENTED_EDGE('',*,*,#2722,.F.);
#3536=ORIENTED_EDGE('',*,*,#2723,.T.);
#3537=ORIENTED_EDGE('',*,*,#2724,.T.);
#3538=ORIENTED_EDGE('',*,*,#2725,.F.);
#3539=ORIENTED_EDGE('',*,*,#2726,.F.);
#3540=ORIENTED_EDGE('',*,*,#2727,.T.);
#3541=ORIENTED_EDGE('',*,*,#2728,.T.);
#3542=ORIENTED_EDGE('',*,*,#2723,.F.);
#3543=ORIENTED_EDGE('',*,*,#2729,.F.);
#3544=ORIENTED_EDGE('',*,*,#2730,.T.);
#3545=ORIENTED_EDGE('',*,*,#2731,.T.);
#3546=ORIENTED_EDGE('',*,*,#2727,.F.);
#3547=ORIENTED_EDGE('',*,*,#2732,.F.);
#3548=ORIENTED_EDGE('',*,*,#2733,.T.);
#3549=ORIENTED_EDGE('',*,*,#2734,.T.);
#3550=ORIENTED_EDGE('',*,*,#2730,.F.);
#3551=ORIENTED_EDGE('',*,*,#2735,.F.);
#3552=ORIENTED_EDGE('',*,*,#2736,.T.);
#3553=ORIENTED_EDGE('',*,*,#2737,.T.);
#3554=ORIENTED_EDGE('',*,*,#2733,.F.);
#3555=ORIENTED_EDGE('',*,*,#2738,.F.);
#3556=ORIENTED_EDGE('',*,*,#2739,.T.);
#3557=ORIENTED_EDGE('',*,*,#2740,.T.);
#3558=ORIENTED_EDGE('',*,*,#2736,.F.);
#3559=ORIENTED_EDGE('',*,*,#2741,.F.);
#3560=ORIENTED_EDGE('',*,*,#2742,.T.);
#3561=ORIENTED_EDGE('',*,*,#2743,.T.);
#3562=ORIENTED_EDGE('',*,*,#2739,.F.);
#3563=ORIENTED_EDGE('',*,*,#2744,.F.);
#3564=ORIENTED_EDGE('',*,*,#2725,.T.);
#3565=ORIENTED_EDGE('',*,*,#2745,.T.);
#3566=ORIENTED_EDGE('',*,*,#2742,.F.);
#3567=ORIENTED_EDGE('',*,*,#2745,.F.);
#3568=ORIENTED_EDGE('',*,*,#2724,.F.);
#3569=ORIENTED_EDGE('',*,*,#2728,.F.);
#3570=ORIENTED_EDGE('',*,*,#2731,.F.);
#3571=ORIENTED_EDGE('',*,*,#2734,.F.);
#3572=ORIENTED_EDGE('',*,*,#2737,.F.);
#3573=ORIENTED_EDGE('',*,*,#2740,.F.);
#3574=ORIENTED_EDGE('',*,*,#2743,.F.);
#3575=ORIENTED_EDGE('',*,*,#2746,.F.);
#3576=ORIENTED_EDGE('',*,*,#2747,.F.);
#3577=ORIENTED_EDGE('',*,*,#2748,.T.);
#3578=ORIENTED_EDGE('',*,*,#2746,.T.);
#3579=ORIENTED_EDGE('',*,*,#2748,.F.);
#3580=ORIENTED_EDGE('',*,*,#2749,.F.);
#3581=ORIENTED_EDGE('',*,*,#2750,.T.);
#3582=ORIENTED_EDGE('',*,*,#2751,.T.);
#3583=ORIENTED_EDGE('',*,*,#2750,.F.);
#3584=ORIENTED_EDGE('',*,*,#2751,.F.);
#3585=ORIENTED_EDGE('',*,*,#2752,.F.);
#3586=ORIENTED_EDGE('',*,*,#2753,.F.);
#3587=ORIENTED_EDGE('',*,*,#2754,.T.);
#3588=ORIENTED_EDGE('',*,*,#2755,.T.);
#3589=ORIENTED_EDGE('',*,*,#2756,.F.);
#3590=ORIENTED_EDGE('',*,*,#2757,.F.);
#3591=ORIENTED_EDGE('',*,*,#2758,.T.);
#3592=ORIENTED_EDGE('',*,*,#2759,.T.);
#3593=ORIENTED_EDGE('',*,*,#2754,.F.);
#3594=ORIENTED_EDGE('',*,*,#2760,.F.);
#3595=ORIENTED_EDGE('',*,*,#2761,.T.);
#3596=ORIENTED_EDGE('',*,*,#2762,.T.);
#3597=ORIENTED_EDGE('',*,*,#2758,.F.);
#3598=ORIENTED_EDGE('',*,*,#2763,.F.);
#3599=ORIENTED_EDGE('',*,*,#2764,.T.);
#3600=ORIENTED_EDGE('',*,*,#2765,.T.);
#3601=ORIENTED_EDGE('',*,*,#2761,.F.);
#3602=ORIENTED_EDGE('',*,*,#2766,.F.);
#3603=ORIENTED_EDGE('',*,*,#2767,.T.);
#3604=ORIENTED_EDGE('',*,*,#2768,.T.);
#3605=ORIENTED_EDGE('',*,*,#2764,.F.);
#3606=ORIENTED_EDGE('',*,*,#2769,.F.);
#3607=ORIENTED_EDGE('',*,*,#2770,.T.);
#3608=ORIENTED_EDGE('',*,*,#2771,.T.);
#3609=ORIENTED_EDGE('',*,*,#2767,.F.);
#3610=ORIENTED_EDGE('',*,*,#2772,.F.);
#3611=ORIENTED_EDGE('',*,*,#2773,.T.);
#3612=ORIENTED_EDGE('',*,*,#2774,.T.);
#3613=ORIENTED_EDGE('',*,*,#2770,.F.);
#3614=ORIENTED_EDGE('',*,*,#2775,.F.);
#3615=ORIENTED_EDGE('',*,*,#2756,.T.);
#3616=ORIENTED_EDGE('',*,*,#2776,.T.);
#3617=ORIENTED_EDGE('',*,*,#2773,.F.);
#3618=ORIENTED_EDGE('',*,*,#2776,.F.);
#3619=ORIENTED_EDGE('',*,*,#2755,.F.);
#3620=ORIENTED_EDGE('',*,*,#2759,.F.);
#3621=ORIENTED_EDGE('',*,*,#2762,.F.);
#3622=ORIENTED_EDGE('',*,*,#2765,.F.);
#3623=ORIENTED_EDGE('',*,*,#2768,.F.);
#3624=ORIENTED_EDGE('',*,*,#2771,.F.);
#3625=ORIENTED_EDGE('',*,*,#2774,.F.);
#3626=ORIENTED_EDGE('',*,*,#2777,.F.);
#3627=ORIENTED_EDGE('',*,*,#2778,.F.);
#3628=ORIENTED_EDGE('',*,*,#2779,.T.);
#3629=ORIENTED_EDGE('',*,*,#2777,.T.);
#3630=ORIENTED_EDGE('',*,*,#2779,.F.);
#3631=ORIENTED_EDGE('',*,*,#2780,.F.);
#3632=ORIENTED_EDGE('',*,*,#2781,.T.);
#3633=ORIENTED_EDGE('',*,*,#2782,.T.);
#3634=ORIENTED_EDGE('',*,*,#2781,.F.);
#3635=ORIENTED_EDGE('',*,*,#2782,.F.);
#3636=ORIENTED_EDGE('',*,*,#2783,.F.);
#3637=ORIENTED_EDGE('',*,*,#2752,.T.);
#3638=ORIENTED_EDGE('',*,*,#2784,.T.);
#3639=ORIENTED_EDGE('',*,*,#2785,.F.);
#3640=ORIENTED_EDGE('',*,*,#2784,.F.);
#3641=ORIENTED_EDGE('',*,*,#2786,.F.);
#3642=ORIENTED_EDGE('',*,*,#2787,.T.);
#3643=ORIENTED_EDGE('',*,*,#2788,.T.);
#3644=ORIENTED_EDGE('',*,*,#2787,.F.);
#3645=ORIENTED_EDGE('',*,*,#2788,.F.);
#3646=ORIENTED_EDGE('',*,*,#2789,.F.);
#3647=ORIENTED_EDGE('',*,*,#2790,.F.);
#3648=ORIENTED_EDGE('',*,*,#2791,.T.);
#3649=ORIENTED_EDGE('',*,*,#2792,.T.);
#3650=ORIENTED_EDGE('',*,*,#2791,.F.);
#3651=ORIENTED_EDGE('',*,*,#2792,.F.);
#3652=ORIENTED_EDGE('',*,*,#2793,.F.);
#3653=ORIENTED_EDGE('',*,*,#2793,.T.);
#3654=ORIENTED_EDGE('',*,*,#2794,.T.);
#3655=ORIENTED_EDGE('',*,*,#2795,.F.);
#3656=ORIENTED_EDGE('',*,*,#2794,.F.);
#3657=ORIENTED_EDGE('',*,*,#2789,.T.);
#3658=ORIENTED_EDGE('',*,*,#2796,.T.);
#3659=ORIENTED_EDGE('',*,*,#2797,.F.);
#3660=ORIENTED_EDGE('',*,*,#2796,.F.);
#3661=ORIENTED_EDGE('',*,*,#2783,.T.);
#3662=ORIENTED_EDGE('',*,*,#2798,.T.);
#3663=ORIENTED_EDGE('',*,*,#2799,.F.);
#3664=ORIENTED_EDGE('',*,*,#2798,.F.);
#3665=ORIENTED_EDGE('',*,*,#2570,.F.);
#3666=ORIENTED_EDGE('',*,*,#2800,.T.);
#3667=ORIENTED_EDGE('',*,*,#2801,.F.);
#3668=ORIENTED_EDGE('',*,*,#2800,.F.);
#3669=ORIENTED_EDGE('',*,*,#2802,.F.);
#3670=ORIENTED_EDGE('',*,*,#2579,.T.);
#3671=ORIENTED_EDGE('',*,*,#2803,.F.);
#3672=ORIENTED_EDGE('',*,*,#2804,.F.);
#3673=ORIENTED_EDGE('',*,*,#2578,.T.);
#3674=ORIENTED_EDGE('',*,*,#2805,.T.);
#3675=ORIENTED_EDGE('',*,*,#2806,.F.);
#3676=ORIENTED_EDGE('',*,*,#2565,.T.);
#3677=ORIENTED_EDGE('',*,*,#2588,.T.);
#3678=ORIENTED_EDGE('',*,*,#2807,.T.);
#3679=ORIENTED_EDGE('',*,*,#2808,.T.);
#3680=ORIENTED_EDGE('',*,*,#2803,.T.);
#3681=ORIENTED_EDGE('',*,*,#2802,.T.);
#3682=ORIENTED_EDGE('',*,*,#2809,.F.);
#3683=ORIENTED_EDGE('',*,*,#2810,.F.);
#3684=ORIENTED_EDGE('',*,*,#2580,.F.);
#3685=ORIENTED_EDGE('',*,*,#2599,.F.);
#3686=ORIENTED_EDGE('',*,*,#2811,.T.);
#3687=ORIENTED_EDGE('',*,*,#2568,.T.);
#3688=ORIENTED_EDGE('',*,*,#2571,.T.);
#3689=ORIENTED_EDGE('',*,*,#2812,.T.);
#3690=ORIENTED_EDGE('',*,*,#2577,.F.);
#3691=ORIENTED_EDGE('',*,*,#2813,.T.);
#3692=ORIENTED_EDGE('',*,*,#2600,.F.);
#3693=ORIENTED_EDGE('',*,*,#2812,.F.);
#3694=ORIENTED_EDGE('',*,*,#2575,.T.);
#3695=ORIENTED_EDGE('',*,*,#2589,.F.);
#3696=ORIENTED_EDGE('',*,*,#2602,.F.);
#3697=ORIENTED_EDGE('',*,*,#2814,.F.);
#3698=ORIENTED_EDGE('',*,*,#2805,.F.);
#3699=ORIENTED_EDGE('',*,*,#2801,.T.);
#3700=ORIENTED_EDGE('',*,*,#2576,.T.);
#3701=ORIENTED_EDGE('',*,*,#2569,.T.);
#3702=ORIENTED_EDGE('',*,*,#2811,.F.);
#3703=ORIENTED_EDGE('',*,*,#2598,.F.);
#3704=ORIENTED_EDGE('',*,*,#2813,.F.);
#3705=ORIENTED_EDGE('',*,*,#2612,.F.);
#3706=ORIENTED_EDGE('',*,*,#2815,.T.);
#3707=ORIENTED_EDGE('',*,*,#2807,.F.);
#3708=ORIENTED_EDGE('',*,*,#2587,.F.);
#3709=ORIENTED_EDGE('',*,*,#2611,.F.);
#3710=ORIENTED_EDGE('',*,*,#2610,.F.);
#3711=ORIENTED_EDGE('',*,*,#2606,.T.);
#3712=ORIENTED_EDGE('',*,*,#2616,.T.);
#3713=ORIENTED_EDGE('',*,*,#2614,.F.);
#3714=ORIENTED_EDGE('',*,*,#2816,.T.);
#3715=ORIENTED_EDGE('',*,*,#2809,.T.);
#3716=ORIENTED_EDGE('',*,*,#2804,.T.);
#3717=ORIENTED_EDGE('',*,*,#2808,.F.);
#3718=ORIENTED_EDGE('',*,*,#2815,.F.);
#3719=ORIENTED_EDGE('',*,*,#2613,.F.);
#3720=ORIENTED_EDGE('',*,*,#2581,.F.);
#3721=ORIENTED_EDGE('',*,*,#2810,.T.);
#3722=ORIENTED_EDGE('',*,*,#2816,.F.);
#3723=ORIENTED_EDGE('',*,*,#2817,.T.);
#3724=ORIENTED_EDGE('',*,*,#2818,.T.);
#3725=ORIENTED_EDGE('',*,*,#2819,.T.);
#3726=ORIENTED_EDGE('',*,*,#2820,.F.);
#3727=ORIENTED_EDGE('',*,*,#2821,.T.);
#3728=ORIENTED_EDGE('',*,*,#2822,.T.);
#3729=ORIENTED_EDGE('',*,*,#2823,.T.);
#3730=ORIENTED_EDGE('',*,*,#2818,.F.);
#3731=ORIENTED_EDGE('',*,*,#2824,.T.);
#3732=ORIENTED_EDGE('',*,*,#2825,.T.);
#3733=ORIENTED_EDGE('',*,*,#2826,.T.);
#3734=ORIENTED_EDGE('',*,*,#2822,.F.);
#3735=ORIENTED_EDGE('',*,*,#2827,.T.);
#3736=ORIENTED_EDGE('',*,*,#2828,.T.);
#3737=ORIENTED_EDGE('',*,*,#2829,.T.);
#3738=ORIENTED_EDGE('',*,*,#2830,.T.);
#3739=ORIENTED_EDGE('',*,*,#2831,.T.);
#3740=ORIENTED_EDGE('',*,*,#2832,.T.);
#3741=ORIENTED_EDGE('',*,*,#2833,.T.);
#3742=ORIENTED_EDGE('',*,*,#2825,.F.);
#3743=ORIENTED_EDGE('',*,*,#2834,.T.);
#3744=ORIENTED_EDGE('',*,*,#2835,.T.);
#3745=ORIENTED_EDGE('',*,*,#2836,.T.);
#3746=ORIENTED_EDGE('',*,*,#2832,.F.);
#3747=ORIENTED_EDGE('',*,*,#2837,.T.);
#3748=ORIENTED_EDGE('',*,*,#2835,.F.);
#3749=ORIENTED_EDGE('',*,*,#2838,.T.);
#3750=ORIENTED_EDGE('',*,*,#2828,.F.);
#3751=ORIENTED_EDGE('',*,*,#2839,.T.);
#3752=ORIENTED_EDGE('',*,*,#2830,.F.);
#3753=ORIENTED_EDGE('',*,*,#2840,.T.);
#3754=ORIENTED_EDGE('',*,*,#2820,.T.);
#3755=ORIENTED_EDGE('',*,*,#2833,.F.);
#3756=ORIENTED_EDGE('',*,*,#2841,.T.);
#3757=ORIENTED_EDGE('',*,*,#2842,.F.);
#3758=ORIENTED_EDGE('',*,*,#2843,.F.);
#3759=ORIENTED_EDGE('',*,*,#2836,.F.);
#3760=ORIENTED_EDGE('',*,*,#2844,.T.);
#3761=ORIENTED_EDGE('',*,*,#2845,.F.);
#3762=ORIENTED_EDGE('',*,*,#2841,.F.);
#3763=ORIENTED_EDGE('',*,*,#2837,.F.);
#3764=ORIENTED_EDGE('',*,*,#2846,.T.);
#3765=ORIENTED_EDGE('',*,*,#2847,.F.);
#3766=ORIENTED_EDGE('',*,*,#2844,.F.);
#3767=ORIENTED_EDGE('',*,*,#2827,.F.);
#3768=ORIENTED_EDGE('',*,*,#2848,.T.);
#3769=ORIENTED_EDGE('',*,*,#2849,.F.);
#3770=ORIENTED_EDGE('',*,*,#2846,.F.);
#3771=ORIENTED_EDGE('',*,*,#2829,.F.);
#3772=ORIENTED_EDGE('',*,*,#2838,.F.);
#3773=ORIENTED_EDGE('',*,*,#2834,.F.);
#3774=ORIENTED_EDGE('',*,*,#2831,.F.);
#3775=ORIENTED_EDGE('',*,*,#2824,.F.);
#3776=ORIENTED_EDGE('',*,*,#2821,.F.);
#3777=ORIENTED_EDGE('',*,*,#2817,.F.);
#3778=ORIENTED_EDGE('',*,*,#2840,.F.);
#3779=ORIENTED_EDGE('',*,*,#2850,.T.);
#3780=ORIENTED_EDGE('',*,*,#2851,.T.);
#3781=ORIENTED_EDGE('',*,*,#2852,.T.);
#3782=ORIENTED_EDGE('',*,*,#2853,.T.);
#3783=ORIENTED_EDGE('',*,*,#2854,.T.);
#3784=ORIENTED_EDGE('',*,*,#2855,.T.);
#3785=ORIENTED_EDGE('',*,*,#2856,.T.);
#3786=ORIENTED_EDGE('',*,*,#2857,.T.);
#3787=ORIENTED_EDGE('',*,*,#2858,.T.);
#3788=ORIENTED_EDGE('',*,*,#2859,.T.);
#3789=ORIENTED_EDGE('',*,*,#2860,.T.);
#3790=ORIENTED_EDGE('',*,*,#2861,.F.);
#3791=ORIENTED_EDGE('',*,*,#2862,.T.);
#3792=ORIENTED_EDGE('',*,*,#2863,.T.);
#3793=ORIENTED_EDGE('',*,*,#2864,.T.);
#3794=ORIENTED_EDGE('',*,*,#2865,.T.);
#3795=ORIENTED_EDGE('',*,*,#2866,.T.);
#3796=ORIENTED_EDGE('',*,*,#2867,.T.);
#3797=ORIENTED_EDGE('',*,*,#2868,.T.);
#3798=ORIENTED_EDGE('',*,*,#2863,.F.);
#3799=ORIENTED_EDGE('',*,*,#2869,.T.);
#3800=ORIENTED_EDGE('',*,*,#2870,.T.);
#3801=ORIENTED_EDGE('',*,*,#2871,.T.);
#3802=ORIENTED_EDGE('',*,*,#2867,.F.);
#3803=ORIENTED_EDGE('',*,*,#2872,.T.);
#3804=ORIENTED_EDGE('',*,*,#2870,.F.);
#3805=ORIENTED_EDGE('',*,*,#2873,.T.);
#3806=ORIENTED_EDGE('',*,*,#2874,.T.);
#3807=ORIENTED_EDGE('',*,*,#2875,.T.);
#3808=ORIENTED_EDGE('',*,*,#2874,.F.);
#3809=ORIENTED_EDGE('',*,*,#2876,.T.);
#3810=ORIENTED_EDGE('',*,*,#2877,.T.);
#3811=ORIENTED_EDGE('',*,*,#2878,.T.);
#3812=ORIENTED_EDGE('',*,*,#2877,.F.);
#3813=ORIENTED_EDGE('',*,*,#2879,.T.);
#3814=ORIENTED_EDGE('',*,*,#2861,.T.);
#3815=ORIENTED_EDGE('',*,*,#2880,.T.);
#3816=ORIENTED_EDGE('',*,*,#2865,.F.);
#3817=ORIENTED_EDGE('',*,*,#2881,.T.);
#3818=ORIENTED_EDGE('',*,*,#2859,.F.);
#3819=ORIENTED_EDGE('',*,*,#2878,.F.);
#3820=ORIENTED_EDGE('',*,*,#2882,.T.);
#3821=ORIENTED_EDGE('',*,*,#2883,.F.);
#3822=ORIENTED_EDGE('',*,*,#2884,.F.);
#3823=ORIENTED_EDGE('',*,*,#2860,.F.);
#3824=ORIENTED_EDGE('',*,*,#2885,.T.);
#3825=ORIENTED_EDGE('',*,*,#2886,.F.);
#3826=ORIENTED_EDGE('',*,*,#2882,.F.);
#3827=ORIENTED_EDGE('',*,*,#2881,.F.);
#3828=ORIENTED_EDGE('',*,*,#2887,.T.);
#3829=ORIENTED_EDGE('',*,*,#2888,.F.);
#3830=ORIENTED_EDGE('',*,*,#2885,.F.);
#3831=ORIENTED_EDGE('',*,*,#2864,.F.);
#3832=ORIENTED_EDGE('',*,*,#2889,.T.);
#3833=ORIENTED_EDGE('',*,*,#2890,.F.);
#3834=ORIENTED_EDGE('',*,*,#2887,.F.);
#3835=ORIENTED_EDGE('',*,*,#2891,.F.);
#3836=ORIENTED_EDGE('',*,*,#2892,.F.);
#3837=ORIENTED_EDGE('',*,*,#2893,.F.);
#3838=ORIENTED_EDGE('',*,*,#2894,.F.);
#3839=ORIENTED_EDGE('',*,*,#2895,.F.);
#3840=ORIENTED_EDGE('',*,*,#2896,.F.);
#3841=ORIENTED_EDGE('',*,*,#2897,.F.);
#3842=ORIENTED_EDGE('',*,*,#2898,.F.);
#3843=ORIENTED_EDGE('',*,*,#2519,.T.);
#3844=ORIENTED_EDGE('',*,*,#2523,.T.);
#3845=ORIENTED_EDGE('',*,*,#2527,.T.);
#3846=ORIENTED_EDGE('',*,*,#2531,.T.);
#3847=ORIENTED_EDGE('',*,*,#2535,.T.);
#3848=ORIENTED_EDGE('',*,*,#2538,.T.);
#3849=ORIENTED_EDGE('',*,*,#2543,.T.);
#3850=ORIENTED_EDGE('',*,*,#2547,.T.);
#3851=ORIENTED_EDGE('',*,*,#2551,.T.);
#3852=ORIENTED_EDGE('',*,*,#2555,.T.);
#3853=ORIENTED_EDGE('',*,*,#2862,.F.);
#3854=ORIENTED_EDGE('',*,*,#2880,.F.);
#3855=ORIENTED_EDGE('',*,*,#2858,.F.);
#3856=ORIENTED_EDGE('',*,*,#2879,.F.);
#3857=ORIENTED_EDGE('',*,*,#2876,.F.);
#3858=ORIENTED_EDGE('',*,*,#2873,.F.);
#3859=ORIENTED_EDGE('',*,*,#2869,.F.);
#3860=ORIENTED_EDGE('',*,*,#2866,.F.);
#3861=ORIENTED_EDGE('',*,*,#2899,.T.);
#3862=ORIENTED_EDGE('',*,*,#2900,.T.);
#3863=ORIENTED_EDGE('',*,*,#2883,.T.);
#3864=ORIENTED_EDGE('',*,*,#2901,.F.);
#3865=ORIENTED_EDGE('',*,*,#2902,.T.);
#3866=ORIENTED_EDGE('',*,*,#2903,.T.);
#3867=ORIENTED_EDGE('',*,*,#2904,.T.);
#3868=ORIENTED_EDGE('',*,*,#2900,.F.);
#3869=ORIENTED_EDGE('',*,*,#2905,.T.);
#3870=ORIENTED_EDGE('',*,*,#2906,.T.);
#3871=ORIENTED_EDGE('',*,*,#2907,.T.);
#3872=ORIENTED_EDGE('',*,*,#2903,.F.);
#3873=ORIENTED_EDGE('',*,*,#2908,.T.);
#3874=ORIENTED_EDGE('',*,*,#2906,.F.);
#3875=ORIENTED_EDGE('',*,*,#2909,.T.);
#3876=ORIENTED_EDGE('',*,*,#2910,.T.);
#3877=ORIENTED_EDGE('',*,*,#2911,.T.);
#3878=ORIENTED_EDGE('',*,*,#2910,.F.);
#3879=ORIENTED_EDGE('',*,*,#2912,.T.);
#3880=ORIENTED_EDGE('',*,*,#2913,.T.);
#3881=ORIENTED_EDGE('',*,*,#2890,.T.);
#3882=ORIENTED_EDGE('',*,*,#2913,.F.);
#3883=ORIENTED_EDGE('',*,*,#2914,.T.);
#3884=ORIENTED_EDGE('',*,*,#2915,.T.);
#3885=ORIENTED_EDGE('',*,*,#2888,.T.);
#3886=ORIENTED_EDGE('',*,*,#2915,.F.);
#3887=ORIENTED_EDGE('',*,*,#2916,.T.);
#3888=ORIENTED_EDGE('',*,*,#2917,.T.);
#3889=ORIENTED_EDGE('',*,*,#2886,.T.);
#3890=ORIENTED_EDGE('',*,*,#2917,.F.);
#3891=ORIENTED_EDGE('',*,*,#2918,.T.);
#3892=ORIENTED_EDGE('',*,*,#2901,.T.);
#3893=ORIENTED_EDGE('',*,*,#2899,.F.);
#3894=ORIENTED_EDGE('',*,*,#2918,.F.);
#3895=ORIENTED_EDGE('',*,*,#2916,.F.);
#3896=ORIENTED_EDGE('',*,*,#2914,.F.);
#3897=ORIENTED_EDGE('',*,*,#2912,.F.);
#3898=ORIENTED_EDGE('',*,*,#2909,.F.);
#3899=ORIENTED_EDGE('',*,*,#2905,.F.);
#3900=ORIENTED_EDGE('',*,*,#2902,.F.);
#3901=ORIENTED_EDGE('',*,*,#2919,.F.);
#3902=ORIENTED_EDGE('',*,*,#2920,.F.);
#3903=ORIENTED_EDGE('',*,*,#2921,.F.);
#3904=ORIENTED_EDGE('',*,*,#2922,.F.);
#3905=ORIENTED_EDGE('',*,*,#2923,.F.);
#3906=ORIENTED_EDGE('',*,*,#2924,.F.);
#3907=ORIENTED_EDGE('',*,*,#2925,.F.);
#3908=ORIENTED_EDGE('',*,*,#2926,.F.);
#3909=ORIENTED_EDGE('',*,*,#2919,.T.);
#3910=ORIENTED_EDGE('',*,*,#2927,.T.);
#3911=ORIENTED_EDGE('',*,*,#2928,.T.);
#3912=ORIENTED_EDGE('',*,*,#2929,.F.);
#3913=ORIENTED_EDGE('',*,*,#2926,.T.);
#3914=ORIENTED_EDGE('',*,*,#2930,.T.);
#3915=ORIENTED_EDGE('',*,*,#2849,.T.);
#3916=ORIENTED_EDGE('',*,*,#2927,.F.);
#3917=ORIENTED_EDGE('',*,*,#2925,.T.);
#3918=ORIENTED_EDGE('',*,*,#2931,.T.);
#3919=ORIENTED_EDGE('',*,*,#2847,.T.);
#3920=ORIENTED_EDGE('',*,*,#2930,.F.);
#3921=ORIENTED_EDGE('',*,*,#2845,.T.);
#3922=ORIENTED_EDGE('',*,*,#2931,.F.);
#3923=ORIENTED_EDGE('',*,*,#2924,.T.);
#3924=ORIENTED_EDGE('',*,*,#2932,.T.);
#3925=ORIENTED_EDGE('',*,*,#2842,.T.);
#3926=ORIENTED_EDGE('',*,*,#2932,.F.);
#3927=ORIENTED_EDGE('',*,*,#2923,.T.);
#3928=ORIENTED_EDGE('',*,*,#2933,.T.);
#3929=ORIENTED_EDGE('',*,*,#2934,.T.);
#3930=ORIENTED_EDGE('',*,*,#2933,.F.);
#3931=ORIENTED_EDGE('',*,*,#2922,.T.);
#3932=ORIENTED_EDGE('',*,*,#2935,.T.);
#3933=ORIENTED_EDGE('',*,*,#2936,.T.);
#3934=ORIENTED_EDGE('',*,*,#2935,.F.);
#3935=ORIENTED_EDGE('',*,*,#2921,.T.);
#3936=ORIENTED_EDGE('',*,*,#2937,.T.);
#3937=ORIENTED_EDGE('',*,*,#2938,.T.);
#3938=ORIENTED_EDGE('',*,*,#2937,.F.);
#3939=ORIENTED_EDGE('',*,*,#2920,.T.);
#3940=ORIENTED_EDGE('',*,*,#2929,.T.);
#3941=ORIENTED_EDGE('',*,*,#2826,.F.);
#3942=ORIENTED_EDGE('',*,*,#2843,.T.);
#3943=ORIENTED_EDGE('',*,*,#2934,.F.);
#3944=ORIENTED_EDGE('',*,*,#2939,.F.);
#3945=ORIENTED_EDGE('',*,*,#2823,.F.);
#3946=ORIENTED_EDGE('',*,*,#2939,.T.);
#3947=ORIENTED_EDGE('',*,*,#2936,.F.);
#3948=ORIENTED_EDGE('',*,*,#2940,.F.);
#3949=ORIENTED_EDGE('',*,*,#2819,.F.);
#3950=ORIENTED_EDGE('',*,*,#2940,.T.);
#3951=ORIENTED_EDGE('',*,*,#2938,.F.);
#3952=ORIENTED_EDGE('',*,*,#2941,.F.);
#3953=ORIENTED_EDGE('',*,*,#2839,.F.);
#3954=ORIENTED_EDGE('',*,*,#2941,.T.);
#3955=ORIENTED_EDGE('',*,*,#2928,.F.);
#3956=ORIENTED_EDGE('',*,*,#2848,.F.);
#3957=ORIENTED_EDGE('',*,*,#2851,.F.);
#3958=ORIENTED_EDGE('',*,*,#2942,.T.);
#3959=ORIENTED_EDGE('',*,*,#2518,.F.);
#3960=ORIENTED_EDGE('',*,*,#2943,.F.);
#3961=ORIENTED_EDGE('',*,*,#2852,.F.);
#3962=ORIENTED_EDGE('',*,*,#2943,.T.);
#3963=ORIENTED_EDGE('',*,*,#2517,.F.);
#3964=ORIENTED_EDGE('',*,*,#2944,.F.);
#3965=ORIENTED_EDGE('',*,*,#2853,.F.);
#3966=ORIENTED_EDGE('',*,*,#2944,.T.);
#3967=ORIENTED_EDGE('',*,*,#2516,.F.);
#3968=ORIENTED_EDGE('',*,*,#2945,.F.);
#3969=ORIENTED_EDGE('',*,*,#2854,.F.);
#3970=ORIENTED_EDGE('',*,*,#2945,.T.);
#3971=ORIENTED_EDGE('',*,*,#2515,.F.);
#3972=ORIENTED_EDGE('',*,*,#2946,.F.);
#3973=ORIENTED_EDGE('',*,*,#2855,.F.);
#3974=ORIENTED_EDGE('',*,*,#2946,.T.);
#3975=ORIENTED_EDGE('',*,*,#2514,.F.);
#3976=ORIENTED_EDGE('',*,*,#2947,.F.);
#3977=ORIENTED_EDGE('',*,*,#2856,.F.);
#3978=ORIENTED_EDGE('',*,*,#2947,.T.);
#3979=ORIENTED_EDGE('',*,*,#2513,.F.);
#3980=ORIENTED_EDGE('',*,*,#2948,.F.);
#3981=ORIENTED_EDGE('',*,*,#2857,.F.);
#3982=ORIENTED_EDGE('',*,*,#2948,.T.);
#3983=ORIENTED_EDGE('',*,*,#2512,.F.);
#3984=ORIENTED_EDGE('',*,*,#2949,.F.);
#3985=ORIENTED_EDGE('',*,*,#2850,.F.);
#3986=ORIENTED_EDGE('',*,*,#2949,.T.);
#3987=ORIENTED_EDGE('',*,*,#2511,.F.);
#3988=ORIENTED_EDGE('',*,*,#2942,.F.);
#3989=ORIENTED_EDGE('',*,*,#2868,.F.);
#3990=ORIENTED_EDGE('',*,*,#2950,.T.);
#3991=ORIENTED_EDGE('',*,*,#2911,.F.);
#3992=ORIENTED_EDGE('',*,*,#2889,.F.);
#3993=ORIENTED_EDGE('',*,*,#2871,.F.);
#3994=ORIENTED_EDGE('',*,*,#2951,.T.);
#3995=ORIENTED_EDGE('',*,*,#2908,.F.);
#3996=ORIENTED_EDGE('',*,*,#2950,.F.);
#3997=ORIENTED_EDGE('',*,*,#2872,.F.);
#3998=ORIENTED_EDGE('',*,*,#2952,.T.);
#3999=ORIENTED_EDGE('',*,*,#2907,.F.);
#4000=ORIENTED_EDGE('',*,*,#2951,.F.);
#4001=ORIENTED_EDGE('',*,*,#2875,.F.);
#4002=ORIENTED_EDGE('',*,*,#2884,.T.);
#4003=ORIENTED_EDGE('',*,*,#2904,.F.);
#4004=ORIENTED_EDGE('',*,*,#2952,.F.);
#4005=ORIENTED_EDGE('',*,*,#2541,.T.);
#4006=ORIENTED_EDGE('',*,*,#2563,.F.);
#4007=ORIENTED_EDGE('',*,*,#2504,.T.);
#4008=ORIENTED_EDGE('',*,*,#2953,.T.);
#4009=ORIENTED_EDGE('',*,*,#2954,.T.);
#4010=ORIENTED_EDGE('',*,*,#2955,.F.);
#4011=ORIENTED_EDGE('',*,*,#2559,.F.);
#4012=ORIENTED_EDGE('',*,*,#2529,.T.);
#4013=ORIENTED_EDGE('',*,*,#2530,.T.);
#4014=ORIENTED_EDGE('',*,*,#2549,.T.);
#4015=ORIENTED_EDGE('',*,*,#2550,.T.);
#4016=ORIENTED_EDGE('',*,*,#2956,.T.);
#4017=ORIENTED_EDGE('',*,*,#2957,.F.);
#4018=ORIENTED_EDGE('',*,*,#2508,.T.);
#4019=ORIENTED_EDGE('',*,*,#2958,.T.);
#4020=ORIENTED_EDGE('',*,*,#2557,.T.);
#4021=ORIENTED_EDGE('',*,*,#2558,.T.);
#4022=ORIENTED_EDGE('',*,*,#2959,.T.);
#4023=ORIENTED_EDGE('',*,*,#2958,.F.);
#4024=ORIENTED_EDGE('',*,*,#2507,.T.);
#4025=ORIENTED_EDGE('',*,*,#2960,.T.);
#4026=ORIENTED_EDGE('',*,*,#2525,.T.);
#4027=ORIENTED_EDGE('',*,*,#2526,.T.);
#4028=ORIENTED_EDGE('',*,*,#2545,.T.);
#4029=ORIENTED_EDGE('',*,*,#2546,.T.);
#4030=ORIENTED_EDGE('',*,*,#2961,.T.);
#4031=ORIENTED_EDGE('',*,*,#2962,.F.);
#4032=ORIENTED_EDGE('',*,*,#2509,.T.);
#4033=ORIENTED_EDGE('',*,*,#2957,.T.);
#4034=ORIENTED_EDGE('',*,*,#2537,.T.);
#4035=ORIENTED_EDGE('',*,*,#2963,.T.);
#4036=ORIENTED_EDGE('',*,*,#2960,.F.);
#4037=ORIENTED_EDGE('',*,*,#2506,.T.);
#4038=ORIENTED_EDGE('',*,*,#2562,.T.);
#4039=ORIENTED_EDGE('',*,*,#2533,.T.);
#4040=ORIENTED_EDGE('',*,*,#2534,.T.);
#4041=ORIENTED_EDGE('',*,*,#2964,.T.);
#4042=ORIENTED_EDGE('',*,*,#2953,.F.);
#4043=ORIENTED_EDGE('',*,*,#2510,.T.);
#4044=ORIENTED_EDGE('',*,*,#2962,.T.);
#4045=ORIENTED_EDGE('',*,*,#2521,.T.);
#4046=ORIENTED_EDGE('',*,*,#2522,.T.);
#4047=ORIENTED_EDGE('',*,*,#2954,.F.);
#4048=ORIENTED_EDGE('',*,*,#2965,.T.);
#4049=ORIENTED_EDGE('',*,*,#2966,.F.);
#4050=ORIENTED_EDGE('',*,*,#2967,.F.);
#4051=ORIENTED_EDGE('',*,*,#2968,.F.);
#4052=ORIENTED_EDGE('',*,*,#2964,.F.);
#4053=ORIENTED_EDGE('',*,*,#2969,.T.);
#4054=ORIENTED_EDGE('',*,*,#2970,.F.);
#4055=ORIENTED_EDGE('',*,*,#2965,.F.);
#4056=ORIENTED_EDGE('',*,*,#2961,.F.);
#4057=ORIENTED_EDGE('',*,*,#2971,.T.);
#4058=ORIENTED_EDGE('',*,*,#2972,.F.);
#4059=ORIENTED_EDGE('',*,*,#2969,.F.);
#4060=ORIENTED_EDGE('',*,*,#2956,.F.);
#4061=ORIENTED_EDGE('',*,*,#2973,.T.);
#4062=ORIENTED_EDGE('',*,*,#2974,.F.);
#4063=ORIENTED_EDGE('',*,*,#2971,.F.);
#4064=ORIENTED_EDGE('',*,*,#2898,.T.);
#4065=ORIENTED_EDGE('',*,*,#2975,.F.);
#4066=ORIENTED_EDGE('',*,*,#2976,.F.);
#4067=ORIENTED_EDGE('',*,*,#2977,.T.);
#4068=ORIENTED_EDGE('',*,*,#2753,.T.);
#4069=ORIENTED_EDGE('',*,*,#2775,.T.);
#4070=ORIENTED_EDGE('',*,*,#2772,.T.);
#4071=ORIENTED_EDGE('',*,*,#2769,.T.);
#4072=ORIENTED_EDGE('',*,*,#2766,.T.);
#4073=ORIENTED_EDGE('',*,*,#2763,.T.);
#4074=ORIENTED_EDGE('',*,*,#2760,.T.);
#4075=ORIENTED_EDGE('',*,*,#2757,.T.);
#4076=ORIENTED_EDGE('',*,*,#2891,.T.);
#4077=ORIENTED_EDGE('',*,*,#2977,.F.);
#4078=ORIENTED_EDGE('',*,*,#2978,.F.);
#4079=ORIENTED_EDGE('',*,*,#2979,.T.);
#4080=ORIENTED_EDGE('',*,*,#2955,.T.);
#4081=ORIENTED_EDGE('',*,*,#2968,.T.);
#4082=ORIENTED_EDGE('',*,*,#2980,.F.);
#4083=ORIENTED_EDGE('',*,*,#2981,.F.);
#4084=ORIENTED_EDGE('',*,*,#2560,.T.);
#4085=ORIENTED_EDGE('',*,*,#2897,.T.);
#4086=ORIENTED_EDGE('',*,*,#2982,.F.);
#4087=ORIENTED_EDGE('',*,*,#2983,.F.);
#4088=ORIENTED_EDGE('',*,*,#2975,.T.);
#4089=ORIENTED_EDGE('',*,*,#2896,.T.);
#4090=ORIENTED_EDGE('',*,*,#2984,.F.);
#4091=ORIENTED_EDGE('',*,*,#2985,.F.);
#4092=ORIENTED_EDGE('',*,*,#2982,.T.);
#4093=ORIENTED_EDGE('',*,*,#2722,.T.);
#4094=ORIENTED_EDGE('',*,*,#2744,.T.);
#4095=ORIENTED_EDGE('',*,*,#2741,.T.);
#4096=ORIENTED_EDGE('',*,*,#2738,.T.);
#4097=ORIENTED_EDGE('',*,*,#2735,.T.);
#4098=ORIENTED_EDGE('',*,*,#2732,.T.);
#4099=ORIENTED_EDGE('',*,*,#2729,.T.);
#4100=ORIENTED_EDGE('',*,*,#2726,.T.);
#4101=ORIENTED_EDGE('',*,*,#2895,.T.);
#4102=ORIENTED_EDGE('',*,*,#2986,.F.);
#4103=ORIENTED_EDGE('',*,*,#2987,.F.);
#4104=ORIENTED_EDGE('',*,*,#2984,.T.);
#4105=ORIENTED_EDGE('',*,*,#2988,.F.);
#4106=ORIENTED_EDGE('',*,*,#2989,.F.);
#4107=ORIENTED_EDGE('',*,*,#2990,.F.);
#4108=ORIENTED_EDGE('',*,*,#2991,.F.);
#4109=ORIENTED_EDGE('',*,*,#2992,.F.);
#4110=ORIENTED_EDGE('',*,*,#2993,.F.);
#4111=ORIENTED_EDGE('',*,*,#2994,.F.);
#4112=ORIENTED_EDGE('',*,*,#2995,.F.);
#4113=ORIENTED_EDGE('',*,*,#2996,.F.);
#4114=ORIENTED_EDGE('',*,*,#2997,.F.);
#4115=ORIENTED_EDGE('',*,*,#2998,.F.);
#4116=ORIENTED_EDGE('',*,*,#2999,.F.);
#4117=ORIENTED_EDGE('',*,*,#3000,.F.);
#4118=ORIENTED_EDGE('',*,*,#3001,.F.);
#4119=ORIENTED_EDGE('',*,*,#3002,.F.);
#4120=ORIENTED_EDGE('',*,*,#3003,.F.);
#4121=ORIENTED_EDGE('',*,*,#3004,.F.);
#4122=ORIENTED_EDGE('',*,*,#3005,.F.);
#4123=ORIENTED_EDGE('',*,*,#3006,.F.);
#4124=ORIENTED_EDGE('',*,*,#3007,.F.);
#4125=ORIENTED_EDGE('',*,*,#3008,.F.);
#4126=ORIENTED_EDGE('',*,*,#3009,.F.);
#4127=ORIENTED_EDGE('',*,*,#3010,.F.);
#4128=ORIENTED_EDGE('',*,*,#3011,.F.);
#4129=ORIENTED_EDGE('',*,*,#3012,.F.);
#4130=ORIENTED_EDGE('',*,*,#3013,.F.);
#4131=ORIENTED_EDGE('',*,*,#3014,.F.);
#4132=ORIENTED_EDGE('',*,*,#3015,.F.);
#4133=ORIENTED_EDGE('',*,*,#3016,.F.);
#4134=ORIENTED_EDGE('',*,*,#3017,.F.);
#4135=ORIENTED_EDGE('',*,*,#3018,.F.);
#4136=ORIENTED_EDGE('',*,*,#3019,.F.);
#4137=ORIENTED_EDGE('',*,*,#2989,.T.);
#4138=ORIENTED_EDGE('',*,*,#3020,.F.);
#4139=ORIENTED_EDGE('',*,*,#3021,.T.);
#4140=ORIENTED_EDGE('',*,*,#3022,.F.);
#4141=ORIENTED_EDGE('',*,*,#2995,.T.);
#4142=ORIENTED_EDGE('',*,*,#3023,.F.);
#4143=ORIENTED_EDGE('',*,*,#3024,.F.);
#4144=ORIENTED_EDGE('',*,*,#3025,.F.);
#4145=ORIENTED_EDGE('',*,*,#2720,.T.);
#4146=ORIENTED_EDGE('',*,*,#2991,.T.);
#4147=ORIENTED_EDGE('',*,*,#3026,.T.);
#4148=ORIENTED_EDGE('',*,*,#3027,.T.);
#4149=ORIENTED_EDGE('',*,*,#3028,.F.);
#4150=ORIENTED_EDGE('',*,*,#2993,.T.);
#4151=ORIENTED_EDGE('',*,*,#3029,.F.);
#4152=ORIENTED_EDGE('',*,*,#3030,.F.);
#4153=ORIENTED_EDGE('',*,*,#3031,.T.);
#4154=ORIENTED_EDGE('',*,*,#2795,.T.);
#4155=ORIENTED_EDGE('',*,*,#3001,.T.);
#4156=ORIENTED_EDGE('',*,*,#3032,.F.);
#4157=ORIENTED_EDGE('',*,*,#3033,.T.);
#4158=ORIENTED_EDGE('',*,*,#3034,.F.);
#4159=ORIENTED_EDGE('',*,*,#2999,.T.);
#4160=ORIENTED_EDGE('',*,*,#3035,.F.);
#4161=ORIENTED_EDGE('',*,*,#3036,.F.);
#4162=ORIENTED_EDGE('',*,*,#3037,.F.);
#4163=ORIENTED_EDGE('',*,*,#2693,.T.);
#4164=ORIENTED_EDGE('',*,*,#3003,.T.);
#4165=ORIENTED_EDGE('',*,*,#3038,.T.);
#4166=ORIENTED_EDGE('',*,*,#3039,.T.);
#4167=ORIENTED_EDGE('',*,*,#3040,.F.);
#4168=ORIENTED_EDGE('',*,*,#2997,.T.);
#4169=ORIENTED_EDGE('',*,*,#3041,.F.);
#4170=ORIENTED_EDGE('',*,*,#3042,.F.);
#4171=ORIENTED_EDGE('',*,*,#3043,.T.);
#4172=ORIENTED_EDGE('',*,*,#2797,.T.);
#4173=ORIENTED_EDGE('',*,*,#3005,.T.);
#4174=ORIENTED_EDGE('',*,*,#3044,.F.);
#4175=ORIENTED_EDGE('',*,*,#3045,.T.);
#4176=ORIENTED_EDGE('',*,*,#3046,.F.);
#4177=ORIENTED_EDGE('',*,*,#3011,.T.);
#4178=ORIENTED_EDGE('',*,*,#3047,.F.);
#4179=ORIENTED_EDGE('',*,*,#3048,.F.);
#4180=ORIENTED_EDGE('',*,*,#3049,.F.);
#4181=ORIENTED_EDGE('',*,*,#2747,.T.);
#4182=ORIENTED_EDGE('',*,*,#3007,.T.);
#4183=ORIENTED_EDGE('',*,*,#3050,.T.);
#4184=ORIENTED_EDGE('',*,*,#3051,.T.);
#4185=ORIENTED_EDGE('',*,*,#3052,.F.);
#4186=ORIENTED_EDGE('',*,*,#3009,.T.);
#4187=ORIENTED_EDGE('',*,*,#3053,.F.);
#4188=ORIENTED_EDGE('',*,*,#3054,.F.);
#4189=ORIENTED_EDGE('',*,*,#3055,.T.);
#4190=ORIENTED_EDGE('',*,*,#2785,.T.);
#4191=ORIENTED_EDGE('',*,*,#3013,.T.);
#4192=ORIENTED_EDGE('',*,*,#3056,.F.);
#4193=ORIENTED_EDGE('',*,*,#3057,.T.);
#4194=ORIENTED_EDGE('',*,*,#3058,.F.);
#4195=ORIENTED_EDGE('',*,*,#3019,.T.);
#4196=ORIENTED_EDGE('',*,*,#3059,.F.);
#4197=ORIENTED_EDGE('',*,*,#3060,.F.);
#4198=ORIENTED_EDGE('',*,*,#3061,.F.);
#4199=ORIENTED_EDGE('',*,*,#2778,.T.);
#4200=ORIENTED_EDGE('',*,*,#3015,.T.);
#4201=ORIENTED_EDGE('',*,*,#3062,.T.);
#4202=ORIENTED_EDGE('',*,*,#3063,.T.);
#4203=ORIENTED_EDGE('',*,*,#3064,.F.);
#4204=ORIENTED_EDGE('',*,*,#3010,.T.);
#4205=ORIENTED_EDGE('',*,*,#3055,.F.);
#4206=ORIENTED_EDGE('',*,*,#3065,.F.);
#4207=ORIENTED_EDGE('',*,*,#3062,.F.);
#4208=ORIENTED_EDGE('',*,*,#3014,.T.);
#4209=ORIENTED_EDGE('',*,*,#3058,.T.);
#4210=ORIENTED_EDGE('',*,*,#3066,.T.);
#4211=ORIENTED_EDGE('',*,*,#3047,.T.);
#4212=ORIENTED_EDGE('',*,*,#3002,.T.);
#4213=ORIENTED_EDGE('',*,*,#3034,.T.);
#4214=ORIENTED_EDGE('',*,*,#3067,.T.);
#4215=ORIENTED_EDGE('',*,*,#3059,.T.);
#4216=ORIENTED_EDGE('',*,*,#3018,.T.);
#4217=ORIENTED_EDGE('',*,*,#3068,.F.);
#4218=ORIENTED_EDGE('',*,*,#3069,.F.);
#4219=ORIENTED_EDGE('',*,*,#3038,.F.);
#4220=ORIENTED_EDGE('',*,*,#2990,.T.);
#4221=ORIENTED_EDGE('',*,*,#3022,.T.);
#4222=ORIENTED_EDGE('',*,*,#3070,.T.);
#4223=ORIENTED_EDGE('',*,*,#3035,.T.);
#4224=ORIENTED_EDGE('',*,*,#2998,.T.);
#4225=ORIENTED_EDGE('',*,*,#3043,.F.);
#4226=ORIENTED_EDGE('',*,*,#3071,.F.);
#4227=ORIENTED_EDGE('',*,*,#3026,.F.);
#4228=ORIENTED_EDGE('',*,*,#2994,.T.);
#4229=ORIENTED_EDGE('',*,*,#3031,.F.);
#4230=ORIENTED_EDGE('',*,*,#3072,.F.);
#4231=ORIENTED_EDGE('',*,*,#3050,.F.);
#4232=ORIENTED_EDGE('',*,*,#3006,.T.);
#4233=ORIENTED_EDGE('',*,*,#3046,.T.);
#4234=ORIENTED_EDGE('',*,*,#3073,.T.);
#4235=ORIENTED_EDGE('',*,*,#3023,.T.);
#4236=ORIENTED_EDGE('',*,*,#3072,.T.);
#4237=ORIENTED_EDGE('',*,*,#3030,.T.);
#4238=ORIENTED_EDGE('',*,*,#3074,.F.);
#4239=ORIENTED_EDGE('',*,*,#3051,.F.);
#4240=ORIENTED_EDGE('',*,*,#3075,.T.);
#4241=ORIENTED_EDGE('',*,*,#3076,.F.);
#4242=ORIENTED_EDGE('',*,*,#3077,.T.);
#4243=ORIENTED_EDGE('',*,*,#3078,.T.);
#4244=ORIENTED_EDGE('',*,*,#3071,.T.);
#4245=ORIENTED_EDGE('',*,*,#3042,.T.);
#4246=ORIENTED_EDGE('',*,*,#3079,.F.);
#4247=ORIENTED_EDGE('',*,*,#3027,.F.);
#4248=ORIENTED_EDGE('',*,*,#3080,.F.);
#4249=ORIENTED_EDGE('',*,*,#2967,.T.);
#4250=ORIENTED_EDGE('',*,*,#3081,.F.);
#4251=ORIENTED_EDGE('',*,*,#3082,.F.);
#4252=ORIENTED_EDGE('',*,*,#3075,.F.);
#4253=ORIENTED_EDGE('',*,*,#3083,.F.);
#4254=ORIENTED_EDGE('',*,*,#3084,.F.);
#4255=ORIENTED_EDGE('',*,*,#3085,.F.);
#4256=ORIENTED_EDGE('',*,*,#3086,.F.);
#4257=ORIENTED_EDGE('',*,*,#3087,.F.);
#4258=ORIENTED_EDGE('',*,*,#3088,.F.);
#4259=ORIENTED_EDGE('',*,*,#3089,.F.);
#4260=ORIENTED_EDGE('',*,*,#3090,.T.);
#4261=ORIENTED_EDGE('',*,*,#3091,.T.);
#4262=ORIENTED_EDGE('',*,*,#3081,.T.);
#4263=ORIENTED_EDGE('',*,*,#2966,.T.);
#4264=ORIENTED_EDGE('',*,*,#2970,.T.);
#4265=ORIENTED_EDGE('',*,*,#2972,.T.);
#4266=ORIENTED_EDGE('',*,*,#2974,.T.);
#4267=ORIENTED_EDGE('',*,*,#3092,.T.);
#4268=ORIENTED_EDGE('',*,*,#3093,.T.);
#4269=ORIENTED_EDGE('',*,*,#2980,.T.);
#4270=ORIENTED_EDGE('',*,*,#3080,.T.);
#4271=ORIENTED_EDGE('',*,*,#2561,.F.);
#4272=ORIENTED_EDGE('',*,*,#2981,.T.);
#4273=ORIENTED_EDGE('',*,*,#3093,.F.);
#4274=ORIENTED_EDGE('',*,*,#3082,.T.);
#4275=ORIENTED_EDGE('',*,*,#3091,.F.);
#4276=ORIENTED_EDGE('',*,*,#3094,.F.);
#4277=ORIENTED_EDGE('',*,*,#2963,.F.);
#4278=ORIENTED_EDGE('',*,*,#3094,.T.);
#4279=ORIENTED_EDGE('',*,*,#3090,.F.);
#4280=ORIENTED_EDGE('',*,*,#3095,.F.);
#4281=ORIENTED_EDGE('',*,*,#2959,.F.);
#4282=ORIENTED_EDGE('',*,*,#3095,.T.);
#4283=ORIENTED_EDGE('',*,*,#3092,.F.);
#4284=ORIENTED_EDGE('',*,*,#2973,.F.);
#4285=ORIENTED_EDGE('',*,*,#2894,.T.);
#4286=ORIENTED_EDGE('',*,*,#3096,.F.);
#4287=ORIENTED_EDGE('',*,*,#3097,.F.);
#4288=ORIENTED_EDGE('',*,*,#2986,.T.);
#4289=ORIENTED_EDGE('',*,*,#2695,.T.);
#4290=ORIENTED_EDGE('',*,*,#2717,.T.);
#4291=ORIENTED_EDGE('',*,*,#2714,.T.);
#4292=ORIENTED_EDGE('',*,*,#2711,.T.);
#4293=ORIENTED_EDGE('',*,*,#2708,.T.);
#4294=ORIENTED_EDGE('',*,*,#2705,.T.);
#4295=ORIENTED_EDGE('',*,*,#2702,.T.);
#4296=ORIENTED_EDGE('',*,*,#2699,.T.);
#4297=ORIENTED_EDGE('',*,*,#2893,.T.);
#4298=ORIENTED_EDGE('',*,*,#3098,.F.);
#4299=ORIENTED_EDGE('',*,*,#3099,.F.);
#4300=ORIENTED_EDGE('',*,*,#3096,.T.);
#4301=ORIENTED_EDGE('',*,*,#2892,.T.);
#4302=ORIENTED_EDGE('',*,*,#2979,.F.);
#4303=ORIENTED_EDGE('',*,*,#3100,.F.);
#4304=ORIENTED_EDGE('',*,*,#3098,.T.);
#4305=ORIENTED_EDGE('',*,*,#2668,.T.);
#4306=ORIENTED_EDGE('',*,*,#2690,.T.);
#4307=ORIENTED_EDGE('',*,*,#2687,.T.);
#4308=ORIENTED_EDGE('',*,*,#2684,.T.);
#4309=ORIENTED_EDGE('',*,*,#2681,.T.);
#4310=ORIENTED_EDGE('',*,*,#2678,.T.);
#4311=ORIENTED_EDGE('',*,*,#2675,.T.);
#4312=ORIENTED_EDGE('',*,*,#2672,.T.);
#4313=ORIENTED_EDGE('',*,*,#3101,.F.);
#4314=ORIENTED_EDGE('',*,*,#3036,.T.);
#4315=ORIENTED_EDGE('',*,*,#3070,.F.);
#4316=ORIENTED_EDGE('',*,*,#3021,.F.);
#4317=ORIENTED_EDGE('',*,*,#3102,.F.);
#4318=ORIENTED_EDGE('',*,*,#3024,.T.);
#4319=ORIENTED_EDGE('',*,*,#3073,.F.);
#4320=ORIENTED_EDGE('',*,*,#3045,.F.);
#4321=ORIENTED_EDGE('',*,*,#3103,.F.);
#4322=ORIENTED_EDGE('',*,*,#3048,.T.);
#4323=ORIENTED_EDGE('',*,*,#3066,.F.);
#4324=ORIENTED_EDGE('',*,*,#3057,.F.);
#4325=ORIENTED_EDGE('',*,*,#3104,.F.);
#4326=ORIENTED_EDGE('',*,*,#3060,.T.);
#4327=ORIENTED_EDGE('',*,*,#3067,.F.);
#4328=ORIENTED_EDGE('',*,*,#3033,.F.);
#4329=ORIENTED_EDGE('',*,*,#3105,.T.);
#4330=ORIENTED_EDGE('',*,*,#3106,.T.);
#4331=ORIENTED_EDGE('',*,*,#3107,.T.);
#4332=ORIENTED_EDGE('',*,*,#3108,.T.);
#4333=ORIENTED_EDGE('',*,*,#3109,.T.);
#4334=ORIENTED_EDGE('',*,*,#3110,.T.);
#4335=ORIENTED_EDGE('',*,*,#3111,.T.);
#4336=ORIENTED_EDGE('',*,*,#3112,.T.);
#4337=ORIENTED_EDGE('',*,*,#3025,.T.);
#4338=ORIENTED_EDGE('',*,*,#3102,.T.);
#4339=ORIENTED_EDGE('',*,*,#3044,.T.);
#4340=ORIENTED_EDGE('',*,*,#3004,.T.);
#4341=ORIENTED_EDGE('',*,*,#3052,.T.);
#4342=ORIENTED_EDGE('',*,*,#3074,.T.);
#4343=ORIENTED_EDGE('',*,*,#3029,.T.);
#4344=ORIENTED_EDGE('',*,*,#2992,.T.);
#4345=ORIENTED_EDGE('',*,*,#2988,.T.);
#4346=ORIENTED_EDGE('',*,*,#3028,.T.);
#4347=ORIENTED_EDGE('',*,*,#3079,.T.);
#4348=ORIENTED_EDGE('',*,*,#3041,.T.);
#4349=ORIENTED_EDGE('',*,*,#2996,.T.);
#4350=ORIENTED_EDGE('',*,*,#3037,.T.);
#4351=ORIENTED_EDGE('',*,*,#3101,.T.);
#4352=ORIENTED_EDGE('',*,*,#3020,.T.);
#4353=ORIENTED_EDGE('',*,*,#3049,.T.);
#4354=ORIENTED_EDGE('',*,*,#3103,.T.);
#4355=ORIENTED_EDGE('',*,*,#3056,.T.);
#4356=ORIENTED_EDGE('',*,*,#3012,.T.);
#4357=ORIENTED_EDGE('',*,*,#3064,.T.);
#4358=ORIENTED_EDGE('',*,*,#3113,.T.);
#4359=ORIENTED_EDGE('',*,*,#3053,.T.);
#4360=ORIENTED_EDGE('',*,*,#3008,.T.);
#4361=ORIENTED_EDGE('',*,*,#2978,.T.);
#4362=ORIENTED_EDGE('',*,*,#2976,.T.);
#4363=ORIENTED_EDGE('',*,*,#2983,.T.);
#4364=ORIENTED_EDGE('',*,*,#2985,.T.);
#4365=ORIENTED_EDGE('',*,*,#2987,.T.);
#4366=ORIENTED_EDGE('',*,*,#3097,.T.);
#4367=ORIENTED_EDGE('',*,*,#3099,.T.);
#4368=ORIENTED_EDGE('',*,*,#3100,.T.);
#4369=ORIENTED_EDGE('',*,*,#3000,.T.);
#4370=ORIENTED_EDGE('',*,*,#3040,.T.);
#4371=ORIENTED_EDGE('',*,*,#3114,.T.);
#4372=ORIENTED_EDGE('',*,*,#3115,.T.);
#4373=ORIENTED_EDGE('',*,*,#3016,.T.);
#4374=ORIENTED_EDGE('',*,*,#3061,.T.);
#4375=ORIENTED_EDGE('',*,*,#3104,.T.);
#4376=ORIENTED_EDGE('',*,*,#3032,.T.);
#4377=ORIENTED_EDGE('',*,*,#3089,.T.);
#4378=ORIENTED_EDGE('',*,*,#3116,.F.);
#4379=ORIENTED_EDGE('',*,*,#3117,.T.);
#4380=ORIENTED_EDGE('',*,*,#3076,.T.);
#4381=ORIENTED_EDGE('',*,*,#3069,.T.);
#4382=ORIENTED_EDGE('',*,*,#3118,.T.);
#4383=ORIENTED_EDGE('',*,*,#3114,.F.);
#4384=ORIENTED_EDGE('',*,*,#3039,.F.);
#4385=ORIENTED_EDGE('',*,*,#3088,.T.);
#4386=ORIENTED_EDGE('',*,*,#3119,.F.);
#4387=ORIENTED_EDGE('',*,*,#3120,.T.);
#4388=ORIENTED_EDGE('',*,*,#3116,.T.);
#4389=ORIENTED_EDGE('',*,*,#3065,.T.);
#4390=ORIENTED_EDGE('',*,*,#3054,.T.);
#4391=ORIENTED_EDGE('',*,*,#3113,.F.);
#4392=ORIENTED_EDGE('',*,*,#3063,.F.);
#4393=ORIENTED_EDGE('',*,*,#3017,.T.);
#4394=ORIENTED_EDGE('',*,*,#3115,.F.);
#4395=ORIENTED_EDGE('',*,*,#3118,.F.);
#4396=ORIENTED_EDGE('',*,*,#3068,.T.);
#4397=ORIENTED_EDGE('',*,*,#2799,.T.);
#4398=ORIENTED_EDGE('',*,*,#3087,.T.);
#4399=ORIENTED_EDGE('',*,*,#3121,.F.);
#4400=ORIENTED_EDGE('',*,*,#3122,.T.);
#4401=ORIENTED_EDGE('',*,*,#3119,.T.);
#4402=ORIENTED_EDGE('',*,*,#3123,.T.);
#4403=ORIENTED_EDGE('',*,*,#3124,.T.);
#4404=ORIENTED_EDGE('',*,*,#3125,.T.);
#4405=ORIENTED_EDGE('',*,*,#3124,.F.);
#4406=ORIENTED_EDGE('',*,*,#3126,.T.);
#4407=ORIENTED_EDGE('',*,*,#3127,.T.);
#4408=ORIENTED_EDGE('',*,*,#3128,.T.);
#4409=ORIENTED_EDGE('',*,*,#3129,.T.);
#4410=ORIENTED_EDGE('',*,*,#3130,.T.);
#4411=ORIENTED_EDGE('',*,*,#3131,.T.);
#4412=ORIENTED_EDGE('',*,*,#3132,.T.);
#4413=ORIENTED_EDGE('',*,*,#3133,.T.);
#4414=ORIENTED_EDGE('',*,*,#3125,.F.);
#4415=ORIENTED_EDGE('',*,*,#3134,.F.);
#4416=ORIENTED_EDGE('',*,*,#3135,.F.);
#4417=ORIENTED_EDGE('',*,*,#3136,.F.);
#4418=ORIENTED_EDGE('',*,*,#2596,.F.);
#4419=ORIENTED_EDGE('',*,*,#2609,.F.);
#4420=ORIENTED_EDGE('',*,*,#3137,.F.);
#4421=ORIENTED_EDGE('',*,*,#3138,.F.);
#4422=ORIENTED_EDGE('',*,*,#3139,.F.);
#4423=ORIENTED_EDGE('',*,*,#3140,.F.);
#4424=ORIENTED_EDGE('',*,*,#3141,.T.);
#4425=ORIENTED_EDGE('',*,*,#3142,.T.);
#4426=ORIENTED_EDGE('',*,*,#3143,.T.);
#4427=ORIENTED_EDGE('',*,*,#3144,.F.);
#4428=ORIENTED_EDGE('',*,*,#3145,.F.);
#4429=ORIENTED_EDGE('',*,*,#3146,.T.);
#4430=ORIENTED_EDGE('',*,*,#3144,.T.);
#4431=ORIENTED_EDGE('',*,*,#3147,.T.);
#4432=ORIENTED_EDGE('',*,*,#3148,.F.);
#4433=ORIENTED_EDGE('',*,*,#3149,.F.);
#4434=ORIENTED_EDGE('',*,*,#3148,.T.);
#4435=ORIENTED_EDGE('',*,*,#3150,.T.);
#4436=ORIENTED_EDGE('',*,*,#2607,.T.);
#4437=ORIENTED_EDGE('',*,*,#2594,.T.);
#4438=ORIENTED_EDGE('',*,*,#3151,.F.);
#4439=ORIENTED_EDGE('',*,*,#3152,.F.);
#4440=ORIENTED_EDGE('',*,*,#3151,.T.);
#4441=ORIENTED_EDGE('',*,*,#2593,.T.);
#4442=ORIENTED_EDGE('',*,*,#3153,.F.);
#4443=ORIENTED_EDGE('',*,*,#3154,.F.);
#4444=ORIENTED_EDGE('',*,*,#3153,.T.);
#4445=ORIENTED_EDGE('',*,*,#2592,.T.);
#4446=ORIENTED_EDGE('',*,*,#3155,.T.);
#4447=ORIENTED_EDGE('',*,*,#3156,.T.);
#4448=ORIENTED_EDGE('',*,*,#3157,.F.);
#4449=ORIENTED_EDGE('',*,*,#3158,.T.);
#4450=ORIENTED_EDGE('',*,*,#3159,.T.);
#4451=ORIENTED_EDGE('',*,*,#3160,.F.);
#4452=ORIENTED_EDGE('',*,*,#3156,.F.);
#4453=ORIENTED_EDGE('',*,*,#3161,.T.);
#4454=ORIENTED_EDGE('',*,*,#3162,.T.);
#4455=ORIENTED_EDGE('',*,*,#3163,.T.);
#4456=ORIENTED_EDGE('',*,*,#3164,.T.);
#4457=ORIENTED_EDGE('',*,*,#3165,.F.);
#4458=ORIENTED_EDGE('',*,*,#3159,.F.);
#4459=ORIENTED_EDGE('',*,*,#3164,.F.);
#4460=ORIENTED_EDGE('',*,*,#3166,.T.);
#4461=ORIENTED_EDGE('',*,*,#3146,.F.);
#4462=ORIENTED_EDGE('',*,*,#3167,.F.);
#4463=ORIENTED_EDGE('',*,*,#3134,.T.);
#4464=ORIENTED_EDGE('',*,*,#3168,.T.);
#4465=ORIENTED_EDGE('',*,*,#3162,.F.);
#4466=ORIENTED_EDGE('',*,*,#3169,.T.);
#4467=ORIENTED_EDGE('',*,*,#3158,.F.);
#4468=ORIENTED_EDGE('',*,*,#3170,.T.);
#4469=ORIENTED_EDGE('',*,*,#3135,.T.);
#4470=ORIENTED_EDGE('',*,*,#3169,.F.);
#4471=ORIENTED_EDGE('',*,*,#3161,.F.);
#4472=ORIENTED_EDGE('',*,*,#2814,.T.);
#4473=ORIENTED_EDGE('',*,*,#2603,.F.);
#4474=ORIENTED_EDGE('',*,*,#3136,.T.);
#4475=ORIENTED_EDGE('',*,*,#3170,.F.);
#4476=ORIENTED_EDGE('',*,*,#3155,.F.);
#4477=ORIENTED_EDGE('',*,*,#2591,.F.);
#4478=ORIENTED_EDGE('',*,*,#2601,.F.);
#4479=ORIENTED_EDGE('',*,*,#2572,.T.);
#4480=ORIENTED_EDGE('',*,*,#2566,.T.);
#4481=ORIENTED_EDGE('',*,*,#2806,.T.);
#4482=ORIENTED_EDGE('',*,*,#3141,.F.);
#4483=ORIENTED_EDGE('',*,*,#3137,.T.);
#4484=ORIENTED_EDGE('',*,*,#2608,.F.);
#4485=ORIENTED_EDGE('',*,*,#3150,.F.);
#4486=ORIENTED_EDGE('',*,*,#3147,.F.);
#4487=ORIENTED_EDGE('',*,*,#3143,.F.);
#4488=ORIENTED_EDGE('',*,*,#3171,.F.);
#4489=ORIENTED_EDGE('',*,*,#3172,.T.);
#4490=ORIENTED_EDGE('',*,*,#3138,.T.);
#4491=ORIENTED_EDGE('',*,*,#3140,.T.);
#4492=ORIENTED_EDGE('',*,*,#3171,.T.);
#4493=ORIENTED_EDGE('',*,*,#3142,.F.);
#4494=ORIENTED_EDGE('',*,*,#3139,.T.);
#4495=ORIENTED_EDGE('',*,*,#3172,.F.);
#4496=ORIENTED_EDGE('',*,*,#3166,.F.);
#4497=ORIENTED_EDGE('',*,*,#3163,.F.);
#4498=ORIENTED_EDGE('',*,*,#3168,.F.);
#4499=ORIENTED_EDGE('',*,*,#3173,.F.);
#4500=ORIENTED_EDGE('',*,*,#3077,.F.);
#4501=ORIENTED_EDGE('',*,*,#3117,.F.);
#4502=ORIENTED_EDGE('',*,*,#3120,.F.);
#4503=ORIENTED_EDGE('',*,*,#3122,.F.);
#4504=ORIENTED_EDGE('',*,*,#3174,.F.);
#4505=ORIENTED_EDGE('',*,*,#3175,.F.);
#4506=ORIENTED_EDGE('',*,*,#3176,.F.);
#4507=ORIENTED_EDGE('',*,*,#3145,.T.);
#4508=ORIENTED_EDGE('',*,*,#3149,.T.);
#4509=ORIENTED_EDGE('',*,*,#3152,.T.);
#4510=ORIENTED_EDGE('',*,*,#3154,.T.);
#4511=ORIENTED_EDGE('',*,*,#3157,.T.);
#4512=ORIENTED_EDGE('',*,*,#3160,.T.);
#4513=ORIENTED_EDGE('',*,*,#3165,.T.);
#4514=ORIENTED_EDGE('',*,*,#3167,.T.);
#4515=ORIENTED_EDGE('',*,*,#3133,.F.);
#4516=ORIENTED_EDGE('',*,*,#3177,.T.);
#4517=ORIENTED_EDGE('',*,*,#3178,.F.);
#4518=ORIENTED_EDGE('',*,*,#3179,.F.);
#4519=ORIENTED_EDGE('',*,*,#3180,.F.);
#4520=ORIENTED_EDGE('',*,*,#3123,.F.);
#4521=ORIENTED_EDGE('',*,*,#3180,.T.);
#4522=ORIENTED_EDGE('',*,*,#3181,.F.);
#4523=ORIENTED_EDGE('',*,*,#3182,.F.);
#4524=ORIENTED_EDGE('',*,*,#3183,.F.);
#4525=ORIENTED_EDGE('',*,*,#3126,.F.);
#4526=ORIENTED_EDGE('',*,*,#3127,.F.);
#4527=ORIENTED_EDGE('',*,*,#3183,.T.);
#4528=ORIENTED_EDGE('',*,*,#3182,.T.);
#4529=ORIENTED_EDGE('',*,*,#3184,.F.);
#4530=ORIENTED_EDGE('',*,*,#3185,.F.);
#4531=ORIENTED_EDGE('',*,*,#3128,.F.);
#4532=ORIENTED_EDGE('',*,*,#3185,.T.);
#4533=ORIENTED_EDGE('',*,*,#3186,.F.);
#4534=ORIENTED_EDGE('',*,*,#3187,.F.);
#4535=ORIENTED_EDGE('',*,*,#3129,.F.);
#4536=ORIENTED_EDGE('',*,*,#3187,.T.);
#4537=ORIENTED_EDGE('',*,*,#3188,.F.);
#4538=ORIENTED_EDGE('',*,*,#3189,.F.);
#4539=ORIENTED_EDGE('',*,*,#3190,.F.);
#4540=ORIENTED_EDGE('',*,*,#3130,.F.);
#4541=ORIENTED_EDGE('',*,*,#3190,.T.);
#4542=ORIENTED_EDGE('',*,*,#3189,.T.);
#4543=ORIENTED_EDGE('',*,*,#3191,.F.);
#4544=ORIENTED_EDGE('',*,*,#3192,.F.);
#4545=ORIENTED_EDGE('',*,*,#3131,.F.);
#4546=ORIENTED_EDGE('',*,*,#3192,.T.);
#4547=ORIENTED_EDGE('',*,*,#3193,.F.);
#4548=ORIENTED_EDGE('',*,*,#3194,.F.);
#4549=ORIENTED_EDGE('',*,*,#3195,.F.);
#4550=ORIENTED_EDGE('',*,*,#3132,.F.);
#4551=ORIENTED_EDGE('',*,*,#3195,.T.);
#4552=ORIENTED_EDGE('',*,*,#3196,.F.);
#4553=ORIENTED_EDGE('',*,*,#3177,.F.);
#4554=ORIENTED_EDGE('',*,*,#3083,.T.);
#4555=ORIENTED_EDGE('',*,*,#3078,.F.);
#4556=ORIENTED_EDGE('',*,*,#3173,.T.);
#4557=ORIENTED_EDGE('',*,*,#3197,.T.);
#4558=ORIENTED_EDGE('',*,*,#3086,.T.);
#4559=ORIENTED_EDGE('',*,*,#3198,.F.);
#4560=ORIENTED_EDGE('',*,*,#3174,.T.);
#4561=ORIENTED_EDGE('',*,*,#3121,.T.);
#4562=ORIENTED_EDGE('',*,*,#2617,.T.);
#4563=ORIENTED_EDGE('',*,*,#2621,.T.);
#4564=ORIENTED_EDGE('',*,*,#2624,.T.);
#4565=ORIENTED_EDGE('',*,*,#2627,.T.);
#4566=ORIENTED_EDGE('',*,*,#3085,.T.);
#4567=ORIENTED_EDGE('',*,*,#3199,.F.);
#4568=ORIENTED_EDGE('',*,*,#2665,.F.);
#4569=ORIENTED_EDGE('',*,*,#3200,.F.);
#4570=ORIENTED_EDGE('',*,*,#3175,.T.);
#4571=ORIENTED_EDGE('',*,*,#3198,.T.);
#4572=ORIENTED_EDGE('',*,*,#2667,.T.);
#4573=ORIENTED_EDGE('',*,*,#3199,.T.);
#4574=ORIENTED_EDGE('',*,*,#3084,.T.);
#4575=ORIENTED_EDGE('',*,*,#3197,.F.);
#4576=ORIENTED_EDGE('',*,*,#3176,.T.);
#4577=ORIENTED_EDGE('',*,*,#3200,.T.);
#4578=ORIENTED_EDGE('',*,*,#2663,.T.);
#4579=ORIENTED_EDGE('',*,*,#2660,.T.);
#4580=ORIENTED_EDGE('',*,*,#3181,.T.);
#4581=ORIENTED_EDGE('',*,*,#3201,.T.);
#4582=ORIENTED_EDGE('',*,*,#3112,.F.);
#4583=ORIENTED_EDGE('',*,*,#3202,.F.);
#4584=ORIENTED_EDGE('',*,*,#2790,.T.);
#4585=ORIENTED_EDGE('',*,*,#3184,.T.);
#4586=ORIENTED_EDGE('',*,*,#3202,.T.);
#4587=ORIENTED_EDGE('',*,*,#3111,.F.);
#4588=ORIENTED_EDGE('',*,*,#3203,.F.);
#4589=ORIENTED_EDGE('',*,*,#3186,.T.);
#4590=ORIENTED_EDGE('',*,*,#3203,.T.);
#4591=ORIENTED_EDGE('',*,*,#3110,.F.);
#4592=ORIENTED_EDGE('',*,*,#3204,.F.);
#4593=ORIENTED_EDGE('',*,*,#2641,.T.);
#4594=ORIENTED_EDGE('',*,*,#2651,.T.);
#4595=ORIENTED_EDGE('',*,*,#2648,.T.);
#4596=ORIENTED_EDGE('',*,*,#2645,.T.);
#4597=ORIENTED_EDGE('',*,*,#2786,.T.);
#4598=ORIENTED_EDGE('',*,*,#3188,.T.);
#4599=ORIENTED_EDGE('',*,*,#3204,.T.);
#4600=ORIENTED_EDGE('',*,*,#3109,.F.);
#4601=ORIENTED_EDGE('',*,*,#3205,.F.);
#4602=ORIENTED_EDGE('',*,*,#3191,.T.);
#4603=ORIENTED_EDGE('',*,*,#3205,.T.);
#4604=ORIENTED_EDGE('',*,*,#3108,.F.);
#4605=ORIENTED_EDGE('',*,*,#3206,.F.);
#4606=ORIENTED_EDGE('',*,*,#2780,.T.);
#4607=ORIENTED_EDGE('',*,*,#3194,.T.);
#4608=ORIENTED_EDGE('',*,*,#3193,.T.);
#4609=ORIENTED_EDGE('',*,*,#3206,.T.);
#4610=ORIENTED_EDGE('',*,*,#3107,.F.);
#4611=ORIENTED_EDGE('',*,*,#3207,.F.);
#4612=ORIENTED_EDGE('',*,*,#3196,.T.);
#4613=ORIENTED_EDGE('',*,*,#3207,.T.);
#4614=ORIENTED_EDGE('',*,*,#3106,.F.);
#4615=ORIENTED_EDGE('',*,*,#3208,.F.);
#4616=ORIENTED_EDGE('',*,*,#2749,.T.);
#4617=ORIENTED_EDGE('',*,*,#3179,.T.);
#4618=ORIENTED_EDGE('',*,*,#3178,.T.);
#4619=ORIENTED_EDGE('',*,*,#3208,.T.);
#4620=ORIENTED_EDGE('',*,*,#3105,.F.);
#4621=ORIENTED_EDGE('',*,*,#3201,.F.);
#4622=ORIENTED_EDGE('',*,*,#3209,.T.);
#4623=ORIENTED_EDGE('',*,*,#3210,.F.);
#4624=ORIENTED_EDGE('',*,*,#3211,.T.);
#4625=ORIENTED_EDGE('',*,*,#3210,.T.);
#4626=ORIENTED_EDGE('',*,*,#3211,.F.);
#4627=ORIENTED_EDGE('',*,*,#3209,.F.);
#4628=PLANE('',#5056);
#4629=PLANE('',#5087);
#4630=PLANE('',#5089);
#4631=PLANE('',#5090);
#4632=PLANE('',#5091);
#4633=PLANE('',#5092);
#4634=PLANE('',#5093);
#4635=PLANE('',#5097);
#4636=PLANE('',#5101);
#4637=PLANE('',#5106);
#4638=PLANE('',#5109);
#4639=PLANE('',#5113);
#4640=PLANE('',#5117);
#4641=PLANE('',#5118);
#4642=PLANE('',#5122);
#4643=PLANE('',#5123);
#4644=PLANE('',#5124);
#4645=PLANE('',#5125);
#4646=PLANE('',#5126);
#4647=PLANE('',#5127);
#4648=PLANE('',#5128);
#4649=PLANE('',#5129);
#4650=PLANE('',#5130);
#4651=PLANE('',#5131);
#4652=PLANE('',#5132);
#4653=PLANE('',#5133);
#4654=PLANE('',#5134);
#4655=PLANE('',#5135);
#4656=PLANE('',#5139);
#4657=PLANE('',#5140);
#4658=PLANE('',#5141);
#4659=PLANE('',#5142);
#4660=PLANE('',#5143);
#4661=PLANE('',#5144);
#4662=PLANE('',#5145);
#4663=PLANE('',#5146);
#4664=PLANE('',#5147);
#4665=PLANE('',#5151);
#4666=PLANE('',#5152);
#4667=PLANE('',#5153);
#4668=PLANE('',#5154);
#4669=PLANE('',#5155);
#4670=PLANE('',#5156);
#4671=PLANE('',#5157);
#4672=PLANE('',#5158);
#4673=PLANE('',#5159);
#4674=PLANE('',#5166);
#4675=PLANE('',#5168);
#4676=PLANE('',#5169);
#4677=PLANE('',#5170);
#4678=PLANE('',#5171);
#4679=PLANE('',#5172);
#4680=PLANE('',#5173);
#4681=PLANE('',#5174);
#4682=PLANE('',#5175);
#4683=PLANE('',#5176);
#4684=PLANE('',#5183);
#4685=PLANE('',#5190);
#4686=PLANE('',#5195);
#4687=PLANE('',#5205);
#4688=PLANE('',#5206);
#4689=PLANE('',#5207);
#4690=PLANE('',#5208);
#4691=PLANE('',#5209);
#4692=PLANE('',#5210);
#4693=PLANE('',#5211);
#4694=PLANE('',#5212);
#4695=PLANE('',#5213);
#4696=PLANE('',#5232);
#4697=PLANE('',#5235);
#4698=PLANE('',#5236);
#4699=PLANE('',#5259);
#4700=PLANE('',#5262);
#4701=PLANE('',#5263);
#4702=PLANE('',#5282);
#4703=PLANE('',#5297);
#4704=PLANE('',#5299);
#4705=PLANE('',#5302);
#4706=PLANE('',#5304);
#4707=PLANE('',#5306);
#4708=PLANE('',#5308);
#4709=PLANE('',#5310);
#4710=PLANE('',#5312);
#4711=PLANE('',#5322);
#4712=PLANE('',#5325);
#4713=PLANE('',#5328);
#4714=PLANE('',#5335);
#4715=PLANE('',#5338);
#4716=PLANE('',#5339);
#4717=PLANE('',#5340);
#4718=PLANE('',#5341);
#4719=PLANE('',#5342);
#4720=PLANE('',#5343);
#4721=PLANE('',#5344);
#4722=PLANE('',#5345);
#4723=PLANE('',#5346);
#4724=PLANE('',#5347);
#4725=PLANE('',#5348);
#4726=PLANE('',#5349);
#4727=PLANE('',#5350);
#4728=PLANE('',#5351);
#4729=PLANE('',#5352);
#4730=PLANE('',#5353);
#4731=PLANE('',#5354);
#4732=PLANE('',#5355);
#4733=PLANE('',#5356);
#4734=PLANE('',#5357);
#4735=PLANE('',#5358);
#4736=PLANE('',#5359);
#4737=PLANE('',#5360);
#4738=PLANE('',#5361);
#4739=PLANE('',#5364);
#4740=PLANE('',#5367);
#4741=PLANE('',#5370);
#4742=PLANE('',#5375);
#4743=PLANE('',#5381);
#4744=PLANE('',#5387);
#4745=PLANE('',#5388);
#4746=PLANE('',#5390);
#4747=PLANE('',#5391);
#4748=PLANE('',#5394);
#4749=PLANE('',#5403);
#4750=PLANE('',#5413);
#4751=PLANE('',#5415);
#4752=PLANE('',#5429);
#4753=PLANE('',#5442);
#4754=PLANE('',#5452);
#4755=PLANE('',#5454);
#4756=PLANE('',#5455);
#4757=PLANE('',#5457);
#4758=PLANE('',#5459);
#4759=PLANE('',#5461);
#4760=PLANE('',#5463);
#4761=PLANE('',#5464);
#4762=ADVANCED_FACE('',(#453,#387),#4628,.T.);
#4763=ADVANCED_FACE('',(#454),#295,.F.);
#4764=ADVANCED_FACE('',(#455),#296,.F.);
#4765=ADVANCED_FACE('',(#456),#297,.F.);
#4766=ADVANCED_FACE('',(#457),#298,.F.);
#4767=ADVANCED_FACE('',(#458),#299,.F.);
#4768=ADVANCED_FACE('',(#459),#300,.F.);
#4769=ADVANCED_FACE('',(#460),#301,.F.);
#4770=ADVANCED_FACE('',(#461),#302,.F.);
#4771=ADVANCED_FACE('',(#462),#303,.F.);
#4772=ADVANCED_FACE('',(#463),#304,.F.);
#4773=ADVANCED_FACE('',(#464,#388),#305,.F.);
#4774=ADVANCED_FACE('',(#465,#389),#4629,.T.);
#4775=ADVANCED_FACE('',(#466),#4630,.F.);
#4776=ADVANCED_FACE('',(#467),#4631,.F.);
#4777=ADVANCED_FACE('',(#468,#390),#136,.T.);
#4778=ADVANCED_FACE('',(#469),#137,.F.);
#4779=ADVANCED_FACE('',(#470),#138,.F.);
#4780=ADVANCED_FACE('',(#471),#4632,.T.);
#4781=ADVANCED_FACE('',(#472,#391,#392),#139,.T.);
#4782=ADVANCED_FACE('',(#473),#4633,.T.);
#4783=ADVANCED_FACE('',(#474),#4634,.T.);
#4784=ADVANCED_FACE('',(#475),#306,.T.);
#4785=ADVANCED_FACE('',(#476),#4635,.T.);
#4786=ADVANCED_FACE('',(#477),#307,.T.);
#4787=ADVANCED_FACE('',(#478,#393),#4636,.T.);
#4788=ADVANCED_FACE('',(#479),#308,.F.);
#4789=ADVANCED_FACE('',(#480),#4637,.F.);
#4790=ADVANCED_FACE('',(#481),#309,.F.);
#4791=ADVANCED_FACE('',(#482),#4638,.F.);
#4792=ADVANCED_FACE('',(#483),#310,.F.);
#4793=ADVANCED_FACE('',(#484),#4639,.F.);
#4794=ADVANCED_FACE('',(#485),#311,.F.);
#4795=ADVANCED_FACE('',(#486),#4640,.F.);
#4796=ADVANCED_FACE('',(#487,#394),#4641,.T.);
#4797=ADVANCED_FACE('',(#488),#312,.F.);
#4798=ADVANCED_FACE('',(#489),#4642,.T.);
#4799=ADVANCED_FACE('',(#490),#4643,.T.);
#4800=ADVANCED_FACE('',(#491,#395),#4644,.T.);
#4801=ADVANCED_FACE('',(#492),#4645,.T.);
#4802=ADVANCED_FACE('',(#493,#396),#4646,.T.);
#4803=ADVANCED_FACE('',(#494),#4647,.F.);
#4804=ADVANCED_FACE('',(#495),#4648,.F.);
#4805=ADVANCED_FACE('',(#496),#4649,.F.);
#4806=ADVANCED_FACE('',(#497),#4650,.F.);
#4807=ADVANCED_FACE('',(#498),#4651,.F.);
#4808=ADVANCED_FACE('',(#499),#4652,.F.);
#4809=ADVANCED_FACE('',(#500),#4653,.F.);
#4810=ADVANCED_FACE('',(#501),#4654,.F.);
#4811=ADVANCED_FACE('',(#502,#397),#4655,.F.);
#4812=ADVANCED_FACE('',(#503),#313,.F.);
#4813=ADVANCED_FACE('',(#504),#4656,.F.);
#4814=ADVANCED_FACE('',(#505),#4657,.F.);
#4815=ADVANCED_FACE('',(#506),#4658,.F.);
#4816=ADVANCED_FACE('',(#507),#4659,.F.);
#4817=ADVANCED_FACE('',(#508),#4660,.F.);
#4818=ADVANCED_FACE('',(#509),#4661,.F.);
#4819=ADVANCED_FACE('',(#510),#4662,.F.);
#4820=ADVANCED_FACE('',(#511),#4663,.F.);
#4821=ADVANCED_FACE('',(#512,#398),#4664,.T.);
#4822=ADVANCED_FACE('',(#513),#314,.F.);
#4823=ADVANCED_FACE('',(#514),#4665,.F.);
#4824=ADVANCED_FACE('',(#515),#4666,.F.);
#4825=ADVANCED_FACE('',(#516),#4667,.F.);
#4826=ADVANCED_FACE('',(#517),#4668,.F.);
#4827=ADVANCED_FACE('',(#518),#4669,.F.);
#4828=ADVANCED_FACE('',(#519),#4670,.F.);
#4829=ADVANCED_FACE('',(#520),#4671,.F.);
#4830=ADVANCED_FACE('',(#521),#4672,.F.);
#4831=ADVANCED_FACE('',(#522,#399),#4673,.F.);
#4832=ADVANCED_FACE('',(#523),#315,.F.);
#4833=ADVANCED_FACE('',(#524),#316,.F.);
#4834=ADVANCED_FACE('',(#525,#400),#4674,.T.);
#4835=ADVANCED_FACE('',(#526),#4675,.F.);
#4836=ADVANCED_FACE('',(#527),#4676,.F.);
#4837=ADVANCED_FACE('',(#528),#4677,.F.);
#4838=ADVANCED_FACE('',(#529),#4678,.F.);
#4839=ADVANCED_FACE('',(#530),#4679,.F.);
#4840=ADVANCED_FACE('',(#531),#4680,.F.);
#4841=ADVANCED_FACE('',(#532),#4681,.F.);
#4842=ADVANCED_FACE('',(#533),#4682,.F.);
#4843=ADVANCED_FACE('',(#534,#401),#4683,.F.);
#4844=ADVANCED_FACE('',(#535),#317,.F.);
#4845=ADVANCED_FACE('',(#536),#318,.F.);
#4846=ADVANCED_FACE('',(#537,#402),#4684,.T.);
#4847=ADVANCED_FACE('',(#538),#319,.F.);
#4848=ADVANCED_FACE('',(#539),#320,.F.);
#4849=ADVANCED_FACE('',(#540,#403),#4685,.T.);
#4850=ADVANCED_FACE('',(#541),#321,.F.);
#4851=ADVANCED_FACE('',(#542,#404),#4686,.T.);
#4852=ADVANCED_FACE('',(#543),#322,.F.);
#4853=ADVANCED_FACE('',(#544),#323,.F.);
#4854=ADVANCED_FACE('',(#545),#324,.F.);
#4855=ADVANCED_FACE('',(#546),#325,.F.);
#4856=ADVANCED_FACE('',(#547),#4687,.T.);
#4857=ADVANCED_FACE('',(#548),#4688,.T.);
#4858=ADVANCED_FACE('',(#549),#4689,.T.);
#4859=ADVANCED_FACE('',(#550),#4690,.T.);
#4860=ADVANCED_FACE('',(#551,#405),#4691,.T.);
#4861=ADVANCED_FACE('',(#552),#4692,.T.);
#4862=ADVANCED_FACE('',(#553),#4693,.T.);
#4863=ADVANCED_FACE('',(#554),#4694,.T.);
#4864=ADVANCED_FACE('',(#555),#4695,.T.);
#4865=ADVANCED_FACE('',(#556),#326,.T.);
#4866=ADVANCED_FACE('',(#557),#113,.T.);
#4867=ADVANCED_FACE('',(#558),#327,.T.);
#4868=ADVANCED_FACE('',(#559),#328,.T.);
#4869=ADVANCED_FACE('',(#560),#114,.T.);
#4870=ADVANCED_FACE('',(#561),#329,.T.);
#4871=ADVANCED_FACE('',(#562),#115,.T.);
#4872=ADVANCED_FACE('',(#563),#116,.T.);
#4873=ADVANCED_FACE('',(#564),#330,.T.);
#4874=ADVANCED_FACE('',(#565),#4696,.F.);
#4875=ADVANCED_FACE('',(#566),#331,.T.);
#4876=ADVANCED_FACE('',(#567),#4697,.F.);
#4877=ADVANCED_FACE('',(#568,#406),#4698,.F.);
#4878=ADVANCED_FACE('',(#569),#332,.T.);
#4879=ADVANCED_FACE('',(#570),#333,.T.);
#4880=ADVANCED_FACE('',(#571),#117,.T.);
#4881=ADVANCED_FACE('',(#572),#334,.T.);
#4882=ADVANCED_FACE('',(#573),#118,.T.);
#4883=ADVANCED_FACE('',(#574),#335,.T.);
#4884=ADVANCED_FACE('',(#575),#119,.T.);
#4885=ADVANCED_FACE('',(#576),#120,.T.);
#4886=ADVANCED_FACE('',(#577),#336,.F.);
#4887=ADVANCED_FACE('',(#578),#4699,.F.);
#4888=ADVANCED_FACE('',(#579),#337,.F.);
#4889=ADVANCED_FACE('',(#580),#4700,.F.);
#4890=ADVANCED_FACE('',(#581,#407,#408,#409,#410,#411,#412,#413,#414,#415,
#416,#417),#4701,.F.);
#4891=ADVANCED_FACE('',(#582),#121,.F.);
#4892=ADVANCED_FACE('',(#583),#338,.F.);
#4893=ADVANCED_FACE('',(#584),#122,.F.);
#4894=ADVANCED_FACE('',(#585),#339,.F.);
#4895=ADVANCED_FACE('',(#586),#123,.F.);
#4896=ADVANCED_FACE('',(#587),#340,.F.);
#4897=ADVANCED_FACE('',(#588),#124,.F.);
#4898=ADVANCED_FACE('',(#589),#341,.F.);
#4899=ADVANCED_FACE('',(#590,#418),#4702,.T.);
#4900=ADVANCED_FACE('',(#591),#125,.F.);
#4901=ADVANCED_FACE('',(#592),#342,.F.);
#4902=ADVANCED_FACE('',(#593),#126,.F.);
#4903=ADVANCED_FACE('',(#594),#343,.F.);
#4904=ADVANCED_FACE('',(#595),#127,.F.);
#4905=ADVANCED_FACE('',(#596),#344,.F.);
#4906=ADVANCED_FACE('',(#597),#128,.F.);
#4907=ADVANCED_FACE('',(#598),#345,.F.);
#4908=ADVANCED_FACE('',(#599),#4703,.F.);
#4909=ADVANCED_FACE('',(#600),#346,.T.);
#4910=ADVANCED_FACE('',(#601),#4704,.F.);
#4911=ADVANCED_FACE('',(#602),#347,.T.);
#4912=ADVANCED_FACE('',(#603),#348,.F.);
#4913=ADVANCED_FACE('',(#604),#4705,.T.);
#4914=ADVANCED_FACE('',(#605),#349,.F.);
#4915=ADVANCED_FACE('',(#606),#4706,.T.);
#4916=ADVANCED_FACE('',(#607),#350,.F.);
#4917=ADVANCED_FACE('',(#608),#4707,.T.);
#4918=ADVANCED_FACE('',(#609),#351,.F.);
#4919=ADVANCED_FACE('',(#610),#4708,.T.);
#4920=ADVANCED_FACE('',(#611),#352,.F.);
#4921=ADVANCED_FACE('',(#612),#4709,.F.);
#4922=ADVANCED_FACE('',(#613),#353,.F.);
#4923=ADVANCED_FACE('',(#614),#4710,.F.);
#4924=ADVANCED_FACE('',(#615,#419,#420),#354,.F.);
#4925=ADVANCED_FACE('',(#616,#421),#129,.F.);
#4926=ADVANCED_FACE('',(#617,#422,#423),#355,.F.);
#4927=ADVANCED_FACE('',(#618,#424),#356,.F.);
#4928=ADVANCED_FACE('',(#619,#425),#130,.F.);
#4929=ADVANCED_FACE('',(#620,#426),#131,.F.);
#4930=ADVANCED_FACE('',(#621),#4711,.T.);
#4931=ADVANCED_FACE('',(#622),#357,.F.);
#4932=ADVANCED_FACE('',(#623),#4712,.T.);
#4933=ADVANCED_FACE('',(#624),#358,.F.);
#4934=ADVANCED_FACE('',(#625,#427),#4713,.T.);
#4935=ADVANCED_FACE('',(#626),#359,.F.);
#4936=ADVANCED_FACE('',(#627),#360,.F.);
#4937=ADVANCED_FACE('',(#628),#361,.F.);
#4938=ADVANCED_FACE('',(#629,#428),#4714,.T.);
#4939=ADVANCED_FACE('',(#630),#362,.F.);
#4940=ADVANCED_FACE('',(#631),#4715,.T.);
#4941=ADVANCED_FACE('',(#632),#4716,.T.);
#4942=ADVANCED_FACE('',(#633),#4717,.T.);
#4943=ADVANCED_FACE('',(#634),#4718,.T.);
#4944=ADVANCED_FACE('',(#635),#4719,.T.);
#4945=ADVANCED_FACE('',(#636),#4720,.T.);
#4946=ADVANCED_FACE('',(#637),#4721,.T.);
#4947=ADVANCED_FACE('',(#638),#4722,.T.);
#4948=ADVANCED_FACE('',(#639),#4723,.T.);
#4949=ADVANCED_FACE('',(#640,#429),#4724,.T.);
#4950=ADVANCED_FACE('',(#641),#4725,.T.);
#4951=ADVANCED_FACE('',(#642,#430),#4726,.T.);
#4952=ADVANCED_FACE('',(#643),#4727,.T.);
#4953=ADVANCED_FACE('',(#644,#431),#4728,.T.);
#4954=ADVANCED_FACE('',(#645),#4729,.T.);
#4955=ADVANCED_FACE('',(#646,#432),#4730,.T.);
#4956=ADVANCED_FACE('',(#647),#4731,.T.);
#4957=ADVANCED_FACE('',(#648,#433),#4732,.T.);
#4958=ADVANCED_FACE('',(#649),#4733,.T.);
#4959=ADVANCED_FACE('',(#650,#434),#4734,.T.);
#4960=ADVANCED_FACE('',(#651),#4735,.T.);
#4961=ADVANCED_FACE('',(#652,#435),#4736,.T.);
#4962=ADVANCED_FACE('',(#653),#4737,.T.);
#4963=ADVANCED_FACE('',(#654),#4738,.F.);
#4964=ADVANCED_FACE('',(#655),#4739,.F.);
#4965=ADVANCED_FACE('',(#656),#4740,.F.);
#4966=ADVANCED_FACE('',(#657),#4741,.F.);
#4967=ADVANCED_FACE('',(#658),#363,.F.);
#4968=ADVANCED_FACE('',(#659),#4742,.T.);
#4969=ADVANCED_FACE('',(#660),#364,.F.);
#4970=ADVANCED_FACE('',(#661),#365,.F.);
#4971=ADVANCED_FACE('',(#662,#436),#4743,.T.);
#4972=ADVANCED_FACE('',(#663),#4744,.F.);
#4973=ADVANCED_FACE('',(#664),#4745,.T.);
#4974=ADVANCED_FACE('',(#665),#366,.F.);
#4975=ADVANCED_FACE('',(#666),#4746,.T.);
#4976=ADVANCED_FACE('',(#667,#437),#4747,.T.);
#4977=ADVANCED_FACE('',(#668),#367,.F.);
#4978=ADVANCED_FACE('',(#669,#438),#4748,.T.);
#4979=ADVANCED_FACE('',(#670),#368,.T.);
#4980=ADVANCED_FACE('',(#671),#369,.T.);
#4981=ADVANCED_FACE('',(#672),#370,.T.);
#4982=ADVANCED_FACE('',(#673),#371,.T.);
#4983=ADVANCED_FACE('',(#674,#439,#440,#441,#442,#443),#4749,.T.);
#4984=ADVANCED_FACE('',(#675),#372,.F.);
#4985=ADVANCED_FACE('',(#676),#373,.F.);
#4986=ADVANCED_FACE('',(#677),#4750,.T.);
#4987=ADVANCED_FACE('',(#678),#374,.F.);
#4988=ADVANCED_FACE('',(#679,#444),#4751,.T.);
#4989=ADVANCED_FACE('',(#680),#375,.F.);
#4990=ADVANCED_FACE('',(#681),#376,.F.);
#4991=ADVANCED_FACE('',(#682,#445),#4752,.T.);
#4992=ADVANCED_FACE('',(#683),#140,.F.);
#4993=ADVANCED_FACE('',(#684),#377,.T.);
#4994=ADVANCED_FACE('',(#685),#132,.T.);
#4995=ADVANCED_FACE('',(#686),#378,.T.);
#4996=ADVANCED_FACE('',(#687),#133,.T.);
#4997=ADVANCED_FACE('',(#688),#379,.T.);
#4998=ADVANCED_FACE('',(#689),#134,.T.);
#4999=ADVANCED_FACE('',(#690),#380,.T.);
#5000=ADVANCED_FACE('',(#691),#135,.T.);
#5001=ADVANCED_FACE('',(#692),#141,.T.);
#5002=ADVANCED_FACE('',(#693),#142,.T.);
#5003=ADVANCED_FACE('',(#694),#143,.T.);
#5004=ADVANCED_FACE('',(#695),#144,.T.);
#5005=ADVANCED_FACE('',(#696),#145,.T.);
#5006=ADVANCED_FACE('',(#697),#146,.T.);
#5007=ADVANCED_FACE('',(#698,#446),#4753,.T.);
#5008=ADVANCED_FACE('',(#699),#147,.F.);
#5009=ADVANCED_FACE('',(#700),#148,.F.);
#5010=ADVANCED_FACE('',(#701),#149,.F.);
#5011=ADVANCED_FACE('',(#702),#150,.F.);
#5012=ADVANCED_FACE('',(#703),#151,.F.);
#5013=ADVANCED_FACE('',(#704),#152,.F.);
#5014=ADVANCED_FACE('',(#705),#153,.F.);
#5015=ADVANCED_FACE('',(#706),#154,.F.);
#5016=ADVANCED_FACE('',(#707),#381,.F.);
#5017=ADVANCED_FACE('',(#708,#447),#4754,.T.);
#5018=ADVANCED_FACE('',(#709),#382,.F.);
#5019=ADVANCED_FACE('',(#710),#4755,.T.);
#5020=ADVANCED_FACE('',(#711,#448),#4756,.T.);
#5021=ADVANCED_FACE('',(#712),#383,.T.);
#5022=ADVANCED_FACE('',(#713,#449,#450),#4757,.T.);
#5023=ADVANCED_FACE('',(#714),#384,.T.);
#5024=ADVANCED_FACE('',(#715,#451),#4758,.T.);
#5025=ADVANCED_FACE('',(#716),#385,.T.);
#5026=ADVANCED_FACE('',(#717,#452),#4759,.T.);
#5027=ADVANCED_FACE('',(#718),#386,.T.);
#5028=ADVANCED_FACE('',(#719),#4760,.T.);
#5029=ADVANCED_FACE('',(#720),#155,.T.);
#5030=ADVANCED_FACE('',(#721),#4761,.T.);
#5031=CLOSED_SHELL('',(#4762,#4763,#4764,#4765,#4766,#4767,#4768,#4769,
#4770,#4771,#4772,#4773,#4774,#4775,#4776,#4777,#4778,#4779,#4780,#4781,
#4782,#4783,#4784,#4785,#4786,#4787,#4788,#4789,#4790,#4791,#4792,#4793,
#4794,#4795,#4796,#4797,#4798,#4799,#4800,#4801,#4802,#4803,#4804,#4805,
#4806,#4807,#4808,#4809,#4810,#4811,#4812,#4813,#4814,#4815,#4816,#4817,
#4818,#4819,#4820,#4821,#4822,#4823,#4824,#4825,#4826,#4827,#4828,#4829,
#4830,#4831,#4832,#4833,#4834,#4835,#4836,#4837,#4838,#4839,#4840,#4841,
#4842,#4843,#4844,#4845,#4846,#4847,#4848,#4849,#4850,#4851,#4852,#4853,
#4854,#4855,#4856,#4857,#4858,#4859,#4860,#4861,#4862,#4863,#4864,#4865,
#4866,#4867,#4868,#4869,#4870,#4871,#4872,#4873,#4874,#4875,#4876,#4877,
#4878,#4879,#4880,#4881,#4882,#4883,#4884,#4885,#4886,#4887,#4888,#4889,
#4890,#4891,#4892,#4893,#4894,#4895,#4896,#4897,#4898,#4899,#4900,#4901,
#4902,#4903,#4904,#4905,#4906,#4907,#4908,#4909,#4910,#4911,#4912,#4913,
#4914,#4915,#4916,#4917,#4918,#4919,#4920,#4921,#4922,#4923,#4924,#4925,
#4926,#4927,#4928,#4929,#4930,#4931,#4932,#4933,#4934,#4935,#4936,#4937,
#4938,#4939,#4940,#4941,#4942,#4943,#4944,#4945,#4946,#4947,#4948,#4949,
#4950,#4951,#4952,#4953,#4954,#4955,#4956,#4957,#4958,#4959,#4960,#4961,
#4962,#4963,#4964,#4965,#4966,#4967,#4968,#4969,#4970,#4971,#4972,#4973,
#4974,#4975,#4976,#4977,#4978,#4979,#4980,#4981,#4982,#4983,#4984,#4985,
#4986,#4987,#4988,#4989,#4990,#4991,#4992,#4993,#4994,#4995,#4996,#4997,
#4998,#4999,#5000,#5001,#5002,#5003,#5004,#5005,#5006,#5007,#5008,#5009,
#5010,#5011,#5012,#5013,#5014,#5015,#5016,#5017,#5018,#5019,#5020,#5021,
#5022,#5023,#5024,#5025,#5026,#5027));
#5032=CLOSED_SHELL('',(#5028,#5029,#5030));
#5033=BREP_WITH_VOIDS('Solid3',#5031,(#112));
#5034=DERIVED_UNIT_ELEMENT(#5037,1.);
#5035=DERIVED_UNIT_ELEMENT(#10405,-3.);
#5036=DIMENSIONAL_EXPONENTS(0.,1.,0.,0.,0.,0.,0.);
#5037=(
CONVERSION_BASED_UNIT('gram',#5039)
MASS_UNIT()
NAMED_UNIT(#5036)
);
#5038=(
MASS_UNIT()
NAMED_UNIT(*)
SI_UNIT(.KILO.,.GRAM.)
);
#5039=MASS_MEASURE_WITH_UNIT(MASS_MEASURE(0.001),#5038);
#5040=DERIVED_UNIT((#5034,#5035));
#5041=MEASURE_REPRESENTATION_ITEM('density measure',
POSITIVE_RATIO_MEASURE(1.),#5040);
#5042=PROPERTY_DEFINITION_REPRESENTATION(#5047,#5044);
#5043=PROPERTY_DEFINITION_REPRESENTATION(#5048,#5045);
#5044=REPRESENTATION('material name',(#5046),#10402);
#5045=REPRESENTATION('density',(#5041),#10402);
#5046=DESCRIPTIVE_REPRESENTATION_ITEM('Generic','Generic');
#5047=PROPERTY_DEFINITION('material property','material name',#10412);
#5048=PROPERTY_DEFINITION('material property','density of part',#10412);
#5049=DATE_TIME_ROLE('creation_date');
#5050=APPLIED_DATE_AND_TIME_ASSIGNMENT(#5051,#5049,(#10412));
#5051=DATE_AND_TIME(#5052,#5053);
#5052=CALENDAR_DATE(2026,22,4);
#5053=LOCAL_TIME(0,0,0.,#5054);
#5054=COORDINATED_UNIVERSAL_TIME_OFFSET(0,0,.BEHIND.);
#5055=AXIS2_PLACEMENT_3D('',#6726,#5475,#5476);
#5056=AXIS2_PLACEMENT_3D('',#6727,#5477,#5478);
#5057=AXIS2_PLACEMENT_3D('',#6734,#5481,#5482);
#5058=AXIS2_PLACEMENT_3D('',#6738,#5484,#5485);
#5059=AXIS2_PLACEMENT_3D('',#6741,#5487,#5488);
#5060=AXIS2_PLACEMENT_3D('',#6746,#5490,#5491);
#5061=AXIS2_PLACEMENT_3D('',#6750,#5493,#5494);
#5062=AXIS2_PLACEMENT_3D('',#6754,#5496,#5497);
#5063=AXIS2_PLACEMENT_3D('',#6757,#5499,#5500);
#5064=AXIS2_PLACEMENT_3D('',#6758,#5501,#5502);
#5065=AXIS2_PLACEMENT_3D('',#6760,#5503,#5504);
#5066=AXIS2_PLACEMENT_3D('',#6816,#5506,#5507);
#5067=AXIS2_PLACEMENT_3D('',#6818,#5508,#5509);
#5068=AXIS2_PLACEMENT_3D('',#6862,#5511,#5512);
#5069=AXIS2_PLACEMENT_3D('',#6864,#5513,#5514);
#5070=AXIS2_PLACEMENT_3D('',#6908,#5516,#5517);
#5071=AXIS2_PLACEMENT_3D('',#6910,#5518,#5519);
#5072=AXIS2_PLACEMENT_3D('',#6966,#5521,#5522);
#5073=AXIS2_PLACEMENT_3D('',#6968,#5523,#5524);
#5074=AXIS2_PLACEMENT_3D('',#7009,#5526,#5527);
#5075=AXIS2_PLACEMENT_3D('',#7011,#5528,#5529);
#5076=AXIS2_PLACEMENT_3D('',#7058,#5531,#5532);
#5077=AXIS2_PLACEMENT_3D('',#7060,#5533,#5534);
#5078=AXIS2_PLACEMENT_3D('',#7104,#5536,#5537);
#5079=AXIS2_PLACEMENT_3D('',#7106,#5538,#5539);
#5080=AXIS2_PLACEMENT_3D('',#7152,#5541,#5542);
#5081=AXIS2_PLACEMENT_3D('',#7154,#5543,#5544);
#5082=AXIS2_PLACEMENT_3D('',#7198,#5546,#5547);
#5083=AXIS2_PLACEMENT_3D('',#7200,#5548,#5549);
#5084=AXIS2_PLACEMENT_3D('',#7256,#5551,#5552);
#5085=AXIS2_PLACEMENT_3D('',#7258,#5553,#5554);
#5086=AXIS2_PLACEMENT_3D('',#7292,#5556,#5557);
#5087=AXIS2_PLACEMENT_3D('',#7293,#5558,#5559);
#5088=AXIS2_PLACEMENT_3D('',#7319,#5565,#5566);
#5089=AXIS2_PLACEMENT_3D('',#7320,#5567,#5568);
#5090=AXIS2_PLACEMENT_3D('',#7339,#5571,#5572);
#5091=AXIS2_PLACEMENT_3D('',#7555,#5583,#5584);
#5092=AXIS2_PLACEMENT_3D('',#7755,#5587,#5588);
#5093=AXIS2_PLACEMENT_3D('',#7757,#5590,#5591);
#5094=AXIS2_PLACEMENT_3D('',#7766,#5596,#5597);
#5095=AXIS2_PLACEMENT_3D('',#7768,#5598,#5599);
#5096=AXIS2_PLACEMENT_3D('',#7770,#5600,#5601);
#5097=AXIS2_PLACEMENT_3D('',#7772,#5603,#5604);
#5098=AXIS2_PLACEMENT_3D('',#7778,#5608,#5609);
#5099=AXIS2_PLACEMENT_3D('',#7779,#5610,#5611);
#5100=AXIS2_PLACEMENT_3D('',#7780,#5612,#5613);
#5101=AXIS2_PLACEMENT_3D('',#7781,#5614,#5615);
#5102=AXIS2_PLACEMENT_3D('',#7786,#5617,#5618);
#5103=AXIS2_PLACEMENT_3D('',#7789,#5620,#5621);
#5104=AXIS2_PLACEMENT_3D('',#7790,#5622,#5623);
#5105=AXIS2_PLACEMENT_3D('',#7793,#5624,#5625);
#5106=AXIS2_PLACEMENT_3D('',#7796,#5628,#5629);
#5107=AXIS2_PLACEMENT_3D('',#7800,#5632,#5633);
#5108=AXIS2_PLACEMENT_3D('',#7802,#5634,#5635);
#5109=AXIS2_PLACEMENT_3D('',#7804,#5637,#5638);
#5110=AXIS2_PLACEMENT_3D('',#7806,#5640,#5641);
#5111=AXIS2_PLACEMENT_3D('',#7809,#5642,#5643);
#5112=AXIS2_PLACEMENT_3D('',#7813,#5645,#5646);
#5113=AXIS2_PLACEMENT_3D('',#7815,#5648,#5649);
#5114=AXIS2_PLACEMENT_3D('',#7821,#5653,#5654);
#5115=AXIS2_PLACEMENT_3D('',#7823,#5655,#5656);
#5116=AXIS2_PLACEMENT_3D('',#7826,#5658,#5659);
#5117=AXIS2_PLACEMENT_3D('',#7827,#5660,#5661);
#5118=AXIS2_PLACEMENT_3D('',#7830,#5664,#5665);
#5119=AXIS2_PLACEMENT_3D('',#7831,#5666,#5667);
#5120=AXIS2_PLACEMENT_3D('',#7833,#5668,#5669);
#5121=AXIS2_PLACEMENT_3D('',#7836,#5671,#5672);
#5122=AXIS2_PLACEMENT_3D('',#7837,#5673,#5674);
#5123=AXIS2_PLACEMENT_3D('',#7846,#5679,#5680);
#5124=AXIS2_PLACEMENT_3D('',#7852,#5684,#5685);
#5125=AXIS2_PLACEMENT_3D('',#7856,#5688,#5689);
#5126=AXIS2_PLACEMENT_3D('',#7860,#5692,#5693);
#5127=AXIS2_PLACEMENT_3D('',#7862,#5695,#5696);
#5128=AXIS2_PLACEMENT_3D('',#7871,#5701,#5702);
#5129=AXIS2_PLACEMENT_3D('',#7877,#5706,#5707);
#5130=AXIS2_PLACEMENT_3D('',#7883,#5711,#5712);
#5131=AXIS2_PLACEMENT_3D('',#7889,#5716,#5717);
#5132=AXIS2_PLACEMENT_3D('',#7895,#5721,#5722);
#5133=AXIS2_PLACEMENT_3D('',#7901,#5726,#5727);
#5134=AXIS2_PLACEMENT_3D('',#7907,#5731,#5732);
#5135=AXIS2_PLACEMENT_3D('',#7910,#5735,#5736);
#5136=AXIS2_PLACEMENT_3D('',#7912,#5737,#5738);
#5137=AXIS2_PLACEMENT_3D('',#7913,#5739,#5740);
#5138=AXIS2_PLACEMENT_3D('',#7915,#5741,#5742);
#5139=AXIS2_PLACEMENT_3D('',#7917,#5744,#5745);
#5140=AXIS2_PLACEMENT_3D('',#7926,#5750,#5751);
#5141=AXIS2_PLACEMENT_3D('',#7932,#5755,#5756);
#5142=AXIS2_PLACEMENT_3D('',#7938,#5760,#5761);
#5143=AXIS2_PLACEMENT_3D('',#7944,#5765,#5766);
#5144=AXIS2_PLACEMENT_3D('',#7950,#5770,#5771);
#5145=AXIS2_PLACEMENT_3D('',#7956,#5775,#5776);
#5146=AXIS2_PLACEMENT_3D('',#7962,#5780,#5781);
#5147=AXIS2_PLACEMENT_3D('',#7965,#5784,#5785);
#5148=AXIS2_PLACEMENT_3D('',#7967,#5786,#5787);
#5149=AXIS2_PLACEMENT_3D('',#7968,#5788,#5789);
#5150=AXIS2_PLACEMENT_3D('',#7970,#5790,#5791);
#5151=AXIS2_PLACEMENT_3D('',#7972,#5793,#5794);
#5152=AXIS2_PLACEMENT_3D('',#7981,#5799,#5800);
#5153=AXIS2_PLACEMENT_3D('',#7987,#5804,#5805);
#5154=AXIS2_PLACEMENT_3D('',#7993,#5809,#5810);
#5155=AXIS2_PLACEMENT_3D('',#7999,#5814,#5815);
#5156=AXIS2_PLACEMENT_3D('',#8005,#5819,#5820);
#5157=AXIS2_PLACEMENT_3D('',#8011,#5824,#5825);
#5158=AXIS2_PLACEMENT_3D('',#8017,#5829,#5830);
#5159=AXIS2_PLACEMENT_3D('',#8020,#5833,#5834);
#5160=AXIS2_PLACEMENT_3D('',#8022,#5835,#5836);
#5161=AXIS2_PLACEMENT_3D('',#8023,#5837,#5838);
#5162=AXIS2_PLACEMENT_3D('',#8025,#5839,#5840);
#5163=AXIS2_PLACEMENT_3D('',#8027,#5842,#5843);
#5164=AXIS2_PLACEMENT_3D('',#8029,#5844,#5845);
#5165=AXIS2_PLACEMENT_3D('',#8032,#5847,#5848);
#5166=AXIS2_PLACEMENT_3D('',#8033,#5849,#5850);
#5167=AXIS2_PLACEMENT_3D('',#8035,#5851,#5852);
#5168=AXIS2_PLACEMENT_3D('',#8036,#5853,#5854);
#5169=AXIS2_PLACEMENT_3D('',#8045,#5859,#5860);
#5170=AXIS2_PLACEMENT_3D('',#8051,#5864,#5865);
#5171=AXIS2_PLACEMENT_3D('',#8057,#5869,#5870);
#5172=AXIS2_PLACEMENT_3D('',#8063,#5874,#5875);
#5173=AXIS2_PLACEMENT_3D('',#8069,#5879,#5880);
#5174=AXIS2_PLACEMENT_3D('',#8075,#5884,#5885);
#5175=AXIS2_PLACEMENT_3D('',#8081,#5889,#5890);
#5176=AXIS2_PLACEMENT_3D('',#8084,#5893,#5894);
#5177=AXIS2_PLACEMENT_3D('',#8086,#5895,#5896);
#5178=AXIS2_PLACEMENT_3D('',#8087,#5897,#5898);
#5179=AXIS2_PLACEMENT_3D('',#8089,#5899,#5900);
#5180=AXIS2_PLACEMENT_3D('',#8091,#5902,#5903);
#5181=AXIS2_PLACEMENT_3D('',#8093,#5904,#5905);
#5182=AXIS2_PLACEMENT_3D('',#8096,#5907,#5908);
#5183=AXIS2_PLACEMENT_3D('',#8097,#5909,#5910);
#5184=AXIS2_PLACEMENT_3D('',#8099,#5911,#5912);
#5185=AXIS2_PLACEMENT_3D('',#8100,#5913,#5914);
#5186=AXIS2_PLACEMENT_3D('',#8103,#5916,#5917);
#5187=AXIS2_PLACEMENT_3D('',#8104,#5918,#5919);
#5188=AXIS2_PLACEMENT_3D('',#8106,#5920,#5921);
#5189=AXIS2_PLACEMENT_3D('',#8109,#5923,#5924);
#5190=AXIS2_PLACEMENT_3D('',#8110,#5925,#5926);
#5191=AXIS2_PLACEMENT_3D('',#8112,#5927,#5928);
#5192=AXIS2_PLACEMENT_3D('',#8113,#5929,#5930);
#5193=AXIS2_PLACEMENT_3D('',#8115,#5931,#5932);
#5194=AXIS2_PLACEMENT_3D('',#8118,#5934,#5935);
#5195=AXIS2_PLACEMENT_3D('',#8119,#5936,#5937);
#5196=AXIS2_PLACEMENT_3D('',#8121,#5938,#5939);
#5197=AXIS2_PLACEMENT_3D('',#8122,#5940,#5941);
#5198=AXIS2_PLACEMENT_3D('',#8125,#5943,#5944);
#5199=AXIS2_PLACEMENT_3D('',#8126,#5945,#5946);
#5200=AXIS2_PLACEMENT_3D('',#8129,#5948,#5949);
#5201=AXIS2_PLACEMENT_3D('',#8130,#5950,#5951);
#5202=AXIS2_PLACEMENT_3D('',#8133,#5953,#5954);
#5203=AXIS2_PLACEMENT_3D('',#8134,#5955,#5956);
#5204=AXIS2_PLACEMENT_3D('',#8137,#5958,#5959);
#5205=AXIS2_PLACEMENT_3D('',#8138,#5960,#5961);
#5206=AXIS2_PLACEMENT_3D('',#8144,#5965,#5966);
#5207=AXIS2_PLACEMENT_3D('',#8154,#5970,#5971);
#5208=AXIS2_PLACEMENT_3D('',#8158,#5974,#5975);
#5209=AXIS2_PLACEMENT_3D('',#8161,#5978,#5979);
#5210=AXIS2_PLACEMENT_3D('',#8176,#5981,#5982);
#5211=AXIS2_PLACEMENT_3D('',#8177,#5983,#5984);
#5212=AXIS2_PLACEMENT_3D('',#8179,#5986,#5987);
#5213=AXIS2_PLACEMENT_3D('',#8181,#5989,#5990);
#5214=AXIS2_PLACEMENT_3D('',#8182,#5991,#5992);
#5215=AXIS2_PLACEMENT_3D('',#8213,#5995,#5996);
#5216=AXIS2_PLACEMENT_3D('',#8215,#5997,#5998);
#5217=AXIS2_PLACEMENT_3D('',#8229,#5999,#6000);
#5218=AXIS2_PLACEMENT_3D('',#8230,#6001,#6002);
#5219=AXIS2_PLACEMENT_3D('',#8247,#6005,#6006);
#5220=AXIS2_PLACEMENT_3D('',#8278,#6009,#6010);
#5221=AXIS2_PLACEMENT_3D('',#8280,#6011,#6012);
#5222=AXIS2_PLACEMENT_3D('',#8294,#6013,#6014);
#5223=AXIS2_PLACEMENT_3D('',#8295,#6015,#6016);
#5224=AXIS2_PLACEMENT_3D('',#8312,#6019,#6020);
#5225=AXIS2_PLACEMENT_3D('',#8313,#6021,#6022);
#5226=AXIS2_PLACEMENT_3D('',#8314,#6023,#6024);
#5227=AXIS2_PLACEMENT_3D('',#8315,#6025,#6026);
#5228=AXIS2_PLACEMENT_3D('',#8316,#6027,#6028);
#5229=AXIS2_PLACEMENT_3D('',#8317,#6029,#6030);
#5230=AXIS2_PLACEMENT_3D('',#8318,#6031,#6032);
#5231=AXIS2_PLACEMENT_3D('',#8322,#6034,#6035);
#5232=AXIS2_PLACEMENT_3D('',#8324,#6037,#6038);
#5233=AXIS2_PLACEMENT_3D('',#8328,#6041,#6042);
#5234=AXIS2_PLACEMENT_3D('',#8331,#6044,#6045);
#5235=AXIS2_PLACEMENT_3D('',#8332,#6046,#6047);
#5236=AXIS2_PLACEMENT_3D('',#8336,#6050,#6051);
#5237=AXIS2_PLACEMENT_3D('',#8341,#6053,#6054);
#5238=AXIS2_PLACEMENT_3D('',#8345,#6056,#6057);
#5239=AXIS2_PLACEMENT_3D('',#8349,#6059,#6060);
#5240=AXIS2_PLACEMENT_3D('',#8352,#6062,#6063);
#5241=AXIS2_PLACEMENT_3D('',#8353,#6064,#6065);
#5242=AXIS2_PLACEMENT_3D('',#8388,#6068,#6069);
#5243=AXIS2_PLACEMENT_3D('',#8421,#6072,#6073);
#5244=AXIS2_PLACEMENT_3D('',#8423,#6074,#6075);
#5245=AXIS2_PLACEMENT_3D('',#8439,#6076,#6077);
#5246=AXIS2_PLACEMENT_3D('',#8440,#6078,#6079);
#5247=AXIS2_PLACEMENT_3D('',#8459,#6082,#6083);
#5248=AXIS2_PLACEMENT_3D('',#8461,#6084,#6085);
#5249=AXIS2_PLACEMENT_3D('',#8463,#6086,#6087);
#5250=AXIS2_PLACEMENT_3D('',#8478,#6088,#6089);
#5251=AXIS2_PLACEMENT_3D('',#8497,#6092,#6093);
#5252=AXIS2_PLACEMENT_3D('',#8498,#6094,#6095);
#5253=AXIS2_PLACEMENT_3D('',#8499,#6096,#6097);
#5254=AXIS2_PLACEMENT_3D('',#8500,#6098,#6099);
#5255=AXIS2_PLACEMENT_3D('',#8501,#6100,#6101);
#5256=AXIS2_PLACEMENT_3D('',#8502,#6102,#6103);
#5257=AXIS2_PLACEMENT_3D('',#8503,#6104,#6105);
#5258=AXIS2_PLACEMENT_3D('',#8507,#6107,#6108);
#5259=AXIS2_PLACEMENT_3D('',#8509,#6110,#6111);
#5260=AXIS2_PLACEMENT_3D('',#8513,#6114,#6115);
#5261=AXIS2_PLACEMENT_3D('',#8516,#6117,#6118);
#5262=AXIS2_PLACEMENT_3D('',#8517,#6119,#6120);
#5263=AXIS2_PLACEMENT_3D('',#8521,#6123,#6124);
#5264=AXIS2_PLACEMENT_3D('',#8524,#6125,#6126);
#5265=AXIS2_PLACEMENT_3D('',#8528,#6128,#6129);
#5266=AXIS2_PLACEMENT_3D('',#8532,#6131,#6132);
#5267=AXIS2_PLACEMENT_3D('',#8536,#6134,#6135);
#5268=AXIS2_PLACEMENT_3D('',#8538,#6137,#6138);
#5269=AXIS2_PLACEMENT_3D('',#8541,#6139,#6140);
#5270=AXIS2_PLACEMENT_3D('',#8566,#6141,#6142);
#5271=AXIS2_PLACEMENT_3D('',#8583,#6145,#6146);
#5272=AXIS2_PLACEMENT_3D('',#8585,#6147,#6148);
#5273=AXIS2_PLACEMENT_3D('',#8599,#6149,#6150);
#5274=AXIS2_PLACEMENT_3D('',#8600,#6151,#6152);
#5275=AXIS2_PLACEMENT_3D('',#8617,#6155,#6156);
#5276=AXIS2_PLACEMENT_3D('',#8618,#6157,#6158);
#5277=AXIS2_PLACEMENT_3D('',#8620,#6159,#6160);
#5278=AXIS2_PLACEMENT_3D('',#8633,#6161,#6162);
#5279=AXIS2_PLACEMENT_3D('',#8648,#6164,#6165);
#5280=AXIS2_PLACEMENT_3D('',#8650,#6166,#6167);
#5281=AXIS2_PLACEMENT_3D('',#8663,#6168,#6169);
#5282=AXIS2_PLACEMENT_3D('',#8665,#6171,#6172);
#5283=AXIS2_PLACEMENT_3D('',#8668,#6173,#6174);
#5284=AXIS2_PLACEMENT_3D('',#8672,#6176,#6177);
#5285=AXIS2_PLACEMENT_3D('',#8676,#6179,#6180);
#5286=AXIS2_PLACEMENT_3D('',#8680,#6182,#6183);
#5287=AXIS2_PLACEMENT_3D('',#8682,#6185,#6186);
#5288=AXIS2_PLACEMENT_3D('',#8696,#6187,#6188);
#5289=AXIS2_PLACEMENT_3D('',#8709,#6189,#6190);
#5290=AXIS2_PLACEMENT_3D('',#8722,#6191,#6192);
#5291=AXIS2_PLACEMENT_3D('',#8735,#6193,#6194);
#5292=AXIS2_PLACEMENT_3D('',#8748,#6195,#6196);
#5293=AXIS2_PLACEMENT_3D('',#8761,#6197,#6198);
#5294=AXIS2_PLACEMENT_3D('',#8776,#6200,#6201);
#5295=AXIS2_PLACEMENT_3D('',#8778,#6202,#6203);
#5296=AXIS2_PLACEMENT_3D('',#8791,#6204,#6205);
#5297=AXIS2_PLACEMENT_3D('',#8793,#6207,#6208);
#5298=AXIS2_PLACEMENT_3D('',#8795,#6210,#6211);
#5299=AXIS2_PLACEMENT_3D('',#8797,#6213,#6214);
#5300=AXIS2_PLACEMENT_3D('',#8799,#6216,#6217);
#5301=AXIS2_PLACEMENT_3D('',#8800,#6218,#6219);
#5302=AXIS2_PLACEMENT_3D('',#8803,#6222,#6223);
#5303=AXIS2_PLACEMENT_3D('',#8805,#6225,#6226);
#5304=AXIS2_PLACEMENT_3D('',#8807,#6228,#6229);
#5305=AXIS2_PLACEMENT_3D('',#8809,#6231,#6232);
#5306=AXIS2_PLACEMENT_3D('',#8811,#6234,#6235);
#5307=AXIS2_PLACEMENT_3D('',#8813,#6237,#6238);
#5308=AXIS2_PLACEMENT_3D('',#8815,#6240,#6241);
#5309=AXIS2_PLACEMENT_3D('',#8816,#6242,#6243);
#5310=AXIS2_PLACEMENT_3D('',#8818,#6245,#6246);
#5311=AXIS2_PLACEMENT_3D('',#8820,#6248,#6249);
#5312=AXIS2_PLACEMENT_3D('',#8822,#6251,#6252);
#5313=AXIS2_PLACEMENT_3D('',#8823,#6253,#6254);
#5314=AXIS2_PLACEMENT_3D('',#8859,#6256,#6257);
#5315=AXIS2_PLACEMENT_3D('',#8862,#6258,#6259);
#5316=AXIS2_PLACEMENT_3D('',#8887,#6260,#6261);
#5317=AXIS2_PLACEMENT_3D('',#8902,#6263,#6264);
#5318=AXIS2_PLACEMENT_3D('',#8917,#6266,#6267);
#5319=AXIS2_PLACEMENT_3D('',#8918,#6268,#6269);
#5320=AXIS2_PLACEMENT_3D('',#8919,#6270,#6271);
#5321=AXIS2_PLACEMENT_3D('',#8920,#6272,#6273);
#5322=AXIS2_PLACEMENT_3D('',#8921,#6274,#6275);
#5323=AXIS2_PLACEMENT_3D('',#8929,#6280,#6281);
#5324=AXIS2_PLACEMENT_3D('',#8932,#6283,#6284);
#5325=AXIS2_PLACEMENT_3D('',#8933,#6285,#6286);
#5326=AXIS2_PLACEMENT_3D('',#8937,#6289,#6290);
#5327=AXIS2_PLACEMENT_3D('',#8940,#6292,#6293);
#5328=AXIS2_PLACEMENT_3D('',#8941,#6294,#6295);
#5329=AXIS2_PLACEMENT_3D('',#8947,#6299,#6300);
#5330=AXIS2_PLACEMENT_3D('',#8949,#6301,#6302);
#5331=AXIS2_PLACEMENT_3D('',#8951,#6304,#6305);
#5332=AXIS2_PLACEMENT_3D('',#8953,#6306,#6307);
#5333=AXIS2_PLACEMENT_3D('',#8955,#6309,#6310);
#5334=AXIS2_PLACEMENT_3D('',#8958,#6312,#6313);
#5335=AXIS2_PLACEMENT_3D('',#8959,#6314,#6315);
#5336=AXIS2_PLACEMENT_3D('',#8963,#6318,#6319);
#5337=AXIS2_PLACEMENT_3D('',#8966,#6321,#6322);
#5338=AXIS2_PLACEMENT_3D('',#8967,#6323,#6324);
#5339=AXIS2_PLACEMENT_3D('',#8976,#6329,#6330);
#5340=AXIS2_PLACEMENT_3D('',#8985,#6335,#6336);
#5341=AXIS2_PLACEMENT_3D('',#8994,#6341,#6342);
#5342=AXIS2_PLACEMENT_3D('',#9003,#6347,#6348);
#5343=AXIS2_PLACEMENT_3D('',#9012,#6353,#6354);
#5344=AXIS2_PLACEMENT_3D('',#9021,#6359,#6360);
#5345=AXIS2_PLACEMENT_3D('',#9030,#6365,#6366);
#5346=AXIS2_PLACEMENT_3D('',#9039,#6371,#6372);
#5347=AXIS2_PLACEMENT_3D('',#9045,#6376,#6377);
#5348=AXIS2_PLACEMENT_3D('',#9051,#6381,#6382);
#5349=AXIS2_PLACEMENT_3D('',#9057,#6386,#6387);
#5350=AXIS2_PLACEMENT_3D('',#9063,#6391,#6392);
#5351=AXIS2_PLACEMENT_3D('',#9069,#6396,#6397);
#5352=AXIS2_PLACEMENT_3D('',#9075,#6401,#6402);
#5353=AXIS2_PLACEMENT_3D('',#9081,#6406,#6407);
#5354=AXIS2_PLACEMENT_3D('',#9087,#6411,#6412);
#5355=AXIS2_PLACEMENT_3D('',#9093,#6416,#6417);
#5356=AXIS2_PLACEMENT_3D('',#9099,#6421,#6422);
#5357=AXIS2_PLACEMENT_3D('',#9105,#6426,#6427);
#5358=AXIS2_PLACEMENT_3D('',#9111,#6431,#6432);
#5359=AXIS2_PLACEMENT_3D('',#9117,#6436,#6437);
#5360=AXIS2_PLACEMENT_3D('',#9123,#6441,#6442);
#5361=AXIS2_PLACEMENT_3D('',#9129,#6446,#6447);
#5362=AXIS2_PLACEMENT_3D('',#9130,#6448,#6449);
#5363=AXIS2_PLACEMENT_3D('',#9131,#6450,#6451);
#5364=AXIS2_PLACEMENT_3D('',#9132,#6452,#6453);
#5365=AXIS2_PLACEMENT_3D('',#9133,#6454,#6455);
#5366=AXIS2_PLACEMENT_3D('',#9136,#6457,#6458);
#5367=AXIS2_PLACEMENT_3D('',#9137,#6459,#6460);
#5368=AXIS2_PLACEMENT_3D('',#9138,#6461,#6462);
#5369=AXIS2_PLACEMENT_3D('',#9139,#6463,#6464);
#5370=AXIS2_PLACEMENT_3D('',#9140,#6465,#6466);
#5371=AXIS2_PLACEMENT_3D('',#9141,#6467,#6468);
#5372=AXIS2_PLACEMENT_3D('',#9142,#6469,#6470);
#5373=AXIS2_PLACEMENT_3D('',#9143,#6471,#6472);
#5374=AXIS2_PLACEMENT_3D('',#9144,#6473,#6474);
#5375=AXIS2_PLACEMENT_3D('',#9145,#6475,#6476);
#5376=AXIS2_PLACEMENT_3D('',#9154,#6481,#6482);
#5377=AXIS2_PLACEMENT_3D('',#9155,#6483,#6484);
#5378=AXIS2_PLACEMENT_3D('',#9156,#6485,#6486);
#5379=AXIS2_PLACEMENT_3D('',#9158,#6487,#6488);
#5380=AXIS2_PLACEMENT_3D('',#9160,#6489,#6490);
#5381=AXIS2_PLACEMENT_3D('',#9162,#6492,#6493);
#5382=AXIS2_PLACEMENT_3D('',#9164,#6494,#6495);
#5383=AXIS2_PLACEMENT_3D('',#9168,#6497,#6498);
#5384=AXIS2_PLACEMENT_3D('',#9172,#6500,#6501);
#5385=AXIS2_PLACEMENT_3D('',#9175,#6503,#6504);
#5386=AXIS2_PLACEMENT_3D('',#9178,#6505,#6506);
#5387=AXIS2_PLACEMENT_3D('',#9181,#6509,#6510);
#5388=AXIS2_PLACEMENT_3D('',#9183,#6512,#6513);
#5389=AXIS2_PLACEMENT_3D('',#9185,#6515,#6516);
#5390=AXIS2_PLACEMENT_3D('',#9187,#6518,#6519);
#5391=AXIS2_PLACEMENT_3D('',#9188,#6520,#6521);
#5392=AXIS2_PLACEMENT_3D('',#9192,#6524,#6525);
#5393=AXIS2_PLACEMENT_3D('',#9195,#6527,#6528);
#5394=AXIS2_PLACEMENT_3D('',#9196,#6529,#6530);
#5395=AXIS2_PLACEMENT_3D('',#9198,#6532,#6533);
#5396=AXIS2_PLACEMENT_3D('',#9199,#6534,#6535);
#5397=AXIS2_PLACEMENT_3D('',#9200,#6536,#6537);
#5398=AXIS2_PLACEMENT_3D('',#9201,#6538,#6539);
#5399=AXIS2_PLACEMENT_3D('',#9202,#6540,#6541);
#5400=AXIS2_PLACEMENT_3D('',#9203,#6542,#6543);
#5401=AXIS2_PLACEMENT_3D('',#9204,#6544,#6545);
#5402=AXIS2_PLACEMENT_3D('',#9205,#6546,#6547);
#5403=AXIS2_PLACEMENT_3D('',#9206,#6548,#6549);
#5404=AXIS2_PLACEMENT_3D('',#9209,#6550,#6551);
#5405=AXIS2_PLACEMENT_3D('',#9213,#6553,#6554);
#5406=AXIS2_PLACEMENT_3D('',#9217,#6556,#6557);
#5407=AXIS2_PLACEMENT_3D('',#9221,#6559,#6560);
#5408=AXIS2_PLACEMENT_3D('',#9223,#6562,#6563);
#5409=AXIS2_PLACEMENT_3D('',#9225,#6564,#6565);
#5410=AXIS2_PLACEMENT_3D('',#9227,#6567,#6568);
#5411=AXIS2_PLACEMENT_3D('',#9230,#6570,#6571);
#5412=AXIS2_PLACEMENT_3D('',#9231,#6572,#6573);
#5413=AXIS2_PLACEMENT_3D('',#9233,#6575,#6576);
#5414=AXIS2_PLACEMENT_3D('',#9237,#6579,#6580);
#5415=AXIS2_PLACEMENT_3D('',#9238,#6581,#6582);
#5416=AXIS2_PLACEMENT_3D('',#9239,#6583,#6584);
#5417=AXIS2_PLACEMENT_3D('',#9242,#6586,#6587);
#5418=AXIS2_PLACEMENT_3D('',#9243,#6588,#6589);
#5419=AXIS2_PLACEMENT_3D('',#9246,#6590,#6591);
#5420=AXIS2_PLACEMENT_3D('',#9249,#6593,#6594);
#5421=AXIS2_PLACEMENT_3D('',#9251,#6595,#6596);
#5422=AXIS2_PLACEMENT_3D('',#9253,#6597,#6598);
#5423=AXIS2_PLACEMENT_3D('',#9255,#6599,#6600);
#5424=AXIS2_PLACEMENT_3D('',#9257,#6601,#6602);
#5425=AXIS2_PLACEMENT_3D('',#9259,#6603,#6604);
#5426=AXIS2_PLACEMENT_3D('',#9261,#6605,#6606);
#5427=AXIS2_PLACEMENT_3D('',#9263,#6607,#6608);
#5428=AXIS2_PLACEMENT_3D('',#9264,#6609,#6610);
#5429=AXIS2_PLACEMENT_3D('',#9265,#6611,#6612);
#5430=AXIS2_PLACEMENT_3D('',#9365,#6613,#6614);
#5431=AXIS2_PLACEMENT_3D('',#9408,#6616,#6617);
#5432=AXIS2_PLACEMENT_3D('',#9435,#6618,#6619);
#5433=AXIS2_PLACEMENT_3D('',#9436,#6620,#6621);
#5434=AXIS2_PLACEMENT_3D('',#9455,#6623,#6624);
#5435=AXIS2_PLACEMENT_3D('',#9469,#6625,#6626);
#5436=AXIS2_PLACEMENT_3D('',#9470,#6627,#6628);
#5437=AXIS2_PLACEMENT_3D('',#9491,#6630,#6631);
#5438=AXIS2_PLACEMENT_3D('',#9516,#6632,#6633);
#5439=AXIS2_PLACEMENT_3D('',#9517,#6634,#6635);
#5440=AXIS2_PLACEMENT_3D('',#9562,#6637,#6638);
#5441=AXIS2_PLACEMENT_3D('',#9573,#6639,#6640);
#5442=AXIS2_PLACEMENT_3D('',#9898,#6641,#6642);
#5443=AXIS2_PLACEMENT_3D('',#9900,#6643,#6644);
#5444=AXIS2_PLACEMENT_3D('',#9904,#6646,#6647);
#5445=AXIS2_PLACEMENT_3D('',#9944,#6649,#6650);
#5446=AXIS2_PLACEMENT_3D('',#9946,#6651,#6652);
#5447=AXIS2_PLACEMENT_3D('',#10019,#6654,#6655);
#5448=AXIS2_PLACEMENT_3D('',#10107,#6657,#6658);
#5449=AXIS2_PLACEMENT_3D('',#10180,#6660,#6661);
#5450=AXIS2_PLACEMENT_3D('',#10182,#6662,#6663);
#5451=AXIS2_PLACEMENT_3D('',#10220,#6665,#6666);
#5452=AXIS2_PLACEMENT_3D('',#10222,#6668,#6669);
#5453=AXIS2_PLACEMENT_3D('',#10224,#6671,#6672);
#5454=AXIS2_PLACEMENT_3D('',#10227,#6675,#6676);
#5455=AXIS2_PLACEMENT_3D('',#10228,#6677,#6678);
#5456=AXIS2_PLACEMENT_3D('',#10231,#6681,#6682);
#5457=AXIS2_PLACEMENT_3D('',#10233,#6684,#6685);
#5458=AXIS2_PLACEMENT_3D('',#10235,#6687,#6688);
#5459=AXIS2_PLACEMENT_3D('',#10237,#6690,#6691);
#5460=AXIS2_PLACEMENT_3D('',#10239,#6693,#6694);
#5461=AXIS2_PLACEMENT_3D('',#10241,#6696,#6697);
#5462=AXIS2_PLACEMENT_3D('',#10243,#6699,#6700);
#5463=AXIS2_PLACEMENT_3D('',#10244,#6701,#6702);
#5464=AXIS2_PLACEMENT_3D('',#10294,#6704,#6705);
#5465=AXIS2_PLACEMENT_3D('',#10334,#6706,#6707);
#5466=AXIS2_PLACEMENT_3D('',#10341,#6708,#6709);
#5467=AXIS2_PLACEMENT_3D('',#10357,#6710,#6711);
#5468=AXIS2_PLACEMENT_3D('',#10361,#6712,#6713);
#5469=AXIS2_PLACEMENT_3D('',#10369,#6714,#6715);
#5470=AXIS2_PLACEMENT_3D('',#10385,#6716,#6717);
#5471=AXIS2_PLACEMENT_3D('',#10388,#6718,#6719);
#5472=AXIS2_PLACEMENT_3D('',#10393,#6720,#6721);
#5473=AXIS2_PLACEMENT_3D('',#10397,#6722,#6723);
#5474=AXIS2_PLACEMENT_3D('',#10398,#6724,#6725);
#5475=DIRECTION('axis',(0.,0.,1.));
#5476=DIRECTION('refdir',(1.,0.,0.));
#5477=DIRECTION('center_axis',(0.,0.,-1.));
#5478=DIRECTION('ref_axis',(-1.,0.,0.));
#5479=DIRECTION('',(1.,-7.71341835234287E-17,0.));
#5480=DIRECTION('',(-7.71341835234287E-17,-1.,0.));
#5481=DIRECTION('center_axis',(0.,0.,1.));
#5482=DIRECTION('ref_axis',(-0.712230191337247,0.701945976943887,0.));
#5483=DIRECTION('',(-1.,7.71341835234287E-17,0.));
#5484=DIRECTION('center_axis',(0.,0.,1.));
#5485=DIRECTION('ref_axis',(0.712230191337244,0.701945976943891,0.));
#5486=DIRECTION('',(7.71341835234287E-17,1.,0.));
#5487=DIRECTION('center_axis',(0.,0.,1.));
#5488=DIRECTION('ref_axis',(0.707106781186547,-0.707106781186548,0.));
#5489=DIRECTION('',(1.,-1.92835458808572E-16,0.));
#5490=DIRECTION('center_axis',(0.,0.,1.));
#5491=DIRECTION('ref_axis',(-0.228743403550514,0.973486751492863,0.));
#5492=DIRECTION('',(1.53701288669991E-16,1.,0.));
#5493=DIRECTION('center_axis',(0.,0.,1.));
#5494=DIRECTION('ref_axis',(-0.993385919532091,-0.114823407349642,0.));
#5495=DIRECTION('',(-1.,7.71341835234287E-17,0.));
#5496=DIRECTION('center_axis',(0.,0.,1.));
#5497=DIRECTION('ref_axis',(-0.00156333129332997,-0.999998777996887,0.));
#5498=DIRECTION('',(-7.71341835234287E-17,-1.,0.));
#5499=DIRECTION('center_axis',(0.,0.,1.));
#5500=DIRECTION('ref_axis',(0.973479523038036,0.228774164244211,0.));
#5501=DIRECTION('center_axis',(0.,0.,-1.));
#5502=DIRECTION('ref_axis',(1.,-7.71341835234287E-17,0.));
#5503=DIRECTION('center_axis',(0.,0.,-1.));
#5504=DIRECTION('ref_axis',(1.,-7.71341835234287E-17,0.));
#5505=DIRECTION('',(0.,0.,-1.));
#5506=DIRECTION('center_axis',(0.,0.,-1.));
#5507=DIRECTION('ref_axis',(1.,-7.71341835234287E-17,0.));
#5508=DIRECTION('center_axis',(0.,0.,-1.));
#5509=DIRECTION('ref_axis',(1.,-7.71341835234287E-17,0.));
#5510=DIRECTION('',(0.,0.,-1.));
#5511=DIRECTION('center_axis',(0.,0.,-1.));
#5512=DIRECTION('ref_axis',(1.,-7.71341835234287E-17,0.));
#5513=DIRECTION('center_axis',(0.,0.,-1.));
#5514=DIRECTION('ref_axis',(1.,-7.71341835234287E-17,0.));
#5515=DIRECTION('',(0.,0.,-1.));
#5516=DIRECTION('center_axis',(0.,0.,-1.));
#5517=DIRECTION('ref_axis',(1.,-7.71341835234287E-17,0.));
#5518=DIRECTION('center_axis',(0.,0.,-1.));
#5519=DIRECTION('ref_axis',(1.,-7.71341835234287E-17,0.));
#5520=DIRECTION('',(0.,0.,-1.));
#5521=DIRECTION('center_axis',(0.,0.,-1.));
#5522=DIRECTION('ref_axis',(1.,-7.71341835234287E-17,0.));
#5523=DIRECTION('center_axis',(0.,0.,-1.));
#5524=DIRECTION('ref_axis',(1.,-7.71341835234287E-17,0.));
#5525=DIRECTION('',(0.,0.,-1.));
#5526=DIRECTION('center_axis',(0.,0.,-1.));
#5527=DIRECTION('ref_axis',(1.,-7.71341835234287E-17,0.));
#5528=DIRECTION('center_axis',(0.,0.,-1.));
#5529=DIRECTION('ref_axis',(1.,-7.71341835234287E-17,0.));
#5530=DIRECTION('',(0.,0.,-1.));
#5531=DIRECTION('center_axis',(0.,0.,-1.));
#5532=DIRECTION('ref_axis',(1.,-7.71341835234287E-17,0.));
#5533=DIRECTION('center_axis',(0.,0.,-1.));
#5534=DIRECTION('ref_axis',(1.,-7.71341835234287E-17,0.));
#5535=DIRECTION('',(0.,0.,-1.));
#5536=DIRECTION('center_axis',(0.,0.,-1.));
#5537=DIRECTION('ref_axis',(1.,-7.71341835234287E-17,0.));
#5538=DIRECTION('center_axis',(0.,0.,-1.));
#5539=DIRECTION('ref_axis',(1.,-7.71341835234287E-17,0.));
#5540=DIRECTION('',(0.,0.,-1.));
#5541=DIRECTION('center_axis',(0.,0.,-1.));
#5542=DIRECTION('ref_axis',(1.,-7.71341835234287E-17,0.));
#5543=DIRECTION('center_axis',(0.,0.,-1.));
#5544=DIRECTION('ref_axis',(1.,-7.71341835234287E-17,0.));
#5545=DIRECTION('',(0.,0.,-1.));
#5546=DIRECTION('center_axis',(0.,0.,-1.));
#5547=DIRECTION('ref_axis',(1.,-7.71341835234287E-17,0.));
#5548=DIRECTION('center_axis',(0.,0.,-1.));
#5549=DIRECTION('ref_axis',(1.,-7.71341835234287E-17,0.));
#5550=DIRECTION('',(0.,0.,-1.));
#5551=DIRECTION('center_axis',(-7.71341835234287E-17,-1.,0.));
#5552=DIRECTION('ref_axis',(-0.707106781186548,0.,0.707106781186547));
#5553=DIRECTION('center_axis',(0.707106781186548,-0.707106781186547,0.));
#5554=DIRECTION('ref_axis',(-0.707106781186547,-0.707106781186548,-5.68874079233252E-17));
#5555=DIRECTION('',(7.71341835234287E-17,1.,0.));
#5556=DIRECTION('center_axis',(0.707106781186548,-0.707106781186547,0.));
#5557=DIRECTION('ref_axis',(-0.707106781186547,-0.707106781186548,-5.68874079233252E-17));
#5558=DIRECTION('center_axis',(0.,-4.34782933914192E-16,1.));
#5559=DIRECTION('ref_axis',(0.,1.,4.34782933914192E-16));
#5560=DIRECTION('',(0.,-1.,-4.34782933914192E-16));
#5561=DIRECTION('',(1.,0.,0.));
#5562=DIRECTION('',(1.,0.,0.));
#5563=DIRECTION('',(0.,1.,4.34782933914192E-16));
#5564=DIRECTION('',(-1.,0.,0.));
#5565=DIRECTION('center_axis',(0.,4.34782933914192E-16,-1.));
#5566=DIRECTION('ref_axis',(1.,0.,0.));
#5567=DIRECTION('center_axis',(0.,1.,0.));
#5568=DIRECTION('ref_axis',(0.,0.,1.));
#5569=DIRECTION('',(0.,1.18408292950848E-17,-1.));
#5570=DIRECTION('',(-1.,0.,0.));
#5571=DIRECTION('center_axis',(1.,0.,0.));
#5572=DIRECTION('ref_axis',(0.,0.,-1.));
#5573=DIRECTION('',(0.,0.,1.));
#5574=DIRECTION('',(0.,1.,0.));
#5575=DIRECTION('',(0.,0.,1.));
#5576=DIRECTION('',(0.,1.,0.));
#5577=DIRECTION('',(0.,0.,-1.));
#5578=DIRECTION('',(0.,-1.,0.));
#5579=DIRECTION('',(0.,0.,1.));
#5580=DIRECTION('',(0.,-1.,8.88178419700125E-16));
#5581=DIRECTION('',(0.,1.,0.));
#5582=DIRECTION('',(0.,0.,1.));
#5583=DIRECTION('center_axis',(0.,-8.88178419700125E-16,-1.));
#5584=DIRECTION('ref_axis',(0.,1.,-8.88178419700125E-16));
#5585=DIRECTION('',(-1.,0.,0.));
#5586=DIRECTION('',(0.,1.,-8.88178419700125E-16));
#5587=DIRECTION('center_axis',(0.,-1.,0.));
#5588=DIRECTION('ref_axis',(0.,0.,-1.));
#5589=DIRECTION('',(0.,0.,-1.));
#5590=DIRECTION('center_axis',(0.,0.,-1.));
#5591=DIRECTION('ref_axis',(-1.,7.71341835234287E-17,0.));
#5592=DIRECTION('',(1.,-7.71341835234287E-17,0.));
#5593=DIRECTION('',(0.,1.,0.));
#5594=DIRECTION('',(-1.,7.71341835234287E-17,0.));
#5595=DIRECTION('',(0.,1.,0.));
#5596=DIRECTION('center_axis',(0.,1.,0.));
#5597=DIRECTION('ref_axis',(9.86864910777916E-16,0.,1.));
#5598=DIRECTION('center_axis',(-7.71341835234287E-17,-1.,0.));
#5599=DIRECTION('ref_axis',(9.86864910777916E-16,0.,1.));
#5600=DIRECTION('center_axis',(7.71341835234287E-17,1.,0.));
#5601=DIRECTION('ref_axis',(9.86864910777916E-16,-7.61210191407759E-32,
1.));
#5602=DIRECTION('',(0.,1.,0.));
#5603=DIRECTION('center_axis',(0.,0.,1.));
#5604=DIRECTION('ref_axis',(1.,-7.71341835234287E-17,0.));
#5605=DIRECTION('',(-1.,7.71341835234287E-17,0.));
#5606=DIRECTION('',(1.,-7.71341835234287E-17,0.));
#5607=DIRECTION('',(0.,1.,0.));
#5608=DIRECTION('center_axis',(0.,1.,0.));
#5609=DIRECTION('ref_axis',(4.93432455388958E-16,0.,-1.));
#5610=DIRECTION('center_axis',(-7.71341835234287E-17,-1.,0.));
#5611=DIRECTION('ref_axis',(4.93432455388958E-16,0.,-1.));
#5612=DIRECTION('center_axis',(7.71341835234287E-17,1.,0.));
#5613=DIRECTION('ref_axis',(4.93432455388958E-16,-3.8060509570388E-32,-1.));
#5614=DIRECTION('center_axis',(7.71341835234287E-17,1.,0.));
#5615=DIRECTION('ref_axis',(0.,0.,1.));
#5616=DIRECTION('',(1.,-7.71341835234287E-17,0.));
#5617=DIRECTION('center_axis',(-7.71341835234287E-17,-1.,0.));
#5618=DIRECTION('ref_axis',(0.,0.,-1.));
#5619=DIRECTION('',(-1.,7.71341835234287E-17,0.));
#5620=DIRECTION('center_axis',(-7.71341835234287E-17,-1.,0.));
#5621=DIRECTION('ref_axis',(0.,0.,1.));
#5622=DIRECTION('center_axis',(0.,1.,0.));
#5623=DIRECTION('ref_axis',(0.,0.,-1.));
#5624=DIRECTION('center_axis',(7.71341835234287E-17,1.,0.));
#5625=DIRECTION('ref_axis',(0.,0.,-1.));
#5626=DIRECTION('',(0.,1.,0.));
#5627=DIRECTION('',(0.,1.,0.));
#5628=DIRECTION('center_axis',(0.,0.,1.));
#5629=DIRECTION('ref_axis',(1.,-7.71341835234287E-17,0.));
#5630=DIRECTION('',(1.,-7.71341835234287E-17,0.));
#5631=DIRECTION('',(0.,1.,0.));
#5632=DIRECTION('center_axis',(0.,1.,0.));
#5633=DIRECTION('ref_axis',(0.,0.,1.));
#5634=DIRECTION('center_axis',(7.71341835234287E-17,1.,0.));
#5635=DIRECTION('ref_axis',(0.,0.,1.));
#5636=DIRECTION('',(0.,1.,0.));
#5637=DIRECTION('center_axis',(0.,0.,-1.));
#5638=DIRECTION('ref_axis',(-1.,7.71341835234287E-17,0.));
#5639=DIRECTION('',(-1.,7.71341835234287E-17,0.));
#5640=DIRECTION('center_axis',(0.,1.,0.));
#5641=DIRECTION('ref_axis',(0.,0.,1.));
#5642=DIRECTION('center_axis',(7.71341835234287E-17,1.,0.));
#5643=DIRECTION('ref_axis',(0.,0.,1.));
#5644=DIRECTION('',(0.,1.,0.));
#5645=DIRECTION('center_axis',(7.71341835234287E-17,1.,0.));
#5646=DIRECTION('ref_axis',(0.,0.,1.));
#5647=DIRECTION('',(0.,1.,0.));
#5648=DIRECTION('center_axis',(3.70074341541719E-16,0.,-1.));
#5649=DIRECTION('ref_axis',(-1.,7.71341835234287E-17,-3.70074341541719E-16));
#5650=DIRECTION('',(-1.,7.71341835234287E-17,-3.70074341541719E-16));
#5651=DIRECTION('',(0.,1.,0.));
#5652=DIRECTION('',(-1.,7.71341835234287E-17,-3.70074341541719E-16));
#5653=DIRECTION('center_axis',(0.,1.,0.));
#5654=DIRECTION('ref_axis',(0.,0.,-1.));
#5655=DIRECTION('center_axis',(7.71341835234287E-17,1.,0.));
#5656=DIRECTION('ref_axis',(0.,0.,-1.));
#5657=DIRECTION('',(0.,1.,0.));
#5658=DIRECTION('center_axis',(7.71341835234287E-17,1.,0.));
#5659=DIRECTION('ref_axis',(0.,0.,-1.));
#5660=DIRECTION('center_axis',(-1.85037170770859E-16,0.,1.));
#5661=DIRECTION('ref_axis',(1.,-7.71341835234287E-17,1.85037170770859E-16));
#5662=DIRECTION('',(1.,-7.71341835234287E-17,1.85037170770859E-16));
#5663=DIRECTION('',(1.,-7.71341835234287E-17,1.85037170770859E-16));
#5664=DIRECTION('center_axis',(-7.71341835234287E-17,-1.,0.));
#5665=DIRECTION('ref_axis',(0.,0.,-1.));
#5666=DIRECTION('center_axis',(0.,0.,-1.));
#5667=DIRECTION('ref_axis',(1.,0.,0.));
#5668=DIRECTION('center_axis',(0.,0.,-1.));
#5669=DIRECTION('ref_axis',(1.,0.,0.));
#5670=DIRECTION('',(0.,0.,-1.));
#5671=DIRECTION('center_axis',(0.,0.,1.));
#5672=DIRECTION('ref_axis',(1.,0.,0.));
#5673=DIRECTION('center_axis',(-1.,0.,0.));
#5674=DIRECTION('ref_axis',(0.,0.,1.));
#5675=DIRECTION('',(0.,0.,-1.));
#5676=DIRECTION('',(0.,-1.,0.));
#5677=DIRECTION('',(0.,0.,1.));
#5678=DIRECTION('',(0.,1.,0.));
#5679=DIRECTION('center_axis',(0.,1.,0.));
#5680=DIRECTION('ref_axis',(0.,0.,1.));
#5681=DIRECTION('',(0.,0.,1.));
#5682=DIRECTION('',(-1.,0.,0.));
#5683=DIRECTION('',(1.,0.,0.));
#5684=DIRECTION('center_axis',(0.,0.,-1.));
#5685=DIRECTION('ref_axis',(0.,1.,0.));
#5686=DIRECTION('',(7.71341835234287E-17,1.,0.));
#5687=DIRECTION('',(1.,0.,0.));
#5688=DIRECTION('center_axis',(0.,-1.,0.));
#5689=DIRECTION('ref_axis',(0.,0.,-1.));
#5690=DIRECTION('',(0.,0.,1.));
#5691=DIRECTION('',(1.,0.,0.));
#5692=DIRECTION('center_axis',(0.,0.,1.));
#5693=DIRECTION('ref_axis',(0.,-1.,0.));
#5694=DIRECTION('',(-7.71341835234287E-17,-1.,0.));
#5695=DIRECTION('center_axis',(-0.00214038105857799,0.,0.999997709381839));
#5696=DIRECTION('ref_axis',(-0.999997709381839,7.71340068384671E-17,-0.00214038105857799));
#5697=DIRECTION('',(-0.999997709381839,7.71340068384671E-17,-0.00214038105857799));
#5698=DIRECTION('',(0.,-1.,0.));
#5699=DIRECTION('',(-0.999997709381839,7.71340068384671E-17,-0.00214038105857799));
#5700=DIRECTION('',(0.,-1.,0.));
#5701=DIRECTION('center_axis',(0.705591683514068,0.,0.708618639435757));
#5702=DIRECTION('ref_axis',(-0.708618639435757,5.465872018236E-17,0.705591683514068));
#5703=DIRECTION('',(-0.708618639435757,5.465872018236E-17,0.705591683514068));
#5704=DIRECTION('',(0.,-1.,0.));
#5705=DIRECTION('',(-0.708618639435757,5.465872018236E-17,0.705591683514068));
#5706=DIRECTION('center_axis',(0.999997709381839,0.,0.00214038105858018));
#5707=DIRECTION('ref_axis',(-0.00214038105858018,1.65096545382594E-19,0.999997709381839));
#5708=DIRECTION('',(-0.00214038105858018,1.65096545382594E-19,0.999997709381839));
#5709=DIRECTION('',(0.,-1.,0.));
#5710=DIRECTION('',(-0.00214038105858018,1.65096545382594E-19,0.999997709381839));
#5711=DIRECTION('center_axis',(0.708618639435753,0.,-0.705591683514072));
#5712=DIRECTION('ref_axis',(0.705591683514072,-5.44252384087795E-17,0.708618639435753));
#5713=DIRECTION('',(0.705591683514072,-5.44252384087795E-17,0.708618639435753));
#5714=DIRECTION('',(0.,-1.,0.));
#5715=DIRECTION('',(0.705591683514072,-5.44252384087795E-17,0.708618639435753));
#5716=DIRECTION('center_axis',(0.00214038105858018,0.,-0.999997709381839));
#5717=DIRECTION('ref_axis',(0.999997709381839,-7.71340068384671E-17,0.00214038105858018));
#5718=DIRECTION('',(0.999997709381839,-7.71340068384671E-17,0.00214038105858018));
#5719=DIRECTION('',(0.,-1.,0.));
#5720=DIRECTION('',(0.999997709381839,-7.71340068384671E-17,0.00214038105858018));
#5721=DIRECTION('center_axis',(-0.705591683514067,0.,-0.708618639435758));
#5722=DIRECTION('ref_axis',(0.708618639435758,-5.46587201823602E-17,-0.705591683514067));
#5723=DIRECTION('',(0.708618639435758,-5.46587201823602E-17,-0.705591683514067));
#5724=DIRECTION('',(0.,-1.,0.));
#5725=DIRECTION('',(0.708618639435758,-5.46587201823602E-17,-0.705591683514067));
#5726=DIRECTION('center_axis',(-0.999997709381839,0.,-0.00214038105858018));
#5727=DIRECTION('ref_axis',(0.00214038105858018,-1.65096545382594E-19,-0.999997709381839));
#5728=DIRECTION('',(0.00214038105858018,-1.65096545382594E-19,-0.999997709381839));
#5729=DIRECTION('',(0.,-1.,0.));
#5730=DIRECTION('',(0.00214038105858018,-1.65096545382594E-19,-0.999997709381839));
#5731=DIRECTION('center_axis',(-0.708618639435759,0.,0.705591683514066));
#5732=DIRECTION('ref_axis',(-0.705591683514066,5.4425238408779E-17,-0.708618639435759));
#5733=DIRECTION('',(-0.705591683514066,5.4425238408779E-17,-0.708618639435759));
#5734=DIRECTION('',(-0.705591683514066,5.4425238408779E-17,-0.708618639435759));
#5735=DIRECTION('center_axis',(0.,-1.,0.));
#5736=DIRECTION('ref_axis',(0.,0.,-1.));
#5737=DIRECTION('center_axis',(0.,1.,0.));
#5738=DIRECTION('ref_axis',(1.,-1.11022302462516E-16,0.));
#5739=DIRECTION('center_axis',(1.11022302462516E-16,1.,0.));
#5740=DIRECTION('ref_axis',(1.,-1.11022302462516E-16,0.));
#5741=DIRECTION('center_axis',(7.71341835234287E-17,1.,0.));
#5742=DIRECTION('ref_axis',(1.,-1.11022302462516E-16,0.));
#5743=DIRECTION('',(1.11022302462516E-16,1.,0.));
#5744=DIRECTION('center_axis',(0.,0.999996176084488,0.00276546856824486));
#5745=DIRECTION('ref_axis',(-2.13312160071273E-19,-0.00276546856824486,
0.999996176084488));
#5746=DIRECTION('',(-2.13312160071273E-19,-0.00276546856824486,0.999996176084488));
#5747=DIRECTION('',(1.,0.,0.));
#5748=DIRECTION('',(-2.13312160071273E-19,-0.00276546856824486,0.999996176084488));
#5749=DIRECTION('',(1.,0.,0.));
#5750=DIRECTION('center_axis',(0.,0.709059558847723,-0.705148595692193));
#5751=DIRECTION('ref_axis',(5.43910611914097E-17,0.705148595692193,0.709059558847723));
#5752=DIRECTION('',(5.43910611914097E-17,0.705148595692193,0.709059558847723));
#5753=DIRECTION('',(1.,0.,0.));
#5754=DIRECTION('',(5.43910611914097E-17,0.705148595692193,0.709059558847723));
#5755=DIRECTION('center_axis',(0.,0.00276546856824553,-0.999996176084488));
#5756=DIRECTION('ref_axis',(7.71338885688278E-17,0.999996176084488,0.00276546856824553));
#5757=DIRECTION('',(7.71338885688278E-17,0.999996176084488,0.00276546856824553));
#5758=DIRECTION('',(1.,0.,0.));
#5759=DIRECTION('',(7.71338885688278E-17,0.999996176084488,0.00276546856824553));
#5760=DIRECTION('center_axis',(0.,-0.705148595692193,-0.709059558847723));
#5761=DIRECTION('ref_axis',(5.46927301412017E-17,0.709059558847723,-0.705148595692193));
#5762=DIRECTION('',(5.46927301412017E-17,0.709059558847723,-0.705148595692193));
#5763=DIRECTION('',(1.,0.,0.));
#5764=DIRECTION('',(5.46927301412017E-17,0.709059558847723,-0.705148595692193));
#5765=DIRECTION('center_axis',(0.,-0.999996176084488,-0.0027654685682462));
#5766=DIRECTION('ref_axis',(2.13312160071376E-19,0.0027654685682462,-0.999996176084488));
#5767=DIRECTION('',(2.13312160071376E-19,0.0027654685682462,-0.999996176084488));
#5768=DIRECTION('',(1.,0.,0.));
#5769=DIRECTION('',(2.13312160071376E-19,0.0027654685682462,-0.999996176084488));
#5770=DIRECTION('center_axis',(0.,-0.709059558847724,0.705148595692192));
#5771=DIRECTION('ref_axis',(-5.43910611914096E-17,-0.705148595692192,-0.709059558847724));
#5772=DIRECTION('',(-5.43910611914096E-17,-0.705148595692192,-0.709059558847724));
#5773=DIRECTION('',(1.,0.,0.));
#5774=DIRECTION('',(-5.43910611914096E-17,-0.705148595692192,-0.709059558847724));
#5775=DIRECTION('center_axis',(0.,-0.00276546856824686,0.999996176084488));
#5776=DIRECTION('ref_axis',(-7.71338885688278E-17,-0.999996176084488,-0.00276546856824686));
#5777=DIRECTION('',(-7.71338885688278E-17,-0.999996176084488,-0.00276546856824686));
#5778=DIRECTION('',(1.,0.,0.));
#5779=DIRECTION('',(-7.71338885688278E-17,-0.999996176084488,-0.00276546856824686));
#5780=DIRECTION('center_axis',(0.,0.705148595692194,0.709059558847723));
#5781=DIRECTION('ref_axis',(-5.46927301412017E-17,-0.709059558847723,0.705148595692194));
#5782=DIRECTION('',(-5.46927301412017E-17,-0.709059558847723,0.705148595692194));
#5783=DIRECTION('',(-5.46927301412017E-17,-0.709059558847723,0.705148595692194));
#5784=DIRECTION('center_axis',(-1.,7.71341835234287E-17,0.));
#5785=DIRECTION('ref_axis',(0.,0.,1.));
#5786=DIRECTION('center_axis',(-1.,7.71341835234287E-17,0.));
#5787=DIRECTION('ref_axis',(0.,0.,-1.));
#5788=DIRECTION('center_axis',(-1.,1.11022302462516E-16,0.));
#5789=DIRECTION('ref_axis',(0.,0.,-1.));
#5790=DIRECTION('center_axis',(-1.,7.71341835234287E-17,0.));
#5791=DIRECTION('ref_axis',(0.,0.,-1.));
#5792=DIRECTION('',(-1.,1.11022302462516E-16,0.));
#5793=DIRECTION('center_axis',(-0.999995239896937,0.,-0.0030854794551592));
#5794=DIRECTION('ref_axis',(-0.0030854794551592,2.37995938552068E-19,0.999995239896937));
#5795=DIRECTION('',(-0.0030854794551592,2.37995938552019E-19,0.999995239896937));
#5796=DIRECTION('',(0.,1.,0.));
#5797=DIRECTION('',(-0.0030854794551592,2.37995938552068E-19,0.999995239896937));
#5798=DIRECTION('',(0.,1.,0.));
#5799=DIRECTION('center_axis',(-0.704921651839438,0.,-0.709285178731347));
#5800=DIRECTION('ref_axis',(-0.709285178731347,5.47101331467117E-17,0.704921651839438));
#5801=DIRECTION('',(-0.709285178731347,5.47101331467116E-17,0.704921651839438));
#5802=DIRECTION('',(0.,1.,0.));
#5803=DIRECTION('',(-0.709285178731347,5.47101331467117E-17,0.704921651839438));
#5804=DIRECTION('center_axis',(0.00308547945515853,0.,-0.999995239896937));
#5805=DIRECTION('ref_axis',(-0.999995239896937,7.71338163567655E-17,-0.00308547945515853));
#5806=DIRECTION('',(-0.999995239896937,7.71338163567655E-17,-0.00308547945515853));
#5807=DIRECTION('',(0.,1.,0.));
#5808=DIRECTION('',(-0.999995239896937,7.71338163567655E-17,-0.00308547945515853));
#5809=DIRECTION('center_axis',(0.709285178731347,0.,-0.704921651839437));
#5810=DIRECTION('ref_axis',(-0.704921651839437,5.43735560626216E-17,-0.709285178731347));
#5811=DIRECTION('',(-0.704921651839437,5.43735560626217E-17,-0.709285178731347));
#5812=DIRECTION('',(0.,1.,0.));
#5813=DIRECTION('',(-0.704921651839437,5.43735560626216E-17,-0.709285178731347));
#5814=DIRECTION('center_axis',(0.999995239896937,0.,0.00308547945515786));
#5815=DIRECTION('ref_axis',(0.00308547945515786,-2.37995938551964E-19,-0.999995239896937));
#5816=DIRECTION('',(0.00308547945515786,-2.37995938551915E-19,-0.999995239896937));
#5817=DIRECTION('',(0.,1.,0.));
#5818=DIRECTION('',(0.00308547945515786,-2.37995938551964E-19,-0.999995239896937));
#5819=DIRECTION('center_axis',(0.704921651839438,0.,0.709285178731347));
#5820=DIRECTION('ref_axis',(0.709285178731347,-5.47101331467117E-17,-0.704921651839438));
#5821=DIRECTION('',(0.709285178731347,-5.47101331467117E-17,-0.704921651839438));
#5822=DIRECTION('',(0.,1.,0.));
#5823=DIRECTION('',(0.709285178731347,-5.47101331467117E-17,-0.704921651839438));
#5824=DIRECTION('center_axis',(-0.00308547945515819,0.,0.999995239896937));
#5825=DIRECTION('ref_axis',(0.999995239896937,-7.71338163567655E-17,0.00308547945515819));
#5826=DIRECTION('',(0.999995239896937,-7.71338163567655E-17,0.00308547945515819));
#5827=DIRECTION('',(0.,1.,0.));
#5828=DIRECTION('',(0.999995239896937,-7.71338163567655E-17,0.00308547945515819));
#5829=DIRECTION('center_axis',(-0.709285178731347,0.,0.704921651839438));
#5830=DIRECTION('ref_axis',(0.704921651839438,-5.43735560626217E-17,0.709285178731347));
#5831=DIRECTION('',(0.704921651839438,-5.43735560626217E-17,0.709285178731347));
#5832=DIRECTION('',(0.704921651839438,-5.43735560626217E-17,0.709285178731347));
#5833=DIRECTION('center_axis',(0.,1.,0.));
#5834=DIRECTION('ref_axis',(0.,0.,1.));
#5835=DIRECTION('center_axis',(0.,-1.,0.));
#5836=DIRECTION('ref_axis',(1.,1.11022302462516E-16,0.));
#5837=DIRECTION('center_axis',(1.11022302462516E-16,-1.,0.));
#5838=DIRECTION('ref_axis',(1.,1.11022302462516E-16,0.));
#5839=DIRECTION('center_axis',(1.3336005259002E-15,-1.,0.));
#5840=DIRECTION('ref_axis',(1.,1.11022302462516E-16,0.));
#5841=DIRECTION('',(1.11022302462516E-16,-1.,0.));
#5842=DIRECTION('center_axis',(0.,-1.,0.));
#5843=DIRECTION('ref_axis',(1.,0.,0.));
#5844=DIRECTION('center_axis',(1.24399346394233E-16,-1.,0.));
#5845=DIRECTION('ref_axis',(1.,0.,0.));
#5846=DIRECTION('',(0.,-1.,0.));
#5847=DIRECTION('center_axis',(1.24399346394233E-16,-1.,0.));
#5848=DIRECTION('ref_axis',(1.,1.24399346394233E-16,0.));
#5849=DIRECTION('center_axis',(-1.24399346394233E-16,1.,0.));
#5850=DIRECTION('ref_axis',(0.,0.,1.));
#5851=DIRECTION('center_axis',(-1.24399346394233E-16,1.,0.));
#5852=DIRECTION('ref_axis',(1.,0.,0.));
#5853=DIRECTION('center_axis',(0.,-0.69762510016855,-0.716462992494952));
#5854=DIRECTION('ref_axis',(-5.52637879508505E-17,-0.716462992494952,0.69762510016855));
#5855=DIRECTION('',(-5.52637879508505E-17,-0.716462992494952,0.69762510016855));
#5856=DIRECTION('',(-1.,0.,0.));
#5857=DIRECTION('',(-5.52637879508505E-17,-0.716462992494952,0.69762510016855));
#5858=DIRECTION('',(-1.,0.,0.));
#5859=DIRECTION('center_axis',(0.,0.0133204014072607,-0.999911279517513));
#5860=DIRECTION('ref_axis',(-7.71273401414502E-17,-0.999911279517513,-0.0133204014072607));
#5861=DIRECTION('',(-7.71273401414502E-17,-0.999911279517513,-0.0133204014072607));
#5862=DIRECTION('',(-1.,0.,0.));
#5863=DIRECTION('',(-7.71273401414502E-17,-0.999911279517513,-0.0133204014072607));
#5864=DIRECTION('center_axis',(0.,0.716462992494952,-0.69762510016855));
#5865=DIRECTION('ref_axis',(-5.38107425069512E-17,-0.69762510016855,-0.716462992494952));
#5866=DIRECTION('',(-5.38107425069512E-17,-0.69762510016855,-0.716462992494952));
#5867=DIRECTION('',(-1.,0.,0.));
#5868=DIRECTION('',(-5.38107425069512E-17,-0.69762510016855,-0.716462992494952));
#5869=DIRECTION('center_axis',(0.,0.999911279517513,0.0133204014072611));
#5870=DIRECTION('ref_axis',(1.02745828675341E-18,0.0133204014072611,-0.999911279517513));
#5871=DIRECTION('',(1.02745828675341E-18,0.0133204014072611,-0.999911279517513));
#5872=DIRECTION('',(-1.,0.,0.));
#5873=DIRECTION('',(1.02745828675341E-18,0.0133204014072611,-0.999911279517513));
#5874=DIRECTION('center_axis',(0.,0.697625100168549,0.716462992494952));
#5875=DIRECTION('ref_axis',(5.52637879508505E-17,0.716462992494952,-0.697625100168549));
#5876=DIRECTION('',(5.52637879508506E-17,0.716462992494952,-0.697625100168549));
#5877=DIRECTION('',(-1.,0.,0.));
#5878=DIRECTION('',(5.52637879508505E-17,0.716462992494952,-0.697625100168549));
#5879=DIRECTION('center_axis',(0.,-0.0133204014072612,0.999911279517513));
#5880=DIRECTION('ref_axis',(7.71273401414502E-17,0.999911279517513,0.0133204014072612));
#5881=DIRECTION('',(7.71273401414503E-17,0.999911279517513,0.0133204014072612));
#5882=DIRECTION('',(-1.,0.,0.));
#5883=DIRECTION('',(7.71273401414502E-17,0.999911279517513,0.0133204014072612));
#5884=DIRECTION('center_axis',(0.,-0.716462992494952,0.69762510016855));
#5885=DIRECTION('ref_axis',(5.38107425069512E-17,0.69762510016855,0.716462992494952));
#5886=DIRECTION('',(5.38107425069513E-17,0.69762510016855,0.716462992494952));
#5887=DIRECTION('',(-1.,0.,0.));
#5888=DIRECTION('',(5.38107425069512E-17,0.69762510016855,0.716462992494952));
#5889=DIRECTION('center_axis',(0.,-0.999911279517513,-0.0133204014072607));
#5890=DIRECTION('ref_axis',(-1.02745828675339E-18,-0.0133204014072607,0.999911279517513));
#5891=DIRECTION('',(-1.02745828675339E-18,-0.0133204014072607,0.999911279517513));
#5892=DIRECTION('',(-1.02745828675339E-18,-0.0133204014072607,0.999911279517513));
#5893=DIRECTION('center_axis',(-1.,0.,0.));
#5894=DIRECTION('ref_axis',(0.,0.,1.));
#5895=DIRECTION('center_axis',(1.,0.,0.));
#5896=DIRECTION('ref_axis',(0.,0.,1.));
#5897=DIRECTION('center_axis',(1.,5.27355936696949E-16,0.));
#5898=DIRECTION('ref_axis',(0.,0.,1.));
#5899=DIRECTION('center_axis',(1.,5.3540265764908E-16,0.));
#5900=DIRECTION('ref_axis',(0.,0.,1.));
#5901=DIRECTION('',(1.,5.27355936696949E-16,0.));
#5902=DIRECTION('center_axis',(1.,0.,0.));
#5903=DIRECTION('ref_axis',(0.,0.,1.));
#5904=DIRECTION('center_axis',(1.,-7.71341835234287E-17,0.));
#5905=DIRECTION('ref_axis',(0.,0.,1.));
#5906=DIRECTION('',(1.,0.,0.));
#5907=DIRECTION('center_axis',(1.,-7.71341835234287E-17,0.));
#5908=DIRECTION('ref_axis',(0.,0.,1.));
#5909=DIRECTION('center_axis',(-1.,7.71341835234287E-17,0.));
#5910=DIRECTION('ref_axis',(0.,0.,1.));
#5911=DIRECTION('center_axis',(-1.,7.71341835234287E-17,0.));
#5912=DIRECTION('ref_axis',(0.,0.,1.));
#5913=DIRECTION('center_axis',(0.,-1.,0.));
#5914=DIRECTION('ref_axis',(1.,0.,0.));
#5915=DIRECTION('',(0.,-1.,0.));
#5916=DIRECTION('center_axis',(7.71341835234287E-17,1.,0.));
#5917=DIRECTION('ref_axis',(1.,0.,0.));
#5918=DIRECTION('center_axis',(0.,1.,0.));
#5919=DIRECTION('ref_axis',(1.,0.,0.));
#5920=DIRECTION('center_axis',(7.71341835234287E-17,1.,0.));
#5921=DIRECTION('ref_axis',(1.,0.,0.));
#5922=DIRECTION('',(0.,1.,0.));
#5923=DIRECTION('center_axis',(7.71341835234287E-17,1.,0.));
#5924=DIRECTION('ref_axis',(1.,-7.71341835234287E-17,0.));
#5925=DIRECTION('center_axis',(-7.71341835234287E-17,-1.,0.));
#5926=DIRECTION('ref_axis',(0.,0.,-1.));
#5927=DIRECTION('center_axis',(-7.71341835234287E-17,-1.,0.));
#5928=DIRECTION('ref_axis',(1.,0.,0.));
#5929=DIRECTION('center_axis',(-1.,0.,0.));
#5930=DIRECTION('ref_axis',(0.,0.,-1.));
#5931=DIRECTION('center_axis',(-1.,7.71341835234287E-17,0.));
#5932=DIRECTION('ref_axis',(0.,0.,-1.));
#5933=DIRECTION('',(-1.,0.,0.));
#5934=DIRECTION('center_axis',(-1.,7.71341835234287E-17,0.));
#5935=DIRECTION('ref_axis',(0.,0.,-1.));
#5936=DIRECTION('center_axis',(1.,-7.71341835234287E-17,0.));
#5937=DIRECTION('ref_axis',(0.,0.,-1.));
#5938=DIRECTION('center_axis',(1.,-7.71341835234287E-17,0.));
#5939=DIRECTION('ref_axis',(0.,0.,-1.));
#5940=DIRECTION('center_axis',(-1.,0.,0.));
#5941=DIRECTION('ref_axis',(0.,0.,-1.));
#5942=DIRECTION('',(-1.,0.,0.));
#5943=DIRECTION('center_axis',(1.,-7.71341835234287E-17,0.));
#5944=DIRECTION('ref_axis',(0.,0.,-1.));
#5945=DIRECTION('center_axis',(0.,1.,0.));
#5946=DIRECTION('ref_axis',(1.,0.,0.));
#5947=DIRECTION('',(0.,1.,0.));
#5948=DIRECTION('center_axis',(-7.71341835234287E-17,-1.,0.));
#5949=DIRECTION('ref_axis',(1.,0.,0.));
#5950=DIRECTION('center_axis',(1.,-1.38777878078144E-16,0.));
#5951=DIRECTION('ref_axis',(0.,0.,1.));
#5952=DIRECTION('',(1.,-1.38777878078144E-16,0.));
#5953=DIRECTION('center_axis',(-1.,7.71341835234287E-17,0.));
#5954=DIRECTION('ref_axis',(0.,0.,1.));
#5955=DIRECTION('center_axis',(0.,4.44089209850063E-16,-1.));
#5956=DIRECTION('ref_axis',(1.,0.,0.));
#5957=DIRECTION('',(0.,4.44089209850063E-16,-1.));
#5958=DIRECTION('center_axis',(0.,-4.34782933914192E-16,1.));
#5959=DIRECTION('ref_axis',(1.,0.,0.));
#5960=DIRECTION('center_axis',(0.,0.,-1.));
#5961=DIRECTION('ref_axis',(-1.,0.,0.));
#5962=DIRECTION('',(1.,0.,0.));
#5963=DIRECTION('',(-1.,0.,0.));
#5964=DIRECTION('',(0.,1.,0.));
#5965=DIRECTION('center_axis',(0.,1.,0.));
#5966=DIRECTION('ref_axis',(0.,0.,1.));
#5967=DIRECTION('',(-1.,0.,0.));
#5968=DIRECTION('',(1.,0.,0.));
#5969=DIRECTION('',(0.,0.,-1.));
#5970=DIRECTION('center_axis',(0.,1.,0.));
#5971=DIRECTION('ref_axis',(0.,0.,1.));
#5972=DIRECTION('',(0.,0.,1.));
#5973=DIRECTION('',(1.,0.,0.));
#5974=DIRECTION('center_axis',(-1.,0.,0.));
#5975=DIRECTION('ref_axis',(0.,0.,1.));
#5976=DIRECTION('',(0.,-4.34782933914192E-16,1.));
#5977=DIRECTION('',(0.,-1.,-4.34782933914192E-16));
#5978=DIRECTION('center_axis',(0.,4.34782933914192E-16,-1.));
#5979=DIRECTION('ref_axis',(0.,-1.,-4.34782933914192E-16));
#5980=DIRECTION('',(-1.,0.,0.));
#5981=DIRECTION('center_axis',(0.,-1.,0.));
#5982=DIRECTION('ref_axis',(0.,0.,-1.));
#5983=DIRECTION('center_axis',(0.,0.,1.));
#5984=DIRECTION('ref_axis',(0.,-1.,0.));
#5985=DIRECTION('',(0.,1.,0.));
#5986=DIRECTION('center_axis',(1.,0.,0.));
#5987=DIRECTION('ref_axis',(0.,0.,-1.));
#5988=DIRECTION('',(0.,1.,0.));
#5989=DIRECTION('center_axis',(0.,0.,-1.));
#5990=DIRECTION('ref_axis',(0.,1.,0.));
#5991=DIRECTION('center_axis',(-1.,7.71341835234287E-17,0.));
#5992=DIRECTION('ref_axis',(0.,0.707106781186541,0.707106781186554));
#5993=DIRECTION('',(1.,-7.71341835234287E-17,0.));
#5994=DIRECTION('',(-1.,7.71341835234287E-17,0.));
#5995=DIRECTION('center_axis',(0.,0.,1.));
#5996=DIRECTION('ref_axis',(1.,0.,0.));
#5997=DIRECTION('center_axis',(0.,0.,-1.));
#5998=DIRECTION('ref_axis',(0.713478016373609,0.700677614992501,0.));
#5999=DIRECTION('center_axis',(0.,0.,1.));
#6000=DIRECTION('ref_axis',(0.713478016373609,0.700677614992501,0.));
#6001=DIRECTION('center_axis',(7.71341835234287E-17,1.,0.));
#6002=DIRECTION('ref_axis',(0.707106781186541,0.,0.707106781186554));
#6003=DIRECTION('',(-7.71341835234287E-17,-1.,0.));
#6004=DIRECTION('',(7.71341835234287E-17,1.,0.));
#6005=DIRECTION('center_axis',(-7.71341835234287E-17,-1.,0.));
#6006=DIRECTION('ref_axis',(-0.707106781186541,0.,0.707106781186554));
#6007=DIRECTION('',(-7.71341835234287E-17,-1.,0.));
#6008=DIRECTION('',(7.71341835234287E-17,1.,0.));
#6009=DIRECTION('center_axis',(0.,0.,1.));
#6010=DIRECTION('ref_axis',(1.,0.,0.));
#6011=DIRECTION('center_axis',(0.,0.,-1.));
#6012=DIRECTION('ref_axis',(0.707106781186546,-0.707106781186549,0.));
#6013=DIRECTION('center_axis',(0.,0.,1.));
#6014=DIRECTION('ref_axis',(0.707106781186546,-0.707106781186549,0.));
#6015=DIRECTION('center_axis',(1.,-7.71341835234287E-17,0.));
#6016=DIRECTION('ref_axis',(0.,-0.707106781186543,0.707106781186552));
#6017=DIRECTION('',(-1.,7.71341835234287E-17,0.));
#6018=DIRECTION('',(1.,-7.71341835234287E-17,0.));
#6019=DIRECTION('center_axis',(0.,0.,1.));
#6020=DIRECTION('ref_axis',(1.,0.,0.));
#6021=DIRECTION('center_axis',(0.,0.,1.));
#6022=DIRECTION('ref_axis',(-0.707106781186549,-0.707106781186546,0.));
#6023=DIRECTION('center_axis',(0.,0.,-1.));
#6024=DIRECTION('ref_axis',(-0.707106781186549,-0.707106781186546,0.));
#6025=DIRECTION('center_axis',(0.,0.,1.));
#6026=DIRECTION('ref_axis',(1.,0.,0.));
#6027=DIRECTION('center_axis',(0.,0.,1.));
#6028=DIRECTION('ref_axis',(-0.713508471702861,0.700646601938701,0.));
#6029=DIRECTION('center_axis',(0.,0.,-1.));
#6030=DIRECTION('ref_axis',(-0.713508471702861,0.700646601938701,0.));
#6031=DIRECTION('center_axis',(0.,0.,-1.));
#6032=DIRECTION('ref_axis',(-0.0939285147423615,0.995578944191918,0.));
#6033=DIRECTION('',(0.,0.,-1.));
#6034=DIRECTION('center_axis',(0.,0.,-1.));
#6035=DIRECTION('ref_axis',(0.707106781186546,-0.707106781186549,0.));
#6036=DIRECTION('',(0.,0.,-1.));
#6037=DIRECTION('center_axis',(7.71341835234287E-17,1.,0.));
#6038=DIRECTION('ref_axis',(1.,-7.71341835234287E-17,0.));
#6039=DIRECTION('',(0.,0.,-1.));
#6040=DIRECTION('',(-1.,7.71341835234287E-17,0.));
#6041=DIRECTION('center_axis',(0.,0.,-1.));
#6042=DIRECTION('ref_axis',(0.995578944191918,0.0939285147423633,0.));
#6043=DIRECTION('',(0.,0.,-1.));
#6044=DIRECTION('center_axis',(0.,0.,-1.));
#6045=DIRECTION('ref_axis',(-0.707106781186549,-0.707106781186546,0.));
#6046=DIRECTION('center_axis',(1.,-7.71341835234287E-17,0.));
#6047=DIRECTION('ref_axis',(-7.71341835234287E-17,-1.,0.));
#6048=DIRECTION('',(0.,0.,-1.));
#6049=DIRECTION('',(7.71341835234287E-17,1.,0.));
#6050=DIRECTION('center_axis',(0.,0.,-1.));
#6051=DIRECTION('ref_axis',(-1.,0.,0.));
#6052=DIRECTION('',(-1.,1.92835458808572E-16,0.));
#6053=DIRECTION('center_axis',(0.,0.,-1.));
#6054=DIRECTION('ref_axis',(0.973479523038036,0.228774164244211,0.));
#6055=DIRECTION('',(7.71341835234287E-17,1.,0.));
#6056=DIRECTION('center_axis',(0.,0.,-1.));
#6057=DIRECTION('ref_axis',(-0.00156333129332997,-0.999998777996887,0.));
#6058=DIRECTION('',(1.,-7.71341835234287E-17,0.));
#6059=DIRECTION('center_axis',(0.,0.,-1.));
#6060=DIRECTION('ref_axis',(-0.993385919532091,-0.114823407349642,0.));
#6061=DIRECTION('',(-1.53701288669991E-16,-1.,0.));
#6062=DIRECTION('center_axis',(0.,0.,-1.));
#6063=DIRECTION('ref_axis',(-0.228743403550514,0.973486751492863,0.));
#6064=DIRECTION('center_axis',(-1.,7.71341835234287E-17,0.));
#6065=DIRECTION('ref_axis',(0.,0.707106781186544,0.707106781186551));
#6066=DIRECTION('',(1.,-7.71341835234287E-17,0.));
#6067=DIRECTION('',(-1.,7.71341835234287E-17,0.));
#6068=DIRECTION('center_axis',(-7.71341835234287E-17,-1.,0.));
#6069=DIRECTION('ref_axis',(-0.707106781186541,0.,0.707106781186554));
#6070=DIRECTION('',(7.71341835234287E-17,1.,0.));
#6071=DIRECTION('',(-7.71341835234287E-17,-1.,0.));
#6072=DIRECTION('center_axis',(0.,0.,-1.));
#6073=DIRECTION('ref_axis',(-1.,0.,0.));
#6074=DIRECTION('center_axis',(0.,0.,1.));
#6075=DIRECTION('ref_axis',(0.713304883450913,0.700853867254137,0.));
#6076=DIRECTION('center_axis',(0.,0.,-1.));
#6077=DIRECTION('ref_axis',(0.713304883450913,0.700853867254137,0.));
#6078=DIRECTION('center_axis',(1.,-7.71341835234287E-17,0.));
#6079=DIRECTION('ref_axis',(0.,-0.707106781186541,0.707106781186554));
#6080=DIRECTION('',(-1.,7.71341835234287E-17,0.));
#6081=DIRECTION('',(1.,-7.71341835234287E-17,0.));
#6082=DIRECTION('center_axis',(0.,0.,-1.));
#6083=DIRECTION('ref_axis',(-1.,0.,0.));
#6084=DIRECTION('center_axis',(0.,0.,-1.));
#6085=DIRECTION('ref_axis',(-0.712549812276493,0.701621525485596,0.));
#6086=DIRECTION('center_axis',(0.,0.,1.));
#6087=DIRECTION('ref_axis',(-0.712549812276493,0.701621525485596,0.));
#6088=DIRECTION('center_axis',(7.71341835234287E-17,1.,0.));
#6089=DIRECTION('ref_axis',(0.707106781186541,0.,0.707106781186554));
#6090=DIRECTION('',(7.71341835234287E-17,1.,0.));
#6091=DIRECTION('',(-7.71341835234287E-17,-1.,0.));
#6092=DIRECTION('center_axis',(0.,0.,-1.));
#6093=DIRECTION('ref_axis',(-1.,0.,0.));
#6094=DIRECTION('center_axis',(0.,0.,-1.));
#6095=DIRECTION('ref_axis',(-0.702338519673812,-0.711843103346797,0.));
#6096=DIRECTION('center_axis',(0.,0.,1.));
#6097=DIRECTION('ref_axis',(-0.702338519673812,-0.711843103346797,0.));
#6098=DIRECTION('center_axis',(0.,0.,-1.));
#6099=DIRECTION('ref_axis',(-1.,0.,0.));
#6100=DIRECTION('center_axis',(0.,0.,1.));
#6101=DIRECTION('ref_axis',(0.707106781186546,-0.707106781186549,0.));
#6102=DIRECTION('center_axis',(0.,0.,-1.));
#6103=DIRECTION('ref_axis',(0.707106781186546,-0.707106781186549,0.));
#6104=DIRECTION('center_axis',(0.,0.,-1.));
#6105=DIRECTION('ref_axis',(-0.996403362048241,-0.0847368874750634,0.));
#6106=DIRECTION('',(0.,0.,-1.));
#6107=DIRECTION('center_axis',(0.,0.,1.));
#6108=DIRECTION('ref_axis',(-0.702338519673812,-0.711843103346797,0.));
#6109=DIRECTION('',(0.,0.,-1.));
#6110=DIRECTION('center_axis',(-7.71341835234287E-17,-1.,0.));
#6111=DIRECTION('ref_axis',(-1.,7.71341835234287E-17,0.));
#6112=DIRECTION('',(0.,0.,-1.));
#6113=DIRECTION('',(1.,-7.71341835234287E-17,0.));
#6114=DIRECTION('center_axis',(0.,0.,-1.));
#6115=DIRECTION('ref_axis',(0.0723148593462374,-0.997381853212567,0.));
#6116=DIRECTION('',(0.,0.,-1.));
#6117=DIRECTION('center_axis',(0.,0.,1.));
#6118=DIRECTION('ref_axis',(0.707106781186546,-0.707106781186549,0.));
#6119=DIRECTION('center_axis',(1.,-7.71341835234287E-17,0.));
#6120=DIRECTION('ref_axis',(-7.71341835234287E-17,-1.,0.));
#6121=DIRECTION('',(0.,0.,-1.));
#6122=DIRECTION('',(7.71341835234287E-17,1.,0.));
#6123=DIRECTION('center_axis',(0.,0.,-1.));
#6124=DIRECTION('ref_axis',(-1.,0.,0.));
#6125=DIRECTION('center_axis',(0.,0.,-1.));
#6126=DIRECTION('ref_axis',(0.998502699787989,0.0547024543882449,0.));
#6127=DIRECTION('',(-1.,7.71341835234287E-17,0.));
#6128=DIRECTION('center_axis',(0.,0.,-1.));
#6129=DIRECTION('ref_axis',(-0.054702454388243,0.998502699787989,0.));
#6130=DIRECTION('',(-7.71341835234287E-17,-1.,0.));
#6131=DIRECTION('center_axis',(0.,0.,-1.));
#6132=DIRECTION('ref_axis',(-0.997168706961476,-0.0751968739827598,0.));
#6133=DIRECTION('',(1.,-7.71341835234287E-17,0.));
#6134=DIRECTION('center_axis',(0.,0.,-1.));
#6135=DIRECTION('ref_axis',(0.0896914342342036,-0.995969601255486,0.));
#6136=DIRECTION('',(7.71341835234287E-17,1.,0.));
#6137=DIRECTION('center_axis',(0.,0.,-1.));
#6138=DIRECTION('ref_axis',(-1.,0.,0.));
#6139=DIRECTION('center_axis',(0.,0.,-1.));
#6140=DIRECTION('ref_axis',(-0.702338519673812,-0.711843103346797,0.));
#6141=DIRECTION('center_axis',(7.71341835234287E-17,1.,0.));
#6142=DIRECTION('ref_axis',(-0.707106781186541,0.,-0.707106781186554));
#6143=DIRECTION('',(7.71341835234287E-17,1.,0.));
#6144=DIRECTION('',(-7.71341835234287E-17,-1.,0.));
#6145=DIRECTION('center_axis',(0.,0.,-1.));
#6146=DIRECTION('ref_axis',(-1.,0.,0.));
#6147=DIRECTION('center_axis',(0.,0.,-1.));
#6148=DIRECTION('ref_axis',(-0.712549812276492,0.701621525485596,0.));
#6149=DIRECTION('center_axis',(0.,0.,1.));
#6150=DIRECTION('ref_axis',(-0.712549812276493,0.701621525485596,0.));
#6151=DIRECTION('center_axis',(1.,-7.71341835234287E-17,0.));
#6152=DIRECTION('ref_axis',(0.,0.707106781186541,-0.707106781186554));
#6153=DIRECTION('',(-1.,7.71341835234287E-17,0.));
#6154=DIRECTION('',(1.,-7.71341835234287E-17,0.));
#6155=DIRECTION('center_axis',(0.,0.,-1.));
#6156=DIRECTION('ref_axis',(-1.,0.,0.));
#6157=DIRECTION('center_axis',(0.,0.,1.));
#6158=DIRECTION('ref_axis',(0.713304883450913,0.700853867254137,0.));
#6159=DIRECTION('center_axis',(0.,0.,-1.));
#6160=DIRECTION('ref_axis',(0.713304883450913,0.700853867254137,0.));
#6161=DIRECTION('center_axis',(-7.71341835234287E-17,-1.,0.));
#6162=DIRECTION('ref_axis',(0.707106781186541,0.,-0.707106781186554));
#6163=DIRECTION('',(-7.71341835234287E-17,-1.,0.));
#6164=DIRECTION('center_axis',(0.,0.,-1.));
#6165=DIRECTION('ref_axis',(-1.,0.,0.));
#6166=DIRECTION('center_axis',(0.,0.,-1.));
#6167=DIRECTION('ref_axis',(0.707106781186546,-0.707106781186549,0.));
#6168=DIRECTION('center_axis',(-1.,7.71341835234287E-17,0.));
#6169=DIRECTION('ref_axis',(0.,-0.707106781186543,-0.707106781186552));
#6170=DIRECTION('',(-1.,7.71341835234287E-17,0.));
#6171=DIRECTION('center_axis',(0.,0.,1.));
#6172=DIRECTION('ref_axis',(1.,0.,0.));
#6173=DIRECTION('center_axis',(0.,0.,1.));
#6174=DIRECTION('ref_axis',(-0.71350847170286,0.700646601938701,0.));
#6175=DIRECTION('',(-1.,7.71341835234287E-17,0.));
#6176=DIRECTION('center_axis',(0.,0.,1.));
#6177=DIRECTION('ref_axis',(0.713478016373609,0.700677614992501,0.));
#6178=DIRECTION('',(7.71341835234287E-17,1.,0.));
#6179=DIRECTION('center_axis',(0.,0.,1.));
#6180=DIRECTION('ref_axis',(0.707106781186546,-0.707106781186549,0.));
#6181=DIRECTION('',(1.,-7.71341835234287E-17,0.));
#6182=DIRECTION('center_axis',(0.,0.,1.));
#6183=DIRECTION('ref_axis',(-0.707106781186549,-0.707106781186546,0.));
#6184=DIRECTION('',(-7.71341835234287E-17,-1.,0.));
#6185=DIRECTION('center_axis',(0.,0.,1.));
#6186=DIRECTION('ref_axis',(1.,0.,0.));
#6187=DIRECTION('center_axis',(0.,0.,-1.));
#6188=DIRECTION('ref_axis',(-0.71350847170286,0.700646601938701,0.));
#6189=DIRECTION('center_axis',(-7.71341835234287E-17,-1.,0.));
#6190=DIRECTION('ref_axis',(0.707106781186541,0.,-0.707106781186554));
#6191=DIRECTION('center_axis',(0.,0.,1.));
#6192=DIRECTION('ref_axis',(1.,0.,0.));
#6193=DIRECTION('center_axis',(1.,-7.71341835234287E-17,0.));
#6194=DIRECTION('ref_axis',(0.,0.707106781186543,-0.707106781186552));
#6195=DIRECTION('center_axis',(0.,0.,1.));
#6196=DIRECTION('ref_axis',(1.,0.,0.));
#6197=DIRECTION('center_axis',(7.71341835234287E-17,1.,0.));
#6198=DIRECTION('ref_axis',(-0.707106781186541,0.,-0.707106781186554));
#6199=DIRECTION('',(-7.71341835234287E-17,-1.,0.));
#6200=DIRECTION('center_axis',(0.,0.,1.));
#6201=DIRECTION('ref_axis',(1.,0.,0.));
#6202=DIRECTION('center_axis',(0.,0.,-1.));
#6203=DIRECTION('ref_axis',(0.713478016373609,0.700677614992501,0.));
#6204=DIRECTION('center_axis',(-1.,7.71341835234287E-17,0.));
#6205=DIRECTION('ref_axis',(0.,-0.707106781186541,-0.707106781186554));
#6206=DIRECTION('',(1.,-7.71341835234287E-17,0.));
#6207=DIRECTION('center_axis',(-1.,7.71341835234287E-17,0.));
#6208=DIRECTION('ref_axis',(7.71341835234287E-17,1.,0.));
#6209=DIRECTION('',(0.,0.,-1.));
#6210=DIRECTION('center_axis',(0.,0.,-1.));
#6211=DIRECTION('ref_axis',(-0.994810671978215,-0.101743436733053,0.));
#6212=DIRECTION('',(0.,0.,-1.));
#6213=DIRECTION('center_axis',(-7.71341835234287E-17,-1.,0.));
#6214=DIRECTION('ref_axis',(-1.,7.71341835234287E-17,0.));
#6215=DIRECTION('',(0.,0.,-1.));
#6216=DIRECTION('center_axis',(0.,0.,-1.));
#6217=DIRECTION('ref_axis',(0.119811622402755,-0.992796643395424,0.));
#6218=DIRECTION('center_axis',(0.,0.,-1.));
#6219=DIRECTION('ref_axis',(0.973479523038036,0.228774164244211,0.));
#6220=DIRECTION('',(0.,0.,-1.));
#6221=DIRECTION('',(0.,0.,-1.));
#6222=DIRECTION('center_axis',(1.,-7.71341835234287E-17,0.));
#6223=DIRECTION('ref_axis',(-7.71341835234287E-17,-1.,0.));
#6224=DIRECTION('',(0.,0.,-1.));
#6225=DIRECTION('center_axis',(0.,0.,-1.));
#6226=DIRECTION('ref_axis',(-0.00156333129332997,-0.999998777996887,0.));
#6227=DIRECTION('',(0.,0.,-1.));
#6228=DIRECTION('center_axis',(-7.71341835234287E-17,-1.,0.));
#6229=DIRECTION('ref_axis',(-1.,7.71341835234287E-17,0.));
#6230=DIRECTION('',(0.,0.,-1.));
#6231=DIRECTION('center_axis',(0.,0.,-1.));
#6232=DIRECTION('ref_axis',(-0.993385919532091,-0.114823407349642,0.));
#6233=DIRECTION('',(0.,0.,-1.));
#6234=DIRECTION('center_axis',(-1.,1.53701288669991E-16,0.));
#6235=DIRECTION('ref_axis',(1.53701288669991E-16,1.,0.));
#6236=DIRECTION('',(0.,0.,-1.));
#6237=DIRECTION('center_axis',(0.,0.,-1.));
#6238=DIRECTION('ref_axis',(-0.228743403550514,0.973486751492863,0.));
#6239=DIRECTION('',(0.,0.,-1.));
#6240=DIRECTION('center_axis',(1.92835458808572E-16,1.,0.));
#6241=DIRECTION('ref_axis',(1.,-1.92835458808572E-16,0.));
#6242=DIRECTION('center_axis',(0.,0.,-1.));
#6243=DIRECTION('ref_axis',(0.996069775122155,0.0885720220391219,0.));
#6244=DIRECTION('',(0.,0.,-1.));
#6245=DIRECTION('center_axis',(7.71341835234287E-17,1.,0.));
#6246=DIRECTION('ref_axis',(1.,-7.71341835234287E-17,0.));
#6247=DIRECTION('',(0.,0.,-1.));
#6248=DIRECTION('center_axis',(0.,0.,-1.));
#6249=DIRECTION('ref_axis',(-0.104159652311198,0.994560589823672,0.));
#6250=DIRECTION('',(0.,0.,-1.));
#6251=DIRECTION('center_axis',(-1.,7.71341835234287E-17,0.));
#6252=DIRECTION('ref_axis',(7.71341835234287E-17,1.,0.));
#6253=DIRECTION('center_axis',(1.,-7.71341835234287E-17,0.));
#6254=DIRECTION('ref_axis',(0.,-0.707106781186548,0.707106781186547));
#6255=DIRECTION('',(-1.,7.71341835234287E-17,0.));
#6256=DIRECTION('center_axis',(0.,0.,1.));
#6257=DIRECTION('ref_axis',(1.,0.,0.));
#6258=DIRECTION('center_axis',(0.,0.,-1.));
#6259=DIRECTION('ref_axis',(0.712230191337244,0.701945976943891,0.));
#6260=DIRECTION('center_axis',(-1.,7.71341835234287E-17,0.));
#6261=DIRECTION('ref_axis',(0.,0.707106781186548,0.707106781186547));
#6262=DIRECTION('',(1.,-7.71341835234287E-17,0.));
#6263=DIRECTION('center_axis',(7.71341835234287E-17,1.,0.));
#6264=DIRECTION('ref_axis',(0.707106781186548,0.,0.707106781186547));
#6265=DIRECTION('',(-7.71341835234287E-17,-1.,0.));
#6266=DIRECTION('center_axis',(0.,0.,1.));
#6267=DIRECTION('ref_axis',(1.,0.,0.));
#6268=DIRECTION('center_axis',(0.,0.,-1.));
#6269=DIRECTION('ref_axis',(-0.712230191337247,0.701945976943887,0.));
#6270=DIRECTION('center_axis',(0.,0.,1.));
#6271=DIRECTION('ref_axis',(1.,0.,0.));
#6272=DIRECTION('center_axis',(0.,0.,-1.));
#6273=DIRECTION('ref_axis',(0.707106781186547,-0.707106781186548,0.));
#6274=DIRECTION('center_axis',(7.71341835234287E-17,1.,0.));
#6275=DIRECTION('ref_axis',(1.,-7.71341835234287E-17,0.));
#6276=DIRECTION('',(0.,0.,-1.));
#6277=DIRECTION('',(1.,-7.71341835234287E-17,0.));
#6278=DIRECTION('',(0.,0.,-1.));
#6279=DIRECTION('',(0.,0.,-1.));
#6280=DIRECTION('center_axis',(0.,0.,-1.));
#6281=DIRECTION('ref_axis',(-0.054702454388243,0.998502699787989,0.));
#6282=DIRECTION('',(0.,0.,-1.));
#6283=DIRECTION('center_axis',(0.,0.,1.));
#6284=DIRECTION('ref_axis',(-0.998502699787989,0.0547024543882431,0.));
#6285=DIRECTION('center_axis',(-1.,7.71341835234287E-17,0.));
#6286=DIRECTION('ref_axis',(7.71341835234287E-17,1.,0.));
#6287=DIRECTION('',(0.,0.,-1.));
#6288=DIRECTION('',(7.71341835234287E-17,1.,0.));
#6289=DIRECTION('center_axis',(0.,0.,-1.));
#6290=DIRECTION('ref_axis',(-0.997168706961476,-0.0751968739827598,0.));
#6291=DIRECTION('',(0.,0.,-1.));
#6292=DIRECTION('center_axis',(0.,0.,1.));
#6293=DIRECTION('ref_axis',(-0.0896914342342042,-0.995969601255486,0.));
#6294=DIRECTION('center_axis',(1.,-7.71341835234287E-17,0.));
#6295=DIRECTION('ref_axis',(-7.71341835234287E-17,-1.,0.));
#6296=DIRECTION('',(0.,0.,-1.));
#6297=DIRECTION('',(7.71341835234287E-17,1.,0.));
#6298=DIRECTION('',(0.,0.,-1.));
#6299=DIRECTION('center_axis',(0.,0.,-1.));
#6300=DIRECTION('ref_axis',(0.998502699787989,0.0547024543882449,0.));
#6301=DIRECTION('center_axis',(0.,0.,-1.));
#6302=DIRECTION('ref_axis',(0.998502699787989,0.0547024543882449,0.));
#6303=DIRECTION('',(0.,0.,-1.));
#6304=DIRECTION('center_axis',(0.,0.,-1.));
#6305=DIRECTION('ref_axis',(0.998502699787989,0.0547024543882449,0.));
#6306=DIRECTION('center_axis',(0.,0.,1.));
#6307=DIRECTION('ref_axis',(0.998502699787989,0.0547024543882449,0.));
#6308=DIRECTION('',(0.,0.,-1.));
#6309=DIRECTION('center_axis',(0.,0.,-1.));
#6310=DIRECTION('ref_axis',(0.0896914342342036,-0.995969601255486,0.));
#6311=DIRECTION('',(0.,0.,-1.));
#6312=DIRECTION('center_axis',(0.,0.,-1.));
#6313=DIRECTION('ref_axis',(0.0896914342342036,-0.995969601255486,0.));
#6314=DIRECTION('center_axis',(-7.71341835234287E-17,-1.,0.));
#6315=DIRECTION('ref_axis',(-1.,7.71341835234287E-17,0.));
#6316=DIRECTION('',(0.,0.,-1.));
#6317=DIRECTION('',(1.,-7.71341835234287E-17,0.));
#6318=DIRECTION('center_axis',(0.,0.,-1.));
#6319=DIRECTION('ref_axis',(-0.997168706961476,-0.0751968739827598,0.));
#6320=DIRECTION('',(0.,0.,-1.));
#6321=DIRECTION('center_axis',(0.,0.,-1.));
#6322=DIRECTION('ref_axis',(-0.997168706961476,-0.0751968739827598,0.));
#6323=DIRECTION('center_axis',(-7.71341835234287E-17,-1.,0.));
#6324=DIRECTION('ref_axis',(-1.,7.71341835234287E-17,0.));
#6325=DIRECTION('',(1.,-7.71341835234287E-17,0.));
#6326=DIRECTION('',(0.,0.,1.));
#6327=DIRECTION('',(-1.,7.71341835234287E-17,0.));
#6328=DIRECTION('',(0.,0.,-1.));
#6329=DIRECTION('center_axis',(7.71341835234287E-17,1.,0.));
#6330=DIRECTION('ref_axis',(1.,-7.71341835234287E-17,0.));
#6331=DIRECTION('',(-1.,7.71341835234287E-17,0.));
#6332=DIRECTION('',(0.,0.,1.));
#6333=DIRECTION('',(1.,-7.71341835234287E-17,0.));
#6334=DIRECTION('',(0.,0.,-1.));
#6335=DIRECTION('center_axis',(1.,-7.71341835234287E-17,0.));
#6336=DIRECTION('ref_axis',(-7.71341835234287E-17,-1.,0.));
#6337=DIRECTION('',(7.71341835234287E-17,1.,0.));
#6338=DIRECTION('',(0.,0.,1.));
#6339=DIRECTION('',(-7.71341835234287E-17,-1.,0.));
#6340=DIRECTION('',(0.,0.,-1.));
#6341=DIRECTION('center_axis',(-1.,7.71341835234287E-17,0.));
#6342=DIRECTION('ref_axis',(7.71341835234287E-17,1.,0.));
#6343=DIRECTION('',(-7.71341835234287E-17,-1.,0.));
#6344=DIRECTION('',(0.,0.,1.));
#6345=DIRECTION('',(7.71341835234287E-17,1.,0.));
#6346=DIRECTION('',(0.,0.,-1.));
#6347=DIRECTION('center_axis',(1.,-7.71341835234287E-17,0.));
#6348=DIRECTION('ref_axis',(-7.71341835234287E-17,-1.,0.));
#6349=DIRECTION('',(7.71341835234287E-17,1.,0.));
#6350=DIRECTION('',(0.,0.,1.));
#6351=DIRECTION('',(-7.71341835234287E-17,-1.,0.));
#6352=DIRECTION('',(0.,0.,-1.));
#6353=DIRECTION('center_axis',(-1.,7.71341835234287E-17,0.));
#6354=DIRECTION('ref_axis',(7.71341835234287E-17,1.,0.));
#6355=DIRECTION('',(-7.71341835234287E-17,-1.,0.));
#6356=DIRECTION('',(0.,0.,1.));
#6357=DIRECTION('',(7.71341835234287E-17,1.,0.));
#6358=DIRECTION('',(0.,0.,-1.));
#6359=DIRECTION('center_axis',(7.71341835234287E-17,1.,0.));
#6360=DIRECTION('ref_axis',(1.,-7.71341835234287E-17,0.));
#6361=DIRECTION('',(-1.,7.71341835234287E-17,0.));
#6362=DIRECTION('',(0.,0.,1.));
#6363=DIRECTION('',(1.,-7.71341835234287E-17,0.));
#6364=DIRECTION('',(0.,0.,-1.));
#6365=DIRECTION('center_axis',(-7.71341835234287E-17,-1.,0.));
#6366=DIRECTION('ref_axis',(-1.,7.71341835234287E-17,0.));
#6367=DIRECTION('',(1.,-7.71341835234287E-17,0.));
#6368=DIRECTION('',(0.,0.,1.));
#6369=DIRECTION('',(-1.,7.71341835234287E-17,0.));
#6370=DIRECTION('',(0.,0.,-1.));
#6371=DIRECTION('center_axis',(1.,-7.71341835234287E-17,0.));
#6372=DIRECTION('ref_axis',(-7.71341835234287E-17,-1.,0.));
#6373=DIRECTION('',(7.71341835234287E-17,1.,0.));
#6374=DIRECTION('',(0.,0.,-1.));
#6375=DIRECTION('',(-7.71341835234287E-17,-1.,0.));
#6376=DIRECTION('center_axis',(1.,-7.71341835234287E-17,0.));
#6377=DIRECTION('ref_axis',(-7.71341835234287E-17,-1.,0.));
#6378=DIRECTION('',(-7.71341835234287E-17,-1.,0.));
#6379=DIRECTION('',(0.,0.,-1.));
#6380=DIRECTION('',(7.71341835234287E-17,1.,0.));
#6381=DIRECTION('center_axis',(-1.,7.71341835234287E-17,0.));
#6382=DIRECTION('ref_axis',(-7.71341835234287E-17,-1.,0.));
#6383=DIRECTION('',(-7.71341835234287E-17,-1.,0.));
#6384=DIRECTION('',(0.,0.,1.));
#6385=DIRECTION('',(-7.71341835234287E-17,-1.,0.));
#6386=DIRECTION('center_axis',(-1.,7.71341835234287E-17,0.));
#6387=DIRECTION('ref_axis',(-7.71341835234287E-17,-1.,0.));
#6388=DIRECTION('',(-7.71341835234287E-17,-1.,0.));
#6389=DIRECTION('',(0.,0.,1.));
#6390=DIRECTION('',(-7.71341835234287E-17,-1.,0.));
#6391=DIRECTION('center_axis',(-7.71341835234287E-17,-1.,0.));
#6392=DIRECTION('ref_axis',(-1.,7.71341835234287E-17,0.));
#6393=DIRECTION('',(1.,-7.71341835234287E-17,0.));
#6394=DIRECTION('',(0.,0.,-1.));
#6395=DIRECTION('',(-1.,7.71341835234287E-17,0.));
#6396=DIRECTION('center_axis',(-7.71341835234287E-17,-1.,0.));
#6397=DIRECTION('ref_axis',(-1.,7.71341835234287E-17,0.));
#6398=DIRECTION('',(-1.,7.71341835234287E-17,0.));
#6399=DIRECTION('',(0.,0.,-1.));
#6400=DIRECTION('',(1.,-7.71341835234287E-17,0.));
#6401=DIRECTION('center_axis',(7.71341835234287E-17,1.,0.));
#6402=DIRECTION('ref_axis',(-1.,7.71341835234287E-17,0.));
#6403=DIRECTION('',(-1.,7.71341835234287E-17,0.));
#6404=DIRECTION('',(0.,0.,1.));
#6405=DIRECTION('',(-1.,7.71341835234287E-17,0.));
#6406=DIRECTION('center_axis',(7.71341835234287E-17,1.,0.));
#6407=DIRECTION('ref_axis',(-1.,7.71341835234287E-17,0.));
#6408=DIRECTION('',(-1.,7.71341835234287E-17,0.));
#6409=DIRECTION('',(0.,0.,1.));
#6410=DIRECTION('',(-1.,7.71341835234287E-17,0.));
#6411=DIRECTION('center_axis',(-1.3336005259002E-15,1.,0.));
#6412=DIRECTION('ref_axis',(1.,1.3336005259002E-15,0.));
#6413=DIRECTION('',(-1.,-1.3336005259002E-15,0.));
#6414=DIRECTION('',(0.,0.,-1.));
#6415=DIRECTION('',(1.,1.3336005259002E-15,0.));
#6416=DIRECTION('center_axis',(-1.3336005259002E-15,1.,0.));
#6417=DIRECTION('ref_axis',(1.,1.3336005259002E-15,0.));
#6418=DIRECTION('',(1.,1.3336005259002E-15,0.));
#6419=DIRECTION('',(0.,0.,-1.));
#6420=DIRECTION('',(-1.,-1.3336005259002E-15,0.));
#6421=DIRECTION('center_axis',(-7.71341835234287E-17,-1.,0.));
#6422=DIRECTION('ref_axis',(1.,-7.71341835234287E-17,0.));
#6423=DIRECTION('',(1.,-7.71341835234287E-17,0.));
#6424=DIRECTION('',(0.,0.,1.));
#6425=DIRECTION('',(1.,-7.71341835234287E-17,0.));
#6426=DIRECTION('center_axis',(-7.71341835234287E-17,-1.,0.));
#6427=DIRECTION('ref_axis',(1.,-7.71341835234287E-17,0.));
#6428=DIRECTION('',(1.,-7.71341835234287E-17,0.));
#6429=DIRECTION('',(0.,0.,1.));
#6430=DIRECTION('',(1.,-7.71341835234287E-17,0.));
#6431=DIRECTION('center_axis',(-1.,-5.3540265764908E-16,0.));
#6432=DIRECTION('ref_axis',(-5.3540265764908E-16,1.,0.));
#6433=DIRECTION('',(5.3540265764908E-16,-1.,0.));
#6434=DIRECTION('',(0.,0.,-1.));
#6435=DIRECTION('',(-5.3540265764908E-16,1.,0.));
#6436=DIRECTION('center_axis',(-1.,-5.3540265764908E-16,0.));
#6437=DIRECTION('ref_axis',(-5.3540265764908E-16,1.,0.));
#6438=DIRECTION('',(-5.3540265764908E-16,1.,0.));
#6439=DIRECTION('',(0.,0.,-1.));
#6440=DIRECTION('',(5.3540265764908E-16,-1.,0.));
#6441=DIRECTION('center_axis',(1.,-7.71341835234287E-17,0.));
#6442=DIRECTION('ref_axis',(7.71341835234287E-17,1.,0.));
#6443=DIRECTION('',(7.71341835234287E-17,1.,0.));
#6444=DIRECTION('',(0.,0.,1.));
#6445=DIRECTION('',(7.71341835234287E-17,1.,0.));
#6446=DIRECTION('center_axis',(0.,0.,-1.));
#6447=DIRECTION('ref_axis',(-1.,0.,0.));
#6448=DIRECTION('center_axis',(0.,0.,-1.));
#6449=DIRECTION('ref_axis',(0.0709108391946183,-0.997482657936826,0.));
#6450=DIRECTION('center_axis',(0.,0.,-1.));
#6451=DIRECTION('ref_axis',(-0.0824136968035281,0.996598205185608,0.));
#6452=DIRECTION('center_axis',(0.,0.,-1.));
#6453=DIRECTION('ref_axis',(-1.,0.,0.));
#6454=DIRECTION('center_axis',(0.,0.,-1.));
#6455=DIRECTION('ref_axis',(-0.998846321179998,-0.0480211064552227,0.));
#6456=DIRECTION('',(7.71341835234287E-17,1.,0.));
#6457=DIRECTION('center_axis',(0.,0.,-1.));
#6458=DIRECTION('ref_axis',(0.99925494421623,0.0385947724364105,0.));
#6459=DIRECTION('center_axis',(0.,0.,-1.));
#6460=DIRECTION('ref_axis',(-1.,0.,0.));
#6461=DIRECTION('center_axis',(0.,0.,-1.));
#6462=DIRECTION('ref_axis',(0.0480211064552226,-0.998846321179998,0.));
#6463=DIRECTION('center_axis',(0.,0.,-1.));
#6464=DIRECTION('ref_axis',(-0.0385947724364088,0.999254944216231,0.));
#6465=DIRECTION('center_axis',(0.,0.,-1.));
#6466=DIRECTION('ref_axis',(-1.,0.,0.));
#6467=DIRECTION('center_axis',(0.,0.,-1.));
#6468=DIRECTION('ref_axis',(-0.99821441062319,-0.059732657936826,0.));
#6469=DIRECTION('center_axis',(0.,0.,-1.));
#6470=DIRECTION('ref_axis',(0.997601196803528,0.0692232051856046,0.));
#6471=DIRECTION('center_axis',(0.,0.,1.));
#6472=DIRECTION('ref_axis',(-0.99821441062319,-0.059732657936826,0.));
#6473=DIRECTION('center_axis',(0.,0.,-1.));
#6474=DIRECTION('ref_axis',(-0.99821441062319,-0.059732657936826,0.));
#6475=DIRECTION('center_axis',(-7.71341835234287E-17,-1.,0.));
#6476=DIRECTION('ref_axis',(1.,-7.71341835234287E-17,0.));
#6477=DIRECTION('',(-1.,7.71341835234287E-17,0.));
#6478=DIRECTION('',(0.,0.,1.));
#6479=DIRECTION('',(1.,-7.71341835234287E-17,0.));
#6480=DIRECTION('',(0.,0.,1.));
#6481=DIRECTION('center_axis',(0.,0.,1.));
#6482=DIRECTION('ref_axis',(-0.0385947724364088,0.999254944216231,0.));
#6483=DIRECTION('center_axis',(0.,0.,-1.));
#6484=DIRECTION('ref_axis',(-0.0385947724364088,0.999254944216231,0.));
#6485=DIRECTION('center_axis',(0.,0.,-1.));
#6486=DIRECTION('ref_axis',(0.0535101021517774,0.998567308180929,0.));
#6487=DIRECTION('center_axis',(0.,0.,-1.));
#6488=DIRECTION('ref_axis',(0.0535101021517774,0.998567308180929,0.));
#6489=DIRECTION('center_axis',(0.,0.,1.));
#6490=DIRECTION('ref_axis',(0.0535101021517774,0.998567308180929,0.));
#6491=DIRECTION('',(0.,0.,-1.));
#6492=DIRECTION('center_axis',(0.,0.,-1.));
#6493=DIRECTION('ref_axis',(-1.,0.,0.));
#6494=DIRECTION('center_axis',(0.,0.,1.));
#6495=DIRECTION('ref_axis',(-0.99821441062319,-0.059732657936826,0.));
#6496=DIRECTION('',(7.71341835234287E-17,1.,0.));
#6497=DIRECTION('center_axis',(0.,0.,1.));
#6498=DIRECTION('ref_axis',(-0.0385947724364088,0.999254944216231,0.));
#6499=DIRECTION('',(1.,-7.71341835234287E-17,0.));
#6500=DIRECTION('center_axis',(0.,0.,1.));
#6501=DIRECTION('ref_axis',(0.99925494421623,0.0385947724364105,0.));
#6502=DIRECTION('',(-7.71341835234287E-17,-1.,0.));
#6503=DIRECTION('center_axis',(0.,0.,1.));
#6504=DIRECTION('ref_axis',(0.0709108391946183,-0.997482657936826,0.));
#6505=DIRECTION('center_axis',(0.,0.,1.));
#6506=DIRECTION('ref_axis',(0.997168706961476,-0.0751968739827493,0.));
#6507=DIRECTION('',(-7.71341835234287E-17,-1.,0.));
#6508=DIRECTION('',(-1.,7.71341835234287E-17,0.));
#6509=DIRECTION('center_axis',(0.,0.,1.));
#6510=DIRECTION('ref_axis',(1.,0.,0.));
#6511=DIRECTION('',(7.71341835234287E-17,1.,0.));
#6512=DIRECTION('center_axis',(1.,-7.71341835234287E-17,0.));
#6513=DIRECTION('ref_axis',(-7.71341835234287E-17,-1.,0.));
#6514=DIRECTION('',(0.,0.,-1.));
#6515=DIRECTION('center_axis',(0.,0.,-1.));
#6516=DIRECTION('ref_axis',(0.0896914342342036,-0.995969601255486,0.));
#6517=DIRECTION('',(0.,0.,-1.));
#6518=DIRECTION('center_axis',(-7.71341835234287E-17,-1.,0.));
#6519=DIRECTION('ref_axis',(-1.,7.71341835234287E-17,0.));
#6520=DIRECTION('center_axis',(-1.,7.71341835234287E-17,0.));
#6521=DIRECTION('ref_axis',(7.71341835234287E-17,1.,0.));
#6522=DIRECTION('',(0.,0.,-1.));
#6523=DIRECTION('',(-7.71341835234287E-17,-1.,0.));
#6524=DIRECTION('center_axis',(0.,0.,-1.));
#6525=DIRECTION('ref_axis',(-0.054702454388243,0.998502699787989,0.));
#6526=DIRECTION('',(0.,0.,-1.));
#6527=DIRECTION('center_axis',(0.,0.,-1.));
#6528=DIRECTION('ref_axis',(-0.054702454388243,0.998502699787989,0.));
#6529=DIRECTION('center_axis',(7.71341835234287E-17,1.,0.));
#6530=DIRECTION('ref_axis',(1.,-7.71341835234287E-17,0.));
#6531=DIRECTION('',(-1.,7.71341835234287E-17,0.));
#6532=DIRECTION('center_axis',(0.,0.,-1.));
#6533=DIRECTION('ref_axis',(0.0480211064552226,-0.998846321179998,0.));
#6534=DIRECTION('center_axis',(0.,0.,1.));
#6535=DIRECTION('ref_axis',(0.0480211064552226,-0.998846321179998,0.));
#6536=DIRECTION('center_axis',(0.,0.,-1.));
#6537=DIRECTION('ref_axis',(0.997601196803528,0.0692232051856046,0.));
#6538=DIRECTION('center_axis',(0.,0.,1.));
#6539=DIRECTION('ref_axis',(0.997601196803528,0.0692232051856046,0.));
#6540=DIRECTION('center_axis',(0.,0.,-1.));
#6541=DIRECTION('ref_axis',(-0.0824136968035281,0.996598205185608,0.));
#6542=DIRECTION('center_axis',(0.,0.,1.));
#6543=DIRECTION('ref_axis',(-0.0824136968035281,0.996598205185608,0.));
#6544=DIRECTION('center_axis',(0.,0.,-1.));
#6545=DIRECTION('ref_axis',(-0.998846321179998,-0.0480211064552227,0.));
#6546=DIRECTION('center_axis',(0.,0.,1.));
#6547=DIRECTION('ref_axis',(-0.998846321179998,-0.0480211064552227,0.));
#6548=DIRECTION('center_axis',(0.,0.,1.));
#6549=DIRECTION('ref_axis',(1.,0.,0.));
#6550=DIRECTION('center_axis',(0.,0.,1.));
#6551=DIRECTION('ref_axis',(0.998436336578937,0.055900642204115,0.));
#6552=DIRECTION('',(-1.,-1.24399346394233E-16,0.));
#6553=DIRECTION('center_axis',(0.,0.,1.));
#6554=DIRECTION('ref_axis',(-0.0662863365789371,0.997800642204115,0.));
#6555=DIRECTION('',(-7.71341835234287E-17,-1.,0.));
#6556=DIRECTION('center_axis',(0.,0.,1.));
#6557=DIRECTION('ref_axis',(-0.999382199751784,-0.0351456799519469,0.));
#6558=DIRECTION('',(1.,-7.71341835234287E-17,0.));
#6559=DIRECTION('center_axis',(0.,0.,1.));
#6560=DIRECTION('ref_axis',(0.0351456799519461,-0.999382199751784,0.));
#6561=DIRECTION('',(7.71341835234287E-17,1.,0.));
#6562=DIRECTION('center_axis',(0.,0.,-1.));
#6563=DIRECTION('ref_axis',(0.0709108391946183,-0.997482657936826,0.));
#6564=DIRECTION('center_axis',(0.,0.,-1.));
#6565=DIRECTION('ref_axis',(0.99925494421623,0.0385947724364105,0.));
#6566=DIRECTION('',(7.71341835234287E-17,1.,0.));
#6567=DIRECTION('center_axis',(0.,0.,1.));
#6568=DIRECTION('ref_axis',(0.0709108391946183,-0.997482657936826,0.));
#6569=DIRECTION('',(0.,0.,1.));
#6570=DIRECTION('center_axis',(0.,0.,-1.));
#6571=DIRECTION('ref_axis',(0.0709108391946183,-0.997482657936826,0.));
#6572=DIRECTION('center_axis',(0.,0.,1.));
#6573=DIRECTION('ref_axis',(0.99925494421623,0.0385947724364105,0.));
#6574=DIRECTION('',(0.,0.,1.));
#6575=DIRECTION('center_axis',(1.,-7.71341835234287E-17,0.));
#6576=DIRECTION('ref_axis',(7.71341835234287E-17,1.,0.));
#6577=DIRECTION('',(0.,0.,1.));
#6578=DIRECTION('',(7.71341835234287E-17,1.,0.));
#6579=DIRECTION('center_axis',(0.,0.,1.));
#6580=DIRECTION('ref_axis',(0.0709108391946183,-0.997482657936826,0.));
#6581=DIRECTION('center_axis',(1.,-7.71341835234287E-17,0.));
#6582=DIRECTION('ref_axis',(7.71341835234287E-17,1.,0.));
#6583=DIRECTION('center_axis',(0.,0.,1.));
#6584=DIRECTION('ref_axis',(0.99925494421623,0.0385947724364105,0.));
#6585=DIRECTION('',(0.,0.,1.));
#6586=DIRECTION('center_axis',(0.,0.,-1.));
#6587=DIRECTION('ref_axis',(0.99925494421623,0.0385947724364105,0.));
#6588=DIRECTION('center_axis',(0.,0.,1.));
#6589=DIRECTION('ref_axis',(-1.,3.26471799196717E-16,0.));
#6590=DIRECTION('center_axis',(0.,0.,-1.));
#6591=DIRECTION('ref_axis',(-1.,0.,0.));
#6592=DIRECTION('',(0.,0.,1.));
#6593=DIRECTION('center_axis',(0.,0.,1.));
#6594=DIRECTION('ref_axis',(-1.,3.26471799196717E-16,0.));
#6595=DIRECTION('center_axis',(0.,0.,-1.));
#6596=DIRECTION('ref_axis',(-1.,0.,0.));
#6597=DIRECTION('center_axis',(0.,0.,-1.));
#6598=DIRECTION('ref_axis',(-1.,0.,0.));
#6599=DIRECTION('center_axis',(0.,0.,-1.));
#6600=DIRECTION('ref_axis',(-1.,0.,0.));
#6601=DIRECTION('center_axis',(0.,0.,-1.));
#6602=DIRECTION('ref_axis',(-1.,0.,0.));
#6603=DIRECTION('center_axis',(0.,0.,-1.));
#6604=DIRECTION('ref_axis',(-1.,0.,0.));
#6605=DIRECTION('center_axis',(0.,0.,-1.));
#6606=DIRECTION('ref_axis',(-1.,0.,0.));
#6607=DIRECTION('center_axis',(0.,0.,-1.));
#6608=DIRECTION('ref_axis',(-1.,0.,0.));
#6609=DIRECTION('center_axis',(0.,0.,-1.));
#6610=DIRECTION('ref_axis',(-1.,0.,0.));
#6611=DIRECTION('center_axis',(0.,0.,-1.));
#6612=DIRECTION('ref_axis',(-1.,0.,0.));
#6613=DIRECTION('center_axis',(-7.71341835234287E-17,-1.,0.));
#6614=DIRECTION('ref_axis',(0.,0.,1.));
#6615=DIRECTION('',(-7.71341835234287E-17,-1.,0.));
#6616=DIRECTION('center_axis',(0.,0.,-1.));
#6617=DIRECTION('ref_axis',(-0.0385947724364088,0.999254944216231,0.));
#6618=DIRECTION('center_axis',(0.,0.,-1.));
#6619=DIRECTION('ref_axis',(-1.,0.,0.));
#6620=DIRECTION('center_axis',(-1.,7.71341835234287E-17,0.));
#6621=DIRECTION('ref_axis',(0.,0.,-1.));
#6622=DIRECTION('',(-1.,7.71341835234287E-17,0.));
#6623=DIRECTION('center_axis',(0.,0.,-1.));
#6624=DIRECTION('ref_axis',(0.99925494421623,0.0385947724364105,0.));
#6625=DIRECTION('center_axis',(0.,0.,-1.));
#6626=DIRECTION('ref_axis',(-1.,0.,0.));
#6627=DIRECTION('center_axis',(7.71341835234287E-17,1.,0.));
#6628=DIRECTION('ref_axis',(0.,0.,-1.));
#6629=DIRECTION('',(7.71341835234287E-17,1.,0.));
#6630=DIRECTION('center_axis',(0.,0.,-1.));
#6631=DIRECTION('ref_axis',(0.0709108391946184,-0.997482657936826,0.));
#6632=DIRECTION('center_axis',(0.,0.,-1.));
#6633=DIRECTION('ref_axis',(-1.,0.,0.));
#6634=DIRECTION('center_axis',(1.,-7.71341835234287E-17,0.));
#6635=DIRECTION('ref_axis',(-5.42007926960723E-17,-0.70268187488637,-0.711504169141809));
#6636=DIRECTION('',(1.,-7.71341835234287E-17,0.));
#6637=DIRECTION('center_axis',(0.,0.,-1.));
#6638=DIRECTION('ref_axis',(-0.99821441062319,-0.059732657936826,0.));
#6639=DIRECTION('center_axis',(0.,0.,-1.));
#6640=DIRECTION('ref_axis',(-1.,0.,0.));
#6641=DIRECTION('center_axis',(0.,0.,1.));
#6642=DIRECTION('ref_axis',(1.,0.,0.));
#6643=DIRECTION('center_axis',(0.,0.,-1.));
#6644=DIRECTION('ref_axis',(-0.99821441062319,-0.059732657936826,0.));
#6645=DIRECTION('',(-1.,7.71341835234287E-17,0.));
#6646=DIRECTION('center_axis',(0.,0.,-1.));
#6647=DIRECTION('ref_axis',(-0.0385947724364088,0.999254944216231,0.));
#6648=DIRECTION('',(-7.71341835234287E-17,-1.,0.));
#6649=DIRECTION('center_axis',(0.,0.,1.));
#6650=DIRECTION('ref_axis',(0.998436336578937,0.055900642204115,0.));
#6651=DIRECTION('center_axis',(0.,0.,1.));
#6652=DIRECTION('ref_axis',(0.998436336578937,0.055900642204115,0.));
#6653=DIRECTION('',(7.71341835234287E-17,1.,0.));
#6654=DIRECTION('center_axis',(0.,0.,1.));
#6655=DIRECTION('ref_axis',(0.0351456799519461,-0.999382199751784,0.));
#6656=DIRECTION('',(1.,-7.71341835234287E-17,0.));
#6657=DIRECTION('center_axis',(0.,0.,1.));
#6658=DIRECTION('ref_axis',(-0.999382199751784,-0.0351456799519469,0.));
#6659=DIRECTION('',(-7.71341835234287E-17,-1.,0.));
#6660=DIRECTION('center_axis',(0.,0.,1.));
#6661=DIRECTION('ref_axis',(-0.0662863365789371,0.997800642204115,0.));
#6662=DIRECTION('center_axis',(0.,0.,1.));
#6663=DIRECTION('ref_axis',(-0.0662863365789371,0.997800642204115,0.));
#6664=DIRECTION('',(-1.,-1.24399346394233E-16,0.));
#6665=DIRECTION('center_axis',(0.,0.,1.));
#6666=DIRECTION('ref_axis',(-0.99821441062319,-0.059732657936826,0.));
#6667=DIRECTION('',(0.,0.,1.));
#6668=DIRECTION('center_axis',(7.71341835234287E-17,1.,0.));
#6669=DIRECTION('ref_axis',(-1.,7.71341835234287E-17,0.));
#6670=DIRECTION('',(0.,0.,1.));
#6671=DIRECTION('center_axis',(0.,0.,1.));
#6672=DIRECTION('ref_axis',(-0.0385947724364088,0.999254944216231,0.));
#6673=DIRECTION('',(0.,0.,1.));
#6674=DIRECTION('',(0.,0.,1.));
#6675=DIRECTION('center_axis',(-1.,7.71341835234287E-17,0.));
#6676=DIRECTION('ref_axis',(-7.71341835234287E-17,-1.,0.));
#6677=DIRECTION('center_axis',(1.,-7.71341835234287E-17,0.));
#6678=DIRECTION('ref_axis',(7.71341835234287E-17,1.,0.));
#6679=DIRECTION('',(0.,0.,1.));
#6680=DIRECTION('',(0.,0.,1.));
#6681=DIRECTION('center_axis',(0.,0.,1.));
#6682=DIRECTION('ref_axis',(0.0351456799519461,-0.999382199751784,0.));
#6683=DIRECTION('',(0.,0.,1.));
#6684=DIRECTION('center_axis',(-7.71341835234287E-17,-1.,0.));
#6685=DIRECTION('ref_axis',(1.,-7.71341835234287E-17,0.));
#6686=DIRECTION('',(0.,0.,1.));
#6687=DIRECTION('center_axis',(0.,0.,1.));
#6688=DIRECTION('ref_axis',(-0.999382199751784,-0.0351456799519469,0.));
#6689=DIRECTION('',(0.,0.,1.));
#6690=DIRECTION('center_axis',(-1.,7.71341835234287E-17,0.));
#6691=DIRECTION('ref_axis',(-7.71341835234287E-17,-1.,0.));
#6692=DIRECTION('',(0.,0.,1.));
#6693=DIRECTION('center_axis',(0.,0.,1.));
#6694=DIRECTION('ref_axis',(-0.0662863365789371,0.997800642204115,0.));
#6695=DIRECTION('',(0.,0.,1.));
#6696=DIRECTION('center_axis',(-1.24399346394233E-16,1.,0.));
#6697=DIRECTION('ref_axis',(-1.,-1.24399346394233E-16,0.));
#6698=DIRECTION('',(0.,0.,1.));
#6699=DIRECTION('center_axis',(0.,0.,1.));
#6700=DIRECTION('ref_axis',(0.998436336578937,0.055900642204115,0.));
#6701=DIRECTION('center_axis',(0.,1.,-1.53918298190968E-16));
#6702=DIRECTION('ref_axis',(0.,1.53918298190968E-16,1.));
#6703=DIRECTION('',(1.,0.,0.));
#6704=DIRECTION('center_axis',(0.,-0.985240976245377,-0.171173066593597));
#6705=DIRECTION('ref_axis',(0.,0.171173066593597,-0.985240976245377));
#6706=DIRECTION('center_axis',(0.,0.,1.));
#6707=DIRECTION('ref_axis',(1.,-7.71341835234287E-17,0.));
#6708=DIRECTION('center_axis',(-1.24399346394233E-16,1.,0.));
#6709=DIRECTION('ref_axis',(1.,1.24399346394233E-16,0.));
#6710=DIRECTION('center_axis',(-1.,7.71341835234287E-17,0.));
#6711=DIRECTION('ref_axis',(0.,0.,1.));
#6712=DIRECTION('center_axis',(-7.71341835234287E-17,-1.,0.));
#6713=DIRECTION('ref_axis',(1.,-7.71341835234287E-17,0.));
#6714=DIRECTION('center_axis',(1.,-7.71341835234287E-17,0.));
#6715=DIRECTION('ref_axis',(0.,0.,-1.));
#6716=DIRECTION('center_axis',(0.,0.,1.));
#6717=DIRECTION('ref_axis',(1.,-7.71341835234287E-17,0.));
#6718=DIRECTION('center_axis',(0.,0.,1.));
#6719=DIRECTION('ref_axis',(1.,-7.71341835234287E-17,0.));
#6720=DIRECTION('center_axis',(0.,0.,1.));
#6721=DIRECTION('ref_axis',(1.,-7.71341835234287E-17,0.));
#6722=DIRECTION('center_axis',(0.,0.,1.));
#6723=DIRECTION('ref_axis',(1.,0.,0.));
#6724=DIRECTION('center_axis',(0.,0.,1.));
#6725=DIRECTION('ref_axis',(1.,0.,0.));
#6726=CARTESIAN_POINT('',(0.,0.,0.));
#6727=CARTESIAN_POINT('Origin',(8.88178419700125E-15,10.7718982822018,50.));
#6728=CARTESIAN_POINT('',(-35.1,-6.31320343559641,50.));
#6729=CARTESIAN_POINT('',(28.5661446203246,-6.31320343559642,50.));
#6730=CARTESIAN_POINT('',(-14.3933982822018,-6.31320343559642,50.));
#6731=CARTESIAN_POINT('',(-35.1,14.215789659084,50.));
#6732=CARTESIAN_POINT('',(-35.1,12.6359491411008,50.));
#6733=CARTESIAN_POINT('',(-21.6962819519327,27.857,50.));
#6734=CARTESIAN_POINT('Origin',(-20.0622884468475,12.8456687723793,50.));
#6735=CARTESIAN_POINT('',(21.6962819519325,27.857,50.));
#6736=CARTESIAN_POINT('',(11.01775,27.857,50.));
#6737=CARTESIAN_POINT('',(35.1,14.2157896590843,50.));
#6738=CARTESIAN_POINT('Origin',(20.0622884468475,12.8456687723793,50.));
#6739=CARTESIAN_POINT('',(35.1,0.220651944079148,50.));
#6740=CARTESIAN_POINT('',(35.1,5.3859491411009,50.));
#6741=CARTESIAN_POINT('Origin',(28.0209622029682,0.76583436143542,50.));
#6742=CARTESIAN_POINT('',(-28.7867965644036,-5.2132034355964,50.));
#6743=CARTESIAN_POINT('',(28.7867965644036,-5.21320343559641,50.));
#6744=CARTESIAN_POINT('',(28.7867965644036,-5.21320343559641,50.));
#6745=CARTESIAN_POINT('',(34.,2.22044604925031E-14,50.));
#6746=CARTESIAN_POINT('Origin',(27.18559273955,1.60120382485364,50.));
#6747=CARTESIAN_POINT('',(34.,14.5,50.));
#6748=CARTESIAN_POINT('',(34.,14.5,50.));
#6749=CARTESIAN_POINT('',(22.0355,26.757,50.));
#6750=CARTESIAN_POINT('Origin',(20.0925971265507,12.892472297105,50.));
#6751=CARTESIAN_POINT('',(-20.0870111822069,26.757,50.));
#6752=CARTESIAN_POINT('',(-20.0870111822069,26.757,50.));
#6753=CARTESIAN_POINT('',(-34.,14.4997965644036,50.));
#6754=CARTESIAN_POINT('Origin',(-20.1088978203136,12.7570171080436,50.));
#6755=CARTESIAN_POINT('',(-34.,-0.000203435596399792,50.));
#6756=CARTESIAN_POINT('',(-34.,-0.000203435596399792,50.));
#6757=CARTESIAN_POINT('Origin',(-27.1856433387337,1.60121571411308,50.));
#6758=CARTESIAN_POINT('Origin',(36.871634034277,-8.0669458488811,53.));
#6759=CARTESIAN_POINT('',(35.571634034277,-8.0669458488811,53.));
#6760=CARTESIAN_POINT('Origin',(36.871634034277,-8.0669458488811,53.));
#6761=CARTESIAN_POINT('',(35.571634034277,-8.06694588346965,48.3131725276385));
#6762=CARTESIAN_POINT('',(35.571634034277,-8.0669458488811,53.));
#6763=CARTESIAN_POINT('',(37.7918024389008,-8.98525413433441,44.7325154920039));
#6764=CARTESIAN_POINT('Ctrl Pts',(37.7918024389008,-8.98525413433441,44.7325154920039));
#6765=CARTESIAN_POINT('Ctrl Pts',(37.8178659245597,-8.95913785465183,44.7325154920039));
#6766=CARTESIAN_POINT('Ctrl Pts',(37.8421708726666,-8.93256846366969,44.738362338098));
#6767=CARTESIAN_POINT('Ctrl Pts',(37.8891291670535,-8.87695263858122,44.7606276733213));
#6768=CARTESIAN_POINT('Ctrl Pts',(37.9109116326784,-8.84863520179154,44.7773802787065));
#6769=CARTESIAN_POINT('Ctrl Pts',(37.9746347573162,-8.75917744271251,44.8420185085129));
#6770=CARTESIAN_POINT('Ctrl Pts',(38.0098608710837,-8.69795395566739,44.9051374826348));
#6771=CARTESIAN_POINT('Ctrl Pts',(38.1075120366759,-8.50048205045596,45.1327919330613));
#6772=CARTESIAN_POINT('Ctrl Pts',(38.1565550992751,-8.33424899054283,45.375822195036));
#6773=CARTESIAN_POINT('Ctrl Pts',(38.1843780502246,-7.92185898552059,46.0075016466876));
#6774=CARTESIAN_POINT('Ctrl Pts',(38.1383654089207,-7.65784886989062,46.4277299387326));
#6775=CARTESIAN_POINT('Ctrl Pts',(37.9323113972302,-7.30548691448732,47.0203782401465));
#6776=CARTESIAN_POINT('Ctrl Pts',(37.8536442528656,-7.20485369953006,47.1950523510229));
#6777=CARTESIAN_POINT('Ctrl Pts',(37.6932439458768,-7.05578774714241,47.473066512235));
#6778=CARTESIAN_POINT('Ctrl Pts',(37.621739951916,-7.00110788058714,47.5806536488278));
#6779=CARTESIAN_POINT('Ctrl Pts',(37.4680834011044,-6.90863538459329,47.7804265882259));
#6780=CARTESIAN_POINT('Ctrl Pts',(37.3868429234531,-6.86973958784918,47.8734938142242));
#6781=CARTESIAN_POINT('Ctrl Pts',(37.1856787846484,-6.79980379270145,48.0748136913422));
#6782=CARTESIAN_POINT('Ctrl Pts',(37.0609727108991,-6.77382497151043,48.1803305782934));
#6783=CARTESIAN_POINT('Ctrl Pts',(36.7692715656942,-6.76141514071694,48.3839032977135));
#6784=CARTESIAN_POINT('Ctrl Pts',(36.6128667778676,-6.78346768131747,48.4678747165955));
#6785=CARTESIAN_POINT('Ctrl Pts',(36.3375198760379,-6.87417469945697,48.580859977639));
#6786=CARTESIAN_POINT('Ctrl Pts',(36.2132735448003,-6.9369997991173,48.6170623645227));
#6787=CARTESIAN_POINT('Ctrl Pts',(35.9939235259153,-7.09912627139401,48.650858480978));
#6788=CARTESIAN_POINT('Ctrl Pts',(35.9010899418508,-7.19229735332345,48.6507717685048));
#6789=CARTESIAN_POINT('Ctrl Pts',(35.7427075558516,-7.4078823807679,48.6174345023013));
#6790=CARTESIAN_POINT('Ctrl Pts',(35.6818272142086,-7.52745605397043,48.5830405274133));
#6791=CARTESIAN_POINT('Ctrl Pts',(35.5922944043517,-7.79173176578094,48.4767509102214));
#6792=CARTESIAN_POINT('Ctrl Pts',(35.5716340296322,-7.93295073171103,48.4014871541374));
#6793=CARTESIAN_POINT('Ctrl Pts',(35.571634034277,-8.06694589394427,48.3131725435317));
#6794=CARTESIAN_POINT('Ctrl Pts',(35.571634034277,-8.06694589394427,48.3131725435317));
#6795=CARTESIAN_POINT('Ctrl Pts',(35.5716340344045,-8.07062167770567,48.3107498783687));
#6796=CARTESIAN_POINT('Ctrl Pts',(35.5716496246438,-8.07429204677318,48.3083174245736));
#6797=CARTESIAN_POINT('Ctrl Pts',(35.5728819053733,-8.21977420198768,48.2113726072946));
#6798=CARTESIAN_POINT('Ctrl Pts',(35.597029331178,-8.35156320287663,48.1034720275214));
#6799=CARTESIAN_POINT('Ctrl Pts',(35.6654094933703,-8.56102332347945,47.8990704061347));
#6800=CARTESIAN_POINT('Ctrl Pts',(35.703566954783,-8.64422250954586,47.8058909053944));
#6801=CARTESIAN_POINT('Ctrl Pts',(35.7936692643173,-8.79938801319427,47.608524678943));
#6802=CARTESIAN_POINT('Ctrl Pts',(35.8464257232875,-8.87081109377177,47.5036381433601));
#6803=CARTESIAN_POINT('Ctrl Pts',(35.98764390575,-9.02849051738695,47.2379782542607));
#6804=CARTESIAN_POINT('Ctrl Pts',(36.0816081621758,-9.1058470888617,47.0735600689853));
#6805=CARTESIAN_POINT('Ctrl Pts',(36.3807793628871,-9.29389378018134,46.566913028024));
#6806=CARTESIAN_POINT('Ctrl Pts',(36.6056867555329,-9.35870055269405,46.2056612567058));
#6807=CARTESIAN_POINT('Ctrl Pts',(37.0214610339525,-9.37275119947403,45.5560454973307));
#6808=CARTESIAN_POINT('Ctrl Pts',(37.1996061675202,-9.33530634857997,45.2863711488305));
#6809=CARTESIAN_POINT('Ctrl Pts',(37.417564667341,-9.24896946158107,45.0039803602726));
#6810=CARTESIAN_POINT('Ctrl Pts',(37.4933565695625,-9.21217561534957,44.9131857310628));
#6811=CARTESIAN_POINT('Ctrl Pts',(37.6091014865992,-9.13856694617781,44.8092555775747));
#6812=CARTESIAN_POINT('Ctrl Pts',(37.6515402710718,-9.10849908705269,44.7774724622686));
#6813=CARTESIAN_POINT('Ctrl Pts',(37.7274117358439,-9.04645915675772,44.7412825288218));
#6814=CARTESIAN_POINT('Ctrl Pts',(37.7598988429993,-9.01722235394806,44.7325154920039));
#6815=CARTESIAN_POINT('Ctrl Pts',(37.7918024389008,-8.98525413433441,44.7325154920039));
#6816=CARTESIAN_POINT('Origin',(11.5,33.257,53.));
#6817=CARTESIAN_POINT('',(10.2,33.257,53.));
#6818=CARTESIAN_POINT('Origin',(11.5,33.257,53.));
#6819=CARTESIAN_POINT('',(10.2,33.257,47.3953463189829));
#6820=CARTESIAN_POINT('',(10.2,33.257,53.));
#6821=CARTESIAN_POINT('',(11.5,31.957,48.6497747702046));
#6822=CARTESIAN_POINT('Ctrl Pts',(11.5,31.957,48.6497747702046));
#6823=CARTESIAN_POINT('Ctrl Pts',(11.6581911428275,31.957,48.6497747702046));
#6824=CARTESIAN_POINT('Ctrl Pts',(11.8242535813943,31.9878739499817,48.6273243744031));
#6825=CARTESIAN_POINT('Ctrl Pts',(12.1235188417319,32.1050255907304,48.5378041012085));
#6826=CARTESIAN_POINT('Ctrl Pts',(12.2567607121844,32.1909459670433,48.4703978366388));
#6827=CARTESIAN_POINT('Ctrl Pts',(12.5173769731571,32.4210925825456,48.2779976857469));
#6828=CARTESIAN_POINT('Ctrl Pts',(12.6321352227447,32.59158191468,48.1252840685462));
#6829=CARTESIAN_POINT('Ctrl Pts',(12.7731944480699,32.9353065542852,47.7776649623235));
#6830=CARTESIAN_POINT('Ctrl Pts',(12.8,33.1081053151258,47.5825329248142));
#6831=CARTESIAN_POINT('Ctrl Pts',(12.8,33.4724142233934,47.1245330434191));
#6832=CARTESIAN_POINT('Ctrl Pts',(12.7450887082329,33.6817834092087,46.8166203968625));
#6833=CARTESIAN_POINT('Ctrl Pts',(12.5578239864965,34.0391105879894,46.1859156405325));
#6834=CARTESIAN_POINT('Ctrl Pts',(12.4269833649741,34.1873948062447,45.8628601580888));
#6835=CARTESIAN_POINT('Ctrl Pts',(12.1624137804661,34.3846947004829,45.3486136637719));
#6836=CARTESIAN_POINT('Ctrl Pts',(12.0101691165675,34.4686849974683,45.0823539362532));
#6837=CARTESIAN_POINT('Ctrl Pts',(11.777885555768,34.5276997432616,44.8644966834647));
#6838=CARTESIAN_POINT('Ctrl Pts',(11.7279321153662,34.5380495600525,44.824665592559));
#6839=CARTESIAN_POINT('Ctrl Pts',(11.6186251543118,34.5527504047941,44.7666796715627));
#6840=CARTESIAN_POINT('Ctrl Pts',(11.5588789691133,34.557,44.749242250247));
#6841=CARTESIAN_POINT('Ctrl Pts',(11.4411210308867,34.557,44.749242250247));
#6842=CARTESIAN_POINT('Ctrl Pts',(11.3813748456882,34.5527504047941,44.7666796715627));
#6843=CARTESIAN_POINT('Ctrl Pts',(11.2720678846338,34.5380495600525,44.824665592559));
#6844=CARTESIAN_POINT('Ctrl Pts',(11.222114444232,34.5276997432616,44.8644966834647));
#6845=CARTESIAN_POINT('Ctrl Pts',(10.9898308834325,34.4686849974683,45.0823539362532));
#6846=CARTESIAN_POINT('Ctrl Pts',(10.8375862195339,34.3846947004829,45.3486136637719));
#6847=CARTESIAN_POINT('Ctrl Pts',(10.5730166350259,34.1873948062447,45.8628601580888));
#6848=CARTESIAN_POINT('Ctrl Pts',(10.4421760135035,34.0391105879894,46.1859156405325));
#6849=CARTESIAN_POINT('Ctrl Pts',(10.2549112917672,33.6817834092087,46.8166203968625));
#6850=CARTESIAN_POINT('Ctrl Pts',(10.2,33.4724142233934,47.1245330434191));
#6851=CARTESIAN_POINT('Ctrl Pts',(10.2,33.257,47.3953463189829));
#6852=CARTESIAN_POINT('Ctrl Pts',(10.2,33.257,47.3953463189829));
#6853=CARTESIAN_POINT('Ctrl Pts',(10.2,33.1081053151258,47.5825329248142));
#6854=CARTESIAN_POINT('Ctrl Pts',(10.2268055519301,32.9353065542852,47.7776649623235));
#6855=CARTESIAN_POINT('Ctrl Pts',(10.3678647772553,32.59158191468,48.1252840685462));
#6856=CARTESIAN_POINT('Ctrl Pts',(10.4826230268429,32.4210925825456,48.2779976857469));
#6857=CARTESIAN_POINT('Ctrl Pts',(10.7432392878156,32.1909459670433,48.4703978366388));
#6858=CARTESIAN_POINT('Ctrl Pts',(10.8764811582681,32.1050255907304,48.5378041012085));
#6859=CARTESIAN_POINT('Ctrl Pts',(11.1757464186057,31.9878739499817,48.6273243744031));
#6860=CARTESIAN_POINT('Ctrl Pts',(11.3418088571725,31.957,48.6497747702046));
#6861=CARTESIAN_POINT('Ctrl Pts',(11.5,31.957,48.6497747702046));
#6862=CARTESIAN_POINT('Origin',(-13.,-11.7132034342829,53.));
#6863=CARTESIAN_POINT('',(-14.3,-11.7132034342829,53.));
#6864=CARTESIAN_POINT('Origin',(-13.,-11.7132034342829,53.));
#6865=CARTESIAN_POINT('',(-14.3,-11.7132034342829,47.3953463206343));
#6866=CARTESIAN_POINT('',(-14.3,-11.7132034342829,53.));
#6867=CARTESIAN_POINT('',(-13.,-10.4132034342829,48.6497747711751));
#6868=CARTESIAN_POINT('Ctrl Pts',(-13.,-10.4132034342829,48.6497747711751));
#6869=CARTESIAN_POINT('Ctrl Pts',(-13.1581911428316,-10.4132034342829,48.6497747711751));
#6870=CARTESIAN_POINT('Ctrl Pts',(-13.3242535814054,-10.4440773842661,48.6273243753836));
#6871=CARTESIAN_POINT('Ctrl Pts',(-13.6235188417602,-10.5612290250272,48.5378041022237));
#6872=CARTESIAN_POINT('Ctrl Pts',(-13.756760712223,-10.6471494013513,48.4703978376785));
#6873=CARTESIAN_POINT('Ctrl Pts',(-14.0173769731662,-10.8772960168501,48.2779976868835));
#6874=CARTESIAN_POINT('Ctrl Pts',(-14.1321352227443,-11.0477853489646,48.1252840697782));
#6875=CARTESIAN_POINT('Ctrl Pts',(-14.2731944480647,-11.3915099885529,47.7776649637619));
#6876=CARTESIAN_POINT('Ctrl Pts',(-14.3,-11.5643087493965,47.5825329263635));
#6877=CARTESIAN_POINT('Ctrl Pts',(-14.3,-11.7132034342828,47.3953463206343));
#6878=CARTESIAN_POINT('Ctrl Pts',(-14.3,-11.7132034342829,47.3953463206343));
#6879=CARTESIAN_POINT('Ctrl Pts',(-14.3,-11.9286176575763,47.1245330453662));
#6880=CARTESIAN_POINT('Ctrl Pts',(-14.2450887082823,-12.1379868433283,46.8166203991457));
#6881=CARTESIAN_POINT('Ctrl Pts',(-14.0578239866383,-12.4953140220705,46.1859156435305));
#6882=CARTESIAN_POINT('Ctrl Pts',(-13.9269833651599,-12.643598240351,45.8628601614652));
#6883=CARTESIAN_POINT('Ctrl Pts',(-13.662413780678,-12.8408981346367,45.3486136679204));
#6884=CARTESIAN_POINT('Ctrl Pts',(-13.5101691167726,-12.9248884316536,45.08235394092));
#6885=CARTESIAN_POINT('Ctrl Pts',(-13.2778855559993,-12.9839031774957,44.864496688614));
#6886=CARTESIAN_POINT('Ctrl Pts',(-13.2279321155384,-12.9942529943071,44.8246655977563));
#6887=CARTESIAN_POINT('Ctrl Pts',(-13.1186251543768,-13.0089538390733,44.7666796768536));
#6888=CARTESIAN_POINT('Ctrl Pts',(-13.0588789691309,-13.0132034342829,44.7492422555834));
#6889=CARTESIAN_POINT('Ctrl Pts',(-12.941121030869,-13.0132034342829,44.7492422555834));
#6890=CARTESIAN_POINT('Ctrl Pts',(-12.8813748456232,-13.0089538390733,44.7666796768536));
#6891=CARTESIAN_POINT('Ctrl Pts',(-12.7720678844615,-12.9942529943071,44.8246655977563));
#6892=CARTESIAN_POINT('Ctrl Pts',(-12.7221144440007,-12.9839031774957,44.864496688614));
#6893=CARTESIAN_POINT('Ctrl Pts',(-12.4898308832273,-12.9248884316536,45.08235394092));
#6894=CARTESIAN_POINT('Ctrl Pts',(-12.337586219322,-12.8408981346367,45.3486136679204));
#6895=CARTESIAN_POINT('Ctrl Pts',(-12.0730166348401,-12.643598240351,45.8628601614652));
#6896=CARTESIAN_POINT('Ctrl Pts',(-11.9421760133617,-12.4953140220705,46.1859156435305));
#6897=CARTESIAN_POINT('Ctrl Pts',(-11.7549112917177,-12.1379868433283,46.8166203991457));
#6898=CARTESIAN_POINT('Ctrl Pts',(-11.7,-11.9286176575763,47.1245330453662));
#6899=CARTESIAN_POINT('Ctrl Pts',(-11.7,-11.5643087493965,47.5825329263635));
#6900=CARTESIAN_POINT('Ctrl Pts',(-11.7268055519352,-11.3915099885529,47.7776649637619));
#6901=CARTESIAN_POINT('Ctrl Pts',(-11.8678647772557,-11.0477853489646,48.1252840697782));
#6902=CARTESIAN_POINT('Ctrl Pts',(-11.9826230268337,-10.8772960168501,48.2779976868835));
#6903=CARTESIAN_POINT('Ctrl Pts',(-12.243239287777,-10.6471494013513,48.4703978376785));
#6904=CARTESIAN_POINT('Ctrl Pts',(-12.3764811582397,-10.5612290250272,48.5378041022237));
#6905=CARTESIAN_POINT('Ctrl Pts',(-12.6757464185946,-10.4440773842661,48.6273243753836));
#6906=CARTESIAN_POINT('Ctrl Pts',(-12.8418088571684,-10.4132034342829,48.6497747711751));
#6907=CARTESIAN_POINT('Ctrl Pts',(-13.,-10.4132034342829,48.6497747711751));
#6908=CARTESIAN_POINT('Origin',(-33.7423498879551,28.0471209293652,53.));
#6909=CARTESIAN_POINT('',(-35.0423498879551,28.0471209293652,53.));
#6910=CARTESIAN_POINT('Origin',(-33.7423498879551,28.0471209293652,53.));
#6911=CARTESIAN_POINT('',(-35.0423498879551,28.0471209234762,46.0403825558237));
#6912=CARTESIAN_POINT('',(-35.0423498879551,28.0471209293652,53.));
#6913=CARTESIAN_POINT('',(-34.6119602958444,29.0134426865923,44.9382418728413));
#6914=CARTESIAN_POINT('Ctrl Pts',(-34.6119602958444,29.0134426865923,44.9382418728413));
#6915=CARTESIAN_POINT('Ctrl Pts',(-34.6394023793346,28.9887470598627,44.9382418728413));
#6916=CARTESIAN_POINT('Ctrl Pts',(-34.6652072766824,28.9634160911197,44.9435942284278));
#6917=CARTESIAN_POINT('Ctrl Pts',(-34.715305502848,28.9101226439207,44.964170520932));
#6918=CARTESIAN_POINT('Ctrl Pts',(-34.7387339875222,28.8828170068636,44.9796712266573));
#6919=CARTESIAN_POINT('Ctrl Pts',(-34.8080497248015,28.795615332733,45.0403452328403));
#6920=CARTESIAN_POINT('Ctrl Pts',(-34.8469285366665,28.7354754196567,45.0999850880686));
#6921=CARTESIAN_POINT('Ctrl Pts',(-34.9518695860889,28.5474826602359,45.3095291301473));
#6922=CARTESIAN_POINT('Ctrl Pts',(-35.0059244955542,28.3947858071831,45.524109652583));
#6923=CARTESIAN_POINT('Ctrl Pts',(-35.037730471141,28.1717373095822,45.8528128640445));
#6924=CARTESIAN_POINT('Ctrl Pts',(-35.0423498885281,28.110363520332,45.9447543776275));
#6925=CARTESIAN_POINT('Ctrl Pts',(-35.0423498879551,28.0471209175873,46.0403825558237));
#6926=CARTESIAN_POINT('Ctrl Pts',(-35.0423498879551,28.0471209175873,46.0403825558237));
#6927=CARTESIAN_POINT('Ctrl Pts',(-35.0423498864375,27.8796203977683,46.2936575454991));
#6928=CARTESIAN_POINT('Ctrl Pts',(-35.0098586188504,27.6983845453899,46.5723805275487));
#6929=CARTESIAN_POINT('Ctrl Pts',(-34.8808873916661,27.4077969381029,47.0289105029585));
#6930=CARTESIAN_POINT('Ctrl Pts',(-34.8136448767467,27.2988853998376,47.2027651594362));
#6931=CARTESIAN_POINT('Ctrl Pts',(-34.6698873671909,27.1320303181749,47.4812967900208));
#6932=CARTESIAN_POINT('Ctrl Pts',(-34.6038254522064,27.0689756445212,47.5901102872432));
#6933=CARTESIAN_POINT('Ctrl Pts',(-34.4597717994273,26.9595593787306,47.791163825419));
#6934=CARTESIAN_POINT('Ctrl Pts',(-34.383016400955,26.9120856813647,47.8843189246059));
#6935=CARTESIAN_POINT('Ctrl Pts',(-34.1923186304154,26.8218424093658,48.0839975849173));
#6936=CARTESIAN_POINT('Ctrl Pts',(-34.0737143549203,26.783245779213,48.1879987236853));
#6937=CARTESIAN_POINT('Ctrl Pts',(-33.7848075264004,26.73783180232,48.3957298071794));
#6938=CARTESIAN_POINT('Ctrl Pts',(-33.6231996149292,26.7428046420859,48.4839484045936));
#6939=CARTESIAN_POINT('Ctrl Pts',(-33.3323027499465,26.8057730715295,48.6053887117373));
#6940=CARTESIAN_POINT('Ctrl Pts',(-33.1982591488735,26.8573664757237,48.6456469667384));
#6941=CARTESIAN_POINT('Ctrl Pts',(-32.9578304956442,27.0019334202564,48.687316732362));
#6942=CARTESIAN_POINT('Ctrl Pts',(-32.8540340935155,27.0885227870591,48.6911819840125));
#6943=CARTESIAN_POINT('Ctrl Pts',(-32.6740728575222,27.2934798693589,48.6663498013364));
#6944=CARTESIAN_POINT('Ctrl Pts',(-32.6020863626905,27.4090431388314,48.6370498161936));
#6945=CARTESIAN_POINT('Ctrl Pts',(-32.4890265221938,27.6697320371331,48.5417557100707));
#6946=CARTESIAN_POINT('Ctrl Pts',(-32.4564174695166,27.8119592325865,48.4723613813937));
#6947=CARTESIAN_POINT('Ctrl Pts',(-32.4340640648899,28.1076663274887,48.2926493373081));
#6948=CARTESIAN_POINT('Ctrl Pts',(-32.4517896880821,28.2563584137701,48.1794906557777));
#6949=CARTESIAN_POINT('Ctrl Pts',(-32.5151280282726,28.487677911534,47.9661366435273));
#6950=CARTESIAN_POINT('Ctrl Pts',(-32.5517223818873,28.5770931187879,47.8711310122775));
#6951=CARTESIAN_POINT('Ctrl Pts',(-32.6380980097166,28.7392488540325,47.674768648677));
#6952=CARTESIAN_POINT('Ctrl Pts',(-32.6879686897285,28.8122851633802,47.5731573603504));
#6953=CARTESIAN_POINT('Ctrl Pts',(-32.8166608473088,28.9672855287645,47.3270121468648));
#6954=CARTESIAN_POINT('Ctrl Pts',(-32.8997903225116,29.0429347472832,47.1797177531456));
#6955=CARTESIAN_POINT('Ctrl Pts',(-33.1587891668293,29.2277338197092,46.7384852515948));
#6956=CARTESIAN_POINT('Ctrl Pts',(-33.351402661498,29.3024988697312,46.4306539987993));
#6957=CARTESIAN_POINT('Ctrl Pts',(-33.7514375426634,29.3635704762979,45.8161632870848));
#6958=CARTESIAN_POINT('Ctrl Pts',(-33.9457639886048,29.3428828035207,45.5313812027898));
#6959=CARTESIAN_POINT('Ctrl Pts',(-34.1880614221756,29.2708456528409,45.2299653854647));
#6960=CARTESIAN_POINT('Ctrl Pts',(-34.2728871982583,29.2379081661066,45.1328665756214));
#6961=CARTESIAN_POINT('Ctrl Pts',(-34.4037028043159,29.167501258129,45.0210485687427));
#6962=CARTESIAN_POINT('Ctrl Pts',(-34.4519154790487,29.1380618716911,44.9867811635614));
#6963=CARTESIAN_POINT('Ctrl Pts',(-34.5383807464821,29.0759391117487,44.9477027201094));
#6964=CARTESIAN_POINT('Ctrl Pts',(-34.5754919258551,29.0462612316207,44.9382418728413));
#6965=CARTESIAN_POINT('Ctrl Pts',(-34.6119602958444,29.0134426865923,44.9382418728413));
#6966=CARTESIAN_POINT('Origin',(40.5,7.2520733895183,53.));
#6967=CARTESIAN_POINT('',(39.2,7.2520733895183,53.));
#6968=CARTESIAN_POINT('Origin',(40.5,7.2520733895183,53.));
#6969=CARTESIAN_POINT('',(39.2,7.2520733895183,48.6497747702046));
#6970=CARTESIAN_POINT('',(39.2,7.2520733895183,53.));
#6971=CARTESIAN_POINT('Ctrl Pts',(39.2,7.2520733895183,48.6497747702046));
#6972=CARTESIAN_POINT('Ctrl Pts',(39.2,7.09388224669081,48.6497747702046));
#6973=CARTESIAN_POINT('Ctrl Pts',(39.2308739499817,6.92781980812397,48.6273243744031));
#6974=CARTESIAN_POINT('Ctrl Pts',(39.3480255907304,6.62855454778641,48.5378041012085));
#6975=CARTESIAN_POINT('Ctrl Pts',(39.4339459670433,6.49531267733389,48.4703978366388));
#6976=CARTESIAN_POINT('Ctrl Pts',(39.6640925825456,6.23469641636117,48.2779976857469));
#6977=CARTESIAN_POINT('Ctrl Pts',(39.83458191468,6.11993816677362,48.1252840685462));
#6978=CARTESIAN_POINT('Ctrl Pts',(40.1783065542852,5.97887894144844,47.7776649623235));
#6979=CARTESIAN_POINT('Ctrl Pts',(40.3511053151258,5.9520733895183,47.5825329248143));
#6980=CARTESIAN_POINT('Ctrl Pts',(40.7154142233934,5.9520733895183,47.1245330434191));
#6981=CARTESIAN_POINT('Ctrl Pts',(40.9247834092088,6.00698468128546,46.8166203968625));
#6982=CARTESIAN_POINT('Ctrl Pts',(41.2821105879894,6.19424940302184,46.1859156405326));
#6983=CARTESIAN_POINT('Ctrl Pts',(41.4303948062446,6.32509002454423,45.8628601580889));
#6984=CARTESIAN_POINT('Ctrl Pts',(41.6276947004829,6.5896596090522,45.348613663772));
#6985=CARTESIAN_POINT('Ctrl Pts',(41.7116849974683,6.74190427295083,45.0823539362532));
#6986=CARTESIAN_POINT('Ctrl Pts',(41.7706997432616,6.97418783375032,44.8644966834647));
#6987=CARTESIAN_POINT('Ctrl Pts',(41.7810495600525,7.02414127415208,44.8246655925591));
#6988=CARTESIAN_POINT('Ctrl Pts',(41.7957504047941,7.13344823520648,44.7666796715628));
#6989=CARTESIAN_POINT('Ctrl Pts',(41.8,7.19319442040504,44.7492422502471));
#6990=CARTESIAN_POINT('Ctrl Pts',(41.8,7.31095235863157,44.7492422502471));
#6991=CARTESIAN_POINT('Ctrl Pts',(41.7957504047941,7.37069854383013,44.7666796715628));
#6992=CARTESIAN_POINT('Ctrl Pts',(41.7810495600525,7.48000550488452,44.8246655925591));
#6993=CARTESIAN_POINT('Ctrl Pts',(41.7706997432616,7.52995894528629,44.8644966834647));
#6994=CARTESIAN_POINT('Ctrl Pts',(41.7116849974683,7.76224250608577,45.0823539362532));
#6995=CARTESIAN_POINT('Ctrl Pts',(41.6276947004829,7.9144871699844,45.348613663772));
#6996=CARTESIAN_POINT('Ctrl Pts',(41.4303948062446,8.17905675449238,45.8628601580889));
#6997=CARTESIAN_POINT('Ctrl Pts',(41.2821105879894,8.30989737601477,46.1859156405326));
#6998=CARTESIAN_POINT('Ctrl Pts',(40.9247834092088,8.49716209775115,46.8166203968625));
#6999=CARTESIAN_POINT('Ctrl Pts',(40.7154142233934,8.5520733895183,47.1245330434191));
#7000=CARTESIAN_POINT('Ctrl Pts',(40.3511053151258,8.5520733895183,47.5825329248143));
#7001=CARTESIAN_POINT('Ctrl Pts',(40.1783065542852,8.52526783758817,47.7776649623235));
#7002=CARTESIAN_POINT('Ctrl Pts',(39.83458191468,8.38420861226298,48.1252840685462));
#7003=CARTESIAN_POINT('Ctrl Pts',(39.6640925825456,8.26945036267544,48.2779976857469));
#7004=CARTESIAN_POINT('Ctrl Pts',(39.4339459670433,8.00883410170272,48.4703978366388));
#7005=CARTESIAN_POINT('Ctrl Pts',(39.3480255907304,7.8755922312502,48.5378041012085));
#7006=CARTESIAN_POINT('Ctrl Pts',(39.2308739499817,7.57632697091263,48.6273243744031));
#7007=CARTESIAN_POINT('Ctrl Pts',(39.2,7.41026453234579,48.6497747702046));
#7008=CARTESIAN_POINT('Ctrl Pts',(39.2,7.2520733895183,48.6497747702046));
#7009=CARTESIAN_POINT('Origin',(-36.6490031949084,-8.26684154024515,53.));
#7010=CARTESIAN_POINT('',(-37.9490031949084,-8.26684154024515,53.));
#7011=CARTESIAN_POINT('Origin',(-36.6490031949084,-8.26684154024515,53.));
#7012=CARTESIAN_POINT('',(-37.9490031949084,-8.26684154024515,49.3843600147829));
#7013=CARTESIAN_POINT('',(-37.9490031949084,-8.26684154024515,53.));
#7014=CARTESIAN_POINT('',(-35.9546224578239,-7.16782589342027,49.9468693907934));
#7015=CARTESIAN_POINT('Ctrl Pts',(-35.9546224578239,-7.16782589342027,49.9468693907934));
#7016=CARTESIAN_POINT('Ctrl Pts',(-36.0175867978369,-7.12804372566442,49.9390102166298));
#7017=CARTESIAN_POINT('Ctrl Pts',(-36.0845302212276,-7.09339622873633,49.9297587776843));
#7018=CARTESIAN_POINT('Ctrl Pts',(-36.3143283668095,-6.99870951668461,49.8942483216266));
#7019=CARTESIAN_POINT('Ctrl Pts',(-36.4878750499761,-6.96684154024515,49.8610016263619));
#7020=CARTESIAN_POINT('Ctrl Pts',(-36.8159015410973,-6.96684154024515,49.7854330659633));
#7021=CARTESIAN_POINT('Ctrl Pts',(-36.9921523535391,-7.00079253794808,49.7376431723531));
#7022=CARTESIAN_POINT('Ctrl Pts',(-37.3147607785701,-7.13662111166489,49.6370774897828));
#7023=CARTESIAN_POINT('Ctrl Pts',(-37.4612371898811,-7.23843247481626,49.5845936274397));
#7024=CARTESIAN_POINT('Ctrl Pts',(-37.6878670378363,-7.46946653036769,49.4974246880546));
#7025=CARTESIAN_POINT('Ctrl Pts',(-37.7854829720472,-7.61281568611229,49.4563552599921));
#7026=CARTESIAN_POINT('Ctrl Pts',(-37.9160985938688,-7.9294913946481,49.3995761665595));
#7027=CARTESIAN_POINT('Ctrl Pts',(-37.9490031949084,-8.1029454401143,49.3843600147829));
#7028=CARTESIAN_POINT('Ctrl Pts',(-37.9490031949084,-8.26684154024515,49.3843600147829));
#7029=CARTESIAN_POINT('',(-37.7480188417333,-8.9612222773297,49.4716556885809));
#7030=CARTESIAN_POINT('Ctrl Pts',(-37.7480188417333,-8.9612222773297,49.4716556885809));
#7031=CARTESIAN_POINT('Ctrl Pts',(-37.6956797993889,-9.04406073093926,49.4372285637174));
#7032=CARTESIAN_POINT('Ctrl Pts',(-37.6344828347376,-9.11983953150092,49.4038164505455));
#7033=CARTESIAN_POINT('Ctrl Pts',(-37.4557475607944,-9.29857480544412,49.3219664617176));
#7034=CARTESIAN_POINT('Ctrl Pts',(-37.3120307590009,-9.39840855986496,49.272292835914));
#7035=CARTESIAN_POINT('Ctrl Pts',(-36.9923608509478,-9.53260403254078,49.2033719811153));
#7036=CARTESIAN_POINT('Ctrl Pts',(-36.81622719991,-9.56684154024515,49.1847217753959));
#7037=CARTESIAN_POINT('Ctrl Pts',(-36.4850299141195,-9.56684154024515,49.184721775396));
#7038=CARTESIAN_POINT('Ctrl Pts',(-36.3120154369855,-9.53390221179656,49.2026556559322));
#7039=CARTESIAN_POINT('Ctrl Pts',(-35.9970094590774,-9.40434228504663,49.2692922655441));
#7040=CARTESIAN_POINT('Ctrl Pts',(-35.8548474473128,-9.3078473992549,49.3174320137856));
#7041=CARTESIAN_POINT('Ctrl Pts',(-35.6232745438294,-9.08275112817772,49.4210751459181));
#7042=CARTESIAN_POINT('Ctrl Pts',(-35.5205409801649,-8.93579619297171,49.4845165026246));
#7043=CARTESIAN_POINT('Ctrl Pts',(-35.3833635252335,-8.61192641683878,49.6081423155104));
#7044=CARTESIAN_POINT('Ctrl Pts',(-35.3490031949084,-8.43486910211498,49.6680460309391));
#7045=CARTESIAN_POINT('Ctrl Pts',(-35.3490031949084,-8.10636329189301,49.7650262912794));
#7046=CARTESIAN_POINT('Ctrl Pts',(-35.3806266882224,-7.9328693616767,49.809233664694));
#7047=CARTESIAN_POINT('Ctrl Pts',(-35.5132156612164,-7.61086661570487,49.8788792828678));
#7048=CARTESIAN_POINT('Ctrl Pts',(-35.6142733280845,-7.46246795262914,49.9046508368802));
#7049=CARTESIAN_POINT('Ctrl Pts',(-35.7975123174009,-7.28021139030304,49.9322183185484));
#7050=CARTESIAN_POINT('Ctrl Pts',(-35.8724986987087,-7.21971337705282,49.9403928237287));
#7051=CARTESIAN_POINT('Ctrl Pts',(-35.9546224578239,-7.16782589342027,49.9468693907934));
#7052=CARTESIAN_POINT('Ctrl Pts',(-37.9490031949084,-8.26684154024515,49.3843600147829));
#7053=CARTESIAN_POINT('Ctrl Pts',(-37.9490031949084,-8.430737640376,49.3843600147829));
#7054=CARTESIAN_POINT('Ctrl Pts',(-37.9160985938688,-8.60419168584219,49.3995761665595));
#7055=CARTESIAN_POINT('Ctrl Pts',(-37.8221295028708,-8.83201840409557,49.4404248776336));
#7056=CARTESIAN_POINT('Ctrl Pts',(-37.7874708750061,-8.89878045031715,49.4552596790416));
#7057=CARTESIAN_POINT('Ctrl Pts',(-37.7480188417333,-8.9612222773297,49.4716556885809));
#7058=CARTESIAN_POINT('Origin',(-11.5,33.257,53.));
#7059=CARTESIAN_POINT('',(-12.8,33.257,53.));
#7060=CARTESIAN_POINT('Origin',(-11.5,33.257,53.));
#7061=CARTESIAN_POINT('',(-12.8,33.257,47.3953463189829));
#7062=CARTESIAN_POINT('',(-12.8,33.257,53.));
#7063=CARTESIAN_POINT('',(-11.5,31.957,48.6497747702046));
#7064=CARTESIAN_POINT('Ctrl Pts',(-11.5,31.957,48.6497747702046));
#7065=CARTESIAN_POINT('Ctrl Pts',(-11.3418088571725,31.957,48.6497747702046));
#7066=CARTESIAN_POINT('Ctrl Pts',(-11.1757464186057,31.9878739499817,48.6273243744031));
#7067=CARTESIAN_POINT('Ctrl Pts',(-10.8764811582681,32.1050255907304,48.5378041012085));
#7068=CARTESIAN_POINT('Ctrl Pts',(-10.7432392878156,32.1909459670433,48.4703978366388));
#7069=CARTESIAN_POINT('Ctrl Pts',(-10.4826230268429,32.4210925825456,48.2779976857469));
#7070=CARTESIAN_POINT('Ctrl Pts',(-10.3678647772553,32.59158191468,48.1252840685462));
#7071=CARTESIAN_POINT('Ctrl Pts',(-10.2268055519301,32.9353065542852,47.7776649623235));
#7072=CARTESIAN_POINT('Ctrl Pts',(-10.2,33.1081053151258,47.5825329248142));
#7073=CARTESIAN_POINT('Ctrl Pts',(-10.2,33.4724142233934,47.1245330434191));
#7074=CARTESIAN_POINT('Ctrl Pts',(-10.2549112917672,33.6817834092087,46.8166203968625));
#7075=CARTESIAN_POINT('Ctrl Pts',(-10.4421760135035,34.0391105879894,46.1859156405325));
#7076=CARTESIAN_POINT('Ctrl Pts',(-10.5730166350259,34.1873948062446,45.8628601580888));
#7077=CARTESIAN_POINT('Ctrl Pts',(-10.8375862195339,34.3846947004829,45.348613663772));
#7078=CARTESIAN_POINT('Ctrl Pts',(-10.9898308834325,34.4686849974683,45.0823539362532));
#7079=CARTESIAN_POINT('Ctrl Pts',(-11.222114444232,34.5276997432616,44.8644966834647));
#7080=CARTESIAN_POINT('Ctrl Pts',(-11.2720678846338,34.5380495600525,44.824665592559));
#7081=CARTESIAN_POINT('Ctrl Pts',(-11.3813748456882,34.5527504047941,44.7666796715627));
#7082=CARTESIAN_POINT('Ctrl Pts',(-11.4411210308867,34.557,44.7492422502471));
#7083=CARTESIAN_POINT('Ctrl Pts',(-11.5588789691133,34.557,44.7492422502471));
#7084=CARTESIAN_POINT('Ctrl Pts',(-11.6186251543118,34.5527504047941,44.7666796715627));
#7085=CARTESIAN_POINT('Ctrl Pts',(-11.7279321153662,34.5380495600525,44.824665592559));
#7086=CARTESIAN_POINT('Ctrl Pts',(-11.777885555768,34.5276997432616,44.8644966834647));
#7087=CARTESIAN_POINT('Ctrl Pts',(-12.0101691165675,34.4686849974683,45.0823539362532));
#7088=CARTESIAN_POINT('Ctrl Pts',(-12.1624137804661,34.3846947004829,45.348613663772));
#7089=CARTESIAN_POINT('Ctrl Pts',(-12.4269833649741,34.1873948062446,45.8628601580888));
#7090=CARTESIAN_POINT('Ctrl Pts',(-12.5578239864965,34.0391105879894,46.1859156405325));
#7091=CARTESIAN_POINT('Ctrl Pts',(-12.7450887082328,33.6817834092087,46.8166203968625));
#7092=CARTESIAN_POINT('Ctrl Pts',(-12.8,33.4724142233934,47.1245330434191));
#7093=CARTESIAN_POINT('Ctrl Pts',(-12.8,33.257,47.3953463189829));
#7094=CARTESIAN_POINT('Ctrl Pts',(-12.8,33.257,47.3953463189829));
#7095=CARTESIAN_POINT('Ctrl Pts',(-12.8,33.1081053151258,47.5825329248142));
#7096=CARTESIAN_POINT('Ctrl Pts',(-12.7731944480699,32.9353065542852,47.7776649623235));
#7097=CARTESIAN_POINT('Ctrl Pts',(-12.6321352227447,32.59158191468,48.1252840685462));
#7098=CARTESIAN_POINT('Ctrl Pts',(-12.5173769731571,32.4210925825456,48.2779976857469));
#7099=CARTESIAN_POINT('Ctrl Pts',(-12.2567607121844,32.1909459670433,48.4703978366388));
#7100=CARTESIAN_POINT('Ctrl Pts',(-12.1235188417319,32.1050255907304,48.5378041012085));
#7101=CARTESIAN_POINT('Ctrl Pts',(-11.8242535813943,31.9878739499817,48.6273243744031));
#7102=CARTESIAN_POINT('Ctrl Pts',(-11.6581911428275,31.957,48.6497747702046));
#7103=CARTESIAN_POINT('Ctrl Pts',(-11.5,31.957,48.6497747702046));
#7104=CARTESIAN_POINT('Origin',(13.,-11.7132034342829,53.));
#7105=CARTESIAN_POINT('',(11.7,-11.7132034342829,53.));
#7106=CARTESIAN_POINT('Origin',(13.,-11.7132034342829,53.));
#7107=CARTESIAN_POINT('',(11.7,-11.7132034342829,47.3953463206343));
#7108=CARTESIAN_POINT('',(11.7,-11.7132034342829,53.));
#7109=CARTESIAN_POINT('',(13.,-10.4132034342829,48.6497747711751));
#7110=CARTESIAN_POINT('Ctrl Pts',(13.,-10.4132034342829,48.6497747711751));
#7111=CARTESIAN_POINT('Ctrl Pts',(12.8418088571684,-10.4132034342829,48.6497747711751));
#7112=CARTESIAN_POINT('Ctrl Pts',(12.6757464185946,-10.4440773842661,48.6273243753836));
#7113=CARTESIAN_POINT('Ctrl Pts',(12.3764811582398,-10.5612290250272,48.5378041022237));
#7114=CARTESIAN_POINT('Ctrl Pts',(12.243239287777,-10.6471494013513,48.4703978376785));
#7115=CARTESIAN_POINT('Ctrl Pts',(11.9826230268338,-10.8772960168501,48.2779976868835));
#7116=CARTESIAN_POINT('Ctrl Pts',(11.8678647772557,-11.0477853489646,48.1252840697782));
#7117=CARTESIAN_POINT('Ctrl Pts',(11.7268055519353,-11.3915099885529,47.7776649637619));
#7118=CARTESIAN_POINT('Ctrl Pts',(11.7,-11.5643087493965,47.5825329263635));
#7119=CARTESIAN_POINT('Ctrl Pts',(11.7,-11.7132034342829,47.3953463206343));
#7120=CARTESIAN_POINT('Ctrl Pts',(11.7,-11.7132034342829,47.3953463206343));
#7121=CARTESIAN_POINT('Ctrl Pts',(11.7,-11.9286176575763,47.1245330453662));
#7122=CARTESIAN_POINT('Ctrl Pts',(11.7549112917177,-12.1379868433283,46.8166203991457));
#7123=CARTESIAN_POINT('Ctrl Pts',(11.9421760133617,-12.4953140220705,46.1859156435306));
#7124=CARTESIAN_POINT('Ctrl Pts',(12.0730166348401,-12.643598240351,45.8628601614652));
#7125=CARTESIAN_POINT('Ctrl Pts',(12.337586219322,-12.8408981346367,45.3486136679204));
#7126=CARTESIAN_POINT('Ctrl Pts',(12.4898308832274,-12.9248884316536,45.08235394092));
#7127=CARTESIAN_POINT('Ctrl Pts',(12.7221144440007,-12.9839031774957,44.864496688614));
#7128=CARTESIAN_POINT('Ctrl Pts',(12.7720678844616,-12.9942529943071,44.8246655977564));
#7129=CARTESIAN_POINT('Ctrl Pts',(12.8813748456233,-13.0089538390733,44.7666796768536));
#7130=CARTESIAN_POINT('Ctrl Pts',(12.9411210308691,-13.0132034342829,44.7492422555834));
#7131=CARTESIAN_POINT('Ctrl Pts',(13.0370728701609,-13.0132034342829,44.7492422555834));
#7132=CARTESIAN_POINT('Ctrl Pts',(13.073601742708,-13.0115994303951,44.7557918494161));
#7133=CARTESIAN_POINT('Ctrl Pts',(13.1441834974422,-13.0056701531768,44.7795935841411));
#7134=CARTESIAN_POINT('Ctrl Pts',(13.1782268406921,-13.001335637319,44.7968717004773));
#7135=CARTESIAN_POINT('Ctrl Pts',(13.2753974779094,-12.9854147993297,44.8587923082565));
#7136=CARTESIAN_POINT('Ctrl Pts',(13.3335310843544,-12.9707331596292,44.9139456222192));
#7137=CARTESIAN_POINT('Ctrl Pts',(13.6119605176041,-12.8850191301713,45.2188110256066));
#7138=CARTESIAN_POINT('Ctrl Pts',(13.7897341583294,-12.7619469070385,45.5754222272452));
#7139=CARTESIAN_POINT('Ctrl Pts',(14.0270250236889,-12.524656041679,46.1166047622233));
#7140=CARTESIAN_POINT('Ctrl Pts',(14.1242405426015,-12.3882328223026,46.3860501863345));
#7141=CARTESIAN_POINT('Ctrl Pts',(14.2611029581201,-12.0726480109266,46.9122049543238));
#7142=CARTESIAN_POINT('Ctrl Pts',(14.3,-11.8932656758898,47.1689766563839));
#7143=CARTESIAN_POINT('Ctrl Pts',(14.3,-11.5741463051658,47.5701654017971));
#7144=CARTESIAN_POINT('Ctrl Pts',(14.2766416781917,-11.4132652310831,47.7532505072245));
#7145=CARTESIAN_POINT('Ctrl Pts',(14.1541847874459,-11.0906002053738,48.0839592700654));
#7146=CARTESIAN_POINT('Ctrl Pts',(14.0544540306969,-10.9291798338947,48.2317031609633));
#7147=CARTESIAN_POINT('Ctrl Pts',(13.8139584470886,-10.6886842502864,48.4370716825851));
#7148=CARTESIAN_POINT('Ctrl Pts',(13.6746260362806,-10.5883749125813,48.5166853569112));
#7149=CARTESIAN_POINT('Ctrl Pts',(13.3546115803428,-10.4504243817517,48.6227686385638));
#7150=CARTESIAN_POINT('Ctrl Pts',(13.1739265958777,-10.4132034342829,48.6497747711751));
#7151=CARTESIAN_POINT('Ctrl Pts',(13.,-10.4132034342829,48.6497747711751));
#7152=CARTESIAN_POINT('Origin',(-40.5,7.25207338951831,53.));
#7153=CARTESIAN_POINT('',(-41.8,7.25207338951831,53.));
#7154=CARTESIAN_POINT('Origin',(-40.5,7.25207338951831,53.));
#7155=CARTESIAN_POINT('',(-41.8,7.25207338951831,44.7492422502471));
#7156=CARTESIAN_POINT('',(-41.8,7.25207338951831,53.));
#7157=CARTESIAN_POINT('',(-39.2,7.25207338951831,48.6497747702047));
#7158=CARTESIAN_POINT('Ctrl Pts',(-39.2,7.25207338951831,48.6497747702047));
#7159=CARTESIAN_POINT('Ctrl Pts',(-39.2,7.4102645323458,48.6497747702047));
#7160=CARTESIAN_POINT('Ctrl Pts',(-39.2308739499817,7.57632697091263,48.6273243744031));
#7161=CARTESIAN_POINT('Ctrl Pts',(-39.3480255907304,7.8755922312502,48.5378041012085));
#7162=CARTESIAN_POINT('Ctrl Pts',(-39.4339459670433,8.00883410170272,48.4703978366388));
#7163=CARTESIAN_POINT('Ctrl Pts',(-39.6640925825456,8.26945036267544,48.2779976857469));
#7164=CARTESIAN_POINT('Ctrl Pts',(-39.83458191468,8.38420861226299,48.1252840685462));
#7165=CARTESIAN_POINT('Ctrl Pts',(-40.1783065542852,8.52526783758817,47.7776649623235));
#7166=CARTESIAN_POINT('Ctrl Pts',(-40.3511053151258,8.55207338951831,47.5825329248143));
#7167=CARTESIAN_POINT('Ctrl Pts',(-40.7154142233934,8.55207338951831,47.1245330434191));
#7168=CARTESIAN_POINT('Ctrl Pts',(-40.9247834092087,8.49716209775115,46.8166203968625));
#7169=CARTESIAN_POINT('Ctrl Pts',(-41.2821105879894,8.30989737601477,46.1859156405326));
#7170=CARTESIAN_POINT('Ctrl Pts',(-41.4303948062446,8.17905675449238,45.8628601580889));
#7171=CARTESIAN_POINT('Ctrl Pts',(-41.6276947004829,7.91448716998441,45.348613663772));
#7172=CARTESIAN_POINT('Ctrl Pts',(-41.7116849974683,7.76224250608578,45.0823539362533));
#7173=CARTESIAN_POINT('Ctrl Pts',(-41.7706997432616,7.5299589452863,44.8644966834647));
#7174=CARTESIAN_POINT('Ctrl Pts',(-41.7810495600525,7.48000550488455,44.8246655925591));
#7175=CARTESIAN_POINT('Ctrl Pts',(-41.7957504047941,7.37069854383015,44.7666796715628));
#7176=CARTESIAN_POINT('Ctrl Pts',(-41.8,7.31095235863157,44.7492422502471));
#7177=CARTESIAN_POINT('Ctrl Pts',(-41.8,7.25207338951831,44.7492422502471));
#7178=CARTESIAN_POINT('Ctrl Pts',(-41.8,7.25207338951831,44.7492422502471));
#7179=CARTESIAN_POINT('Ctrl Pts',(-41.8,7.19319442040504,44.7492422502471));
#7180=CARTESIAN_POINT('Ctrl Pts',(-41.7957504047941,7.13344823520646,44.7666796715628));
#7181=CARTESIAN_POINT('Ctrl Pts',(-41.7810495600525,7.02414127415207,44.8246655925591));
#7182=CARTESIAN_POINT('Ctrl Pts',(-41.7706997432616,6.97418783375032,44.8644966834647));
#7183=CARTESIAN_POINT('Ctrl Pts',(-41.7116849974683,6.74190427295084,45.0823539362533));
#7184=CARTESIAN_POINT('Ctrl Pts',(-41.6276947004829,6.5896596090522,45.348613663772));
#7185=CARTESIAN_POINT('Ctrl Pts',(-41.4303948062446,6.32509002454423,45.8628601580889));
#7186=CARTESIAN_POINT('Ctrl Pts',(-41.2821105879894,6.19424940302184,46.1859156405326));
#7187=CARTESIAN_POINT('Ctrl Pts',(-40.9247834092087,6.00698468128546,46.8166203968625));
#7188=CARTESIAN_POINT('Ctrl Pts',(-40.7154142233934,5.95207338951831,47.1245330434191));
#7189=CARTESIAN_POINT('Ctrl Pts',(-40.3511053151258,5.95207338951831,47.5825329248143));
#7190=CARTESIAN_POINT('Ctrl Pts',(-40.1783065542852,5.97887894144844,47.7776649623235));
#7191=CARTESIAN_POINT('Ctrl Pts',(-39.83458191468,6.11993816677363,48.1252840685462));
#7192=CARTESIAN_POINT('Ctrl Pts',(-39.6640925825456,6.23469641636117,48.2779976857469));
#7193=CARTESIAN_POINT('Ctrl Pts',(-39.4339459670433,6.49531267733389,48.4703978366388));
#7194=CARTESIAN_POINT('Ctrl Pts',(-39.3480255907304,6.62855454778641,48.5378041012085));
#7195=CARTESIAN_POINT('Ctrl Pts',(-39.2308739499817,6.92781980812398,48.6273243744031));
#7196=CARTESIAN_POINT('Ctrl Pts',(-39.2,7.09388224669081,48.6497747702047));
#7197=CARTESIAN_POINT('Ctrl Pts',(-39.2,7.25207338951831,48.6497747702047));
#7198=CARTESIAN_POINT('Origin',(34.7242139777014,27.1875271361058,53.));
#7199=CARTESIAN_POINT('',(33.4242139777014,27.1875271361058,53.));
#7200=CARTESIAN_POINT('Origin',(34.7242139777014,27.1875271361058,53.));
#7201=CARTESIAN_POINT('',(33.4242139777014,27.1875271361066,48.3291429890445));
#7202=CARTESIAN_POINT('',(33.4242139777014,27.1875271361058,53.));
#7203=CARTESIAN_POINT('',(35.6535403390006,28.0965664719954,44.7079857342754));
#7204=CARTESIAN_POINT('Ctrl Pts',(35.6535403390006,28.0965664719954,44.7079857342754));
#7205=CARTESIAN_POINT('Ctrl Pts',(35.6288954065641,28.1217614052413,44.7079857342754));
#7206=CARTESIAN_POINT('Ctrl Pts',(35.6038510147701,28.1453227812305,44.7136135011109));
#7207=CARTESIAN_POINT('Ctrl Pts',(35.5514138331142,28.1910353312925,44.7350553152363));
#7208=CARTESIAN_POINT('Ctrl Pts',(35.5247203310774,28.2123321104054,44.7512100839514));
#7209=CARTESIAN_POINT('Ctrl Pts',(35.4401980079503,28.2750499387132,44.8136942493118));
#7210=CARTESIAN_POINT('Ctrl Pts',(35.3823066678999,28.310166297631,44.8749206005937));
#7211=CARTESIAN_POINT('Ctrl Pts',(35.1808839360743,28.4164046102336,45.1130291454226));
#7212=CARTESIAN_POINT('Ctrl Pts',(35.002501429262,28.4723614633954,45.3853857392798));
#7213=CARTESIAN_POINT('Ctrl Pts',(34.5885903775591,28.4988834808759,46.0379703069832));
#7214=CARTESIAN_POINT('Ctrl Pts',(34.3435326259847,28.4587228575665,46.433399888968));
#7215=CARTESIAN_POINT('Ctrl Pts',(34.0044712778869,28.2765902993975,46.9990162769193));
#7216=CARTESIAN_POINT('Ctrl Pts',(33.9034657571992,28.203919983127,47.1711054602709));
#7217=CARTESIAN_POINT('Ctrl Pts',(33.7491186102864,28.0517388225296,47.4492302533361));
#7218=CARTESIAN_POINT('Ctrl Pts',(33.6906319097805,27.9816600447506,47.5592339246198));
#7219=CARTESIAN_POINT('Ctrl Pts',(33.589192125927,27.8276812121867,47.7658265097731));
#7220=CARTESIAN_POINT('Ctrl Pts',(33.5454450653697,27.7443806960478,47.8631405519236));
#7221=CARTESIAN_POINT('Ctrl Pts',(33.4663279412451,27.538058544236,48.0710777933785));
#7222=CARTESIAN_POINT('Ctrl Pts',(33.435937444055,27.4101758609781,48.1787428784576));
#7223=CARTESIAN_POINT('Ctrl Pts',(33.4251218635301,27.2436833508355,48.2930038244815));
#7224=CARTESIAN_POINT('Ctrl Pts',(33.4242139777014,27.2155774834445,48.311474384707));
#7225=CARTESIAN_POINT('Ctrl Pts',(33.4242139777014,27.1875271361073,48.3291429890445));
#7226=CARTESIAN_POINT('Ctrl Pts',(33.4242139777014,27.1875271361073,48.3291429890445));
#7227=CARTESIAN_POINT('Ctrl Pts',(33.4242139777013,27.0582461507858,48.4105756554765));
#7228=CARTESIAN_POINT('Ctrl Pts',(33.4434865153097,26.9301988930498,48.4750596491253));
#7229=CARTESIAN_POINT('Ctrl Pts',(33.5207239792191,26.6775754037684,48.5761840853315));
#7230=CARTESIAN_POINT('Ctrl Pts',(33.5818217718886,26.5506927776689,48.6121175597942));
#7231=CARTESIAN_POINT('Ctrl Pts',(33.7420698669193,26.3255411003912,48.6462568319372));
#7232=CARTESIAN_POINT('Ctrl Pts',(33.8353753650955,26.229659712157,48.6465250642591));
#7233=CARTESIAN_POINT('Ctrl Pts',(34.0520876871473,26.0661081318816,48.6142526513303));
#7234=CARTESIAN_POINT('Ctrl Pts',(34.1727237260071,26.0030128200965,48.5806740408889));
#7235=CARTESIAN_POINT('Ctrl Pts',(34.4431071868057,25.9088416610909,48.4749049535665));
#7236=CARTESIAN_POINT('Ctrl Pts',(34.5893028492193,25.8871308578074,48.3986365715048));
#7237=CARTESIAN_POINT('Ctrl Pts',(34.8786015986346,25.8879689261916,48.2102998183323));
#7238=CARTESIAN_POINT('Ctrl Pts',(35.0179979187543,25.9143123092434,48.0972507280389));
#7239=CARTESIAN_POINT('Ctrl Pts',(35.2370896395439,25.9888312241555,47.8826613994498));
#7240=CARTESIAN_POINT('Ctrl Pts',(35.3230368726246,26.0300980175505,47.7851642517598));
#7241=CARTESIAN_POINT('Ctrl Pts',(35.4808559457811,26.126234507263,47.5801132822931));
#7242=CARTESIAN_POINT('Ctrl Pts',(35.5523878846989,26.1817258842809,47.4719614219663));
#7243=CARTESIAN_POINT('Ctrl Pts',(35.7051871620655,26.3256223967529,47.2049672105888));
#7244=CARTESIAN_POINT('Ctrl Pts',(35.7785039002877,26.4186299470289,47.0428097145827));
#7245=CARTESIAN_POINT('Ctrl Pts',(35.9599123937015,26.7188435588554,46.532983676037));
#7246=CARTESIAN_POINT('Ctrl Pts',(36.0204639295737,26.9450077425618,46.1647806802514));
#7247=CARTESIAN_POINT('Ctrl Pts',(36.0270943326609,27.3552283786311,45.5124912910767));
#7248=CARTESIAN_POINT('Ctrl Pts',(35.9887018395425,27.5281492085254,45.24520782146));
#7249=CARTESIAN_POINT('Ctrl Pts',(35.9037267636599,27.7384238803522,44.969046784851));
#7250=CARTESIAN_POINT('Ctrl Pts',(35.8682889787509,27.8108281280337,44.8812868961424));
#7251=CARTESIAN_POINT('Ctrl Pts',(35.7981380548507,27.9214932305219,44.781393721831));
#7252=CARTESIAN_POINT('Ctrl Pts',(35.769660772889,27.9620228812912,44.7509558344751));
#7253=CARTESIAN_POINT('Ctrl Pts',(35.7111046328081,28.0346855591483,44.7163554758565));
#7254=CARTESIAN_POINT('Ctrl Pts',(35.6835837735172,28.0658525583307,44.7079857342754));
#7255=CARTESIAN_POINT('Ctrl Pts',(35.6535403390006,28.0965664719954,44.7079857342754));
#7256=CARTESIAN_POINT('Origin',(-35.1,12.6359491411008,43.1));
#7257=CARTESIAN_POINT('',(-37.920457136973,-9.13366057830604,49.397223318324));
#7258=CARTESIAN_POINT('Origin',(-35.1,-6.31320343559641,43.1));
#7259=CARTESIAN_POINT('',(-42.,-4.44089209850063E-15,43.1));
#7260=CARTESIAN_POINT('Ctrl Pts',(-42.,4.88498130835069E-14,43.1));
#7261=CARTESIAN_POINT('Ctrl Pts',(-42.,4.87067046541248E-14,43.1974521985023));
#7262=CARTESIAN_POINT('Ctrl Pts',(-41.9982884985348,-0.0313478077385019,
43.2654333525132));
#7263=CARTESIAN_POINT('Ctrl Pts',(-41.9942637947961,-0.0990306109038978,
43.3878890888005));
#7264=CARTESIAN_POINT('Ctrl Pts',(-41.991785203244,-0.138584094267279,43.4405514285856));
#7265=CARTESIAN_POINT('Ctrl Pts',(-41.982979886847,-0.26838518329881,43.5952045445414));
#7266=CARTESIAN_POINT('Ctrl Pts',(-41.9755200176314,-0.366702655828222,
43.689077139666));
#7267=CARTESIAN_POINT('Ctrl Pts',(-41.94594790656,-0.698430106658667,43.9843897139983));
#7268=CARTESIAN_POINT('Ctrl Pts',(-41.9174650531075,-0.957565270011573,
44.186343615222));
#7269=CARTESIAN_POINT('Ctrl Pts',(-41.7935467577986,-1.81245614668297,44.8315448830699));
#7270=CARTESIAN_POINT('Ctrl Pts',(-41.6560886201923,-2.47508847466717,45.3016506877333));
#7271=CARTESIAN_POINT('Ctrl Pts',(-41.1916963934772,-4.09230826100977,46.4256807496294));
#7272=CARTESIAN_POINT('Ctrl Pts',(-40.7571409889166,-5.16675540128074,47.1449227728685));
#7273=CARTESIAN_POINT('Ctrl Pts',(-39.5779954167546,-7.22421394253637,48.4209199568855));
#7274=CARTESIAN_POINT('Ctrl Pts',(-38.8317955306485,-8.20774895263273,48.9753416688834));
#7275=CARTESIAN_POINT('Ctrl Pts',(-37.9752908660321,-9.07859686044301,49.3724468661837));
#7276=CARTESIAN_POINT('Ctrl Pts',(-37.9480037652012,-9.10611394956912,49.3848854875984));
#7277=CARTESIAN_POINT('Ctrl Pts',(-37.9204571370206,-9.13366057773543,49.3972233197044));
#7278=CARTESIAN_POINT('',(-42.,14.4999999999998,43.1));
#7279=CARTESIAN_POINT('',(-42.,12.6359491411008,43.1));
#7280=CARTESIAN_POINT('Ctrl Pts',(-35.0999999999968,14.215789659084,50.));
#7281=CARTESIAN_POINT('Ctrl Pts',(-35.1091371287821,14.2162050513068,50.));
#7282=CARTESIAN_POINT('Ctrl Pts',(-35.1182742571403,14.2166202546111,49.9999818506257));
#7283=CARTESIAN_POINT('Ctrl Pts',(-36.0482867647345,14.258862087526,49.9962872010716));
#7284=CARTESIAN_POINT('Ctrl Pts',(-36.959307608739,14.2982925716511,49.8083136656588));
#7285=CARTESIAN_POINT('Ctrl Pts',(-38.6328360867884,14.3683430725203,49.0946510411298));
#7286=CARTESIAN_POINT('Ctrl Pts',(-39.3825029167347,14.3985217664113,48.5842949944715));
#7287=CARTESIAN_POINT('Ctrl Pts',(-40.6437299916697,14.4483138566183,47.3051398322346));
#7288=CARTESIAN_POINT('Ctrl Pts',(-41.1433900969663,14.4674784266941,46.5487693886302));
#7289=CARTESIAN_POINT('Ctrl Pts',(-41.8247399335198,14.4934390500652,44.8871503601059));
#7290=CARTESIAN_POINT('Ctrl Pts',(-42.,14.4999999999998,43.9978833773794));
#7291=CARTESIAN_POINT('Ctrl Pts',(-42.,14.4999999999998,43.1));
#7292=CARTESIAN_POINT('Origin',(-35.1,-6.31320343559641,43.1));
#7293=CARTESIAN_POINT('Origin',(0.,1.11022302462516E-14,-57.2773573234943));
#7294=CARTESIAN_POINT('',(-1.5,10.,-57.2773573234943));
#7295=CARTESIAN_POINT('',(-1.5,1.11022302462516E-14,-57.2773573234943));
#7296=CARTESIAN_POINT('',(-1.5,1.25,-57.2773573234943));
#7297=CARTESIAN_POINT('',(-29.2623316495758,10.,-57.2773573234943));
#7298=CARTESIAN_POINT('',(-32.4143589865476,10.,-57.2773573234943));
#7299=CARTESIAN_POINT('',(-28.9759533766031,5.,-57.2773573234943));
#7300=CARTESIAN_POINT('Ctrl Pts',(-28.9762428830171,5.00158555864716,-57.277419781045));
#7301=CARTESIAN_POINT('Ctrl Pts',(-29.0380579362091,5.66875491315892,-57.277411974727));
#7302=CARTESIAN_POINT('Ctrl Pts',(-29.0904123879182,6.33695143660284,-57.2774051957605));
#7303=CARTESIAN_POINT('Ctrl Pts',(-29.1333375134967,7.00590491484978,-57.2774007996932));
#7304=CARTESIAN_POINT('Ctrl Pts',(-29.176633239518,7.68063390224044,-57.2773963656719));
#7305=CARTESIAN_POINT('Ctrl Pts',(-29.2103362421367,8.35613355941232,-57.2773943664447));
#7306=CARTESIAN_POINT('Ctrl Pts',(-29.234428197833,9.03214161629793,-57.2773935364563));
#7307=CARTESIAN_POINT('Ctrl Pts',(-29.2371368625415,9.10814537412686,-57.2773934431405));
#7308=CARTESIAN_POINT('Ctrl Pts',(-29.2397239850376,9.18415556840323,-57.2773933617653));
#7309=CARTESIAN_POINT('Ctrl Pts',(-29.2421894987623,9.26017183297358,-57.2773932883623));
#7310=CARTESIAN_POINT('Ctrl Pts',(-29.2501849978777,9.5066875874968,-57.2773930503211));
#7311=CARTESIAN_POINT('Ctrl Pts',(-29.2569020079055,9.75327622787259,-57.2773927781576));
#7312=CARTESIAN_POINT('Ctrl Pts',(-29.2623420707608,9.99992508463891,-57.277392769909));
#7313=CARTESIAN_POINT('',(-26.5,5.,-57.2773573234943));
#7314=CARTESIAN_POINT('',(-32.4143589865476,5.,-57.2773573234943));
#7315=CARTESIAN_POINT('',(-26.5,1.11022302462516E-14,-57.2773573234943));
#7316=CARTESIAN_POINT('',(-26.5,1.11022302462516E-14,-57.2773573234943));
#7317=CARTESIAN_POINT('',(0.,1.11022302462516E-14,-57.2773573234943));
#7318=CARTESIAN_POINT('',(-22.5,4.99999999999999,-57.2773573234943));
#7319=CARTESIAN_POINT('Origin',(-20.,4.99999999999999,-57.2773573234943));
#7320=CARTESIAN_POINT('Origin',(-16.1494993475642,5.,-59.7773573234943));
#7321=CARTESIAN_POINT('',(-26.5,5.00000000000001,-62.2773573234943));
#7322=CARTESIAN_POINT('',(-26.5,5.,-51.2773573234943));
#7323=CARTESIAN_POINT('',(-28.5470022024459,5.,-58.1947955611478));
#7324=CARTESIAN_POINT('Ctrl Pts',(-28.5472842508294,5.00154882276009,-58.1948624917872));
#7325=CARTESIAN_POINT('Ctrl Pts',(-28.6910849527841,5.0015624517519,-57.8894354458795));
#7326=CARTESIAN_POINT('Ctrl Pts',(-28.8340711859416,5.00157482476601,-57.5836155224642));
#7327=CARTESIAN_POINT('Ctrl Pts',(-28.9762428830171,5.00158555864717,-57.277419781045));
#7328=CARTESIAN_POINT('',(-28.4950201715458,5.00000000001675,-58.3051935652496));
#7329=CARTESIAN_POINT('Ctrl Pts',(-28.4950201717026,5.00000000000284,-58.3051935653234));
#7330=CARTESIAN_POINT('Ctrl Pts',(-28.5123564372366,4.99999999679434,-58.2683790575284));
#7331=CARTESIAN_POINT('Ctrl Pts',(-28.5296833601765,5.0000000680309,-58.231580632612));
#7332=CARTESIAN_POINT('Ctrl Pts',(-28.5470022250433,5.00000019275098,-58.1947955524435));
#7333=CARTESIAN_POINT('',(-26.5623000739532,5.,-62.2773573234943));
#7334=CARTESIAN_POINT('Ctrl Pts',(-26.5621739259838,5.00072169337854,-62.2773829062799));
#7335=CARTESIAN_POINT('Ctrl Pts',(-27.2237277630662,5.00058934963602,-60.9617246865979));
#7336=CARTESIAN_POINT('Ctrl Pts',(-27.8678928973079,5.00061493268128,-59.6374550786));
#7337=CARTESIAN_POINT('Ctrl Pts',(-28.4952698994174,5.00075829123059,-58.3052657148162));
#7338=CARTESIAN_POINT('',(-1.5,5.,-62.2773573234943));
#7339=CARTESIAN_POINT('Origin',(-1.5,-13.75,-58.4904245005215));
#7340=CARTESIAN_POINT('',(-1.5,1.33226762955019E-14,-62.2773573234943));
#7341=CARTESIAN_POINT('',(-1.5,0.,-55.5187947398749));
#7342=CARTESIAN_POINT('',(-1.5,10.,-62.2773573234943));
#7343=CARTESIAN_POINT('',(-1.5,-4.375,-62.2773573234943));
#7344=CARTESIAN_POINT('',(-1.5,10.,-68.2431069890168));
#7345=CARTESIAN_POINT('',(-1.5,10.,-68.2431069890168));
#7346=CARTESIAN_POINT('',(-1.5,5.,-68.2431069890168));
#7347=CARTESIAN_POINT('',(-1.5,5.,-68.2431069890168));
#7348=CARTESIAN_POINT('',(-1.5,5.,-93.2773573234943));
#7349=CARTESIAN_POINT('',(-1.5,5.,-93.2773573234943));
#7350=CARTESIAN_POINT('',(-1.5,3.47149434702442,-93.2773573234943));
#7351=CARTESIAN_POINT('',(-1.5,0.,-93.2773573234943));
#7352=CARTESIAN_POINT('',(-1.5,0.,-88.1223141180737));
#7353=CARTESIAN_POINT('Ctrl Pts',(-1.5,-5.68989300120393E-15,-88.1223141180738));
#7354=CARTESIAN_POINT('Ctrl Pts',(-1.5,0.638067895901112,-89.1497166454488));
#7355=CARTESIAN_POINT('Ctrl Pts',(-1.5,1.29789428068761,-90.1638419521733));
#7356=CARTESIAN_POINT('Ctrl Pts',(-1.5,2.46495785217355,-91.8746100639954));
#7357=CARTESIAN_POINT('Ctrl Pts',(-1.5,2.96294769184961,-92.5806987198538));
#7358=CARTESIAN_POINT('Ctrl Pts',(-1.5,3.4714943470244,-93.2773573234943));
#7359=CARTESIAN_POINT('',(-1.5,0.,-68.2431069890168));
#7360=CARTESIAN_POINT('',(-1.5,0.,-51.2773573234943));
#7361=CARTESIAN_POINT('',(-1.5,-9.28314458159024,-68.2431069890168));
#7362=CARTESIAN_POINT('',(-1.5,-10.4092735724226,-68.2431069890168));
#7363=CARTESIAN_POINT('',(-1.5,-12.,-59.0871755703978));
#7364=CARTESIAN_POINT('Ctrl Pts',(-1.5,-12.,-59.0871755703978));
#7365=CARTESIAN_POINT('Ctrl Pts',(-1.5,-11.2086354861122,-62.1716775155759));
#7366=CARTESIAN_POINT('Ctrl Pts',(-1.5,-10.3098738244143,-65.2280018719346));
#7367=CARTESIAN_POINT('Ctrl Pts',(-1.5,-9.28314458159024,-68.2431069890168));
#7368=CARTESIAN_POINT('',(-1.5,-13.77603728428,-51.2773573234943));
#7369=CARTESIAN_POINT('Ctrl Pts',(-1.5,-13.77603728428,-51.2773573234943));
#7370=CARTESIAN_POINT('Ctrl Pts',(-1.5,-13.2516710327959,-53.8944490564167));
#7371=CARTESIAN_POINT('Ctrl Pts',(-1.5,-12.6635229794009,-56.5009616516339));
#7372=CARTESIAN_POINT('Ctrl Pts',(-1.5,-12.,-59.0871755703978));
#7373=CARTESIAN_POINT('',(-1.5,10.,-51.2773573234943));
#7374=CARTESIAN_POINT('',(-1.5,-12.,-51.2773573234943));
#7375=CARTESIAN_POINT('',(-1.5,10.,-68.2431069890168));
#7376=CARTESIAN_POINT('Ctrl Pts',(-2.76413790132526,8.02382093216073,-98.002026269178));
#7377=CARTESIAN_POINT('Ctrl Pts',(-4.95846971778307,5.67328071204668,-94.1193065529406));
#7378=CARTESIAN_POINT('Ctrl Pts',(-11.1770712472592,-0.847667410557512,
-81.993895680064));
#7379=CARTESIAN_POINT('Ctrl Pts',(-22.7668063401789,-12.8161150598178,-50.3485102224073));
#7380=CARTESIAN_POINT('Ctrl Pts',(-27.7000656451654,-17.9291204069144,-17.1044094933346));
#7381=CARTESIAN_POINT('Ctrl Pts',(-28.6577614607648,-19.1221308652789,8.00171394096794));
#7382=CARTESIAN_POINT('Ctrl Pts',(-2.8875518347242,8.1378389340363,-98.0016567023671));
#7383=CARTESIAN_POINT('Ctrl Pts',(-5.17411808817596,5.86999522279573,-94.1164291541759));
#7384=CARTESIAN_POINT('Ctrl Pts',(-11.6785577910714,-0.449060544232327,
-81.9791422606856));
#7385=CARTESIAN_POINT('Ctrl Pts',(-23.9018743426657,-12.2730064286903,-50.2705271746584));
#7386=CARTESIAN_POINT('Ctrl Pts',(-29.3542674577413,-17.625146680046,-17.0152792862257));
#7387=CARTESIAN_POINT('Ctrl Pts',(-30.6294370383827,-19.0335187603298,8.03115538448584));
#7388=CARTESIAN_POINT('Ctrl Pts',(-3.21519874041474,8.48033719738871,-98.0022021839803));
#7389=CARTESIAN_POINT('Ctrl Pts',(-5.76378336547797,6.48207631673013,-94.11171785852));
#7390=CARTESIAN_POINT('Ctrl Pts',(-13.0146400285302,0.804488117226899,-81.9475189476871));
#7391=CARTESIAN_POINT('Ctrl Pts',(-26.8529111781029,-10.4527963214621,-50.0951664741066));
#7392=CARTESIAN_POINT('Ctrl Pts',(-33.5080535874713,-16.2810245236686,-16.7960477295532));
#7393=CARTESIAN_POINT('Ctrl Pts',(-35.5359953952076,-18.0733112534741,8.10723417187664));
#7394=CARTESIAN_POINT('Ctrl Pts',(-3.50275706438377,8.91858253696322,-98.0004516108138));
#7395=CARTESIAN_POINT('Ctrl Pts',(-6.28950052002827,7.27275058549218,-94.1073015864314));
#7396=CARTESIAN_POINT('Ctrl Pts',(-14.2120661381479,2.4661547901141,-81.9210583809532));
#7397=CARTESIAN_POINT('Ctrl Pts',(-29.5247472005119,-7.62836896294391,-49.9587363883295));
#7398=CARTESIAN_POINT('Ctrl Pts',(-37.2039563753467,-13.478937639256,-16.6072885452067));
#7399=CARTESIAN_POINT('Ctrl Pts',(-39.8329087310611,-15.3511935731568,8.17332340870488));
#7400=CARTESIAN_POINT('Ctrl Pts',(-3.71772985199534,9.34664130125246,-98.0000815356297));
#7401=CARTESIAN_POINT('Ctrl Pts',(-6.67187753642505,8.02924014247304,-94.1055391869239));
#7402=CARTESIAN_POINT('Ctrl Pts',(-15.1066640113385,4.12269741944263,-81.9004267089801));
#7403=CARTESIAN_POINT('Ctrl Pts',(-31.6341846074573,-4.50475215484085,-49.8376735218393));
#7404=CARTESIAN_POINT('Ctrl Pts',(-40.2319090106452,-9.98954501986914,-16.4445754926546));
#7405=CARTESIAN_POINT('Ctrl Pts',(-43.3327242609756,-11.818743342375,8.22254449959316));
#7406=CARTESIAN_POINT('Ctrl Pts',(-3.89222595764487,9.77498375553596,-98.0005090716762));
#7407=CARTESIAN_POINT('Ctrl Pts',(-6.98558613602968,8.79458036929971,-94.1048748161224));
#7408=CARTESIAN_POINT('Ctrl Pts',(-15.8410255658098,5.80830445317899,-81.8838866286239));
#7409=CARTESIAN_POINT('Ctrl Pts',(-33.4098732232671,-1.17531216143383,-49.729012797624));
#7410=CARTESIAN_POINT('Ctrl Pts',(-42.8261450006337,-6.05786471158758,-16.2963078804238));
#7411=CARTESIAN_POINT('Ctrl Pts',(-46.3124905713134,-7.75673459434539,8.26099364405064));
#7412=CARTESIAN_POINT('Ctrl Pts',(-3.96573757503583,10.1039420660555,-98.0000543807842));
#7413=CARTESIAN_POINT('Ctrl Pts',(-7.12251940669108,9.40233892673909,-94.1053424377931));
#7414=CARTESIAN_POINT('Ctrl Pts',(-16.1577570920332,7.20074433926534,-81.8721414691944));
#7415=CARTESIAN_POINT('Ctrl Pts',(-34.2092820677917,2.12644344738323,-49.6450946024699));
#7416=CARTESIAN_POINT('Ctrl Pts',(-44.0210118116485,-1.41829107875285,-16.1883047194883));
#7417=CARTESIAN_POINT('Ctrl Pts',(-47.6255326981667,-2.8188289549461,8.26403852844087));
#7418=CARTESIAN_POINT('Ctrl Pts',(-3.98754045414477,10.216266165125,-98.0002658697182));
#7419=CARTESIAN_POINT('Ctrl Pts',(-7.15628370426156,9.58404451135051,-94.1063278666685));
#7420=CARTESIAN_POINT('Ctrl Pts',(-16.2314916479346,7.66872600884783,-81.8709258952325));
#7421=CARTESIAN_POINT('Ctrl Pts',(-34.3771562280209,3.77476045535464,-49.6030006993483));
#7422=CARTESIAN_POINT('Ctrl Pts',(-44.1894566853835,1.33876937426128,-16.1294133911267));
#7423=CARTESIAN_POINT('Ctrl Pts',(-47.7338264876035,0.165712870933987,8.2530252498632));
#7424=CARTESIAN_POINT('',(-26.6098067044653,5.4178981198416,-62.2773573234943));
#7425=CARTESIAN_POINT('Ctrl Pts',(-26.6098067044653,5.4178981198416,-62.2773573234943));
#7426=CARTESIAN_POINT('Ctrl Pts',(-26.5965685442429,5.27880449121439,-62.2773573234943));
#7427=CARTESIAN_POINT('Ctrl Pts',(-26.5806229472898,5.13929766879575,-62.2773573234943));
#7428=CARTESIAN_POINT('Ctrl Pts',(-26.5623000739532,5.,-62.2773573234943));
#7429=CARTESIAN_POINT('',(-31.2565024562424,4.37934682047463,-52.0591552016399));
#7430=CARTESIAN_POINT('Ctrl Pts',(-28.495272782508,5.00075764949126,-58.3052594700416));
#7431=CARTESIAN_POINT('Ctrl Pts',(-28.5151198805563,4.99633993752184,-58.2622706504344));
#7432=CARTESIAN_POINT('Ctrl Pts',(-29.4629025780139,4.78533766767335,-56.20753140754));
#7433=CARTESIAN_POINT('Ctrl Pts',(-30.3829984794391,4.578683849254,-54.1247473464018));
#7434=CARTESIAN_POINT('Ctrl Pts',(-31.2568261109544,4.38057641907939,-52.059217416605));
#7435=CARTESIAN_POINT('',(-47.698372496333,0.106148845306972,8.02229801819399));
#7436=CARTESIAN_POINT('Ctrl Pts',(-31.2569120988068,4.38121923546716,-52.0591452543412));
#7437=CARTESIAN_POINT('Ctrl Pts',(-38.9210268046901,2.60820605249208,-33.9366744179122));
#7438=CARTESIAN_POINT('Ctrl Pts',(-44.5084542825116,1.15039863689543,-13.7876994782882));
#7439=CARTESIAN_POINT('Ctrl Pts',(-47.6986579932579,0.10610761422727,8.02109903039212));
#7440=CARTESIAN_POINT('',(-47.6933365543983,0.00594288569697251,8.02365045320122));
#7441=CARTESIAN_POINT('Ctrl Pts',(-47.6933225463699,0.00594631259819733,
8.02364977784871));
#7442=CARTESIAN_POINT('Ctrl Pts',(-47.6948145887625,0.0393558221518049,
8.02341934000306));
#7443=CARTESIAN_POINT('Ctrl Pts',(-47.6962240657989,0.0727693157467405,
8.02320312569537));
#7444=CARTESIAN_POINT('Ctrl Pts',(-47.6975507694286,0.106186435505029,8.0230006329597));
#7445=CARTESIAN_POINT('',(-28.7849167521049,-19.1159455021882,8.00236617610003));
#7446=CARTESIAN_POINT('Ctrl Pts',(-28.7849167521509,-19.1159455030716,8.00236617605696));
#7447=CARTESIAN_POINT('Ctrl Pts',(-31.3640475523542,-18.9816031943156,8.00404381468907));
#7448=CARTESIAN_POINT('Ctrl Pts',(-33.8921013486389,-18.3440333885814,8.0068188026328));
#7449=CARTESIAN_POINT('Ctrl Pts',(-38.5789873725978,-16.1325600539934,8.01371183227838));
#7450=CARTESIAN_POINT('Ctrl Pts',(-40.690358934539,-14.5740541044494,8.0177243139934));
#7451=CARTESIAN_POINT('Ctrl Pts',(-44.0231548282185,-10.9312067406979,8.02380571626024));
#7452=CARTESIAN_POINT('Ctrl Pts',(-45.2874966092707,-8.94347655570404,8.02591267191102));
#7453=CARTESIAN_POINT('Ctrl Pts',(-47.0759702830447,-4.625563671987,8.02702249512));
#7454=CARTESIAN_POINT('Ctrl Pts',(-47.5874578655163,-2.32747812863807,8.02598454778734));
#7455=CARTESIAN_POINT('Ctrl Pts',(-47.6933365543983,0.00594288569697454,
8.02365045320123));
#7456=CARTESIAN_POINT('',(-28.6858539474279,-19.1208484000088,8.00213350110635));
#7457=CARTESIAN_POINT('Ctrl Pts',(-28.6858539622167,-19.1208482954009,8.002133499679));
#7458=CARTESIAN_POINT('Ctrl Pts',(-28.7188789598458,-19.1192961483184,8.00220523628032));
#7459=CARTESIAN_POINT('Ctrl Pts',(-28.7519000892656,-19.1176611591886,8.00228258547671));
#7460=CARTESIAN_POINT('Ctrl Pts',(-28.7849170444157,-19.1159434443704,8.0023661535698));
#7461=CARTESIAN_POINT('',(-2.76528303686114,8.02259428589729,-98.));
#7462=CARTESIAN_POINT('Ctrl Pts',(-28.6858539474278,-19.1208484000088,8.00213350110635));
#7463=CARTESIAN_POINT('Ctrl Pts',(-28.3442439996592,-18.6379418435297,-2.08936528192816));
#7464=CARTESIAN_POINT('Ctrl Pts',(-27.6091255227979,-17.7643853456604,-12.1789336338907));
#7465=CARTESIAN_POINT('Ctrl Pts',(-24.5886221570766,-14.4303385063068,-36.4762016710409));
#7466=CARTESIAN_POINT('Ctrl Pts',(-21.7630679642943,-11.4446922414765,-50.48090486659));
#7467=CARTESIAN_POINT('Ctrl Pts',(-15.5926066136682,-5.10723579668319,-70.1382217943463));
#7468=CARTESIAN_POINT('Ctrl Pts',(-13.3127330012472,-2.78510391296335,-76.2668131636306));
#7469=CARTESIAN_POINT('Ctrl Pts',(-9.46000508349299,1.13518696379649,-85.0668286229672));
#7470=CARTESIAN_POINT('Ctrl Pts',(-8.11914252501929,2.49884608230169,-87.9056116795187));
#7471=CARTESIAN_POINT('Ctrl Pts',(-6.0131077537289,4.6519590843427,-92.0541830498145));
#7472=CARTESIAN_POINT('Ctrl Pts',(-5.29789963731779,5.38481361593022,-93.4140332732976));
#7473=CARTESIAN_POINT('Ctrl Pts',(-3.97024999963537,6.75644233212576,-95.8586757415717));
#7474=CARTESIAN_POINT('Ctrl Pts',(-3.3645530126897,7.38553151816722,-96.9439033680205));
#7475=CARTESIAN_POINT('Ctrl Pts',(-2.76528303686573,8.0225942859016,-98.));
#7476=CARTESIAN_POINT('',(-3.98780179321915,10.2164540441301,-98.0000002346299));
#7477=CARTESIAN_POINT('Ctrl Pts',(-2.76528303686111,8.02259428589732,-98.));
#7478=CARTESIAN_POINT('Ctrl Pts',(-2.93848433292378,8.18319390479807,-98.));
#7479=CARTESIAN_POINT('Ctrl Pts',(-3.09854676148554,8.3608829469606,-98.));
#7480=CARTESIAN_POINT('Ctrl Pts',(-3.39212542149475,8.74893014198507,-98.));
#7481=CARTESIAN_POINT('Ctrl Pts',(-3.52621739563383,8.96365546087684,-98.));
#7482=CARTESIAN_POINT('Ctrl Pts',(-3.73535954148864,9.38395913266984,-98.));
#7483=CARTESIAN_POINT('Ctrl Pts',(-3.8162353044375,9.58615169165914,-98.));
#7484=CARTESIAN_POINT('Ctrl Pts',(-3.92406985903285,9.93280132354187,-98.));
#7485=CARTESIAN_POINT('Ctrl Pts',(-3.96013896666884,10.0750985299474,-98.));
#7486=CARTESIAN_POINT('Ctrl Pts',(-3.98775680865559,10.2162229983727,-98.));
#7487=CARTESIAN_POINT('Ctrl Pts',(-3.98775625891842,10.2162231081113,-98.0000006755664));
#7488=CARTESIAN_POINT('Ctrl Pts',(-7.15642105097722,9.58401552438716,-94.1061426925079));
#7489=CARTESIAN_POINT('Ctrl Pts',(-15.3854119542463,7.84729055360949,-83.0116068538133));
#7490=CARTESIAN_POINT('Ctrl Pts',(-22.5467721248005,6.31321986639717,-70.6067131706455));
#7491=CARTESIAN_POINT('Ctrl Pts',(-26.6099364915912,5.41816975511797,-62.2774014106273));
#7492=CARTESIAN_POINT('',(-25.0221250115745,1.33226762955019E-14,-62.2773573234943));
#7493=CARTESIAN_POINT('',(-26.5,1.21472583044868E-14,-59.5738979663543));
#7494=CARTESIAN_POINT('Ctrl Pts',(-25.0221250115745,1.29199705971109E-14,
-62.2773573234943));
#7495=CARTESIAN_POINT('Ctrl Pts',(-25.523735072017,1.25305144650312E-14,
-61.3816088897332));
#7496=CARTESIAN_POINT('Ctrl Pts',(-26.0164707695511,1.21384815689313E-14,
-60.4799339031588));
#7497=CARTESIAN_POINT('Ctrl Pts',(-26.5,1.17445526060958E-14,-59.5738979663543));
#7498=CARTESIAN_POINT('',(-26.5,4.5802139214463,-62.2773573234943));
#7499=CARTESIAN_POINT('Ctrl Pts',(-26.5,1.11022302462516E-14,-59.5738979663543));
#7500=CARTESIAN_POINT('Ctrl Pts',(-26.5,0.845052975556174,-60.2778327876675));
#7501=CARTESIAN_POINT('Ctrl Pts',(-26.4999999995696,1.75524271310563,-60.9251183177359));
#7502=CARTESIAN_POINT('Ctrl Pts',(-26.4999999995696,3.37836136683301,-61.818738572806));
#7503=CARTESIAN_POINT('Ctrl Pts',(-26.5,4.00796103190798,-62.0913908554283));
#7504=CARTESIAN_POINT('Ctrl Pts',(-26.5,4.5802139214463,-62.2773573234943));
#7505=CARTESIAN_POINT('Ctrl Pts',(-26.5,4.5802139214463,-62.2773573234943));
#7506=CARTESIAN_POINT('Ctrl Pts',(-26.2779839201296,3.23339051696808,-62.2773573234943));
#7507=CARTESIAN_POINT('Ctrl Pts',(-25.8060292554866,1.63445812068454,-62.2773573234943));
#7508=CARTESIAN_POINT('Ctrl Pts',(-25.0221250115745,1.346145417358E-14,
-62.2773573234943));
#7509=CARTESIAN_POINT('Ctrl Pts',(-28.4962856280579,5.01099103703203,-58.3046779867872));
#7510=CARTESIAN_POINT('Ctrl Pts',(-29.4452381765518,4.80537233135539,-56.2502490357603));
#7511=CARTESIAN_POINT('Ctrl Pts',(-30.3665064933455,4.60408697565543,-54.1677816298766));
#7512=CARTESIAN_POINT('Ctrl Pts',(-31.2595369681047,4.40678745653603,-52.0578735757771));
#7513=CARTESIAN_POINT('Ctrl Pts',(-28.4952100435223,5.00185097313449,-58.3050960031054));
#7514=CARTESIAN_POINT('Ctrl Pts',(-29.4441649420457,4.79623175304531,-56.2506618510657));
#7515=CARTESIAN_POINT('Ctrl Pts',(-30.3654345838724,4.59494599064791,-54.1681888429867));
#7516=CARTESIAN_POINT('Ctrl Pts',(-31.2584672401645,4.39764598955682,-52.0582756347138));
#7517=CARTESIAN_POINT('Ctrl Pts',(-28.4941918183575,4.99270539625941,-58.3055410658165));
#7518=CARTESIAN_POINT('Ctrl Pts',(-29.4431493572697,4.78708559850414,-56.2511010840831));
#7519=CARTESIAN_POINT('Ctrl Pts',(-30.3644206008971,4.58579936142477,-54.1686218461739));
#7520=CARTESIAN_POINT('Ctrl Pts',(-31.257455704017,4.38849881974972,-52.0587028569316));
#7521=CARTESIAN_POINT('Ctrl Pts',(-28.4932310497823,4.98355517961458,-58.3060131324263));
#7522=CARTESIAN_POINT('Ctrl Pts',(-29.4421915191905,4.77793474099485,-56.2515666928752));
#7523=CARTESIAN_POINT('Ctrl Pts',(-30.3634646412333,4.57664796129431,-54.1690805980955));
#7524=CARTESIAN_POINT('Ctrl Pts',(-31.2565024562424,4.37934682047461,-52.0591552016399));
#7525=CARTESIAN_POINT('Ctrl Pts',(-28.5473214401921,5.00154039353521,-58.1947817823792));
#7526=CARTESIAN_POINT('Ctrl Pts',(-29.4773425442994,4.79074468509823,-56.1764225149129));
#7527=CARTESIAN_POINT('Ctrl Pts',(-30.3806990917039,4.58392199662169,-54.131027693096));
#7528=CARTESIAN_POINT('Ctrl Pts',(-31.2569120988068,4.38121923546716,-52.0591452543412));
#7529=CARTESIAN_POINT('Ctrl Pts',(-3.98784742583075,10.2166849621719,-97.9999998365456));
#7530=CARTESIAN_POINT('Ctrl Pts',(-12.6126111988599,8.52210980461403,-87.4074084878156));
#7531=CARTESIAN_POINT('Ctrl Pts',(-20.2088847111559,6.97249562234203,-75.4454990456173));
#7532=CARTESIAN_POINT('Ctrl Pts',(-26.6382416411452,5.59599521983309,-62.2726164392699));
#7533=CARTESIAN_POINT('Ctrl Pts',(-3.97626222816673,10.1576522580705,-98.0000162029412));
#7534=CARTESIAN_POINT('Ctrl Pts',(-12.6009043544139,8.46310100286351,-87.4075291544497));
#7535=CARTESIAN_POINT('Ctrl Pts',(-20.1970908031478,6.91350459411033,-75.4457466662308));
#7536=CARTESIAN_POINT('Ctrl Pts',(-26.6263665189371,5.53702130913983,-62.2729859746271));
#7537=CARTESIAN_POINT('Ctrl Pts',(-3.96672824634073,10.098217550429,-98.0017670341713));
#7538=CARTESIAN_POINT('Ctrl Pts',(-12.5913863614887,8.40366181420205,-87.4092149364511));
#7539=CARTESIAN_POINT('Ctrl Pts',(-20.1875953339903,6.85406042773306,-75.4473827410086));
#7540=CARTESIAN_POINT('Ctrl Pts',(-26.6168753414354,5.47757502981134,-62.274568414363));
#7541=CARTESIAN_POINT('Ctrl Pts',(-3.9592842502416,10.0386225301851,-98.0052452104893));
#7542=CARTESIAN_POINT('Ctrl Pts',(-12.5840959249496,8.34403394779071,-87.4124589786139));
#7543=CARTESIAN_POINT('Ctrl Pts',(-20.180436916962,6.79440485261128,-75.4504006168458));
#7544=CARTESIAN_POINT('Ctrl Pts',(-26.6098067044653,5.4178981198416,-62.2773573234942));
#7545=CARTESIAN_POINT('',(-26.6116408844703,5.43617828761532,-62.2773573234938));
#7546=CARTESIAN_POINT('Ctrl Pts',(-26.6116409253428,5.43617828197674,-62.2773573440309));
#7547=CARTESIAN_POINT('Ctrl Pts',(-26.6109983542351,5.43008815801995,-62.2773573318159));
#7548=CARTESIAN_POINT('Ctrl Pts',(-26.6103869437807,5.42399470637215,-62.2773573234573));
#7549=CARTESIAN_POINT('Ctrl Pts',(-26.6098067044653,5.41789811984161,-62.2773573234943));
#7550=CARTESIAN_POINT('Ctrl Pts',(-3.98784726658101,10.216684994074,-98.0000000322719));
#7551=CARTESIAN_POINT('Ctrl Pts',(-10.3168197278234,8.96371640163459,-90.2248139212425));
#7552=CARTESIAN_POINT('Ctrl Pts',(-18.1729303867625,7.30346927002403,-78.6281579944233));
#7553=CARTESIAN_POINT('Ctrl Pts',(-24.9039644352026,5.8196042648084,-65.7800947834805));
#7554=CARTESIAN_POINT('Ctrl Pts',(-26.6118873870053,5.43737923788824,-62.2773464674717));
#7555=CARTESIAN_POINT('Origin',(0.,-10.4092735724226,-68.2431069890168));
#7556=CARTESIAN_POINT('',(1.5,-9.28314458159024,-68.2431069890168));
#7557=CARTESIAN_POINT('Ctrl Pts',(-1.5,-9.28314458159024,-68.2431069890168));
#7558=CARTESIAN_POINT('Ctrl Pts',(-0.493182528922902,-9.33879261145508,
-68.2431069890168));
#7559=CARTESIAN_POINT('Ctrl Pts',(0.493180218329876,-9.33879273916438,-68.2431069890168));
#7560=CARTESIAN_POINT('Ctrl Pts',(1.5,-9.28314458159024,-68.2431069890168));
#7561=CARTESIAN_POINT('',(1.5,0.,-68.2431069890168));
#7562=CARTESIAN_POINT('',(0.,0.,-68.2431069890168));
#7563=CARTESIAN_POINT('',(1.5,-10.4092735724226,-68.2431069890168));
#7564=CARTESIAN_POINT('Ctrl Pts',(2.76528302745684,8.02259429582436,-98.0000000165108));
#7565=CARTESIAN_POINT('Ctrl Pts',(3.87139968179049,6.85543802376818,-96.0584204579174));
#7566=CARTESIAN_POINT('Ctrl Pts',(6.07465657493791,4.65668126953143,-92.0971193162963));
#7567=CARTESIAN_POINT('Ctrl Pts',(10.2197515679717,0.558566849563921,-83.8711651447959));
#7568=CARTESIAN_POINT('Ctrl Pts',(14.86062608452,-4.0488957490179,-72.9974099314035));
#7569=CARTESIAN_POINT('Ctrl Pts',(24.1193946346906,-13.5333111139891,-44.8879129117479));
#7570=CARTESIAN_POINT('Ctrl Pts',(27.9651292399041,-17.9203212887901,-17.1032692355597));
#7571=CARTESIAN_POINT('Ctrl Pts',(28.7018206755871,-19.1216437829589,8.01898691998886));
#7572=CARTESIAN_POINT('Ctrl Pts',(2.70606177510179,7.96869978426309,-98.0006741900781));
#7573=CARTESIAN_POINT('Ctrl Pts',(3.79211698591001,6.78666740582356,-96.0609796322042));
#7574=CARTESIAN_POINT('Ctrl Pts',(5.9141147042201,4.53180417038384,-92.103424206053));
#7575=CARTESIAN_POINT('Ctrl Pts',(9.86022656231834,0.351879652866224,-83.8774930051703));
#7576=CARTESIAN_POINT('Ctrl Pts',(14.2212299604192,-4.28845974224207,-72.9972494759084));
#7577=CARTESIAN_POINT('Ctrl Pts',(22.8246311531774,-13.7089203141276,-44.8920925925579));
#7578=CARTESIAN_POINT('Ctrl Pts',(26.1416572402247,-17.9404543754852,-17.1106064547469));
#7579=CARTESIAN_POINT('Ctrl Pts',(26.7910731863236,-19.1229034972753,8.01746397280276));
#7580=CARTESIAN_POINT('Ctrl Pts',(2.43337598770549,7.7330890629749,-98.0058902601691));
#7581=CARTESIAN_POINT('Ctrl Pts',(3.40437660344648,6.46216557291966,-96.0709928824888));
#7582=CARTESIAN_POINT('Ctrl Pts',(5.25019946577434,4.0328241871921,-92.122703440932));
#7583=CARTESIAN_POINT('Ctrl Pts',(8.57920575267229,-0.396817334883853,-83.9093172023239));
#7584=CARTESIAN_POINT('Ctrl Pts',(12.0927480192193,-5.16951995406277,-73.0332301831273));
#7585=CARTESIAN_POINT('Ctrl Pts',(18.6809703780082,-14.4247188477465,-44.9295498840603));
#7586=CARTESIAN_POINT('Ctrl Pts',(20.6354241439881,-18.0038524480948,-17.1398756986238));
#7587=CARTESIAN_POINT('Ctrl Pts',(21.0564296967458,-19.1266548456559,8.01262342061547));
#7588=CARTESIAN_POINT('Ctrl Pts',(1.54813912381274,7.17027828960619,-98.0139577915499));
#7589=CARTESIAN_POINT('Ctrl Pts',(2.13489982105506,5.67623705000678,-96.0858082183271));
#7590=CARTESIAN_POINT('Ctrl Pts',(3.25732320941178,2.87883636073848,-92.1510069200392));
#7591=CARTESIAN_POINT('Ctrl Pts',(5.23374158626652,-2.05212798050387,-83.9633910739735));
#7592=CARTESIAN_POINT('Ctrl Pts',(7.22981830911472,-7.06925843197803,-73.1146923193754));
#7593=CARTESIAN_POINT('Ctrl Pts',(10.6964298533518,-16.0148225233678,-45.037138505734));
#7594=CARTESIAN_POINT('Ctrl Pts',(11.3122401497111,-18.1072870366736,-17.2062539745367));
#7595=CARTESIAN_POINT('Ctrl Pts',(11.4889897864587,-19.1320911892091,8.00464814831715));
#7596=CARTESIAN_POINT('Ctrl Pts',(0.516247380808207,6.94277049115268,-98.0059021787495));
#7597=CARTESIAN_POINT('Ctrl Pts',(0.706822382260104,5.36017042397274,-96.0802907192655));
#7598=CARTESIAN_POINT('Ctrl Pts',(1.08431431992673,2.40085115991404,-92.1515752144535));
#7599=CARTESIAN_POINT('Ctrl Pts',(1.75179063586873,-2.75814078349111,-83.9769132525135));
#7600=CARTESIAN_POINT('Ctrl Pts',(2.42655340711102,-7.8930798248162,-73.143053665508));
#7601=CARTESIAN_POINT('Ctrl Pts',(3.58724563443731,-16.7250964859529,-45.082946889323));
#7602=CARTESIAN_POINT('Ctrl Pts',(3.77154764573908,-18.1470967228341,-17.2363609957218));
#7603=CARTESIAN_POINT('Ctrl Pts',(3.8296947041034,-19.1340119206475,8.00156665498275));
#7604=CARTESIAN_POINT('Ctrl Pts',(-0.516247380809798,6.94277049115267,-98.0059021787495));
#7605=CARTESIAN_POINT('Ctrl Pts',(-0.706822382262279,5.36017042397272,-96.0802907192655));
#7606=CARTESIAN_POINT('Ctrl Pts',(-1.08431431993006,2.400851159914,-92.1515752144535));
#7607=CARTESIAN_POINT('Ctrl Pts',(-1.7517906358741,-2.75814078349115,-83.9769132525135));
#7608=CARTESIAN_POINT('Ctrl Pts',(-2.42655340711845,-7.89307982481624,-73.143053665508));
#7609=CARTESIAN_POINT('Ctrl Pts',(-3.58724563444831,-16.7250964859529,-45.082946889323));
#7610=CARTESIAN_POINT('Ctrl Pts',(-3.77154764575063,-18.1470967228341,-17.2363609957218));
#7611=CARTESIAN_POINT('Ctrl Pts',(-3.82969470411511,-19.1340119206475,8.00156665498275));
#7612=CARTESIAN_POINT('Ctrl Pts',(-1.54813912381744,7.17027828960768,-98.0139577915499));
#7613=CARTESIAN_POINT('Ctrl Pts',(-2.13489982106161,5.67623705000883,-96.0858082183271));
#7614=CARTESIAN_POINT('Ctrl Pts',(-3.25732320942173,2.87883636074156,-92.1510069200392));
#7615=CARTESIAN_POINT('Ctrl Pts',(-5.23374158628245,-2.05212798049936,-83.9633910739735));
#7616=CARTESIAN_POINT('Ctrl Pts',(-7.22981830913668,-7.06925843197282,-73.1146923193752));
#7617=CARTESIAN_POINT('Ctrl Pts',(-10.6964298533843,-16.0148225233634,-45.0371385057338));
#7618=CARTESIAN_POINT('Ctrl Pts',(-11.3122401497457,-18.1072870366734,-17.2062539745364));
#7619=CARTESIAN_POINT('Ctrl Pts',(-11.4889897864939,-19.1320911892091,8.00464814831717));
#7620=CARTESIAN_POINT('Ctrl Pts',(-2.43337598771061,7.73308906297866,-98.0058902601691));
#7621=CARTESIAN_POINT('Ctrl Pts',(-3.40437660345388,6.46216557292493,-96.0709928824886));
#7622=CARTESIAN_POINT('Ctrl Pts',(-5.25019946578612,4.03282418719983,-92.1227034409318));
#7623=CARTESIAN_POINT('Ctrl Pts',(-8.57920575269254,-0.396817334872778,
-83.9093172023235));
#7624=CARTESIAN_POINT('Ctrl Pts',(-12.0927480192495,-5.16951995405002,-73.0332301831267));
#7625=CARTESIAN_POINT('Ctrl Pts',(-18.68097037806,-14.4247188477358,-44.9295498840595));
#7626=CARTESIAN_POINT('Ctrl Pts',(-20.6354241440506,-18.0038524480941,-17.1398756986234));
#7627=CARTESIAN_POINT('Ctrl Pts',(-21.0564296968102,-19.1266548456559,8.01262342061553));
#7628=CARTESIAN_POINT('Ctrl Pts',(-2.70606177510535,7.96869978426619,-98.000674190078));
#7629=CARTESIAN_POINT('Ctrl Pts',(-3.79211698591502,6.78666740582777,-96.0609796322041));
#7630=CARTESIAN_POINT('Ctrl Pts',(-5.91411470422883,4.53180417039044,-92.1034242060527));
#7631=CARTESIAN_POINT('Ctrl Pts',(-9.86022656233568,0.351879652876307,-83.8774930051699));
#7632=CARTESIAN_POINT('Ctrl Pts',(-14.2212299604487,-4.28845974223015,-72.9972494759079));
#7633=CARTESIAN_POINT('Ctrl Pts',(-22.8246311532355,-13.7089203141181,-44.8920925925576));
#7634=CARTESIAN_POINT('Ctrl Pts',(-26.1416572403032,-17.9404543754843,-17.1106064547465));
#7635=CARTESIAN_POINT('Ctrl Pts',(-26.7910731864054,-19.1229034972753,8.01746397280282));
#7636=CARTESIAN_POINT('Ctrl Pts',(-2.76528302745956,8.02259429582684,-98.0000000165108));
#7637=CARTESIAN_POINT('Ctrl Pts',(-3.8713996817941,6.85543802377133,-96.0584204579173));
#7638=CARTESIAN_POINT('Ctrl Pts',(-6.07465657494529,4.6566812695372,-92.097119316296));
#7639=CARTESIAN_POINT('Ctrl Pts',(-10.2197515679883,0.558566849573468,-83.8711651447957));
#7640=CARTESIAN_POINT('Ctrl Pts',(-14.8606260845493,-4.04889574900692,-72.9974099314036));
#7641=CARTESIAN_POINT('Ctrl Pts',(-24.11939463475,-13.533311113981,-44.8879129117477));
#7642=CARTESIAN_POINT('Ctrl Pts',(-27.9651292399878,-17.9203212887892,-17.1032692355594));
#7643=CARTESIAN_POINT('Ctrl Pts',(-28.7018206756748,-19.1216437829588,8.01898691998893));
#7644=CARTESIAN_POINT('',(28.6858539474277,-19.1208484000088,8.00213350110634));
#7645=CARTESIAN_POINT('Ctrl Pts',(28.6858539501217,-19.1208483966596,8.00213350163788));
#7646=CARTESIAN_POINT('Ctrl Pts',(26.9818154636293,-19.122045686022,8.00207814982891));
#7647=CARTESIAN_POINT('Ctrl Pts',(25.3123210540337,-19.1232111469942,8.00201665080989));
#7648=CARTESIAN_POINT('Ctrl Pts',(23.6681868888051,-19.124320188976,8.00196212975577));
#7649=CARTESIAN_POINT('Ctrl Pts',(23.4339799313602,-19.1244781720371,8.0019543632301));
#7650=CARTESIAN_POINT('Ctrl Pts',(23.2002875033888,-19.1246350203912,8.00194671172742));
#7651=CARTESIAN_POINT('Ctrl Pts',(22.9670829812445,-19.1247906720815,8.001939188825));
#7652=CARTESIAN_POINT('Ctrl Pts',(21.1473651248053,-19.1260052375524,8.00188048687645));
#7653=CARTESIAN_POINT('Ctrl Pts',(19.3573594463095,-19.1271466019345,8.00183065650278));
#7654=CARTESIAN_POINT('Ctrl Pts',(17.5843869227477,-19.1281850234008,8.00179079325253));
#7655=CARTESIAN_POINT('Ctrl Pts',(15.5359367775166,-19.1293847907831,8.00174473620445));
#7656=CARTESIAN_POINT('Ctrl Pts',(13.51022337113,-19.1304478117191,8.00171081182375));
#7657=CARTESIAN_POINT('Ctrl Pts',(11.4876245308902,-19.1313284813895,8.0016827819098));
#7658=CARTESIAN_POINT('Ctrl Pts',(9.3706439637567,-19.13225024627,8.00165344401937));
#7659=CARTESIAN_POINT('Ctrl Pts',(7.25707275822306,-19.1329733033094,8.00162860433276));
#7660=CARTESIAN_POINT('Ctrl Pts',(5.12437799591954,-19.1334377398895,8.00160449563727));
#7661=CARTESIAN_POINT('Ctrl Pts',(3.43204727978624,-19.1338062784654,8.00158536496437));
#7662=CARTESIAN_POINT('Ctrl Pts',(1.72767359437574,-19.1340119205414,8.0015666522701));
#7663=CARTESIAN_POINT('Ctrl Pts',(5.32907051820075E-15,-19.1340119205414,
8.0015666522701));
#7664=CARTESIAN_POINT('Ctrl Pts',(-2.02683397532521,-19.1340119205414,8.0015666522701));
#7665=CARTESIAN_POINT('Ctrl Pts',(-4.0216003638067,-19.1337294820849,8.00159145906526));
#7666=CARTESIAN_POINT('Ctrl Pts',(-6.00247567388686,-19.1332317214055,8.00161460414731));
#7667=CARTESIAN_POINT('Ctrl Pts',(-7.83796316322105,-19.1327704942424,8.0016360504788));
#7668=CARTESIAN_POINT('Ctrl Pts',(-9.66152562308868,-19.1321235920439,8.00165747472757));
#7669=CARTESIAN_POINT('Ctrl Pts',(-11.4876245309229,-19.1313284813764,8.00168278159017));
#7670=CARTESIAN_POINT('Ctrl Pts',(-13.3742234168631,-19.1305070281171,8.00170892688746));
#7671=CARTESIAN_POINT('Ctrl Pts',(-15.2635314339686,-19.1295268800194,8.0017402091591));
#7672=CARTESIAN_POINT('Ctrl Pts',(-17.1714740217077,-19.1284251686514,8.0017816661154));
#7673=CARTESIAN_POINT('Ctrl Pts',(-18.941885283319,-19.1274028725795,8.001820134706));
#7674=CARTESIAN_POINT('Ctrl Pts',(-20.7283424016599,-19.1262754516963,8.00186821047228));
#7675=CARTESIAN_POINT('Ctrl Pts',(-22.5435283172271,-19.1250723934811,8.00192565351346));
#7676=CARTESIAN_POINT('Ctrl Pts',(-22.6845378846364,-19.1249789359917,8.00193011587641));
#7677=CARTESIAN_POINT('Ctrl Pts',(-22.8257207953889,-19.1248850238786,8.00193462889217));
#7678=CARTESIAN_POINT('Ctrl Pts',(-22.9670829813195,-19.1247906720923,8.0019391890643));
#7679=CARTESIAN_POINT('Ctrl Pts',(-24.6041869989374,-19.1236979917027,8.00199200004817));
#7680=CARTESIAN_POINT('Ctrl Pts',(-26.2653388422409,-19.1225458857122,8.00205235739652));
#7681=CARTESIAN_POINT('Ctrl Pts',(-27.9597293266827,-19.1213580608524,8.00210944631321));
#7682=CARTESIAN_POINT('Ctrl Pts',(-28.2010876870294,-19.1211888605038,8.00211757837453));
#7683=CARTESIAN_POINT('Ctrl Pts',(-28.4431204018569,-19.1210189457977,8.00212561699144));
#7684=CARTESIAN_POINT('Ctrl Pts',(-28.6858539501218,-19.1208483966596,8.00213350163788));
#7685=CARTESIAN_POINT('',(2.76528303686306,8.02259428589907,-98.));
#7686=CARTESIAN_POINT('Ctrl Pts',(28.6858539474279,-19.1208484000088,8.00213350110632));
#7687=CARTESIAN_POINT('Ctrl Pts',(28.3442439996591,-18.6379418435297,-2.08936528192777));
#7688=CARTESIAN_POINT('Ctrl Pts',(27.6091255227979,-17.7643853456604,-12.1789336338907));
#7689=CARTESIAN_POINT('Ctrl Pts',(24.5886221570755,-14.4303385063055,-36.4762016710499));
#7690=CARTESIAN_POINT('Ctrl Pts',(21.7630679642908,-11.4446922414728,-50.4809048666073));
#7691=CARTESIAN_POINT('Ctrl Pts',(15.5926066136609,-5.10723579667585,-70.1382217943664));
#7692=CARTESIAN_POINT('Ctrl Pts',(13.3127330012409,-2.78510391295699,-76.266813163646));
#7693=CARTESIAN_POINT('Ctrl Pts',(9.46000508348859,1.13518696380087,-85.0668286229765));
#7694=CARTESIAN_POINT('Ctrl Pts',(8.1191425250157,2.49884608230522,-87.9056116795258));
#7695=CARTESIAN_POINT('Ctrl Pts',(6.01310775372706,4.65195908434433,-92.0541830498177));
#7696=CARTESIAN_POINT('Ctrl Pts',(5.29789963731618,5.3848136159318,-93.4140332733006));
#7697=CARTESIAN_POINT('Ctrl Pts',(3.97024999790151,6.756442333917,-95.8586757447643));
#7698=CARTESIAN_POINT('Ctrl Pts',(3.36455301092515,7.38553152006786,-96.9439033711521));
#7699=CARTESIAN_POINT('Ctrl Pts',(2.76528303685873,8.02259428589507,-98.));
#7700=CARTESIAN_POINT('Ctrl Pts',(2.76528303686302,8.02259428589911,-98.));
#7701=CARTESIAN_POINT('Ctrl Pts',(2.66254041668775,7.92777495048593,-98.));
#7702=CARTESIAN_POINT('Ctrl Pts',(2.49066428797341,7.78036069481896,-98.));
#7703=CARTESIAN_POINT('Ctrl Pts',(1.96663883076058,7.43503519250458,-98.));
#7704=CARTESIAN_POINT('Ctrl Pts',(1.6566267662715,7.28111105526806,-98.0000000000003));
#7705=CARTESIAN_POINT('Ctrl Pts',(0.912462603289471,7.0205723954253,-98.0000000000003));
#7706=CARTESIAN_POINT('Ctrl Pts',(0.411964965225003,6.92094193170825,-98.));
#7707=CARTESIAN_POINT('Ctrl Pts',(-0.678805431358826,6.96132201733998,-98.));
#7708=CARTESIAN_POINT('Ctrl Pts',(-1.20378663245371,7.08919259704146,-97.999999999999));
#7709=CARTESIAN_POINT('Ctrl Pts',(-2.22156842343675,7.55505515562848,-97.999999999999));
#7710=CARTESIAN_POINT('Ctrl Pts',(-2.58196493207596,7.85341326992507,-98.));
#7711=CARTESIAN_POINT('Ctrl Pts',(-2.7652830368611,8.02259428589733,-98.));
#7712=CARTESIAN_POINT('',(1.5,-12.,-59.0871755703978));
#7713=CARTESIAN_POINT('Ctrl Pts',(1.5,-9.28314458159024,-68.2431069890168));
#7714=CARTESIAN_POINT('Ctrl Pts',(1.5,-10.3098738164482,-65.228001895328));
#7715=CARTESIAN_POINT('Ctrl Pts',(1.5,-11.2086354661679,-62.1716775933129));
#7716=CARTESIAN_POINT('Ctrl Pts',(1.5,-12.,-59.0871755703978));
#7717=CARTESIAN_POINT('',(1.5,-13.77603728428,-51.2773573234943));
#7718=CARTESIAN_POINT('Ctrl Pts',(1.5,-12.,-59.0871755703978));
#7719=CARTESIAN_POINT('Ctrl Pts',(1.5,-12.6635229786778,-56.5009616544524));
#7720=CARTESIAN_POINT('Ctrl Pts',(1.5,-13.2516710256305,-53.8944490921787));
#7721=CARTESIAN_POINT('Ctrl Pts',(1.5,-13.77603728428,-51.2773573234943));
#7722=CARTESIAN_POINT('Ctrl Pts',(1.49987490111075,-13.7765379077143,-51.2772745414112));
#7723=CARTESIAN_POINT('Ctrl Pts',(1.24208408152513,-13.7846129881388,-51.277275867588));
#7724=CARTESIAN_POINT('Ctrl Pts',(0.9856494439477,-13.7906538678489,-51.2772780135937));
#7725=CARTESIAN_POINT('Ctrl Pts',(0.729797102722896,-13.7946373734847,-51.2772804780957));
#7726=CARTESIAN_POINT('Ctrl Pts',(0.486229308913043,-13.7984296142541,-51.2772828242665));
#7727=CARTESIAN_POINT('Ctrl Pts',(0.24318886376051,-13.8003572772265,-51.2772854542209));
#7728=CARTESIAN_POINT('Ctrl Pts',(-3.5527136788005E-15,-13.8003572765256,
-51.277285457737));
#7729=CARTESIAN_POINT('Ctrl Pts',(-0.255454349183948,-13.8003572757894,
-51.2772854614304));
#7730=CARTESIAN_POINT('Ctrl Pts',(-0.510744989795513,-13.7982306779066,
-51.2772825909052));
#7731=CARTESIAN_POINT('Ctrl Pts',(-0.766655000866292,-13.7940493212522,
-51.2772801402248));
#7732=CARTESIAN_POINT('Ctrl Pts',(-1.01027759842398,-13.790068730711,-51.2772778072129));
#7733=CARTESIAN_POINT('Ctrl Pts',(-1.25446175338863,-13.7842252651714,-51.2772758179776));
#7734=CARTESIAN_POINT('Ctrl Pts',(-1.49987490110891,-13.7765379077139,-51.2772745414131));
#7735=CARTESIAN_POINT('',(1.5,3.47149434702442,-93.2773573234943));
#7736=CARTESIAN_POINT('Ctrl Pts',(-1.5,3.47149434702441,-93.2773573234943));
#7737=CARTESIAN_POINT('Ctrl Pts',(-1.00636140952707,3.37049555987262,-93.2773573234943));
#7738=CARTESIAN_POINT('Ctrl Pts',(-0.503806371469221,3.31628814122181,-93.2773573234942));
#7739=CARTESIAN_POINT('Ctrl Pts',(0.503806380412534,3.31628814220305,-93.2773573234942));
#7740=CARTESIAN_POINT('Ctrl Pts',(1.00636141383994,3.37049556075504,-93.2773573234943));
#7741=CARTESIAN_POINT('Ctrl Pts',(1.5,3.47149434702441,-93.2773573234943));
#7742=CARTESIAN_POINT('',(1.5,0.,-88.1223141180738));
#7743=CARTESIAN_POINT('Ctrl Pts',(1.5,3.47149434702442,-93.2773573234943));
#7744=CARTESIAN_POINT('Ctrl Pts',(1.5,2.98953606986192,-92.6171221671632));
#7745=CARTESIAN_POINT('Ctrl Pts',(1.5,2.51709128073224,-91.9484598158828));
#7746=CARTESIAN_POINT('Ctrl Pts',(1.5,1.34725751304715,-90.239647883955));
#7747=CARTESIAN_POINT('Ctrl Pts',(1.5,0.661915747229822,-89.188115917509));
#7748=CARTESIAN_POINT('Ctrl Pts',(1.5,3.88578058618805E-15,-88.1223141180738));
#7749=CARTESIAN_POINT('Ctrl Pts',(1.5,2.74494150867847E-16,-88.1223141180738));
#7750=CARTESIAN_POINT('Ctrl Pts',(1.00700800522502,2.74494150867847E-16,
-88.2303763318102));
#7751=CARTESIAN_POINT('Ctrl Pts',(0.506542051708119,-7.27068405481646E-11,
-88.2905435765035));
#7752=CARTESIAN_POINT('Ctrl Pts',(-0.508331990748798,-7.27068405481646E-11,
-88.2903263205709));
#7753=CARTESIAN_POINT('Ctrl Pts',(-1.00787931470523,5.80994255044441E-16,
-88.2301853436556));
#7754=CARTESIAN_POINT('Ctrl Pts',(-1.5,5.80994255044441E-16,-88.1223141180738));
#7755=CARTESIAN_POINT('Origin',(0.,0.,-51.2773573234943));
#7756=CARTESIAN_POINT('',(1.5,0.,-51.2773573234943));
#7757=CARTESIAN_POINT('Origin',(10.0000000000001,-19.2132034355964,13.));
#7758=CARTESIAN_POINT('',(-9.99999999999989,-19.2132034355964,13.));
#7759=CARTESIAN_POINT('',(10.0000000000001,-19.2132034355964,13.));
#7760=CARTESIAN_POINT('',(19.3933982822018,-19.2132034355964,13.));
#7761=CARTESIAN_POINT('',(-9.99999999999989,-17.2132034355964,13.));
#7762=CARTESIAN_POINT('',(-9.99999999999989,-19.2132034355964,13.));
#7763=CARTESIAN_POINT('',(10.0000000000001,-17.2132034355964,13.));
#7764=CARTESIAN_POINT('',(10.0000000000001,-17.2132034355964,13.));
#7765=CARTESIAN_POINT('',(10.0000000000001,-19.2132034355964,13.));
#7766=CARTESIAN_POINT('Origin',(10.0000000000001,-19.2132034355964,22.));
#7767=CARTESIAN_POINT('',(10.0000000000001,-19.2132034355964,31.));
#7768=CARTESIAN_POINT('Origin',(10.0000000000001,-19.2132034355964,22.));
#7769=CARTESIAN_POINT('',(10.0000000000001,-17.2132034355964,31.));
#7770=CARTESIAN_POINT('Origin',(10.0000000000001,-17.2132034355964,22.));
#7771=CARTESIAN_POINT('',(10.0000000000001,-19.2132034355964,31.));
#7772=CARTESIAN_POINT('Origin',(-9.99999999999989,-19.2132034355964,31.));
#7773=CARTESIAN_POINT('',(-9.99999999999989,-19.2132034355964,31.));
#7774=CARTESIAN_POINT('',(9.39339828220184,-19.2132034355964,31.));
#7775=CARTESIAN_POINT('',(-9.99999999999989,-17.2132034355964,31.));
#7776=CARTESIAN_POINT('',(-9.99999999999989,-17.2132034355964,31.));
#7777=CARTESIAN_POINT('',(-9.99999999999989,-19.2132034355964,31.));
#7778=CARTESIAN_POINT('Origin',(-9.9999999999999,-19.2132034355964,22.));
#7779=CARTESIAN_POINT('Origin',(-9.9999999999999,-19.2132034355964,22.));
#7780=CARTESIAN_POINT('Origin',(-9.9999999999999,-17.2132034355964,22.));
#7781=CARTESIAN_POINT('Origin',(1.08801856413265E-13,-17.2132034355964,
22.));
#7782=CARTESIAN_POINT('',(-9.99999999999989,-17.2132034355964,18.));
#7783=CARTESIAN_POINT('',(10.0000000000001,-17.2132034355964,18.));
#7784=CARTESIAN_POINT('',(-9.99999999999989,-17.2132034355964,18.));
#7785=CARTESIAN_POINT('',(10.0000000000001,-17.2132034355964,26.));
#7786=CARTESIAN_POINT('Origin',(10.0000000000001,-17.2132034355964,22.));
#7787=CARTESIAN_POINT('',(-9.99999999999989,-17.2132034355964,26.));
#7788=CARTESIAN_POINT('',(10.0000000000001,-17.2132034355964,26.));
#7789=CARTESIAN_POINT('Origin',(-9.99999999999989,-17.2132034355964,22.));
#7790=CARTESIAN_POINT('Origin',(10.0000000000001,-20.2132034355964,22.));
#7791=CARTESIAN_POINT('',(10.0000000000001,-20.2132034355964,26.));
#7792=CARTESIAN_POINT('',(10.0000000000001,-20.2132034355964,18.));
#7793=CARTESIAN_POINT('Origin',(10.0000000000001,-20.2132034355964,22.));
#7794=CARTESIAN_POINT('',(10.0000000000001,-19.2132034355964,26.));
#7795=CARTESIAN_POINT('',(10.0000000000001,-20.2132034355964,18.));
#7796=CARTESIAN_POINT('Origin',(-9.99999999999989,-20.2132034355964,26.));
#7797=CARTESIAN_POINT('',(-9.99999999999989,-20.2132034355964,26.));
#7798=CARTESIAN_POINT('',(-4.99999999999989,-20.2132034355964,26.));
#7799=CARTESIAN_POINT('',(-9.99999999999989,-19.2132034355964,26.));
#7800=CARTESIAN_POINT('Origin',(-9.99999999999989,-20.2132034355964,22.));
#7801=CARTESIAN_POINT('',(-9.99999999999989,-20.2132034355964,18.));
#7802=CARTESIAN_POINT('Origin',(-9.99999999999989,-20.2132034355964,22.));
#7803=CARTESIAN_POINT('',(-9.99999999999989,-19.2132034355964,18.));
#7804=CARTESIAN_POINT('Origin',(10.0000000000001,-20.2132034355964,18.));
#7805=CARTESIAN_POINT('',(5.00000000000011,-20.2132034355964,18.));
#7806=CARTESIAN_POINT('Origin',(-11.9999999999999,-21.2132034355964,22.));
#7807=CARTESIAN_POINT('',(-11.9999999999999,-21.2132034355964,17.));
#7808=CARTESIAN_POINT('',(-11.9999999999999,-21.2132034355964,27.));
#7809=CARTESIAN_POINT('Origin',(-11.9999999999999,-21.2132034355964,22.));
#7810=CARTESIAN_POINT('',(-11.9999999999999,-20.2132034355964,17.));
#7811=CARTESIAN_POINT('',(-11.9999999999999,-21.2132034355964,17.));
#7812=CARTESIAN_POINT('',(-11.9999999999999,-20.2132034355964,27.));
#7813=CARTESIAN_POINT('Origin',(-11.9999999999999,-20.2132034355964,22.));
#7814=CARTESIAN_POINT('',(-11.9999999999999,-21.2132034355964,27.));
#7815=CARTESIAN_POINT('Origin',(12.0000000000001,-21.2132034355964,17.));
#7816=CARTESIAN_POINT('',(12.0000000000001,-21.2132034355964,17.));
#7817=CARTESIAN_POINT('',(-8.39339828220173,-21.2132034355964,17.));
#7818=CARTESIAN_POINT('',(12.0000000000001,-20.2132034355964,17.));
#7819=CARTESIAN_POINT('',(12.0000000000001,-21.2132034355964,17.));
#7820=CARTESIAN_POINT('',(-11.9999999999999,-20.2132034355964,17.));
#7821=CARTESIAN_POINT('Origin',(12.0000000000001,-21.2132034355964,22.));
#7822=CARTESIAN_POINT('',(12.0000000000001,-21.2132034355964,27.));
#7823=CARTESIAN_POINT('Origin',(12.0000000000001,-21.2132034355964,22.));
#7824=CARTESIAN_POINT('',(12.0000000000001,-20.2132034355964,27.));
#7825=CARTESIAN_POINT('',(12.0000000000001,-21.2132034355964,27.));
#7826=CARTESIAN_POINT('Origin',(12.0000000000001,-20.2132034355964,22.));
#7827=CARTESIAN_POINT('Origin',(-11.9999999999999,-21.2132034355964,27.));
#7828=CARTESIAN_POINT('',(-20.3933982822017,-21.2132034355964,27.));
#7829=CARTESIAN_POINT('',(12.0000000000001,-20.2132034355964,27.));
#7830=CARTESIAN_POINT('Origin',(1.06581410364015E-13,-20.2132034355964,
22.));
#7831=CARTESIAN_POINT('Origin',(19.9844153562887,5.,28.7226426765057));
#7832=CARTESIAN_POINT('',(17.4844153562887,5.,28.7226426765057));
#7833=CARTESIAN_POINT('Origin',(19.9844153562887,5.,28.7226426765057));
#7834=CARTESIAN_POINT('',(17.4844153562887,5.,18.7226426765057));
#7835=CARTESIAN_POINT('',(17.4844153562887,5.,28.7226426765057));
#7836=CARTESIAN_POINT('Origin',(19.9844153562887,5.,18.7226426765057));
#7837=CARTESIAN_POINT('Origin',(14.9844153562887,5.,23.7226426765057));
#7838=CARTESIAN_POINT('',(14.9844153562887,10.,28.7226426765057));
#7839=CARTESIAN_POINT('',(14.9844153562887,10.,18.7226426765057));
#7840=CARTESIAN_POINT('',(14.9844153562887,10.,28.7226426765057));
#7841=CARTESIAN_POINT('',(14.9844153562887,0.,18.7226426765057));
#7842=CARTESIAN_POINT('',(14.9844153562887,10.,18.7226426765057));
#7843=CARTESIAN_POINT('',(14.9844153562887,0.,28.7226426765057));
#7844=CARTESIAN_POINT('',(14.9844153562887,0.,18.7226426765057));
#7845=CARTESIAN_POINT('',(14.9844153562887,0.,28.7226426765057));
#7846=CARTESIAN_POINT('Origin',(24.9844153562887,10.,18.7226426765057));
#7847=CARTESIAN_POINT('',(48.,10.,18.7226426765057));
#7848=CARTESIAN_POINT('',(48.,10.,28.7226426765057));
#7849=CARTESIAN_POINT('',(48.,10.,14.3613213382529));
#7850=CARTESIAN_POINT('',(24.9844153562887,10.,18.7226426765057));
#7851=CARTESIAN_POINT('',(24.9844153562887,10.,28.7226426765057));
#7852=CARTESIAN_POINT('Origin',(24.9844153562887,0.,18.7226426765057));
#7853=CARTESIAN_POINT('',(48.,0.,18.7226426765057));
#7854=CARTESIAN_POINT('',(48.,7.25,18.7226426765057));
#7855=CARTESIAN_POINT('',(24.9844153562887,0.,18.7226426765057));
#7856=CARTESIAN_POINT('Origin',(24.9844153562887,0.,28.7226426765057));
#7857=CARTESIAN_POINT('',(48.,0.,28.7226426765057));
#7858=CARTESIAN_POINT('',(48.,8.88178419700125E-15,10.));
#7859=CARTESIAN_POINT('',(24.9844153562887,0.,28.7226426765057));
#7860=CARTESIAN_POINT('Origin',(24.9844153562887,10.,28.7226426765057));
#7861=CARTESIAN_POINT('',(48.,12.25,28.7226426765057));
#7862=CARTESIAN_POINT('Origin',(15.2166444650188,-13.2132034355964,58.0017685684899));
#7863=CARTESIAN_POINT('',(15.2166444650188,-13.2132034355964,58.0017685684899));
#7864=CARTESIAN_POINT('',(13.5597940107469,-13.2132034355964,57.9982222690375));
#7865=CARTESIAN_POINT('',(-6.78283677127176,-13.2132034355964,57.954681187694));
#7866=CARTESIAN_POINT('',(15.2166444650188,-13.7132034355964,58.0017685684899));
#7867=CARTESIAN_POINT('',(15.2166444650188,-13.2132034355964,58.0017685684899));
#7868=CARTESIAN_POINT('',(13.5597940107469,-13.7132034355964,57.9982222690375));
#7869=CARTESIAN_POINT('',(13.5597940107469,-13.7132034355964,57.9982222690374));
#7870=CARTESIAN_POINT('',(13.5597940107469,-13.2132034355964,57.9982222690375));
#7871=CARTESIAN_POINT('Origin',(16.3907222690375,-13.2132034355964,56.8327059892531));
#7872=CARTESIAN_POINT('',(16.3907222690375,-13.2132034355964,56.8327059892531));
#7873=CARTESIAN_POINT('',(4.2561778709991,-13.2132034355964,68.915416115684));
#7874=CARTESIAN_POINT('',(16.3907222690375,-13.7132034355964,56.8327059892531));
#7875=CARTESIAN_POINT('',(16.3907222690375,-13.2132034355964,56.8327059892531));
#7876=CARTESIAN_POINT('',(15.2166444650188,-13.7132034355964,58.0017685684899));
#7877=CARTESIAN_POINT('Origin',(16.3942685684899,-13.2132034355964,55.1758555349812));
#7878=CARTESIAN_POINT('',(16.3942685684899,-13.2132034355964,55.1758555349812));
#7879=CARTESIAN_POINT('',(16.3890023341476,-13.2132034355964,57.636268954482));
#7880=CARTESIAN_POINT('',(16.3942685684899,-13.7132034355964,55.1758555349812));
#7881=CARTESIAN_POINT('',(16.3942685684899,-13.2132034355964,55.1758555349812));
#7882=CARTESIAN_POINT('',(16.3907222690375,-13.7132034355964,56.8327059892531));
#7883=CARTESIAN_POINT('Origin',(15.2252059892531,-13.2132034355964,54.0017777309625));
#7884=CARTESIAN_POINT('',(15.2252059892531,-13.2132034355964,54.0017777309625));
#7885=CARTESIAN_POINT('',(5.76884829889413,-13.2132034355964,44.5048527003455));
#7886=CARTESIAN_POINT('',(15.2252059892531,-13.7132034355964,54.0017777309625));
#7887=CARTESIAN_POINT('',(15.2252059892531,-13.2132034355964,54.0017777309625));
#7888=CARTESIAN_POINT('',(16.3942685684899,-13.7132034355964,55.1758555349812));
#7889=CARTESIAN_POINT('Origin',(13.5683555349812,-13.2132034355964,53.9982314315101));
#7890=CARTESIAN_POINT('',(13.5683555349812,-13.2132034355964,53.9982314315101));
#7891=CARTESIAN_POINT('',(-7.60270047417341,-13.2132034355964,53.9529172004404));
#7892=CARTESIAN_POINT('',(13.5683555349812,-13.7132034355964,53.9982314315101));
#7893=CARTESIAN_POINT('',(13.5683555349812,-13.2132034355964,53.9982314315101));
#7894=CARTESIAN_POINT('',(15.2252059892531,-13.7132034355964,54.0017777309625));
#7895=CARTESIAN_POINT('Origin',(12.3942777309626,-13.2132034355964,55.1672940107469));
#7896=CARTESIAN_POINT('',(12.3942777309626,-13.2132034355964,55.1672940107469));
#7897=CARTESIAN_POINT('',(0.846772234933456,-13.2132034355964,66.6654728475594));
#7898=CARTESIAN_POINT('',(12.3942777309626,-13.7132034355964,55.1672940107469));
#7899=CARTESIAN_POINT('',(12.3942777309626,-13.2132034355964,55.1672940107469));
#7900=CARTESIAN_POINT('',(13.5683555349812,-13.7132034355964,53.9982314315101));
#7901=CARTESIAN_POINT('Origin',(12.3907314315101,-13.2132034355964,56.8241444650188));
#7902=CARTESIAN_POINT('',(12.3907314315101,-13.2132034355964,56.8241444650188));
#7903=CARTESIAN_POINT('',(12.387238346894,-13.2132034355964,58.4561326573837));
#7904=CARTESIAN_POINT('',(12.3907314315101,-13.7132034355964,56.8241444650188));
#7905=CARTESIAN_POINT('',(12.3907314315101,-13.2132034355964,56.8241444650188));
#7906=CARTESIAN_POINT('',(12.3942777309626,-13.7132034355964,55.1672940107469));
#7907=CARTESIAN_POINT('Origin',(13.5597940107469,-13.2132034355964,57.9982222690375));
#7908=CARTESIAN_POINT('',(3.51890503076966,-13.2132034355964,47.9142583364111));
#7909=CARTESIAN_POINT('',(12.3907314315101,-13.7132034355964,56.8241444650188));
#7910=CARTESIAN_POINT('Origin',(14.3925,-13.7132034355964,56.));
#7911=CARTESIAN_POINT('',(13.3875,-13.7132034355964,56.));
#7912=CARTESIAN_POINT('Origin',(14.3925,-13.7132034355964,56.));
#7913=CARTESIAN_POINT('Origin',(14.3925,-21.2132034355964,56.));
#7914=CARTESIAN_POINT('',(13.3875,-15.2132034355964,56.));
#7915=CARTESIAN_POINT('Origin',(14.3925,-15.2132034355964,56.));
#7916=CARTESIAN_POINT('',(13.3875,-21.2132034355964,56.));
#7917=CARTESIAN_POINT('Origin',(42.,13.7522833413436,55.1771069802256));
#7918=CARTESIAN_POINT('',(42.,13.7522833413436,55.1771069802256));
#7919=CARTESIAN_POINT('',(42.,13.7477013629944,56.8339548940473));
#7920=CARTESIAN_POINT('',(42.,13.7455619998483,57.6075507287591));
#7921=CARTESIAN_POINT('',(42.5,13.7522833413436,55.1771069802256));
#7922=CARTESIAN_POINT('',(42.,13.7522833413436,55.1771069802256));
#7923=CARTESIAN_POINT('',(42.5,13.7477013629944,56.8339548940473));
#7924=CARTESIAN_POINT('',(42.5,13.7477013629944,56.8339548940473));
#7925=CARTESIAN_POINT('',(42.,13.7477013629944,56.8339548940473));
#7926=CARTESIAN_POINT('Origin',(42.,12.5839548940474,54.0022986370056));
#7927=CARTESIAN_POINT('',(42.,12.5839548940474,54.0022986370056));
#7928=CARTESIAN_POINT('',(42.,10.9547687759494,52.3640765697186));
#7929=CARTESIAN_POINT('',(42.5,12.5839548940474,54.0022986370056));
#7930=CARTESIAN_POINT('',(42.,12.5839548940474,54.0022986370056));
#7931=CARTESIAN_POINT('',(42.5,13.7522833413436,55.1771069802256));
#7932=CARTESIAN_POINT('Origin',(42.,10.9271069802256,53.9977166586565));
#7933=CARTESIAN_POINT('',(42.,10.9271069802256,53.9977166586565));
#7934=CARTESIAN_POINT('',(42.,5.47189480558909,53.9826303831657));
#7935=CARTESIAN_POINT('',(42.5,10.9271069802256,53.9977166586565));
#7936=CARTESIAN_POINT('',(42.,10.9271069802256,53.9977166586565));
#7937=CARTESIAN_POINT('',(42.5,12.5839548940474,54.0022986370056));
#7938=CARTESIAN_POINT('Origin',(42.,9.7522986370056,55.1660451059526));
#7939=CARTESIAN_POINT('',(42.,9.7522986370056,55.1660451059526));
#7940=CARTESIAN_POINT('',(42.,6.09226895273262,58.8058871472206));
#7941=CARTESIAN_POINT('',(42.5,9.7522986370056,55.1660451059526));
#7942=CARTESIAN_POINT('',(42.,9.7522986370056,55.1660451059526));
#7943=CARTESIAN_POINT('',(42.5,10.9271069802256,53.9977166586565));
#7944=CARTESIAN_POINT('Origin',(42.,9.74771665865647,56.8228930197744));
#7945=CARTESIAN_POINT('',(42.,9.74771665865647,56.8228930197744));
#7946=CARTESIAN_POINT('',(42.,9.74328630633573,58.4249128113969));
#7947=CARTESIAN_POINT('',(42.5,9.74771665865647,56.8228930197744));
#7948=CARTESIAN_POINT('',(42.,9.74771665865647,56.8228930197744));
#7949=CARTESIAN_POINT('',(42.5,9.7522986370056,55.1660451059526));
#7950=CARTESIAN_POINT('Origin',(42.,10.9160451059527,57.9977013629944));
#7951=CARTESIAN_POINT('',(42.,10.9160451059527,57.9977013629944));
#7952=CARTESIAN_POINT('',(42.,8.70269476420662,55.7720751240974));
#7953=CARTESIAN_POINT('',(42.5,10.9160451059527,57.9977013629944));
#7954=CARTESIAN_POINT('',(42.,10.9160451059527,57.9977013629944));
#7955=CARTESIAN_POINT('',(42.5,9.74771665865647,56.8228930197744));
#7956=CARTESIAN_POINT('Origin',(42.,12.5728930197744,58.0022833413435));
#7957=CARTESIAN_POINT('',(42.,12.5728930197744,58.0022833413435));
#7958=CARTESIAN_POINT('',(42.,6.28925688822697,57.9849060766782));
#7959=CARTESIAN_POINT('',(42.5,12.5728930197744,58.0022833413435));
#7960=CARTESIAN_POINT('',(42.,12.5728930197744,58.0022833413435));
#7961=CARTESIAN_POINT('',(42.5,10.9160451059527,57.9977013629944));
#7962=CARTESIAN_POINT('Origin',(42.,13.7477013629944,56.8339548940473));
#7963=CARTESIAN_POINT('',(42.,9.50026750711142,61.0579611589634));
#7964=CARTESIAN_POINT('',(42.5,12.5728930197744,58.0022833413435));
#7965=CARTESIAN_POINT('Origin',(42.5,11.75,56.));
#7966=CARTESIAN_POINT('',(42.5,11.75,57.005));
#7967=CARTESIAN_POINT('Origin',(42.5,11.75,56.));
#7968=CARTESIAN_POINT('Origin',(50.,11.75,56.));
#7969=CARTESIAN_POINT('',(44.,11.75,57.005));
#7970=CARTESIAN_POINT('Origin',(44.,11.75,56.));
#7971=CARTESIAN_POINT('',(50.,11.75,57.005));
#7972=CARTESIAN_POINT('Origin',(-16.3904514868721,34.757,55.165405859742));
#7973=CARTESIAN_POINT('',(-16.3904514868721,34.757,55.165405859742));
#7974=CARTESIAN_POINT('',(-16.3955636766191,34.757,56.8222522224374));
#7975=CARTESIAN_POINT('',(-16.3977270607616,34.757,57.5233989570154));
#7976=CARTESIAN_POINT('',(-16.3904514868721,35.257,55.165405859742));
#7977=CARTESIAN_POINT('',(-16.3904514868721,34.757,55.165405859742));
#7978=CARTESIAN_POINT('',(-16.3955636766191,35.257,56.8222522224374));
#7979=CARTESIAN_POINT('',(-16.3955636766191,35.257,56.8222522224374));
#7980=CARTESIAN_POINT('',(-16.3955636766191,34.757,56.8222522224374));
#7981=CARTESIAN_POINT('Origin',(-15.2152693243891,34.757,53.9974534253326));
#7982=CARTESIAN_POINT('',(-15.2152693243891,34.757,53.9974534253326));
#7983=CARTESIAN_POINT('',(-7.34571709612146,34.757,46.1763147319942));
#7984=CARTESIAN_POINT('',(-15.2152693243891,35.257,53.9974534253326));
#7985=CARTESIAN_POINT('',(-15.2152693243891,34.757,53.9974534253326));
#7986=CARTESIAN_POINT('',(-16.3904514868721,35.257,55.165405859742));
#7987=CARTESIAN_POINT('Origin',(-13.5584229616937,34.757,54.0025656150796));
#7988=CARTESIAN_POINT('',(-13.5584229616937,34.757,54.0025656150796));
#7989=CARTESIAN_POINT('',(4.24762152506109,34.757,54.0575060610433));
#7990=CARTESIAN_POINT('',(-13.5584229616937,35.257,54.0025656150796));
#7991=CARTESIAN_POINT('',(-13.5584229616937,34.757,54.0025656150796));
#7992=CARTESIAN_POINT('',(-15.2152693243891,35.257,53.9974534253326));
#7993=CARTESIAN_POINT('Origin',(-12.3904705272844,34.757,55.1777477775626));
#7994=CARTESIAN_POINT('',(-12.3904705272844,34.757,55.1777477775626));
#7995=CARTESIAN_POINT('',(-2.63154785379923,34.757,64.9970790388826));
#7996=CARTESIAN_POINT('',(-12.3904705272844,35.257,55.1777477775626));
#7997=CARTESIAN_POINT('',(-12.3904705272844,34.757,55.1777477775626));
#7998=CARTESIAN_POINT('',(-13.5584229616937,35.257,54.0025656150796));
#7999=CARTESIAN_POINT('Origin',(-12.3955827170314,34.757,56.834594140258));
#8000=CARTESIAN_POINT('',(-12.3955827170314,34.757,56.834594140258));
#8001=CARTESIAN_POINT('',(-12.4003021960474,34.757,58.3641640561837));
#8002=CARTESIAN_POINT('',(-12.3955827170314,35.257,56.834594140258));
#8003=CARTESIAN_POINT('',(-12.3955827170314,34.757,56.834594140258));
#8004=CARTESIAN_POINT('',(-12.3904705272844,35.257,55.1777477775626));
#8005=CARTESIAN_POINT('Origin',(-13.5707648795143,34.757,58.0025465746674));
#8006=CARTESIAN_POINT('',(-13.5707648795143,34.757,58.0025465746674));
#8007=CARTESIAN_POINT('',(-5.1136215700052,34.757,49.5974316641243));
#8008=CARTESIAN_POINT('',(-13.5707648795143,35.257,58.0025465746674));
#8009=CARTESIAN_POINT('',(-13.5707648795143,34.757,58.0025465746674));
#8010=CARTESIAN_POINT('',(-12.3955827170314,35.257,56.834594140258));
#8011=CARTESIAN_POINT('Origin',(-15.2276112422097,34.757,57.9974343849204));
#8012=CARTESIAN_POINT('',(-15.2276112422097,34.757,57.9974343849204));
#8013=CARTESIAN_POINT('',(3.40685642589276,34.757,58.0549309257576));
#8014=CARTESIAN_POINT('',(-15.2276112422097,35.257,57.9974343849204));
#8015=CARTESIAN_POINT('',(-15.2276112422097,34.757,57.9974343849204));
#8016=CARTESIAN_POINT('',(-13.5707648795143,35.257,58.0025465746674));
#8017=CARTESIAN_POINT('Origin',(-16.3955636766191,34.757,56.8222522224374));
#8018=CARTESIAN_POINT('',(-6.05266478592928,34.757,67.2291745649988));
#8019=CARTESIAN_POINT('',(-15.2276112422097,35.257,57.9974343849204));
#8020=CARTESIAN_POINT('Origin',(-14.3930171019517,35.257,56.));
#8021=CARTESIAN_POINT('',(-15.4430171019517,35.257,56.));
#8022=CARTESIAN_POINT('Origin',(-14.3930171019517,35.257,56.));
#8023=CARTESIAN_POINT('Origin',(-14.3930171019517,42.757,56.));
#8024=CARTESIAN_POINT('',(-15.4430171019517,36.757,56.));
#8025=CARTESIAN_POINT('Origin',(-14.3930171019517,36.757,56.));
#8026=CARTESIAN_POINT('',(-15.4430171019517,42.757,56.));
#8027=CARTESIAN_POINT('Origin',(-14.3930171019517,42.757,56.));
#8028=CARTESIAN_POINT('',(-15.8930171019517,42.757,56.));
#8029=CARTESIAN_POINT('Origin',(-14.3930171019517,42.757,56.));
#8030=CARTESIAN_POINT('',(-15.8930171019517,41.757,56.));
#8031=CARTESIAN_POINT('',(-15.8930171019517,42.757,56.));
#8032=CARTESIAN_POINT('Origin',(-14.3930171019517,41.757,56.));
#8033=CARTESIAN_POINT('Origin',(-14.3930171019517,41.757,56.));
#8034=CARTESIAN_POINT('',(-15.4430171019517,41.757,56.));
#8035=CARTESIAN_POINT('Origin',(-14.3930171019517,41.757,56.));
#8036=CARTESIAN_POINT('Origin',(-42.,1.94828717652245,53.9891424591267));
#8037=CARTESIAN_POINT('',(-42.,1.94828717652244,53.9891424591267));
#8038=CARTESIAN_POINT('',(-42.,0.761212422803156,55.1450055708935));
#8039=CARTESIAN_POINT('',(-42.,3.66762376951697,52.315012217264));
#8040=CARTESIAN_POINT('',(-42.5,1.94828717652244,53.9891424591267));
#8041=CARTESIAN_POINT('',(-42.,1.94828717652244,53.9891424591267));
#8042=CARTESIAN_POINT('',(-42.5,0.761212422803156,55.1450055708935));
#8043=CARTESIAN_POINT('',(-42.5,0.761212422803156,55.1450055708935));
#8044=CARTESIAN_POINT('',(-42.,0.761212422803156,55.1450055708935));
#8045=CARTESIAN_POINT('Origin',(-42.,3.6049944291064,54.0112124228033));
#8046=CARTESIAN_POINT('',(-42.,3.6049944291064,54.0112124228033));
#8047=CARTESIAN_POINT('',(-42.,9.0914136357648,54.0843002133085));
#8048=CARTESIAN_POINT('',(-42.5,3.6049944291064,54.0112124228033));
#8049=CARTESIAN_POINT('',(-42.,3.6049944291064,54.0112124228033));
#8050=CARTESIAN_POINT('',(-42.5,1.94828717652244,53.9891424591267));
#8051=CARTESIAN_POINT('Origin',(-42.,4.76085754087321,55.1982871765225));
#8052=CARTESIAN_POINT('',(-42.,4.76085754087321,55.1982871765225));
#8053=CARTESIAN_POINT('',(-42.,8.3307864815071,58.8646145078971));
#8054=CARTESIAN_POINT('',(-42.5,4.76085754087321,55.1982871765225));
#8055=CARTESIAN_POINT('',(-42.,4.76085754087321,55.1982871765225));
#8056=CARTESIAN_POINT('',(-42.5,3.6049944291064,54.0112124228033));
#8057=CARTESIAN_POINT('Origin',(-42.,4.73878757719664,56.8549944291065));
#8058=CARTESIAN_POINT('',(-42.,4.73878757719664,56.8549944291065));
#8059=CARTESIAN_POINT('',(-42.,4.71870904831133,58.3622123345361));
#8060=CARTESIAN_POINT('',(-42.5,4.73878757719664,56.8549944291065));
#8061=CARTESIAN_POINT('',(-42.,4.73878757719664,56.8549944291065));
#8062=CARTESIAN_POINT('',(-42.5,4.76085754087321,55.1982871765225));
#8063=CARTESIAN_POINT('Origin',(-42.,3.55171282347735,58.0108575408733));
#8064=CARTESIAN_POINT('',(-42.,3.55171282347735,58.0108575408733));
#8065=CARTESIAN_POINT('',(-42.,5.86458679333152,55.7587957431272));
#8066=CARTESIAN_POINT('',(-42.5,3.55171282347735,58.0108575408733));
#8067=CARTESIAN_POINT('',(-42.,3.55171282347735,58.0108575408733));
#8068=CARTESIAN_POINT('',(-42.5,4.73878757719664,56.8549944291065));
#8069=CARTESIAN_POINT('Origin',(-42.,1.8950055708934,57.9887875771967));
#8070=CARTESIAN_POINT('',(-42.,1.8950055708934,57.9887875771967));
#8071=CARTESIAN_POINT('',(-42.,8.20977840384378,58.0729103495403));
#8072=CARTESIAN_POINT('',(-42.5,1.8950055708934,57.9887875771967));
#8073=CARTESIAN_POINT('',(-42.,1.8950055708934,57.9887875771967));
#8074=CARTESIAN_POINT('',(-42.5,3.55171282347735,58.0108575408733));
#8075=CARTESIAN_POINT('Origin',(-42.,0.739142459126589,56.8017128234774));
#8076=CARTESIAN_POINT('',(-42.,0.739142459126592,56.8017128234774));
#8077=CARTESIAN_POINT('',(-42.,4.88700295564389,61.0615775317117));
#8078=CARTESIAN_POINT('',(-42.5,0.739142459126592,56.8017128234774));
#8079=CARTESIAN_POINT('',(-42.,0.739142459126592,56.8017128234774));
#8080=CARTESIAN_POINT('',(-42.5,1.8950055708934,57.9887875771967));
#8081=CARTESIAN_POINT('Origin',(-42.,0.761212422803156,55.1450055708935));
#8082=CARTESIAN_POINT('',(-42.,0.730098912079566,57.4805771026151));
#8083=CARTESIAN_POINT('',(-42.5,0.739142459126592,56.8017128234774));
#8084=CARTESIAN_POINT('Origin',(-42.5,2.7499999999999,56.));
#8085=CARTESIAN_POINT('',(-42.5,2.7499999999999,54.995));
#8086=CARTESIAN_POINT('Origin',(-42.5,2.7499999999999,56.));
#8087=CARTESIAN_POINT('Origin',(-44.,2.7499999999999,56.));
#8088=CARTESIAN_POINT('',(-44.,2.7499999999999,54.995));
#8089=CARTESIAN_POINT('Origin',(-44.,2.7499999999999,56.));
#8090=CARTESIAN_POINT('',(-44.,2.7499999999999,54.995));
#8091=CARTESIAN_POINT('Origin',(-50.,2.74999999999989,56.));
#8092=CARTESIAN_POINT('',(-50.,2.74999999999989,54.5));
#8093=CARTESIAN_POINT('Origin',(-50.,2.74999999999989,56.));
#8094=CARTESIAN_POINT('',(-49.,2.74999999999989,54.5));
#8095=CARTESIAN_POINT('',(-50.,2.74999999999989,54.5));
#8096=CARTESIAN_POINT('Origin',(-49.,2.74999999999989,56.));
#8097=CARTESIAN_POINT('Origin',(-49.,2.74999999999989,56.));
#8098=CARTESIAN_POINT('',(-49.,2.74999999999989,54.95));
#8099=CARTESIAN_POINT('Origin',(-49.,2.74999999999989,56.));
#8100=CARTESIAN_POINT('Origin',(-14.3930171019517,42.757,56.));
#8101=CARTESIAN_POINT('',(-15.4430171019517,40.757,56.));
#8102=CARTESIAN_POINT('',(-15.4430171019517,42.757,56.));
#8103=CARTESIAN_POINT('Origin',(-14.3930171019517,40.757,56.));
#8104=CARTESIAN_POINT('Origin',(14.3925,-21.2132034355964,56.));
#8105=CARTESIAN_POINT('',(12.8925,-21.2132034355964,56.));
#8106=CARTESIAN_POINT('Origin',(14.3925,-21.2132034355964,56.));
#8107=CARTESIAN_POINT('',(12.8925,-20.2132034355964,56.));
#8108=CARTESIAN_POINT('',(12.8925,-21.2132034355964,56.));
#8109=CARTESIAN_POINT('Origin',(14.3925,-20.2132034355964,56.));
#8110=CARTESIAN_POINT('Origin',(14.3925,-20.2132034355964,56.));
#8111=CARTESIAN_POINT('',(13.3425,-20.2132034355964,56.));
#8112=CARTESIAN_POINT('Origin',(14.3925,-20.2132034355964,56.));
#8113=CARTESIAN_POINT('Origin',(50.,11.75,56.));
#8114=CARTESIAN_POINT('',(50.,11.75,57.5));
#8115=CARTESIAN_POINT('Origin',(50.,11.75,56.));
#8116=CARTESIAN_POINT('',(49.,11.75,57.5));
#8117=CARTESIAN_POINT('',(50.,11.75,57.5));
#8118=CARTESIAN_POINT('Origin',(49.,11.75,56.));
#8119=CARTESIAN_POINT('Origin',(49.,11.75,56.));
#8120=CARTESIAN_POINT('',(49.,11.75,57.05));
#8121=CARTESIAN_POINT('Origin',(49.,11.75,56.));
#8122=CARTESIAN_POINT('Origin',(50.,11.75,56.));
#8123=CARTESIAN_POINT('',(48.,11.75,57.05));
#8124=CARTESIAN_POINT('',(50.,11.75,57.05));
#8125=CARTESIAN_POINT('Origin',(48.,11.75,56.));
#8126=CARTESIAN_POINT('Origin',(14.3925,-21.2132034355964,56.));
#8127=CARTESIAN_POINT('',(13.3425,-19.2132034355964,56.));
#8128=CARTESIAN_POINT('',(13.3425,-21.2132034355964,56.));
#8129=CARTESIAN_POINT('Origin',(14.3925,-19.2132034355964,56.));
#8130=CARTESIAN_POINT('Origin',(-50.,2.74999999999989,56.));
#8131=CARTESIAN_POINT('',(-48.,2.74999999999989,54.95));
#8132=CARTESIAN_POINT('',(-50.,2.74999999999989,54.95));
#8133=CARTESIAN_POINT('Origin',(-48.,2.74999999999989,56.));
#8134=CARTESIAN_POINT('Origin',(-20.,4.99999999999999,-57.2773573234943));
#8135=CARTESIAN_POINT('',(-22.5,4.99999999999999,-62.2773573234943));
#8136=CARTESIAN_POINT('',(-22.5,4.99999999999999,-57.2773573234943));
#8137=CARTESIAN_POINT('Origin',(-20.,4.99999999999999,-62.2773573234943));
#8138=CARTESIAN_POINT('Origin',(1.49999999999999,5.,-68.2431069890168));
#8139=CARTESIAN_POINT('',(1.49999999999999,5.,-68.2431069890168));
#8140=CARTESIAN_POINT('',(0.749999999999997,5.,-68.2431069890168));
#8141=CARTESIAN_POINT('',(1.49999999999999,10.,-68.2431069890168));
#8142=CARTESIAN_POINT('',(1.49999999999999,10.,-68.2431069890168));
#8143=CARTESIAN_POINT('',(1.49999999999999,5.,-68.2431069890168));
#8144=CARTESIAN_POINT('Origin',(0.,10.,-59.7602321562556));
#8145=CARTESIAN_POINT('',(-26.9087675423692,10.,-62.2773573234943));
#8146=CARTESIAN_POINT('',(-1.5,10.,-62.2773573234943));
#8147=CARTESIAN_POINT('Ctrl Pts',(-29.2623316495758,10.,-57.2773573234943));
#8148=CARTESIAN_POINT('Ctrl Pts',(-28.5008723510736,10.,-58.9547605958529));
#8149=CARTESIAN_POINT('Ctrl Pts',(-27.7164689896968,10.,-60.6217349602309));
#8150=CARTESIAN_POINT('Ctrl Pts',(-26.9087675423692,10.,-62.2773573234943));
#8151=CARTESIAN_POINT('',(1.5,10.,-51.2773573234943));
#8152=CARTESIAN_POINT('',(-1.5,10.,-51.2773573234943));
#8153=CARTESIAN_POINT('',(1.49999999999999,10.,-51.2773573234943));
#8154=CARTESIAN_POINT('Origin',(0.,5.,-93.2773573234943));
#8155=CARTESIAN_POINT('',(1.5,5.,-93.2773573234943));
#8156=CARTESIAN_POINT('',(1.5,5.,-93.2773573234943));
#8157=CARTESIAN_POINT('',(0.,5.,-93.2773573234943));
#8158=CARTESIAN_POINT('Origin',(-26.5,2.50000000000001,-59.7773573234943));
#8159=CARTESIAN_POINT('',(-26.5,1.33226762955019E-14,-62.2773573234943));
#8160=CARTESIAN_POINT('',(-26.5,5.00000000000001,-62.2773573234943));
#8161=CARTESIAN_POINT('Origin',(0.,5.00000000000001,-62.2773573234943));
#8162=CARTESIAN_POINT('',(0.,1.33226762955019E-14,-62.2773573234943));
#8163=CARTESIAN_POINT('Ctrl Pts',(-26.9087748460924,9.99997456933582,-62.2773947863304));
#8164=CARTESIAN_POINT('Ctrl Pts',(-26.9040358207622,9.81062777534663,-62.277394832342));
#8165=CARTESIAN_POINT('Ctrl Pts',(-26.8983590673356,9.62132479826736,-62.2773950029278));
#8166=CARTESIAN_POINT('Ctrl Pts',(-26.891743679831,9.43207493029657,-62.277395106359));
#8167=CARTESIAN_POINT('Ctrl Pts',(-26.8703075813736,8.81884119303711,-62.277395441511));
#8168=CARTESIAN_POINT('Ctrl Pts',(-26.8390169619904,8.20609332000713,-62.2773961729442));
#8169=CARTESIAN_POINT('Ctrl Pts',(-26.797899742728,7.59414686483255,-62.2773988342229));
#8170=CARTESIAN_POINT('Ctrl Pts',(-26.7571235329515,6.98727564455331,-62.27740147343));
#8171=CARTESIAN_POINT('Ctrl Pts',(-26.7066829196321,6.38119202575977,-62.2774060004771));
#8172=CARTESIAN_POINT('Ctrl Pts',(-26.6465557952135,5.77621705382476,-62.2774114838247));
#8173=CARTESIAN_POINT('Ctrl Pts',(-26.6353266745349,5.663234152462,-62.2774125078745));
#8174=CARTESIAN_POINT('Ctrl Pts',(-26.6237595719039,5.550289970047,-62.2774135586597));
#8175=CARTESIAN_POINT('Ctrl Pts',(-26.6118541556346,5.43738667491007,-62.2774146210573));
#8176=CARTESIAN_POINT('Origin',(0.,0.,-51.2773573234943));
#8177=CARTESIAN_POINT('Origin',(0.,-12.,-51.2773573234943));
#8178=CARTESIAN_POINT('',(1.5,5.,-51.2773573234943));
#8179=CARTESIAN_POINT('Origin',(1.5,-13.75,-58.4904245005215));
#8180=CARTESIAN_POINT('',(1.5,0.,-93.2773573234943));
#8181=CARTESIAN_POINT('Origin',(0.,1.8646527691014,-93.2773573234943));
#8182=CARTESIAN_POINT('Origin',(10.9993913423416,28.257,52.5));
#8183=CARTESIAN_POINT('',(-21.9696993516167,28.257,53.));
#8184=CARTESIAN_POINT('',(21.9685016603867,28.257,53.));
#8185=CARTESIAN_POINT('',(10.9993913423416,28.257,53.));
#8186=CARTESIAN_POINT('',(21.9987826846832,28.757,52.5));
#8187=CARTESIAN_POINT('Ctrl Pts',(21.9685016603867,28.257,53.));
#8188=CARTESIAN_POINT('Ctrl Pts',(21.9685680691308,28.2580878054084,53.));
#8189=CARTESIAN_POINT('Ctrl Pts',(21.9686344742084,28.2591756081765,52.9999964500382));
#8190=CARTESIAN_POINT('Ctrl Pts',(21.9727547982859,28.3266755210612,52.9995558834476));
#8191=CARTESIAN_POINT('Ctrl Pts',(21.9767501771581,28.3923503401523,52.9858946711276));
#8192=CARTESIAN_POINT('Ctrl Pts',(21.9840869489277,28.5132919754048,52.9342238626807));
#8193=CARTESIAN_POINT('Ctrl Pts',(21.9873707026781,28.5675970430983,52.8972036765297));
#8194=CARTESIAN_POINT('Ctrl Pts',(21.9928810444391,28.6588942698797,52.8044772650763));
#8195=CARTESIAN_POINT('Ctrl Pts',(21.9950572681549,28.6950466630899,52.7496911719113));
#8196=CARTESIAN_POINT('Ctrl Pts',(21.9980216134506,28.7443260723541,52.6293672724647));
#8197=CARTESIAN_POINT('Ctrl Pts',(21.9987826846833,28.757,52.5649976458497));
#8198=CARTESIAN_POINT('Ctrl Pts',(21.9987826846833,28.757,52.5));
#8199=CARTESIAN_POINT('',(-22.,28.757,52.5));
#8200=CARTESIAN_POINT('',(10.9993913423416,28.757,52.5));
#8201=CARTESIAN_POINT('Ctrl Pts',(-21.9696993516167,28.257,53.));
#8202=CARTESIAN_POINT('Ctrl Pts',(-21.9697658009068,28.2580877645863,53.));
#8203=CARTESIAN_POINT('Ctrl Pts',(-21.9698322465214,28.2591755265349,52.9999964503046));
#8204=CARTESIAN_POINT('Ctrl Pts',(-21.9739552566629,28.3266756938815,52.9995558985864));
#8205=CARTESIAN_POINT('Ctrl Pts',(-21.9779532431049,28.392350814705,52.9858945827702));
#8206=CARTESIAN_POINT('Ctrl Pts',(-21.9852947807019,28.5132926349928,52.9342234688125));
#8207=CARTESIAN_POINT('Ctrl Pts',(-21.9885806590273,28.5675976461082,52.8972032087242));
#8208=CARTESIAN_POINT('Ctrl Pts',(-21.9940945581863,28.6588946497028,52.804476734933));
#8209=CARTESIAN_POINT('Ctrl Pts',(-21.9962721848249,28.6950469211545,52.7496906973578));
#8210=CARTESIAN_POINT('Ctrl Pts',(-21.9992384389101,28.7443261279107,52.6293669814053));
#8211=CARTESIAN_POINT('Ctrl Pts',(-22.0000000000001,28.757,52.5649975038986));
#8212=CARTESIAN_POINT('Ctrl Pts',(-22.0000000000001,28.757,52.5));
#8213=CARTESIAN_POINT('Origin',(20.0830292483486,12.8721050122712,52.5));
#8214=CARTESIAN_POINT('',(35.5,14.4742950268213,53.));
#8215=CARTESIAN_POINT('Origin',(20.0830292483486,12.8721050122712,53.));
#8216=CARTESIAN_POINT('',(36.,14.5,52.5));
#8217=CARTESIAN_POINT('Ctrl Pts',(35.5,14.4742950268213,53.));
#8218=CARTESIAN_POINT('Ctrl Pts',(35.5010997143552,14.4743520166012,53.));
#8219=CARTESIAN_POINT('Ctrl Pts',(35.502199425911,14.474409003182,52.999996371885));
#8220=CARTESIAN_POINT('Ctrl Pts',(35.5696444321451,14.4779037890586,52.9995513443039));
#8221=CARTESIAN_POINT('Ctrl Pts',(35.6352509159432,14.4812918519534,52.9859124833889));
#8222=CARTESIAN_POINT('Ctrl Pts',(35.7561497513824,14.4875177116592,52.9343087567747));
#8223=CARTESIAN_POINT('Ctrl Pts',(35.8104670040228,14.4903058681531,52.8973045224785));
#8224=CARTESIAN_POINT('Ctrl Pts',(35.9018123493016,14.4949859893872,52.8045915742276));
#8225=CARTESIAN_POINT('Ctrl Pts',(35.9379909999344,14.4968346995384,52.7497935008009));
#8226=CARTESIAN_POINT('Ctrl Pts',(35.9873140885383,14.4993533253682,52.6294300417203));
#8227=CARTESIAN_POINT('Ctrl Pts',(36.,14.5,52.5650282578642));
#8228=CARTESIAN_POINT('Ctrl Pts',(36.,14.5,52.5));
#8229=CARTESIAN_POINT('Origin',(20.0830292483486,12.8721050122712,52.5));
#8230=CARTESIAN_POINT('Origin',(35.5,5.3859491411009,52.5));
#8231=CARTESIAN_POINT('',(35.5,0.0239147022793895,53.));
#8232=CARTESIAN_POINT('',(35.5,5.3859491411009,53.));
#8233=CARTESIAN_POINT('',(36.,0.,52.5));
#8234=CARTESIAN_POINT('Ctrl Pts',(35.5,0.0239147022793918,53.));
#8235=CARTESIAN_POINT('Ctrl Pts',(35.5012230964088,0.0238552408056573,53.));
#8236=CARTESIAN_POINT('Ctrl Pts',(35.5024461890965,0.0237957868089206,52.9999955121055));
#8237=CARTESIAN_POINT('Ctrl Pts',(35.5698694634223,0.0205187722728121,52.9995007126309));
#8238=CARTESIAN_POINT('Ctrl Pts',(35.6353253534384,0.0173594512486248,52.9858718870789));
#8239=CARTESIAN_POINT('Ctrl Pts',(35.7560976172051,0.0115635528135969,52.9343396754887));
#8240=CARTESIAN_POINT('Ctrl Pts',(35.8104186315392,0.00897372009205409,
52.8973419313537));
#8241=CARTESIAN_POINT('Ctrl Pts',(35.9017813874608,0.0046341440086036,52.8046346626846));
#8242=CARTESIAN_POINT('Ctrl Pts',(35.9379698069253,0.0029244447807812,52.7498323718444));
#8243=CARTESIAN_POINT('Ctrl Pts',(35.9873094890471,0.000596656833743963,
52.62945409752));
#8244=CARTESIAN_POINT('Ctrl Pts',(36.,-4.70050194365569E-14,52.5650399672128));
#8245=CARTESIAN_POINT('Ctrl Pts',(36.,-4.71485254379244E-14,52.5));
#8246=CARTESIAN_POINT('',(36.,5.3859491411009,52.5));
#8247=CARTESIAN_POINT('Origin',(-35.5,12.6359491411009,52.5));
#8248=CARTESIAN_POINT('',(-36.,14.5,52.5));
#8249=CARTESIAN_POINT('',(-36.,3.5527136788005E-14,52.5));
#8250=CARTESIAN_POINT('',(-36.,12.6359491411009,52.5));
#8251=CARTESIAN_POINT('',(-35.5,0.0239147022795438,53.));
#8252=CARTESIAN_POINT('Ctrl Pts',(-36.,3.52929491187481E-14,52.5));
#8253=CARTESIAN_POINT('Ctrl Pts',(-36.,3.45754191119108E-14,52.5650399672128));
#8254=CARTESIAN_POINT('Ctrl Pts',(-35.9873094890471,0.000596656833810061,
52.62945409752));
#8255=CARTESIAN_POINT('Ctrl Pts',(-35.9379698069253,0.00292444478085797,
52.7498323718444));
#8256=CARTESIAN_POINT('Ctrl Pts',(-35.9017813874608,0.00463414400861978,
52.8046346626846));
#8257=CARTESIAN_POINT('Ctrl Pts',(-35.8104186315392,0.00897372009202592,
52.8973419313537));
#8258=CARTESIAN_POINT('Ctrl Pts',(-35.7560976172051,0.0115635528136999,
52.9343396754887));
#8259=CARTESIAN_POINT('Ctrl Pts',(-35.6353253534384,0.0173594512487568,
52.9858718870789));
#8260=CARTESIAN_POINT('Ctrl Pts',(-35.5698694634223,0.0205187722723609,
52.9995007126309));
#8261=CARTESIAN_POINT('Ctrl Pts',(-35.5024461890965,0.023795786809012,52.9999955121055));
#8262=CARTESIAN_POINT('Ctrl Pts',(-35.5012230964088,0.023855240805808,53.));
#8263=CARTESIAN_POINT('Ctrl Pts',(-35.5,0.0239147022795428,53.));
#8264=CARTESIAN_POINT('',(-35.5,14.474297387081,53.));
#8265=CARTESIAN_POINT('',(-35.5,12.6359491411009,53.));
#8266=CARTESIAN_POINT('Ctrl Pts',(-35.5,14.474297387081,53.));
#8267=CARTESIAN_POINT('Ctrl Pts',(-35.5010997219875,14.4743543720233,53.));
#8268=CARTESIAN_POINT('Ctrl Pts',(-35.5021994411692,14.47441135379,52.9999963718346));
#8269=CARTESIAN_POINT('Ctrl Pts',(-35.5696444214357,14.4779058170493,52.999551341337));
#8270=CARTESIAN_POINT('Ctrl Pts',(-35.6352508706902,14.4812935673979,52.9859124910346));
#8271=CARTESIAN_POINT('Ctrl Pts',(-35.756149683984,14.4875188543078,52.934308796989));
#8272=CARTESIAN_POINT('Ctrl Pts',(-35.8104669423918,14.4903067550937,52.8973045702565));
#8273=CARTESIAN_POINT('Ctrl Pts',(-35.9018123104704,14.4949864477778,52.8045916283959));
#8274=CARTESIAN_POINT('Ctrl Pts',(-35.9379909735478,14.496834988821,52.7497935492949));
#8275=CARTESIAN_POINT('Ctrl Pts',(-35.9873140828572,14.4993533844545,52.6294300714703));
#8276=CARTESIAN_POINT('Ctrl Pts',(-36.,14.5,52.5650282723726));
#8277=CARTESIAN_POINT('Ctrl Pts',(-36.,14.5,52.5));
#8278=CARTESIAN_POINT('Origin',(28.0353684464647,0.75142811793893,52.5));
#8279=CARTESIAN_POINT('',(28.7628818621247,-6.71320343559641,53.));
#8280=CARTESIAN_POINT('Origin',(28.0353684464647,0.75142811793893,53.));
#8281=CARTESIAN_POINT('',(28.7867965644036,-7.21320343559641,52.5));
#8282=CARTESIAN_POINT('Ctrl Pts',(28.7628818621247,-6.71320343559637,53.));
#8283=CARTESIAN_POINT('Ctrl Pts',(28.7629413235984,-6.71442653200516,53.));
#8284=CARTESIAN_POINT('Ctrl Pts',(28.7630007775947,-6.71564962469296,52.9999955121055));
#8285=CARTESIAN_POINT('Ctrl Pts',(28.7662777921315,-6.78307289901876,52.9995007126309));
#8286=CARTESIAN_POINT('Ctrl Pts',(28.7694371131551,-6.8485287890348,52.9858718870789));
#8287=CARTESIAN_POINT('Ctrl Pts',(28.77523301159,-6.9693010528015,52.9343396754887));
#8288=CARTESIAN_POINT('Ctrl Pts',(28.7778228443116,-7.02362206713563,52.8973419313537));
#8289=CARTESIAN_POINT('Ctrl Pts',(28.7821624203951,-7.11498482305722,52.8046346626846));
#8290=CARTESIAN_POINT('Ctrl Pts',(28.7838721196228,-7.15117324252169,52.7498323718444));
#8291=CARTESIAN_POINT('Ctrl Pts',(28.7861999075699,-7.20051292464347,52.62945409752));
#8292=CARTESIAN_POINT('Ctrl Pts',(28.7867965644036,-7.21320343559641,52.5650399672128));
#8293=CARTESIAN_POINT('Ctrl Pts',(28.7867965644036,-7.21320343559641,52.5));
#8294=CARTESIAN_POINT('Origin',(28.0353684464647,0.75142811793893,52.5));
#8295=CARTESIAN_POINT('Origin',(-14.3933982822018,-6.71320343559641,52.5));
#8296=CARTESIAN_POINT('',(-28.7628818621242,-6.71320343559641,53.));
#8297=CARTESIAN_POINT('',(-14.3933982822018,-6.71320343559641,53.));
#8298=CARTESIAN_POINT('',(-28.7867965644036,-7.21320343559641,52.5));
#8299=CARTESIAN_POINT('Ctrl Pts',(-28.7628818621242,-6.71320343559641,53.));
#8300=CARTESIAN_POINT('Ctrl Pts',(-28.7629413235979,-6.71442653200524,53.));
#8301=CARTESIAN_POINT('Ctrl Pts',(-28.7630007775946,-6.71564962469291,52.9999955121055));
#8302=CARTESIAN_POINT('Ctrl Pts',(-28.7662777921308,-6.78307289901877,52.9995007126309));
#8303=CARTESIAN_POINT('Ctrl Pts',(-28.7694371131551,-6.84852878903479,52.9858718870789));
#8304=CARTESIAN_POINT('Ctrl Pts',(-28.77523301159,-6.96930105280146,52.9343396754888));
#8305=CARTESIAN_POINT('Ctrl Pts',(-28.7778228443116,-7.02362206713562,52.8973419313537));
#8306=CARTESIAN_POINT('Ctrl Pts',(-28.782162420395,-7.11498482305725,52.8046346626846));
#8307=CARTESIAN_POINT('Ctrl Pts',(-28.7838721196228,-7.15117324252169,52.7498323718444));
#8308=CARTESIAN_POINT('Ctrl Pts',(-28.7861999075699,-7.20051292464347,52.62945409752));
#8309=CARTESIAN_POINT('Ctrl Pts',(-28.7867965644036,-7.21320343559641,52.5650399672128));
#8310=CARTESIAN_POINT('Ctrl Pts',(-28.7867965644036,-7.21320343559641,52.5));
#8311=CARTESIAN_POINT('',(-14.3933982822018,-7.21320343559641,52.5));
#8312=CARTESIAN_POINT('Origin',(-28.0353684464646,0.751428117938944,52.5));
#8313=CARTESIAN_POINT('Origin',(-28.0353684464646,0.751428117938944,52.5));
#8314=CARTESIAN_POINT('Origin',(-28.0353684464646,0.751428117938944,53.));
#8315=CARTESIAN_POINT('Origin',(-20.0830140415559,12.8722537056732,52.5));
#8316=CARTESIAN_POINT('Origin',(-20.0830140415559,12.8722537056732,52.5));
#8317=CARTESIAN_POINT('Origin',(-20.0830140415559,12.8722537056732,53.));
#8318=CARTESIAN_POINT('Origin',(28.0353684464647,0.75142811793893,53.));
#8319=CARTESIAN_POINT('',(28.7867965644036,-7.21320343559641,51.9));
#8320=CARTESIAN_POINT('',(28.7867965644036,-7.21320343559641,53.));
#8321=CARTESIAN_POINT('',(36.,0.,51.9));
#8322=CARTESIAN_POINT('Origin',(28.0353684464647,0.75142811793893,51.9));
#8323=CARTESIAN_POINT('',(36.,0.,53.));
#8324=CARTESIAN_POINT('Origin',(-28.7867965644036,-7.21320343559641,53.));
#8325=CARTESIAN_POINT('',(-28.7867965644036,-7.21320343559641,51.9));
#8326=CARTESIAN_POINT('',(-28.7867965644036,-7.21320343559641,53.));
#8327=CARTESIAN_POINT('',(-14.3933982822018,-7.21320343559641,51.9));
#8328=CARTESIAN_POINT('Origin',(-28.0353684464646,0.751428117938944,53.));
#8329=CARTESIAN_POINT('',(-36.,3.5527136788005E-14,51.9));
#8330=CARTESIAN_POINT('',(-36.,3.5527136788005E-14,53.));
#8331=CARTESIAN_POINT('Origin',(-28.0353684464646,0.751428117938944,51.9));
#8332=CARTESIAN_POINT('Origin',(-36.,14.5,53.));
#8333=CARTESIAN_POINT('',(-36.,14.5,51.9));
#8334=CARTESIAN_POINT('',(-36.,14.5,53.));
#8335=CARTESIAN_POINT('',(-36.,12.6359491411009,51.9));
#8336=CARTESIAN_POINT('Origin',(8.88178419700125E-15,10.7718982822018,53.));
#8337=CARTESIAN_POINT('',(28.7867965644036,-5.21320343559641,53.));
#8338=CARTESIAN_POINT('',(-28.7867965644036,-5.2132034355964,53.));
#8339=CARTESIAN_POINT('',(28.7867965644036,-5.21320343559641,53.));
#8340=CARTESIAN_POINT('',(-34.,-0.000203435596399792,53.));
#8341=CARTESIAN_POINT('Origin',(-27.1856433387337,1.60121571411308,53.));
#8342=CARTESIAN_POINT('',(-34.,14.4997965644036,53.));
#8343=CARTESIAN_POINT('',(-34.,-0.000203435596399792,53.));
#8344=CARTESIAN_POINT('',(-20.0870111822069,26.757,53.));
#8345=CARTESIAN_POINT('Origin',(-20.1088978203136,12.7570171080436,53.));
#8346=CARTESIAN_POINT('',(22.0355,26.757,53.));
#8347=CARTESIAN_POINT('',(-20.0870111822069,26.757,53.));
#8348=CARTESIAN_POINT('',(34.,14.5,53.));
#8349=CARTESIAN_POINT('Origin',(20.0925971265507,12.892472297105,53.));
#8350=CARTESIAN_POINT('',(34.,2.22044604925031E-14,53.));
#8351=CARTESIAN_POINT('',(34.,14.5,53.));
#8352=CARTESIAN_POINT('Origin',(27.18559273955,1.60120382485364,53.));
#8353=CARTESIAN_POINT('Origin',(14.3933982822018,-10.2132034355964,52.5));
#8354=CARTESIAN_POINT('',(-28.8044454787247,-10.2132034355964,53.));
#8355=CARTESIAN_POINT('',(28.804688185396,-10.2132034355964,53.));
#8356=CARTESIAN_POINT('',(14.3933982822018,-10.2132034355964,53.));
#8357=CARTESIAN_POINT('',(28.7867965644036,-9.71320343559641,52.5));
#8358=CARTESIAN_POINT('Ctrl Pts',(28.804688185396,-10.2132034355964,53.));
#8359=CARTESIAN_POINT('Ctrl Pts',(28.8046454602792,-10.2119955343121,53.));
#8360=CARTESIAN_POINT('Ctrl Pts',(28.8046027317842,-10.2107876370975,52.9999956229235));
#8361=CARTESIAN_POINT('Ctrl Pts',(28.8034681154452,-10.1787156712772,52.999763180516));
#8362=CARTESIAN_POINT('Ctrl Pts',(28.8023769739923,-10.1479382077244,52.9966821175377));
#8363=CARTESIAN_POINT('Ctrl Pts',(28.8000423568324,-10.0822228639431,52.9838865031604));
#8364=CARTESIAN_POINT('Ctrl Pts',(28.7988111239106,-10.0476531455952,52.9731758056034));
#8365=CARTESIAN_POINT('Ctrl Pts',(28.7954965536616,-9.95479654726971,52.9329710382256));
#8366=CARTESIAN_POINT('Ctrl Pts',(28.7935555115993,-9.90067209042969,52.8956816828726));
#8367=CARTESIAN_POINT('Ctrl Pts',(28.7902871122973,-9.80978762338852,52.8024727912831));
#8368=CARTESIAN_POINT('Ctrl Pts',(28.7889908422502,-9.77388424927058,52.7474562093505));
#8369=CARTESIAN_POINT('Ctrl Pts',(28.7872433736599,-9.72553453967094,52.6276358026433));
#8370=CARTESIAN_POINT('Ctrl Pts',(28.7867965644037,-9.71320343559641,52.5641118609668));
#8371=CARTESIAN_POINT('Ctrl Pts',(28.7867965644036,-9.71320343559641,52.5));
#8372=CARTESIAN_POINT('',(-28.7867965644036,-9.71320343559641,52.5));
#8373=CARTESIAN_POINT('',(14.3933982822018,-9.71320343559641,52.5));
#8374=CARTESIAN_POINT('Ctrl Pts',(-28.8044454787247,-10.2132034355966,53.));
#8375=CARTESIAN_POINT('Ctrl Pts',(-28.8044032211282,-10.2119923230619,53.));
#8376=CARTESIAN_POINT('Ctrl Pts',(-28.8043609601796,-10.2107812146261,52.9999955996193));
#8377=CARTESIAN_POINT('Ctrl Pts',(-28.8020453784253,-10.1444270774038,52.9995134177394));
#8378=CARTESIAN_POINT('Ctrl Pts',(-28.7997864785158,-10.079997500894,52.986313359456));
#8379=CARTESIAN_POINT('Ctrl Pts',(-28.7955568441566,-9.95984627797603,52.9359496052407));
#8380=CARTESIAN_POINT('Ctrl Pts',(-28.7936265309041,-9.90526788692405,52.8992735115253));
#8381=CARTESIAN_POINT('Ctrl Pts',(-28.7903637288671,-9.81327386539148,52.8070741190621));
#8382=CARTESIAN_POINT('Ctrl Pts',(-28.7890623258313,-9.77672688673366,52.7524444169334));
#8383=CARTESIAN_POINT('Ctrl Pts',(-28.7872769963332,-9.72664518784475,52.6322720576229));
#8384=CARTESIAN_POINT('Ctrl Pts',(-28.7868098972483,-9.7135767617417,52.5678879681299));
#8385=CARTESIAN_POINT('Ctrl Pts',(-28.7867966582175,-9.71320606242941,52.5018716072046));
#8386=CARTESIAN_POINT('Ctrl Pts',(-28.7867965644036,-9.71320343559641,52.5009357409843));
#8387=CARTESIAN_POINT('Ctrl Pts',(-28.7867965644036,-9.71320343559641,52.5));
#8388=CARTESIAN_POINT('Origin',(39.,12.6359491411009,52.5));
#8389=CARTESIAN_POINT('',(39.,-0.017891620992454,53.));
#8390=CARTESIAN_POINT('',(39.,14.5220384000291,53.));
#8391=CARTESIAN_POINT('',(39.,12.6359491411009,53.));
#8392=CARTESIAN_POINT('',(38.5,14.5,52.5));
#8393=CARTESIAN_POINT('Ctrl Pts',(39.,14.5220384000291,53.));
#8394=CARTESIAN_POINT('Ctrl Pts',(38.9989030265517,14.5219903697878,53.));
#8395=CARTESIAN_POINT('Ctrl Pts',(38.9978060561429,14.5219423376007,52.9999963899478));
#8396=CARTESIAN_POINT('Ctrl Pts',(38.9315444573894,14.51904086642,52.999560260784));
#8397=CARTESIAN_POINT('Ctrl Pts',(38.8670835874653,14.516210626554,52.9863958616116));
#8398=CARTESIAN_POINT('Ctrl Pts',(38.7468708088713,14.5109201957901,52.9360838362324));
#8399=CARTESIAN_POINT('Ctrl Pts',(38.6922596420253,14.5085103410872,52.899427218995));
#8400=CARTESIAN_POINT('Ctrl Pts',(38.6002124478919,14.504441988464,52.8072581853852));
#8401=CARTESIAN_POINT('Ctrl Pts',(38.5636395512589,14.5028218384036,52.752646028798));
#8402=CARTESIAN_POINT('Ctrl Pts',(38.5135086000041,14.5005996865425,52.6325090944695));
#8403=CARTESIAN_POINT('Ctrl Pts',(38.500410568264,14.500018218227,52.5681478122442));
#8404=CARTESIAN_POINT('Ctrl Pts',(38.5000031652798,14.5000001404537,52.5020545057296));
#8405=CARTESIAN_POINT('Ctrl Pts',(38.5,14.5,52.501027177464));
#8406=CARTESIAN_POINT('Ctrl Pts',(38.5,14.5,52.5));
#8407=CARTESIAN_POINT('',(38.5,0.,52.5));
#8408=CARTESIAN_POINT('',(38.5,12.6359491411009,52.5));
#8409=CARTESIAN_POINT('Ctrl Pts',(38.5,-1.22863740346564E-13,52.5));
#8410=CARTESIAN_POINT('Ctrl Pts',(38.5,-1.22039861363024E-13,52.5650675044973));
#8411=CARTESIAN_POINT('Ctrl Pts',(38.5127012638215,-0.000460231653614613,
52.6295104565547));
#8412=CARTESIAN_POINT('Ctrl Pts',(38.5620805316289,-0.00224482091294879,
52.7499250115895));
#8413=CARTESIAN_POINT('Ctrl Pts',(38.5982932180927,-0.00355215730020538,
52.8047389198115));
#8414=CARTESIAN_POINT('Ctrl Pts',(38.6897015244258,-0.00683909024420793,
52.8974352147639));
#8415=CARTESIAN_POINT('Ctrl Pts',(38.7440355093946,-0.00878742286108708,
52.9344194821068));
#8416=CARTESIAN_POINT('Ctrl Pts',(38.8647929204601,-0.0130974119500575,
52.9858989138293));
#8417=CARTESIAN_POINT('Ctrl Pts',(38.930211723645,-0.01542271777838,52.9995073391358));
#8418=CARTESIAN_POINT('Ctrl Pts',(38.9975842015011,-0.0178061673807577,
52.9999956229235));
#8419=CARTESIAN_POINT('Ctrl Pts',(38.9987920987157,-0.0178488958756758,
53.));
#8420=CARTESIAN_POINT('Ctrl Pts',(39.,-0.0178916209924538,53.));
#8421=CARTESIAN_POINT('Origin',(20.0727091602401,12.8614175922763,52.5));
#8422=CARTESIAN_POINT('',(22.0619214347151,31.757,53.));
#8423=CARTESIAN_POINT('Origin',(20.0727091602401,12.8614175922763,53.));
#8424=CARTESIAN_POINT('',(22.0355,31.257,52.5));
#8425=CARTESIAN_POINT('Ctrl Pts',(22.0619214347151,31.7570000000002,53.));
#8426=CARTESIAN_POINT('Ctrl Pts',(22.06186449531,31.7559152731744,53.));
#8427=CARTESIAN_POINT('Ctrl Pts',(22.0618075536083,31.754830549316,52.9999964701031));
#8428=CARTESIAN_POINT('Ctrl Pts',(22.0583283516322,31.6885555373755,52.9995651227316));
#8429=CARTESIAN_POINT('Ctrl Pts',(22.0549337850542,31.6240670358091,52.986395263892));
#8430=CARTESIAN_POINT('Ctrl Pts',(22.0485892597541,31.5038177526588,52.9360553014917));
#8431=CARTESIAN_POINT('Ctrl Pts',(22.0456994722269,31.4491943142279,52.8993808506917));
#8432=CARTESIAN_POINT('Ctrl Pts',(22.0408222391478,31.3571520530564,52.807178662023));
#8433=CARTESIAN_POINT('Ctrl Pts',(22.0388803786248,31.320588924708,52.7525598450125));
#8434=CARTESIAN_POINT('Ctrl Pts',(22.0362179337497,31.2704893611637,52.6324278394891));
#8435=CARTESIAN_POINT('Ctrl Pts',(22.0355215053268,31.2574042467159,52.5680846103423));
#8436=CARTESIAN_POINT('Ctrl Pts',(22.0355001634418,31.2570030722965,52.5020241024975));
#8437=CARTESIAN_POINT('Ctrl Pts',(22.0355,31.257,52.5010119778097));
#8438=CARTESIAN_POINT('Ctrl Pts',(22.0355,31.257,52.5));
#8439=CARTESIAN_POINT('Origin',(20.0727091602401,12.8614175922763,52.5));
#8440=CARTESIAN_POINT('Origin',(-11.,31.757,52.5));
#8441=CARTESIAN_POINT('',(-22.0259363780807,31.757,53.));
#8442=CARTESIAN_POINT('',(-11.,31.757,53.));
#8443=CARTESIAN_POINT('',(-22.,31.257,52.5));
#8444=CARTESIAN_POINT('Ctrl Pts',(-22.0259363780807,31.757,53.));
#8445=CARTESIAN_POINT('Ctrl Pts',(-22.0258804281274,31.7559141896934,53.));
#8446=CARTESIAN_POINT('Ctrl Pts',(-22.0258244759207,31.7548283823596,52.9999964630479));
#8447=CARTESIAN_POINT('Ctrl Pts',(-22.0256547128522,31.7515341052984,52.9999750010052));
#8448=CARTESIAN_POINT('Ctrl Pts',(-22.0255408996113,31.7493257348833,52.999945980372));
#8449=CARTESIAN_POINT('Ctrl Pts',(-22.0220691783966,31.6819682649307,52.9986144173057));
#8450=CARTESIAN_POINT('Ctrl Pts',(-22.0187471099661,31.6176883724182,52.9846029094968));
#8451=CARTESIAN_POINT('Ctrl Pts',(-22.0125572289767,31.4981952286302,52.9327320019601));
#8452=CARTESIAN_POINT('Ctrl Pts',(-22.0097477676208,31.4441050805526,52.8953953473813));
#8453=CARTESIAN_POINT('Ctrl Pts',(-22.0050254857646,31.3533312106953,52.8021263079665));
#8454=CARTESIAN_POINT('Ctrl Pts',(-22.0031567299469,31.3174899733334,52.7471103594519));
#8455=CARTESIAN_POINT('Ctrl Pts',(-22.0006418193611,31.2692845633855,52.6273947330461));
#8456=CARTESIAN_POINT('Ctrl Pts',(-22.0000000000001,31.257,52.563990885981));
#8457=CARTESIAN_POINT('Ctrl Pts',(-22.0000000000001,31.257,52.5));
#8458=CARTESIAN_POINT('',(-11.,31.257,52.5));
#8459=CARTESIAN_POINT('Origin',(-20.0730464322428,12.8576290882621,52.5));
#8460=CARTESIAN_POINT('',(-38.5,14.5,52.5));
#8461=CARTESIAN_POINT('Origin',(-20.0730464322428,12.8576290882621,52.5));
#8462=CARTESIAN_POINT('',(-39.,14.5220895545892,53.));
#8463=CARTESIAN_POINT('Origin',(-20.0730464322428,12.8576290882621,53.));
#8464=CARTESIAN_POINT('Ctrl Pts',(-39.0000000000018,14.5220895545892,53.));
#8465=CARTESIAN_POINT('Ctrl Pts',(-38.9989032079734,14.5220414208268,53.));
#8466=CARTESIAN_POINT('Ctrl Pts',(-38.9978064189855,14.5219932851199,52.9999963911418));
#8467=CARTESIAN_POINT('Ctrl Pts',(-38.9315447287059,14.5190850752942,52.9995603335063));
#8468=CARTESIAN_POINT('Ctrl Pts',(-38.8670835609965,14.5162482530741,52.9863958961001));
#8469=CARTESIAN_POINT('Ctrl Pts',(-38.746870378809,14.5109455246259,52.9360836106968));
#8470=CARTESIAN_POINT('Ctrl Pts',(-38.6922590702073,14.5085300699464,52.8994268206514));
#8471=CARTESIAN_POINT('Ctrl Pts',(-38.6002119000837,14.5044522749325,52.8072574627945));
#8472=CARTESIAN_POINT('Ctrl Pts',(-38.5636390904712,14.5028283680212,52.7526452465363));
#8473=CARTESIAN_POINT('Ctrl Pts',(-38.5135084360397,14.5006010712514,52.6325083798338));
#8474=CARTESIAN_POINT('Ctrl Pts',(-38.5004105219052,14.5000182584535,52.568147293508));
#8475=CARTESIAN_POINT('Ctrl Pts',(-38.5000031645987,14.5000001407494,52.5020542846491));
#8476=CARTESIAN_POINT('Ctrl Pts',(-38.5,14.5,52.5010270669373));
#8477=CARTESIAN_POINT('Ctrl Pts',(-38.5,14.5,52.5));
#8478=CARTESIAN_POINT('Origin',(-39.,5.32110342274505,52.5));
#8479=CARTESIAN_POINT('',(-38.5,-0.129691436711692,52.5));
#8480=CARTESIAN_POINT('',(-38.5,5.32110342274505,52.5));
#8481=CARTESIAN_POINT('',(-39.,-0.150666583496755,53.));
#8482=CARTESIAN_POINT('',(-39.,5.32110342274505,53.));
#8483=CARTESIAN_POINT('Ctrl Pts',(-39.,-0.150666583496755,53.));
#8484=CARTESIAN_POINT('Ctrl Pts',(-38.9988258103014,-0.150617893134392,
53.));
#8485=CARTESIAN_POINT('Ctrl Pts',(-38.9976516243821,-0.15056919902312,52.9999958638357));
#8486=CARTESIAN_POINT('Ctrl Pts',(-38.9313188980493,-0.147818125137289,
52.9995285334178));
#8487=CARTESIAN_POINT('Ctrl Pts',(-38.8668704284923,-0.145132731097312,
52.9863366138359));
#8488=CARTESIAN_POINT('Ctrl Pts',(-38.7466882594637,-0.1401046772923,52.9359773853732));
#8489=CARTESIAN_POINT('Ctrl Pts',(-38.6920958616714,-0.137809977614266,
52.8993001451803));
#8490=CARTESIAN_POINT('Ctrl Pts',(-38.6000883389688,-0.133931670902472,
52.8070969086683));
#8491=CARTESIAN_POINT('Ctrl Pts',(-38.5635375174424,-0.132384828631431,
52.7524695448852));
#8492=CARTESIAN_POINT('Ctrl Pts',(-38.513453539905,-0.130262917646666,52.6323089561862));
#8493=CARTESIAN_POINT('Ctrl Pts',(-38.5003815436908,-0.129707631240756,
52.5679381664029));
#8494=CARTESIAN_POINT('Ctrl Pts',(-38.5000027421009,-0.129691553099578,
52.5019122332339));
#8495=CARTESIAN_POINT('Ctrl Pts',(-38.5,-0.129691436711726,52.5009560511765));
#8496=CARTESIAN_POINT('Ctrl Pts',(-38.5,-0.129691436711726,52.5));
#8497=CARTESIAN_POINT('Origin',(-28.0377646984934,0.760045881776477,52.5));
#8498=CARTESIAN_POINT('Origin',(-28.0377646984934,0.760045881776477,52.5));
#8499=CARTESIAN_POINT('Origin',(-28.0377646984934,0.760045881776477,53.));
#8500=CARTESIAN_POINT('Origin',(28.0274905412681,0.759306023135533,52.5));
#8501=CARTESIAN_POINT('Origin',(28.0274905412681,0.759306023135533,53.));
#8502=CARTESIAN_POINT('Origin',(28.0274905412681,0.759306023135533,52.5));
#8503=CARTESIAN_POINT('Origin',(-28.0377646984934,0.760045881776477,53.));
#8504=CARTESIAN_POINT('',(-28.7867965644036,-9.71320343559641,51.9));
#8505=CARTESIAN_POINT('',(-28.7867965644036,-9.71320343559641,53.));
#8506=CARTESIAN_POINT('',(-38.5,-0.129691436711692,51.9));
#8507=CARTESIAN_POINT('Origin',(-28.0377646984934,0.760045881776477,51.9));
#8508=CARTESIAN_POINT('',(-38.5,-0.129691436711692,53.));
#8509=CARTESIAN_POINT('Origin',(28.7867965644036,-9.71320343559641,53.));
#8510=CARTESIAN_POINT('',(28.7867965644036,-9.71320343559641,51.9));
#8511=CARTESIAN_POINT('',(28.7867965644036,-9.71320343559641,53.));
#8512=CARTESIAN_POINT('',(14.3933982822018,-9.71320343559641,51.9));
#8513=CARTESIAN_POINT('Origin',(28.0274905412681,0.759306023135533,53.));
#8514=CARTESIAN_POINT('',(38.5,0.,51.9));
#8515=CARTESIAN_POINT('',(38.5,0.,53.));
#8516=CARTESIAN_POINT('Origin',(28.0274905412681,0.759306023135533,51.9));
#8517=CARTESIAN_POINT('Origin',(38.5,14.5,53.));
#8518=CARTESIAN_POINT('',(38.5,14.5,51.9));
#8519=CARTESIAN_POINT('',(38.5,14.5,53.));
#8520=CARTESIAN_POINT('',(38.5,12.6359491411009,51.9));
#8521=CARTESIAN_POINT('Origin',(8.88178419700125E-15,10.7718982822018,53.));
#8522=CARTESIAN_POINT('',(-28.7867965644036,-13.2132034355964,53.));
#8523=CARTESIAN_POINT('',(-42.,-1.10605968828281E-13,53.));
#8524=CARTESIAN_POINT('Origin',(-28.0209622029682,0.765834361435425,53.));
#8525=CARTESIAN_POINT('',(28.7867965644036,-13.2132034355964,53.));
#8526=CARTESIAN_POINT('',(-14.3933982822018,-13.2132034355964,53.));
#8527=CARTESIAN_POINT('',(42.,1.77635683940025E-14,53.));
#8528=CARTESIAN_POINT('Origin',(28.0209622029682,0.76583436143542,53.));
#8529=CARTESIAN_POINT('',(42.,14.5,53.));
#8530=CARTESIAN_POINT('',(42.,5.3859491411009,53.));
#8531=CARTESIAN_POINT('',(22.0355,34.757,53.));
#8532=CARTESIAN_POINT('Origin',(20.0622884468475,12.8456687723793,53.));
#8533=CARTESIAN_POINT('',(-22.0355,34.757,53.));
#8534=CARTESIAN_POINT('',(11.01775,34.757,53.));
#8535=CARTESIAN_POINT('',(-42.,14.4999999999998,53.));
#8536=CARTESIAN_POINT('Origin',(-20.0622884468475,12.8456687723793,53.));
#8537=CARTESIAN_POINT('',(-42.,12.6359491411008,53.));
#8538=CARTESIAN_POINT('Origin',(-28.0377646984934,0.760045881776477,51.9));
#8539=CARTESIAN_POINT('',(-28.7687216421787,-9.21320343559641,51.4));
#8540=CARTESIAN_POINT('',(-38.,-0.108209724261803,51.4));
#8541=CARTESIAN_POINT('Origin',(-28.0377646984934,0.760045881776477,51.4));
#8542=CARTESIAN_POINT('Ctrl Pts',(-37.9999999999999,-0.108209724261803,
51.4));
#8543=CARTESIAN_POINT('Ctrl Pts',(-38.0011834833132,-0.108261199760709,
51.4));
#8544=CARTESIAN_POINT('Ctrl Pts',(-38.0023669631219,-0.108312670531602,
51.4000042018982));
#8545=CARTESIAN_POINT('Ctrl Pts',(-38.0697677887313,-0.11124374200725,51.4004828160458));
#8546=CARTESIAN_POINT('Ctrl Pts',(-38.1352419363551,-0.114076206284928,
51.4141029640207));
#8547=CARTESIAN_POINT('Ctrl Pts',(-38.2560378217856,-0.119279331925769,
51.465624556347));
#8548=CARTESIAN_POINT('Ctrl Pts',(-38.3103643521114,-0.121607818305972,
51.5026159569886));
#8549=CARTESIAN_POINT('Ctrl Pts',(-38.4017474633694,-0.125513461804126,
51.5953179734853));
#8550=CARTESIAN_POINT('Ctrl Pts',(-38.4379468418781,-0.127054315479605,
51.6501253937925));
#8551=CARTESIAN_POINT('Ctrl Pts',(-38.4873045655424,-0.129153037500362,
51.7705201097283));
#8552=CARTESIAN_POINT('Ctrl Pts',(-38.5,-0.129691436711635,51.8349474419666));
#8553=CARTESIAN_POINT('Ctrl Pts',(-38.5,-0.129691436711634,51.9));
#8554=CARTESIAN_POINT('Ctrl Pts',(-28.7687216421787,-9.2132034355962,51.4));
#8555=CARTESIAN_POINT('Ctrl Pts',(-28.768766385877,-9.21442604802291,51.4));
#8556=CARTESIAN_POINT('Ctrl Pts',(-28.7688111253114,-9.21564865651195,51.4000044843434));
#8557=CARTESIAN_POINT('Ctrl Pts',(-28.7712762587355,-9.28302028834412,51.40049870909));
#8558=CARTESIAN_POINT('Ctrl Pts',(-28.7736569393581,-9.3484237532467,51.414106646148));
#8559=CARTESIAN_POINT('Ctrl Pts',(-28.7780329915117,-9.4691666537172,51.4655800575805));
#8560=CARTESIAN_POINT('Ctrl Pts',(-28.7799924445988,-9.52349963672762,51.5025631539198));
#8561=CARTESIAN_POINT('Ctrl Pts',(-28.7832796185605,-9.61490800584436,51.5952581626771));
#8562=CARTESIAN_POINT('Ctrl Pts',(-28.7845766088539,-9.65112114561314,51.650071878099));
#8563=CARTESIAN_POINT('Ctrl Pts',(-28.7863433234706,-9.70050173286945,51.7704872960494));
#8564=CARTESIAN_POINT('Ctrl Pts',(-28.7867965644036,-9.71320343559641,51.834931437685));
#8565=CARTESIAN_POINT('Ctrl Pts',(-28.7867965644036,-9.71320343559641,51.9));
#8566=CARTESIAN_POINT('Origin',(-38.,5.32110342274505,51.9));
#8567=CARTESIAN_POINT('',(-38.,14.4776092669925,51.4));
#8568=CARTESIAN_POINT('',(-38.,5.32110342274505,51.4));
#8569=CARTESIAN_POINT('',(-38.5,14.5,51.9));
#8570=CARTESIAN_POINT('Ctrl Pts',(-38.0000000000017,14.4776092669926,51.4));
#8571=CARTESIAN_POINT('Ctrl Pts',(-38.0010989268104,14.4776588186376,51.4));
#8572=CARTESIAN_POINT('Ctrl Pts',(-38.0021978507592,14.4777083678789,51.4000036229204));
#8573=CARTESIAN_POINT('Ctrl Pts',(-38.0696089110747,14.4807477172221,51.4004481079388));
#8574=CARTESIAN_POINT('Ctrl Pts',(-38.1351816129664,14.4836956101558,51.414073238058));
#8575=CARTESIAN_POINT('Ctrl Pts',(-38.2560615103435,14.4891166760782,51.4656385844774));
#8576=CARTESIAN_POINT('Ctrl Pts',(-38.3103863884223,14.4915462164693,51.5026329863244));
#8577=CARTESIAN_POINT('Ctrl Pts',(-38.4017616080189,14.49562617033,51.5953376441722));
#8578=CARTESIAN_POINT('Ctrl Pts',(-38.4379565367982,14.497238588092,51.6501431647001));
#8579=CARTESIAN_POINT('Ctrl Pts',(-38.4873066726246,14.4994357191989,51.7705311250934));
#8580=CARTESIAN_POINT('Ctrl Pts',(-38.5,14.5000000000001,51.8349528017616));
#8581=CARTESIAN_POINT('Ctrl Pts',(-38.5,14.5000000000001,51.9));
#8582=CARTESIAN_POINT('',(-38.5,5.32110342274505,51.9));
#8583=CARTESIAN_POINT('Origin',(-20.0730464322428,12.8576290882621,51.9));
#8584=CARTESIAN_POINT('',(-21.9737097280504,30.757,51.4));
#8585=CARTESIAN_POINT('Origin',(-20.0730464322428,12.8576290882621,51.4));
#8586=CARTESIAN_POINT('',(-22.,31.257,51.9));
#8587=CARTESIAN_POINT('Ctrl Pts',(-21.9737097280504,30.7569999999999,51.4));
#8588=CARTESIAN_POINT('Ctrl Pts',(-21.9737673011467,30.758087429816,51.4));
#8589=CARTESIAN_POINT('Ctrl Pts',(-21.9738248714881,30.7591748569075,51.4000035475108));
#8590=CARTESIAN_POINT('Ctrl Pts',(-21.9773957314599,30.8266267187972,51.4004436484289));
#8591=CARTESIAN_POINT('Ctrl Pts',(-21.9808598557136,30.8922529406916,51.4140854036219));
#8592=CARTESIAN_POINT('Ctrl Pts',(-21.9872268384072,31.0131671160021,51.4657015752989));
#8593=CARTESIAN_POINT('Ctrl Pts',(-21.9900790208785,31.0674829930237,51.5027078598291));
#8594=CARTESIAN_POINT('Ctrl Pts',(-21.9948676393932,31.1588224999492,51.595422570248));
#8595=CARTESIAN_POINT('Ctrl Pts',(-21.9967598438416,31.1949979221759,51.6502192097885));
#8596=CARTESIAN_POINT('Ctrl Pts',(-21.9993379134155,31.244315584771,51.7705777891492));
#8597=CARTESIAN_POINT('Ctrl Pts',(-22.0000000000001,31.257,51.8349755574829));
#8598=CARTESIAN_POINT('Ctrl Pts',(-22.0000000000001,31.257,51.9));
#8599=CARTESIAN_POINT('Origin',(-20.0730464322428,12.8576290882621,51.9));
#8600=CARTESIAN_POINT('Origin',(-11.,30.757,51.9));
#8601=CARTESIAN_POINT('',(22.0355,31.257,51.9));
#8602=CARTESIAN_POINT('',(-11.,31.257,51.9));
#8603=CARTESIAN_POINT('',(22.0087180156871,30.757,51.4));
#8604=CARTESIAN_POINT('',(-11.,30.757,51.4));
#8605=CARTESIAN_POINT('Ctrl Pts',(22.008718015687,30.7569999999998,51.4));
#8606=CARTESIAN_POINT('Ctrl Pts',(22.0087766043782,30.758086294201,51.4));
#8607=CARTESIAN_POINT('Ctrl Pts',(22.0088351902535,30.7591725856956,51.4000035401053));
#8608=CARTESIAN_POINT('Ctrl Pts',(22.0124731419947,30.8266300486914,51.400443217919));
#8609=CARTESIAN_POINT('Ctrl Pts',(22.016002427113,30.8922631550629,51.4140872517924));
#8610=CARTESIAN_POINT('Ctrl Pts',(22.0224887213383,31.0131816262476,51.4657102331644));
#8611=CARTESIAN_POINT('Ctrl Pts',(22.0253941810494,31.0674962652554,51.5027181496017));
#8612=CARTESIAN_POINT('Ctrl Pts',(22.0302720968867,31.15883086471,51.5954342393953));
#8613=CARTESIAN_POINT('Ctrl Pts',(22.0321995475044,31.1950036070032,51.6502296581393));
#8614=CARTESIAN_POINT('Ctrl Pts',(22.0348255958404,31.2443168089242,51.7705841999913));
#8615=CARTESIAN_POINT('Ctrl Pts',(22.0355,31.257,51.8349786838025));
#8616=CARTESIAN_POINT('Ctrl Pts',(22.0355,31.257,51.9));
#8617=CARTESIAN_POINT('Origin',(20.0727091602401,12.8614175922763,51.9));
#8618=CARTESIAN_POINT('Origin',(20.0727091602401,12.8614175922763,51.9));
#8619=CARTESIAN_POINT('',(38.,14.4776611217797,51.4));
#8620=CARTESIAN_POINT('Origin',(20.0727091602401,12.8614175922763,51.4));
#8621=CARTESIAN_POINT('Ctrl Pts',(38.0000000000005,14.4776611217797,51.4));
#8622=CARTESIAN_POINT('Ctrl Pts',(38.0010991165487,14.4777105672003,51.4));
#8623=CARTESIAN_POINT('Ctrl Pts',(38.002198230236,14.4777600102197,51.4000036241716));
#8624=CARTESIAN_POINT('Ctrl Pts',(38.0696087912303,14.4807922980565,51.4004481826432));
#8625=CARTESIAN_POINT('Ctrl Pts',(38.1351807868914,14.4837333321856,51.4140731088869));
#8626=CARTESIAN_POINT('Ctrl Pts',(38.2560602194434,14.4891418227825,51.465637814722));
#8627=CARTESIAN_POINT('Ctrl Pts',(38.3103852074488,14.4915657416067,51.5026320712562));
#8628=CARTESIAN_POINT('Ctrl Pts',(38.4017608635464,14.4956362663609,51.595336606077));
#8629=CARTESIAN_POINT('Ctrl Pts',(38.437956030791,14.4972449606147,51.6501422351208));
#8630=CARTESIAN_POINT('Ctrl Pts',(38.4873065636545,14.4994370211507,51.770530554618));
#8631=CARTESIAN_POINT('Ctrl Pts',(38.5,14.5,51.8349525235751));
#8632=CARTESIAN_POINT('Ctrl Pts',(38.5,14.5,51.9));
#8633=CARTESIAN_POINT('Origin',(38.,12.6359491411009,51.9));
#8634=CARTESIAN_POINT('',(38.,0.0183235027601591,51.4));
#8635=CARTESIAN_POINT('',(38.,12.6359491411009,51.4));
#8636=CARTESIAN_POINT('Ctrl Pts',(38.0000000000002,0.0183235027601472,51.4));
#8637=CARTESIAN_POINT('Ctrl Pts',(38.00121921756,0.0182782696409823,51.4));
#8638=CARTESIAN_POINT('Ctrl Pts',(38.0024384312201,0.0182330408165554,51.4000044594744));
#8639=CARTESIAN_POINT('Ctrl Pts',(38.0698120334423,0.0157339295275092,51.4004973262614));
#8640=CARTESIAN_POINT('Ctrl Pts',(38.1352210568141,0.013320301993426,51.4141060953935));
#8641=CARTESIAN_POINT('Ctrl Pts',(38.2559682285334,0.00888391080642669,
51.4655830455539));
#8642=CARTESIAN_POINT('Ctrl Pts',(38.3103007784314,0.00689752624407906,
51.5025666997698));
#8643=CARTESIAN_POINT('Ctrl Pts',(38.4017074513264,0.00356520762371233,
51.5952621795394));
#8644=CARTESIAN_POINT('Ctrl Pts',(38.4379196668285,0.00225041421232143,
51.6500754722864));
#8645=CARTESIAN_POINT('Ctrl Pts',(38.4872987183274,0.000459458828788531,
51.7704894999896));
#8646=CARTESIAN_POINT('Ctrl Pts',(38.5,-6.67603464027796E-14,51.8349325126027));
#8647=CARTESIAN_POINT('Ctrl Pts',(38.5,-6.7611720451912E-14,51.9));
#8648=CARTESIAN_POINT('Origin',(28.0274905412681,0.759306023135533,51.9));
#8649=CARTESIAN_POINT('',(28.7684730616434,-9.21320343559641,51.4));
#8650=CARTESIAN_POINT('Origin',(28.0274905412681,0.759306023135533,51.4));
#8651=CARTESIAN_POINT('Ctrl Pts',(28.7684730616434,-9.21320343559641,51.4));
#8652=CARTESIAN_POINT('Ctrl Pts',(28.7685182947626,-9.21442265315631,51.4));
#8653=CARTESIAN_POINT('Ctrl Pts',(28.768563523587,-9.21564186681649,51.4000044594744));
#8654=CARTESIAN_POINT('Ctrl Pts',(28.7710626348769,-9.28301546903881,51.4004973262614));
#8655=CARTESIAN_POINT('Ctrl Pts',(28.7734762624105,-9.34842449241053,51.4141060953935));
#8656=CARTESIAN_POINT('Ctrl Pts',(28.7779126535973,-9.46917166412973,51.4655830455539));
#8657=CARTESIAN_POINT('Ctrl Pts',(28.7798990381595,-9.52350421402779,51.5025666997698));
#8658=CARTESIAN_POINT('Ctrl Pts',(28.7832313567798,-9.61491088692283,51.5952621795394));
#8659=CARTESIAN_POINT('Ctrl Pts',(28.7845461501914,-9.65112310242494,51.6500754722864));
#8660=CARTESIAN_POINT('Ctrl Pts',(28.7863371055749,-9.70050215392373,51.7704894999895));
#8661=CARTESIAN_POINT('Ctrl Pts',(28.7867965644036,-9.71320343559641,51.8349325126026));
#8662=CARTESIAN_POINT('Ctrl Pts',(28.7867965644036,-9.71320343559641,51.9));
#8663=CARTESIAN_POINT('Origin',(14.3933982822018,-9.21320343559641,51.9));
#8664=CARTESIAN_POINT('',(14.3933982822018,-9.21320343559641,51.4));
#8665=CARTESIAN_POINT('Origin',(6.66133814775094E-15,10.7718982822018,51.4));
#8666=CARTESIAN_POINT('',(-22.0298290996818,29.257,51.4));
#8667=CARTESIAN_POINT('',(-36.5,14.5253030214078,51.4));
#8668=CARTESIAN_POINT('Origin',(-20.0830140415559,12.8722537056732,51.4));
#8669=CARTESIAN_POINT('',(22.0285924678558,29.257,51.4));
#8670=CARTESIAN_POINT('',(10.9993913423416,29.257,51.4));
#8671=CARTESIAN_POINT('',(36.5,14.5253053447842,51.4));
#8672=CARTESIAN_POINT('Origin',(20.0830292483486,12.8721050122712,51.4));
#8673=CARTESIAN_POINT('',(36.5,-0.0231767251222603,51.4));
#8674=CARTESIAN_POINT('',(36.5,5.3859491411009,51.4));
#8675=CARTESIAN_POINT('',(28.8099732895259,-7.71320343559641,51.4));
#8676=CARTESIAN_POINT('Origin',(28.0353684464647,0.75142811793893,51.4));
#8677=CARTESIAN_POINT('',(-28.8099732895258,-7.71320343559641,51.4));
#8678=CARTESIAN_POINT('',(-14.3933982822018,-7.71320343559641,51.4));
#8679=CARTESIAN_POINT('',(-36.5,-0.0231767251222043,51.4));
#8680=CARTESIAN_POINT('Origin',(-28.0353684464646,0.751428117938944,51.4));
#8681=CARTESIAN_POINT('',(-36.5,12.6359491411009,51.4));
#8682=CARTESIAN_POINT('Origin',(-20.0830140415559,12.8722537056732,51.9));
#8683=CARTESIAN_POINT('Ctrl Pts',(-36.5,14.5253030214078,51.4));
#8684=CARTESIAN_POINT('Ctrl Pts',(-36.498902772059,14.5252479200113,51.4));
#8685=CARTESIAN_POINT('Ctrl Pts',(-36.4978055472003,14.5251928160219,51.4000036117274));
#8686=CARTESIAN_POINT('Ctrl Pts',(-36.430362175161,14.5218055565027,51.4004476222105));
#8687=CARTESIAN_POINT('Ctrl Pts',(-36.3647559418438,14.5185001137021,51.4140858383993));
#8688=CARTESIAN_POINT('Ctrl Pts',(-36.2438551693771,14.5123921002145,51.4656879179346));
#8689=CARTESIAN_POINT('Ctrl Pts',(-36.1895360470069,14.5096393321596,51.5026929423713));
#8690=CARTESIAN_POINT('Ctrl Pts',(-36.0981885584123,14.5050015205305,51.5954069436909));
#8691=CARTESIAN_POINT('Ctrl Pts',(-36.0620092839369,14.5031598527352,51.6502058224059));
#8692=CARTESIAN_POINT('Ctrl Pts',(-36.0126858939405,14.5006473283748,51.7705699851081));
#8693=CARTESIAN_POINT('Ctrl Pts',(-36.,14.5000000000001,51.8349717054598));
#8694=CARTESIAN_POINT('Ctrl Pts',(-36.,14.5000000000001,51.9));
#8695=CARTESIAN_POINT('',(-22.,28.757,51.9));
#8696=CARTESIAN_POINT('Origin',(-20.0830140415559,12.8722537056732,51.9));
#8697=CARTESIAN_POINT('Ctrl Pts',(-22.0298290996818,29.257,51.4));
#8698=CARTESIAN_POINT('Ctrl Pts',(-22.0297648139061,29.2559141128661,51.4));
#8699=CARTESIAN_POINT('Ctrl Pts',(-22.0297005251168,29.2548282287585,51.4000035374526));
#8700=CARTESIAN_POINT('Ctrl Pts',(-22.0257041744464,29.1873303108254,51.4004433139509));
#8701=CARTESIAN_POINT('Ctrl Pts',(-22.0218035047341,29.1216571706609,51.4141037264054));
#8702=CARTESIAN_POINT('Ctrl Pts',(-22.0146003793329,29.0007141048402,51.4657719658814));
#8703=CARTESIAN_POINT('Ctrl Pts',(-22.0113558803348,28.9464065039214,51.5027933355379));
#8704=CARTESIAN_POINT('Ctrl Pts',(-22.0058912879312,28.8551065559954,51.5955212826858));
#8705=CARTESIAN_POINT('Ctrl Pts',(-22.003721745136,28.8189534361564,51.6503084302642));
#8706=CARTESIAN_POINT('Ctrl Pts',(-22.00076239998,28.7696738399102,51.7706330971071));
#8707=CARTESIAN_POINT('Ctrl Pts',(-22.0000000000001,28.757,51.8350024653434));
#8708=CARTESIAN_POINT('Ctrl Pts',(-22.0000000000001,28.757,51.9));
#8709=CARTESIAN_POINT('Origin',(-36.5,12.6359491411009,51.9));
#8710=CARTESIAN_POINT('Ctrl Pts',(-36.5,-0.0231767251222059,51.4));
#8711=CARTESIAN_POINT('Ctrl Pts',(-36.4987918348751,-0.0231215603192425,
51.4));
#8712=CARTESIAN_POINT('Ctrl Pts',(-36.497583673956,-0.0230663898187602,
51.4000043789889));
#8713=CARTESIAN_POINT('Ctrl Pts',(-36.4301630235299,-0.0199873058908173,
51.4004931185902));
#8714=CARTESIAN_POINT('Ctrl Pts',(-36.3646962136177,-0.0169790733403986,
51.4141210230715));
#8715=CARTESIAN_POINT('Ctrl Pts',(-36.2439106890323,-0.0113990917269541,
51.4656547041496));
#8716=CARTESIAN_POINT('Ctrl Pts',(-36.189586483054,-0.00887413906716466,
51.5026538128124));
#8717=CARTESIAN_POINT('Ctrl Pts',(-36.0982200979028,-0.00461191897379483,
51.595362897206));
#8718=CARTESIAN_POINT('Ctrl Pts',(-36.0620306337027,-0.00291491647798334,
51.6501665534055));
#8719=CARTESIAN_POINT('Ctrl Pts',(-36.0126904714662,-0.000597973505825612,
51.7705459985313));
#8720=CARTESIAN_POINT('Ctrl Pts',(-36.,3.43607757330323E-14,51.8349599947926));
#8721=CARTESIAN_POINT('Ctrl Pts',(-36.,3.50674350668712E-14,51.9));
#8722=CARTESIAN_POINT('Origin',(-28.0353684464646,0.751428117938944,51.9));
#8723=CARTESIAN_POINT('Ctrl Pts',(-28.8099732895258,-7.71320343559641,51.4));
#8724=CARTESIAN_POINT('Ctrl Pts',(-28.8099181247229,-7.71199527047149,51.4));
#8725=CARTESIAN_POINT('Ctrl Pts',(-28.8098629542223,-7.71078710955243,51.4000043789889));
#8726=CARTESIAN_POINT('Ctrl Pts',(-28.8067838702949,-7.64336645912646,51.4004931185902));
#8727=CARTESIAN_POINT('Ctrl Pts',(-28.803775637744,-7.57789964921414,51.4141210230715));
#8728=CARTESIAN_POINT('Ctrl Pts',(-28.7981956561305,-7.45711412462872,51.4656547041496));
#8729=CARTESIAN_POINT('Ctrl Pts',(-28.7956707034707,-7.40278991865042,51.5026538128124));
#8730=CARTESIAN_POINT('Ctrl Pts',(-28.7914084833774,-7.31142353349917,51.595362897206));
#8731=CARTESIAN_POINT('Ctrl Pts',(-28.7897114808815,-7.27523406929911,51.6501665534055));
#8732=CARTESIAN_POINT('Ctrl Pts',(-28.7873945379094,-7.22589390706264,51.7705459985313));
#8733=CARTESIAN_POINT('Ctrl Pts',(-28.7867965644036,-7.21320343559641,51.8349599947926));
#8734=CARTESIAN_POINT('Ctrl Pts',(-28.7867965644036,-7.21320343559641,51.9));
#8735=CARTESIAN_POINT('Origin',(-14.3933982822018,-7.71320343559641,51.9));
#8736=CARTESIAN_POINT('Ctrl Pts',(28.8099732895259,-7.71320343559641,51.4));
#8737=CARTESIAN_POINT('Ctrl Pts',(28.8099181247229,-7.71199527047149,51.4));
#8738=CARTESIAN_POINT('Ctrl Pts',(28.8098629542223,-7.71078710955244,51.4000043789889));
#8739=CARTESIAN_POINT('Ctrl Pts',(28.8067838702949,-7.64336645912644,51.4004931185902));
#8740=CARTESIAN_POINT('Ctrl Pts',(28.8037756377443,-7.57789964921412,51.4141210230714));
#8741=CARTESIAN_POINT('Ctrl Pts',(28.7981956561307,-7.45711412462869,51.4656547041496));
#8742=CARTESIAN_POINT('Ctrl Pts',(28.7956707034708,-7.40278991865041,51.5026538128124));
#8743=CARTESIAN_POINT('Ctrl Pts',(28.7914084833774,-7.31142353349918,51.595362897206));
#8744=CARTESIAN_POINT('Ctrl Pts',(28.7897114808815,-7.27523406929911,51.6501665534055));
#8745=CARTESIAN_POINT('Ctrl Pts',(28.7873945379094,-7.22589390706263,51.7705459985314));
#8746=CARTESIAN_POINT('Ctrl Pts',(28.7867965644036,-7.21320343559641,51.8349599947927));
#8747=CARTESIAN_POINT('Ctrl Pts',(28.7867965644036,-7.21320343559641,51.9));
#8748=CARTESIAN_POINT('Origin',(28.0353684464647,0.75142811793893,51.9));
#8749=CARTESIAN_POINT('Ctrl Pts',(36.5,-0.0231767251222604,51.4));
#8750=CARTESIAN_POINT('Ctrl Pts',(36.4987918348751,-0.0231215603192971,
51.4));
#8751=CARTESIAN_POINT('Ctrl Pts',(36.497583673956,-0.0230663898188193,51.4000043789889));
#8752=CARTESIAN_POINT('Ctrl Pts',(36.43016302353,-0.0199873058909437,51.4004931185902));
#8753=CARTESIAN_POINT('Ctrl Pts',(36.3646962136177,-0.0169790733404232,
51.4141210230715));
#8754=CARTESIAN_POINT('Ctrl Pts',(36.2439106890323,-0.0113990917270042,
51.4656547041496));
#8755=CARTESIAN_POINT('Ctrl Pts',(36.189586483054,-0.00887413906720924,
51.5026538128124));
#8756=CARTESIAN_POINT('Ctrl Pts',(36.0982200979028,-0.00461191897384542,
51.595362897206));
#8757=CARTESIAN_POINT('Ctrl Pts',(36.0620306337027,-0.00291491647800391,
51.6501665534055));
#8758=CARTESIAN_POINT('Ctrl Pts',(36.0126904714662,-0.000597973505863251,
51.7705459985313));
#8759=CARTESIAN_POINT('Ctrl Pts',(36.,-1.31330331601765E-16,51.8349599947926));
#8760=CARTESIAN_POINT('Ctrl Pts',(36.,-4.77048955893622E-16,51.9));
#8761=CARTESIAN_POINT('Origin',(36.5,5.3859491411009,51.9));
#8762=CARTESIAN_POINT('',(36.,14.5,51.9));
#8763=CARTESIAN_POINT('',(36.,5.3859491411009,51.9));
#8764=CARTESIAN_POINT('Ctrl Pts',(36.5,14.5253053447842,51.4));
#8765=CARTESIAN_POINT('Ctrl Pts',(36.4989027793054,14.5252502386923,51.4));
#8766=CARTESIAN_POINT('Ctrl Pts',(36.4978055616926,14.5251951300022,51.4000036116797));
#8767=CARTESIAN_POINT('Ctrl Pts',(36.4303621639129,14.5218075582574,51.4004476193999));
#8768=CARTESIAN_POINT('Ctrl Pts',(36.3647558970477,14.5185018101843,51.4140858460764));
#8769=CARTESIAN_POINT('Ctrl Pts',(36.2438551028684,14.5123932347402,51.4656879575457));
#8770=CARTESIAN_POINT('Ctrl Pts',(36.1895359859234,14.509640214188,51.5026929896929));
#8771=CARTESIAN_POINT('Ctrl Pts',(36.09818851974,14.5050019778283,51.5954069975976));
#8772=CARTESIAN_POINT('Ctrl Pts',(36.0620092575975,14.5031601415487,51.6502058707847));
#8773=CARTESIAN_POINT('Ctrl Pts',(36.0126858882552,14.500647387526,51.7705700148685));
#8774=CARTESIAN_POINT('Ctrl Pts',(36.,14.5,51.8349717199642));
#8775=CARTESIAN_POINT('Ctrl Pts',(36.,14.5,51.9));
#8776=CARTESIAN_POINT('Origin',(20.0830292483486,12.8721050122712,51.9));
#8777=CARTESIAN_POINT('',(21.9987826846832,28.757,51.9));
#8778=CARTESIAN_POINT('Origin',(20.0830292483486,12.8721050122712,51.9));
#8779=CARTESIAN_POINT('Ctrl Pts',(22.0285924678558,29.257,51.4));
#8780=CARTESIAN_POINT('Ctrl Pts',(22.0285282214197,29.2559140741957,51.4));
#8781=CARTESIAN_POINT('Ctrl Pts',(22.0284639719842,29.2548281514211,51.4000035377045));
#8782=CARTESIAN_POINT('Ctrl Pts',(22.0244702237787,29.1873304850184,51.4004433282252));
#8783=CARTESIAN_POINT('Ctrl Pts',(22.0205720976462,29.1216576391616,51.4141036384147));
#8784=CARTESIAN_POINT('Ctrl Pts',(22.0133736477491,29.0007147557255,51.4657715779235));
#8785=CARTESIAN_POINT('Ctrl Pts',(22.0101312467043,28.9464071015788,51.5027928722016));
#8786=CARTESIAN_POINT('Ctrl Pts',(22.0046701800722,28.8551069342659,51.5955207550996));
#8787=CARTESIAN_POINT('Ctrl Pts',(22.0025020350516,28.8189536937609,51.6503079568366));
#8788=CARTESIAN_POINT('Ctrl Pts',(21.999544594269,28.7696738955082,51.7706328059465));
#8789=CARTESIAN_POINT('Ctrl Pts',(21.9987826846832,28.757,51.8350023234319));
#8790=CARTESIAN_POINT('Ctrl Pts',(21.9987826846832,28.757,51.9));
#8791=CARTESIAN_POINT('Origin',(10.9993913423416,29.257,51.9));
#8792=CARTESIAN_POINT('',(10.9993913423416,28.757,51.9));
#8793=CARTESIAN_POINT('Origin',(36.,0.,53.));
#8794=CARTESIAN_POINT('',(36.,14.5,53.));
#8795=CARTESIAN_POINT('Origin',(20.0830292483486,12.8721050122712,53.));
#8796=CARTESIAN_POINT('',(21.9987826846832,28.757,53.));
#8797=CARTESIAN_POINT('Origin',(21.9987826846832,28.757,53.));
#8798=CARTESIAN_POINT('',(-22.,28.757,53.));
#8799=CARTESIAN_POINT('Origin',(-20.0830140415559,12.8722537056732,53.));
#8800=CARTESIAN_POINT('Origin',(-27.1856433387337,1.60121571411308,53.));
#8801=CARTESIAN_POINT('',(-28.7867965644036,-5.2132034355964,53.));
#8802=CARTESIAN_POINT('',(-34.,-0.000203435596399792,53.));
#8803=CARTESIAN_POINT('Origin',(-34.,14.4997965644036,53.));
#8804=CARTESIAN_POINT('',(-34.,14.4997965644036,53.));
#8805=CARTESIAN_POINT('Origin',(-20.1088978203136,12.7570171080436,53.));
#8806=CARTESIAN_POINT('',(-20.0870111822069,26.757,53.));
#8807=CARTESIAN_POINT('Origin',(22.0355,26.757,53.));
#8808=CARTESIAN_POINT('',(22.0355,26.757,53.));
#8809=CARTESIAN_POINT('Origin',(20.0925971265507,12.892472297105,53.));
#8810=CARTESIAN_POINT('',(34.,14.5,53.));
#8811=CARTESIAN_POINT('Origin',(34.,2.22044604925031E-14,53.));
#8812=CARTESIAN_POINT('',(34.,2.22044604925031E-14,53.));
#8813=CARTESIAN_POINT('Origin',(27.18559273955,1.60120382485364,53.));
#8814=CARTESIAN_POINT('',(28.7867965644036,-5.21320343559641,53.));
#8815=CARTESIAN_POINT('Origin',(-28.7867965644036,-5.2132034355964,53.));
#8816=CARTESIAN_POINT('Origin',(20.0727091602401,12.8614175922763,53.));
#8817=CARTESIAN_POINT('',(22.0355,31.257,53.));
#8818=CARTESIAN_POINT('Origin',(-22.,31.257,53.));
#8819=CARTESIAN_POINT('',(-22.,31.257,53.));
#8820=CARTESIAN_POINT('Origin',(-20.0730464322428,12.8576290882621,53.));
#8821=CARTESIAN_POINT('',(-38.5,14.5,53.));
#8822=CARTESIAN_POINT('Origin',(-38.5,-0.129691436711692,53.));
#8823=CARTESIAN_POINT('Origin',(-14.3933982822018,-6.31320343559642,43.1));
#8824=CARTESIAN_POINT('',(28.7867965644036,-13.2132034355964,43.1));
#8825=CARTESIAN_POINT('Ctrl Pts',(28.5661446203245,-6.31320343559623,50.));
#8826=CARTESIAN_POINT('Ctrl Pts',(28.5666804694417,-6.32713973406147,50.));
#8827=CARTESIAN_POINT('Ctrl Pts',(28.5672155284773,-6.34107603096693,49.9999577781704));
#8828=CARTESIAN_POINT('Ctrl Pts',(28.6028485698843,-7.27054441379286,49.9943258104994));
#8829=CARTESIAN_POINT('Ctrl Pts',(28.6342161413033,-8.17600937100051,49.8066113582379));
#8830=CARTESIAN_POINT('Ctrl Pts',(28.6888053478251,-9.84479695388868,49.0953870303865));
#8831=CARTESIAN_POINT('Ctrl Pts',(28.7116605747209,-10.5945458107782,48.5851884905701));
#8832=CARTESIAN_POINT('Ctrl Pts',(28.7489440509333,-11.8561874239123,47.3061794006869));
#8833=CARTESIAN_POINT('Ctrl Pts',(28.7630258929775,-12.356085665715,46.549701029887));
#8834=CARTESIAN_POINT('Ctrl Pts',(28.782040632146,-13.0378337531875,44.8877242310364));
#8835=CARTESIAN_POINT('Ctrl Pts',(28.7867965644035,-13.2132034355964,43.9981633584839));
#8836=CARTESIAN_POINT('Ctrl Pts',(28.7867965644035,-13.2132034355964,43.1));
#8837=CARTESIAN_POINT('',(-28.7867965644036,-13.2132034355964,43.1));
#8838=CARTESIAN_POINT('',(-14.3933982822018,-13.2132034355964,43.1));
#8839=CARTESIAN_POINT('Ctrl Pts',(-37.9204571369253,-9.13366057783077,49.3972233173693));
#8840=CARTESIAN_POINT('Ctrl Pts',(-37.8183563737984,-9.23576134090291,49.3514935072734));
#8841=CARTESIAN_POINT('Ctrl Pts',(-37.7149448443632,-9.33601201391407,49.3036100160794));
#8842=CARTESIAN_POINT('Ctrl Pts',(-36.6465145826925,-10.3404690812575,48.7941613580134));
#8843=CARTESIAN_POINT('Ctrl Pts',(-35.5789724519812,-11.0745388121154,48.1636967404865));
#8844=CARTESIAN_POINT('Ctrl Pts',(-33.9282250427353,-11.947209926369,47.1178627148638));
#8845=CARTESIAN_POINT('Ctrl Pts',(-33.2185232208394,-12.2556648053475,46.6491161697808));
#8846=CARTESIAN_POINT('Ctrl Pts',(-31.7828338684576,-12.7405492744542,45.6687159316956));
#8847=CARTESIAN_POINT('Ctrl Pts',(-31.0558233051415,-12.9175675288357,45.1588526719476));
#8848=CARTESIAN_POINT('Ctrl Pts',(-30.0682543516525,-13.0876997087375,44.4334224079437));
#8849=CARTESIAN_POINT('Ctrl Pts',(-29.7174868299056,-13.1343140982872,44.1712755710463));
#8850=CARTESIAN_POINT('Ctrl Pts',(-29.2639835391882,-13.1797017777867,43.7910112234727));
#8851=CARTESIAN_POINT('Ctrl Pts',(-29.1275098840454,-13.1908377972681,43.6692507302483));
#8852=CARTESIAN_POINT('Ctrl Pts',(-28.9562193255685,-13.2030077853749,43.4802635960417));
#8853=CARTESIAN_POINT('Ctrl Pts',(-28.9055518602256,-13.2062532288475,43.417393456958));
#8854=CARTESIAN_POINT('Ctrl Pts',(-28.8432588811614,-13.2100112697351,43.3127437387862));
#8855=CARTESIAN_POINT('Ctrl Pts',(-28.8249373287092,-13.211068810061,43.2762909020222));
#8856=CARTESIAN_POINT('Ctrl Pts',(-28.7968197215516,-13.2126578106494,43.1956791874562));
#8857=CARTESIAN_POINT('Ctrl Pts',(-28.7867965644036,-13.2132034355964,43.1515999831359));
#8858=CARTESIAN_POINT('Ctrl Pts',(-28.7867965644036,-13.2132034355964,43.1));
#8859=CARTESIAN_POINT('Origin',(20.0622884468475,12.8456687723793,43.1));
#8860=CARTESIAN_POINT('',(22.0355,34.757,43.1));
#8861=CARTESIAN_POINT('',(42.,14.5,43.1));
#8862=CARTESIAN_POINT('Origin',(20.0622884468475,12.8456687723793,43.1));
#8863=CARTESIAN_POINT('Ctrl Pts',(35.0999999999978,14.2157896590841,50.));
#8864=CARTESIAN_POINT('Ctrl Pts',(35.1091371287828,14.2162050513069,50.));
#8865=CARTESIAN_POINT('Ctrl Pts',(35.1182742571405,14.2166202546112,49.9999818506257));
#8866=CARTESIAN_POINT('Ctrl Pts',(36.0482867647403,14.2588620875262,49.9962872010716));
#8867=CARTESIAN_POINT('Ctrl Pts',(36.9593076087402,14.298292571651,49.8083136656583));
#8868=CARTESIAN_POINT('Ctrl Pts',(38.6328360867885,14.3683430725203,49.0946510411297));
#8869=CARTESIAN_POINT('Ctrl Pts',(39.3825029167349,14.3985217664115,48.5842949944714));
#8870=CARTESIAN_POINT('Ctrl Pts',(40.6437299916697,14.4483138566184,47.3051398322345));
#8871=CARTESIAN_POINT('Ctrl Pts',(41.1433900969664,14.4674784266942,46.5487693886301));
#8872=CARTESIAN_POINT('Ctrl Pts',(41.8247399335199,14.4934390500653,44.8871503601057));
#8873=CARTESIAN_POINT('Ctrl Pts',(42.,14.4999999999999,43.9978833773793));
#8874=CARTESIAN_POINT('Ctrl Pts',(42.,14.4999999999999,43.1));
#8875=CARTESIAN_POINT('Ctrl Pts',(21.6962819519325,27.8569999999997,50.));
#8876=CARTESIAN_POINT('Ctrl Pts',(21.6967393744309,27.8654294094917,50.));
#8877=CARTESIAN_POINT('Ctrl Pts',(21.697196605025,27.8738588224865,49.9999845532727));
#8878=CARTESIAN_POINT('Ctrl Pts',(21.7476483629678,28.8043673431577,49.9965742575992));
#8879=CARTESIAN_POINT('Ctrl Pts',(21.794777918063,29.7166650214474,49.8083949119662));
#8880=CARTESIAN_POINT('Ctrl Pts',(21.8784301928092,31.3911255777213,49.0938732551798));
#8881=CARTESIAN_POINT('Ctrl Pts',(21.9144410450325,32.1406463486642,48.5834039161619));
#8882=CARTESIAN_POINT('Ctrl Pts',(21.9738456841641,33.4014265250401,47.3041646365122));
#8883=CARTESIAN_POINT('Ctrl Pts',(21.9967075740694,33.900856875212,46.547908501465));
#8884=CARTESIAN_POINT('Ctrl Pts',(22.0276741088509,34.5818388387582,44.8866315879362));
#8885=CARTESIAN_POINT('Ctrl Pts',(22.0355,34.757,43.9976295750798));
#8886=CARTESIAN_POINT('Ctrl Pts',(22.0355,34.757,43.1));
#8887=CARTESIAN_POINT('Origin',(11.01775,27.857,43.1));
#8888=CARTESIAN_POINT('',(-22.0355,34.757,43.1));
#8889=CARTESIAN_POINT('',(11.01775,34.757,43.1));
#8890=CARTESIAN_POINT('Ctrl Pts',(-21.6962819519327,27.8570000000002,50.));
#8891=CARTESIAN_POINT('Ctrl Pts',(-21.6967393744311,27.8654294094919,50.));
#8892=CARTESIAN_POINT('Ctrl Pts',(-21.6971966050252,27.8738588224869,49.9999845532727));
#8893=CARTESIAN_POINT('Ctrl Pts',(-21.7476483629683,28.8043673431513,49.9965742575992));
#8894=CARTESIAN_POINT('Ctrl Pts',(-21.794777918063,29.7166650214463,49.8083949119667));
#8895=CARTESIAN_POINT('Ctrl Pts',(-21.8784301928094,31.3911255777212,49.0938732551799));
#8896=CARTESIAN_POINT('Ctrl Pts',(-21.9144410450328,32.1406463486642,48.5834039161619));
#8897=CARTESIAN_POINT('Ctrl Pts',(-21.9738456841644,33.4014265250401,47.3041646365122));
#8898=CARTESIAN_POINT('Ctrl Pts',(-21.9967075740696,33.900856875212,46.547908501465));
#8899=CARTESIAN_POINT('Ctrl Pts',(-22.0276741088511,34.5818388387582,44.8866315879362));
#8900=CARTESIAN_POINT('Ctrl Pts',(-22.0355000000002,34.757,43.9976295750798));
#8901=CARTESIAN_POINT('Ctrl Pts',(-22.0355000000002,34.757,43.1));
#8902=CARTESIAN_POINT('Origin',(35.1,5.3859491411009,43.1));
#8903=CARTESIAN_POINT('',(42.,1.33226762955019E-14,43.1));
#8904=CARTESIAN_POINT('',(42.,5.3859491411009,43.1));
#8905=CARTESIAN_POINT('Ctrl Pts',(35.1000000000008,0.220651944079148,50.));
#8906=CARTESIAN_POINT('Ctrl Pts',(35.1139362984612,0.220116094962136,50.));
#8907=CARTESIAN_POINT('Ctrl Pts',(35.1278725953568,0.219581035926848,49.9999577781704));
#8908=CARTESIAN_POINT('Ctrl Pts',(36.0573409784957,0.183947994509281,49.9943258105001));
#8909=CARTESIAN_POINT('Ctrl Pts',(36.9628059354551,0.152580423098725,49.8066113582162));
#8910=CARTESIAN_POINT('Ctrl Pts',(38.6315935182925,0.0979912165786326,49.0953870303865));
#8911=CARTESIAN_POINT('Ctrl Pts',(39.3813423751819,0.0751359896828221,48.5851884905701));
#8912=CARTESIAN_POINT('Ctrl Pts',(40.642983988316,0.0378525134704397,47.3061794006869));
#8913=CARTESIAN_POINT('Ctrl Pts',(41.1428822301186,0.0237706714261253,46.5497010298869));
#8914=CARTESIAN_POINT('Ctrl Pts',(41.8246303175911,0.00475593225766725,
44.8877242310364));
#8915=CARTESIAN_POINT('Ctrl Pts',(42.,1.6158728766808E-13,43.9981633584839));
#8916=CARTESIAN_POINT('Ctrl Pts',(42.,1.61828016265186E-13,43.1));
#8917=CARTESIAN_POINT('Origin',(-20.0622884468475,12.8456687723793,43.1));
#8918=CARTESIAN_POINT('Origin',(-20.0622884468475,12.8456687723793,43.1));
#8919=CARTESIAN_POINT('Origin',(28.0209622029682,0.76583436143542,43.1));
#8920=CARTESIAN_POINT('Origin',(28.0209622029682,0.76583436143542,43.1));
#8921=CARTESIAN_POINT('Origin',(-28.7867965644036,-13.2132034355964,60.));
#8922=CARTESIAN_POINT('',(28.7867965644036,-13.2132034355964,32.));
#8923=CARTESIAN_POINT('',(28.7867965644036,-13.2132034355964,60.));
#8924=CARTESIAN_POINT('',(-28.7867965644036,-13.2132034355964,32.));
#8925=CARTESIAN_POINT('',(-28.7867965644036,-13.2132034355964,32.));
#8926=CARTESIAN_POINT('',(-28.7867965644036,-13.2132034355964,35.));
#8927=CARTESIAN_POINT('',(-28.7867965644036,-13.2132034355964,35.));
#8928=CARTESIAN_POINT('',(-28.7867965644036,-13.2132034355964,60.));
#8929=CARTESIAN_POINT('Origin',(28.0209622029682,0.76583436143542,60.));
#8930=CARTESIAN_POINT('',(42.,1.77635683940025E-14,32.));
#8931=CARTESIAN_POINT('',(42.,1.33226762955019E-14,60.));
#8932=CARTESIAN_POINT('Origin',(28.0209622029682,0.76583436143542,32.));
#8933=CARTESIAN_POINT('Origin',(42.,1.33226762955019E-14,60.));
#8934=CARTESIAN_POINT('',(42.,14.5,32.));
#8935=CARTESIAN_POINT('',(42.,14.5,60.));
#8936=CARTESIAN_POINT('',(42.,1.77635683940025E-14,32.));
#8937=CARTESIAN_POINT('Origin',(20.0622884468475,12.8456687723793,60.));
#8938=CARTESIAN_POINT('',(22.0355,34.757,32.));
#8939=CARTESIAN_POINT('',(22.0355,34.757,60.));
#8940=CARTESIAN_POINT('Origin',(20.0622884468475,12.8456687723793,32.));
#8941=CARTESIAN_POINT('Origin',(-42.,14.4999999999998,60.));
#8942=CARTESIAN_POINT('',(-42.,14.4999999999998,60.));
#8943=CARTESIAN_POINT('',(-42.,14.4999999999998,60.));
#8944=CARTESIAN_POINT('',(-42.,-4.44089209850063E-15,60.));
#8945=CARTESIAN_POINT('',(-42.,-4.44089209850063E-15,60.));
#8946=CARTESIAN_POINT('',(-42.,-4.44089209850063E-15,60.));
#8947=CARTESIAN_POINT('Origin',(-28.0209622029682,0.765834361435425,60.));
#8948=CARTESIAN_POINT('',(-28.7867965644036,-13.2132034355964,60.));
#8949=CARTESIAN_POINT('Origin',(-28.0209622029682,0.765834361435425,60.));
#8950=CARTESIAN_POINT('',(-28.7867965644036,-13.2132034355964,60.));
#8951=CARTESIAN_POINT('Origin',(-28.0209622029682,0.765834361435425,60.));
#8952=CARTESIAN_POINT('',(-42.,-4.44089209850063E-15,35.));
#8953=CARTESIAN_POINT('Origin',(-28.0209622029682,0.765834361435425,35.));
#8954=CARTESIAN_POINT('',(-42.,-4.44089209850063E-15,60.));
#8955=CARTESIAN_POINT('Origin',(-20.0622884468475,12.8456687723793,60.));
#8956=CARTESIAN_POINT('',(-22.0355,34.757,60.));
#8957=CARTESIAN_POINT('',(-22.0355,34.757,60.));
#8958=CARTESIAN_POINT('Origin',(-20.0622884468475,12.8456687723793,60.));
#8959=CARTESIAN_POINT('Origin',(22.0355,34.757,60.));
#8960=CARTESIAN_POINT('',(22.0355,34.757,60.));
#8961=CARTESIAN_POINT('',(22.0355,34.757,60.));
#8962=CARTESIAN_POINT('',(-22.0355,34.757,60.));
#8963=CARTESIAN_POINT('Origin',(20.0622884468475,12.8456687723793,60.));
#8964=CARTESIAN_POINT('',(42.,14.5,60.));
#8965=CARTESIAN_POINT('',(42.,14.5,60.));
#8966=CARTESIAN_POINT('Origin',(20.0622884468475,12.8456687723793,60.));
#8967=CARTESIAN_POINT('Origin',(48.,5.23936584972032,60.));
#8968=CARTESIAN_POINT('',(44.,5.23936584972032,60.));
#8969=CARTESIAN_POINT('',(48.,5.23936584972032,60.));
#8970=CARTESIAN_POINT('',(44.,5.23936584972032,60.));
#8971=CARTESIAN_POINT('',(44.,5.23936584972032,35.));
#8972=CARTESIAN_POINT('',(44.,5.23936584972032,60.));
#8973=CARTESIAN_POINT('',(48.,5.23936584972032,35.));
#8974=CARTESIAN_POINT('',(6.491125,5.23936584972032,35.));
#8975=CARTESIAN_POINT('',(48.,5.23936584972032,35.));
#8976=CARTESIAN_POINT('Origin',(44.,9.23936584972032,60.));
#8977=CARTESIAN_POINT('',(48.,9.23936584972032,60.));
#8978=CARTESIAN_POINT('',(44.,9.23936584972032,60.));
#8979=CARTESIAN_POINT('',(48.,9.23936584972032,60.));
#8980=CARTESIAN_POINT('',(48.,9.23936584972032,35.));
#8981=CARTESIAN_POINT('',(48.,9.23936584972032,35.));
#8982=CARTESIAN_POINT('',(44.,9.23936584972032,35.));
#8983=CARTESIAN_POINT('',(4.491125,9.23936584972032,35.));
#8984=CARTESIAN_POINT('',(44.,9.23936584972032,60.));
#8985=CARTESIAN_POINT('Origin',(2.,-15.2132034355964,60.));
#8986=CARTESIAN_POINT('',(2.,-19.2132034355964,60.));
#8987=CARTESIAN_POINT('',(2.,-15.2132034355964,60.));
#8988=CARTESIAN_POINT('',(2.,-19.2132034355964,60.));
#8989=CARTESIAN_POINT('',(2.,-19.2132034355964,35.));
#8990=CARTESIAN_POINT('',(2.,-19.2132034355964,35.));
#8991=CARTESIAN_POINT('',(2.,-15.2132034355964,35.));
#8992=CARTESIAN_POINT('',(2.,-2.22065257669731,35.));
#8993=CARTESIAN_POINT('',(2.,-15.2132034355964,60.));
#8994=CARTESIAN_POINT('Origin',(-2.00000000000001,-19.2132034355964,60.));
#8995=CARTESIAN_POINT('',(-2.00000000000001,-15.2132034355964,60.));
#8996=CARTESIAN_POINT('',(-2.00000000000001,-19.2132034355964,60.));
#8997=CARTESIAN_POINT('',(-2.00000000000001,-15.2132034355964,60.));
#8998=CARTESIAN_POINT('',(-2.00000000000001,-15.2132034355964,35.));
#8999=CARTESIAN_POINT('',(-2.00000000000001,-15.2132034355964,60.));
#9000=CARTESIAN_POINT('',(-2.00000000000001,-19.2132034355964,35.));
#9001=CARTESIAN_POINT('',(-2.,-4.22065257669731,35.));
#9002=CARTESIAN_POINT('',(-2.00000000000001,-19.2132034355964,35.));
#9003=CARTESIAN_POINT('Origin',(2.00000000000001,40.757,60.));
#9004=CARTESIAN_POINT('',(2.00000000000001,36.757,60.));
#9005=CARTESIAN_POINT('',(2.00000000000001,40.757,60.));
#9006=CARTESIAN_POINT('',(2.00000000000001,36.757,60.));
#9007=CARTESIAN_POINT('',(2.00000000000001,36.757,35.));
#9008=CARTESIAN_POINT('',(2.00000000000001,36.7570000000001,60.));
#9009=CARTESIAN_POINT('',(2.00000000000001,40.757,35.));
#9010=CARTESIAN_POINT('',(2.00000000000001,25.7644491411009,35.));
#9011=CARTESIAN_POINT('',(2.00000000000001,40.757,35.));
#9012=CARTESIAN_POINT('Origin',(-1.99999999999999,36.757,60.));
#9013=CARTESIAN_POINT('',(-1.99999999999999,40.757,60.));
#9014=CARTESIAN_POINT('',(-1.99999999999999,36.757,60.));
#9015=CARTESIAN_POINT('',(-1.99999999999999,40.757,60.));
#9016=CARTESIAN_POINT('',(-1.99999999999999,40.757,35.));
#9017=CARTESIAN_POINT('',(-1.99999999999999,40.757,35.));
#9018=CARTESIAN_POINT('',(-1.99999999999999,36.757,35.));
#9019=CARTESIAN_POINT('',(-1.99999999999999,23.7644491411009,35.));
#9020=CARTESIAN_POINT('',(-1.99999999999999,36.757,60.));
#9021=CARTESIAN_POINT('Origin',(-48.,9.24999999999979,60.));
#9022=CARTESIAN_POINT('',(-44.,9.24999999999979,60.));
#9023=CARTESIAN_POINT('',(-48.,9.24999999999979,60.));
#9024=CARTESIAN_POINT('',(-44.,9.24999999999979,60.));
#9025=CARTESIAN_POINT('',(-44.,9.24999999999979,35.));
#9026=CARTESIAN_POINT('',(-44.,9.24999999999979,60.));
#9027=CARTESIAN_POINT('',(-48.,9.24999999999979,35.));
#9028=CARTESIAN_POINT('',(-41.508875,9.24999999999979,35.));
#9029=CARTESIAN_POINT('',(-48.,9.24999999999979,35.));
#9030=CARTESIAN_POINT('Origin',(-44.,5.24999999999979,60.));
#9031=CARTESIAN_POINT('',(-48.,5.24999999999979,60.));
#9032=CARTESIAN_POINT('',(-44.,5.24999999999979,60.));
#9033=CARTESIAN_POINT('',(-48.,5.24999999999979,60.));
#9034=CARTESIAN_POINT('',(-48.,5.24999999999979,35.));
#9035=CARTESIAN_POINT('',(-48.,5.24999999999979,35.));
#9036=CARTESIAN_POINT('',(-44.,5.24999999999979,35.));
#9037=CARTESIAN_POINT('',(-39.508875,5.24999999999979,35.));
#9038=CARTESIAN_POINT('',(-44.,5.24999999999979,60.));
#9039=CARTESIAN_POINT('Origin',(44.,14.5,60.));
#9040=CARTESIAN_POINT('',(44.,1.33226762955019E-14,60.));
#9041=CARTESIAN_POINT('',(44.,1.33226762955019E-14,60.));
#9042=CARTESIAN_POINT('',(44.,1.33226762955019E-14,35.));
#9043=CARTESIAN_POINT('',(44.,1.33226762955019E-14,60.));
#9044=CARTESIAN_POINT('',(44.,1.33226762955019E-14,35.));
#9045=CARTESIAN_POINT('Origin',(44.,14.5,60.));
#9046=CARTESIAN_POINT('',(44.,14.5,35.));
#9047=CARTESIAN_POINT('',(44.,1.33226762955019E-14,35.));
#9048=CARTESIAN_POINT('',(44.,14.5,60.));
#9049=CARTESIAN_POINT('',(44.,14.5,60.));
#9050=CARTESIAN_POINT('',(44.,1.33226762955019E-14,60.));
#9051=CARTESIAN_POINT('Origin',(48.,14.5,10.));
#9052=CARTESIAN_POINT('',(48.,1.77635683940025E-14,35.));
#9053=CARTESIAN_POINT('',(48.,12.6359491411009,35.));
#9054=CARTESIAN_POINT('',(48.,8.88178419700125E-15,60.));
#9055=CARTESIAN_POINT('',(48.,8.88178419700125E-15,10.));
#9056=CARTESIAN_POINT('',(48.,14.5,60.));
#9057=CARTESIAN_POINT('Origin',(48.,14.5,10.));
#9058=CARTESIAN_POINT('',(48.,14.5,60.));
#9059=CARTESIAN_POINT('',(48.,14.5,60.));
#9060=CARTESIAN_POINT('',(48.,14.5,35.));
#9061=CARTESIAN_POINT('',(48.,14.5,10.));
#9062=CARTESIAN_POINT('',(48.,12.6359491411009,35.));
#9063=CARTESIAN_POINT('Origin',(28.7867965644036,-15.2132034355964,60.));
#9064=CARTESIAN_POINT('',(-28.7867965644036,-15.2132034355964,60.));
#9065=CARTESIAN_POINT('',(-28.7867965644036,-15.2132034355964,60.));
#9066=CARTESIAN_POINT('',(-28.7867965644036,-15.2132034355964,35.));
#9067=CARTESIAN_POINT('',(-28.7867965644036,-15.2132034355964,60.));
#9068=CARTESIAN_POINT('',(-28.7867965644036,-15.2132034355964,35.));
#9069=CARTESIAN_POINT('Origin',(28.7867965644036,-15.2132034355964,60.));
#9070=CARTESIAN_POINT('',(28.7867965644036,-15.2132034355964,35.));
#9071=CARTESIAN_POINT('',(-28.7867965644036,-15.2132034355964,35.));
#9072=CARTESIAN_POINT('',(28.7867965644036,-15.2132034355964,60.));
#9073=CARTESIAN_POINT('',(28.7867965644036,-15.2132034355964,60.));
#9074=CARTESIAN_POINT('',(-28.7867965644036,-15.2132034355964,60.));
#9075=CARTESIAN_POINT('Origin',(28.7867965644036,-19.2132034355964,10.));
#9076=CARTESIAN_POINT('',(-28.7867965644036,-19.2132034355964,35.));
#9077=CARTESIAN_POINT('',(19.1966991411009,-19.2132034355964,35.));
#9078=CARTESIAN_POINT('',(-28.7867965644036,-19.2132034355964,60.));
#9079=CARTESIAN_POINT('',(-28.7867965644036,-19.2132034355964,10.));
#9080=CARTESIAN_POINT('',(28.7867965644036,-19.2132034355964,60.));
#9081=CARTESIAN_POINT('Origin',(28.7867965644036,-19.2132034355964,10.));
#9082=CARTESIAN_POINT('',(28.7867965644036,-19.2132034355964,60.));
#9083=CARTESIAN_POINT('',(28.7867965644036,-19.2132034355964,60.));
#9084=CARTESIAN_POINT('',(28.7867965644036,-19.2132034355964,35.));
#9085=CARTESIAN_POINT('',(28.7867965644036,-19.2132034355964,10.));
#9086=CARTESIAN_POINT('',(19.1966991411009,-19.2132034355964,35.));
#9087=CARTESIAN_POINT('Origin',(-22.0355,36.757,60.));
#9088=CARTESIAN_POINT('',(22.0355,36.7570000000001,60.));
#9089=CARTESIAN_POINT('',(22.0355,36.7570000000001,60.));
#9090=CARTESIAN_POINT('',(22.0355,36.7570000000001,35.));
#9091=CARTESIAN_POINT('',(22.0355,36.7570000000001,60.));
#9092=CARTESIAN_POINT('',(22.0355,36.7570000000001,35.));
#9093=CARTESIAN_POINT('Origin',(-22.0355,36.757,60.));
#9094=CARTESIAN_POINT('',(-22.0355,36.757,35.));
#9095=CARTESIAN_POINT('',(22.0355,36.7570000000001,35.));
#9096=CARTESIAN_POINT('',(-22.0355,36.757,60.));
#9097=CARTESIAN_POINT('',(-22.0355,36.757,60.));
#9098=CARTESIAN_POINT('',(22.0355,36.7570000000001,60.));
#9099=CARTESIAN_POINT('Origin',(-22.0355,40.757,10.));
#9100=CARTESIAN_POINT('',(22.0355,40.757,35.));
#9101=CARTESIAN_POINT('',(-6.21444914110089,40.757,35.));
#9102=CARTESIAN_POINT('',(22.0355,40.757,60.));
#9103=CARTESIAN_POINT('',(22.0355,40.757,10.));
#9104=CARTESIAN_POINT('',(-22.0355,40.757,60.));
#9105=CARTESIAN_POINT('Origin',(-22.0355,40.757,10.));
#9106=CARTESIAN_POINT('',(-22.0355,40.757,60.));
#9107=CARTESIAN_POINT('',(-22.0355,40.757,60.));
#9108=CARTESIAN_POINT('',(-22.0355,40.757,35.));
#9109=CARTESIAN_POINT('',(-22.0355,40.757,10.));
#9110=CARTESIAN_POINT('',(-6.21444914110089,40.757,35.));
#9111=CARTESIAN_POINT('Origin',(-44.,-4.44089209850063E-15,60.));
#9112=CARTESIAN_POINT('',(-44.,14.4999999999998,60.));
#9113=CARTESIAN_POINT('',(-44.,14.4999999999998,60.));
#9114=CARTESIAN_POINT('',(-44.,14.4999999999998,35.));
#9115=CARTESIAN_POINT('',(-44.,14.4999999999998,60.));
#9116=CARTESIAN_POINT('',(-44.,14.4999999999998,35.));
#9117=CARTESIAN_POINT('Origin',(-44.,-4.44089209850063E-15,60.));
#9118=CARTESIAN_POINT('',(-44.,-4.44089209850063E-15,35.));
#9119=CARTESIAN_POINT('',(-44.,14.4999999999998,35.));
#9120=CARTESIAN_POINT('',(-44.,-4.44089209850063E-15,60.));
#9121=CARTESIAN_POINT('',(-44.,-4.44089209850063E-15,60.));
#9122=CARTESIAN_POINT('',(-44.,14.4999999999998,60.));
#9123=CARTESIAN_POINT('Origin',(-48.,-4.44089209850063E-15,10.));
#9124=CARTESIAN_POINT('',(-48.,14.4999999999998,35.));
#9125=CARTESIAN_POINT('',(-48.,5.3859491411009,35.));
#9126=CARTESIAN_POINT('',(-48.,14.4999999999998,60.));
#9127=CARTESIAN_POINT('',(-48.,14.4999999999998,10.));
#9128=CARTESIAN_POINT('',(-48.,-4.44089209850063E-15,60.));
#9129=CARTESIAN_POINT('Origin',(-35.01775,10.7718982822018,35.));
#9130=CARTESIAN_POINT('Origin',(-20.0499965025507,12.8274855777689,35.));
#9131=CARTESIAN_POINT('Origin',(-20.0575712767153,12.8386430755454,35.));
#9132=CARTESIAN_POINT('Origin',(-35.01775,10.7718982822018,35.));
#9133=CARTESIAN_POINT('Origin',(-28.01845886112,0.768337703283559,35.));
#9134=CARTESIAN_POINT('',(-48.,-4.44089209850063E-15,35.));
#9135=CARTESIAN_POINT('',(-48.,5.3859491411009,35.));
#9136=CARTESIAN_POINT('Origin',(-28.0149011156754,0.771895448728208,35.));
#9137=CARTESIAN_POINT('Origin',(-35.01775,10.7718982822018,35.));
#9138=CARTESIAN_POINT('Origin',(28.01845886112,0.768337703283568,35.));
#9139=CARTESIAN_POINT('Origin',(28.0149011156754,0.771895448728177,35.));
#9140=CARTESIAN_POINT('Origin',(-35.01775,10.7718982822018,35.));
#9141=CARTESIAN_POINT('Origin',(20.0499965025507,12.8274855777689,35.));
#9142=CARTESIAN_POINT('Origin',(20.0575712767154,12.8386430755455,35.));
#9143=CARTESIAN_POINT('Origin',(20.0499965025507,12.8274855777689,10.));
#9144=CARTESIAN_POINT('Origin',(20.0499965025507,12.8274855777689,60.));
#9145=CARTESIAN_POINT('Origin',(-22.0355,40.757,10.));
#9146=CARTESIAN_POINT('',(22.0355,40.757,32.));
#9147=CARTESIAN_POINT('',(-22.0355,40.757,32.));
#9148=CARTESIAN_POINT('',(-6.21444914110089,40.757,32.));
#9149=CARTESIAN_POINT('',(-22.0355,40.757,10.));
#9150=CARTESIAN_POINT('',(-22.0355,40.757,10.));
#9151=CARTESIAN_POINT('',(22.0355,40.757,10.));
#9152=CARTESIAN_POINT('',(-22.0355,40.757,10.));
#9153=CARTESIAN_POINT('',(22.0355,40.757,10.));
#9154=CARTESIAN_POINT('Origin',(28.0149011156754,0.771895448728177,10.));
#9155=CARTESIAN_POINT('Origin',(28.0149011156754,0.771895448728177,60.));
#9156=CARTESIAN_POINT('Origin',(-28.0376551342787,0.76673887893659,35.));
#9157=CARTESIAN_POINT('',(-42.,-0.259382873423171,35.));
#9158=CARTESIAN_POINT('Origin',(-28.0376551342787,0.76673887893659,35.));
#9159=CARTESIAN_POINT('',(-42.,-0.259382873423171,32.));
#9160=CARTESIAN_POINT('Origin',(-28.0376551342787,0.76673887893659,32.));
#9161=CARTESIAN_POINT('',(-42.,-0.259382873423171,35.));
#9162=CARTESIAN_POINT('Origin',(-35.01775,10.7718982822018,32.));
#9163=CARTESIAN_POINT('',(48.,14.5,32.));
#9164=CARTESIAN_POINT('Origin',(20.0499965025507,12.8274855777689,32.));
#9165=CARTESIAN_POINT('',(48.,1.33226762955019E-14,32.));
#9166=CARTESIAN_POINT('',(48.,12.6359491411009,32.));
#9167=CARTESIAN_POINT('',(28.7867965644036,-19.2132034355964,32.));
#9168=CARTESIAN_POINT('Origin',(28.0149011156754,0.771895448728177,32.));
#9169=CARTESIAN_POINT('',(-28.7867965644036,-19.2132034355964,32.));
#9170=CARTESIAN_POINT('',(19.1966991411009,-19.2132034355964,32.));
#9171=CARTESIAN_POINT('',(-48.,-4.44089209850063E-15,32.));
#9172=CARTESIAN_POINT('Origin',(-28.0149011156754,0.771895448728208,32.));
#9173=CARTESIAN_POINT('',(-48.,14.4999999999998,32.));
#9174=CARTESIAN_POINT('',(-48.,5.3859491411009,32.));
#9175=CARTESIAN_POINT('Origin',(-20.0499965025507,12.8274855777689,32.));
#9176=CARTESIAN_POINT('',(-22.0355,34.757,32.));
#9177=CARTESIAN_POINT('',(-42.,14.4999999999998,32.));
#9178=CARTESIAN_POINT('Origin',(-20.0622884468475,12.8456687723793,32.));
#9179=CARTESIAN_POINT('',(-42.,14.4999999999998,32.));
#9180=CARTESIAN_POINT('',(22.0355,34.757,32.));
#9181=CARTESIAN_POINT('Origin',(-33.01775,25.6284999999999,35.));
#9182=CARTESIAN_POINT('',(-42.,20.0642499999999,35.));
#9183=CARTESIAN_POINT('Origin',(-42.,14.4999999999998,60.));
#9184=CARTESIAN_POINT('',(-42.,14.4999999999998,60.));
#9185=CARTESIAN_POINT('Origin',(-20.0622884468475,12.8456687723793,60.));
#9186=CARTESIAN_POINT('',(-22.0355,34.757,60.));
#9187=CARTESIAN_POINT('Origin',(22.0355,34.757,60.));
#9188=CARTESIAN_POINT('Origin',(42.,1.33226762955019E-14,60.));
#9189=CARTESIAN_POINT('',(42.,1.33226762955019E-14,60.));
#9190=CARTESIAN_POINT('',(42.,1.33226762955019E-14,60.));
#9191=CARTESIAN_POINT('',(42.,14.5,60.));
#9192=CARTESIAN_POINT('Origin',(28.0209622029682,0.76583436143542,60.));
#9193=CARTESIAN_POINT('',(28.7867965644036,-13.2132034355964,60.));
#9194=CARTESIAN_POINT('',(28.7867965644036,-13.2132034355964,60.));
#9195=CARTESIAN_POINT('Origin',(28.0209622029682,0.76583436143542,60.));
#9196=CARTESIAN_POINT('Origin',(-28.7867965644036,-13.2132034355964,60.));
#9197=CARTESIAN_POINT('',(28.7867965644036,-13.2132034355964,60.));
#9198=CARTESIAN_POINT('Origin',(28.01845886112,0.768337703283568,60.));
#9199=CARTESIAN_POINT('Origin',(28.01845886112,0.768337703283568,60.));
#9200=CARTESIAN_POINT('Origin',(20.0575712767154,12.8386430755455,60.));
#9201=CARTESIAN_POINT('Origin',(20.0575712767154,12.8386430755455,60.));
#9202=CARTESIAN_POINT('Origin',(-20.0575712767153,12.8386430755454,60.));
#9203=CARTESIAN_POINT('Origin',(-20.0575712767153,12.8386430755454,60.));
#9204=CARTESIAN_POINT('Origin',(-28.01845886112,0.768337703283559,60.));
#9205=CARTESIAN_POINT('Origin',(-28.01845886112,0.768337703283559,60.));
#9206=CARTESIAN_POINT('Origin',(-33.01775,25.6284999999999,60.));
#9207=CARTESIAN_POINT('',(50.,14.5,60.));
#9208=CARTESIAN_POINT('',(22.0355,42.757,60.));
#9209=CARTESIAN_POINT('Origin',(20.0469099026319,12.8229807338766,60.));
#9210=CARTESIAN_POINT('',(-22.0355,42.757,60.));
#9211=CARTESIAN_POINT('',(22.0355,42.757,60.));
#9212=CARTESIAN_POINT('',(-50.,14.4999999999998,60.));
#9213=CARTESIAN_POINT('Origin',(-20.0469099026319,12.8229807338766,60.));
#9214=CARTESIAN_POINT('',(-50.,-4.44089209850063E-15,60.));
#9215=CARTESIAN_POINT('',(-50.,14.4999999999998,60.));
#9216=CARTESIAN_POINT('',(-28.7867965644036,-21.2132034355964,60.));
#9217=CARTESIAN_POINT('Origin',(-28.0135916054607,0.773204958942828,60.));
#9218=CARTESIAN_POINT('',(28.7867965644036,-21.2132034355964,60.));
#9219=CARTESIAN_POINT('',(-28.7867965644036,-21.2132034355964,60.));
#9220=CARTESIAN_POINT('',(50.,8.88178419700125E-15,60.));
#9221=CARTESIAN_POINT('Origin',(28.0135916054608,0.77320495894281,60.));
#9222=CARTESIAN_POINT('',(50.,8.88178419700125E-15,60.));
#9223=CARTESIAN_POINT('Origin',(-20.0499965025507,12.8274855777689,60.));
#9224=CARTESIAN_POINT('',(-48.,-4.44089209850063E-15,60.));
#9225=CARTESIAN_POINT('Origin',(-28.0149011156754,0.771895448728208,60.));
#9226=CARTESIAN_POINT('',(-48.,-4.44089209850063E-15,60.));
#9227=CARTESIAN_POINT('Origin',(-20.0499965025507,12.8274855777689,10.));
#9228=CARTESIAN_POINT('',(-48.,14.4999999999998,10.));
#9229=CARTESIAN_POINT('',(-48.,14.4999999999998,10.));
#9230=CARTESIAN_POINT('Origin',(-20.0499965025507,12.8274855777689,10.));
#9231=CARTESIAN_POINT('Origin',(-28.0149011156754,0.771895448728208,10.));
#9232=CARTESIAN_POINT('',(-48.,-4.44089209850063E-15,10.));
#9233=CARTESIAN_POINT('Origin',(-48.,-4.44089209850063E-15,10.));
#9234=CARTESIAN_POINT('',(-48.,-4.44089209850063E-15,10.));
#9235=CARTESIAN_POINT('',(-48.,-4.44089209850063E-15,10.));
#9236=CARTESIAN_POINT('',(-48.,-4.44089209850063E-15,10.));
#9237=CARTESIAN_POINT('Origin',(-20.0499965025507,12.8274855777689,10.));
#9238=CARTESIAN_POINT('Origin',(-48.,-4.44089209850063E-15,10.));
#9239=CARTESIAN_POINT('Origin',(-28.0149011156754,0.771895448728208,10.));
#9240=CARTESIAN_POINT('',(-28.7867965644036,-19.2132034355964,10.));
#9241=CARTESIAN_POINT('',(-28.7867965644036,-19.2132034355964,10.));
#9242=CARTESIAN_POINT('Origin',(-28.0149011156754,0.771895448728208,10.));
#9243=CARTESIAN_POINT('Origin',(0.,11.,-100.));
#9244=CARTESIAN_POINT('',(4.9781929993962,11.4664702142288,-100.));
#9245=CARTESIAN_POINT('',(5.,11.,-100.));
#9246=CARTESIAN_POINT('Origin',(0.,11.,-100.));
#9247=CARTESIAN_POINT('',(5.,11.,-98.));
#9248=CARTESIAN_POINT('',(5.,11.,-100.));
#9249=CARTESIAN_POINT('Origin',(0.,11.,-98.));
#9250=CARTESIAN_POINT('',(4.90636589285267,10.0368937102002,-100.));
#9251=CARTESIAN_POINT('Origin',(0.,11.,-100.));
#9252=CARTESIAN_POINT('',(3.40067052455023,7.33456142004053,-100.));
#9253=CARTESIAN_POINT('Origin',(0.,11.,-100.));
#9254=CARTESIAN_POINT('',(-3.40067052455023,7.33456142004053,-100.));
#9255=CARTESIAN_POINT('Origin',(0.,11.,-100.));
#9256=CARTESIAN_POINT('',(-4.90636589285267,10.0368937102002,-100.));
#9257=CARTESIAN_POINT('Origin',(0.,11.,-100.));
#9258=CARTESIAN_POINT('',(-4.9781929993962,11.4664702142288,-100.));
#9259=CARTESIAN_POINT('Origin',(0.,11.,-100.));
#9260=CARTESIAN_POINT('',(-2.7799674725626,15.1559332106633,-100.));
#9261=CARTESIAN_POINT('Origin',(0.,11.,-100.));
#9262=CARTESIAN_POINT('',(2.79726809987557,15.1443082869664,-100.));
#9263=CARTESIAN_POINT('Origin',(0.,11.,-100.));
#9264=CARTESIAN_POINT('Origin',(0.,11.,-100.));
#9265=CARTESIAN_POINT('Origin',(0.,11.,-98.));
#9266=CARTESIAN_POINT('',(-2.25998741399994,14.3766031121819,-98.));
#9267=CARTESIAN_POINT('',(2.27404340689259,14.3671530686963,-98.));
#9268=CARTESIAN_POINT('Ctrl Pts',(-2.25998741399992,14.3766031121819,-98.));
#9269=CARTESIAN_POINT('Ctrl Pts',(-1.95998859335672,14.5767694293729,-98.));
#9270=CARTESIAN_POINT('Ctrl Pts',(-1.62898873676689,14.7374060273928,-98.0000000000012));
#9271=CARTESIAN_POINT('Ctrl Pts',(-0.867816251366059,14.9904927405274,-98.0000000000012));
#9272=CARTESIAN_POINT('Ctrl Pts',(-0.431125796526356,15.0624141650499,-98.));
#9273=CARTESIAN_POINT('Ctrl Pts',(0.445948032063449,15.0609436892344,-98.));
#9274=CARTESIAN_POINT('Ctrl Pts',(0.883330469072347,14.9872011315763,-98.0000000000012));
#9275=CARTESIAN_POINT('Ctrl Pts',(1.64442469431234,14.7306510047969,-98.0000000000012));
#9276=CARTESIAN_POINT('Ctrl Pts',(1.9748380060309,14.5685945509756,-98.));
#9277=CARTESIAN_POINT('Ctrl Pts',(2.27404340689259,14.3671530686963,-98.));
#9278=CARTESIAN_POINT('',(-4.04623569568626,11.3792661675435,-98.));
#9279=CARTESIAN_POINT('Ctrl Pts',(-4.04623569568625,11.3792661675435,-98.));
#9280=CARTESIAN_POINT('Ctrl Pts',(-4.03089399297756,11.5430600709539,-98.));
#9281=CARTESIAN_POINT('Ctrl Pts',(-4.00478373796937,11.7090554533417,-98.));
#9282=CARTESIAN_POINT('Ctrl Pts',(-3.90832174419191,12.1464430905945,-98.));
#9283=CARTESIAN_POINT('Ctrl Pts',(-3.81998973130337,12.41402880466,-98.));
#9284=CARTESIAN_POINT('Ctrl Pts',(-3.6144475126444,12.8705153989335,-98.));
#9285=CARTESIAN_POINT('Ctrl Pts',(-3.50841361115686,13.0615750009436,-98.));
#9286=CARTESIAN_POINT('Ctrl Pts',(-3.06883645761363,13.7218180386931,-98.));
#9287=CARTESIAN_POINT('Ctrl Pts',(-2.6689605027552,14.1031514535406,-98.));
#9288=CARTESIAN_POINT('Ctrl Pts',(-2.25998741399992,14.3766031121819,-98.));
#9289=CARTESIAN_POINT('Ctrl Pts',(-3.98784729285018,10.2166849888734,-98.));
#9290=CARTESIAN_POINT('Ctrl Pts',(-4.0123784035693,10.3418334576376,-98.));
#9291=CARTESIAN_POINT('Ctrl Pts',(-4.03100705478709,10.4680454165061,-97.9999999990228));
#9292=CARTESIAN_POINT('Ctrl Pts',(-4.04369321895726,10.5948797887691,-98.0000000280132));
#9293=CARTESIAN_POINT('Ctrl Pts',(-4.05038107623132,10.6617439856816,-98.0000000432963));
#9294=CARTESIAN_POINT('Ctrl Pts',(-4.0554165661309,10.7287813460637,-98.0000000628425));
#9295=CARTESIAN_POINT('Ctrl Pts',(-4.05878801602209,10.7959277834978,-98.0000000628908));
#9296=CARTESIAN_POINT('Ctrl Pts',(-4.06518410609352,10.9233135301842,-98.0000000629826));
#9297=CARTESIAN_POINT('Ctrl Pts',(-4.06558507524137,11.0509083906454,-98.0000000087955));
#9298=CARTESIAN_POINT('Ctrl Pts',(-4.06001423959317,11.1782698107405,-98.0000000006592));
#9299=CARTESIAN_POINT('Ctrl Pts',(-4.05707991144627,11.2453549346636,-97.9999999963736));
#9300=CARTESIAN_POINT('Ctrl Pts',(-4.05248786473305,11.3123753602047,-98.0000000006063));
#9301=CARTESIAN_POINT('Ctrl Pts',(-4.04623569568768,11.3792661675258,-98.0000000000005));
#9302=CARTESIAN_POINT('',(3.98780179321914,10.2164540441302,-98.0000002346299));
#9303=CARTESIAN_POINT('Ctrl Pts',(3.98775680865559,10.2162229983727,-98.));
#9304=CARTESIAN_POINT('Ctrl Pts',(3.95962359348035,10.0724650234156,-98.));
#9305=CARTESIAN_POINT('Ctrl Pts',(3.92272845935408,9.92751013240565,-98.));
#9306=CARTESIAN_POINT('Ctrl Pts',(3.81173633198607,9.57321713853328,-98.));
#9307=CARTESIAN_POINT('Ctrl Pts',(3.72838160934179,9.36749659028171,-98.0000000011041));
#9308=CARTESIAN_POINT('Ctrl Pts',(3.51810192595249,8.95035130920122,-98.0000000011041));
#9309=CARTESIAN_POINT('Ctrl Pts',(3.38522756631245,8.73876540351709,-98.));
#9310=CARTESIAN_POINT('Ctrl Pts',(3.0937305702183,8.35554863886543,-98.));
#9311=CARTESIAN_POINT('Ctrl Pts',(2.93587959613262,8.18077868190154,-98.));
#9312=CARTESIAN_POINT('Ctrl Pts',(2.76528303686304,8.02259428589911,-98.));
#9313=CARTESIAN_POINT('',(4.04623493384086,11.3792743182984,-98.));
#9314=CARTESIAN_POINT('Ctrl Pts',(4.04623493384271,11.3792743182803,-98.));
#9315=CARTESIAN_POINT('Ctrl Pts',(4.05810496644866,11.2522817866508,-98.0000000000222));
#9316=CARTESIAN_POINT('Ctrl Pts',(4.06399451566007,11.1248223428867,-97.9999999991232));
#9317=CARTESIAN_POINT('Ctrl Pts',(4.06390771626387,10.9973390639664,-98.0000000281809));
#9318=CARTESIAN_POINT('Ctrl Pts',(4.06386199457602,10.9301870912469,-98.0000000434871));
#9319=CARTESIAN_POINT('Ctrl Pts',(4.06215716543769,10.8630284034938,-98.000000062948));
#9320=CARTESIAN_POINT('Ctrl Pts',(4.05878801603134,10.7959277834719,-98.0000000628935));
#9321=CARTESIAN_POINT('Ctrl Pts',(4.05239272855039,10.6685580223148,-98.00000006279));
#9322=CARTESIAN_POINT('Ctrl Pts',(4.04001301437663,10.5415806050696,-98.0000000079974));
#9323=CARTESIAN_POINT('Ctrl Pts',(4.02171619625165,10.4154334489776,-97.999999999896));
#9324=CARTESIAN_POINT('Ctrl Pts',(4.01207053160319,10.3489315492643,-97.9999999956251));
#9325=CARTESIAN_POINT('Ctrl Pts',(4.00077953501147,10.2826604077081,-98.));
#9326=CARTESIAN_POINT('Ctrl Pts',(3.98784729285018,10.2166849888734,-98.));
#9327=CARTESIAN_POINT('Ctrl Pts',(2.2740434068926,14.3671530686963,-98.));
#9328=CARTESIAN_POINT('Ctrl Pts',(2.58903920428589,14.1546354496391,-98.));
#9329=CARTESIAN_POINT('Ctrl Pts',(2.8761385149158,13.8934517032112,-98.));
#9330=CARTESIAN_POINT('Ctrl Pts',(3.38864069631687,13.2792034793817,-98.));
#9331=CARTESIAN_POINT('Ctrl Pts',(3.59303405086775,12.9397647738842,-98.));
#9332=CARTESIAN_POINT('Ctrl Pts',(3.83408561436719,12.3652042854842,-98.));
#9333=CARTESIAN_POINT('Ctrl Pts',(3.90412460774416,12.1490331944365,-98.));
#9334=CARTESIAN_POINT('Ctrl Pts',(3.99878497132237,11.7465129414181,-98.));
#9335=CARTESIAN_POINT('Ctrl Pts',(4.02915856862341,11.5616131281346,-98.));
#9336=CARTESIAN_POINT('Ctrl Pts',(4.04623493384069,11.3792743183002,-98.));
#9337=CARTESIAN_POINT('Ctrl Pts',(3.95594319487708,10.010634689143,-98.0070047988113));
#9338=CARTESIAN_POINT('Ctrl Pts',(14.7611194194897,7.88765002833399,-84.7363204833659));
#9339=CARTESIAN_POINT('Ctrl Pts',(23.9523333432619,5.99307568448291,-69.3162653177744));
#9340=CARTESIAN_POINT('Ctrl Pts',(31.256502456242,4.37934682047471,-52.0591552016409));
#9341=CARTESIAN_POINT('Ctrl Pts',(3.96379527911063,10.0796064660695,-98.0023579905244));
#9342=CARTESIAN_POINT('Ctrl Pts',(14.7686867019341,7.9566822431349,-84.7320894853218));
#9343=CARTESIAN_POINT('Ctrl Pts',(23.9596996898772,6.06215351582359,-69.3124534516091));
#9344=CARTESIAN_POINT('Ctrl Pts',(31.2637012736003,4.44846166448491,-52.0557391465242));
#9345=CARTESIAN_POINT('Ctrl Pts',(3.97444932973836,10.1484145825822,-98.0000187640208));
#9346=CARTESIAN_POINT('Ctrl Pts',(14.7792863344822,8.02550329688473,-84.7298829582163));
#9347=CARTESIAN_POINT('Ctrl Pts',(23.9702694512533,6.1309828820772,-69.3103680609888));
#9348=CARTESIAN_POINT('Ctrl Pts',(31.2742272795839,4.5173006977299,-52.0537571340725));
#9349=CARTESIAN_POINT('Ctrl Pts',(3.98784742583076,10.2166849621719,-97.9999998365456));
#9350=CARTESIAN_POINT('Ctrl Pts',(14.7928606920764,8.09373904273452,-84.7297128978055));
#9351=CARTESIAN_POINT('Ctrl Pts',(23.9839851646787,6.19918959121501,-69.3100204832271));
#9352=CARTESIAN_POINT('Ctrl Pts',(31.2880232493801,4.58548967562133,-52.0532199395307));
#9353=CARTESIAN_POINT('',(31.256502456242,4.37934682047473,-52.0591552016409));
#9354=CARTESIAN_POINT('Ctrl Pts',(3.98784726658099,10.216684994074,-98.0000000322719));
#9355=CARTESIAN_POINT('Ctrl Pts',(10.3168174527973,8.96371685202938,-90.2248167161276));
#9356=CARTESIAN_POINT('Ctrl Pts',(20.159496463537,6.88675502108931,-75.6965455197465));
#9357=CARTESIAN_POINT('Ctrl Pts',(28.2352972209476,5.07913733409469,-59.2036178938139));
#9358=CARTESIAN_POINT('Ctrl Pts',(31.2567286721999,4.380352802557,-52.0591524766348));
#9359=CARTESIAN_POINT('Ctrl Pts',(3.98775625891883,10.2162231081133,-98.0000006755665));
#9360=CARTESIAN_POINT('Ctrl Pts',(7.15641990350724,9.58401578383576,-94.1061441103699));
#9361=CARTESIAN_POINT('Ctrl Pts',(16.2315487576264,7.66871373832759,-81.8708238571035));
#9362=CARTESIAN_POINT('Ctrl Pts',(25.0656993485289,5.77295084200696,-66.1613031302671));
#9363=CARTESIAN_POINT('Ctrl Pts',(30.3829979599796,4.57868396988768,-54.1247485756537));
#9364=CARTESIAN_POINT('Ctrl Pts',(31.2568261112907,4.38057642206592,-52.0592174172698));
#9365=CARTESIAN_POINT('Origin',(48.,14.5,10.));
#9366=CARTESIAN_POINT('',(47.7118553405429,14.4756760309449,8.02086435002305));
#9367=CARTESIAN_POINT('',(47.6998188101689,0.176801311127958,8.02265559247818));
#9368=CARTESIAN_POINT('Ctrl Pts',(47.7126117011925,14.4756755276761,8.02075570842949));
#9369=CARTESIAN_POINT('Ctrl Pts',(47.7110547060075,12.086881948442,8.0209817851113));
#9370=CARTESIAN_POINT('Ctrl Pts',(47.7091391402205,9.6977843665027,8.02126170024584));
#9371=CARTESIAN_POINT('Ctrl Pts',(47.7068631520354,7.30897642515279,8.0215989304184));
#9372=CARTESIAN_POINT('Ctrl Pts',(47.7068591868122,7.30481464756464,8.0215995179403));
#9373=CARTESIAN_POINT('Ctrl Pts',(47.7068552204947,7.30065287085471,8.02160010563614));
#9374=CARTESIAN_POINT('Ctrl Pts',(47.7068512530828,7.29649109502612,8.02160069350594));
#9375=CARTESIAN_POINT('Ctrl Pts',(47.7045889403768,4.92334745693336,8.02193591086047));
#9376=CARTESIAN_POINT('Ctrl Pts',(47.7019704051194,2.54995265600938,8.02232777497983));
#9377=CARTESIAN_POINT('Ctrl Pts',(47.6989948213562,0.176802368734686,8.02278077046253));
#9378=CARTESIAN_POINT('',(47.6933365543983,0.0059428856969288,8.02365045320124));
#9379=CARTESIAN_POINT('Ctrl Pts',(47.7002302589675,0.176786218831147,8.02259309874591));
#9380=CARTESIAN_POINT('Ctrl Pts',(47.6981681635446,0.119829193745912,8.02290567310397));
#9381=CARTESIAN_POINT('Ctrl Pts',(47.6958686935226,0.062880585697738,8.02325720814227));
#9382=CARTESIAN_POINT('Ctrl Pts',(47.6933326507816,0.00594226201117265,
8.0236501788718));
#9383=CARTESIAN_POINT('',(46.,0.0396262898354041,10.));
#9384=CARTESIAN_POINT('Ctrl Pts',(46.,0.0396262898355431,10.));
#9385=CARTESIAN_POINT('Ctrl Pts',(46.,0.0396262898355423,9.74467933381198));
#9386=CARTESIAN_POINT('Ctrl Pts',(46.0488923092422,0.0386295060182869,9.49165905791785));
#9387=CARTESIAN_POINT('Ctrl Pts',(46.2411193182091,0.0347334017302919,9.0130111365614));
#9388=CARTESIAN_POINT('Ctrl Pts',(46.3844249808186,0.0318359459009082,8.79264062992628));
#9389=CARTESIAN_POINT('Ctrl Pts',(46.7474541664404,0.0245620872865079,8.4191910148386));
#9390=CARTESIAN_POINT('Ctrl Pts',(46.9637226524732,0.0202563428092035,8.26969689230181));
#9391=CARTESIAN_POINT('Ctrl Pts',(47.3263151006806,0.0131127286155474,8.11204801077983));
#9392=CARTESIAN_POINT('Ctrl Pts',(47.4552108027822,0.010585206112307,8.07090225572231));
#9393=CARTESIAN_POINT('Ctrl Pts',(47.6224574595607,0.00732272820128548,
8.03562849744946));
#9394=CARTESIAN_POINT('Ctrl Pts',(47.6578283981432,0.0066336740945399,8.02916013318764));
#9395=CARTESIAN_POINT('Ctrl Pts',(47.6933365543983,0.0059428856967706,8.02365045320123));
#9396=CARTESIAN_POINT('',(46.,14.4391054096052,10.));
#9397=CARTESIAN_POINT('',(46.,14.5,10.));
#9398=CARTESIAN_POINT('Ctrl Pts',(46.,14.4391054096052,10.));
#9399=CARTESIAN_POINT('Ctrl Pts',(46.,14.4391054096052,9.73972743287526));
#9400=CARTESIAN_POINT('Ctrl Pts',(46.0508061106591,14.4406836649764,9.48194977696091));
#9401=CARTESIAN_POINT('Ctrl Pts',(46.2482795244064,14.4467922271918,9.00040966408251));
#9402=CARTESIAN_POINT('Ctrl Pts',(46.393037195438,14.451262304649,8.78124865959938));
#9403=CARTESIAN_POINT('Ctrl Pts',(46.7584015809475,14.4624732756897,8.41060266707266));
#9404=CARTESIAN_POINT('Ctrl Pts',(46.9755552226497,14.469106683927,8.26269085167181));
#9405=CARTESIAN_POINT('Ctrl Pts',(47.3740249041768,14.481188887483,8.092624270855));
#9406=CARTESIAN_POINT('Ctrl Pts',(47.5409318409873,14.4862282112126,8.04579125227534));
#9407=CARTESIAN_POINT('Ctrl Pts',(47.7113943420396,14.4913503395636,8.02093285253045));
#9408=CARTESIAN_POINT('Origin',(28.0149011156754,0.771895448728177,10.));
#9409=CARTESIAN_POINT('',(28.7849167521151,-19.1159455030735,8.00236617605694));
#9410=CARTESIAN_POINT('Ctrl Pts',(47.6933365543983,0.00594288569692736,
8.02365045320123));
#9411=CARTESIAN_POINT('Ctrl Pts',(47.5745821892605,-2.61124036508398,8.02626839193539));
#9412=CARTESIAN_POINT('Ctrl Pts',(46.9456895845503,-5.18133887128592,8.02722294370375));
#9413=CARTESIAN_POINT('Ctrl Pts',(44.7402177280505,-9.93107223353823,8.02518319892384));
#9414=CARTESIAN_POINT('Ctrl Pts',(43.185328073175,-12.0670810230503,8.02228572501997));
#9415=CARTESIAN_POINT('Ctrl Pts',(39.5649332306408,-15.4141219498841,8.01563734976015));
#9416=CARTESIAN_POINT('Ctrl Pts',(37.606327084528,-16.6785493996036,8.01214081581056));
#9417=CARTESIAN_POINT('Ctrl Pts',(33.3507142629744,-18.4750271163566,8.00622237213206));
#9418=CARTESIAN_POINT('Ctrl Pts',(31.0870959487111,-18.9960291078269,8.00386366690073));
#9419=CARTESIAN_POINT('Ctrl Pts',(28.7849167521151,-19.1159455030735,8.00236617605695));
#9420=CARTESIAN_POINT('',(28.7471702745684,-17.2132034355964,10.));
#9421=CARTESIAN_POINT('Ctrl Pts',(28.7471702745684,-17.2132034355964,10.));
#9422=CARTESIAN_POINT('Ctrl Pts',(28.7471702745684,-17.2132034355964,9.74467933387457));
#9423=CARTESIAN_POINT('Ctrl Pts',(28.7481670583852,-17.2620957448147,9.49165905804072));
#9424=CARTESIAN_POINT('Ctrl Pts',(28.7520631626718,-17.4543227537145,9.01301113672363));
#9425=CARTESIAN_POINT('Ctrl Pts',(28.7549606185009,-17.5976284163037,8.7926406300753));
#9426=CARTESIAN_POINT('Ctrl Pts',(28.7622344771146,-17.9606576018909,8.4191910149542));
#9427=CARTESIAN_POINT('Ctrl Pts',(28.7665402215916,-18.1769260879099,8.26969689239748));
#9428=CARTESIAN_POINT('Ctrl Pts',(28.7737620235165,-18.5434871548185,8.11032252454198));
#9429=CARTESIAN_POINT('Ctrl Pts',(28.7763733183801,-18.676674800962,8.06828129805105));
#9430=CARTESIAN_POINT('Ctrl Pts',(28.7804094337023,-18.883647941759,8.02602656034573));
#9431=CARTESIAN_POINT('Ctrl Pts',(28.7817947276093,-18.9548770536205,8.01544831159605));
#9432=CARTESIAN_POINT('Ctrl Pts',(28.7837614966329,-19.0562812412548,8.00594160066447));
#9433=CARTESIAN_POINT('Ctrl Pts',(28.784339132919,-19.0860970123594,8.00381939659265));
#9434=CARTESIAN_POINT('Ctrl Pts',(28.7849167521151,-19.1159455030735,8.00236617605694));
#9435=CARTESIAN_POINT('Origin',(28.0149011156754,0.771895448728177,10.));
#9436=CARTESIAN_POINT('Origin',(28.7867965644036,-19.2132034355964,10.));
#9437=CARTESIAN_POINT('Ctrl Pts',(28.7849174223201,-19.1159436362981,8.00236616774862));
#9438=CARTESIAN_POINT('Ctrl Pts',(28.7519002719379,-19.1176612520063,8.00228259232942));
#9439=CARTESIAN_POINT('Ctrl Pts',(28.7188790220908,-19.1192961799519,8.00220523861535));
#9440=CARTESIAN_POINT('Ctrl Pts',(28.6858539808032,-19.1208483048454,8.00213350037609));
#9441=CARTESIAN_POINT('',(-28.7471702745682,-17.2132034355964,10.));
#9442=CARTESIAN_POINT('Ctrl Pts',(-28.7471702745682,-17.2132034355964,10.));
#9443=CARTESIAN_POINT('Ctrl Pts',(-28.7471702745682,-17.2132034355964,9.99503475799058));
#9444=CARTESIAN_POINT('Ctrl Pts',(-28.7471706508302,-17.2132219258107,9.99006864599884));
#9445=CARTESIAN_POINT('Ctrl Pts',(-28.7472108756247,-17.2151986517501,9.72471223571153));
#9446=CARTESIAN_POINT('Ctrl Pts',(-28.748286783578,-17.2679731275518,9.46719466551192));
#9447=CARTESIAN_POINT('Ctrl Pts',(-28.7523653187958,-17.4692638054643,8.98683471060385));
#9448=CARTESIAN_POINT('Ctrl Pts',(-28.7553281296248,-17.6158719728987,8.76859736219114));
#9449=CARTESIAN_POINT('Ctrl Pts',(-28.7627101987167,-17.9845106872772,8.40057463853873));
#9450=CARTESIAN_POINT('Ctrl Pts',(-28.7670577326736,-18.20303055668,8.25432256233394));
#9451=CARTESIAN_POINT('Ctrl Pts',(-28.7760015301232,-18.6573230409153,8.06487572525242));
#9452=CARTESIAN_POINT('Ctrl Pts',(-28.7804456888828,-18.8849031653803,8.01361483435707));
#9453=CARTESIAN_POINT('Ctrl Pts',(-28.784916752098,-19.1159455021883,8.00236617610004));
#9454=CARTESIAN_POINT('',(28.7867965644036,-17.2132034355964,10.));
#9455=CARTESIAN_POINT('Origin',(-28.0149011156754,0.771895448728208,10.));
#9456=CARTESIAN_POINT('',(-46.,0.0396262898354628,10.));
#9457=CARTESIAN_POINT('Ctrl Pts',(-46.,0.0396262898354653,10.));
#9458=CARTESIAN_POINT('Ctrl Pts',(-46.,0.0396262898354653,9.99503475797122));
#9459=CARTESIAN_POINT('Ctrl Pts',(-46.0000184902144,0.039625913573355,9.9900686459601));
#9460=CARTESIAN_POINT('Ctrl Pts',(-46.0019952161617,0.0395856887786598,
9.72471223565341));
#9461=CARTESIAN_POINT('Ctrl Pts',(-46.0547696919709,0.0385097808254565,
9.4671946654553));
#9462=CARTESIAN_POINT('Ctrl Pts',(-46.2560603698974,0.0344312456073604,
8.98683471055295));
#9463=CARTESIAN_POINT('Ctrl Pts',(-46.4026685373382,0.031468434778145,8.76859736214448));
#9464=CARTESIAN_POINT('Ctrl Pts',(-46.7713072517276,0.024086365686102,8.40057463850273));
#9465=CARTESIAN_POINT('Ctrl Pts',(-46.9898271211347,0.0197388317291421,
8.25432256230433));
#9466=CARTESIAN_POINT('Ctrl Pts',(-47.3791126870134,0.0120748457022668,
8.09198459341792));
#9467=CARTESIAN_POINT('Ctrl Pts',(-47.5346332705813,0.00903035625882212,
8.04827590264284));
#9468=CARTESIAN_POINT('Ctrl Pts',(-47.6933365543983,0.00594288569685612,
8.02365045320123));
#9469=CARTESIAN_POINT('Origin',(-28.0149011156754,0.771895448728208,10.));
#9470=CARTESIAN_POINT('Origin',(-48.,-4.44089209850063E-15,10.));
#9471=CARTESIAN_POINT('',(-47.7120309361553,14.4721206437924,8.02084020573285));
#9472=CARTESIAN_POINT('Ctrl Pts',(-47.6989061258957,0.106148269986502,8.02279427538158));
#9473=CARTESIAN_POINT('Ctrl Pts',(-47.7019236294344,2.50700625924224,8.02233476194118));
#9474=CARTESIAN_POINT('Ctrl Pts',(-47.7045756842997,4.90812001700744,8.02193786083264));
#9475=CARTESIAN_POINT('Ctrl Pts',(-47.7068631518483,7.30897622789224,8.0215989304721));
#9476=CARTESIAN_POINT('Ctrl Pts',(-47.7091380049951,9.69659274720083,8.02126186916706));
#9477=CARTESIAN_POINT('Ctrl Pts',(-47.7110528009467,12.0845050195407,8.02098206347361));
#9478=CARTESIAN_POINT('Ctrl Pts',(-47.712609383634,14.4721202587154,8.02075604494173));
#9479=CARTESIAN_POINT('',(-46.,14.439105409605,10.));
#9480=CARTESIAN_POINT('Ctrl Pts',(-47.7102884772467,14.4913171097448,8.02109443540528));
#9481=CARTESIAN_POINT('Ctrl Pts',(-47.5402099781531,14.4862064179769,8.04599390602256));
#9482=CARTESIAN_POINT('Ctrl Pts',(-47.3736808195731,14.4811784543169,8.09277112592273));
#9483=CARTESIAN_POINT('Ctrl Pts',(-46.9755552226498,14.4691066839266,8.26269085167175));
#9484=CARTESIAN_POINT('Ctrl Pts',(-46.7584015809476,14.4624732756894,8.41060266707261));
#9485=CARTESIAN_POINT('Ctrl Pts',(-46.393037195438,14.4512623046488,8.78124865959931));
#9486=CARTESIAN_POINT('Ctrl Pts',(-46.2482795244064,14.4467922271916,9.00040966408246));
#9487=CARTESIAN_POINT('Ctrl Pts',(-46.050806110659,14.4406836649762,9.48194977696095));
#9488=CARTESIAN_POINT('Ctrl Pts',(-46.,14.4391054096051,9.73972743287527));
#9489=CARTESIAN_POINT('Ctrl Pts',(-46.,14.4391054096051,10.));
#9490=CARTESIAN_POINT('',(-46.,-4.40927459792293E-15,10.));
#9491=CARTESIAN_POINT('Origin',(-20.0499965025507,12.8274855777689,10.));
#9492=CARTESIAN_POINT('',(-22.0355,40.7605466103833,8.00000628924239));
#9493=CARTESIAN_POINT('Ctrl Pts',(-47.7102884772467,14.491317109745,8.02109443540528));
#9494=CARTESIAN_POINT('Ctrl Pts',(-47.4835947002555,18.1509977163079,8.02205241246953));
#9495=CARTESIAN_POINT('Ctrl Pts',(-46.544102712942,21.732981566943,8.02117611026288));
#9496=CARTESIAN_POINT('Ctrl Pts',(-43.3473256468354,28.3331993438135,8.01632813864313));
#9497=CARTESIAN_POINT('Ctrl Pts',(-41.1197548876076,31.2903505980376,8.0125320451575));
#9498=CARTESIAN_POINT('Ctrl Pts',(-36.1295590792545,35.7545847877419,8.00623765955068));
#9499=CARTESIAN_POINT('Ctrl Pts',(-33.5597273215256,37.3953481796521,8.00372149215628));
#9500=CARTESIAN_POINT('Ctrl Pts',(-28.0001518270629,39.784583058676,8.00054485044532));
#9501=CARTESIAN_POINT('Ctrl Pts',(-25.0481540820402,40.5191377671293,7.99990395430305));
#9502=CARTESIAN_POINT('Ctrl Pts',(-22.0360013579941,40.7640524606709,8.00001249717939));
#9503=CARTESIAN_POINT('',(-21.9631828048504,38.757,10.));
#9504=CARTESIAN_POINT('Ctrl Pts',(-22.0355,40.757,8.));
#9505=CARTESIAN_POINT('Ctrl Pts',(-22.035156528156,40.7473247647384,8.));
#9506=CARTESIAN_POINT('Ctrl Pts',(-22.0348129717936,40.7376496593634,8.00007020763302));
#9507=CARTESIAN_POINT('Ctrl Pts',(-22.0252254401142,40.467719313929,8.00398792387206));
#9508=CARTESIAN_POINT('Ctrl Pts',(-22.0160286674375,40.2106757102753,8.05853459657186));
#9509=CARTESIAN_POINT('Ctrl Pts',(-21.9987930751311,39.7320365044746,8.26300720588963));
#9510=CARTESIAN_POINT('Ctrl Pts',(-21.990918685288,39.5149762978656,8.41094370107387));
#9511=CARTESIAN_POINT('Ctrl Pts',(-21.9776119925956,39.1498137885105,8.78156580022137));
#9512=CARTESIAN_POINT('Ctrl Pts',(-21.9723066864146,39.0051463443118,9.00066621317893));
#9513=CARTESIAN_POINT('Ctrl Pts',(-21.9650562059141,38.8077812690946,9.482078635491));
#9514=CARTESIAN_POINT('Ctrl Pts',(-21.9631828048505,38.757,9.73979081261646));
#9515=CARTESIAN_POINT('Ctrl Pts',(-21.9631828048505,38.757,10.));
#9516=CARTESIAN_POINT('Origin',(-20.0499965025507,12.8274855777689,10.));
#9517=CARTESIAN_POINT('Origin',(-22.0355,40.757,10.));
#9518=CARTESIAN_POINT('',(-21.9448971366603,40.7713091486047,8.00005118858851));
#9519=CARTESIAN_POINT('Ctrl Pts',(-22.0354980681375,40.7640857211885,8.00001248471923));
#9520=CARTESIAN_POINT('Ctrl Pts',(-22.0053018232324,40.7665432734523,8.00002122586408));
#9521=CARTESIAN_POINT('Ctrl Pts',(-21.9751013435936,40.7689506444577,8.00003429959962));
#9522=CARTESIAN_POINT('Ctrl Pts',(-21.9448967858038,40.7713077791545,8.00005117095661));
#9523=CARTESIAN_POINT('',(21.9486513436087,40.7687504882145,8.00003451879119));
#9524=CARTESIAN_POINT('Ctrl Pts',(-21.9448971341623,40.771309123741,8.00005119676439));
#9525=CARTESIAN_POINT('Ctrl Pts',(-19.0291977622887,40.7740005969733,8.00007071443625));
#9526=CARTESIAN_POINT('Ctrl Pts',(-16.1194034558688,40.7762374942945,8.00008460245607));
#9527=CARTESIAN_POINT('Ctrl Pts',(-13.210720005812,40.7779250055119,8.00010092165994));
#9528=CARTESIAN_POINT('Ctrl Pts',(-9.72863737037191,40.779945181859,8.00012045792692));
#9529=CARTESIAN_POINT('Ctrl Pts',(-6.24814474366259,40.7811802649339,8.00014149229674));
#9530=CARTESIAN_POINT('Ctrl Pts',(-2.76097878921225,40.7814793427244,8.00014608519704));
#9531=CARTESIAN_POINT('Ctrl Pts',(-1.84055080964271,40.7815582834946,8.0001472974806));
#9532=CARTESIAN_POINT('Ctrl Pts',(-0.919657785485485,40.7815718277484,8.00014752363011));
#9533=CARTESIAN_POINT('Ctrl Pts',(0.00185231467233038,40.7815167065682,
8.00014685650762));
#9534=CARTESIAN_POINT('Ctrl Pts',(3.46163605024013,40.7813097556486,8.000144351815));
#9535=CARTESIAN_POINT('Ctrl Pts',(6.91212166695388,40.7801398737597,8.00012678207649));
#9536=CARTESIAN_POINT('Ctrl Pts',(10.3622745178382,40.7781687574171,8.00010417990097));
#9537=CARTESIAN_POINT('Ctrl Pts',(11.3129375323857,40.7776256315078,8.00009795204579));
#9538=CARTESIAN_POINT('Ctrl Pts',(12.2635751920818,40.7770214512945,8.00009154370562));
#9539=CARTESIAN_POINT('Ctrl Pts',(13.2143746319102,40.7763591958071,8.00008553177124));
#9540=CARTESIAN_POINT('Ctrl Pts',(16.1225040220354,40.7743336112665,8.00006714357882));
#9541=CARTESIAN_POINT('Ctrl Pts',(19.0321503603361,40.7717646668701,8.00005252637038));
#9542=CARTESIAN_POINT('Ctrl Pts',(21.948651341238,40.7687504576682,8.00003452836503));
#9543=CARTESIAN_POINT('',(22.0355,40.7594213975221,8.00000293158728));
#9544=CARTESIAN_POINT('Ctrl Pts',(21.9486513790469,40.7687500993637,8.00003451858526));
#9545=CARTESIAN_POINT('Ctrl Pts',(21.9776045598066,40.7664925976987,8.00002125711676));
#9546=CARTESIAN_POINT('Ctrl Pts',(22.0065542105851,40.7641894812242,8.00001154901122));
#9547=CARTESIAN_POINT('Ctrl Pts',(22.0355001864749,40.7618407850125,8.00000586460956));
#9548=CARTESIAN_POINT('',(21.9631828048505,38.757,10.));
#9549=CARTESIAN_POINT('Ctrl Pts',(22.0355,40.757,8.));
#9550=CARTESIAN_POINT('Ctrl Pts',(22.035156528156,40.7473247647384,8.));
#9551=CARTESIAN_POINT('Ctrl Pts',(22.0348129717935,40.7376496593633,8.00007020763302));
#9552=CARTESIAN_POINT('Ctrl Pts',(22.0252254401145,40.4677193139291,8.00398792387206));
#9553=CARTESIAN_POINT('Ctrl Pts',(22.0160286674376,40.2106757102754,8.05853459657185));
#9554=CARTESIAN_POINT('Ctrl Pts',(21.9987930751312,39.7320365044746,8.26300720588961));
#9555=CARTESIAN_POINT('Ctrl Pts',(21.990918685288,39.5149762978657,8.41094370107386));
#9556=CARTESIAN_POINT('Ctrl Pts',(21.9776119925956,39.1498137885105,8.78156580022139));
#9557=CARTESIAN_POINT('Ctrl Pts',(21.9723066864145,39.0051463443118,9.00066621317894));
#9558=CARTESIAN_POINT('Ctrl Pts',(21.9650562059141,38.8077812690946,9.48207863549101));
#9559=CARTESIAN_POINT('Ctrl Pts',(21.9631828048504,38.757,9.73979081261647));
#9560=CARTESIAN_POINT('Ctrl Pts',(21.9631828048504,38.757,10.));
#9561=CARTESIAN_POINT('',(-22.0355,38.757,10.));
#9562=CARTESIAN_POINT('Origin',(20.0499965025507,12.8274855777689,10.));
#9563=CARTESIAN_POINT('Ctrl Pts',(22.0358422993004,40.7618150271508,8.0000058254223));
#9564=CARTESIAN_POINT('Ctrl Pts',(25.6472593118785,40.4688278043448,7.99991854721025));
#9565=CARTESIAN_POINT('Ctrl Pts',(29.166514761345,39.4724226155757,8.00091301848581));
#9566=CARTESIAN_POINT('Ctrl Pts',(35.6460636018588,36.1824403876681,8.00549607398205));
#9567=CARTESIAN_POINT('Ctrl Pts',(38.5409331036654,33.9136598182,8.00902912098208));
#9568=CARTESIAN_POINT('Ctrl Pts',(42.9220932909634,28.838522670875,8.01539068898152));
#9569=CARTESIAN_POINT('Ctrl Pts',(44.5305973944123,26.2098362994308,8.01811542213624));
#9570=CARTESIAN_POINT('Ctrl Pts',(46.8382473763046,20.540656756172,8.02137732055018));
#9571=CARTESIAN_POINT('Ctrl Pts',(47.5228898864385,17.5366971066032,8.02184930878117));
#9572=CARTESIAN_POINT('Ctrl Pts',(47.7108296192714,14.4826961870579,8.02109093969255));
#9573=CARTESIAN_POINT('Origin',(20.0499965025507,12.8274855777689,10.));
#9574=CARTESIAN_POINT('Ctrl Pts',(-2.25998715755147,14.3766027329906,-98.0000005533838));
#9575=CARTESIAN_POINT('Ctrl Pts',(-4.05840030824681,17.0356135969467,-94.1194198248931));
#9576=CARTESIAN_POINT('Ctrl Pts',(-9.18876087051087,24.2670501935178,-82.0478170639377));
#9577=CARTESIAN_POINT('Ctrl Pts',(-18.4698132974346,36.8714115690764,-50.7392301825415));
#9578=CARTESIAN_POINT('Ctrl Pts',(-21.770543487328,40.8837800300999,-17.5203154050853));
#9579=CARTESIAN_POINT('Ctrl Pts',(-22.0140206171009,40.7711855153755,8.01368020256764));
#9580=CARTESIAN_POINT('Ctrl Pts',(-2.062550646533,14.5074723130103,-98.0008701353775));
#9581=CARTESIAN_POINT('Ctrl Pts',(-3.70721440327477,17.2618055088627,-94.1250413059827));
#9582=CARTESIAN_POINT('Ctrl Pts',(-8.30755572125712,24.7335031771723,-82.068989255787));
#9583=CARTESIAN_POINT('Ctrl Pts',(-16.3222177104752,37.3544077105238,-50.7684103911198));
#9584=CARTESIAN_POINT('Ctrl Pts',(-18.8982227655216,40.9259613068697,-17.5364025828332));
#9585=CARTESIAN_POINT('Ctrl Pts',(-19.0807002247358,40.7738935164048,8.01043621274998));
#9586=CARTESIAN_POINT('Ctrl Pts',(-1.42423642563547,14.8620551205314,-98.0066403057067));
#9587=CARTESIAN_POINT('Ctrl Pts',(-2.54167801179099,17.8879385020995,-94.1403732595339));
#9588=CARTESIAN_POINT('Ctrl Pts',(-5.59474959742456,25.9421043997352,-82.1157402581936));
#9589=CARTESIAN_POINT('Ctrl Pts',(-10.4935084326348,38.5737941313927,-50.8466238132586));
#9590=CARTESIAN_POINT('Ctrl Pts',(-11.6643663471848,41.0224841778818,-17.5774213659298));
#9591=CARTESIAN_POINT('Ctrl Pts',(-11.7442157726444,40.7795700539293,8.00337898606566));
#9592=CARTESIAN_POINT('Ctrl Pts',(-0.526957511008974,15.0619853450292,-98.0039391519323));
#9593=CARTESIAN_POINT('Ctrl Pts',(-0.927708803623141,18.2471881132812,-94.1423133650464));
#9594=CARTESIAN_POINT('Ctrl Pts',(-2.06699133013704,26.6451411327032,-82.1372562208639));
#9595=CARTESIAN_POINT('Ctrl Pts',(-3.9060242210711,39.2907323663505,-50.8934160041438));
#9596=CARTESIAN_POINT('Ctrl Pts',(-4.35704682393994,41.0672343644221,-17.6008958964152));
#9597=CARTESIAN_POINT('Ctrl Pts',(-4.40292238671168,40.7817781471757,8.0003293978178));
#9598=CARTESIAN_POINT('Ctrl Pts',(0.548122732611969,15.0591808673016,-98.0039379404753));
#9599=CARTESIAN_POINT('Ctrl Pts',(0.965355048880622,18.2422623890988,-94.1423179919766));
#9600=CARTESIAN_POINT('Ctrl Pts',(2.14417203005215,26.6347774993351,-82.1372485905116));
#9601=CARTESIAN_POINT('Ctrl Pts',(4.01283686535324,39.2759372489601,-50.8932395943742));
#9602=CARTESIAN_POINT('Ctrl Pts',(4.40865394084914,41.0598472024979,-17.6003951464005));
#9603=CARTESIAN_POINT('Ctrl Pts',(4.40662072805812,40.7812453629958,8.00086331511291));
#9604=CARTESIAN_POINT('Ctrl Pts',(1.44343362061403,14.8546646536894,-98.006620386359));
#9605=CARTESIAN_POINT('Ctrl Pts',(2.5757818328336,17.8748407089549,-94.1403592211585));
#9606=CARTESIAN_POINT('Ctrl Pts',(5.66511794708217,25.9149127509724,-82.1156776289298));
#9607=CARTESIAN_POINT('Ctrl Pts',(10.5938201332705,38.5350160329986,-50.8460775696763));
#9608=CARTESIAN_POINT('Ctrl Pts',(11.7156304341506,41.0028590360078,-17.5760839235425));
#9609=CARTESIAN_POINT('Ctrl Pts',(11.7478822466109,40.7781508842645,8.0048009024405));
#9610=CARTESIAN_POINT('Ctrl Pts',(2.07808060076795,14.4982188029953,-98.0008696023038));
#9611=CARTESIAN_POINT('Ctrl Pts',(3.73487422456332,17.2452289479821,-94.1250492085084));
#9612=CARTESIAN_POINT('Ctrl Pts',(8.36584546564121,24.6978904282763,-82.0689381444164));
#9613=CARTESIAN_POINT('Ctrl Pts',(16.4112665479759,37.3000827714639,-50.7677482367817));
#9614=CARTESIAN_POINT('Ctrl Pts',(18.9485955790941,40.8950866322284,-17.5345022324563));
#9615=CARTESIAN_POINT('Ctrl Pts',(19.0843033114536,40.771650711607,8.01268602406388));
#9616=CARTESIAN_POINT('Ctrl Pts',(2.27404340684001,14.367153068621,-98.000000000111));
#9617=CARTESIAN_POINT('Ctrl Pts',(4.08351516763503,17.0186570562509,-94.1194155350674));
#9618=CARTESIAN_POINT('Ctrl Pts',(9.24243931875572,24.2298232374862,-82.0478158377216));
#9619=CARTESIAN_POINT('Ctrl Pts',(18.5544403005937,36.8129107450694,-50.7386860943174));
#9620=CARTESIAN_POINT('Ctrl Pts',(21.8204471978133,40.8486598911222,-17.5182197869839));
#9621=CARTESIAN_POINT('Ctrl Pts',(22.0175941984491,40.7686288134579,8.01624566827493));
#9622=CARTESIAN_POINT('Ctrl Pts',(2.27404340689168,14.3671530686969,-98.));
#9623=CARTESIAN_POINT('Ctrl Pts',(3.01672571282293,15.4591471315729,-96.4035299126466));
#9624=CARTESIAN_POINT('Ctrl Pts',(3.75207823324956,16.5202480605857,-94.7664086604602));
#9625=CARTESIAN_POINT('Ctrl Pts',(5.2291171385716,18.6407128753865,-91.3206980354167));
#9626=CARTESIAN_POINT('Ctrl Pts',(5.96598643464097,19.6905733744955,-89.5163019633104));
#9627=CARTESIAN_POINT('Ctrl Pts',(8.10374943199038,22.7207640277916,-84.0045171824494));
#9628=CARTESIAN_POINT('Ctrl Pts',(9.4255060912895,24.5724203748708,-80.2154110198445));
#9629=CARTESIAN_POINT('Ctrl Pts',(13.1430038267418,29.7311544241796,-68.2966562876054));
#9630=CARTESIAN_POINT('Ctrl Pts',(15.1650913763675,32.464163875903,-59.9266222820038));
#9631=CARTESIAN_POINT('Ctrl Pts',(20.0660952470913,38.9390491729439,-33.387711595639));
#9632=CARTESIAN_POINT('Ctrl Pts',(21.6945766453318,40.8367419437584,-13.6892161162065));
#9633=CARTESIAN_POINT('Ctrl Pts',(21.9486513436088,40.7687504882145,8.00003451879117));
#9634=CARTESIAN_POINT('Ctrl Pts',(-21.9448971366607,40.7713091486047,8.00005118858851));
#9635=CARTESIAN_POINT('Ctrl Pts',(-21.6498157267725,40.8670576072927,-13.69563781934));
#9636=CARTESIAN_POINT('Ctrl Pts',(-19.9969265977597,38.984188764033,-33.3930462745135));
#9637=CARTESIAN_POINT('Ctrl Pts',(-15.0937304255511,32.5129653471455,-59.9267760761936));
#9638=CARTESIAN_POINT('Ctrl Pts',(-13.0756788950074,29.7773038909782,-68.2967557906888));
#9639=CARTESIAN_POINT('Ctrl Pts',(-9.37274695044001,24.6085265240273,-80.2154884751822));
#9640=CARTESIAN_POINT('Ctrl Pts',(-8.05710216810138,22.7526483522095,-84.0045655432063));
#9641=CARTESIAN_POINT('Ctrl Pts',(-5.93049993184062,19.7147501812019,-89.5163131510523));
#9642=CARTESIAN_POINT('Ctrl Pts',(-5.19767159139826,18.6620918460387,-91.3207054192089));
#9643=CARTESIAN_POINT('Ctrl Pts',(-3.72916240341028,16.5358935914211,-94.7662479489203));
#9644=CARTESIAN_POINT('Ctrl Pts',(-2.99816659516432,15.4717567103842,-96.4034181902038));
#9645=CARTESIAN_POINT('Ctrl Pts',(-2.25998741401118,14.3766031121744,-98.));
#9646=CARTESIAN_POINT('Ctrl Pts',(-4.04623567935628,11.3792661660125,-98.0000000197712));
#9647=CARTESIAN_POINT('Ctrl Pts',(-7.26444957684502,11.6809868168868,-94.1036232566036));
#9648=CARTESIAN_POINT('Ctrl Pts',(-16.4720249497402,12.5241126472521,-81.8689753278188));
#9649=CARTESIAN_POINT('Ctrl Pts',(-34.7130280391293,14.0096946853302,-49.6362619063832));
#9650=CARTESIAN_POINT('Ctrl Pts',(-44.3645417056553,14.4589426957922,-16.1484075075944));
#9651=CARTESIAN_POINT('Ctrl Pts',(-47.7629886312877,14.3983162029079,8.35950077316792));
#9652=CARTESIAN_POINT('Ctrl Pts',(-4.03552135038159,11.4934691966619,-98.0000210701399));
#9653=CARTESIAN_POINT('Ctrl Pts',(-7.24631541232722,11.8714066469189,-94.1039671669541));
#9654=CARTESIAN_POINT('Ctrl Pts',(-16.4121015407324,13.082962200898,-81.8814433499794));
#9655=CARTESIAN_POINT('Ctrl Pts',(-34.4733709960842,16.1514495106621,-49.7206879329828));
#9656=CARTESIAN_POINT('Ctrl Pts',(-44.0212860438147,18.1760845941242,-16.2546777897726));
#9657=CARTESIAN_POINT('Ctrl Pts',(-47.5277828398318,18.4271179680613,8.35745878861196));
#9658=CARTESIAN_POINT('Ctrl Pts',(-3.98697175270331,11.9354433562639,-98.0013172352576));
#9659=CARTESIAN_POINT('Ctrl Pts',(-7.15165918673527,12.6866484493813,-94.1068627759972));
#9660=CARTESIAN_POINT('Ctrl Pts',(-16.123175676941,15.007669241473,-81.9070144437016));
#9661=CARTESIAN_POINT('Ctrl Pts',(-33.4300527448896,20.6625940008288,-49.8666818348925));
#9662=CARTESIAN_POINT('Ctrl Pts',(-42.2594958836059,24.4223716388009,-16.4381920256625));
#9663=CARTESIAN_POINT('Ctrl Pts',(-45.6617101303455,25.0622288319046,8.33317297674171));
#9664=CARTESIAN_POINT('Ctrl Pts',(-3.76188778919886,12.5616453923211,-98.0005874180653));
#9665=CARTESIAN_POINT('Ctrl Pts',(-6.7466851615637,13.8046643157217,-94.1083267483715));
#9666=CARTESIAN_POINT('Ctrl Pts',(-15.1536083899966,17.4612850692431,-81.9345002759232));
#9667=CARTESIAN_POINT('Ctrl Pts',(-30.9932096548749,25.3525878695259,-50.0332172736039));
#9668=CARTESIAN_POINT('Ctrl Pts',(-38.6708751506307,29.7643988877454,-16.6585919055088));
#9669=CARTESIAN_POINT('Ctrl Pts',(-41.6320946500476,30.547210126941,8.27373214542325));
#9670=CARTESIAN_POINT('Ctrl Pts',(-3.51192788020649,13.061228109214,-98.0007890367787));
#9671=CARTESIAN_POINT('Ctrl Pts',(-6.30017818818795,14.6914486570867,-94.1103988887652));
#9672=CARTESIAN_POINT('Ctrl Pts',(-14.1116865084053,19.4002935825,-81.9580637861038));
#9673=CARTESIAN_POINT('Ctrl Pts',(-28.6006311501635,28.8967253540463,-50.1730470111341));
#9674=CARTESIAN_POINT('Ctrl Pts',(-35.3367894223522,33.5826381959687,-16.8443290137493));
#9675=CARTESIAN_POINT('Ctrl Pts',(-37.8593896889542,34.3860695539152,8.21828954288815));
#9676=CARTESIAN_POINT('Ctrl Pts',(-3.10841900128698,13.6909228196115,-98.0049690314452));
#9677=CARTESIAN_POINT('Ctrl Pts',(-5.57143089929822,15.812048670929,-94.117066952215));
#9678=CARTESIAN_POINT('Ctrl Pts',(-12.444360710372,21.7884329985174,-81.9919533201617));
#9679=CARTESIAN_POINT('Ctrl Pts',(-25.0236646506252,33.0484320334862,-50.3532111892133));
#9680=CARTESIAN_POINT('Ctrl Pts',(-30.5830952530929,37.7855702654301,-17.0888774948406));
#9681=CARTESIAN_POINT('Ctrl Pts',(-32.4526075029714,38.5027740402749,8.13899537541981));
#9682=CARTESIAN_POINT('Ctrl Pts',(-2.55383770893497,14.1780704681377,-98.0020647034737));
#9683=CARTESIAN_POINT('Ctrl Pts',(-4.56197227281158,16.7001625596971,-94.118732918395));
#9684=CARTESIAN_POINT('Ctrl Pts',(-10.23492261975,23.6421312270987,-82.0259288354923));
#9685=CARTESIAN_POINT('Ctrl Pts',(-20.5807532854169,35.9322767276479,-50.5592109922817));
#9686=CARTESIAN_POINT('Ctrl Pts',(-24.8736562256195,40.1832691167342,-17.360767990854));
#9687=CARTESIAN_POINT('Ctrl Pts',(-25.8807310503279,40.4737490826771,8.04816047875441));
#9688=CARTESIAN_POINT('Ctrl Pts',(-2.25881839152844,14.3748628137111,-98.002534353906));
#9689=CARTESIAN_POINT('Ctrl Pts',(-4.04868007028871,17.0394075888667,-94.1223289526447));
#9690=CARTESIAN_POINT('Ctrl Pts',(-9.05740409023002,24.355167578677,-82.0505494915889));
#9691=CARTESIAN_POINT('Ctrl Pts',(-18.0537219885354,37.014824554178,-50.6923249285217));
#9692=CARTESIAN_POINT('Ctrl Pts',(-21.4317958878796,40.9044880688624,-17.5226127744037));
#9693=CARTESIAN_POINT('Ctrl Pts',(-21.8780884021852,40.7764421785394,7.99923395051104));
#9694=CARTESIAN_POINT('Ctrl Pts',(-47.7125875710324,14.4528890665211,8.0206917028536));
#9695=CARTESIAN_POINT('Ctrl Pts',(-44.9105841539743,14.5262651256177,-11.9845108451782));
#9696=CARTESIAN_POINT('Ctrl Pts',(-39.9199038186806,14.3349433433862,-31.7183103291867));
#9697=CARTESIAN_POINT('Ctrl Pts',(-28.6139215027601,13.5394891850503,-59.18645513571));
#9698=CARTESIAN_POINT('Ctrl Pts',(-24.382927742188,13.206195980531,-67.756069012324));
#9699=CARTESIAN_POINT('Ctrl Pts',(-17.1578100337265,12.5855361491588,-79.9191931685447));
#9700=CARTESIAN_POINT('Ctrl Pts',(-14.6571186036495,12.363642694679,-83.7910362509134));
#9701=CARTESIAN_POINT('Ctrl Pts',(-10.7000467215233,12.0022236229308,-89.4157668566139));
#9702=CARTESIAN_POINT('Ctrl Pts',(-9.35798070961263,11.8780461921117,-91.2464021185811));
#9703=CARTESIAN_POINT('Ctrl Pts',(-6.69892352499722,11.6294399079742,-94.725073826869));
#9704=CARTESIAN_POINT('Ctrl Pts',(-5.38801463200017,11.5054942086632,-96.3754242906835));
#9705=CARTESIAN_POINT('Ctrl Pts',(-4.04623569568538,11.3792661675527,-98.));
#9706=CARTESIAN_POINT('Ctrl Pts',(-3.98784726658101,10.216684994074,-98.0000000322719));
#9707=CARTESIAN_POINT('Ctrl Pts',(-10.3168197278234,8.96371640163459,-90.2248139212425));
#9708=CARTESIAN_POINT('Ctrl Pts',(-18.9668126905166,7.13569658009324,-77.4562829632905));
#9709=CARTESIAN_POINT('Ctrl Pts',(-35.9675798239176,3.36925626182,-44.123137588324));
#9710=CARTESIAN_POINT('Ctrl Pts',(-44.1441934677439,1.26989533114574,-16.2904168967674));
#9711=CARTESIAN_POINT('Ctrl Pts',(-47.7016449590579,0.105129743202029,8.04152373481865));
#9712=CARTESIAN_POINT('Ctrl Pts',(-4.02513144693557,10.4077526699127,-98.0001988937507));
#9713=CARTESIAN_POINT('Ctrl Pts',(-10.4110798994961,9.46054167802325,-90.2272443375751));
#9714=CARTESIAN_POINT('Ctrl Pts',(-19.1047067684219,8.07196283177015,-77.4651233126911));
#9715=CARTESIAN_POINT('Ctrl Pts',(-36.0969992038351,5.17022398665079,-44.1443593599565));
#9716=CARTESIAN_POINT('Ctrl Pts',(-44.1785112525655,3.49646290818761,-16.312653723027));
#9717=CARTESIAN_POINT('Ctrl Pts',(-47.7040855905305,2.50628578325699,8.03730219250724));
#9718=CARTESIAN_POINT('Ctrl Pts',(-4.04876079641779,10.6015196346602,-98.000320247713));
#9719=CARTESIAN_POINT('Ctrl Pts',(-10.4709055765906,9.96434341444839,-90.2287542619828));
#9720=CARTESIAN_POINT('Ctrl Pts',(-19.193714861997,9.01810331421835,-77.4719570592756));
#9721=CARTESIAN_POINT('Ctrl Pts',(-36.1853029308327,6.97938072171303,-44.1628124977321));
#9722=CARTESIAN_POINT('Ctrl Pts',(-44.2080533098851,5.72401050862001,-16.333129036215));
#9723=CARTESIAN_POINT('Ctrl Pts',(-47.7062267677301,4.90751150934663,8.03346096649414));
#9724=CARTESIAN_POINT('Ctrl Pts',(-4.06821691507288,10.9903301920969,-98.0003999981339));
#9725=CARTESIAN_POINT('Ctrl Pts',(-10.5204599421821,10.9744553419256,-90.2298454979928));
#9726=CARTESIAN_POINT('Ctrl Pts',(-19.2721480606647,10.9148455988802,-77.4814249558492));
#9727=CARTESIAN_POINT('Ctrl Pts',(-36.2781416560318,10.6012942712177,-44.1940251780466));
#9728=CARTESIAN_POINT('Ctrl Pts',(-44.2574353483482,10.1791846799246,-16.3704924677338));
#9729=CARTESIAN_POINT('Ctrl Pts',(-47.7098954944183,9.70955341574489,8.02654748162717));
#9730=CARTESIAN_POINT('Ctrl Pts',(-4.06405273254413,11.1854503333217,-98.0003584091347));
#9731=CARTESIAN_POINT('Ctrl Pts',(-10.5102443237686,11.4816069695916,-90.2294268173145));
#9732=CARTESIAN_POINT('Ctrl Pts',(-19.261609617639,11.8658304450506,-77.4840557526654));
#9733=CARTESIAN_POINT('Ctrl Pts',(-36.2827010197985,12.4143381409853,-44.2067810452022));
#9734=CARTESIAN_POINT('Ctrl Pts',(-44.2772770866701,12.4068196356281,-16.387381055452));
#9735=CARTESIAN_POINT('Ctrl Pts',(-47.71142315131,12.1103699621013,8.0234750858091));
#9736=CARTESIAN_POINT('Ctrl Pts',(-4.04604009249766,11.3792477028215,-98.0002368356757));
#9737=CARTESIAN_POINT('Ctrl Pts',(-10.4651150033768,11.9852008958838,-90.2280574622517));
#9738=CARTESIAN_POINT('Ctrl Pts',(-19.2014684634719,12.8119128918343,-77.4846056764139));
#9739=CARTESIAN_POINT('Ctrl Pts',(-36.2455137528181,14.2233725301319,-44.2166971650404));
#9740=CARTESIAN_POINT('Ctrl Pts',(-44.2922410674686,14.6339728234837,-16.4024859518081));
#9741=CARTESIAN_POINT('Ctrl Pts',(-47.7126396515661,14.5111521519046,8.02078700939736));
#9742=CARTESIAN_POINT('Ctrl Pts',(3.98753641677511,10.2162669706534,-98.0002708310752));
#9743=CARTESIAN_POINT('Ctrl Pts',(7.1562799872485,9.58404531310041,-94.1063327488408));
#9744=CARTESIAN_POINT('Ctrl Pts',(16.2314888091795,7.66872660295335,-81.8709304617351));
#9745=CARTESIAN_POINT('Ctrl Pts',(34.3771551465171,3.77476072390617,-49.603004021561));
#9746=CARTESIAN_POINT('Ctrl Pts',(44.1894564703376,1.3387694454336,-16.1294148704712));
#9747=CARTESIAN_POINT('Ctrl Pts',(47.7338264876035,0.165712870933987,8.25302524986318));
#9748=CARTESIAN_POINT('Ctrl Pts',(3.97300117567833,10.1413843040334,-98.0001298393011));
#9749=CARTESIAN_POINT('Ctrl Pts',(7.13377046503134,9.46290832215332,-94.1056757960307));
#9750=CARTESIAN_POINT('Ctrl Pts',(16.1823324491421,7.356738929389,-81.871740841252));
#9751=CARTESIAN_POINT('Ctrl Pts',(34.265239040793,2.67588280282645,-49.6310666207328));
#9752=CARTESIAN_POINT('Ctrl Pts',(44.0771598855258,-0.499270846857488,-16.1686757589412));
#9753=CARTESIAN_POINT('Ctrl Pts',(47.661630627979,-1.82398167965274,8.26036743558162));
#9754=CARTESIAN_POINT('Ctrl Pts',(3.91271923016012,9.85981570321974,-98.0004818293524));
#9755=CARTESIAN_POINT('Ctrl Pts',(7.02468949768234,8.95355099600352,-94.1049635593275));
#9756=CARTESIAN_POINT('Ctrl Pts',(15.9325964825865,6.15846856016534,-81.8810279793573));
#9757=CARTESIAN_POINT('Ctrl Pts',(33.6490340225397,-0.443696734981983,-49.7104180205743));
#9758=CARTESIAN_POINT('Ctrl Pts',(43.19823433752,-5.12890433789554,-16.2728292288804));
#9759=CARTESIAN_POINT('Ctrl Pts',(46.7365907093436,-6.7782002369414,8.26487095564523));
#9760=CARTESIAN_POINT('Ctrl Pts',(3.76166913891855,9.43327618594518,-98.0000999536909));
#9761=CARTESIAN_POINT('Ctrl Pts',(6.75121025616664,8.18450427360917,-94.1052235655503));
#9762=CARTESIAN_POINT('Ctrl Pts',(15.2897258968044,4.45718891457726,-81.8964593271579));
#9763=CARTESIAN_POINT('Ctrl Pts',(32.0622484850707,-3.87798290916239,-49.8137000212103));
#9764=CARTESIAN_POINT('Ctrl Pts',(40.842064049665,-9.29370220258834,-16.4115647373478));
#9765=CARTESIAN_POINT('Ctrl Pts',(44.0369670386143,-11.1137728053064,8.232539448101));
#9766=CARTESIAN_POINT('Ctrl Pts',(3.50234760414535,8.9177388424048,-98.000462936852));
#9767=CARTESIAN_POINT('Ctrl Pts',(6.28735308419287,7.26843231406973,-94.1073085985598));
#9768=CARTESIAN_POINT('Ctrl Pts',(14.2094214997259,2.46055846330305,-81.9211161745088));
#9769=CARTESIAN_POINT('Ctrl Pts',(29.5230554870969,-7.63119364451801,-49.9586947302194));
#9770=CARTESIAN_POINT('Ctrl Pts',(37.2042891678004,-13.479334879419,-16.6071450583142));
#9771=CARTESIAN_POINT('Ctrl Pts',(39.8334165940208,-15.3513555766719,8.17334450115232));
#9772=CARTESIAN_POINT('Ctrl Pts',(3.21536969556295,8.48053037036214,-98.0022228623699));
#9773=CARTESIAN_POINT('Ctrl Pts',(5.76432816391067,6.48285704119861,-94.1117285070508));
#9774=CARTESIAN_POINT('Ctrl Pts',(13.0154156686219,0.805129745559813,-81.9475508994565));
#9775=CARTESIAN_POINT('Ctrl Pts',(26.8540122165642,-10.452443558345,-50.09521589382));
#9776=CARTESIAN_POINT('Ctrl Pts',(33.5088068603919,-16.2814624701375,-16.7959704432691));
#9777=CARTESIAN_POINT('Ctrl Pts',(35.5366836816423,-18.073661055274,8.10725998540006));
#9778=CARTESIAN_POINT('Ctrl Pts',(2.88754892137005,8.1378418248255,-98.0016616521717));
#9779=CARTESIAN_POINT('Ctrl Pts',(5.1741153948708,5.86999781827617,-94.1164340044433));
#9780=CARTESIAN_POINT('Ctrl Pts',(11.6785558429814,-0.449058646773823,-81.9791467553176));
#9781=CARTESIAN_POINT('Ctrl Pts',(23.9018737150025,-12.2730058319691,-50.2705304482115));
#9782=CARTESIAN_POINT('Ctrl Pts',(29.3542673797225,-17.6251465948583,-17.0152808054215));
#9783=CARTESIAN_POINT('Ctrl Pts',(30.6294370383375,-19.0335187603371,8.03115538448512));
#9784=CARTESIAN_POINT('Ctrl Pts',(2.76413510547265,8.02382392703585,-98.0020312162415));
#9785=CARTESIAN_POINT('Ctrl Pts',(4.95846713956444,5.67328339609671,-94.1193113988759));
#9786=CARTESIAN_POINT('Ctrl Pts',(11.1770693944355,-0.847665477372802,-81.9939001663852));
#9787=CARTESIAN_POINT('Ctrl Pts',(22.7668057645592,-12.8161144862232,-50.3485134918376));
#9788=CARTESIAN_POINT('Ctrl Pts',(27.7000655870155,-17.9291203345395,-17.1044110165891));
#9789=CARTESIAN_POINT('Ctrl Pts',(28.6577614607124,-19.1221308652812,8.00171394096713));
#9790=CARTESIAN_POINT('Ctrl Pts',(31.2568261112907,4.38057642206592,-52.0592174172698));
#9791=CARTESIAN_POINT('Ctrl Pts',(38.9240495708085,2.6423229269277,-33.9356436571822));
#9792=CARTESIAN_POINT('Ctrl Pts',(44.5116101371466,1.22908204653333,-13.7846685062403));
#9793=CARTESIAN_POINT('Ctrl Pts',(47.7002313182944,0.176815527961108,8.0225929259324));
#9794=CARTESIAN_POINT('Ctrl Pts',(4.04603933490464,11.3792558536498,-98.0002368305624));
#9795=CARTESIAN_POINT('Ctrl Pts',(10.4651107982588,11.9852218584813,-90.2280601985092));
#9796=CARTESIAN_POINT('Ctrl Pts',(22.1138143150606,13.0847069429715,-73.2370583836432));
#9797=CARTESIAN_POINT('Ctrl Pts',(38.0434522140869,14.3331426681435,-38.7903481776026));
#9798=CARTESIAN_POINT('Ctrl Pts',(45.1473328191813,14.6033629260426,-10.2967056750546));
#9799=CARTESIAN_POINT('Ctrl Pts',(47.7126332478325,14.5112533570029,8.02074080532119));
#9800=CARTESIAN_POINT('Ctrl Pts',(4.06405261523543,11.1854558042864,-98.0003584078369));
#9801=CARTESIAN_POINT('Ctrl Pts',(10.5102417190087,11.4816210831394,-90.2294295987257));
#9802=CARTESIAN_POINT('Ctrl Pts',(22.1787599741032,11.9921706541733,-73.2358361171772));
#9803=CARTESIAN_POINT('Ctrl Pts',(38.0667760982088,12.4306172733602,-38.7782709077281));
#9804=CARTESIAN_POINT('Ctrl Pts',(45.1358056818331,12.332771098066,-10.2847048508864));
#9805=CARTESIAN_POINT('Ctrl Pts',(47.7114167132981,12.1104378380602,8.02342893207822));
#9806=CARTESIAN_POINT('Ctrl Pts',(4.06821705152923,10.9903329173439,-98.0003999987134));
#9807=CARTESIAN_POINT('Ctrl Pts',(10.5204579705029,10.9744624276463,-90.229848298911));
#9808=CARTESIAN_POINT('Ctrl Pts',(22.1893262424024,10.8942853874479,-73.2321669748256));
#9809=CARTESIAN_POINT('Ctrl Pts',(38.0572333234253,10.5249640088322,-38.7635634847706));
#9810=CARTESIAN_POINT('Ctrl Pts',(45.1205423010614,10.0618093340888,-10.2712701366598));
#9811=CARTESIAN_POINT('Ctrl Pts',(47.7098890047305,9.70958796025027,8.02650139166206));
#9812=CARTESIAN_POINT('Ctrl Pts',(4.04876079635245,10.6015196346267,-98.0003202476977));
#9813=CARTESIAN_POINT('Ctrl Pts',(10.4709032678561,9.96434364345336,-90.2287570555331));
#9814=CARTESIAN_POINT('Ctrl Pts',(22.1013615802935,8.70417774491605,-73.2198901187058));
#9815=CARTESIAN_POINT('Ctrl Pts',(37.9722590641329,6.71687646422212,-38.7288715183657));
#9816=CARTESIAN_POINT('Ctrl Pts',(45.0825882603433,5.51988725572681,-10.2415189674104));
#9817=CARTESIAN_POINT('Ctrl Pts',(47.7062201660552,4.90751304999851,8.03341498244064));
#9818=CARTESIAN_POINT('Ctrl Pts',(4.02513144693556,10.4077526699127,-98.0001988937507));
#9819=CARTESIAN_POINT('Ctrl Pts',(10.4110776040889,9.46054201851128,-90.22724713167));
#9820=CARTESIAN_POINT('Ctrl Pts',(22.0027976397373,7.61162807213313,-73.2112867969251));
#9821=CARTESIAN_POINT('Ctrl Pts',(37.8968097959338,4.8142087943721,-38.7088896771271));
#9822=CARTESIAN_POINT('Ctrl Pts',(45.0598963597879,3.24892055650536,-10.2252021664839));
#9823=CARTESIAN_POINT('Ctrl Pts',(47.704078937146,2.50628765189628,8.03725623985088));
#9824=CARTESIAN_POINT('Ctrl Pts',(3.98784726658099,10.216684994074,-98.0000000322719));
#9825=CARTESIAN_POINT('Ctrl Pts',(10.3168174527973,8.96371685202938,-90.2248167161276));
#9826=CARTESIAN_POINT('Ctrl Pts',(21.8506489330244,6.52989495020894,-73.2003225214822));
#9827=CARTESIAN_POINT('Ctrl Pts',(37.7889982924396,2.91794780857497,-38.6863356991284));
#9828=CARTESIAN_POINT('Ctrl Pts',(45.0335477693945,0.978706302099469,-10.2074691501372));
#9829=CARTESIAN_POINT('Ctrl Pts',(47.7016382455163,0.105131941320643,8.04147781615981));
#9830=CARTESIAN_POINT('Ctrl Pts',(47.7125856995895,14.452982069166,8.02067789947785));
#9831=CARTESIAN_POINT('Ctrl Pts',(44.9105817600058,14.5271653577537,-11.9845285094107));
#9832=CARTESIAN_POINT('Ctrl Pts',(39.9199062176854,14.3361344061421,-31.7182925720003));
#9833=CARTESIAN_POINT('Ctrl Pts',(28.6138979751375,13.5407093928467,-59.1864291567046));
#9834=CARTESIAN_POINT('Ctrl Pts',(24.382893923544,13.2073558284723,-67.756038065336));
#9835=CARTESIAN_POINT('Ctrl Pts',(17.1577853501415,12.5864044815626,-79.9191464939131));
#9836=CARTESIAN_POINT('Ctrl Pts',(14.657107693355,12.3643821248633,-83.7909743954977));
#9837=CARTESIAN_POINT('Ctrl Pts',(10.7000713161575,12.0026944608987,-89.415681070244));
#9838=CARTESIAN_POINT('Ctrl Pts',(9.35802455891783,11.878415014248,-91.2463019410293));
#9839=CARTESIAN_POINT('Ctrl Pts',(6.69892524062631,11.629597318373,-94.7250558386295));
#9840=CARTESIAN_POINT('Ctrl Pts',(5.38800062869188,11.5055362955069,-96.3754363858557));
#9841=CARTESIAN_POINT('Ctrl Pts',(4.04623493383327,11.3792743183793,-98.0000000000001));
#9842=CARTESIAN_POINT('Ctrl Pts',(2.27286741289672,14.3654180504864,-98.0025337749833));
#9843=CARTESIAN_POINT('Ctrl Pts',(4.07378560082758,17.0224426004118,-94.122390658011));
#9844=CARTESIAN_POINT('Ctrl Pts',(7.43380580441477,21.8839455818031,-86.0765987102917));
#9845=CARTESIAN_POINT('Ctrl Pts',(11.6893407525518,27.9312310057786,-73.0895079762801));
#9846=CARTESIAN_POINT('Ctrl Pts',(18.7001670635943,37.6052711644722,-45.1666502936573));
#9847=CARTESIAN_POINT('Ctrl Pts',(21.4857629022126,40.8690791337881,-17.5228193515777));
#9848=CARTESIAN_POINT('Ctrl Pts',(21.8820119315133,40.7738671464881,7.99923179810657));
#9849=CARTESIAN_POINT('Ctrl Pts',(2.46808838112608,14.2340235534404,-98.0022176015922));
#9850=CARTESIAN_POINT('Ctrl Pts',(4.41384130614533,16.7960372778051,-94.1202476446758));
#9851=CARTESIAN_POINT('Ctrl Pts',(8.06615596248995,21.4912258515166,-86.0643887187449));
#9852=CARTESIAN_POINT('Ctrl Pts',(12.7255752202014,27.3857576072887,-73.0526040176876));
#9853=CARTESIAN_POINT('Ctrl Pts',(20.4786863943569,36.9248780496565,-45.0742847700771));
#9854=CARTESIAN_POINT('Ctrl Pts',(23.7766369982469,40.3902748683242,-17.4154334077494));
#9855=CARTESIAN_POINT('Ctrl Pts',(24.5501226289977,40.5722229587275,8.03134708873909));
#9856=CARTESIAN_POINT('Ctrl Pts',(3.00129184316961,13.8043014821228,-98.005056703971));
#9857=CARTESIAN_POINT('Ctrl Pts',(5.37246256500639,16.0220550396371,-94.118297540646));
#9858=CARTESIAN_POINT('Ctrl Pts',(9.79904209394889,20.1526963542587,-86.0389329421946));
#9859=CARTESIAN_POINT('Ctrl Pts',(15.4863206672889,25.5101270129375,-72.9676525996135));
#9860=CARTESIAN_POINT('Ctrl Pts',(25.0567524405723,34.5087759477454,-44.8512258245864));
#9861=CARTESIAN_POINT('Ctrl Pts',(29.4891120301063,38.4094961777597,-17.1433470194007));
#9862=CARTESIAN_POINT('Ctrl Pts',(31.1589381624977,39.1022451324347,8.11812447317673));
#9863=CARTESIAN_POINT('Ctrl Pts',(3.45638607088394,13.1782741916951,-98.0012746992826));
#9864=CARTESIAN_POINT('Ctrl Pts',(6.20455344933366,14.892032170554,-94.1116490745462));
#9865=CARTESIAN_POINT('Ctrl Pts',(11.3216035123741,18.1951726238044,-86.0135479168829));
#9866=CARTESIAN_POINT('Ctrl Pts',(17.9278433734874,22.6745101405845,-72.8905751634535));
#9867=CARTESIAN_POINT('Ctrl Pts',(29.1306364161047,30.5352844388381,-44.6560961958913));
#9868=CARTESIAN_POINT('Ctrl Pts',(34.5355013686451,34.5196641702951,-16.8918964096676));
#9869=CARTESIAN_POINT('Ctrl Pts',(36.9201521496662,35.3482352939136,8.202110736017));
#9870=CARTESIAN_POINT('Ctrl Pts',(3.76331392053291,12.5586713689912,-98.0006638477607));
#9871=CARTESIAN_POINT('Ctrl Pts',(6.74730685846022,13.8035014042853,-94.1086398658652));
#9872=CARTESIAN_POINT('Ctrl Pts',(12.3550136496476,16.2352372039104,-85.9927002813259));
#9873=CARTESIAN_POINT('Ctrl Pts',(19.6877278190477,19.7044495609881,-72.8197254031269));
#9874=CARTESIAN_POINT('Ctrl Pts',(32.2924306838861,26.0676941494572,-44.4713139844907));
#9875=CARTESIAN_POINT('Ctrl Pts',(38.6915054560329,29.750737400185,-16.6601804589271));
#9876=CARTESIAN_POINT('Ctrl Pts',(41.6336407404077,30.5468334821706,8.27097739413282));
#9877=CARTESIAN_POINT('Ctrl Pts',(3.9873684028786,11.9341222146761,-98.0013942653292));
#9878=CARTESIAN_POINT('Ctrl Pts',(7.15217574923711,12.6843321163399,-94.107107984152));
#9879=CARTESIAN_POINT('Ctrl Pts',(13.1348827555134,14.2292100202804,-85.9738208937455));
#9880=CARTESIAN_POINT('Ctrl Pts',(21.0721885115521,16.6165761382876,-72.7526990417054));
#9881=CARTESIAN_POINT('Ctrl Pts',(34.9128055300981,21.2788453183786,-44.296031103921));
#9882=CARTESIAN_POINT('Ctrl Pts',(42.2715496653165,24.415181490152,-16.4398805218276));
#9883=CARTESIAN_POINT('Ctrl Pts',(45.6626705348404,25.062336552346,8.33027974920079));
#9884=CARTESIAN_POINT('Ctrl Pts',(4.03552774860659,11.4934552053545,-98.00001672458));
#9885=CARTESIAN_POINT('Ctrl Pts',(7.24627995019982,11.8723739753009,-94.1040225113924));
#9886=CARTESIAN_POINT('Ctrl Pts',(13.3570132801367,12.6791830127338,-85.9558131076965));
#9887=CARTESIAN_POINT('Ctrl Pts',(21.5734370273919,13.9594720125074,-72.6929317501349));
#9888=CARTESIAN_POINT('Ctrl Pts',(36.0677554622654,16.4883747514653,-44.1439701168371));
#9889=CARTESIAN_POINT('Ctrl Pts',(44.0252586505069,18.1755013632958,-16.2563517600306));
#9890=CARTESIAN_POINT('Ctrl Pts',(47.5278030614282,18.4267705863984,8.3549345552493));
#9891=CARTESIAN_POINT('Ctrl Pts',(4.04623494573773,11.3792743194143,-97.9999999855961));
#9892=CARTESIAN_POINT('Ctrl Pts',(7.26437930074467,11.6811499488112,-94.1036892906227));
#9893=CARTESIAN_POINT('Ctrl Pts',(13.4025273066773,12.2459886588938,-85.9474901165555));
#9894=CARTESIAN_POINT('Ctrl Pts',(21.683332842157,12.9489139976352,-72.6600035072106));
#9895=CARTESIAN_POINT('Ctrl Pts',(36.3209174849635,14.0886727114674,-44.056027270697));
#9896=CARTESIAN_POINT('Ctrl Pts',(44.3640208452031,14.4607760940655,-16.1500123912758));
#9897=CARTESIAN_POINT('Ctrl Pts',(47.7626938223282,14.3981930934191,8.35731861680267));
#9898=CARTESIAN_POINT('Origin',(7.85343462008045E-15,9.77192457616751,10.));
#9899=CARTESIAN_POINT('',(48.,14.5,10.));
#9900=CARTESIAN_POINT('Origin',(20.0499965025507,12.8274855777689,10.));
#9901=CARTESIAN_POINT('',(28.7867965644036,-19.2132034355964,10.));
#9902=CARTESIAN_POINT('',(28.7867965644036,-19.2132034355964,10.));
#9903=CARTESIAN_POINT('',(48.,8.88178419700125E-15,10.));
#9904=CARTESIAN_POINT('Origin',(28.0149011156754,0.771895448728177,10.));
#9905=CARTESIAN_POINT('',(48.,14.5,10.));
#9906=CARTESIAN_POINT('Ctrl Pts',(2.79726809987557,15.1443082869664,-100.));
#9907=CARTESIAN_POINT('Ctrl Pts',(15.9843608192696,34.6817196778911,-71.9087256510918));
#9908=CARTESIAN_POINT('Ctrl Pts',(21.9036036515723,43.154800867463,-36.2933199449015));
#9909=CARTESIAN_POINT('Ctrl Pts',(22.0355,42.757,10.));
#9910=CARTESIAN_POINT('Ctrl Pts',(3.04140652604169,14.9795230962469,-100.));
#9911=CARTESIAN_POINT('Ctrl Pts',(17.3794350682704,33.7400916851183,-71.9087256510917));
#9912=CARTESIAN_POINT('Ctrl Pts',(24.1036726573156,42.4152349653964,-36.167937950411));
#9913=CARTESIAN_POINT('Ctrl Pts',(24.926191430859,42.5649642996536,10.));
#9914=CARTESIAN_POINT('Ctrl Pts',(3.69902862864077,14.4553105325376,-100.));
#9915=CARTESIAN_POINT('Ctrl Pts',(21.0617318787559,30.6578818263705,-71.9087256510919));
#9916=CARTESIAN_POINT('Ctrl Pts',(29.5830410578025,39.8581966138091,-35.854482964185));
#9917=CARTESIAN_POINT('Ctrl Pts',(32.0838816641649,41.0327289722771,10.));
#9918=CARTESIAN_POINT('Ctrl Pts',(4.25118490866601,13.6866130581523,-100.));
#9919=CARTESIAN_POINT('Ctrl Pts',(24.2827840243128,26.3464194179091,-71.9087256510917));
#9920=CARTESIAN_POINT('Ctrl Pts',(34.4157846501112,35.5643600082695,-35.5410279779587));
#9921=CARTESIAN_POINT('Ctrl Pts',(38.3148008598235,37.0168328394776,10.));
#9922=CARTESIAN_POINT('Ctrl Pts',(4.63243126549763,12.915039992528,-100.));
#9923=CARTESIAN_POINT('Ctrl Pts',(26.4677538938445,21.940683111939,-71.9087256510919));
#9924=CARTESIAN_POINT('Ctrl Pts',(38.4207087962434,30.4821442519389,-35.2275729917327));
#9925=CARTESIAN_POINT('Ctrl Pts',(43.4062082825356,31.866314308883,10.));
#9926=CARTESIAN_POINT('Ctrl Pts',(4.90818088694016,12.148062990814,-100.));
#9927=CARTESIAN_POINT('Ctrl Pts',(28.0040303948186,17.5842207215651,-71.9087256510917));
#9928=CARTESIAN_POINT('Ctrl Pts',(41.8897222119381,24.8912274815889,-34.9141180055065));
#9929=CARTESIAN_POINT('Ctrl Pts',(47.7539100902968,25.9762659329328,10.));
#9930=CARTESIAN_POINT('Ctrl Pts',(4.9647930527301,11.6094751021094,-100.));
#9931=CARTESIAN_POINT('Ctrl Pts',(28.3701957461178,14.4827086981442,-71.9087256510918));
#9932=CARTESIAN_POINT('Ctrl Pts',(43.6932500629366,18.5167712002148,-34.6006630192805));
#9933=CARTESIAN_POINT('Ctrl Pts',(49.7570784675354,18.8387996163716,10.));
#9934=CARTESIAN_POINT('Ctrl Pts',(4.9781929993962,11.4664702142288,-100.));
#9935=CARTESIAN_POINT('Ctrl Pts',(28.446766734247,13.6655393582071,-71.9087256510918));
#9936=CARTESIAN_POINT('Ctrl Pts',(44.1470072648079,14.7416492692798,-34.4125900275448));
#9937=CARTESIAN_POINT('Ctrl Pts',(50.,14.5,10.));
#9938=CARTESIAN_POINT('',(22.0355,42.757,10.));
#9939=CARTESIAN_POINT('Ctrl Pts',(2.79726809987557,15.1443082869664,-100.));
#9940=CARTESIAN_POINT('Ctrl Pts',(15.9843608192696,34.6817196778911,-71.9087256510918));
#9941=CARTESIAN_POINT('Ctrl Pts',(21.9036036515723,43.154800867463,-36.2933199449015));
#9942=CARTESIAN_POINT('Ctrl Pts',(22.0355,42.757,10.));
#9943=CARTESIAN_POINT('',(23.8461781877054,42.5814343310989,10.));
#9944=CARTESIAN_POINT('Origin',(20.0469099026319,12.8229807338766,10.));
#9945=CARTESIAN_POINT('',(50.,14.5,10.));
#9946=CARTESIAN_POINT('Origin',(20.0469099026319,12.8229807338766,10.));
#9947=CARTESIAN_POINT('Ctrl Pts',(4.9781929993962,11.4664702142288,-100.));
#9948=CARTESIAN_POINT('Ctrl Pts',(28.446766734247,13.665539358207,-71.9087256510918));
#9949=CARTESIAN_POINT('Ctrl Pts',(44.1470072648079,14.7416492692798,-34.4125900275448));
#9950=CARTESIAN_POINT('Ctrl Pts',(50.,14.5,10.));
#9951=CARTESIAN_POINT('Ctrl Pts',(4.9781929993962,11.4664702142288,-100.));
#9952=CARTESIAN_POINT('Ctrl Pts',(28.446766734247,13.665539358207,-71.9087256510918));
#9953=CARTESIAN_POINT('Ctrl Pts',(44.1470072648079,14.7416492692798,-34.4125900275448));
#9954=CARTESIAN_POINT('Ctrl Pts',(50.,14.5,10.));
#9955=CARTESIAN_POINT('Ctrl Pts',(5.00052624383969,11.2281287344278,-100.));
#9956=CARTESIAN_POINT('Ctrl Pts',(28.5743850477957,12.3035904583117,-71.9087256510917));
#9957=CARTESIAN_POINT('Ctrl Pts',(44.1165513340021,12.6160740469292,-34.3832090098197));
#9958=CARTESIAN_POINT('Ctrl Pts',(50.,12.0833333333333,10.));
#9959=CARTESIAN_POINT('Ctrl Pts',(5.00571371251045,10.9881826380521,-100.));
#9960=CARTESIAN_POINT('Ctrl Pts',(28.6040257924282,10.932470815246,-71.9087256510918));
#9961=CARTESIAN_POINT('Ctrl Pts',(44.0803505200137,10.4899650434636,-34.3538279920946));
#9962=CARTESIAN_POINT('Ctrl Pts',(50.,9.66666666666668,10.));
#9963=CARTESIAN_POINT('Ctrl Pts',(4.98168878905848,10.5100140505814,-100.));
#9964=CARTESIAN_POINT('Ctrl Pts',(28.4667409208308,8.20008695295877,-71.9087256510917));
#9965=CARTESIAN_POINT('Ctrl Pts',(43.9965415607857,6.23832018221219,-34.2950659566445));
#9966=CARTESIAN_POINT('Ctrl Pts',(50.,4.83333333333334,10.));
#9967=CARTESIAN_POINT('Ctrl Pts',(4.95247663591635,10.2717963159227,-100.));
#9968=CARTESIAN_POINT('Ctrl Pts',(28.2998163461738,6.83884346418879,-71.9087256510918));
#9969=CARTESIAN_POINT('Ctrl Pts',(43.9489334155462,4.11278432442636,-34.2656849389193));
#9970=CARTESIAN_POINT('Ctrl Pts',(50.,2.41666666666668,10.));
#9971=CARTESIAN_POINT('Ctrl Pts',(4.90636589285267,10.0368937102002,-100.));
#9972=CARTESIAN_POINT('Ctrl Pts',(28.0363268526901,5.49654523849421,-71.9087256510918));
#9973=CARTESIAN_POINT('Ctrl Pts',(43.8956628222379,1.98835539343524,-34.2363039211943));
#9974=CARTESIAN_POINT('Ctrl Pts',(50.,8.88178419700125E-15,10.));
#9975=CARTESIAN_POINT('',(50.,8.88178419700125E-15,10.));
#9976=CARTESIAN_POINT('',(50.,8.88178419700125E-15,10.));
#9977=CARTESIAN_POINT('',(33.0878776905036,4.22760887707119,-52.8484842508118));
#9978=CARTESIAN_POINT('Ctrl Pts',(33.0878776905036,4.22760887707119,-52.8484842508118));
#9979=CARTESIAN_POINT('Ctrl Pts',(41.0972758645003,2.45807194319263,-33.9251729042832));
#9980=CARTESIAN_POINT('Ctrl Pts',(46.8485943861873,1.02650200450162,-12.8372929692397));
#9981=CARTESIAN_POINT('Ctrl Pts',(50.,1.16573417585641E-14,10.));
#9982=CARTESIAN_POINT('Ctrl Pts',(4.90636589285267,10.0368937102002,-100.));
#9983=CARTESIAN_POINT('Ctrl Pts',(16.0953270858944,7.84053103838176,-86.4110372214294));
#9984=CARTESIAN_POINT('Ctrl Pts',(25.5829076629799,5.88570120346725,-70.5800143098708));
#9985=CARTESIAN_POINT('Ctrl Pts',(33.0878776905036,4.22760887707119,-52.8484842508118));
#9986=CARTESIAN_POINT('Ctrl Pts',(4.90636589285267,10.0368937102002,-100.));
#9987=CARTESIAN_POINT('Ctrl Pts',(28.0363268526901,5.49654523849422,-71.9087256510918));
#9988=CARTESIAN_POINT('Ctrl Pts',(43.8956628222379,1.98835539343524,-34.2363039211943));
#9989=CARTESIAN_POINT('Ctrl Pts',(50.,1.16573417585641E-14,10.));
#9990=CARTESIAN_POINT('Ctrl Pts',(4.8879215956272,9.94293266791118,-100.));
#9991=CARTESIAN_POINT('Ctrl Pts',(27.9309310552967,4.9596259482164,-71.9087256510917));
#9992=CARTESIAN_POINT('Ctrl Pts',(43.7358488501328,0.0762080948854063,-34.3237166273048));
#9993=CARTESIAN_POINT('Ctrl Pts',(49.9226542209235,-2.19935977737978,10.));
#9994=CARTESIAN_POINT('Ctrl Pts',(4.81421795376082,9.59717654178136,-100.));
#9995=CARTESIAN_POINT('Ctrl Pts',(27.4906525029395,2.97850280759342,-71.9087256510919));
#9996=CARTESIAN_POINT('Ctrl Pts',(42.8031076212133,-4.74966198525248,-34.5422483925812));
#9997=CARTESIAN_POINT('Ctrl Pts',(48.8997422513455,-7.66936714146191,10.));
#9998=CARTESIAN_POINT('Ctrl Pts',(4.62872305588249,9.07437805905259,-100.));
#9999=CARTESIAN_POINT('Ctrl Pts',(26.446860441591,-0.00388401611054356,
-71.9087256510917));
#10000=CARTESIAN_POINT('Ctrl Pts',(40.50999603371,-9.17802699785332,-34.7607801578576));
#10001=CARTESIAN_POINT('Ctrl Pts',(45.9063856026279,-12.4501403601943,10.));
#10002=CARTESIAN_POINT('Ctrl Pts',(4.36073973286017,8.54263642685924,-100.));
#10003=CARTESIAN_POINT('Ctrl Pts',(24.9186879357876,-3.04361034132999,-71.9087256510919));
#10004=CARTESIAN_POINT('Ctrl Pts',(37.566130248502,-12.9848749531884,-34.979311923134));
#10005=CARTESIAN_POINT('Ctrl Pts',(42.01393102764,-16.3380642094857,10.));
#10006=CARTESIAN_POINT('Ctrl Pts',(4.04138003380515,8.00416967162217,-100.));
#10007=CARTESIAN_POINT('Ctrl Pts',(23.0597841397715,-6.09012610448082,-71.9087256510917));
#10008=CARTESIAN_POINT('Ctrl Pts',(34.202562421082,-16.3899856319261,-35.1978436884104));
#10009=CARTESIAN_POINT('Ctrl Pts',(37.5362119247298,-19.6433625740631,10.));
#10010=CARTESIAN_POINT('Ctrl Pts',(3.63123322505686,7.54846973212096,-100.));
#10011=CARTESIAN_POINT('Ctrl Pts',(20.7498673762486,-8.72299515475937,-71.9087256510918));
#10012=CARTESIAN_POINT('Ctrl Pts',(30.1494654790716,-18.5028349542832,-35.4163754536868));
#10013=CARTESIAN_POINT('Ctrl Pts',(32.0858362304733,-21.0971847669817,10.));
#10014=CARTESIAN_POINT('Ctrl Pts',(3.40067052455023,7.33456142004053,-100.));
#10015=CARTESIAN_POINT('Ctrl Pts',(19.432368564988,-9.9453262007848,-71.9087256510918));
#10016=CARTESIAN_POINT('Ctrl Pts',(27.7200984377211,-19.2733641533536,-35.5474945128526));
#10017=CARTESIAN_POINT('Ctrl Pts',(28.7867965644036,-21.2132034355964,10.));
#10018=CARTESIAN_POINT('',(28.7867965644036,-21.2132034355964,10.));
#10019=CARTESIAN_POINT('Origin',(28.0135916054608,0.77320495894281,10.));
#10020=CARTESIAN_POINT('Ctrl Pts',(3.40067052455023,7.33456142004053,-100.));
#10021=CARTESIAN_POINT('Ctrl Pts',(19.432368564988,-9.9453262007848,-71.9087256510918));
#10022=CARTESIAN_POINT('Ctrl Pts',(27.7200984377211,-19.2733641533536,-35.5474945128526));
#10023=CARTESIAN_POINT('Ctrl Pts',(28.7867965644036,-21.2132034355964,10.));
#10024=CARTESIAN_POINT('Ctrl Pts',(3.40067052455023,7.33456142004053,-100.));
#10025=CARTESIAN_POINT('Ctrl Pts',(19.432368564988,-9.9453262007848,-71.9087256510918));
#10026=CARTESIAN_POINT('Ctrl Pts',(27.7200984377211,-19.2733641533536,-35.5474945128526));
#10027=CARTESIAN_POINT('Ctrl Pts',(28.7867965644036,-21.2132034355964,10.));
#10028=CARTESIAN_POINT('Ctrl Pts',(3.2469620575458,7.19195587865358,-100.));
#10029=CARTESIAN_POINT('Ctrl Pts',(18.5540360241476,-10.7602135648018,-71.9087256510918));
#10030=CARTESIAN_POINT('Ctrl Pts',(24.1239900692257,-19.3208993338159,-35.5474945128526));
#10031=CARTESIAN_POINT('Ctrl Pts',(24.9485570224831,-21.2132034355964,10.));
#10032=CARTESIAN_POINT('Ctrl Pts',(2.80967763722437,6.81128066084489,-100.));
#10033=CARTESIAN_POINT('Ctrl Pts',(15.8708332821936,-12.8525310073138,-71.9087256510917));
#10034=CARTESIAN_POINT('Ctrl Pts',(18.639913235602,-19.3779415503707,-35.5474945128526));
#10035=CARTESIAN_POINT('Ctrl Pts',(19.1911977096024,-21.2132034355964,10.));
#10036=CARTESIAN_POINT('Ctrl Pts',(1.60149823564104,6.20152282881377,-100.));
#10037=CARTESIAN_POINT('Ctrl Pts',(8.95566358652836,-16.2632665323185,-71.9087256510918));
#10038=CARTESIAN_POINT('Ctrl Pts',(9.36491375824132,-19.4373605259486,-35.5474945128526));
#10039=CARTESIAN_POINT('Ctrl Pts',(9.59559885480119,-21.2132034355964,10.));
#10040=CARTESIAN_POINT('Ctrl Pts',(0.643739881215308,5.99849950181744,-99.9999999999999));
#10041=CARTESIAN_POINT('Ctrl Pts',(3.67553393158748,-17.5728784436513,-71.9087256510917));
#10042=CARTESIAN_POINT('Ctrl Pts',(3.74596550329652,-19.4516210800873,-35.5474945128526));
#10043=CARTESIAN_POINT('Ctrl Pts',(3.83823954192048,-21.2132034355964,9.99999999999999));
#10044=CARTESIAN_POINT('Ctrl Pts',(-0.160781041984583,6.00004187462098,
-99.9999999999999));
#10045=CARTESIAN_POINT('Ctrl Pts',(-0.918729554577641,-17.5713360708477,
-71.9087256510917));
#10046=CARTESIAN_POINT('Ctrl Pts',(-0.936491375824146,-19.4516210800873,
-35.5474945128526));
#10047=CARTESIAN_POINT('Ctrl Pts',(-0.959559885480117,-21.2132034355964,
9.99999999999999));
#10048=CARTESIAN_POINT('Ctrl Pts',(-0.804144992843671,6.02988481640252,
-99.9999999999999));
#10049=CARTESIAN_POINT('Ctrl Pts',(-4.55633425996839,-17.3570616983434,
-71.9087256510917));
#10050=CARTESIAN_POINT('Ctrl Pts',(-4.68245687912068,-19.4492443210641,
-35.5474945128526));
#10051=CARTESIAN_POINT('Ctrl Pts',(-4.79779942740059,-21.2132034355964,
9.99999999999999));
#10052=CARTESIAN_POINT('Ctrl Pts',(-1.87647643437018,6.3020822115812,-100.));
#10053=CARTESIAN_POINT('Ctrl Pts',(-10.4967866668608,-15.6822335597686,
-71.9087256510917));
#10054=CARTESIAN_POINT('Ctrl Pts',(-11.2274065104535,-19.4284476796119,
-35.5474945128526));
#10055=CARTESIAN_POINT('Ctrl Pts',(-11.5147186257614,-21.2132034355964,
10.));
#10056=CARTESIAN_POINT('Ctrl Pts',(-2.90278603613502,6.88880647182967,-100.));
#10057=CARTESIAN_POINT('Ctrl Pts',(-16.4348432522829,-12.4311298679819,
-71.9087256510918));
#10058=CARTESIAN_POINT('Ctrl Pts',(-19.561418897946,-19.3696228937898,-35.5474945128526));
#10059=CARTESIAN_POINT('Ctrl Pts',(-20.1507575950825,-21.2132034355964,
10.));
#10060=CARTESIAN_POINT('Ctrl Pts',(-3.28538917429691,7.22760726400032,-100.));
#10061=CARTESIAN_POINT('Ctrl Pts',(-18.7736191593577,-10.5564917237975,
-71.9087256510918));
#10062=CARTESIAN_POINT('Ctrl Pts',(-25.0230171613496,-19.3090155387003,
-35.5474945128526));
#10063=CARTESIAN_POINT('Ctrl Pts',(-25.9081169079632,-21.2132034355964,
10.));
#10064=CARTESIAN_POINT('Ctrl Pts',(-3.40067052455023,7.33456142004054,-100.));
#10065=CARTESIAN_POINT('Ctrl Pts',(-19.432368564988,-9.94532620078477,-71.9087256510918));
#10066=CARTESIAN_POINT('Ctrl Pts',(-27.7200984377212,-19.2733641533536,
-35.5474945128526));
#10067=CARTESIAN_POINT('Ctrl Pts',(-28.7867965644036,-21.2132034355964,
10.));
#10068=CARTESIAN_POINT('',(-28.7867965644036,-21.2132034355964,10.));
#10069=CARTESIAN_POINT('',(-28.7867965644036,-21.2132034355964,10.));
#10070=CARTESIAN_POINT('Ctrl Pts',(-3.40067052455023,7.33456142004053,-100.));
#10071=CARTESIAN_POINT('Ctrl Pts',(-19.432368564988,-9.94532620078479,-71.9087256510918));
#10072=CARTESIAN_POINT('Ctrl Pts',(-27.7200984377212,-19.2733641533536,
-35.5474945128526));
#10073=CARTESIAN_POINT('Ctrl Pts',(-28.7867965644036,-21.2132034355964,
10.));
#10074=CARTESIAN_POINT('Ctrl Pts',(-3.40067052455023,7.33456142004053,-100.));
#10075=CARTESIAN_POINT('Ctrl Pts',(-19.432368564988,-9.94532620078479,-71.9087256510918));
#10076=CARTESIAN_POINT('Ctrl Pts',(-27.7200984377212,-19.2733641533536,
-35.5474945128526));
#10077=CARTESIAN_POINT('Ctrl Pts',(-28.7867965644036,-21.2132034355964,
10.));
#10078=CARTESIAN_POINT('Ctrl Pts',(-3.55437899155465,7.47716696142749,-100.));
#10079=CARTESIAN_POINT('Ctrl Pts',(-20.3107011058284,-9.13043883676782,
-71.9087256510917));
#10080=CARTESIAN_POINT('Ctrl Pts',(-29.3396764652882,-18.7596780206399,
-35.4600818067421));
#10081=CARTESIAN_POINT('Ctrl Pts',(-30.9861563417834,-21.1358576565199,
10.));
#10082=CARTESIAN_POINT('Ctrl Pts',(-3.95806178889435,7.89754221877114,-100.));
#10083=CARTESIAN_POINT('Ctrl Pts',(-22.5847506012145,-6.69838265338098,
-71.9087256510918));
#10084=CARTESIAN_POINT('Ctrl Pts',(-33.3950132030288,-16.933797670072,-35.2415500414656));
#10085=CARTESIAN_POINT('Ctrl Pts',(-36.4561637058655,-20.1129456869419,
10.));
#10086=CARTESIAN_POINT('Ctrl Pts',(-4.30808225285315,8.43547327625392,-100.));
#10087=CARTESIAN_POINT('Ctrl Pts',(-24.6139926192245,-3.65237043054047,
-71.9087256510917));
#10088=CARTESIAN_POINT('Ctrl Pts',(-36.9788539034158,-13.7501846031356,
-35.0230182761893));
#10089=CARTESIAN_POINT('Ctrl Pts',(-41.2369369245979,-17.1195890382243,
10.));
#10090=CARTESIAN_POINT('Ctrl Pts',(-4.57481457888959,8.9677304471109,-100.));
#10091=CARTESIAN_POINT('Ctrl Pts',(-26.1409141280418,-0.612128566657453,
-71.9087256510918));
#10092=CARTESIAN_POINT('Ctrl Pts',(-39.9181889629274,-9.93880592210418,
-34.8044865109129));
#10093=CARTESIAN_POINT('Ctrl Pts',(-45.1248607738893,-13.2271344632364,
10.));
#10094=CARTESIAN_POINT('Ctrl Pts',(-4.78965647485575,9.49391752212153,-100.));
#10095=CARTESIAN_POINT('Ctrl Pts',(-27.3480171939153,2.3897789666787,-71.9087256510917));
#10096=CARTESIAN_POINT('Ctrl Pts',(-42.4404610234353,-5.72305092126709,
-34.5859547456366));
#10097=CARTESIAN_POINT('Ctrl Pts',(-48.4301591384667,-8.74941536032621,
10.));
#10098=CARTESIAN_POINT('Ctrl Pts',(-4.87869944701447,9.89595214676668,-100.));
#10099=CARTESIAN_POINT('Ctrl Pts',(-27.8782331565999,4.69116630307747,-71.9087256510918));
#10100=CARTESIAN_POINT('Ctrl Pts',(-43.6559418640802,-0.879865554389507,
-34.36742298036));
#10101=CARTESIAN_POINT('Ctrl Pts',(-49.8839813313853,-3.29903966606967,
10.));
#10102=CARTESIAN_POINT('Ctrl Pts',(-4.90636589285267,10.0368937102002,-100.));
#10103=CARTESIAN_POINT('Ctrl Pts',(-28.0363268526901,5.49654523849421,-71.9087256510918));
#10104=CARTESIAN_POINT('Ctrl Pts',(-43.8956628222379,1.98835539343524,-34.2363039211943));
#10105=CARTESIAN_POINT('Ctrl Pts',(-50.,1.23512311489549E-14,10.));
#10106=CARTESIAN_POINT('',(-50.,-4.44089209850063E-15,10.));
#10107=CARTESIAN_POINT('Origin',(-28.0135916054607,0.773204958942828,10.));
#10108=CARTESIAN_POINT('',(-33.087877690504,4.22760887707109,-52.8484842508108));
#10109=CARTESIAN_POINT('Ctrl Pts',(-33.087877690504,4.22760887707109,-52.8484842508108));
#10110=CARTESIAN_POINT('Ctrl Pts',(-41.0972758645005,2.45807194319257,-33.9251729042825));
#10111=CARTESIAN_POINT('Ctrl Pts',(-46.8485943861874,1.02650200450159,-12.8372929692394));
#10112=CARTESIAN_POINT('Ctrl Pts',(-50.,-4.44089209850063E-15,10.));
#10113=CARTESIAN_POINT('Ctrl Pts',(-4.90636589285267,10.0368937102002,-100.));
#10114=CARTESIAN_POINT('Ctrl Pts',(-16.0953270858946,7.84053103838172,-86.4110372214291));
#10115=CARTESIAN_POINT('Ctrl Pts',(-25.5829076629803,5.88570120346718,-70.5800143098702));
#10116=CARTESIAN_POINT('Ctrl Pts',(-33.087877690504,4.22760887707109,-52.8484842508108));
#10117=CARTESIAN_POINT('Ctrl Pts',(-4.90636589285267,10.0368937102002,-100.));
#10118=CARTESIAN_POINT('Ctrl Pts',(-28.0363268526901,5.49654523849421,-71.9087256510918));
#10119=CARTESIAN_POINT('Ctrl Pts',(-43.8956628222379,1.98835539343523,-34.2363039211943));
#10120=CARTESIAN_POINT('Ctrl Pts',(-50.,-4.44089209850063E-15,10.));
#10121=CARTESIAN_POINT('Ctrl Pts',(-4.95247663591635,10.2717963159227,-100.));
#10122=CARTESIAN_POINT('Ctrl Pts',(-28.2998163461738,6.83884346418877,-71.9087256510917));
#10123=CARTESIAN_POINT('Ctrl Pts',(-43.9489334155462,4.11278432442631,-34.2656849389193));
#10124=CARTESIAN_POINT('Ctrl Pts',(-50.,2.41666666666663,10.));
#10125=CARTESIAN_POINT('Ctrl Pts',(-4.98168878905848,10.5100140505814,-100.));
#10126=CARTESIAN_POINT('Ctrl Pts',(-28.4667409208308,8.20008695295873,-71.9087256510919));
#10127=CARTESIAN_POINT('Ctrl Pts',(-43.9965415607857,6.23832018221212,-34.2950659566445));
#10128=CARTESIAN_POINT('Ctrl Pts',(-50.,4.83333333333326,10.));
#10129=CARTESIAN_POINT('Ctrl Pts',(-5.00571371251045,10.9881826380521,-100.));
#10130=CARTESIAN_POINT('Ctrl Pts',(-28.6040257924282,10.9324708152459,-71.9087256510917));
#10131=CARTESIAN_POINT('Ctrl Pts',(-44.0803505200137,10.4899650434635,-34.3538279920946));
#10132=CARTESIAN_POINT('Ctrl Pts',(-50.,9.66666666666653,10.));
#10133=CARTESIAN_POINT('Ctrl Pts',(-5.00052624383969,11.2281287344278,-100.));
#10134=CARTESIAN_POINT('Ctrl Pts',(-28.5743850477958,12.3035904583116,-71.9087256510919));
#10135=CARTESIAN_POINT('Ctrl Pts',(-44.1165513340021,12.616074046929,-34.3832090098197));
#10136=CARTESIAN_POINT('Ctrl Pts',(-50.,12.0833333333332,10.));
#10137=CARTESIAN_POINT('Ctrl Pts',(-4.9781929993962,11.4664702142288,-100.));
#10138=CARTESIAN_POINT('Ctrl Pts',(-28.446766734247,13.6655393582069,-71.9087256510918));
#10139=CARTESIAN_POINT('Ctrl Pts',(-44.147007264808,14.7416492692796,-34.4125900275448));
#10140=CARTESIAN_POINT('Ctrl Pts',(-50.,14.4999999999998,10.));
#10141=CARTESIAN_POINT('',(-50.,14.4999999999998,10.));
#10142=CARTESIAN_POINT('',(-50.,14.4999999999998,10.));
#10143=CARTESIAN_POINT('Ctrl Pts',(-4.9781929993962,11.4664702142288,-100.));
#10144=CARTESIAN_POINT('Ctrl Pts',(-28.446766734247,13.6655393582069,-71.9087256510918));
#10145=CARTESIAN_POINT('Ctrl Pts',(-44.147007264808,14.7416492692796,-34.4125900275448));
#10146=CARTESIAN_POINT('Ctrl Pts',(-50.,14.4999999999998,10.));
#10147=CARTESIAN_POINT('Ctrl Pts',(-4.9781929993962,11.4664702142288,-100.));
#10148=CARTESIAN_POINT('Ctrl Pts',(-28.446766734247,13.6655393582069,-71.9087256510918));
#10149=CARTESIAN_POINT('Ctrl Pts',(-44.147007264808,14.7416492692796,-34.4125900275448));
#10150=CARTESIAN_POINT('Ctrl Pts',(-50.,14.4999999999998,10.));
#10151=CARTESIAN_POINT('Ctrl Pts',(-4.96925970161881,11.5618068061492,-100.));
#10152=CARTESIAN_POINT('Ctrl Pts',(-28.3957194088276,14.210318918165,-71.9087256510917));
#10153=CARTESIAN_POINT('Ctrl Pts',(-43.8388718498806,17.262153967474,-34.5379984045344));
#10154=CARTESIAN_POINT('Ctrl Pts',(-49.8380523116903,17.3925330775808,10.));
#10155=CARTESIAN_POINT('Ctrl Pts',(-4.92560495981319,11.9994287468088,-100.));
#10156=CARTESIAN_POINT('Ctrl Pts',(-28.1099612371109,16.7380907944081,-71.9087256510918));
#10157=CARTESIAN_POINT('Ctrl Pts',(-42.3828113285186,23.6233924455415,-34.8515193470087));
#10158=CARTESIAN_POINT('Ctrl Pts',(-48.3803756211738,24.5657787276399,10.));
#10159=CARTESIAN_POINT('Ctrl Pts',(-4.70831378421913,12.7648107317815,-100.));
#10160=CARTESIAN_POINT('Ctrl Pts',(-26.8968586117905,21.0873157153405,-71.9087256510916));
#10161=CARTESIAN_POINT('Ctrl Pts',(-39.191851211231,29.4916564690083,-35.1650402894829));
#10162=CARTESIAN_POINT('Ctrl Pts',(-44.4295295387805,30.8381459752672,10.));
#10163=CARTESIAN_POINT('Ctrl Pts',(-4.32088088078482,13.538344360082,-100.));
#10164=CARTESIAN_POINT('Ctrl Pts',(-24.6908935407202,25.5105111203144,-71.9087256510919));
#10165=CARTESIAN_POINT('Ctrl Pts',(-35.1659358590426,34.5784885709913,-35.4785612319571));
#10166=CARTESIAN_POINT('Ctrl Pts',(-39.3322658703805,35.9828688767336,10.));
#10167=CARTESIAN_POINT('Ctrl Pts',(-3.82853101775794,14.3182717798875,-100.));
#10168=CARTESIAN_POINT('Ctrl Pts',(-21.7976893232405,29.8766555071017,-71.9087256510916));
#10169=CARTESIAN_POINT('Ctrl Pts',(-30.6004340042675,39.1601583810655,-35.7920821744312));
#10170=CARTESIAN_POINT('Ctrl Pts',(-33.48777413199,40.391621203173,10.));
#10171=CARTESIAN_POINT('Ctrl Pts',(-3.1489348197842,14.9091252925086,-100.));
#10172=CARTESIAN_POINT('Ctrl Pts',(-17.9938813723401,33.3378192336907,-71.9087256510919));
#10173=CARTESIAN_POINT('Ctrl Pts',(-25.1228469023962,42.1001663254458,-36.1056031169055));
#10174=CARTESIAN_POINT('Ctrl Pts',(-26.3715371462885,42.4689464494804,10.));
#10175=CARTESIAN_POINT('Ctrl Pts',(-2.7799674725626,15.1559332106633,-100.));
#10176=CARTESIAN_POINT('Ctrl Pts',(-15.8855002669391,34.7481476955971,-71.9087256510918));
#10177=CARTESIAN_POINT('Ctrl Pts',(-21.8133775706041,43.2150270055941,-36.29371568239));
#10178=CARTESIAN_POINT('Ctrl Pts',(-22.0355,42.757,10.));
#10179=CARTESIAN_POINT('',(-24.0546314231127,42.5540783963288,10.));
#10180=CARTESIAN_POINT('Origin',(-20.0469099026319,12.8229807338766,10.));
#10181=CARTESIAN_POINT('',(-22.0355,42.757,10.));
#10182=CARTESIAN_POINT('Origin',(-20.0469099026319,12.8229807338766,10.));
#10183=CARTESIAN_POINT('Ctrl Pts',(-2.7799674725626,15.1559332106633,-100.));
#10184=CARTESIAN_POINT('Ctrl Pts',(-15.8855002669391,34.7481476955971,-71.9087256510918));
#10185=CARTESIAN_POINT('Ctrl Pts',(-21.8133775706041,43.2150270055941,-36.29371568239));
#10186=CARTESIAN_POINT('Ctrl Pts',(-22.0355,42.757,10.));
#10187=CARTESIAN_POINT('Ctrl Pts',(-2.7799674725626,15.1559332106633,-100.));
#10188=CARTESIAN_POINT('Ctrl Pts',(-15.8855002669391,34.7481476955971,-71.9087256510918));
#10189=CARTESIAN_POINT('Ctrl Pts',(-21.8133775706041,43.2150270055941,-36.29371568239));
#10190=CARTESIAN_POINT('Ctrl Pts',(-22.0355,42.757,10.));
#10191=CARTESIAN_POINT('Ctrl Pts',(-2.53398924108154,15.3204718227664,-100.));
#10192=CARTESIAN_POINT('Ctrl Pts',(-14.4799128633384,35.6883666702013,-71.9087256510918));
#10193=CARTESIAN_POINT('Ctrl Pts',(-18.9408579802417,43.2661164653908,-36.2936892998908));
#10194=CARTESIAN_POINT('Ctrl Pts',(-19.0974333333333,42.757,10.));
#10195=CARTESIAN_POINT('Ctrl Pts',(-1.75635925133858,15.7634651664831,-100.));
#10196=CARTESIAN_POINT('Ctrl Pts',(-9.94893181547101,38.116287373336,-71.9087256510917));
#10197=CARTESIAN_POINT('Ctrl Pts',(-11.6963336334425,43.3660706118448,-36.2936233436426));
#10198=CARTESIAN_POINT('Ctrl Pts',(-11.7522666666667,42.757,10.));
#10199=CARTESIAN_POINT('Ctrl Pts',(-0.654268924278603,16.0037353477497,
-100.));
#10200=CARTESIAN_POINT('Ctrl Pts',(-3.73270342846157,39.5832139822506,-71.9087256510918));
#10201=CARTESIAN_POINT('Ctrl Pts',(-4.35712454741308,43.3969268535071,-36.2935573873947));
#10202=CARTESIAN_POINT('Ctrl Pts',(-4.40709999999999,42.757,10.));
#10203=CARTESIAN_POINT('Ctrl Pts',(0.680342189340008,16.0002489716289,-100.));
#10204=CARTESIAN_POINT('Ctrl Pts',(3.88160401525323,39.5633662185763,-71.9087256510918));
#10205=CARTESIAN_POINT('Ctrl Pts',(4.449650385025,43.3845557730784,-36.2934782398968));
#10206=CARTESIAN_POINT('Ctrl Pts',(4.40710000000001,42.757,10.));
#10207=CARTESIAN_POINT('Ctrl Pts',(1.78004993941095,15.7543086741207,-100.));
#10208=CARTESIAN_POINT('Ctrl Pts',(10.0836994111735,38.0650850921938,-71.9087256510918));
#10209=CARTESIAN_POINT('Ctrl Pts',(11.7883995197257,43.333081064035,-36.2934122836489));
#10210=CARTESIAN_POINT('Ctrl Pts',(11.7522666666667,42.757,10.));
#10211=CARTESIAN_POINT('Ctrl Pts',(2.55312967370946,15.309093477686,-100.));
#10212=CARTESIAN_POINT('Ctrl Pts',(14.5892865702688,35.6233476706639,-71.9087256510918));
#10213=CARTESIAN_POINT('Ctrl Pts',(19.0316973296482,43.2134860086072,-36.2933463274007));
#10214=CARTESIAN_POINT('Ctrl Pts',(19.0974333333334,42.757,10.));
#10215=CARTESIAN_POINT('Ctrl Pts',(2.79726809987557,15.1443082869664,-100.));
#10216=CARTESIAN_POINT('Ctrl Pts',(15.9843608192696,34.6817196778911,-71.9087256510918));
#10217=CARTESIAN_POINT('Ctrl Pts',(21.9036036515723,43.154800867463,-36.2933199449015));
#10218=CARTESIAN_POINT('Ctrl Pts',(22.0355,42.757,10.));
#10219=CARTESIAN_POINT('',(22.0355,42.757,10.));
#10220=CARTESIAN_POINT('Origin',(20.0499965025507,12.8274855777689,10.));
#10221=CARTESIAN_POINT('',(48.,14.5,10.));
#10222=CARTESIAN_POINT('Origin',(28.7867965644036,-19.2132034355964,10.));
#10223=CARTESIAN_POINT('',(28.7867965644036,-19.2132034355964,10.));
#10224=CARTESIAN_POINT('Origin',(28.0149011156754,0.771895448728177,10.));
#10225=CARTESIAN_POINT('',(48.,8.88178419700125E-15,10.));
#10226=CARTESIAN_POINT('',(48.,8.88178419700125E-15,10.));
#10227=CARTESIAN_POINT('Origin',(48.,14.5,10.));
#10228=CARTESIAN_POINT('Origin',(50.,8.88178419700125E-15,10.));
#10229=CARTESIAN_POINT('',(50.,14.5,10.));
#10230=CARTESIAN_POINT('',(50.,8.88178419700125E-15,10.));
#10231=CARTESIAN_POINT('Origin',(28.0135916054608,0.77320495894281,10.));
#10232=CARTESIAN_POINT('',(28.7867965644036,-21.2132034355964,10.));
#10233=CARTESIAN_POINT('Origin',(-28.7867965644036,-21.2132034355964,10.));
#10234=CARTESIAN_POINT('',(-28.7867965644036,-21.2132034355964,10.));
#10235=CARTESIAN_POINT('Origin',(-28.0135916054607,0.773204958942828,10.));
#10236=CARTESIAN_POINT('',(-50.,-4.44089209850063E-15,10.));
#10237=CARTESIAN_POINT('Origin',(-50.,14.4999999999998,10.));
#10238=CARTESIAN_POINT('',(-50.,14.4999999999998,10.));
#10239=CARTESIAN_POINT('Origin',(-20.0469099026319,12.8229807338766,10.));
#10240=CARTESIAN_POINT('',(-22.0355,42.757,10.));
#10241=CARTESIAN_POINT('Origin',(22.0355,42.757,10.));
#10242=CARTESIAN_POINT('',(22.0355,42.757,10.));
#10243=CARTESIAN_POINT('Origin',(20.0469099026319,12.8229807338766,10.));
#10244=CARTESIAN_POINT('Origin',(0.,-12.,-65.7034916775487));
#10245=CARTESIAN_POINT('',(0.,-12.,-59.0871755703978));
#10246=CARTESIAN_POINT('Ctrl Pts',(-1.4999999999995,-12.,-59.087175570398));
#10247=CARTESIAN_POINT('Ctrl Pts',(-1.19519620079725,-12.0000013113431,
-59.1350973689624));
#10248=CARTESIAN_POINT('Ctrl Pts',(-0.888976917033209,-12.0000005157375,
-59.1692730069718));
#10249=CARTESIAN_POINT('Ctrl Pts',(-0.581214678362589,-12.0000002291051,
-59.1885050659393));
#10250=CARTESIAN_POINT('Ctrl Pts',(-0.388098721404024,-12.0000000492478,
-59.200572880002));
#10251=CARTESIAN_POINT('Ctrl Pts',(-0.194374256615365,-12.0000000099518,
-59.2067565760693));
#10252=CARTESIAN_POINT('Ctrl Pts',(-7.14348248149633E-15,-12.0000000019563,
-59.2067566072427));
#10253=CARTESIAN_POINT('Ctrl Pts',(0.000751647377144923,-12.0000000019254,
-59.2067566073632));
#10254=CARTESIAN_POINT('Ctrl Pts',(0.00150330091266633,-12.0000000018941,
-59.2067565150106));
#10255=CARTESIAN_POINT('Ctrl Pts',(0.0022549606089346,-12.0000000018684,
-59.2067563301674));
#10256=CARTESIAN_POINT('Ctrl Pts',(0.312141472015004,-11.9999999912728,
-59.2066801249424));
#10257=CARTESIAN_POINT('Ctrl Pts',(0.620388728878152,-12.0000003417592,
-59.1908895656365));
#10258=CARTESIAN_POINT('Ctrl Pts',(0.927153820621798,-12.0000006140584,
-59.1605927655792));
#10259=CARTESIAN_POINT('Ctrl Pts',(1.11867167989345,-12.0000007840587,-59.1416780375155));
#10260=CARTESIAN_POINT('Ctrl Pts',(1.30961088678814,-12.0000008399269,-59.1171088061895));
#10261=CARTESIAN_POINT('Ctrl Pts',(1.49999999999945,-12.,-59.0871755703981));
#10262=CARTESIAN_POINT('Ctrl Pts',(1.49339859800622,-11.9005688434053,-59.4734340894567));
#10263=CARTESIAN_POINT('Ctrl Pts',(1.49561027344988,-11.9338798139905,-59.344806357658));
#10264=CARTESIAN_POINT('Ctrl Pts',(1.49781072056848,-11.9670231895239,-59.2160535437079));
#10265=CARTESIAN_POINT('Ctrl Pts',(1.5,-12.,-59.0871755703978));
#10266=CARTESIAN_POINT('Ctrl Pts',(0.996952323787634,-11.9205203435413,
-59.4744062363051));
#10267=CARTESIAN_POINT('Ctrl Pts',(0.998425329641735,-11.9538031971815,
-59.3457797851044));
#10268=CARTESIAN_POINT('Ctrl Pts',(0.99989080375838,-11.9869180433448,-59.2170282268074));
#10269=CARTESIAN_POINT('Ctrl Pts',(1.00134880161908,-12.0198658885033,-59.0881514800046));
#10270=CARTESIAN_POINT('Ctrl Pts',(0.498872079316344,-11.930934081343,-59.4749072642278));
#10271=CARTESIAN_POINT('Ctrl Pts',(0.499608299162112,-11.9642024744865,
-59.3462815371267));
#10272=CARTESIAN_POINT('Ctrl Pts',(0.500340740620148,-11.997302623006,-59.2175306866441));
#10273=CARTESIAN_POINT('Ctrl Pts',(0.501069428056011,-12.0302355608808,
-59.0886546350083));
#10274=CARTESIAN_POINT('Ctrl Pts',(-0.498872079316356,-11.930934081343,
-59.4749072642278));
#10275=CARTESIAN_POINT('Ctrl Pts',(-0.499608299162123,-11.9642024744865,
-59.3462815371268));
#10276=CARTESIAN_POINT('Ctrl Pts',(-0.500340740620159,-11.997302623006,
-59.2175306866441));
#10277=CARTESIAN_POINT('Ctrl Pts',(-0.501069428056022,-12.0302355608808,
-59.0886546350083));
#10278=CARTESIAN_POINT('Ctrl Pts',(-0.996952323787637,-11.9205203435413,
-59.4744062363051));
#10279=CARTESIAN_POINT('Ctrl Pts',(-0.998425329641738,-11.9538031971815,
-59.3457797851044));
#10280=CARTESIAN_POINT('Ctrl Pts',(-0.999890803758383,-11.9869180433448,
-59.2170282268074));
#10281=CARTESIAN_POINT('Ctrl Pts',(-1.00134880161909,-12.0198658885033,
-59.0881514800046));
#10282=CARTESIAN_POINT('Ctrl Pts',(-1.49339859800622,-11.9005688434053,
-59.4734340894567));
#10283=CARTESIAN_POINT('Ctrl Pts',(-1.49561027344987,-11.9338798139905,
-59.344806357658));
#10284=CARTESIAN_POINT('Ctrl Pts',(-1.49781072056847,-11.9670231895239,
-59.2160535437079));
#10285=CARTESIAN_POINT('Ctrl Pts',(-1.5,-12.,-59.0871755703978));
#10286=CARTESIAN_POINT('Ctrl Pts',(1.49999999999999,-12.,-59.0871755703978));
#10287=CARTESIAN_POINT('Ctrl Pts',(1.21334735019785,-11.9757427301067,-59.2267959951896));
#10288=CARTESIAN_POINT('Ctrl Pts',(0.911775189307565,-11.9570810704133,
-59.3342091074133));
#10289=CARTESIAN_POINT('Ctrl Pts',(0.194865304598168,-11.9326196931511,
-59.4750043370237));
#10290=CARTESIAN_POINT('Ctrl Pts',(-0.204306216297986,-11.9327365430962,
-59.4743317700518));
#10291=CARTESIAN_POINT('Ctrl Pts',(-0.917637059349452,-11.957444006161,
-59.3321201154096));
#10292=CARTESIAN_POINT('Ctrl Pts',(-1.21614338146301,-11.9759793373213,
-59.2254341271823));
#10293=CARTESIAN_POINT('Ctrl Pts',(-1.49999999999998,-12.,-59.0871755703978));
#10294=CARTESIAN_POINT('Origin',(0.,-12.,-59.0871755703978));
#10295=CARTESIAN_POINT('',(0.,-19.2132034355964,0.));
#10296=CARTESIAN_POINT('',(0.,-19.2132034355964,0.));
#10297=CARTESIAN_POINT('polyline point',(-28.7867965644036,-19.2132034355964,
60.));
#10298=CARTESIAN_POINT('polyline point',(-48.,-19.2132034355964,60.));
#10299=CARTESIAN_POINT('polyline point',(-35.6288043360466,-19.2132034355964,
60.));
#10300=CARTESIAN_POINT('polyline point',(-2.28976891619838,-19.2132034355964,
60.));
#10301=CARTESIAN_POINT('polyline point',(-2.28976891619838,-19.2132034355964,
60.));
#10302=CARTESIAN_POINT('polyline point',(-2.28976891619838,-19.2132034355964,
-27.8435883764715));
#10303=CARTESIAN_POINT('polyline point',(-2.28976891619838,-19.2132034355964,
-27.8435883764715));
#10304=CARTESIAN_POINT('polyline point',(-35.6288043360466,-19.2132034355964,
-27.8435883764715));
#10305=CARTESIAN_POINT('polyline point',(-35.6288043360466,-19.2132034355964,
-27.8435883764715));
#10306=CARTESIAN_POINT('polyline point',(-35.6288043360466,-19.2132034355964,
60.));
#10307=CARTESIAN_POINT('',(0.,-19.2132034355964,0.));
#10308=CARTESIAN_POINT('',(0.,0.,53.));
#10309=CARTESIAN_POINT('',(0.,0.,0.));
#10310=CARTESIAN_POINT('',(-1.5,0.,0.));
#10311=CARTESIAN_POINT('',(0.,0.,0.));
#10312=CARTESIAN_POINT('',(0.,0.,28.7226426765057));
#10313=CARTESIAN_POINT('polyline point',(24.9844153562887,10.,28.7226426765057));
#10314=CARTESIAN_POINT('polyline point',(14.9844153562887,10.,28.7226426765057));
#10315=CARTESIAN_POINT('polyline point',(14.9844153562887,0.,28.7226426765057));
#10316=CARTESIAN_POINT('polyline point',(24.9844153562887,0.,28.7226426765057));
#10317=CARTESIAN_POINT('polyline point',(24.9844153562887,0.,28.7226426765057));
#10318=CARTESIAN_POINT('polyline point',(24.9844153562887,10.,28.7226426765057));
#10319=CARTESIAN_POINT('polyline point',(24.9844153562887,10.,28.7226426765057));
#10320=CARTESIAN_POINT('polyline point',(14.9844153562887,10.,28.7226426765057));
#10321=CARTESIAN_POINT('polyline point',(14.9844153562887,10.,28.7226426765057));
#10322=CARTESIAN_POINT('polyline point',(14.9844153562887,0.,28.7226426765057));
#10323=CARTESIAN_POINT('polyline point',(14.9844153562887,0.,28.7226426765057));
#10324=CARTESIAN_POINT('polyline point',(24.9844153562887,0.,28.7226426765057));
#10325=CARTESIAN_POINT('polyline point',(24.9844153562887,0.,28.7226426765057));
#10326=CARTESIAN_POINT('polyline point',(24.9844153562887,-20.2836090059413,
28.7226426765057));
#10327=CARTESIAN_POINT('polyline point',(24.9844153562887,-20.2836090059413,
28.7226426765057));
#10328=CARTESIAN_POINT('polyline point',(14.9844153562887,-20.2836090059413,
28.7226426765057));
#10329=CARTESIAN_POINT('polyline point',(14.9844153562887,-20.2836090059413,
28.7226426765057));
#10330=CARTESIAN_POINT('polyline point',(14.9844153562887,0.,28.7226426765057));
#10331=CARTESIAN_POINT('',(0.,0.,28.7226426765057));
#10332=CARTESIAN_POINT('',(24.9844153562887,0.,28.7226426765057));
#10333=CARTESIAN_POINT('',(14.9844153562887,10.,28.7226426765057));
#10334=CARTESIAN_POINT('Origin',(-28.0135916054607,0.773204958942828,60.));
#10335=CARTESIAN_POINT('',(-50.,9.76996261670138E-15,60.));
#10336=CARTESIAN_POINT('',(-28.7867965644036,-21.2132034355964,60.));
#10337=CARTESIAN_POINT('polyline point',(-28.7867965644036,-21.2132034355964,
60.));
#10338=CARTESIAN_POINT('polyline point',(0.000203435596430879,-21.2132034355964,
60.));
#10339=CARTESIAN_POINT('',(0.,4.44089209850063E-15,60.));
#10340=CARTESIAN_POINT('',(0.,-19.2132034355964,0.));
#10341=CARTESIAN_POINT('Origin',(-14.3930171019517,42.757,56.));
#10342=CARTESIAN_POINT('polyline point',(-14.3930171019517,42.757,56.));
#10343=CARTESIAN_POINT('polyline point',(2.00000000000001,42.757,56.));
#10344=CARTESIAN_POINT('polyline point',(2.00000000000001,42.757,60.));
#10345=CARTESIAN_POINT('polyline point',(2.00000000000001,42.757,35.));
#10346=CARTESIAN_POINT('polyline point',(-14.3930171019517,42.757,56.));
#10347=CARTESIAN_POINT('polyline point',(-14.3930171019517,42.757,60.));
#10348=CARTESIAN_POINT('',(-4.44089209850063E-15,42.757,0.));
#10349=CARTESIAN_POINT('polyline point',(-50.,14.4999999999998,60.));
#10350=CARTESIAN_POINT('polyline point',(-50.,-4.44089209850063E-15,60.));
#10351=CARTESIAN_POINT('polyline point',(-50.,14.4999999999998,60.));
#10352=CARTESIAN_POINT('polyline point',(-50.,-4.44089209850063E-15,60.));
#10353=CARTESIAN_POINT('polyline point',(-50.,14.4999999999998,60.));
#10354=CARTESIAN_POINT('polyline point',(-50.,7.24999999999989,60.));
#10355=CARTESIAN_POINT('polyline point',(-50.,7.24999999999989,60.));
#10356=CARTESIAN_POINT('polyline point',(-50.,7.24999999999989,56.));
#10357=CARTESIAN_POINT('Origin',(-50.,2.74999999999989,56.));
#10358=CARTESIAN_POINT('polyline point',(-50.,7.24999999999989,56.));
#10359=CARTESIAN_POINT('polyline point',(-50.,2.74999999999989,56.));
#10360=CARTESIAN_POINT('',(-50.,3.85670917617144E-15,0.));
#10361=CARTESIAN_POINT('Origin',(14.3925,-21.2132034355964,56.));
#10362=CARTESIAN_POINT('polyline point',(14.3925,-21.2132034355964,56.));
#10363=CARTESIAN_POINT('polyline point',(14.3925,-21.2132034355964,60.));
#10364=CARTESIAN_POINT('polyline point',(28.7867965644036,-21.2132034355964,
60.));
#10365=CARTESIAN_POINT('polyline point',(-28.7867965644036,-21.2132034355964,
60.));
#10366=CARTESIAN_POINT('polyline point',(14.3925,-21.2132034355964,60.));
#10367=CARTESIAN_POINT('polyline point',(-4.44089209850063E-15,-21.2132034355964,
60.));
#10368=CARTESIAN_POINT('',(0.,-21.2132034355964,0.));
#10369=CARTESIAN_POINT('Origin',(50.,11.75,56.));
#10370=CARTESIAN_POINT('polyline point',(50.,11.75,56.));
#10371=CARTESIAN_POINT('polyline point',(50.,11.75,60.));
#10372=CARTESIAN_POINT('polyline point',(50.,14.4999999999998,60.));
#10373=CARTESIAN_POINT('polyline point',(50.,-1.21543104508435E-14,60.));
#10374=CARTESIAN_POINT('polyline point',(50.,-1.21543104508435E-14,60.));
#10375=CARTESIAN_POINT('polyline point',(50.,7.24999999999999,60.));
#10376=CARTESIAN_POINT('polyline point',(50.,7.24999999999999,60.));
#10377=CARTESIAN_POINT('polyline point',(50.,11.75,60.));
#10378=CARTESIAN_POINT('',(50.,-3.85670917617144E-15,0.));
#10379=CARTESIAN_POINT('',(0.,0.,53.));
#10380=CARTESIAN_POINT('',(0.,0.,53.));
#10381=CARTESIAN_POINT('polyline point',(-34.,-0.000203435596399792,53.));
#10382=CARTESIAN_POINT('polyline point',(-34.,14.4997965644036,53.));
#10383=CARTESIAN_POINT('polyline point',(-34.,14.4997965644036,53.));
#10384=CARTESIAN_POINT('polyline point',(34.,14.5,53.));
#10385=CARTESIAN_POINT('Origin',(-9.55023459567035,33.2570000013136,53.));
#10386=CARTESIAN_POINT('polyline point',(-9.55023459567035,33.2570000013136,
53.));
#10387=CARTESIAN_POINT('polyline point',(-9.55017847996464,14.4998697109334,
53.));
#10388=CARTESIAN_POINT('Origin',(11.5249214347151,33.257,53.));
#10389=CARTESIAN_POINT('polyline point',(11.5249214347151,33.257,53.));
#10390=CARTESIAN_POINT('polyline point',(11.5249775502321,14.4999327614765,
53.));
#10391=CARTESIAN_POINT('polyline point',(8.88178419700125E-15,14.4998982822018,
53.));
#10392=CARTESIAN_POINT('polyline point',(-9.54999999995725,14.4998697114673,
53.));
#10393=CARTESIAN_POINT('Origin',(4.44089209850063E-15,11.,53.));
#10394=CARTESIAN_POINT('polyline point',(4.44089209850063E-15,11.,53.));
#10395=CARTESIAN_POINT('polyline point',(8.88178419700125E-15,14.4998982822018,
53.));
#10396=CARTESIAN_POINT('',(0.,0.,53.));
#10397=CARTESIAN_POINT('Origin',(-9.55023459567035,-11.7132034342829,40.));
#10398=CARTESIAN_POINT('Origin',(-9.55023459567035,-11.7132034342829,40.));
#10399=CARTESIAN_POINT('',(0.,0.,40.));
#10400=UNCERTAINTY_MEASURE_WITH_UNIT(LENGTH_MEASURE(0.01),#10404,
'DISTANCE_ACCURACY_VALUE',
'Maximum model space distance between geometric entities at asserted c
onnectivities');
#10401=UNCERTAINTY_MEASURE_WITH_UNIT(LENGTH_MEASURE(0.01),#10404,
'DISTANCE_ACCURACY_VALUE',
'Maximum model space distance between geometric entities at asserted c
onnectivities');
#10402=(
GEOMETRIC_REPRESENTATION_CONTEXT(3)
GLOBAL_UNCERTAINTY_ASSIGNED_CONTEXT((#10400))
GLOBAL_UNIT_ASSIGNED_CONTEXT((#10404,#10406,#10407))
REPRESENTATION_CONTEXT('','3D')
);
#10403=(
GEOMETRIC_REPRESENTATION_CONTEXT(3)
GLOBAL_UNCERTAINTY_ASSIGNED_CONTEXT((#10401))
GLOBAL_UNIT_ASSIGNED_CONTEXT((#10404,#10406,#10407))
REPRESENTATION_CONTEXT('','3D')
);
#10404=(
LENGTH_UNIT()
NAMED_UNIT(*)
SI_UNIT(.MILLI.,.METRE.)
);
#10405=(
LENGTH_UNIT()
NAMED_UNIT(*)
SI_UNIT(.CENTI.,.METRE.)
);
#10406=(
NAMED_UNIT(*)
PLANE_ANGLE_UNIT()
SI_UNIT($,.RADIAN.)
);
#10407=(
NAMED_UNIT(*)
SI_UNIT($,.STERADIAN.)
SOLID_ANGLE_UNIT()
);
#10408=SHAPE_DEFINITION_REPRESENTATION(#10409,#10410);
#10409=PRODUCT_DEFINITION_SHAPE('',$,#10412);
#10410=SHAPE_REPRESENTATION('',(#5055),#10402);
#10411=PRODUCT_DEFINITION_CONTEXT('part definition',#10416,'design');
#10412=PRODUCT_DEFINITION('refinded nose cone with holes',
'refinded nose cone with holes',#10413,#10411);
#10413=PRODUCT_DEFINITION_FORMATION('',$,#10418);
#10414=PRODUCT_RELATED_PRODUCT_CATEGORY('refinded nose cone with holes',
'refinded nose cone with holes',(#10418));
#10415=APPLICATION_PROTOCOL_DEFINITION('international standard',
'automotive_design',2009,#10416);
#10416=APPLICATION_CONTEXT(
'Core Data for Automotive Mechanical Design Process');
#10417=PRODUCT_CONTEXT('part definition',#10416,'mechanical');
#10418=PRODUCT('refinded nose cone with holes',
'refinded nose cone with holes',$,(#10417));
#10419=PRESENTATION_STYLE_ASSIGNMENT((#10423));
#10420=PRESENTATION_STYLE_ASSIGNMENT((#10424));
#10421=PRESENTATION_STYLE_ASSIGNMENT((#10425));
#10422=PRESENTATION_STYLE_ASSIGNMENT((#10426));
#10423=SURFACE_STYLE_USAGE(.BOTH.,#10429);
#10424=SURFACE_STYLE_USAGE(.BOTH.,#10430);
#10425=SURFACE_STYLE_USAGE(.BOTH.,#10431);
#10426=SURFACE_STYLE_USAGE(.BOTH.,#10432);
#10427=SURFACE_STYLE_RENDERING_WITH_PROPERTIES($,#10445,(#10428));
#10428=SURFACE_STYLE_TRANSPARENT(0.);
#10429=SURFACE_SIDE_STYLE('',(#10433,#10427));
#10430=SURFACE_SIDE_STYLE('',(#10434));
#10431=SURFACE_SIDE_STYLE('',(#10435));
#10432=SURFACE_SIDE_STYLE('',(#10436));
#10433=SURFACE_STYLE_FILL_AREA(#10437);
#10434=SURFACE_STYLE_FILL_AREA(#10438);
#10435=SURFACE_STYLE_FILL_AREA(#10439);
#10436=SURFACE_STYLE_FILL_AREA(#10440);
#10437=FILL_AREA_STYLE('',(#10441));
#10438=FILL_AREA_STYLE('',(#10442));
#10439=FILL_AREA_STYLE('',(#10443));
#10440=FILL_AREA_STYLE('',(#10444));
#10441=FILL_AREA_STYLE_COLOUR('',#10445);
#10442=FILL_AREA_STYLE_COLOUR('',#10446);
#10443=FILL_AREA_STYLE_COLOUR('',#10447);
#10444=FILL_AREA_STYLE_COLOUR('',#10448);
#10445=COLOUR_RGB('',0.749019607843137,0.749019607843137,0.749019607843137);
#10446=COLOUR_RGB('',0.913725490196078,0.913725490196078,0.);
#10447=COLOUR_RGB('',1.,1.,1.);
#10448=COLOUR_RGB('',1.,0.,1.);
ENDSEC;
END-ISO-10303-21;
