ISO-10303-21;
HEADER;
/* Generated by software containing ST-Developer
 * from STEP Tools, Inc. (www.steptools.com) 
 */

FILE_DESCRIPTION(
/* description */ (''),
/* implementation_level */ '2;1');

FILE_NAME(
/* name */ 'wing ready for torsiom WITH COOKIE .stp',
/* time_stamp */ '2026-05-21T22:42:56+12:00',
/* author */ ('Jake'),
/* organization */ (''),
/* preprocessor_version */ 'ST-DEVELOPER v20.1',
/* originating_system */ 'Autodesk Inventor 2026',
/* authorisation */ '');

FILE_SCHEMA (('AUTOMOTIVE_DESIGN { 1 0 10303 214 3 1 1 }'));
ENDSEC;

DATA;
#10=MECHANICAL_DESIGN_GEOMETRIC_PRESENTATION_REPRESENTATION('',(#31,#32,
#33,#34,#35,#36,#37,#38,#39,#40,#41),#2027);
#11=GEOMETRICALLY_BOUNDED_WIREFRAME_SHAPE_REPRESENTATION('',(#12,#13,#14,
#15,#16,#17),#2026);
#12=GEOMETRIC_CURVE_SET('Sketch8',(#29,#21,#22,#23,#24,#25,#26,#27,#2013));
#13=GEOMETRIC_CURVE_SET('Sketch15',(#2014));
#14=GEOMETRIC_CURVE_SET('Sketch19',(#28));
#15=GEOMETRIC_CURVE_SET('Sketch20',(#2017));
#16=GEOMETRIC_CURVE_SET('Sketch21',(#2018));
#17=GEOMETRIC_CURVE_SET('Sketch22',(#30,#263,#2023));
#18=SHAPE_REPRESENTATION_RELATIONSHIP('SRR','None',#2034,#20);
#19=SHAPE_REPRESENTATION_RELATIONSHIP('SRR','None',#2034,#11);
#20=ADVANCED_BREP_SHAPE_REPRESENTATION('',(#42),#2026);
#21=POLYLINE('',(#1999,#2000));
#22=POLYLINE('',(#2001,#2002));
#23=POLYLINE('',(#2003,#2004));
#24=POLYLINE('',(#2005,#2006));
#25=POLYLINE('',(#2007,#2008));
#26=POLYLINE('',(#2009,#2010));
#27=POLYLINE('',(#2011,#2012));
#28=POLYLINE('',(#2015,#2016));
#29=TRIMMED_CURVE('',#261,(#1997,PARAMETER_VALUE(1.00589398395583)),(#1998,
PARAMETER_VALUE(1.52211042890849)),.T.,.PARAMETER.);
#30=TRIMMED_CURVE('',#262,(#2020,PARAMETER_VALUE(5.27729132322376)),(#2021,
PARAMETER_VALUE(7.28907929113541)),.T.,.PARAMETER.);
#31=STYLED_ITEM('',(#2043),#42);
#32=STYLED_ITEM('',(#2044),#29);
#33=STYLED_ITEM('',(#2045),#21);
#34=STYLED_ITEM('',(#2044),#22);
#35=STYLED_ITEM('',(#2045),#23);
#36=STYLED_ITEM('',(#2044),#24);
#37=STYLED_ITEM('',(#2045),#25);
#38=STYLED_ITEM('',(#2045),#26);
#39=STYLED_ITEM('',(#2045),#27);
#40=STYLED_ITEM('',(#2045),#28);
#41=STYLED_ITEM('',(#2044),#30);
#42=MANIFOLD_SOLID_BREP('Solid1',#1051);
#43=B_SPLINE_SURFACE_WITH_KNOTS('',4,1,((#1957,#1958),(#1959,#1960),(#1961,
#1962),(#1963,#1964),(#1965,#1966),(#1967,#1968),(#1969,#1970),(#1971,#1972),
(#1973,#1974),(#1975,#1976)),.UNSPECIFIED.,.F.,.F.,.F.,(5,1,1,1,1,1,5),
(2,2),(0.,0.36860228481658,0.499990577914662,0.626325703172215,0.73677459435987,
0.845496950258261,1.),(0.,33.),.UNSPECIFIED.);
#44=B_SPLINE_SURFACE_WITH_KNOTS('',3,1,((#1987,#1988),(#1989,#1990),(#1991,
#1992),(#1993,#1994)),.UNSPECIFIED.,.F.,.F.,.F.,(4,4),(2,2),(1.,1.99814799753497),
(0.,33.),.UNSPECIFIED.);
#45=B_SPLINE_CURVE_WITH_KNOTS('',3,(#1535,#1536,#1537,#1538,#1539,#1540,
#1541,#1542,#1543,#1544,#1545,#1546,#1547,#1548,#1549,#1550,#1551,#1552,
#1553,#1554,#1555,#1556,#1557,#1558,#1559,#1560,#1561,#1562,#1563,#1564,
#1565,#1566,#1567,#1568),.UNSPECIFIED.,.T.,.F.,(4,2,2,2,2,2,2,2,2,2,2,2,
2,2,2,2,4),(0.,0.0937345809437331,0.187469161887466,0.288360739113073,0.389252316338679,
0.492438986541108,0.595625656743537,0.689634138954357,0.783642621165178,
0.879988769503615,0.976334917842052,1.07719511737508,1.17805531690811,1.27894689413371,
1.37983847135932,1.47357305230305,1.56730763324679),.UNSPECIFIED.);
#46=B_SPLINE_CURVE_WITH_KNOTS('',3,(#1702,#1703,#1704,#1705,#1706,#1707,
#1708,#1709,#1710,#1711,#1712,#1713,#1714,#1715,#1716,#1717,#1718,#1719,
#1720,#1721,#1722,#1723,#1724,#1725,#1726,#1727,#1728,#1729,#1730,#1731,
#1732,#1733,#1734,#1735),.UNSPECIFIED.,.T.,.F.,(4,2,2,2,2,2,2,2,2,2,2,2,
2,2,2,2,4),(0.,0.131803144930804,0.263606289861608,0.405647759127003,0.547689228392398,
0.685997358804521,0.824305489216645,0.955670042054882,1.08703459489312,
1.21839914773136,1.34976370056959,1.48807183098172,1.62637996139384,1.76842143065924,
1.91046289992463,2.04226604485544,2.17406918978624),.UNSPECIFIED.);
#47=B_SPLINE_CURVE_WITH_KNOTS('',3,(#1748,#1749,#1750,#1751,#1752,#1753),
 .UNSPECIFIED.,.F.,.F.,(4,2,4),(-0.625165583355053,-0.27251071466103,0.),
 .UNSPECIFIED.);
#48=B_SPLINE_CURVE_WITH_KNOTS('',3,(#1776,#1777,#1778,#1779,#1780,#1781,
#1782,#1783,#1784,#1785,#1786,#1787,#1788,#1789,#1790,#1791,#1792,#1793),
 .UNSPECIFIED.,.F.,.F.,(4,2,2,2,2,2,2,2,4),(-5.06313277262048,-4.32690767593492,
-3.81803198647242,-3.0586631721454,-2.50757102938697,-1.96754054030574,
-1.62987964415061,-0.726996099174377,0.),.UNSPECIFIED.);
#49=B_SPLINE_CURVE_WITH_KNOTS('',3,(#1794,#1795,#1796,#1797,#1798,#1799,
#1800,#1801,#1802,#1803,#1804,#1805,#1806,#1807,#1808,#1809,#1810,#1811,
#1812,#1813,#1814,#1815,#1816,#1817,#1818),.UNSPECIFIED.,.F.,.F.,(4,2,2,
2,2,2,3,2,2,2,2,4),(-0.368412293884888,-0.108318248378434,-0.0641398849449528,
-0.0199615215114721,-0.00998076075573628,-0.00499038037786814,0.,0.00499038037786802,
0.00998076075573604,0.0199615215114721,0.0641398849449528,0.100349080606566),
 .UNSPECIFIED.);
#50=B_SPLINE_CURVE_WITH_KNOTS('',3,(#1840,#1841,#1842,#1843),
 .UNSPECIFIED.,.F.,.F.,(4,4),(-0.266514366670799,0.),.UNSPECIFIED.);
#51=B_SPLINE_CURVE_WITH_KNOTS('',3,(#1847,#1848,#1849,#1850,#1851,#1852,
#1853,#1854,#1855,#1856,#1857,#1858,#1859,#1860,#1861,#1862),
 .UNSPECIFIED.,.F.,.F.,(4,2,2,2,2,2,2,4),(1.32385253409498,1.32860051373047,
1.33334849336596,1.34284445263694,1.38442528494725,1.42600611725756,1.68721412807722,
1.69129404888993),.UNSPECIFIED.);
#52=B_SPLINE_CURVE_WITH_KNOTS('',3,(#1863,#1864,#1865,#1866,#1867,#1868,
#1869,#1870,#1871,#1872,#1873,#1874),.UNSPECIFIED.,.F.,.F.,(4,2,2,2,2,4),
(1.22253432594829,1.2632797832427,1.30486061555301,1.314356574824,1.31910455445949,
1.32385253409498),.UNSPECIFIED.);
#53=B_SPLINE_CURVE_WITH_KNOTS('',3,(#1881,#1882,#1883,#1884,#1885,#1886),
 .UNSPECIFIED.,.F.,.F.,(4,2,4),(-0.867929832778019,-0.485942110197534,0.),
 .UNSPECIFIED.);
#54=B_SPLINE_CURVE_WITH_KNOTS('',3,(#1888,#1889,#1890,#1891,#1892,#1893,
#1894,#1895,#1896,#1897,#1898,#1899,#1900,#1901,#1902,#1903,#1904,#1905,
#1906,#1907,#1908,#1909,#1910,#1911,#1912,#1913,#1914,#1915,#1916,#1917,
#1918,#1919,#1920,#1921,#1922,#1923,#1924),.UNSPECIFIED.,.F.,.F.,(4,3,3,
3,3,3,3,3,3,3,3,3,4),(-6.41514084399545,-4.61283388032962,-3.63556673736638,
-2.54031581175663,-1.90523685881747,-1.66183631152038,-1.40834979600602,
-1.13651317957222,-0.92039790989273,-0.539948608782619,-0.250215097696944,
-0.0267830893059228,0.),.UNSPECIFIED.);
#55=FACE_BOUND('',#154,.T.);
#56=FACE_BOUND('',#157,.T.);
#57=FACE_BOUND('',#193,.T.);
#58=PLANE('',#1078);
#59=PLANE('',#1096);
#60=PLANE('',#1097);
#61=PLANE('',#1098);
#62=PLANE('',#1099);
#63=PLANE('',#1100);
#64=PLANE('',#1101);
#65=PLANE('',#1102);
#66=PLANE('',#1103);
#67=PLANE('',#1104);
#68=PLANE('',#1105);
#69=PLANE('',#1108);
#70=PLANE('',#1109);
#71=PLANE('',#1110);
#72=PLANE('',#1111);
#73=PLANE('',#1114);
#74=PLANE('',#1115);
#75=PLANE('',#1116);
#76=PLANE('',#1117);
#77=PLANE('',#1119);
#78=PLANE('',#1120);
#79=PLANE('',#1122);
#80=PLANE('',#1124);
#81=PLANE('',#1125);
#82=PLANE('',#1129);
#83=PLANE('',#1132);
#84=PLANE('',#1144);
#85=PLANE('',#1146);
#86=PLANE('',#1149);
#87=PLANE('',#1150);
#88=PLANE('',#1160);
#89=PLANE('',#1162);
#90=PLANE('',#1164);
#91=PLANE('',#1166);
#92=PLANE('',#1168);
#93=PLANE('',#1169);
#94=PLANE('',#1170);
#95=PLANE('',#1174);
#96=PLANE('',#1175);
#97=PLANE('',#1176);
#98=PLANE('',#1177);
#99=FACE_OUTER_BOUND('',#152,.T.);
#100=FACE_OUTER_BOUND('',#153,.T.);
#101=FACE_OUTER_BOUND('',#155,.T.);
#102=FACE_OUTER_BOUND('',#156,.T.);
#103=FACE_OUTER_BOUND('',#158,.T.);
#104=FACE_OUTER_BOUND('',#159,.T.);
#105=FACE_OUTER_BOUND('',#160,.T.);
#106=FACE_OUTER_BOUND('',#161,.T.);
#107=FACE_OUTER_BOUND('',#162,.T.);
#108=FACE_OUTER_BOUND('',#163,.T.);
#109=FACE_OUTER_BOUND('',#164,.T.);
#110=FACE_OUTER_BOUND('',#165,.T.);
#111=FACE_OUTER_BOUND('',#166,.T.);
#112=FACE_OUTER_BOUND('',#167,.T.);
#113=FACE_OUTER_BOUND('',#168,.T.);
#114=FACE_OUTER_BOUND('',#169,.T.);
#115=FACE_OUTER_BOUND('',#170,.T.);
#116=FACE_OUTER_BOUND('',#171,.T.);
#117=FACE_OUTER_BOUND('',#172,.T.);
#118=FACE_OUTER_BOUND('',#173,.T.);
#119=FACE_OUTER_BOUND('',#174,.T.);
#120=FACE_OUTER_BOUND('',#175,.T.);
#121=FACE_OUTER_BOUND('',#176,.T.);
#122=FACE_OUTER_BOUND('',#177,.T.);
#123=FACE_OUTER_BOUND('',#178,.T.);
#124=FACE_OUTER_BOUND('',#179,.T.);
#125=FACE_OUTER_BOUND('',#180,.T.);
#126=FACE_OUTER_BOUND('',#181,.T.);
#127=FACE_OUTER_BOUND('',#182,.T.);
#128=FACE_OUTER_BOUND('',#183,.T.);
#129=FACE_OUTER_BOUND('',#184,.T.);
#130=FACE_OUTER_BOUND('',#185,.T.);
#131=FACE_OUTER_BOUND('',#186,.T.);
#132=FACE_OUTER_BOUND('',#187,.T.);
#133=FACE_OUTER_BOUND('',#188,.T.);
#134=FACE_OUTER_BOUND('',#189,.T.);
#135=FACE_OUTER_BOUND('',#190,.T.);
#136=FACE_OUTER_BOUND('',#191,.T.);
#137=FACE_OUTER_BOUND('',#192,.T.);
#138=FACE_OUTER_BOUND('',#194,.T.);
#139=FACE_OUTER_BOUND('',#195,.T.);
#140=FACE_OUTER_BOUND('',#196,.T.);
#141=FACE_OUTER_BOUND('',#197,.T.);
#142=FACE_OUTER_BOUND('',#198,.T.);
#143=FACE_OUTER_BOUND('',#199,.T.);
#144=FACE_OUTER_BOUND('',#200,.T.);
#145=FACE_OUTER_BOUND('',#201,.T.);
#146=FACE_OUTER_BOUND('',#202,.T.);
#147=FACE_OUTER_BOUND('',#203,.T.);
#148=FACE_OUTER_BOUND('',#204,.T.);
#149=FACE_OUTER_BOUND('',#205,.T.);
#150=FACE_OUTER_BOUND('',#206,.T.);
#151=FACE_OUTER_BOUND('',#207,.T.);
#152=EDGE_LOOP('',(#688,#689,#690,#691,#692));
#153=EDGE_LOOP('',(#693,#694,#695,#696,#697,#698,#699,#700));
#154=EDGE_LOOP('',(#701));
#155=EDGE_LOOP('',(#702,#703,#704));
#156=EDGE_LOOP('',(#705,#706,#707,#708,#709,#710,#711,#712,#713,#714,#715,
#716));
#157=EDGE_LOOP('',(#717));
#158=EDGE_LOOP('',(#718,#719,#720,#721));
#159=EDGE_LOOP('',(#722,#723,#724,#725,#726,#727,#728,#729));
#160=EDGE_LOOP('',(#730,#731,#732,#733));
#161=EDGE_LOOP('',(#734,#735,#736,#737,#738,#739));
#162=EDGE_LOOP('',(#740,#741,#742,#743));
#163=EDGE_LOOP('',(#744,#745,#746,#747,#748,#749));
#164=EDGE_LOOP('',(#750,#751,#752,#753));
#165=EDGE_LOOP('',(#754,#755,#756,#757));
#166=EDGE_LOOP('',(#758,#759,#760,#761,#762,#763,#764,#765));
#167=EDGE_LOOP('',(#766,#767,#768));
#168=EDGE_LOOP('',(#769,#770,#771,#772,#773,#774));
#169=EDGE_LOOP('',(#775,#776,#777,#778,#779,#780,#781,#782));
#170=EDGE_LOOP('',(#783,#784,#785,#786));
#171=EDGE_LOOP('',(#787,#788,#789));
#172=EDGE_LOOP('',(#790,#791,#792,#793,#794,#795));
#173=EDGE_LOOP('',(#796,#797,#798,#799,#800,#801,#802,#803));
#174=EDGE_LOOP('',(#804,#805,#806,#807));
#175=EDGE_LOOP('',(#808,#809,#810,#811));
#176=EDGE_LOOP('',(#812,#813,#814,#815));
#177=EDGE_LOOP('',(#816,#817,#818,#819));
#178=EDGE_LOOP('',(#820,#821,#822,#823,#824,#825,#826,#827));
#179=EDGE_LOOP('',(#828,#829,#830,#831));
#180=EDGE_LOOP('',(#832,#833,#834,#835));
#181=EDGE_LOOP('',(#836,#837,#838,#839));
#182=EDGE_LOOP('',(#840));
#183=EDGE_LOOP('',(#841,#842,#843,#844,#845,#846,#847,#848,#849,#850,#851,
#852));
#184=EDGE_LOOP('',(#853));
#185=EDGE_LOOP('',(#854,#855,#856,#857,#858,#859,#860,#861,#862,#863,#864,
#865,#866,#867,#868,#869,#870,#871,#872));
#186=EDGE_LOOP('',(#873,#874,#875,#876));
#187=EDGE_LOOP('',(#877,#878,#879,#880,#881,#882,#883));
#188=EDGE_LOOP('',(#884,#885,#886,#887,#888,#889,#890,#891));
#189=EDGE_LOOP('',(#892,#893,#894,#895,#896,#897));
#190=EDGE_LOOP('',(#898,#899,#900,#901));
#191=EDGE_LOOP('',(#902,#903,#904,#905,#906));
#192=EDGE_LOOP('',(#907,#908,#909,#910,#911,#912,#913,#914,#915,#916,#917));
#193=EDGE_LOOP('',(#918));
#194=EDGE_LOOP('',(#919,#920,#921,#922));
#195=EDGE_LOOP('',(#923,#924,#925,#926,#927));
#196=EDGE_LOOP('',(#928,#929,#930,#931));
#197=EDGE_LOOP('',(#932,#933,#934,#935,#936,#937));
#198=EDGE_LOOP('',(#938,#939,#940,#941));
#199=EDGE_LOOP('',(#942,#943,#944,#945));
#200=EDGE_LOOP('',(#946,#947,#948,#949));
#201=EDGE_LOOP('',(#950,#951,#952,#953,#954));
#202=EDGE_LOOP('',(#955,#956,#957,#958,#959,#960,#961,#962,#963,#964,#965,
#966));
#203=EDGE_LOOP('',(#967,#968,#969,#970));
#204=EDGE_LOOP('',(#971,#972,#973,#974));
#205=EDGE_LOOP('',(#975,#976,#977,#978,#979));
#206=EDGE_LOOP('',(#980,#981,#982,#983));
#207=EDGE_LOOP('',(#984,#985,#986,#987));
#208=ELLIPSE('',#1076,5.27469430393838,5.);
#209=ELLIPSE('',#1077,5.24976189936267,5.);
#210=ELLIPSE('',#1085,39.8981904351563,38.);
#211=ELLIPSE('',#1087,38.3498138717778,38.);
#212=ELLIPSE('',#1088,38.5325246512605,38.);
#213=ELLIPSE('',#1089,38.7084794844747,38.);
#214=ELLIPSE('',#1090,38.9416761837495,38.);
#215=ELLIPSE('',#1091,39.1695034433678,38.);
#216=ELLIPSE('',#1092,39.441071182208,38.);
#217=ELLIPSE('',#1093,39.6731647338601,38.);
#218=ELLIPSE('',#1094,39.9214190128557,38.);
#219=ELLIPSE('',#1095,40.0876767099317,38.);
#220=ELLIPSE('',#1118,73.0821455623739,70.);
#221=ELLIPSE('',#1121,72.6546048093306,70.);
#222=ELLIPSE('',#1123,71.7346666542754,70.0000000000001);
#223=ELLIPSE('',#1126,72.1543484483091,70.);
#224=ELLIPSE('',#1134,73.8457202551374,70.);
#225=ELLIPSE('',#1135,73.5394560763133,70.);
#226=ELLIPSE('',#1136,71.3050937871903,70.0000000000001);
#227=ELLIPSE('',#1137,70.9809664628484,70.);
#228=ELLIPSE('',#1138,70.6443939743275,70.);
#229=ELLIPSE('',#1139,70.37754187239,70.0000000000001);
#230=ELLIPSE('',#1140,70.1616533442593,70.0000000000001);
#231=ELLIPSE('',#1141,70.0314929156876,70.);
#232=ELLIPSE('',#1142,70.0034999125044,70.0000000000001);
#233=ELLIPSE('',#1143,70.1258868036619,70.);
#234=ELLIPSE('',#1145,7.60510354959089,7.5);
#235=ELLIPSE('',#1147,7.63983147719896,7.5);
#236=ELLIPSE('',#1148,7.63983147719896,7.5);
#237=ELLIPSE('',#1154,38.3498138717778,38.);
#238=ELLIPSE('',#1155,38.0683385505593,38.);
#239=ELLIPSE('',#1156,38.0018999525024,38.);
#240=ELLIPSE('',#1157,38.0170961542304,38.);
#241=ELLIPSE('',#1158,38.0877546725979,38.);
#242=ELLIPSE('',#1159,38.2049513021545,38.);
#243=ELLIPSE('',#1161,7.60510354959089,7.5);
#244=ELLIPSE('',#1163,7.56904221153509,7.5);
#245=ELLIPSE('',#1165,7.54045091489892,7.5);
#246=ELLIPSE('',#1167,7.51732000117063,7.5);
#247=ELLIPSE('',#1172,7.54045091489892,7.5);
#248=ELLIPSE('',#1173,7.56904221153509,7.5);
#249=CIRCLE('',#1075,5.);
#250=CIRCLE('',#1079,38.);
#251=CIRCLE('',#1080,70.);
#252=CIRCLE('',#1081,38.);
#253=CIRCLE('',#1082,38.);
#254=CIRCLE('',#1083,7.5);
#255=CIRCLE('',#1106,2.5);
#256=CIRCLE('',#1107,2.5);
#257=CIRCLE('',#1112,2.5);
#258=CIRCLE('',#1113,2.5);
#259=CIRCLE('',#1128,3.5);
#260=CIRCLE('',#1131,2.5);
#261=CIRCLE('',#1178,7.5);
#262=CIRCLE('',#1179,7.5);
#263=CIRCLE('',#1180,7.5);
#264=LINE('',#1488,#351);
#265=LINE('',#1492,#352);
#266=LINE('',#1500,#353);
#267=LINE('',#1502,#354);
#268=LINE('',#1506,#355);
#269=LINE('',#1516,#356);
#270=LINE('',#1572,#357);
#271=LINE('',#1574,#358);
#272=LINE('',#1576,#359);
#273=LINE('',#1577,#360);
#274=LINE('',#1580,#361);
#275=LINE('',#1582,#362);
#276=LINE('',#1584,#363);
#277=LINE('',#1586,#364);
#278=LINE('',#1588,#365);
#279=LINE('',#1590,#366);
#280=LINE('',#1591,#367);
#281=LINE('',#1594,#368);
#282=LINE('',#1596,#369);
#283=LINE('',#1597,#370);
#284=LINE('',#1600,#371);
#285=LINE('',#1602,#372);
#286=LINE('',#1604,#373);
#287=LINE('',#1605,#374);
#288=LINE('',#1608,#375);
#289=LINE('',#1609,#376);
#290=LINE('',#1612,#377);
#291=LINE('',#1614,#378);
#292=LINE('',#1615,#379);
#293=LINE('',#1617,#380);
#294=LINE('',#1618,#381);
#295=LINE('',#1623,#382);
#296=LINE('',#1624,#383);
#297=LINE('',#1626,#384);
#298=LINE('',#1628,#385);
#299=LINE('',#1630,#386);
#300=LINE('',#1632,#387);
#301=LINE('',#1633,#388);
#302=LINE('',#1639,#389);
#303=LINE('',#1643,#390);
#304=LINE('',#1645,#391);
#305=LINE('',#1646,#392);
#306=LINE('',#1649,#393);
#307=LINE('',#1651,#394);
#308=LINE('',#1653,#395);
#309=LINE('',#1655,#396);
#310=LINE('',#1657,#397);
#311=LINE('',#1659,#398);
#312=LINE('',#1660,#399);
#313=LINE('',#1663,#400);
#314=LINE('',#1665,#401);
#315=LINE('',#1666,#402);
#316=LINE('',#1672,#403);
#317=LINE('',#1673,#404);
#318=LINE('',#1676,#405);
#319=LINE('',#1677,#406);
#320=LINE('',#1680,#407);
#321=LINE('',#1683,#408);
#322=LINE('',#1685,#409);
#323=LINE('',#1688,#410);
#324=LINE('',#1691,#411);
#325=LINE('',#1693,#412);
#326=LINE('',#1696,#413);
#327=LINE('',#1737,#414);
#328=LINE('',#1741,#415);
#329=LINE('',#1743,#416);
#330=LINE('',#1755,#417);
#331=LINE('',#1821,#418);
#332=LINE('',#1824,#419);
#333=LINE('',#1827,#420);
#334=LINE('',#1832,#421);
#335=LINE('',#1835,#422);
#336=LINE('',#1836,#423);
#337=LINE('',#1845,#424);
#338=LINE('',#1876,#425);
#339=LINE('',#1877,#426);
#340=LINE('',#1936,#427);
#341=LINE('',#1940,#428);
#342=LINE('',#1944,#429);
#343=LINE('',#1948,#430);
#344=LINE('',#1950,#431);
#345=LINE('',#1952,#432);
#346=LINE('',#1954,#433);
#347=LINE('',#1956,#434);
#348=LINE('',#1981,#435);
#349=LINE('',#1983,#436);
#350=LINE('',#1986,#437);
#351=VECTOR('',#1185,10.);
#352=VECTOR('',#1188,10.);
#353=VECTOR('',#1197,10.);
#354=VECTOR('',#1198,10.);
#355=VECTOR('',#1201,10.);
#356=VECTOR('',#1214,10.);
#357=VECTOR('',#1235,10.);
#358=VECTOR('',#1236,10.);
#359=VECTOR('',#1237,10.);
#360=VECTOR('',#1238,10.);
#361=VECTOR('',#1241,10.);
#362=VECTOR('',#1242,10.);
#363=VECTOR('',#1243,10.);
#364=VECTOR('',#1244,10.);
#365=VECTOR('',#1245,10.);
#366=VECTOR('',#1246,10.);
#367=VECTOR('',#1247,10.);
#368=VECTOR('',#1250,10.);
#369=VECTOR('',#1251,10.);
#370=VECTOR('',#1252,10.);
#371=VECTOR('',#1255,10.);
#372=VECTOR('',#1256,10.);
#373=VECTOR('',#1257,10.);
#374=VECTOR('',#1258,10.);
#375=VECTOR('',#1261,10.);
#376=VECTOR('',#1262,10.);
#377=VECTOR('',#1265,10.);
#378=VECTOR('',#1266,10.);
#379=VECTOR('',#1267,10.);
#380=VECTOR('',#1270,10.);
#381=VECTOR('',#1271,10.);
#382=VECTOR('',#1276,10.);
#383=VECTOR('',#1277,10.);
#384=VECTOR('',#1278,10.);
#385=VECTOR('',#1279,10.);
#386=VECTOR('',#1280,10.);
#387=VECTOR('',#1281,10.);
#388=VECTOR('',#1282,10.);
#389=VECTOR('',#1287,10.);
#390=VECTOR('',#1292,10.);
#391=VECTOR('',#1293,10.);
#392=VECTOR('',#1294,10.);
#393=VECTOR('',#1297,10.);
#394=VECTOR('',#1298,10.);
#395=VECTOR('',#1299,10.);
#396=VECTOR('',#1300,10.);
#397=VECTOR('',#1301,10.);
#398=VECTOR('',#1302,10.);
#399=VECTOR('',#1303,10.);
#400=VECTOR('',#1306,10.);
#401=VECTOR('',#1307,10.);
#402=VECTOR('',#1308,10.);
#403=VECTOR('',#1317,10.);
#404=VECTOR('',#1318,10.);
#405=VECTOR('',#1323,10.);
#406=VECTOR('',#1324,10.);
#407=VECTOR('',#1327,10.);
#408=VECTOR('',#1330,10.);
#409=VECTOR('',#1333,10.);
#410=VECTOR('',#1336,10.);
#411=VECTOR('',#1341,10.);
#412=VECTOR('',#1342,10.);
#413=VECTOR('',#1345,10.);
#414=VECTOR('',#1354,3.5);
#415=VECTOR('',#1361,2.5);
#416=VECTOR('',#1362,2.5);
#417=VECTOR('',#1369,10.);
#418=VECTOR('',#1392,10.);
#419=VECTOR('',#1395,10.);
#420=VECTOR('',#1398,10.);
#421=VECTOR('',#1405,10.);
#422=VECTOR('',#1408,10.);
#423=VECTOR('',#1409,10.);
#424=VECTOR('',#1412,10.);
#425=VECTOR('',#1415,10.);
#426=VECTOR('',#1416,10.);
#427=VECTOR('',#1433,10.);
#428=VECTOR('',#1438,10.);
#429=VECTOR('',#1443,10.);
#430=VECTOR('',#1448,10.);
#431=VECTOR('',#1451,10.);
#432=VECTOR('',#1454,10.);
#433=VECTOR('',#1457,10.);
#434=VECTOR('',#1460,10.);
#435=VECTOR('',#1467,7.5);
#436=VECTOR('',#1470,10.);
#437=VECTOR('',#1475,10.);
#438=VERTEX_POINT('',#1486);
#439=VERTEX_POINT('',#1487);
#440=VERTEX_POINT('',#1489);
#441=VERTEX_POINT('',#1491);
#442=VERTEX_POINT('',#1493);
#443=VERTEX_POINT('',#1497);
#444=VERTEX_POINT('',#1499);
#445=VERTEX_POINT('',#1501);
#446=VERTEX_POINT('',#1503);
#447=VERTEX_POINT('',#1505);
#448=VERTEX_POINT('',#1507);
#449=VERTEX_POINT('',#1510);
#450=VERTEX_POINT('',#1515);
#451=VERTEX_POINT('',#1517);
#452=VERTEX_POINT('',#1519);
#453=VERTEX_POINT('',#1521);
#454=VERTEX_POINT('',#1523);
#455=VERTEX_POINT('',#1525);
#456=VERTEX_POINT('',#1527);
#457=VERTEX_POINT('',#1529);
#458=VERTEX_POINT('',#1531);
#459=VERTEX_POINT('',#1534);
#460=VERTEX_POINT('',#1570);
#461=VERTEX_POINT('',#1571);
#462=VERTEX_POINT('',#1573);
#463=VERTEX_POINT('',#1575);
#464=VERTEX_POINT('',#1579);
#465=VERTEX_POINT('',#1581);
#466=VERTEX_POINT('',#1583);
#467=VERTEX_POINT('',#1585);
#468=VERTEX_POINT('',#1587);
#469=VERTEX_POINT('',#1589);
#470=VERTEX_POINT('',#1593);
#471=VERTEX_POINT('',#1595);
#472=VERTEX_POINT('',#1599);
#473=VERTEX_POINT('',#1601);
#474=VERTEX_POINT('',#1603);
#475=VERTEX_POINT('',#1607);
#476=VERTEX_POINT('',#1611);
#477=VERTEX_POINT('',#1613);
#478=VERTEX_POINT('',#1621);
#479=VERTEX_POINT('',#1622);
#480=VERTEX_POINT('',#1625);
#481=VERTEX_POINT('',#1627);
#482=VERTEX_POINT('',#1629);
#483=VERTEX_POINT('',#1631);
#484=VERTEX_POINT('',#1635);
#485=VERTEX_POINT('',#1636);
#486=VERTEX_POINT('',#1638);
#487=VERTEX_POINT('',#1642);
#488=VERTEX_POINT('',#1644);
#489=VERTEX_POINT('',#1648);
#490=VERTEX_POINT('',#1650);
#491=VERTEX_POINT('',#1652);
#492=VERTEX_POINT('',#1654);
#493=VERTEX_POINT('',#1656);
#494=VERTEX_POINT('',#1658);
#495=VERTEX_POINT('',#1662);
#496=VERTEX_POINT('',#1664);
#497=VERTEX_POINT('',#1668);
#498=VERTEX_POINT('',#1679);
#499=VERTEX_POINT('',#1681);
#500=VERTEX_POINT('',#1687);
#501=VERTEX_POINT('',#1692);
#502=VERTEX_POINT('',#1694);
#503=VERTEX_POINT('',#1701);
#504=VERTEX_POINT('',#1736);
#505=VERTEX_POINT('',#1742);
#506=VERTEX_POINT('',#1747);
#507=VERTEX_POINT('',#1754);
#508=VERTEX_POINT('',#1756);
#509=VERTEX_POINT('',#1759);
#510=VERTEX_POINT('',#1761);
#511=VERTEX_POINT('',#1763);
#512=VERTEX_POINT('',#1765);
#513=VERTEX_POINT('',#1767);
#514=VERTEX_POINT('',#1769);
#515=VERTEX_POINT('',#1771);
#516=VERTEX_POINT('',#1773);
#517=VERTEX_POINT('',#1775);
#518=VERTEX_POINT('',#1820);
#519=VERTEX_POINT('',#1822);
#520=VERTEX_POINT('',#1826);
#521=VERTEX_POINT('',#1828);
#522=VERTEX_POINT('',#1834);
#523=VERTEX_POINT('',#1838);
#524=VERTEX_POINT('',#1839);
#525=VERTEX_POINT('',#1844);
#526=VERTEX_POINT('',#1846);
#527=VERTEX_POINT('',#1879);
#528=VERTEX_POINT('',#1887);
#529=VERTEX_POINT('',#1925);
#530=VERTEX_POINT('',#1927);
#531=VERTEX_POINT('',#1929);
#532=VERTEX_POINT('',#1931);
#533=VERTEX_POINT('',#1935);
#534=VERTEX_POINT('',#1939);
#535=VERTEX_POINT('',#1943);
#536=VERTEX_POINT('',#1947);
#537=VERTEX_POINT('',#1978);
#538=EDGE_CURVE('',#438,#439,#264,.T.);
#539=EDGE_CURVE('',#440,#438,#249,.T.);
#540=EDGE_CURVE('',#441,#440,#265,.T.);
#541=EDGE_CURVE('',#442,#441,#208,.T.);
#542=EDGE_CURVE('',#439,#442,#209,.T.);
#543=EDGE_CURVE('',#438,#443,#250,.T.);
#544=EDGE_CURVE('',#443,#444,#266,.T.);
#545=EDGE_CURVE('',#445,#444,#267,.T.);
#546=EDGE_CURVE('',#445,#446,#251,.T.);
#547=EDGE_CURVE('',#447,#446,#268,.T.);
#548=EDGE_CURVE('',#447,#448,#252,.T.);
#549=EDGE_CURVE('',#448,#440,#253,.T.);
#550=EDGE_CURVE('',#449,#449,#254,.T.);
#551=EDGE_CURVE('',#443,#439,#210,.T.);
#552=EDGE_CURVE('',#448,#450,#269,.T.);
#553=EDGE_CURVE('',#451,#450,#211,.T.);
#554=EDGE_CURVE('',#452,#451,#212,.T.);
#555=EDGE_CURVE('',#453,#452,#213,.T.);
#556=EDGE_CURVE('',#454,#453,#214,.T.);
#557=EDGE_CURVE('',#455,#454,#215,.T.);
#558=EDGE_CURVE('',#456,#455,#216,.T.);
#559=EDGE_CURVE('',#457,#456,#217,.T.);
#560=EDGE_CURVE('',#458,#457,#218,.T.);
#561=EDGE_CURVE('',#441,#458,#219,.T.);
#562=EDGE_CURVE('',#459,#459,#45,.T.);
#563=EDGE_CURVE('',#460,#461,#270,.T.);
#564=EDGE_CURVE('',#462,#460,#271,.T.);
#565=EDGE_CURVE('',#463,#462,#272,.T.);
#566=EDGE_CURVE('',#461,#463,#273,.T.);
#567=EDGE_CURVE('',#461,#464,#274,.T.);
#568=EDGE_CURVE('',#465,#464,#275,.T.);
#569=EDGE_CURVE('',#465,#466,#276,.T.);
#570=EDGE_CURVE('',#467,#466,#277,.T.);
#571=EDGE_CURVE('',#468,#467,#278,.T.);
#572=EDGE_CURVE('',#469,#468,#279,.T.);
#573=EDGE_CURVE('',#469,#460,#280,.T.);
#574=EDGE_CURVE('',#466,#470,#281,.T.);
#575=EDGE_CURVE('',#470,#471,#282,.T.);
#576=EDGE_CURVE('',#471,#467,#283,.T.);
#577=EDGE_CURVE('',#463,#472,#284,.T.);
#578=EDGE_CURVE('',#472,#473,#285,.T.);
#579=EDGE_CURVE('',#474,#473,#286,.T.);
#580=EDGE_CURVE('',#464,#474,#287,.T.);
#581=EDGE_CURVE('',#462,#475,#288,.T.);
#582=EDGE_CURVE('',#475,#472,#289,.T.);
#583=EDGE_CURVE('',#476,#469,#290,.T.);
#584=EDGE_CURVE('',#476,#477,#291,.T.);
#585=EDGE_CURVE('',#477,#475,#292,.T.);
#586=EDGE_CURVE('',#474,#476,#293,.T.);
#587=EDGE_CURVE('',#473,#477,#294,.T.);
#588=EDGE_CURVE('',#478,#479,#295,.T.);
#589=EDGE_CURVE('',#478,#471,#296,.T.);
#590=EDGE_CURVE('',#470,#480,#297,.T.);
#591=EDGE_CURVE('',#481,#480,#298,.T.);
#592=EDGE_CURVE('',#482,#481,#299,.T.);
#593=EDGE_CURVE('',#483,#482,#300,.T.);
#594=EDGE_CURVE('',#479,#483,#301,.T.);
#595=EDGE_CURVE('',#484,#485,#255,.T.);
#596=EDGE_CURVE('',#486,#484,#302,.T.);
#597=EDGE_CURVE('',#485,#486,#256,.T.);
#598=EDGE_CURVE('',#487,#478,#303,.T.);
#599=EDGE_CURVE('',#488,#487,#304,.T.);
#600=EDGE_CURVE('',#468,#488,#305,.T.);
#601=EDGE_CURVE('',#489,#487,#306,.T.);
#602=EDGE_CURVE('',#490,#489,#307,.T.);
#603=EDGE_CURVE('',#491,#490,#308,.T.);
#604=EDGE_CURVE('',#492,#491,#309,.T.);
#605=EDGE_CURVE('',#493,#492,#310,.T.);
#606=EDGE_CURVE('',#494,#493,#311,.T.);
#607=EDGE_CURVE('',#488,#494,#312,.T.);
#608=EDGE_CURVE('',#486,#495,#313,.T.);
#609=EDGE_CURVE('',#496,#484,#314,.T.);
#610=EDGE_CURVE('',#495,#496,#315,.T.);
#611=EDGE_CURVE('',#495,#497,#257,.T.);
#612=EDGE_CURVE('',#497,#496,#258,.T.);
#613=EDGE_CURVE('',#480,#493,#316,.T.);
#614=EDGE_CURVE('',#494,#465,#317,.T.);
#615=EDGE_CURVE('',#457,#489,#318,.T.);
#616=EDGE_CURVE('',#456,#490,#319,.T.);
#617=EDGE_CURVE('',#483,#498,#320,.T.);
#618=EDGE_CURVE('',#498,#499,#220,.T.);
#619=EDGE_CURVE('',#479,#499,#321,.T.);
#620=EDGE_CURVE('',#455,#491,#322,.T.);
#621=EDGE_CURVE('',#482,#500,#323,.T.);
#622=EDGE_CURVE('',#500,#498,#221,.T.);
#623=EDGE_CURVE('',#454,#492,#324,.T.);
#624=EDGE_CURVE('',#453,#501,#325,.T.);
#625=EDGE_CURVE('',#501,#502,#222,.T.);
#626=EDGE_CURVE('',#481,#502,#326,.T.);
#627=EDGE_CURVE('',#502,#500,#223,.T.);
#628=EDGE_CURVE('',#503,#503,#46,.T.);
#629=EDGE_CURVE('',#503,#504,#327,.T.);
#630=EDGE_CURVE('',#504,#504,#259,.T.);
#631=EDGE_CURVE('',#459,#497,#328,.T.);
#632=EDGE_CURVE('',#485,#505,#329,.T.);
#633=EDGE_CURVE('',#505,#505,#260,.T.);
#634=EDGE_CURVE('',#446,#506,#47,.T.);
#635=EDGE_CURVE('',#507,#445,#330,.T.);
#636=EDGE_CURVE('',#508,#507,#224,.T.);
#637=EDGE_CURVE('',#499,#508,#225,.T.);
#638=EDGE_CURVE('',#509,#501,#226,.T.);
#639=EDGE_CURVE('',#510,#509,#227,.T.);
#640=EDGE_CURVE('',#511,#510,#228,.T.);
#641=EDGE_CURVE('',#512,#511,#229,.T.);
#642=EDGE_CURVE('',#513,#512,#230,.T.);
#643=EDGE_CURVE('',#514,#513,#231,.T.);
#644=EDGE_CURVE('',#515,#514,#232,.T.);
#645=EDGE_CURVE('',#516,#515,#233,.T.);
#646=EDGE_CURVE('',#517,#516,#48,.T.);
#647=EDGE_CURVE('',#506,#517,#49,.T.);
#648=EDGE_CURVE('',#518,#509,#331,.T.);
#649=EDGE_CURVE('',#518,#519,#234,.T.);
#650=EDGE_CURVE('',#519,#510,#332,.T.);
#651=EDGE_CURVE('',#452,#520,#333,.T.);
#652=EDGE_CURVE('',#520,#521,#235,.T.);
#653=EDGE_CURVE('',#521,#518,#236,.T.);
#654=EDGE_CURVE('',#458,#508,#334,.T.);
#655=EDGE_CURVE('',#522,#507,#335,.T.);
#656=EDGE_CURVE('',#442,#522,#336,.T.);
#657=EDGE_CURVE('',#523,#524,#50,.T.);
#658=EDGE_CURVE('',#523,#525,#337,.T.);
#659=EDGE_CURVE('',#526,#525,#51,.T.);
#660=EDGE_CURVE('',#524,#526,#52,.T.);
#661=EDGE_CURVE('',#524,#517,#338,.T.);
#662=EDGE_CURVE('',#525,#506,#339,.T.);
#663=EDGE_CURVE('',#450,#527,#237,.T.);
#664=EDGE_CURVE('',#525,#447,#53,.T.);
#665=EDGE_CURVE('',#528,#523,#54,.T.);
#666=EDGE_CURVE('',#529,#528,#238,.T.);
#667=EDGE_CURVE('',#530,#529,#239,.T.);
#668=EDGE_CURVE('',#531,#530,#240,.T.);
#669=EDGE_CURVE('',#532,#531,#241,.T.);
#670=EDGE_CURVE('',#527,#532,#242,.T.);
#671=EDGE_CURVE('',#451,#533,#340,.T.);
#672=EDGE_CURVE('',#533,#520,#243,.T.);
#673=EDGE_CURVE('',#527,#534,#341,.T.);
#674=EDGE_CURVE('',#534,#533,#244,.T.);
#675=EDGE_CURVE('',#532,#535,#342,.T.);
#676=EDGE_CURVE('',#535,#534,#245,.T.);
#677=EDGE_CURVE('',#536,#512,#343,.T.);
#678=EDGE_CURVE('',#536,#535,#246,.T.);
#679=EDGE_CURVE('',#531,#513,#344,.T.);
#680=EDGE_CURVE('',#530,#514,#345,.T.);
#681=EDGE_CURVE('',#529,#515,#346,.T.);
#682=EDGE_CURVE('',#528,#516,#347,.T.);
#683=EDGE_CURVE('',#537,#536,#247,.T.);
#684=EDGE_CURVE('',#519,#537,#248,.T.);
#685=EDGE_CURVE('',#521,#449,#348,.T.);
#686=EDGE_CURVE('',#537,#511,#349,.T.);
#687=EDGE_CURVE('',#444,#522,#350,.T.);
#688=ORIENTED_EDGE('',*,*,#538,.F.);
#689=ORIENTED_EDGE('',*,*,#539,.F.);
#690=ORIENTED_EDGE('',*,*,#540,.F.);
#691=ORIENTED_EDGE('',*,*,#541,.F.);
#692=ORIENTED_EDGE('',*,*,#542,.F.);
#693=ORIENTED_EDGE('',*,*,#539,.T.);
#694=ORIENTED_EDGE('',*,*,#543,.T.);
#695=ORIENTED_EDGE('',*,*,#544,.T.);
#696=ORIENTED_EDGE('',*,*,#545,.F.);
#697=ORIENTED_EDGE('',*,*,#546,.T.);
#698=ORIENTED_EDGE('',*,*,#547,.F.);
#699=ORIENTED_EDGE('',*,*,#548,.T.);
#700=ORIENTED_EDGE('',*,*,#549,.T.);
#701=ORIENTED_EDGE('',*,*,#550,.T.);
#702=ORIENTED_EDGE('',*,*,#538,.T.);
#703=ORIENTED_EDGE('',*,*,#551,.F.);
#704=ORIENTED_EDGE('',*,*,#543,.F.);
#705=ORIENTED_EDGE('',*,*,#540,.T.);
#706=ORIENTED_EDGE('',*,*,#549,.F.);
#707=ORIENTED_EDGE('',*,*,#552,.T.);
#708=ORIENTED_EDGE('',*,*,#553,.F.);
#709=ORIENTED_EDGE('',*,*,#554,.F.);
#710=ORIENTED_EDGE('',*,*,#555,.F.);
#711=ORIENTED_EDGE('',*,*,#556,.F.);
#712=ORIENTED_EDGE('',*,*,#557,.F.);
#713=ORIENTED_EDGE('',*,*,#558,.F.);
#714=ORIENTED_EDGE('',*,*,#559,.F.);
#715=ORIENTED_EDGE('',*,*,#560,.F.);
#716=ORIENTED_EDGE('',*,*,#561,.F.);
#717=ORIENTED_EDGE('',*,*,#562,.T.);
#718=ORIENTED_EDGE('',*,*,#563,.F.);
#719=ORIENTED_EDGE('',*,*,#564,.F.);
#720=ORIENTED_EDGE('',*,*,#565,.F.);
#721=ORIENTED_EDGE('',*,*,#566,.F.);
#722=ORIENTED_EDGE('',*,*,#567,.T.);
#723=ORIENTED_EDGE('',*,*,#568,.F.);
#724=ORIENTED_EDGE('',*,*,#569,.T.);
#725=ORIENTED_EDGE('',*,*,#570,.F.);
#726=ORIENTED_EDGE('',*,*,#571,.F.);
#727=ORIENTED_EDGE('',*,*,#572,.F.);
#728=ORIENTED_EDGE('',*,*,#573,.T.);
#729=ORIENTED_EDGE('',*,*,#563,.T.);
#730=ORIENTED_EDGE('',*,*,#570,.T.);
#731=ORIENTED_EDGE('',*,*,#574,.T.);
#732=ORIENTED_EDGE('',*,*,#575,.T.);
#733=ORIENTED_EDGE('',*,*,#576,.T.);
#734=ORIENTED_EDGE('',*,*,#577,.T.);
#735=ORIENTED_EDGE('',*,*,#578,.T.);
#736=ORIENTED_EDGE('',*,*,#579,.F.);
#737=ORIENTED_EDGE('',*,*,#580,.F.);
#738=ORIENTED_EDGE('',*,*,#567,.F.);
#739=ORIENTED_EDGE('',*,*,#566,.T.);
#740=ORIENTED_EDGE('',*,*,#581,.T.);
#741=ORIENTED_EDGE('',*,*,#582,.T.);
#742=ORIENTED_EDGE('',*,*,#577,.F.);
#743=ORIENTED_EDGE('',*,*,#565,.T.);
#744=ORIENTED_EDGE('',*,*,#583,.F.);
#745=ORIENTED_EDGE('',*,*,#584,.T.);
#746=ORIENTED_EDGE('',*,*,#585,.T.);
#747=ORIENTED_EDGE('',*,*,#581,.F.);
#748=ORIENTED_EDGE('',*,*,#564,.T.);
#749=ORIENTED_EDGE('',*,*,#573,.F.);
#750=ORIENTED_EDGE('',*,*,#586,.F.);
#751=ORIENTED_EDGE('',*,*,#579,.T.);
#752=ORIENTED_EDGE('',*,*,#587,.T.);
#753=ORIENTED_EDGE('',*,*,#584,.F.);
#754=ORIENTED_EDGE('',*,*,#587,.F.);
#755=ORIENTED_EDGE('',*,*,#578,.F.);
#756=ORIENTED_EDGE('',*,*,#582,.F.);
#757=ORIENTED_EDGE('',*,*,#585,.F.);
#758=ORIENTED_EDGE('',*,*,#588,.F.);
#759=ORIENTED_EDGE('',*,*,#589,.T.);
#760=ORIENTED_EDGE('',*,*,#575,.F.);
#761=ORIENTED_EDGE('',*,*,#590,.T.);
#762=ORIENTED_EDGE('',*,*,#591,.F.);
#763=ORIENTED_EDGE('',*,*,#592,.F.);
#764=ORIENTED_EDGE('',*,*,#593,.F.);
#765=ORIENTED_EDGE('',*,*,#594,.F.);
#766=ORIENTED_EDGE('',*,*,#595,.F.);
#767=ORIENTED_EDGE('',*,*,#596,.F.);
#768=ORIENTED_EDGE('',*,*,#597,.F.);
#769=ORIENTED_EDGE('',*,*,#598,.F.);
#770=ORIENTED_EDGE('',*,*,#599,.F.);
#771=ORIENTED_EDGE('',*,*,#600,.F.);
#772=ORIENTED_EDGE('',*,*,#571,.T.);
#773=ORIENTED_EDGE('',*,*,#576,.F.);
#774=ORIENTED_EDGE('',*,*,#589,.F.);
#775=ORIENTED_EDGE('',*,*,#601,.F.);
#776=ORIENTED_EDGE('',*,*,#602,.F.);
#777=ORIENTED_EDGE('',*,*,#603,.F.);
#778=ORIENTED_EDGE('',*,*,#604,.F.);
#779=ORIENTED_EDGE('',*,*,#605,.F.);
#780=ORIENTED_EDGE('',*,*,#606,.F.);
#781=ORIENTED_EDGE('',*,*,#607,.F.);
#782=ORIENTED_EDGE('',*,*,#599,.T.);
#783=ORIENTED_EDGE('',*,*,#608,.F.);
#784=ORIENTED_EDGE('',*,*,#596,.T.);
#785=ORIENTED_EDGE('',*,*,#609,.F.);
#786=ORIENTED_EDGE('',*,*,#610,.F.);
#787=ORIENTED_EDGE('',*,*,#611,.F.);
#788=ORIENTED_EDGE('',*,*,#610,.T.);
#789=ORIENTED_EDGE('',*,*,#612,.F.);
#790=ORIENTED_EDGE('',*,*,#613,.F.);
#791=ORIENTED_EDGE('',*,*,#590,.F.);
#792=ORIENTED_EDGE('',*,*,#574,.F.);
#793=ORIENTED_EDGE('',*,*,#569,.F.);
#794=ORIENTED_EDGE('',*,*,#614,.F.);
#795=ORIENTED_EDGE('',*,*,#606,.T.);
#796=ORIENTED_EDGE('',*,*,#568,.T.);
#797=ORIENTED_EDGE('',*,*,#580,.T.);
#798=ORIENTED_EDGE('',*,*,#586,.T.);
#799=ORIENTED_EDGE('',*,*,#583,.T.);
#800=ORIENTED_EDGE('',*,*,#572,.T.);
#801=ORIENTED_EDGE('',*,*,#600,.T.);
#802=ORIENTED_EDGE('',*,*,#607,.T.);
#803=ORIENTED_EDGE('',*,*,#614,.T.);
#804=ORIENTED_EDGE('',*,*,#602,.T.);
#805=ORIENTED_EDGE('',*,*,#615,.F.);
#806=ORIENTED_EDGE('',*,*,#559,.T.);
#807=ORIENTED_EDGE('',*,*,#616,.T.);
#808=ORIENTED_EDGE('',*,*,#594,.T.);
#809=ORIENTED_EDGE('',*,*,#617,.T.);
#810=ORIENTED_EDGE('',*,*,#618,.T.);
#811=ORIENTED_EDGE('',*,*,#619,.F.);
#812=ORIENTED_EDGE('',*,*,#603,.T.);
#813=ORIENTED_EDGE('',*,*,#616,.F.);
#814=ORIENTED_EDGE('',*,*,#558,.T.);
#815=ORIENTED_EDGE('',*,*,#620,.T.);
#816=ORIENTED_EDGE('',*,*,#593,.T.);
#817=ORIENTED_EDGE('',*,*,#621,.T.);
#818=ORIENTED_EDGE('',*,*,#622,.T.);
#819=ORIENTED_EDGE('',*,*,#617,.F.);
#820=ORIENTED_EDGE('',*,*,#591,.T.);
#821=ORIENTED_EDGE('',*,*,#613,.T.);
#822=ORIENTED_EDGE('',*,*,#605,.T.);
#823=ORIENTED_EDGE('',*,*,#623,.F.);
#824=ORIENTED_EDGE('',*,*,#556,.T.);
#825=ORIENTED_EDGE('',*,*,#624,.T.);
#826=ORIENTED_EDGE('',*,*,#625,.T.);
#827=ORIENTED_EDGE('',*,*,#626,.F.);
#828=ORIENTED_EDGE('',*,*,#604,.T.);
#829=ORIENTED_EDGE('',*,*,#620,.F.);
#830=ORIENTED_EDGE('',*,*,#557,.T.);
#831=ORIENTED_EDGE('',*,*,#623,.T.);
#832=ORIENTED_EDGE('',*,*,#592,.T.);
#833=ORIENTED_EDGE('',*,*,#626,.T.);
#834=ORIENTED_EDGE('',*,*,#627,.T.);
#835=ORIENTED_EDGE('',*,*,#621,.F.);
#836=ORIENTED_EDGE('',*,*,#628,.F.);
#837=ORIENTED_EDGE('',*,*,#629,.T.);
#838=ORIENTED_EDGE('',*,*,#630,.T.);
#839=ORIENTED_EDGE('',*,*,#629,.F.);
#840=ORIENTED_EDGE('',*,*,#630,.F.);
#841=ORIENTED_EDGE('',*,*,#562,.F.);
#842=ORIENTED_EDGE('',*,*,#631,.T.);
#843=ORIENTED_EDGE('',*,*,#612,.T.);
#844=ORIENTED_EDGE('',*,*,#609,.T.);
#845=ORIENTED_EDGE('',*,*,#595,.T.);
#846=ORIENTED_EDGE('',*,*,#632,.T.);
#847=ORIENTED_EDGE('',*,*,#633,.T.);
#848=ORIENTED_EDGE('',*,*,#632,.F.);
#849=ORIENTED_EDGE('',*,*,#597,.T.);
#850=ORIENTED_EDGE('',*,*,#608,.T.);
#851=ORIENTED_EDGE('',*,*,#611,.T.);
#852=ORIENTED_EDGE('',*,*,#631,.F.);
#853=ORIENTED_EDGE('',*,*,#633,.F.);
#854=ORIENTED_EDGE('',*,*,#634,.F.);
#855=ORIENTED_EDGE('',*,*,#546,.F.);
#856=ORIENTED_EDGE('',*,*,#635,.F.);
#857=ORIENTED_EDGE('',*,*,#636,.F.);
#858=ORIENTED_EDGE('',*,*,#637,.F.);
#859=ORIENTED_EDGE('',*,*,#618,.F.);
#860=ORIENTED_EDGE('',*,*,#622,.F.);
#861=ORIENTED_EDGE('',*,*,#627,.F.);
#862=ORIENTED_EDGE('',*,*,#625,.F.);
#863=ORIENTED_EDGE('',*,*,#638,.F.);
#864=ORIENTED_EDGE('',*,*,#639,.F.);
#865=ORIENTED_EDGE('',*,*,#640,.F.);
#866=ORIENTED_EDGE('',*,*,#641,.F.);
#867=ORIENTED_EDGE('',*,*,#642,.F.);
#868=ORIENTED_EDGE('',*,*,#643,.F.);
#869=ORIENTED_EDGE('',*,*,#644,.F.);
#870=ORIENTED_EDGE('',*,*,#645,.F.);
#871=ORIENTED_EDGE('',*,*,#646,.F.);
#872=ORIENTED_EDGE('',*,*,#647,.F.);
#873=ORIENTED_EDGE('',*,*,#639,.T.);
#874=ORIENTED_EDGE('',*,*,#648,.F.);
#875=ORIENTED_EDGE('',*,*,#649,.T.);
#876=ORIENTED_EDGE('',*,*,#650,.T.);
#877=ORIENTED_EDGE('',*,*,#638,.T.);
#878=ORIENTED_EDGE('',*,*,#624,.F.);
#879=ORIENTED_EDGE('',*,*,#555,.T.);
#880=ORIENTED_EDGE('',*,*,#651,.T.);
#881=ORIENTED_EDGE('',*,*,#652,.T.);
#882=ORIENTED_EDGE('',*,*,#653,.T.);
#883=ORIENTED_EDGE('',*,*,#648,.T.);
#884=ORIENTED_EDGE('',*,*,#588,.T.);
#885=ORIENTED_EDGE('',*,*,#619,.T.);
#886=ORIENTED_EDGE('',*,*,#637,.T.);
#887=ORIENTED_EDGE('',*,*,#654,.F.);
#888=ORIENTED_EDGE('',*,*,#560,.T.);
#889=ORIENTED_EDGE('',*,*,#615,.T.);
#890=ORIENTED_EDGE('',*,*,#601,.T.);
#891=ORIENTED_EDGE('',*,*,#598,.T.);
#892=ORIENTED_EDGE('',*,*,#541,.T.);
#893=ORIENTED_EDGE('',*,*,#561,.T.);
#894=ORIENTED_EDGE('',*,*,#654,.T.);
#895=ORIENTED_EDGE('',*,*,#636,.T.);
#896=ORIENTED_EDGE('',*,*,#655,.F.);
#897=ORIENTED_EDGE('',*,*,#656,.F.);
#898=ORIENTED_EDGE('',*,*,#657,.F.);
#899=ORIENTED_EDGE('',*,*,#658,.T.);
#900=ORIENTED_EDGE('',*,*,#659,.F.);
#901=ORIENTED_EDGE('',*,*,#660,.F.);
#902=ORIENTED_EDGE('',*,*,#647,.T.);
#903=ORIENTED_EDGE('',*,*,#661,.F.);
#904=ORIENTED_EDGE('',*,*,#660,.T.);
#905=ORIENTED_EDGE('',*,*,#659,.T.);
#906=ORIENTED_EDGE('',*,*,#662,.T.);
#907=ORIENTED_EDGE('',*,*,#663,.F.);
#908=ORIENTED_EDGE('',*,*,#552,.F.);
#909=ORIENTED_EDGE('',*,*,#548,.F.);
#910=ORIENTED_EDGE('',*,*,#664,.F.);
#911=ORIENTED_EDGE('',*,*,#658,.F.);
#912=ORIENTED_EDGE('',*,*,#665,.F.);
#913=ORIENTED_EDGE('',*,*,#666,.F.);
#914=ORIENTED_EDGE('',*,*,#667,.F.);
#915=ORIENTED_EDGE('',*,*,#668,.F.);
#916=ORIENTED_EDGE('',*,*,#669,.F.);
#917=ORIENTED_EDGE('',*,*,#670,.F.);
#918=ORIENTED_EDGE('',*,*,#628,.T.);
#919=ORIENTED_EDGE('',*,*,#554,.T.);
#920=ORIENTED_EDGE('',*,*,#671,.T.);
#921=ORIENTED_EDGE('',*,*,#672,.T.);
#922=ORIENTED_EDGE('',*,*,#651,.F.);
#923=ORIENTED_EDGE('',*,*,#553,.T.);
#924=ORIENTED_EDGE('',*,*,#663,.T.);
#925=ORIENTED_EDGE('',*,*,#673,.T.);
#926=ORIENTED_EDGE('',*,*,#674,.T.);
#927=ORIENTED_EDGE('',*,*,#671,.F.);
#928=ORIENTED_EDGE('',*,*,#670,.T.);
#929=ORIENTED_EDGE('',*,*,#675,.T.);
#930=ORIENTED_EDGE('',*,*,#676,.T.);
#931=ORIENTED_EDGE('',*,*,#673,.F.);
#932=ORIENTED_EDGE('',*,*,#642,.T.);
#933=ORIENTED_EDGE('',*,*,#677,.F.);
#934=ORIENTED_EDGE('',*,*,#678,.T.);
#935=ORIENTED_EDGE('',*,*,#675,.F.);
#936=ORIENTED_EDGE('',*,*,#669,.T.);
#937=ORIENTED_EDGE('',*,*,#679,.T.);
#938=ORIENTED_EDGE('',*,*,#643,.T.);
#939=ORIENTED_EDGE('',*,*,#679,.F.);
#940=ORIENTED_EDGE('',*,*,#668,.T.);
#941=ORIENTED_EDGE('',*,*,#680,.T.);
#942=ORIENTED_EDGE('',*,*,#644,.T.);
#943=ORIENTED_EDGE('',*,*,#680,.F.);
#944=ORIENTED_EDGE('',*,*,#667,.T.);
#945=ORIENTED_EDGE('',*,*,#681,.T.);
#946=ORIENTED_EDGE('',*,*,#645,.T.);
#947=ORIENTED_EDGE('',*,*,#681,.F.);
#948=ORIENTED_EDGE('',*,*,#666,.T.);
#949=ORIENTED_EDGE('',*,*,#682,.T.);
#950=ORIENTED_EDGE('',*,*,#646,.T.);
#951=ORIENTED_EDGE('',*,*,#682,.F.);
#952=ORIENTED_EDGE('',*,*,#665,.T.);
#953=ORIENTED_EDGE('',*,*,#657,.T.);
#954=ORIENTED_EDGE('',*,*,#661,.T.);
#955=ORIENTED_EDGE('',*,*,#678,.F.);
#956=ORIENTED_EDGE('',*,*,#683,.F.);
#957=ORIENTED_EDGE('',*,*,#684,.F.);
#958=ORIENTED_EDGE('',*,*,#649,.F.);
#959=ORIENTED_EDGE('',*,*,#653,.F.);
#960=ORIENTED_EDGE('',*,*,#685,.T.);
#961=ORIENTED_EDGE('',*,*,#550,.F.);
#962=ORIENTED_EDGE('',*,*,#685,.F.);
#963=ORIENTED_EDGE('',*,*,#652,.F.);
#964=ORIENTED_EDGE('',*,*,#672,.F.);
#965=ORIENTED_EDGE('',*,*,#674,.F.);
#966=ORIENTED_EDGE('',*,*,#676,.F.);
#967=ORIENTED_EDGE('',*,*,#640,.T.);
#968=ORIENTED_EDGE('',*,*,#650,.F.);
#969=ORIENTED_EDGE('',*,*,#684,.T.);
#970=ORIENTED_EDGE('',*,*,#686,.T.);
#971=ORIENTED_EDGE('',*,*,#641,.T.);
#972=ORIENTED_EDGE('',*,*,#686,.F.);
#973=ORIENTED_EDGE('',*,*,#683,.T.);
#974=ORIENTED_EDGE('',*,*,#677,.T.);
#975=ORIENTED_EDGE('',*,*,#542,.T.);
#976=ORIENTED_EDGE('',*,*,#656,.T.);
#977=ORIENTED_EDGE('',*,*,#687,.F.);
#978=ORIENTED_EDGE('',*,*,#544,.F.);
#979=ORIENTED_EDGE('',*,*,#551,.T.);
#980=ORIENTED_EDGE('',*,*,#634,.T.);
#981=ORIENTED_EDGE('',*,*,#662,.F.);
#982=ORIENTED_EDGE('',*,*,#664,.T.);
#983=ORIENTED_EDGE('',*,*,#547,.T.);
#984=ORIENTED_EDGE('',*,*,#545,.T.);
#985=ORIENTED_EDGE('',*,*,#687,.T.);
#986=ORIENTED_EDGE('',*,*,#655,.T.);
#987=ORIENTED_EDGE('',*,*,#635,.T.);
#988=CYLINDRICAL_SURFACE('',#1074,5.);
#989=CYLINDRICAL_SURFACE('',#1084,38.);
#990=CYLINDRICAL_SURFACE('',#1086,38.);
#991=CYLINDRICAL_SURFACE('',#1127,3.5);
#992=CYLINDRICAL_SURFACE('',#1130,2.5);
#993=CYLINDRICAL_SURFACE('',#1133,70.);
#994=CYLINDRICAL_SURFACE('',#1151,75.3666476338835);
#995=CYLINDRICAL_SURFACE('',#1152,1.67841358698504);
#996=CYLINDRICAL_SURFACE('',#1153,38.);
#997=CYLINDRICAL_SURFACE('',#1171,7.5);
#998=ADVANCED_FACE('',(#99),#988,.F.);
#999=ADVANCED_FACE('',(#100,#55),#58,.T.);
#1000=ADVANCED_FACE('',(#101),#989,.T.);
#1001=ADVANCED_FACE('',(#102,#56),#990,.T.);
#1002=ADVANCED_FACE('',(#103),#59,.F.);
#1003=ADVANCED_FACE('',(#104),#60,.T.);
#1004=ADVANCED_FACE('',(#105),#61,.T.);
#1005=ADVANCED_FACE('',(#106),#62,.F.);
#1006=ADVANCED_FACE('',(#107),#63,.F.);
#1007=ADVANCED_FACE('',(#108),#64,.F.);
#1008=ADVANCED_FACE('',(#109),#65,.F.);
#1009=ADVANCED_FACE('',(#110),#66,.F.);
#1010=ADVANCED_FACE('',(#111),#67,.T.);
#1011=ADVANCED_FACE('',(#112),#68,.T.);
#1012=ADVANCED_FACE('',(#113),#69,.T.);
#1013=ADVANCED_FACE('',(#114),#70,.T.);
#1014=ADVANCED_FACE('',(#115),#71,.T.);
#1015=ADVANCED_FACE('',(#116),#72,.T.);
#1016=ADVANCED_FACE('',(#117),#73,.T.);
#1017=ADVANCED_FACE('',(#118),#74,.T.);
#1018=ADVANCED_FACE('',(#119),#75,.T.);
#1019=ADVANCED_FACE('',(#120),#76,.T.);
#1020=ADVANCED_FACE('',(#121),#77,.T.);
#1021=ADVANCED_FACE('',(#122),#78,.T.);
#1022=ADVANCED_FACE('',(#123),#79,.T.);
#1023=ADVANCED_FACE('',(#124),#80,.T.);
#1024=ADVANCED_FACE('',(#125),#81,.T.);
#1025=ADVANCED_FACE('',(#126),#991,.F.);
#1026=ADVANCED_FACE('',(#127),#82,.F.);
#1027=ADVANCED_FACE('',(#128),#992,.F.);
#1028=ADVANCED_FACE('',(#129),#83,.F.);
#1029=ADVANCED_FACE('',(#130),#993,.T.);
#1030=ADVANCED_FACE('',(#131),#84,.T.);
#1031=ADVANCED_FACE('',(#132),#85,.T.);
#1032=ADVANCED_FACE('',(#133),#86,.T.);
#1033=ADVANCED_FACE('',(#134),#87,.T.);
#1034=ADVANCED_FACE('',(#135),#994,.T.);
#1035=ADVANCED_FACE('',(#136),#995,.T.);
#1036=ADVANCED_FACE('',(#137,#57),#996,.T.);
#1037=ADVANCED_FACE('',(#138),#88,.T.);
#1038=ADVANCED_FACE('',(#139),#89,.T.);
#1039=ADVANCED_FACE('',(#140),#90,.T.);
#1040=ADVANCED_FACE('',(#141),#91,.T.);
#1041=ADVANCED_FACE('',(#142),#92,.T.);
#1042=ADVANCED_FACE('',(#143),#93,.T.);
#1043=ADVANCED_FACE('',(#144),#94,.T.);
#1044=ADVANCED_FACE('',(#145),#43,.T.);
#1045=ADVANCED_FACE('',(#146),#997,.F.);
#1046=ADVANCED_FACE('',(#147),#95,.T.);
#1047=ADVANCED_FACE('',(#148),#96,.T.);
#1048=ADVANCED_FACE('',(#149),#97,.T.);
#1049=ADVANCED_FACE('',(#150),#44,.T.);
#1050=ADVANCED_FACE('',(#151),#98,.T.);
#1051=CLOSED_SHELL('',(#998,#999,#1000,#1001,#1002,#1003,#1004,#1005,#1006,
#1007,#1008,#1009,#1010,#1011,#1012,#1013,#1014,#1015,#1016,#1017,#1018,
#1019,#1020,#1021,#1022,#1023,#1024,#1025,#1026,#1027,#1028,#1029,#1030,
#1031,#1032,#1033,#1034,#1035,#1036,#1037,#1038,#1039,#1040,#1041,#1042,
#1043,#1044,#1045,#1046,#1047,#1048,#1049,#1050));
#1052=DERIVED_UNIT_ELEMENT(#1055,1.);
#1053=DERIVED_UNIT_ELEMENT(#2029,-3.);
#1054=DIMENSIONAL_EXPONENTS(0.,1.,0.,0.,0.,0.,0.);
#1055=(
CONVERSION_BASED_UNIT('gram',#1057)
MASS_UNIT()
NAMED_UNIT(#1054)
);
#1056=(
MASS_UNIT()
NAMED_UNIT(*)
SI_UNIT(.KILO.,.GRAM.)
);
#1057=MASS_MEASURE_WITH_UNIT(MASS_MEASURE(0.001),#1056);
#1058=DERIVED_UNIT((#1052,#1053));
#1059=MEASURE_REPRESENTATION_ITEM('density measure',
POSITIVE_RATIO_MEASURE(1.),#1058);
#1060=PROPERTY_DEFINITION_REPRESENTATION(#1065,#1062);
#1061=PROPERTY_DEFINITION_REPRESENTATION(#1066,#1063);
#1062=REPRESENTATION('material name',(#1064),#2026);
#1063=REPRESENTATION('density',(#1059),#2026);
#1064=DESCRIPTIVE_REPRESENTATION_ITEM('Generic','Generic');
#1065=PROPERTY_DEFINITION('material property','material name',#2036);
#1066=PROPERTY_DEFINITION('material property','density of part',#2036);
#1067=DATE_TIME_ROLE('creation_date');
#1068=APPLIED_DATE_AND_TIME_ASSIGNMENT(#1069,#1067,(#2036));
#1069=DATE_AND_TIME(#1070,#1071);
#1070=CALENDAR_DATE(2026,8,5);
#1071=LOCAL_TIME(0,0,0.,#1072);
#1072=COORDINATED_UNIVERSAL_TIME_OFFSET(0,0,.BEHIND.);
#1073=AXIS2_PLACEMENT_3D('',#1484,#1181,#1182);
#1074=AXIS2_PLACEMENT_3D('',#1485,#1183,#1184);
#1075=AXIS2_PLACEMENT_3D('',#1490,#1186,#1187);
#1076=AXIS2_PLACEMENT_3D('',#1494,#1189,#1190);
#1077=AXIS2_PLACEMENT_3D('',#1495,#1191,#1192);
#1078=AXIS2_PLACEMENT_3D('',#1496,#1193,#1194);
#1079=AXIS2_PLACEMENT_3D('',#1498,#1195,#1196);
#1080=AXIS2_PLACEMENT_3D('',#1504,#1199,#1200);
#1081=AXIS2_PLACEMENT_3D('',#1508,#1202,#1203);
#1082=AXIS2_PLACEMENT_3D('',#1509,#1204,#1205);
#1083=AXIS2_PLACEMENT_3D('',#1511,#1206,#1207);
#1084=AXIS2_PLACEMENT_3D('',#1512,#1208,#1209);
#1085=AXIS2_PLACEMENT_3D('',#1513,#1210,#1211);
#1086=AXIS2_PLACEMENT_3D('',#1514,#1212,#1213);
#1087=AXIS2_PLACEMENT_3D('',#1518,#1215,#1216);
#1088=AXIS2_PLACEMENT_3D('',#1520,#1217,#1218);
#1089=AXIS2_PLACEMENT_3D('',#1522,#1219,#1220);
#1090=AXIS2_PLACEMENT_3D('',#1524,#1221,#1222);
#1091=AXIS2_PLACEMENT_3D('',#1526,#1223,#1224);
#1092=AXIS2_PLACEMENT_3D('',#1528,#1225,#1226);
#1093=AXIS2_PLACEMENT_3D('',#1530,#1227,#1228);
#1094=AXIS2_PLACEMENT_3D('',#1532,#1229,#1230);
#1095=AXIS2_PLACEMENT_3D('',#1533,#1231,#1232);
#1096=AXIS2_PLACEMENT_3D('',#1569,#1233,#1234);
#1097=AXIS2_PLACEMENT_3D('',#1578,#1239,#1240);
#1098=AXIS2_PLACEMENT_3D('',#1592,#1248,#1249);
#1099=AXIS2_PLACEMENT_3D('',#1598,#1253,#1254);
#1100=AXIS2_PLACEMENT_3D('',#1606,#1259,#1260);
#1101=AXIS2_PLACEMENT_3D('',#1610,#1263,#1264);
#1102=AXIS2_PLACEMENT_3D('',#1616,#1268,#1269);
#1103=AXIS2_PLACEMENT_3D('',#1619,#1272,#1273);
#1104=AXIS2_PLACEMENT_3D('',#1620,#1274,#1275);
#1105=AXIS2_PLACEMENT_3D('',#1634,#1283,#1284);
#1106=AXIS2_PLACEMENT_3D('',#1637,#1285,#1286);
#1107=AXIS2_PLACEMENT_3D('',#1640,#1288,#1289);
#1108=AXIS2_PLACEMENT_3D('',#1641,#1290,#1291);
#1109=AXIS2_PLACEMENT_3D('',#1647,#1295,#1296);
#1110=AXIS2_PLACEMENT_3D('',#1661,#1304,#1305);
#1111=AXIS2_PLACEMENT_3D('',#1667,#1309,#1310);
#1112=AXIS2_PLACEMENT_3D('',#1669,#1311,#1312);
#1113=AXIS2_PLACEMENT_3D('',#1670,#1313,#1314);
#1114=AXIS2_PLACEMENT_3D('',#1671,#1315,#1316);
#1115=AXIS2_PLACEMENT_3D('',#1674,#1319,#1320);
#1116=AXIS2_PLACEMENT_3D('',#1675,#1321,#1322);
#1117=AXIS2_PLACEMENT_3D('',#1678,#1325,#1326);
#1118=AXIS2_PLACEMENT_3D('',#1682,#1328,#1329);
#1119=AXIS2_PLACEMENT_3D('',#1684,#1331,#1332);
#1120=AXIS2_PLACEMENT_3D('',#1686,#1334,#1335);
#1121=AXIS2_PLACEMENT_3D('',#1689,#1337,#1338);
#1122=AXIS2_PLACEMENT_3D('',#1690,#1339,#1340);
#1123=AXIS2_PLACEMENT_3D('',#1695,#1343,#1344);
#1124=AXIS2_PLACEMENT_3D('',#1697,#1346,#1347);
#1125=AXIS2_PLACEMENT_3D('',#1698,#1348,#1349);
#1126=AXIS2_PLACEMENT_3D('',#1699,#1350,#1351);
#1127=AXIS2_PLACEMENT_3D('',#1700,#1352,#1353);
#1128=AXIS2_PLACEMENT_3D('',#1738,#1355,#1356);
#1129=AXIS2_PLACEMENT_3D('',#1739,#1357,#1358);
#1130=AXIS2_PLACEMENT_3D('',#1740,#1359,#1360);
#1131=AXIS2_PLACEMENT_3D('',#1744,#1363,#1364);
#1132=AXIS2_PLACEMENT_3D('',#1745,#1365,#1366);
#1133=AXIS2_PLACEMENT_3D('',#1746,#1367,#1368);
#1134=AXIS2_PLACEMENT_3D('',#1757,#1370,#1371);
#1135=AXIS2_PLACEMENT_3D('',#1758,#1372,#1373);
#1136=AXIS2_PLACEMENT_3D('',#1760,#1374,#1375);
#1137=AXIS2_PLACEMENT_3D('',#1762,#1376,#1377);
#1138=AXIS2_PLACEMENT_3D('',#1764,#1378,#1379);
#1139=AXIS2_PLACEMENT_3D('',#1766,#1380,#1381);
#1140=AXIS2_PLACEMENT_3D('',#1768,#1382,#1383);
#1141=AXIS2_PLACEMENT_3D('',#1770,#1384,#1385);
#1142=AXIS2_PLACEMENT_3D('',#1772,#1386,#1387);
#1143=AXIS2_PLACEMENT_3D('',#1774,#1388,#1389);
#1144=AXIS2_PLACEMENT_3D('',#1819,#1390,#1391);
#1145=AXIS2_PLACEMENT_3D('',#1823,#1393,#1394);
#1146=AXIS2_PLACEMENT_3D('',#1825,#1396,#1397);
#1147=AXIS2_PLACEMENT_3D('',#1829,#1399,#1400);
#1148=AXIS2_PLACEMENT_3D('',#1830,#1401,#1402);
#1149=AXIS2_PLACEMENT_3D('',#1831,#1403,#1404);
#1150=AXIS2_PLACEMENT_3D('',#1833,#1406,#1407);
#1151=AXIS2_PLACEMENT_3D('',#1837,#1410,#1411);
#1152=AXIS2_PLACEMENT_3D('',#1875,#1413,#1414);
#1153=AXIS2_PLACEMENT_3D('',#1878,#1417,#1418);
#1154=AXIS2_PLACEMENT_3D('',#1880,#1419,#1420);
#1155=AXIS2_PLACEMENT_3D('',#1926,#1421,#1422);
#1156=AXIS2_PLACEMENT_3D('',#1928,#1423,#1424);
#1157=AXIS2_PLACEMENT_3D('',#1930,#1425,#1426);
#1158=AXIS2_PLACEMENT_3D('',#1932,#1427,#1428);
#1159=AXIS2_PLACEMENT_3D('',#1933,#1429,#1430);
#1160=AXIS2_PLACEMENT_3D('',#1934,#1431,#1432);
#1161=AXIS2_PLACEMENT_3D('',#1937,#1434,#1435);
#1162=AXIS2_PLACEMENT_3D('',#1938,#1436,#1437);
#1163=AXIS2_PLACEMENT_3D('',#1941,#1439,#1440);
#1164=AXIS2_PLACEMENT_3D('',#1942,#1441,#1442);
#1165=AXIS2_PLACEMENT_3D('',#1945,#1444,#1445);
#1166=AXIS2_PLACEMENT_3D('',#1946,#1446,#1447);
#1167=AXIS2_PLACEMENT_3D('',#1949,#1449,#1450);
#1168=AXIS2_PLACEMENT_3D('',#1951,#1452,#1453);
#1169=AXIS2_PLACEMENT_3D('',#1953,#1455,#1456);
#1170=AXIS2_PLACEMENT_3D('',#1955,#1458,#1459);
#1171=AXIS2_PLACEMENT_3D('',#1977,#1461,#1462);
#1172=AXIS2_PLACEMENT_3D('',#1979,#1463,#1464);
#1173=AXIS2_PLACEMENT_3D('',#1980,#1465,#1466);
#1174=AXIS2_PLACEMENT_3D('',#1982,#1468,#1469);
#1175=AXIS2_PLACEMENT_3D('',#1984,#1471,#1472);
#1176=AXIS2_PLACEMENT_3D('',#1985,#1473,#1474);
#1177=AXIS2_PLACEMENT_3D('',#1995,#1476,#1477);
#1178=AXIS2_PLACEMENT_3D('',#1996,#1478,#1479);
#1179=AXIS2_PLACEMENT_3D('',#2019,#1480,#1481);
#1180=AXIS2_PLACEMENT_3D('',#2022,#1482,#1483);
#1181=DIRECTION('axis',(0.,0.,1.));
#1182=DIRECTION('refdir',(1.,0.,0.));
#1183=DIRECTION('center_axis',(0.,-1.,0.));
#1184=DIRECTION('ref_axis',(-1.,0.,0.));
#1185=DIRECTION('',(0.,1.,0.));
#1186=DIRECTION('center_axis',(0.,1.,0.));
#1187=DIRECTION('ref_axis',(-1.,0.,0.));
#1188=DIRECTION('',(0.,-1.,0.));
#1189=DIRECTION('center_axis',(-0.318501870098068,-0.947922232434725,0.));
#1190=DIRECTION('ref_axis',(-0.947922232434725,0.318501870098068,0.));
#1191=DIRECTION('center_axis',(-0.304775727103783,-0.952424147199324,0.));
#1192=DIRECTION('ref_axis',(-0.952424147199324,0.304775727103783,0.));
#1193=DIRECTION('center_axis',(0.,-1.,0.));
#1194=DIRECTION('ref_axis',(1.,0.,0.));
#1195=DIRECTION('center_axis',(0.,-1.,0.));
#1196=DIRECTION('ref_axis',(-0.998553527560919,0.,-0.0537666494738654));
#1197=DIRECTION('',(0.,0.,1.));
#1198=DIRECTION('',(1.,0.,0.));
#1199=DIRECTION('center_axis',(0.,-1.,0.));
#1200=DIRECTION('ref_axis',(0.999999597490424,0.,0.00089722850519688));
#1201=DIRECTION('',(0.,0.,1.));
#1202=DIRECTION('center_axis',(0.,-1.,0.));
#1203=DIRECTION('ref_axis',(0.0307540560629609,0.,0.999526982144893));
#1204=DIRECTION('center_axis',(0.,-1.,0.));
#1205=DIRECTION('ref_axis',(-0.998553527560919,0.,-0.0537666494738654));
#1206=DIRECTION('center_axis',(0.,1.,0.));
#1207=DIRECTION('ref_axis',(-1.,0.,0.));
#1208=DIRECTION('center_axis',(0.,-1.,0.));
#1209=DIRECTION('ref_axis',(-0.998553527560919,0.,-0.0537666494738654));
#1210=DIRECTION('center_axis',(0.304775727103783,0.952424147199324,0.));
#1211=DIRECTION('ref_axis',(-0.952424147199325,0.304775727103783,-3.47830005733444E-17));
#1212=DIRECTION('center_axis',(0.,-1.,0.));
#1213=DIRECTION('ref_axis',(-0.998553527560919,0.,-0.0537666494738654));
#1214=DIRECTION('',(0.,1.,0.));
#1215=DIRECTION('center_axis',(0.134759454564217,0.990878342383945,0.));
#1216=DIRECTION('ref_axis',(-0.990878342383945,0.134759454564217,-2.38836620792521E-16));
#1217=DIRECTION('center_axis',(0.165678217500113,0.9861798660721,0.));
#1218=DIRECTION('ref_axis',(-0.9861798660721,0.165678217500113,8.64378626632894E-17));
#1219=DIRECTION('center_axis',(0.190449227099111,0.981697046902634,0.));
#1220=DIRECTION('ref_axis',(-0.981697046902633,0.190449227099111,-3.58520613380864E-17));
#1221=DIRECTION('center_axis',(0.218583297745979,0.975818293508834,0.));
#1222=DIRECTION('ref_axis',(-0.975818293508834,0.218583297745979,4.27648396304185E-17));
#1223=DIRECTION('center_axis',(0.242535625036333,0.970142500145332,0.));
#1224=DIRECTION('ref_axis',(-0.970142500145332,0.242535625036333,4.96021170118509E-17));
#1225=DIRECTION('center_axis',(0.267842624030086,0.963462676367215,0.));
#1226=DIRECTION('ref_axis',(-0.963462676367215,0.267842624030086,-4.22233597369681E-17));
#1227=DIRECTION('center_axis',(0.287347885566345,0.957826285221152,0.));
#1228=DIRECTION('ref_axis',(-0.957826285221151,0.287347885566345,-2.09881735942836E-17));
#1229=DIRECTION('center_axis',(0.306502131000396,0.951869972050919,0.));
#1230=DIRECTION('ref_axis',(-0.951869972050918,0.306502131000396,0.));
#1231=DIRECTION('center_axis',(0.318501870098068,0.947922232434725,0.));
#1232=DIRECTION('ref_axis',(-0.947922232434725,0.318501870098068,-6.923717684231E-18));
#1233=DIRECTION('center_axis',(1.,0.,0.));
#1234=DIRECTION('ref_axis',(0.,0.,-1.));
#1235=DIRECTION('',(0.,1.,0.));
#1236=DIRECTION('',(0.,0.,-1.));
#1237=DIRECTION('',(0.,-1.,0.));
#1238=DIRECTION('',(0.,0.,1.));
#1239=DIRECTION('center_axis',(0.,0.,-1.));
#1240=DIRECTION('ref_axis',(0.,1.,0.));
#1241=DIRECTION('',(-1.,0.,0.));
#1242=DIRECTION('',(0.,-1.,0.));
#1243=DIRECTION('',(1.,0.,0.));
#1244=DIRECTION('',(0.,1.,0.));
#1245=DIRECTION('',(1.,0.,0.));
#1246=DIRECTION('',(0.,-1.,0.));
#1247=DIRECTION('',(1.,0.,0.));
#1248=DIRECTION('center_axis',(1.,0.,0.));
#1249=DIRECTION('ref_axis',(0.,0.,-1.));
#1250=DIRECTION('',(0.,0.,1.));
#1251=DIRECTION('',(0.,-1.,0.));
#1252=DIRECTION('',(0.,0.,-1.));
#1253=DIRECTION('center_axis',(0.,1.,0.));
#1254=DIRECTION('ref_axis',(0.,0.,-1.));
#1255=DIRECTION('',(-1.,0.,0.));
#1256=DIRECTION('',(0.,0.,-1.));
#1257=DIRECTION('',(-1.,0.,0.));
#1258=DIRECTION('',(0.,0.,-1.));
#1259=DIRECTION('center_axis',(0.,0.,1.));
#1260=DIRECTION('ref_axis',(0.,1.,0.));
#1261=DIRECTION('',(-1.,0.,0.));
#1262=DIRECTION('',(0.,1.,0.));
#1263=DIRECTION('center_axis',(0.,-1.,0.));
#1264=DIRECTION('ref_axis',(0.,0.,1.));
#1265=DIRECTION('',(0.,0.,1.));
#1266=DIRECTION('',(-1.,0.,0.));
#1267=DIRECTION('',(0.,0.,1.));
#1268=DIRECTION('center_axis',(0.,0.,-1.));
#1269=DIRECTION('ref_axis',(0.,-1.,0.));
#1270=DIRECTION('',(0.,-1.,0.));
#1271=DIRECTION('',(0.,-1.,0.));
#1272=DIRECTION('center_axis',(-1.,0.,0.));
#1273=DIRECTION('ref_axis',(0.,0.,1.));
#1274=DIRECTION('center_axis',(0.,0.,1.));
#1275=DIRECTION('ref_axis',(0.,1.,0.));
#1276=DIRECTION('',(-0.951869972050919,0.306502131000396,0.));
#1277=DIRECTION('',(1.,0.,0.));
#1278=DIRECTION('',(-1.,0.,0.));
#1279=DIRECTION('',(-0.975818293508834,0.218583297745979,0.));
#1280=DIRECTION('',(-0.970142500145332,0.242535625036333,0.));
#1281=DIRECTION('',(-0.963462676367215,0.267842624030086,0.));
#1282=DIRECTION('',(-0.957826285221151,0.287347885566345,0.));
#1283=DIRECTION('center_axis',(0.,0.,1.));
#1284=DIRECTION('ref_axis',(0.,1.,0.));
#1285=DIRECTION('center_axis',(0.,0.,-1.));
#1286=DIRECTION('ref_axis',(1.,0.,0.));
#1287=DIRECTION('',(-1.,0.,0.));
#1288=DIRECTION('center_axis',(0.,0.,-1.));
#1289=DIRECTION('ref_axis',(1.,0.,0.));
#1290=DIRECTION('center_axis',(0.,-1.,0.));
#1291=DIRECTION('ref_axis',(0.,0.,1.));
#1292=DIRECTION('',(0.,0.,1.));
#1293=DIRECTION('',(-1.,0.,0.));
#1294=DIRECTION('',(0.,0.,-1.));
#1295=DIRECTION('center_axis',(0.,0.,-1.));
#1296=DIRECTION('ref_axis',(0.,-1.,0.));
#1297=DIRECTION('',(0.951869972050919,-0.306502131000396,0.));
#1298=DIRECTION('',(0.957826285221151,-0.287347885566345,0.));
#1299=DIRECTION('',(0.963462676367215,-0.267842624030086,0.));
#1300=DIRECTION('',(0.970142500145332,-0.242535625036333,0.));
#1301=DIRECTION('',(0.975818293508834,-0.218583297745979,0.));
#1302=DIRECTION('',(-1.,0.,0.));
#1303=DIRECTION('',(0.,1.,0.));
#1304=DIRECTION('center_axis',(0.,-1.,0.));
#1305=DIRECTION('ref_axis',(0.,0.,1.));
#1306=DIRECTION('',(0.,0.,-1.));
#1307=DIRECTION('',(0.,0.,1.));
#1308=DIRECTION('',(-1.,0.,0.));
#1309=DIRECTION('center_axis',(0.,0.,-1.));
#1310=DIRECTION('ref_axis',(0.,-1.,0.));
#1311=DIRECTION('center_axis',(0.,0.,1.));
#1312=DIRECTION('ref_axis',(1.,0.,0.));
#1313=DIRECTION('center_axis',(0.,0.,1.));
#1314=DIRECTION('ref_axis',(1.,0.,0.));
#1315=DIRECTION('center_axis',(0.,1.,0.));
#1316=DIRECTION('ref_axis',(0.,0.,-1.));
#1317=DIRECTION('',(0.,0.,-1.));
#1318=DIRECTION('',(0.,0.,1.));
#1319=DIRECTION('center_axis',(1.,0.,0.));
#1320=DIRECTION('ref_axis',(0.,0.,-1.));
#1321=DIRECTION('center_axis',(0.287347885566345,0.957826285221152,0.));
#1322=DIRECTION('ref_axis',(-0.957826285221151,0.287347885566345,0.));
#1323=DIRECTION('',(0.,0.,1.));
#1324=DIRECTION('',(0.,0.,1.));
#1325=DIRECTION('center_axis',(0.287347885566345,0.957826285221152,0.));
#1326=DIRECTION('ref_axis',(-0.957826285221151,0.287347885566345,0.));
#1327=DIRECTION('',(0.,0.,1.));
#1328=DIRECTION('center_axis',(0.287347885566345,0.957826285221152,0.));
#1329=DIRECTION('ref_axis',(0.957826285221151,-0.287347885566345,3.56049373474454E-19));
#1330=DIRECTION('',(0.,0.,1.));
#1331=DIRECTION('center_axis',(0.267842624030086,0.963462676367215,0.));
#1332=DIRECTION('ref_axis',(-0.963462676367215,0.267842624030086,0.));
#1333=DIRECTION('',(0.,0.,1.));
#1334=DIRECTION('center_axis',(0.267842624030086,0.963462676367215,0.));
#1335=DIRECTION('ref_axis',(-0.963462676367215,0.267842624030086,0.));
#1336=DIRECTION('',(0.,0.,1.));
#1337=DIRECTION('center_axis',(0.267842624030086,0.963462676367215,0.));
#1338=DIRECTION('ref_axis',(0.963462676367215,-0.267842624030086,1.19381523065832E-19));
#1339=DIRECTION('center_axis',(0.218583297745979,0.975818293508834,0.));
#1340=DIRECTION('ref_axis',(-0.975818293508834,0.218583297745979,0.));
#1341=DIRECTION('',(0.,0.,1.));
#1342=DIRECTION('',(0.,0.,1.));
#1343=DIRECTION('center_axis',(0.218583297745979,0.975818293508834,0.));
#1344=DIRECTION('ref_axis',(0.975818293508834,-0.218583297745979,1.20912493002671E-18));
#1345=DIRECTION('',(0.,0.,1.));
#1346=DIRECTION('center_axis',(0.242535625036333,0.970142500145332,0.));
#1347=DIRECTION('ref_axis',(-0.970142500145332,0.242535625036333,0.));
#1348=DIRECTION('center_axis',(0.242535625036333,0.970142500145332,0.));
#1349=DIRECTION('ref_axis',(-0.970142500145332,0.242535625036333,0.));
#1350=DIRECTION('center_axis',(0.242535625036333,0.970142500145332,0.));
#1351=DIRECTION('ref_axis',(0.970142500145332,-0.242535625036333,1.0818829093146E-18));
#1352=DIRECTION('center_axis',(0.,0.,1.));
#1353=DIRECTION('ref_axis',(1.,0.,0.));
#1354=DIRECTION('',(0.,0.,1.));
#1355=DIRECTION('center_axis',(0.,0.,1.));
#1356=DIRECTION('ref_axis',(1.,0.,0.));
#1357=DIRECTION('center_axis',(0.,0.,1.));
#1358=DIRECTION('ref_axis',(1.,0.,0.));
#1359=DIRECTION('center_axis',(0.,0.,1.));
#1360=DIRECTION('ref_axis',(1.,0.,0.));
#1361=DIRECTION('',(0.,0.,1.));
#1362=DIRECTION('',(0.,0.,1.));
#1363=DIRECTION('center_axis',(0.,0.,1.));
#1364=DIRECTION('ref_axis',(1.,0.,0.));
#1365=DIRECTION('center_axis',(0.,0.,1.));
#1366=DIRECTION('ref_axis',(1.,0.,0.));
#1367=DIRECTION('center_axis',(0.,-1.,0.));
#1368=DIRECTION('ref_axis',(0.999999597490424,0.,0.00089722850519688));
#1369=DIRECTION('',(0.,-1.,0.));
#1370=DIRECTION('center_axis',(0.318501870098068,0.947922232434725,0.));
#1371=DIRECTION('ref_axis',(0.947922232434725,-0.318501870098068,5.87279625001736E-19));
#1372=DIRECTION('center_axis',(0.306502131000396,0.951869972050919,0.));
#1373=DIRECTION('ref_axis',(0.951869972050918,-0.306502131000396,1.0615057628105E-18));
#1374=DIRECTION('center_axis',(0.190449227099111,0.981697046902634,0.));
#1375=DIRECTION('ref_axis',(0.981697046902633,-0.190449227099111,2.55445937033865E-18));
#1376=DIRECTION('center_axis',(0.165678217500113,0.9861798660721,0.));
#1377=DIRECTION('ref_axis',(0.9861798660721,-0.165678217500113,9.7757106583482E-19));
#1378=DIRECTION('center_axis',(0.134759454564217,0.990878342383945,0.));
#1379=DIRECTION('ref_axis',(0.990878342383945,-0.134759454564217,1.47334279060321E-18));
#1380=DIRECTION('center_axis',(0.103442089710951,0.994635477989917,0.));
#1381=DIRECTION('ref_axis',(0.994635477989917,-0.103442089710951,-2.09514983807463E-18));
#1382=DIRECTION('center_axis',(0.0678433271326193,0.997695987244399,0.));
#1383=DIRECTION('ref_axis',(0.997695987244399,-0.0678433271326193,9.14812658364949E-18));
#1384=DIRECTION('center_axis',(0.0299865091056708,0.999550303522367,0.));
#1385=DIRECTION('ref_axis',(0.999550303522367,-0.0299865091056708,9.71008291086395E-17));
#1386=DIRECTION('center_axis',(-0.00999950003749638,0.999950003749688,0.));
#1387=DIRECTION('ref_axis',(0.999950003749687,0.00999950003749638,-3.87691312799766E-16));
#1388=DIRECTION('center_axis',(-0.0598922907279471,0.998204845465779,0.));
#1389=DIRECTION('ref_axis',(0.998204845465779,0.0598922907279472,1.84292712507307E-17));
#1390=DIRECTION('center_axis',(0.165678217500113,0.9861798660721,0.));
#1391=DIRECTION('ref_axis',(-0.9861798660721,0.165678217500113,0.));
#1392=DIRECTION('',(0.,0.,1.));
#1393=DIRECTION('center_axis',(-0.165678217500113,-0.9861798660721,0.));
#1394=DIRECTION('ref_axis',(-0.9861798660721,0.165678217500113,0.));
#1395=DIRECTION('',(0.,0.,1.));
#1396=DIRECTION('center_axis',(0.190449227099111,0.981697046902634,0.));
#1397=DIRECTION('ref_axis',(-0.981697046902634,0.190449227099111,0.));
#1398=DIRECTION('',(0.,0.,1.));
#1399=DIRECTION('center_axis',(-0.190449227099111,-0.981697046902634,0.));
#1400=DIRECTION('ref_axis',(-0.981697046902633,0.190449227099111,0.));
#1401=DIRECTION('center_axis',(-0.190449227099111,-0.981697046902634,0.));
#1402=DIRECTION('ref_axis',(-0.981697046902633,0.190449227099111,0.));
#1403=DIRECTION('center_axis',(0.306502131000396,0.951869972050919,0.));
#1404=DIRECTION('ref_axis',(-0.951869972050919,0.306502131000396,0.));
#1405=DIRECTION('',(0.,0.,1.));
#1406=DIRECTION('center_axis',(0.318501870098068,0.947922232434725,0.));
#1407=DIRECTION('ref_axis',(-0.947922232434725,0.318501870098068,0.));
#1408=DIRECTION('',(-0.947922232434725,0.318501870098068,0.));
#1409=DIRECTION('',(0.,0.,1.));
#1410=DIRECTION('center_axis',(0.,-1.,0.));
#1411=DIRECTION('ref_axis',(0.995071873338405,0.,0.0991562750954186));
#1412=DIRECTION('',(0.,-1.,0.));
#1413=DIRECTION('center_axis',(0.,0.,1.));
#1414=DIRECTION('ref_axis',(-0.968628931673163,0.248511554511469,0.));
#1415=DIRECTION('',(0.,0.,1.));
#1416=DIRECTION('',(0.,0.,1.));
#1417=DIRECTION('center_axis',(0.,-1.,0.));
#1418=DIRECTION('ref_axis',(0.0307540560629609,0.,0.999526982144893));
#1419=DIRECTION('center_axis',(0.134759454564217,0.990878342383945,0.));
#1420=DIRECTION('ref_axis',(0.990878342383945,-0.134759454564217,3.61873667867456E-17));
#1421=DIRECTION('center_axis',(-0.0598922907279471,0.998204845465779,0.));
#1422=DIRECTION('ref_axis',(0.998204845465779,0.0598922907279471,7.03580231995399E-16));
#1423=DIRECTION('center_axis',(-0.00999950003749638,0.999950003749688,0.));
#1424=DIRECTION('ref_axis',(0.999950003749688,0.00999950003749638,1.44686963976232E-14));
#1425=DIRECTION('center_axis',(0.0299865091056708,0.999550303522367,0.));
#1426=DIRECTION('ref_axis',(0.999550303522367,-0.0299865091056708,-2.40561828505991E-15));
#1427=DIRECTION('center_axis',(0.0678433271326193,0.997695987244399,0.));
#1428=DIRECTION('ref_axis',(0.997695987244399,-0.0678433271326193,3.64363505465414E-17));
#1429=DIRECTION('center_axis',(0.103442089710951,0.994635477989917,0.));
#1430=DIRECTION('ref_axis',(0.994635477989917,-0.103442089710951,-4.06835287442852E-16));
#1431=DIRECTION('center_axis',(0.165678217500113,0.9861798660721,0.));
#1432=DIRECTION('ref_axis',(-0.9861798660721,0.165678217500113,0.));
#1433=DIRECTION('',(0.,0.,1.));
#1434=DIRECTION('center_axis',(-0.165678217500113,-0.9861798660721,0.));
#1435=DIRECTION('ref_axis',(-0.9861798660721,0.165678217500113,0.));
#1436=DIRECTION('center_axis',(0.134759454564217,0.990878342383945,0.));
#1437=DIRECTION('ref_axis',(-0.990878342383945,0.134759454564217,0.));
#1438=DIRECTION('',(0.,0.,1.));
#1439=DIRECTION('center_axis',(-0.134759454564217,-0.990878342383945,0.));
#1440=DIRECTION('ref_axis',(-0.990878342383945,0.134759454564217,0.));
#1441=DIRECTION('center_axis',(0.103442089710951,0.994635477989917,0.));
#1442=DIRECTION('ref_axis',(-0.994635477989917,0.103442089710951,0.));
#1443=DIRECTION('',(0.,0.,1.));
#1444=DIRECTION('center_axis',(-0.103442089710951,-0.994635477989917,0.));
#1445=DIRECTION('ref_axis',(-0.994635477989917,0.103442089710951,0.));
#1446=DIRECTION('center_axis',(0.0678433271326193,0.997695987244399,0.));
#1447=DIRECTION('ref_axis',(-0.997695987244399,0.0678433271326193,0.));
#1448=DIRECTION('',(0.,0.,1.));
#1449=DIRECTION('center_axis',(-0.0678433271326193,-0.997695987244399,0.));
#1450=DIRECTION('ref_axis',(-0.997695987244399,0.0678433271326193,0.));
#1451=DIRECTION('',(0.,0.,1.));
#1452=DIRECTION('center_axis',(0.0299865091056708,0.999550303522367,0.));
#1453=DIRECTION('ref_axis',(-0.999550303522367,0.0299865091056708,0.));
#1454=DIRECTION('',(0.,0.,1.));
#1455=DIRECTION('center_axis',(-0.00999950003749638,0.999950003749688,0.));
#1456=DIRECTION('ref_axis',(-0.999950003749687,-0.00999950003749638,0.));
#1457=DIRECTION('',(0.,0.,1.));
#1458=DIRECTION('center_axis',(-0.0598922907279471,0.998204845465779,0.));
#1459=DIRECTION('ref_axis',(-0.998204845465779,-0.0598922907279471,0.));
#1460=DIRECTION('',(0.,0.,1.));
#1461=DIRECTION('center_axis',(0.,-1.,0.));
#1462=DIRECTION('ref_axis',(-1.,0.,0.));
#1463=DIRECTION('center_axis',(-0.103442089710951,-0.994635477989917,0.));
#1464=DIRECTION('ref_axis',(-0.994635477989917,0.103442089710951,0.));
#1465=DIRECTION('center_axis',(-0.134759454564217,-0.990878342383945,0.));
#1466=DIRECTION('ref_axis',(-0.990878342383945,0.134759454564217,0.));
#1467=DIRECTION('',(0.,-1.,0.));
#1468=DIRECTION('center_axis',(0.134759454564217,0.990878342383945,0.));
#1469=DIRECTION('ref_axis',(-0.990878342383945,0.134759454564217,0.));
#1470=DIRECTION('',(0.,0.,1.));
#1471=DIRECTION('center_axis',(0.103442089710951,0.994635477989917,0.));
#1472=DIRECTION('ref_axis',(-0.994635477989917,0.103442089710951,0.));
#1473=DIRECTION('center_axis',(0.304775727103783,0.952424147199324,0.));
#1474=DIRECTION('ref_axis',(-0.952424147199324,0.304775727103783,0.));
#1475=DIRECTION('',(-0.952424147199324,0.304775727103783,0.));
#1476=DIRECTION('center_axis',(0.,0.,1.));
#1477=DIRECTION('ref_axis',(1.,0.,0.));
#1478=DIRECTION('center_axis',(0.,1.,0.));
#1479=DIRECTION('ref_axis',(-1.,0.,0.));
#1480=DIRECTION('center_axis',(0.,1.,0.));
#1481=DIRECTION('ref_axis',(-1.,0.,0.));
#1482=DIRECTION('center_axis',(0.,1.,0.));
#1483=DIRECTION('ref_axis',(-1.,0.,0.));
#1484=CARTESIAN_POINT('',(0.,0.,0.));
#1485=CARTESIAN_POINT('Origin',(71.4738157355111,10.,21.5292072901066));
#1486=CARTESIAN_POINT('',(71.2949358770436,0.,26.5260064652021));
#1487=CARTESIAN_POINT('',(71.2949358770435,0.54562051934607,26.526006465202));
#1488=CARTESIAN_POINT('',(71.2949358770435,10.,26.526006465202));
#1489=CARTESIAN_POINT('',(67.6096930293817,0.,18.356108534635));
#1490=CARTESIAN_POINT('Origin',(71.4738157355111,0.,21.5292072901066));
#1491=CARTESIAN_POINT('',(67.6096930293818,1.75274314212773,18.356108534635));
#1492=CARTESIAN_POINT('',(67.6096930293817,10.,18.356108534635));
#1493=CARTESIAN_POINT('',(69.35,1.168,26.0557298761096));
#1494=CARTESIAN_POINT('Origin',(71.4738157355111,0.45439791286826,21.5292072901066));
#1495=CARTESIAN_POINT('Origin',(71.4738157355111,0.48837896463644,21.5292072901066));
#1496=CARTESIAN_POINT('Origin',(2.18313089193348,0.,0.));
#1497=CARTESIAN_POINT('',(73.,0.,35.9137346399863));
#1498=CARTESIAN_POINT('Origin',(35.0549659526851,0.,37.9568673199931));
#1499=CARTESIAN_POINT('',(73.,0.,330.));
#1500=CARTESIAN_POINT('',(73.,0.,0.));
#1501=CARTESIAN_POINT('',(67.0128394945904,0.,330.));
#1502=CARTESIAN_POINT('',(2.19,0.,330.));
#1503=CARTESIAN_POINT('',(2.18313089193347,1.49022953865874E-6,277.410097912162));
#1504=CARTESIAN_POINT('Origin',(69.9998287176101,0.,260.063758355331));
#1505=CARTESIAN_POINT('',(2.18313089193348,1.49022953865874E-6,25.3828196509603));
#1506=CARTESIAN_POINT('',(2.18313089193348,1.49022953723406E-6,0.));
#1507=CARTESIAN_POINT('',(36.865,0.,0.));
#1508=CARTESIAN_POINT('Origin',(38.0336541303925,0.,37.9820253215059));
#1509=CARTESIAN_POINT('Origin',(35.0549659526851,0.,37.9568673199931));
#1510=CARTESIAN_POINT('',(44.365,0.,25.));
#1511=CARTESIAN_POINT('Origin',(36.865,0.,25.));
#1512=CARTESIAN_POINT('Origin',(35.0549659526851,10.,37.9568673199931));
#1513=CARTESIAN_POINT('Origin',(35.0549659526851,12.1424108951407,37.9568673199931));
#1514=CARTESIAN_POINT('Origin',(35.0549659526851,10.,37.9568673199931));
#1515=CARTESIAN_POINT('',(36.865,9.17756,0.));
#1516=CARTESIAN_POINT('',(36.865,10.,0.));
#1517=CARTESIAN_POINT('',(40.15,8.7308,0.299987097957959));
#1518=CARTESIAN_POINT('Origin',(35.0549659526851,9.42372463043483,37.9568673199931));
#1519=CARTESIAN_POINT('',(43.8,8.1176,0.976813513768011));
#1520=CARTESIAN_POINT('Origin',(35.0549659526851,9.58676571994891,37.9568673199931));
#1521=CARTESIAN_POINT('',(47.45,7.4095,2.03524248249579));
#1522=CARTESIAN_POINT('Origin',(35.0549659526851,9.81413660517909,37.9568673199931));
#1523=CARTESIAN_POINT('',(51.1,6.5919,3.51043234595689));
#1524=CARTESIAN_POINT('Origin',(35.0549659526851,10.1859876265985,37.9568673199931));
#1525=CARTESIAN_POINT('',(54.75,5.6794,5.4590884131954));
#1526=CARTESIAN_POINT('Origin',(35.0549659526851,10.6031585118287,37.9568673199931));
#1527=CARTESIAN_POINT('',(58.4,4.6647,7.97338211013621));
#1528=CARTESIAN_POINT('Origin',(35.0549659526851,11.1546194651536,37.9568673199931));
#1529=CARTESIAN_POINT('',(62.05,3.5697,11.2123700021464));
#1530=CARTESIAN_POINT('Origin',(35.0549659526851,11.6682102141945,37.9568673199931));
#1531=CARTESIAN_POINT('',(65.7,2.3944,15.4872903716189));
#1532=CARTESIAN_POINT('Origin',(35.0549659526851,12.2621009632354,37.9568673199931));
#1533=CARTESIAN_POINT('Origin',(35.0549659526851,12.6911314398978,37.9568673199931));
#1534=CARTESIAN_POINT('',(46.775,3.5007,1.80938052035822));
#1535=CARTESIAN_POINT('Ctrl Pts',(46.775,3.5007,1.80938052035822));
#1536=CARTESIAN_POINT('Ctrl Pts',(46.775,3.18825139685422,1.80938052035822));
#1537=CARTESIAN_POINT('Ctrl Pts',(46.8372708294385,2.85607405579104,1.82939092751726));
#1538=CARTESIAN_POINT('Ctrl Pts',(47.0867843936518,2.24779203911486,1.91172057454761));
#1539=CARTESIAN_POINT('Ctrl Pts',(47.2739219532118,1.97167502223253,1.97426719231315));
#1540=CARTESIAN_POINT('Ctrl Pts',(47.7144041326596,1.52044917977971,2.12675411073225));
#1541=CARTESIAN_POINT('Ctrl Pts',(48.0025120089072,1.32236878227393,2.22911834105668));
#1542=CARTESIAN_POINT('Ctrl Pts',(48.6269514226934,1.06258894153106,2.46162529441421));
#1543=CARTESIAN_POINT('Ctrl Pts',(48.9631295337261,1.0007,2.59196823871237));
#1544=CARTESIAN_POINT('Ctrl Pts',(49.5939649308121,1.0007,2.8465296094793));
#1545=CARTESIAN_POINT('Ctrl Pts',(49.9335265716992,1.06517018579222,2.98909497033766));
#1546=CARTESIAN_POINT('Ctrl Pts',(50.559697912929,1.3292917201651,3.26219977523197));
#1547=CARTESIAN_POINT('Ctrl Pts',(50.8464004328571,1.52893969586581,3.39252961748516));
#1548=CARTESIAN_POINT('Ctrl Pts',(51.2808291325275,1.97899837156341,3.59448199182587));
#1549=CARTESIAN_POINT('Ctrl Pts',(51.4651608206423,2.25182005990459,3.68261533626199));
#1550=CARTESIAN_POINT('Ctrl Pts',(51.7123629436282,2.8558999747601,3.8020730685677));
#1551=CARTESIAN_POINT('Ctrl Pts',(51.775,3.18733839263059,3.83296863510322));
#1552=CARTESIAN_POINT('Ctrl Pts',(51.775,3.82185382779479,3.83296863510322));
#1553=CARTESIAN_POINT('Ctrl Pts',(51.7092497985455,4.16082681086755,3.80052960548625));
#1554=CARTESIAN_POINT('Ctrl Pts',(51.4509081278409,4.77614646177744,3.67576966496158));
#1555=CARTESIAN_POINT('Ctrl Pts',(51.2585500901451,5.05268381578762,3.5839064565605));
#1556=CARTESIAN_POINT('Ctrl Pts',(50.8168738514045,5.49436005452825,3.37906717906202));
#1557=CARTESIAN_POINT('Ctrl Pts',(50.5341467984863,5.68590748297778,3.25085269861455));
#1558=CARTESIAN_POINT('Ctrl Pts',(49.9191376005036,5.93907429920819,2.98303579165671));
#1559=CARTESIAN_POINT('Ctrl Pts',(49.5867734732852,6.0007,2.84362763648553));
#1560=CARTESIAN_POINT('Ctrl Pts',(48.9631295337261,6.0007,2.59196823871237));
#1561=CARTESIAN_POINT('Ctrl Pts',(48.6269514226934,5.93881105846894,2.46162529441422));
#1562=CARTESIAN_POINT('Ctrl Pts',(48.0025120089072,5.67903121772607,2.22911834105668));
#1563=CARTESIAN_POINT('Ctrl Pts',(47.7144041326596,5.48095082022028,2.12675411073225));
#1564=CARTESIAN_POINT('Ctrl Pts',(47.2739219532118,5.02972497776747,1.97426719231315));
#1565=CARTESIAN_POINT('Ctrl Pts',(47.0867843936518,4.75360796088514,1.91172057454761));
#1566=CARTESIAN_POINT('Ctrl Pts',(46.8372708294385,4.14532594420896,1.82939092751726));
#1567=CARTESIAN_POINT('Ctrl Pts',(46.775,3.81314860314578,1.80938052035822));
#1568=CARTESIAN_POINT('Ctrl Pts',(46.775,3.5007,1.80938052035822));
#1569=CARTESIAN_POINT('Origin',(72.,5.00000149022954,52.065392593131));
#1570=CARTESIAN_POINT('',(72.,4.00000149022954,50.));
#1571=CARTESIAN_POINT('',(72.,6.00000149022954,50.));
#1572=CARTESIAN_POINT('',(72.,4.00000149022954,50.));
#1573=CARTESIAN_POINT('',(72.,4.00000149022954,55.));
#1574=CARTESIAN_POINT('',(72.,4.00000149022954,55.));
#1575=CARTESIAN_POINT('',(72.,6.00000149022954,55.));
#1576=CARTESIAN_POINT('',(72.,6.00000149022954,55.));
#1577=CARTESIAN_POINT('',(72.,6.00000149022954,49.130785186262));
#1578=CARTESIAN_POINT('Origin',(70.,3.00000149022954,50.));
#1579=CARTESIAN_POINT('',(70.,6.00000149022954,50.));
#1580=CARTESIAN_POINT('',(70.,6.00000149022954,50.));
#1581=CARTESIAN_POINT('',(70.,7.00000149022954,50.));
#1582=CARTESIAN_POINT('',(70.,4.00000149022954,50.));
#1583=CARTESIAN_POINT('',(73.,7.00000149022954,50.));
#1584=CARTESIAN_POINT('',(70.,7.00000149022954,50.));
#1585=CARTESIAN_POINT('',(73.,3.00000149022954,50.));
#1586=CARTESIAN_POINT('',(73.,3.00000149022954,50.));
#1587=CARTESIAN_POINT('',(70.,3.00000149022954,50.));
#1588=CARTESIAN_POINT('',(70.,3.00000149022954,50.));
#1589=CARTESIAN_POINT('',(70.,4.00000149022954,50.));
#1590=CARTESIAN_POINT('',(70.,4.00000149022954,50.));
#1591=CARTESIAN_POINT('',(70.,4.00000149022954,50.));
#1592=CARTESIAN_POINT('Origin',(73.,5.00000149022954,53.5));
#1593=CARTESIAN_POINT('',(73.,7.00000149022954,57.));
#1594=CARTESIAN_POINT('',(73.,7.00000149022954,50.));
#1595=CARTESIAN_POINT('',(73.,3.00000149022954,57.));
#1596=CARTESIAN_POINT('',(73.,7.00000149022954,57.));
#1597=CARTESIAN_POINT('',(73.,3.00000149022954,57.));
#1598=CARTESIAN_POINT('Origin',(70.,6.00000149022954,55.));
#1599=CARTESIAN_POINT('',(67.,6.00000149022954,55.));
#1600=CARTESIAN_POINT('',(70.,6.00000149022954,55.));
#1601=CARTESIAN_POINT('',(67.,6.00000149022954,29.));
#1602=CARTESIAN_POINT('',(67.,6.00000149022954,29.));
#1603=CARTESIAN_POINT('',(70.,6.00000149022954,29.));
#1604=CARTESIAN_POINT('',(70.,6.00000149022954,29.));
#1605=CARTESIAN_POINT('',(70.,6.00000149022954,48.5));
#1606=CARTESIAN_POINT('Origin',(70.,4.00000149022954,55.));
#1607=CARTESIAN_POINT('',(67.,4.00000149022954,55.));
#1608=CARTESIAN_POINT('',(70.,4.00000149022954,55.));
#1609=CARTESIAN_POINT('',(67.,6.00000149022954,55.));
#1610=CARTESIAN_POINT('Origin',(70.,4.00000149022954,29.));
#1611=CARTESIAN_POINT('',(70.,4.00000149022954,29.));
#1612=CARTESIAN_POINT('',(70.,4.00000149022954,35.5));
#1613=CARTESIAN_POINT('',(67.,4.00000149022954,29.));
#1614=CARTESIAN_POINT('',(70.,4.00000149022954,29.));
#1615=CARTESIAN_POINT('',(67.,4.00000149022954,55.));
#1616=CARTESIAN_POINT('Origin',(70.,6.00000149022954,29.));
#1617=CARTESIAN_POINT('',(70.,5.50000149022954,29.));
#1618=CARTESIAN_POINT('',(67.,4.00000149022954,29.));
#1619=CARTESIAN_POINT('Origin',(67.,5.00000149022954,42.));
#1620=CARTESIAN_POINT('Origin',(70.,3.00000149022954,57.));
#1621=CARTESIAN_POINT('',(63.819250030343,3.00000149022954,57.));
#1622=CARTESIAN_POINT('',(62.05,3.5697,57.));
#1623=CARTESIAN_POINT('',(67.5596791836006,1.79558330288061,57.));
#1624=CARTESIAN_POINT('',(70.,3.00000149022954,57.));
#1625=CARTESIAN_POINT('',(49.2781183471896,7.00000149022954,57.));
#1626=CARTESIAN_POINT('',(70.,7.00000149022954,57.));
#1627=CARTESIAN_POINT('',(51.1,6.5919,57.));
#1628=CARTESIAN_POINT('',(60.4815633123346,4.49042981803705,57.));
#1629=CARTESIAN_POINT('',(54.75,5.6794,57.));
#1630=CARTESIAN_POINT('',(62.2416939423259,3.80647651441852,57.));
#1631=CARTESIAN_POINT('',(58.4,4.6647,57.));
#1632=CARTESIAN_POINT('',(63.9987029352131,3.10826058401076,57.));
#1633=CARTESIAN_POINT('',(65.775187868317,2.45214363950489,57.));
#1634=CARTESIAN_POINT('Origin',(70.,3.00000149022954,57.));
#1635=CARTESIAN_POINT('',(46.8256529436779,3.00000149022954,57.));
#1636=CARTESIAN_POINT('',(46.775,3.5007,57.));
#1637=CARTESIAN_POINT('Origin',(49.275,3.5007,57.));
#1638=CARTESIAN_POINT('',(51.7243470563221,3.00000149022954,57.));
#1639=CARTESIAN_POINT('',(70.,3.00000149022954,57.));
#1640=CARTESIAN_POINT('Origin',(49.275,3.5007,57.));
#1641=CARTESIAN_POINT('Origin',(70.,3.00000149022954,27.));
#1642=CARTESIAN_POINT('',(63.819250030343,3.00000149022954,27.));
#1643=CARTESIAN_POINT('',(63.819250030343,3.00000149022954,13.5));
#1644=CARTESIAN_POINT('',(70.,3.00000149022954,27.));
#1645=CARTESIAN_POINT('',(70.,3.00000149022954,27.));
#1646=CARTESIAN_POINT('',(70.,3.00000149022954,57.));
#1647=CARTESIAN_POINT('Origin',(70.,7.00000149022954,27.));
#1648=CARTESIAN_POINT('',(62.05,3.5697,27.));
#1649=CARTESIAN_POINT('',(66.9761788338628,1.98347041549618,27.));
#1650=CARTESIAN_POINT('',(58.4,4.6647,27.));
#1651=CARTESIAN_POINT('',(65.2247291527207,2.61728125418379,27.));
#1652=CARTESIAN_POINT('',(54.75,5.6794,27.));
#1653=CARTESIAN_POINT('',(63.4825901924266,3.2517399265054,27.));
#1654=CARTESIAN_POINT('',(51.1,6.5919,27.));
#1655=CARTESIAN_POINT('',(61.7711057070318,3.92412357324204,27.));
#1656=CARTESIAN_POINT('',(49.2781183471896,7.00000149022954,27.));
#1657=CARTESIAN_POINT('',(60.0549681511426,4.58598713414407,27.));
#1658=CARTESIAN_POINT('',(70.,7.00000149022954,27.));
#1659=CARTESIAN_POINT('',(70.,7.00000149022954,27.));
#1660=CARTESIAN_POINT('',(70.,1.0007,27.));
#1661=CARTESIAN_POINT('Origin',(70.,3.00000149022954,27.));
#1662=CARTESIAN_POINT('',(51.7243470563221,3.00000149022954,27.));
#1663=CARTESIAN_POINT('',(51.7243470563221,3.00000149022954,0.));
#1664=CARTESIAN_POINT('',(46.8256529436779,3.00000149022954,27.));
#1665=CARTESIAN_POINT('',(46.8256529436779,3.00000149022954,0.));
#1666=CARTESIAN_POINT('',(70.,3.00000149022954,27.));
#1667=CARTESIAN_POINT('Origin',(70.,7.00000149022954,27.));
#1668=CARTESIAN_POINT('',(46.775,3.5007,27.));
#1669=CARTESIAN_POINT('Origin',(49.275,3.5007,27.));
#1670=CARTESIAN_POINT('Origin',(49.275,3.5007,27.));
#1671=CARTESIAN_POINT('Origin',(70.,7.00000149022954,57.));
#1672=CARTESIAN_POINT('',(49.2781183471896,7.00000149022954,28.5));
#1673=CARTESIAN_POINT('',(70.,7.00000149022954,27.));
#1674=CARTESIAN_POINT('Origin',(70.,5.00000149022954,42.));
#1675=CARTESIAN_POINT('Origin',(62.05,3.5697,0.));
#1676=CARTESIAN_POINT('',(62.05,3.5697,0.));
#1677=CARTESIAN_POINT('',(58.4,4.6647,0.));
#1678=CARTESIAN_POINT('Origin',(62.05,3.5697,0.));
#1679=CARTESIAN_POINT('',(58.4,4.6647,329.09595355237));
#1680=CARTESIAN_POINT('',(58.4,4.6647,0.));
#1681=CARTESIAN_POINT('',(62.05,3.5697,329.610866299232));
#1682=CARTESIAN_POINT('Origin',(69.9998287176101,1.18475138471698,260.063758355331));
#1683=CARTESIAN_POINT('',(62.05,3.5697,0.));
#1684=CARTESIAN_POINT('Origin',(58.4,4.6647,0.));
#1685=CARTESIAN_POINT('',(54.75,5.6794,0.));
#1686=CARTESIAN_POINT('Origin',(58.4,4.6647,0.));
#1687=CARTESIAN_POINT('',(54.75,5.6794,328.382443384271));
#1688=CARTESIAN_POINT('',(54.75,5.6794,0.));
#1689=CARTESIAN_POINT('Origin',(69.9998287176101,1.43994761650439,260.063758355331));
#1690=CARTESIAN_POINT('Origin',(51.1,6.5919,0.));
#1691=CARTESIAN_POINT('',(51.1,6.5919,0.));
#1692=CARTESIAN_POINT('',(47.45,7.4095,326.332191449878));
#1693=CARTESIAN_POINT('',(47.45,7.4095,0.));
#1694=CARTESIAN_POINT('',(51.1,6.5919,327.464028936724));
#1695=CARTESIAN_POINT('Origin',(69.9998287176101,2.35833836725535,260.063758355331));
#1696=CARTESIAN_POINT('',(51.1,6.5919,0.));
#1697=CARTESIAN_POINT('Origin',(54.75,5.6794,0.));
#1698=CARTESIAN_POINT('Origin',(54.75,5.6794,0.));
#1699=CARTESIAN_POINT('Origin',(69.9998287176101,1.86694282059748,260.063758355331));
#1700=CARTESIAN_POINT('Origin',(25.55,5.0645,0.));
#1701=CARTESIAN_POINT('',(22.05,5.0645,3.507066283967));
#1702=CARTESIAN_POINT('Ctrl Pts',(22.05,5.0645,3.507066283967));
#1703=CARTESIAN_POINT('Ctrl Pts',(22.05,4.62515618356399,3.507066283967));
#1704=CARTESIAN_POINT('Ctrl Pts',(22.1379103407107,4.1601199917229,3.46591481759015));
#1705=CARTESIAN_POINT('Ctrl Pts',(22.4860340401599,3.31168155540541,3.30771114168893));
#1706=CARTESIAN_POINT('Ctrl Pts',(22.7459600595563,2.92802517318728,3.19139065495674));
#1707=CARTESIAN_POINT('Ctrl Pts',(23.3552274482946,2.30067456231634,2.92974895488146));
#1708=CARTESIAN_POINT('Ctrl Pts',(23.7542013095208,2.02314802048668,2.76388704009016));
#1709=CARTESIAN_POINT('Ctrl Pts',(24.6279018138269,1.65503524301522,2.42213440954827));
#1710=CARTESIAN_POINT('Ctrl Pts',(25.1028070625275,1.5645,2.24664552179468));
#1711=CARTESIAN_POINT('Ctrl Pts',(25.985439167415,1.5645,1.9396466237273));
#1712=CARTESIAN_POINT('Ctrl Pts',(26.4547779182766,1.65077401856427,1.78621010368056));
#1713=CARTESIAN_POINT('Ctrl Pts',(27.3255867439547,2.01172420091623,1.51910297092257));
#1714=CARTESIAN_POINT('Ctrl Pts',(27.7268272740171,2.28664486271757,1.40501467463418));
#1715=CARTESIAN_POINT('Ctrl Pts',(28.3461688490124,2.9159135831936,1.23627173161796));
#1716=CARTESIAN_POINT('Ctrl Pts',(28.6107339319349,3.30501548313525,1.16842060572746));
#1717=CARTESIAN_POINT('Ctrl Pts',(28.962687766825,4.16037577870068,1.0801217650697));
#1718=CARTESIAN_POINT('Ctrl Pts',(29.05,4.62661815720587,1.05921450670633));
#1719=CARTESIAN_POINT('Ctrl Pts',(29.05,5.50238184279412,1.05921450670633));
#1720=CARTESIAN_POINT('Ctrl Pts',(28.962687766825,5.96862422129932,1.0801217650697));
#1721=CARTESIAN_POINT('Ctrl Pts',(28.6107339319349,6.82398451686475,1.16842060572746));
#1722=CARTESIAN_POINT('Ctrl Pts',(28.3461688490124,7.21308641680639,1.23627173161796));
#1723=CARTESIAN_POINT('Ctrl Pts',(27.7268272740171,7.84235513728243,1.40501467463418));
#1724=CARTESIAN_POINT('Ctrl Pts',(27.3255867439547,8.11727579908376,1.51910297092257));
#1725=CARTESIAN_POINT('Ctrl Pts',(26.4547779182766,8.47822598143572,1.78621010368056));
#1726=CARTESIAN_POINT('Ctrl Pts',(25.985439167415,8.5645,1.9396466237273));
#1727=CARTESIAN_POINT('Ctrl Pts',(25.1028070625275,8.5645,2.24664552179468));
#1728=CARTESIAN_POINT('Ctrl Pts',(24.6279018138269,8.47396475698478,2.42213440954827));
#1729=CARTESIAN_POINT('Ctrl Pts',(23.7542013095208,8.10585197951331,2.76388704009016));
#1730=CARTESIAN_POINT('Ctrl Pts',(23.3552274482946,7.82832543768366,2.92974895488146));
#1731=CARTESIAN_POINT('Ctrl Pts',(22.7459600595563,7.20097482681272,3.19139065495674));
#1732=CARTESIAN_POINT('Ctrl Pts',(22.4860340401599,6.81731844459459,3.30771114168893));
#1733=CARTESIAN_POINT('Ctrl Pts',(22.1379103407107,5.9688800082771,3.46591481759014));
#1734=CARTESIAN_POINT('Ctrl Pts',(22.05,5.50384381643601,3.507066283967));
#1735=CARTESIAN_POINT('Ctrl Pts',(22.05,5.0645,3.507066283967));
#1736=CARTESIAN_POINT('',(22.05,5.0645,300.));
#1737=CARTESIAN_POINT('',(22.05,5.0645,0.));
#1738=CARTESIAN_POINT('Origin',(25.55,5.0645,300.));
#1739=CARTESIAN_POINT('Origin',(25.55,5.0645,300.));
#1740=CARTESIAN_POINT('Origin',(49.275,3.5007,0.));
#1741=CARTESIAN_POINT('',(46.775,3.5007,0.));
#1742=CARTESIAN_POINT('',(46.775,3.5007,320.));
#1743=CARTESIAN_POINT('',(46.775,3.5007,0.));
#1744=CARTESIAN_POINT('Origin',(49.275,3.5007,320.));
#1745=CARTESIAN_POINT('Origin',(49.275,3.5007,320.));
#1746=CARTESIAN_POINT('Origin',(69.9998287176101,10.,260.063758355331));
#1747=CARTESIAN_POINT('',(0.365000000000002,0.511,267.204530685346));
#1748=CARTESIAN_POINT('Ctrl Pts',(2.18313089193348,2.98045907446741E-6,
277.410097912162));
#1749=CARTESIAN_POINT('Ctrl Pts',(1.64686862599743,0.000468729844844579,
275.31354400088));
#1750=CARTESIAN_POINT('Ctrl Pts',(1.20794918629773,0.0532853980459337,273.187669001897));
#1751=CARTESIAN_POINT('Ctrl Pts',(0.612277169714608,0.265982391607311,269.44940838588));
#1752=CARTESIAN_POINT('Ctrl Pts',(0.456772633051717,0.385332562809224,268.099471916935));
#1753=CARTESIAN_POINT('Ctrl Pts',(0.365000000000006,0.510999999999991,267.204530685346));
#1754=CARTESIAN_POINT('',(67.0128394945904,1.95328592981762,330.));
#1755=CARTESIAN_POINT('',(67.0128394945904,10.,330.));
#1756=CARTESIAN_POINT('',(65.7,2.3944,329.931572640588));
#1757=CARTESIAN_POINT('Origin',(69.9998287176101,0.949657550883016,260.063758355331));
#1758=CARTESIAN_POINT('Origin',(69.9998287176101,1.00985515292956,260.063758355331));
#1759=CARTESIAN_POINT('',(43.8,8.1176,324.975767838691));
#1760=CARTESIAN_POINT('Origin',(69.9998287176101,3.03483322878366,260.063758355331));
#1761=CARTESIAN_POINT('',(40.15,8.7308,323.380325899137));
#1762=CARTESIAN_POINT('Origin',(69.9998287176101,3.71602877544151,260.063758355331));
#1763=CARTESIAN_POINT('',(36.5,9.2272,321.527255456381));
#1764=CARTESIAN_POINT('Origin',(69.9998287176101,4.67122329440503,260.063758355331));
#1765=CARTESIAN_POINT('',(32.85,9.6068,319.392421126813));
#1766=CARTESIAN_POINT('Origin',(69.9998287176101,5.74321781336856,260.063758355331));
#1767=CARTESIAN_POINT('',(29.2,9.855,316.944106249957));
#1768=CARTESIAN_POINT('Origin',(69.9998287176101,7.08061164720251,260.063758355331));
#1769=CARTESIAN_POINT('',(25.55,9.9645,314.139748655788));
#1770=CARTESIAN_POINT('Origin',(69.9998287176101,8.63100513847171,260.063758355331));
#1771=CARTESIAN_POINT('',(21.9,9.928,310.920483351506));
#1772=CARTESIAN_POINT('Origin',(69.9998287176101,10.4089982871761,260.063758355331));
#1773=CARTESIAN_POINT('',(18.25,9.709,307.201378444788));
#1774=CARTESIAN_POINT('Origin',(69.9998287176101,12.8139897230566,260.063758355331));
#1775=CARTESIAN_POINT('',(0.139927453431739,1.85284672257038,264.490291463674));
#1776=CARTESIAN_POINT('Ctrl Pts',(0.139927453431724,1.85284672257028,264.490291463674));
#1777=CARTESIAN_POINT('Ctrl Pts',(0.203095055376266,2.32544226966799,265.487207634169));
#1778=CARTESIAN_POINT('Ctrl Pts',(0.354722137679011,2.77944195243739,267.439488662769));
#1779=CARTESIAN_POINT('Ctrl Pts',(0.86274157502943,3.68499983365048,271.126153344099));
#1780=CARTESIAN_POINT('Ctrl Pts',(1.07288097025216,4.03625079488672,272.36251572255));
#1781=CARTESIAN_POINT('Ctrl Pts',(1.79615794342004,4.91111797890344,275.973555686334));
#1782=CARTESIAN_POINT('Ctrl Pts',(2.37058728360084,5.39228429802638,278.275068778346));
#1783=CARTESIAN_POINT('Ctrl Pts',(3.53714897618685,6.17759563649808,282.098694400402));
#1784=CARTESIAN_POINT('Ctrl Pts',(4.09705115726565,6.49261951753031,283.730144796129));
#1785=CARTESIAN_POINT('Ctrl Pts',(5.39457350396853,7.03454013403698,287.069402666384));
#1786=CARTESIAN_POINT('Ctrl Pts',(6.17934939849507,7.32292033845458,288.880679485825));
#1787=CARTESIAN_POINT('Ctrl Pts',(7.4979176690435,7.75975248591121,291.60527300604));
#1788=CARTESIAN_POINT('Ctrl Pts',(8.02725194399413,7.91448573184549,292.63280448216));
#1789=CARTESIAN_POINT('Ctrl Pts',(10.0700891935716,8.45048510240149,296.368426767331));
#1790=CARTESIAN_POINT('Ctrl Pts',(11.7791030626336,8.81038634537114,299.051417963528));
#1791=CARTESIAN_POINT('Ctrl Pts',(15.1102334624855,9.36372295226562,303.577147548204));
#1792=CARTESIAN_POINT('Ctrl Pts',(16.6223190364428,9.53587278391872,305.414436063922));
#1793=CARTESIAN_POINT('Ctrl Pts',(18.25,9.709,307.201378444788));
#1794=CARTESIAN_POINT('Ctrl Pts',(0.365000000000002,0.510999999999996,267.204530685346));
#1795=CARTESIAN_POINT('Ctrl Pts',(0.271992471071353,0.65187663161389,266.297547092105));
#1796=CARTESIAN_POINT('Ctrl Pts',(0.199217205758238,0.797899152103964,265.410311680252));
#1797=CARTESIAN_POINT('Ctrl Pts',(0.13573197810665,1.03377720638489,264.425925215458));
#1798=CARTESIAN_POINT('Ctrl Pts',(0.126119537577803,1.07363623260946,264.269512631766));
#1799=CARTESIAN_POINT('Ctrl Pts',(0.108333019675047,1.16650525667797,263.96278695203));
#1800=CARTESIAN_POINT('Ctrl Pts',(0.100096060123874,1.21526610206402,263.81120699063));
#1801=CARTESIAN_POINT('Ctrl Pts',(0.0920750955044661,1.3077316735788,263.656361866144));
#1802=CARTESIAN_POINT('Ctrl Pts',(0.0905465202679104,1.32828812698978,263.62645635554));
#1803=CARTESIAN_POINT('Ctrl Pts',(0.0887611131853273,1.36409485198951,263.591188706216));
#1804=CARTESIAN_POINT('Ctrl Pts',(0.0882533931065149,1.37681113936402,263.581100318852));
#1805=CARTESIAN_POINT('Ctrl Pts',(0.0875103564748849,1.40432232903574,263.566299215595));
#1806=CARTESIAN_POINT('Ctrl Pts',(0.0872738261137318,1.41910695169599,263.561567461545));
#1807=CARTESIAN_POINT('Ctrl Pts',(0.0872738261137318,1.43574155295555,263.561567461545));
#1808=CARTESIAN_POINT('Ctrl Pts',(0.0872738261137318,1.45237615421511,263.561567461545));
#1809=CARTESIAN_POINT('Ctrl Pts',(0.0875103564748849,1.46716077687536,263.566299215595));
#1810=CARTESIAN_POINT('Ctrl Pts',(0.0882533931065148,1.49467196654708,263.581100318852));
#1811=CARTESIAN_POINT('Ctrl Pts',(0.0887611131853273,1.50738825392159,263.591188706216));
#1812=CARTESIAN_POINT('Ctrl Pts',(0.0905465202679105,1.54319497892132,263.62645635554));
#1813=CARTESIAN_POINT('Ctrl Pts',(0.0920750955044661,1.5637514323323,263.656361866144));
#1814=CARTESIAN_POINT('Ctrl Pts',(0.100096060123874,1.65621700384708,263.81120699063));
#1815=CARTESIAN_POINT('Ctrl Pts',(0.108333019675039,1.70497784923309,263.96278695203));
#1816=CARTESIAN_POINT('Ctrl Pts',(0.12451531625509,1.78947072742279,264.241848089536));
#1817=CARTESIAN_POINT('Ctrl Pts',(0.132280880796946,1.82304250885179,264.369612639818));
#1818=CARTESIAN_POINT('Ctrl Pts',(0.139927453431743,1.8528467225704,264.490291463674));
#1819=CARTESIAN_POINT('Origin',(43.8,8.1176,0.));
#1820=CARTESIAN_POINT('',(43.8,8.1176,27.8558317527474));
#1821=CARTESIAN_POINT('',(43.8,8.1176,0.));
#1822=CARTESIAN_POINT('',(40.15,8.7308,31.742312288822));
#1823=CARTESIAN_POINT('Origin',(36.865,9.28268,25.));
#1824=CARTESIAN_POINT('',(40.15,8.7308,0.));
#1825=CARTESIAN_POINT('Origin',(47.45,7.4095,0.));
#1826=CARTESIAN_POINT('',(43.8,8.1176,22.1441682472526));
#1827=CARTESIAN_POINT('',(43.8,8.1176,0.));
#1828=CARTESIAN_POINT('',(44.365,8.00799,25.));
#1829=CARTESIAN_POINT('Origin',(36.865,9.46299,25.));
#1830=CARTESIAN_POINT('Origin',(36.865,9.46299,25.));
#1831=CARTESIAN_POINT('Origin',(65.7,2.3944,0.));
#1832=CARTESIAN_POINT('',(65.7,2.3944,0.));
#1833=CARTESIAN_POINT('Origin',(69.35,1.168,0.));
#1834=CARTESIAN_POINT('',(69.35,1.168,330.));
#1835=CARTESIAN_POINT('',(69.35,1.168,330.));
#1836=CARTESIAN_POINT('',(69.35,1.168,0.));
#1837=CARTESIAN_POINT('Origin',(75.3602312482839,10.,40.4478570148887));
#1838=CARTESIAN_POINT('',(0.365000000000002,2.72056504388349,32.9747809690839));
#1839=CARTESIAN_POINT('',(0.139927453431739,1.85284672257038,35.7534483641523));
#1840=CARTESIAN_POINT('Ctrl Pts',(0.365000000000002,2.72056504388349,32.9747809690839));
#1841=CARTESIAN_POINT('Ctrl Pts',(0.305705887516144,2.57178051834807,33.5698205016851));
#1842=CARTESIAN_POINT('Ctrl Pts',(0.190083809599095,2.22809716510175,34.9497739018621));
#1843=CARTESIAN_POINT('Ctrl Pts',(0.139927453431738,1.85284672257039,35.7534483641523));
#1844=CARTESIAN_POINT('',(0.365000000000002,0.510999999999997,32.9747809690839));
#1845=CARTESIAN_POINT('',(0.365000000000002,10.,32.9747809690839));
#1846=CARTESIAN_POINT('',(0.0872738261137374,1.43574155295555,36.6910689598985));
#1847=CARTESIAN_POINT('Ctrl Pts',(0.0872738261137374,1.43574155295555,36.6910689598985));
#1848=CARTESIAN_POINT('Ctrl Pts',(0.0872738261137374,1.41991495417058,36.6910689598985));
#1849=CARTESIAN_POINT('Ctrl Pts',(0.0874898863903428,1.40565802753018,36.6867363992542));
#1850=CARTESIAN_POINT('Ctrl Pts',(0.0881793839151861,1.3790556116275,36.672961779952));
#1851=CARTESIAN_POINT('Ctrl Pts',(0.0886536732030139,1.36671687222878,36.6635067320824));
#1852=CARTESIAN_POINT('Ctrl Pts',(0.0903236299358079,1.33198377629978,36.6303877576549));
#1853=CARTESIAN_POINT('Ctrl Pts',(0.0917579630110921,1.31201698512853,36.6021797899015));
#1854=CARTESIAN_POINT('Ctrl Pts',(0.0992174678014173,1.22306661475911,36.4571995037249));
#1855=CARTESIAN_POINT('Ctrl Pts',(0.10684811598175,1.17618217875754,36.3149746692629));
#1856=CARTESIAN_POINT('Ctrl Pts',(0.123223728727373,1.0872817600408,36.0268733496678));
#1857=CARTESIAN_POINT('Ctrl Pts',(0.132028995097525,1.04926303562654,35.8797819931397));
#1858=CARTESIAN_POINT('Ctrl Pts',(0.193237838438923,0.811884480345756,34.9007091639734));
#1859=CARTESIAN_POINT('Ctrl Pts',(0.267408058196627,0.660313847683206,33.9598941682278));
#1860=CARTESIAN_POINT('Ctrl Pts',(0.362074997236627,0.515442086613207,33.0041782867666));
#1861=CARTESIAN_POINT('Ctrl Pts',(0.363535309609476,0.513218537046959,32.9894797081133));
#1862=CARTESIAN_POINT('Ctrl Pts',(0.365000000000002,0.510999999999997,32.9747809690839));
#1863=CARTESIAN_POINT('Ctrl Pts',(0.139927453431738,1.85284672257038,35.7534483641523));
#1864=CARTESIAN_POINT('Ctrl Pts',(0.131674516288069,1.82067906861822,35.8856883298931));
#1865=CARTESIAN_POINT('Ctrl Pts',(0.12305923252807,1.78330832395885,36.0297673831811));
#1866=CARTESIAN_POINT('Ctrl Pts',(0.10684811598175,1.69530092715356,36.3149746692629));
#1867=CARTESIAN_POINT('Ctrl Pts',(0.0992174678014173,1.64841649115199,36.4571995037249));
#1868=CARTESIAN_POINT('Ctrl Pts',(0.0917579630110921,1.55946612078257,36.6021797899015));
#1869=CARTESIAN_POINT('Ctrl Pts',(0.0903236299358078,1.53949932961132,36.6303877576549));
#1870=CARTESIAN_POINT('Ctrl Pts',(0.0886536732030139,1.50476623368233,36.6635067320824));
#1871=CARTESIAN_POINT('Ctrl Pts',(0.0881793839151861,1.49242749428361,36.672961779952));
#1872=CARTESIAN_POINT('Ctrl Pts',(0.0874898863903427,1.46582507838092,36.6867363992542));
#1873=CARTESIAN_POINT('Ctrl Pts',(0.0872738261137374,1.45156815174052,36.6910689598985));
#1874=CARTESIAN_POINT('Ctrl Pts',(0.0872738261137374,1.43574155295555,36.6910689598985));
#1875=CARTESIAN_POINT('Origin',(1.76568741309878,1.43574155295555,0.));
#1876=CARTESIAN_POINT('',(0.139927453431737,1.85284672257038,0.));
#1877=CARTESIAN_POINT('',(0.365,0.511,0.));
#1878=CARTESIAN_POINT('Origin',(38.0336541303925,10.,37.9820253215059));
#1879=CARTESIAN_POINT('',(36.5,9.2272,0.0129865529469964));
#1880=CARTESIAN_POINT('Origin',(38.0336541303925,9.01862303826662,37.9820253215059));
#1881=CARTESIAN_POINT('Ctrl Pts',(0.365000000000002,0.510999999999998,32.9747809690839));
#1882=CARTESIAN_POINT('Ctrl Pts',(0.455649954368834,0.386869885518349,32.2928366624507));
#1883=CARTESIAN_POINT('Ctrl Pts',(0.610201818837332,0.266533118692827,31.2688495855749));
#1884=CARTESIAN_POINT('Ctrl Pts',(1.20747237754182,0.0536987037737406,28.4745670106723));
#1885=CARTESIAN_POINT('Ctrl Pts',(1.64607086241474,0.000469422710858483,
26.9110019484936));
#1886=CARTESIAN_POINT('Ctrl Pts',(2.18313089193348,2.98045907438796E-6,
25.3828196509603));
#1887=CARTESIAN_POINT('',(18.25,9.709,5.53811943382028));
#1888=CARTESIAN_POINT('Ctrl Pts',(18.25,9.709,5.53811943382026));
#1889=CARTESIAN_POINT('Ctrl Pts',(17.2712270768039,9.60489346121101,6.13495586441956));
#1890=CARTESIAN_POINT('Ctrl Pts',(16.0131353757452,9.47869715171021,6.95961451556896));
#1891=CARTESIAN_POINT('Ctrl Pts',(14.5851107298117,9.2677525643524,8.07941987664416));
#1892=CARTESIAN_POINT('Ctrl Pts',(13.8107911527658,9.15337181880425,8.68661332812315));
#1893=CARTESIAN_POINT('Ctrl Pts',(13.0003740065154,9.01591324584842,9.36822400113389));
#1894=CARTESIAN_POINT('Ctrl Pts',(12.1301193327915,8.84921739010064,10.1790239549363));
#1895=CARTESIAN_POINT('Ctrl Pts',(11.1548003079215,8.6623966301706,11.087710393727));
#1896=CARTESIAN_POINT('Ctrl Pts',(10.028676098023,8.42903567136594,12.2300437924816));
#1897=CARTESIAN_POINT('Ctrl Pts',(8.84076173160762,8.12688335676397,13.6555986748945));
#1898=CARTESIAN_POINT('Ctrl Pts',(8.15195207679315,7.95168097062699,14.4822036846789));
#1899=CARTESIAN_POINT('Ctrl Pts',(7.44298039400438,7.74866803709436,15.4039827925274));
#1900=CARTESIAN_POINT('Ctrl Pts',(6.73526743496324,7.50549805744204,16.4318283325367));
#1901=CARTESIAN_POINT('Ctrl Pts',(6.46402915700954,7.41230065913482,16.825760718136));
#1902=CARTESIAN_POINT('Ctrl Pts',(6.19640798803607,7.31533921481838,17.2304758658528));
#1903=CARTESIAN_POINT('Ctrl Pts',(5.9357982330888,7.21986746159192,17.6417291880686));
#1904=CARTESIAN_POINT('Ctrl Pts',(5.66438939927875,7.12043957482598,18.0700239178867));
#1905=CARTESIAN_POINT('Ctrl Pts',(5.34959428098417,7.00590984602072,18.5840801338631));
#1906=CARTESIAN_POINT('Ctrl Pts',(4.99073388523651,6.86331839725385,19.2159542976539));
#1907=CARTESIAN_POINT('Ctrl Pts',(4.6058952852258,6.71040463422182,19.8935703607738));
#1908=CARTESIAN_POINT('Ctrl Pts',(4.17508536927828,6.52119611441628,20.6988914259415));
#1909=CARTESIAN_POINT('Ctrl Pts',(3.72239456352241,6.26553480179079,21.6499260401868));
#1910=CARTESIAN_POINT('Ctrl Pts',(3.36249678061582,6.06227920565544,22.4060166096933));
#1911=CARTESIAN_POINT('Ctrl Pts',(2.99198781078013,5.81910815095097,23.2569360937133));
#1912=CARTESIAN_POINT('Ctrl Pts',(2.67543769578388,5.5859297892978,24.0609430875928));
#1913=CARTESIAN_POINT('Ctrl Pts',(2.11818290210245,5.17544262262736,25.4763169265758));
#1914=CARTESIAN_POINT('Ctrl Pts',(1.68237181798131,4.77374537196755,26.8430017595641));
#1915=CARTESIAN_POINT('Ctrl Pts',(1.36206027753611,4.38603820753226,28.0223965989508));
#1916=CARTESIAN_POINT('Ctrl Pts',(1.11812504889027,4.09077742587979,28.9205720109565));
#1917=CARTESIAN_POINT('Ctrl Pts',(0.932118910764526,3.79044947527677,29.7176683428809));
#1918=CARTESIAN_POINT('Ctrl Pts',(0.756017731731587,3.49047380475331,30.6078932010982));
#1919=CARTESIAN_POINT('Ctrl Pts',(0.620214869425744,3.25914341331067,31.294402425543));
#1920=CARTESIAN_POINT('Ctrl Pts',(0.497366729613625,3.03380854716288,32.0214512058625));
#1921=CARTESIAN_POINT('Ctrl Pts',(0.399371653810826,2.80390431019084,32.7226734153434));
#1922=CARTESIAN_POINT('Ctrl Pts',(0.387624854927052,2.77634538631519,32.8067298457316));
#1923=CARTESIAN_POINT('Ctrl Pts',(0.376169276492237,2.74859169668015,32.890756387206));
#1924=CARTESIAN_POINT('Ctrl Pts',(0.365000000000001,2.72056504388349,32.9747809690839));
#1925=CARTESIAN_POINT('',(21.9,9.928,3.57700818154698));
#1926=CARTESIAN_POINT('Origin',(38.0336541303925,10.8960192478236,37.9820253215059));
#1927=CARTESIAN_POINT('',(25.55,9.9645,2.0911019626296));
#1928=CARTESIAN_POINT('Origin',(38.0336541303925,10.0893365413039,37.9820253215059));
#1929=CARTESIAN_POINT('',(29.2,9.855,1.02304055860152));
#1930=CARTESIAN_POINT('Origin',(38.0336541303925,9.58999037608823,37.9820253215059));
#1931=CARTESIAN_POINT('',(32.85,9.6068,0.337241753839272));
#1932=CARTESIAN_POINT('Origin',(38.0336541303925,9.25431151913331,37.9820253215059));
#1933=CARTESIAN_POINT('Origin',(38.0336541303925,9.06769997043918,37.9820253215059));
#1934=CARTESIAN_POINT('Origin',(43.8,8.1176,0.));
#1935=CARTESIAN_POINT('',(40.15,8.7308,18.257687711178));
#1936=CARTESIAN_POINT('',(40.15,8.7308,0.));
#1937=CARTESIAN_POINT('Origin',(36.865,9.28268,25.));
#1938=CARTESIAN_POINT('Origin',(40.15,8.7308,0.));
#1939=CARTESIAN_POINT('',(36.5,9.2272,17.5088869318372));
#1940=CARTESIAN_POINT('',(36.5,9.2272,0.));
#1941=CARTESIAN_POINT('Origin',(36.865,9.17756,25.));
#1942=CARTESIAN_POINT('Origin',(36.5,9.2272,0.));
#1943=CARTESIAN_POINT('',(32.85,9.6068,18.6651933731171));
#1944=CARTESIAN_POINT('',(32.85,9.6068,0.));
#1945=CARTESIAN_POINT('Origin',(36.865,9.18924,25.));
#1946=CARTESIAN_POINT('Origin',(32.85,9.6068,0.));
#1947=CARTESIAN_POINT('',(32.85,9.6068,31.3348066268829));
#1948=CARTESIAN_POINT('',(32.85,9.6068,0.));
#1949=CARTESIAN_POINT('Origin',(36.865,9.33378,25.));
#1950=CARTESIAN_POINT('',(29.2,9.855,0.));
#1951=CARTESIAN_POINT('Origin',(29.2,9.855,0.));
#1952=CARTESIAN_POINT('',(25.55,9.9645,0.));
#1953=CARTESIAN_POINT('Origin',(25.55,9.9645,0.));
#1954=CARTESIAN_POINT('',(21.9,9.928,0.));
#1955=CARTESIAN_POINT('Origin',(21.9,9.928,0.));
#1956=CARTESIAN_POINT('',(18.25,9.709,0.));
#1957=CARTESIAN_POINT('Ctrl Pts',(18.25,9.709,0.));
#1958=CARTESIAN_POINT('Ctrl Pts',(18.25,9.709,330.));
#1959=CARTESIAN_POINT('Ctrl Pts',(15.4935695776924,9.41581408948045,0.));
#1960=CARTESIAN_POINT('Ctrl Pts',(15.4935695776924,9.41581408948045,330.));
#1961=CARTESIAN_POINT('Ctrl Pts',(13.8932166749663,9.23586499546285,0.));
#1962=CARTESIAN_POINT('Ctrl Pts',(13.8932166749663,9.23586499546285,330.));
#1963=CARTESIAN_POINT('Ctrl Pts',(8.26997205183907,8.18206636059203,0.));
#1964=CARTESIAN_POINT('Ctrl Pts',(8.26997205183907,8.18206636059203,330.));
#1965=CARTESIAN_POINT('Ctrl Pts',(5.59370952880345,7.06067472074282,0.));
#1966=CARTESIAN_POINT('Ctrl Pts',(5.59370952880345,7.06067472074282,330.));
#1967=CARTESIAN_POINT('Ctrl Pts',(3.80172563363578,6.49082980854864,0.));
#1968=CARTESIAN_POINT('Ctrl Pts',(3.80172563363578,6.49082980854864,330.));
#1969=CARTESIAN_POINT('Ctrl Pts',(1.03745755793058,4.42334647428626,0.));
#1970=CARTESIAN_POINT('Ctrl Pts',(1.03745755793058,4.42334647428626,330.));
#1971=CARTESIAN_POINT('Ctrl Pts',(0.833440687125883,3.46817774504048,0.));
#1972=CARTESIAN_POINT('Ctrl Pts',(0.833440687125883,3.46817774504048,330.));
#1973=CARTESIAN_POINT('Ctrl Pts',(0.261936359774256,2.7656701331274,0.));
#1974=CARTESIAN_POINT('Ctrl Pts',(0.261936359774256,2.7656701331274,330.));
#1975=CARTESIAN_POINT('Ctrl Pts',(0.139927453431736,1.85284672257038,0.));
#1976=CARTESIAN_POINT('Ctrl Pts',(0.139927453431736,1.85284672257038,330.));
#1977=CARTESIAN_POINT('Origin',(36.865,10.,25.));
#1978=CARTESIAN_POINT('',(36.5,9.2272,32.4911130681628));
#1979=CARTESIAN_POINT('Origin',(36.865,9.18924,25.));
#1980=CARTESIAN_POINT('Origin',(36.865,9.17756,25.));
#1981=CARTESIAN_POINT('',(44.365,10.,25.));
#1982=CARTESIAN_POINT('Origin',(40.15,8.7308,0.));
#1983=CARTESIAN_POINT('',(36.5,9.2272,0.));
#1984=CARTESIAN_POINT('Origin',(36.5,9.2272,0.));
#1985=CARTESIAN_POINT('Origin',(73.,0.,0.));
#1986=CARTESIAN_POINT('',(73.,0.,330.));
#1987=CARTESIAN_POINT('Ctrl Pts',(0.365,0.511,0.));
#1988=CARTESIAN_POINT('Ctrl Pts',(0.365,0.511,330.));
#1989=CARTESIAN_POINT('Ctrl Pts',(0.526184554965445,0.290284419944355,0.));
#1990=CARTESIAN_POINT('Ctrl Pts',(0.526184554965445,0.290284419944355,330.));
#1991=CARTESIAN_POINT('Ctrl Pts',(0.950581797071258,0.00107346223698147,
0.));
#1992=CARTESIAN_POINT('Ctrl Pts',(0.950581797071258,0.00107346223698147,
330.));
#1993=CARTESIAN_POINT('Ctrl Pts',(2.18313089193348,2.98045907446813E-6,
0.));
#1994=CARTESIAN_POINT('Ctrl Pts',(2.18313089193348,2.98045907446813E-6,
330.));
#1995=CARTESIAN_POINT('Origin',(36.5436369130569,4.98225,330.));
#1996=CARTESIAN_POINT('Origin',(36.865,0.,25.));
#1997=CARTESIAN_POINT('',(32.85,0.,31.3348066268829));
#1998=CARTESIAN_POINT('',(36.5,0.,32.4911130681628));
#1999=CARTESIAN_POINT('polyline point',(36.865,0.,25.));
#2000=CARTESIAN_POINT('polyline point',(36.5,0.,64.9983346528327));
#2001=CARTESIAN_POINT('polyline point',(36.5,0.,32.4911130681628));
#2002=CARTESIAN_POINT('polyline point',(36.5,0.,321.527255456381));
#2003=CARTESIAN_POINT('polyline point',(36.5,0.,64.9983346528327));
#2004=CARTESIAN_POINT('polyline point',(73.,0.,64.9983346528327));
#2005=CARTESIAN_POINT('polyline point',(73.,0.,35.9137346399863));
#2006=CARTESIAN_POINT('polyline point',(73.,0.,330.));
#2007=CARTESIAN_POINT('polyline point',(73.,0.,64.9983346528327));
#2008=CARTESIAN_POINT('polyline point',(123.,0.,64.9983346528327));
#2009=CARTESIAN_POINT('polyline point',(36.865,0.,25.));
#2010=CARTESIAN_POINT('polyline point',(36.865,0.,330.));
#2011=CARTESIAN_POINT('polyline point',(36.865,0.,330.));
#2012=CARTESIAN_POINT('polyline point',(73.,0.,330.));
#2013=CARTESIAN_POINT('',(0.,0.,0.));
#2014=CARTESIAN_POINT('',(0.,10.,0.));
#2015=CARTESIAN_POINT('polyline point',(70.,0.,0.));
#2016=CARTESIAN_POINT('polyline point',(70.,10.0683803,0.));
#2017=CARTESIAN_POINT('',(0.,0.,0.));
#2018=CARTESIAN_POINT('',(0.,10.,0.));
#2019=CARTESIAN_POINT('Origin',(36.865,5.,25.));
#2020=CARTESIAN_POINT('',(32.85,5.,18.6651933731171));
#2021=CARTESIAN_POINT('',(32.85,5.,31.3348066268829));
#2022=CARTESIAN_POINT('Origin',(36.865,5.,25.));
#2023=CARTESIAN_POINT('',(0.,5.,0.));
#2024=UNCERTAINTY_MEASURE_WITH_UNIT(LENGTH_MEASURE(0.01),#2028,
'DISTANCE_ACCURACY_VALUE',
'Maximum model space distance between geometric entities at asserted c
onnectivities');
#2025=UNCERTAINTY_MEASURE_WITH_UNIT(LENGTH_MEASURE(0.01),#2028,
'DISTANCE_ACCURACY_VALUE',
'Maximum model space distance between geometric entities at asserted c
onnectivities');
#2026=(
GEOMETRIC_REPRESENTATION_CONTEXT(3)
GLOBAL_UNCERTAINTY_ASSIGNED_CONTEXT((#2024))
GLOBAL_UNIT_ASSIGNED_CONTEXT((#2028,#2030,#2031))
REPRESENTATION_CONTEXT('','3D')
);
#2027=(
GEOMETRIC_REPRESENTATION_CONTEXT(3)
GLOBAL_UNCERTAINTY_ASSIGNED_CONTEXT((#2025))
GLOBAL_UNIT_ASSIGNED_CONTEXT((#2028,#2030,#2031))
REPRESENTATION_CONTEXT('','3D')
);
#2028=(
LENGTH_UNIT()
NAMED_UNIT(*)
SI_UNIT(.MILLI.,.METRE.)
);
#2029=(
LENGTH_UNIT()
NAMED_UNIT(*)
SI_UNIT(.CENTI.,.METRE.)
);
#2030=(
NAMED_UNIT(*)
PLANE_ANGLE_UNIT()
SI_UNIT($,.RADIAN.)
);
#2031=(
NAMED_UNIT(*)
SI_UNIT($,.STERADIAN.)
SOLID_ANGLE_UNIT()
);
#2032=SHAPE_DEFINITION_REPRESENTATION(#2033,#2034);
#2033=PRODUCT_DEFINITION_SHAPE('',$,#2036);
#2034=SHAPE_REPRESENTATION('',(#1073),#2026);
#2035=PRODUCT_DEFINITION_CONTEXT('part definition',#2040,'design');
#2036=PRODUCT_DEFINITION('wing ready for torsiom WITH COOKIE ',
'wing ready for torsiom WITH COOKIE ',#2037,#2035);
#2037=PRODUCT_DEFINITION_FORMATION('',$,#2042);
#2038=PRODUCT_RELATED_PRODUCT_CATEGORY(
'wing ready for torsiom WITH COOKIE ',
'wing ready for torsiom WITH COOKIE ',(#2042));
#2039=APPLICATION_PROTOCOL_DEFINITION('international standard',
'automotive_design',2009,#2040);
#2040=APPLICATION_CONTEXT(
'Core Data for Automotive Mechanical Design Process');
#2041=PRODUCT_CONTEXT('part definition',#2040,'mechanical');
#2042=PRODUCT('wing ready for torsiom WITH COOKIE ',
'wing ready for torsiom WITH COOKIE ',$,(#2041));
#2043=PRESENTATION_STYLE_ASSIGNMENT((#2046));
#2044=PRESENTATION_STYLE_ASSIGNMENT((#2047));
#2045=PRESENTATION_STYLE_ASSIGNMENT((#2048));
#2046=SURFACE_STYLE_USAGE(.BOTH.,#2051);
#2047=SURFACE_STYLE_USAGE(.BOTH.,#2052);
#2048=SURFACE_STYLE_USAGE(.BOTH.,#2053);
#2049=SURFACE_STYLE_RENDERING_WITH_PROPERTIES($,#2063,(#2050));
#2050=SURFACE_STYLE_TRANSPARENT(0.);
#2051=SURFACE_SIDE_STYLE('',(#2054,#2049));
#2052=SURFACE_SIDE_STYLE('',(#2055));
#2053=SURFACE_SIDE_STYLE('',(#2056));
#2054=SURFACE_STYLE_FILL_AREA(#2057);
#2055=SURFACE_STYLE_FILL_AREA(#2058);
#2056=SURFACE_STYLE_FILL_AREA(#2059);
#2057=FILL_AREA_STYLE('',(#2060));
#2058=FILL_AREA_STYLE('',(#2061));
#2059=FILL_AREA_STYLE('',(#2062));
#2060=FILL_AREA_STYLE_COLOUR('',#2063);
#2061=FILL_AREA_STYLE_COLOUR('',#2064);
#2062=FILL_AREA_STYLE_COLOUR('',#2065);
#2063=COLOUR_RGB('',0.749019607843137,0.749019607843137,0.749019607843137);
#2064=COLOUR_RGB('',0.913725490196078,0.913725490196078,0.);
#2065=COLOUR_RGB('',1.,1.,1.);
ENDSEC;
END-ISO-10303-21;
